dockerfiles-laptop-clientapp-0-1,dockerfiles-laptop-clientapp-1-1,dockerfiles-laptop-supernode-0-1,dockerfiles-laptop-supernode-1-1,dockerfiles-serverapp-1,dockerfiles-superlink-1,dockerfiles-desktop-clientapp-0-1,dockerfiles-desktop-clientapp-1-1,dockerfiles-desktop-clientapp-2-1,dockerfiles-desktop-supernode-0-1,dockerfiles-desktop-supernode-1-1,dockerfiles-desktop-supernode-2-1
0,0,4096,4096,4096,4096,0,4096,0,4096,4096,4096
0,0,4096,4096,4096,4096,0,4096,0,4096,4096,4096
0,0,4096,4096,4096,4096,0,4096,0,4096,4096,4096
0,0,4096,4096,4096,4096,0,4096,0,4096,4096,4096
0,0,4096,4096,4096,4096,0,4096,0,4096,4096,4096
0,0,4096,4096,122880,114688,0,4096,0,4096,4096,4096
0,0,4096,4096,151552,114688,0,4096,0,4096,4096,4096
0,0,4096,4096,155648,114688,0,4096,0,4096,4096,4096
0,0,4096,4096,155648,114688,0,4096,0,4096,4096,4096
0,0,4096,4096,155648,114688,0,4096,0,4096,4096,4096
118784,0,4096,114688,155648,114688,0,4096,118784,4096,4096,4096
118784,118784,114688,114688,155648,114688,118784,122880,147456,114688,114688,118784
147456,147456,114688,114688,155648,114688,118784,122880,147456,114688,114688,118784
151552,147456,114688,114688,155648,114688,147456,151552,147456,114688,114688,118784
151552,167936,114688,114688,155648,114688,147456,155648,151552,114688,114688,118784
167936,167936,114688,114688,155648,114688,167936,176128,167936,114688,114688,118784
167936,167936,114688,114688,155648,114688,167936,176128,167936,114688,114688,118784
167936,10653696,114688,114688,155648,114688,167936,176128,15736832,114688,114688,118784
167936,10653696,114688,114688,155648,114688,167936,176128,39645184,114688,114688,118784
10653696,38965248,114688,114688,155648,114688,38928384,10661888,39645184,114688,114688,118784
39624704,39645184,114688,114688,155648,114688,38928384,10661888,39645184,114688,114688,118784
39624704,39645184,114688,114688,155648,114688,39645184,39653376,39645184,114688,114688,118784
39645184,39645184,114688,114688,155648,114688,39645184,39653376,39645184,114688,114688,118784
39645184,39645184,114688,114688,155648,114688,39645184,39653376,39645184,114688,114688,118784
39645184,39645184,114688,114688,155648,114688,39645184,39653376,39645184,114688,114688,118784
39645184,39645184,114688,114688,155648,114688,39645184,39653376,39645184,114688,114688,118784
39645184,39645184,114688,114688,155648,114688,39645184,39653376,39645184,114688,114688,118784
39645184,39645184,114688,114688,155648,114688,39645184,39653376,39645184,114688,114688,118784
39645184,39645184,114688,114688,155648,114688,39645184,39653376,39645184,114688,114688,118784
39645184,39645184,114688,114688,155648,114688,39645184,39653376,39645184,114688,114688,118784
39645184,39645184,114688,114688,155648,114688,39645184,39653376,39645184,114688,114688,118784
39645184,39645184,114688,114688,155648,114688,39645184,39653376,39645184,114688,114688,118784
39645184,39645184,114688,114688,155648,114688,39645184,39653376,39645184,114688,114688,118784
39645184,39645184,114688,114688,155648,114688,39645184,39653376,39645184,114688,114688,118784
39645184,39645184,114688,114688,155648,114688,39645184,39653376,39645184,114688,114688,118784
39645184,39645184,114688,114688,155648,114688,39645184,39653376,39645184,114688,114688,118784
39645184,39645184,114688,114688,155648,114688,39645184,39653376,39645184,114688,114688,118784
39645184,39645184,114688,114688,155648,114688,39645184,39653376,39645184,114688,114688,118784
39645184,39645184,114688,114688,155648,114688,39645184,39653376,39645184,114688,114688,118784
39645184,39645184,114688,114688,155648,114688,39645184,39653376,39645184,114688,114688,118784
39645184,39645184,114688,114688,155648,114688,39645184,39653376,39645184,114688,114688,118784
39645184,39645184,114688,114688,155648,114688,39645184,39653376,39645184,114688,114688,118784
39645184,39645184,114688,114688,155648,114688,39645184,39653376,39645184,114688,114688,118784
39645184,39645184,114688,114688,155648,114688,39645184,39653376,39645184,114688,114688,118784
39645184,39645184,114688,114688,155648,114688,39645184,39653376,39645184,114688,114688,118784
39645184,39645184,114688,114688,155648,114688,39645184,39653376,39645184,114688,114688,118784
39645184,39645184,114688,114688,155648,114688,39645184,39653376,39645184,114688,114688,118784
39645184,39645184,114688,114688,155648,114688,39645184,39653376,39645184,114688,114688,118784
39645184,39645184,114688,114688,155648,114688,39645184,39653376,39645184,114688,114688,118784
39645184,39645184,114688,114688,155648,114688,39645184,39653376,39645184,114688,114688,118784
39645184,39645184,114688,114688,155648,114688,39645184,39653376,39645184,114688,114688,118784
39645184,39645184,114688,114688,155648,114688,39645184,39653376,39645184,114688,114688,118784
39645184,39645184,114688,114688,155648,114688,39645184,39653376,39645184,114688,114688,118784
39645184,39645184,114688,114688,155648,114688,39645184,39653376,39645184,114688,114688,118784
39645184,39645184,114688,114688,155648,114688,39645184,39653376,39645184,114688,114688,118784
39645184,39645184,114688,114688,155648,114688,39645184,39653376,39645184,114688,114688,118784
39645184,39645184,114688,114688,155648,114688,39645184,39653376,39645184,114688,114688,118784
39645184,39645184,114688,114688,155648,114688,39645184,39653376,39645184,114688,114688,118784
39645184,39645184,114688,114688,155648,114688,39645184,39653376,39645184,114688,114688,118784
39645184,39645184,114688,114688,155648,114688,39645184,39653376,39645184,114688,114688,118784
39645184,39645184,114688,114688,155648,114688,39645184,39653376,39645184,114688,114688,118784
39645184,39645184,114688,114688,155648,114688,39645184,39653376,39645184,114688,114688,118784
39645184,39645184,114688,114688,155648,114688,39645184,39653376,39645184,114688,114688,118784
39645184,39645184,114688,114688,155648,114688,39645184,39653376,39645184,114688,114688,118784
39645184,39645184,114688,114688,155648,114688,39645184,39653376,39645184,114688,114688,118784
39645184,39645184,114688,114688,155648,114688,39645184,39653376,39645184,114688,114688,118784
39645184,39645184,114688,114688,155648,114688,39645184,39653376,39645184,114688,114688,118784
39645184,39645184,114688,114688,155648,114688,39645184,39653376,39645184,114688,114688,118784
39645184,39645184,114688,114688,155648,114688,39645184,39653376,39645184,114688,114688,118784
39645184,39645184,114688,114688,155648,114688,39645184,39653376,39645184,114688,114688,118784
39645184,39645184,114688,114688,155648,114688,39645184,39653376,39645184,114688,114688,118784
39645184,39645184,114688,114688,155648,114688,39645184,39653376,39645184,114688,114688,118784
39645184,39645184,114688,114688,155648,114688,39645184,39653376,39645184,114688,114688,118784
39645184,39645184,114688,114688,155648,114688,39645184,39653376,39645184,114688,114688,118784
39645184,39645184,114688,114688,155648,114688,39645184,39653376,39645184,114688,114688,118784
39645184,39645184,114688,114688,155648,114688,39645184,39653376,39645184,114688,114688,118784
39645184,39645184,114688,114688,155648,114688,39645184,39653376,39645184,114688,114688,118784
39645184,39645184,114688,114688,155648,114688,39645184,39653376,39645184,114688,114688,118784
39645184,39645184,114688,114688,155648,114688,39645184,39653376,39645184,114688,114688,118784
39645184,39645184,114688,114688,155648,114688,39645184,39653376,39645184,114688,114688,118784
39645184,39645184,114688,114688,155648,114688,39645184,39653376,39645184,114688,114688,118784
39645184,39645184,114688,114688,155648,114688,39645184,39653376,39645184,114688,114688,118784
39645184,39645184,114688,114688,155648,114688,39645184,39653376,39645184,114688,114688,118784
39645184,39645184,114688,114688,155648,114688,39645184,39653376,39645184,114688,114688,118784
39645184,39645184,114688,114688,155648,114688,39645184,39653376,39645184,114688,114688,118784
39645184,39645184,114688,114688,155648,114688,39645184,39653376,39645184,114688,114688,118784
39645184,39645184,114688,114688,155648,114688,39645184,39653376,39645184,114688,114688,118784
39645184,39645184,114688,114688,155648,114688,39645184,39653376,39645184,114688,114688,118784
39645184,39645184,114688,114688,155648,114688,39645184,39653376,39645184,114688,114688,118784
39645184,39645184,114688,114688,155648,114688,39645184,39653376,39645184,114688,114688,118784
39645184,39645184,114688,114688,155648,114688,39645184,39653376,39645184,114688,114688,118784
39645184,39645184,114688,114688,155648,114688,39645184,39653376,39645184,114688,114688,118784
39645184,39645184,114688,114688,155648,114688,39645184,39653376,39645184,114688,114688,118784
39645184,39645184,114688,114688,155648,114688,39645184,39653376,39645184,114688,114688,118784
39645184,39645184,114688,114688,155648,114688,39645184,39653376,39645184,114688,114688,118784
39645184,39645184,114688,114688,155648,114688,39645184,39653376,39645184,114688,114688,118784
39645184,39645184,114688,114688,155648,114688,39645184,39653376,39645184,114688,114688,118784
39645184,39645184,114688,114688,155648,114688,39645184,39653376,39645184,114688,114688,118784
39645184,39645184,114688,114688,155648,114688,39645184,39653376,39645184,114688,114688,118784
39645184,39645184,114688,114688,155648,114688,39645184,39653376,39645184,114688,114688,118784
39645184,39645184,114688,114688,155648,114688,39645184,39653376,39645184,114688,114688,118784
39645184,39645184,114688,114688,155648,114688,39645184,39653376,39645184,114688,114688,118784
39645184,39645184,114688,114688,155648,114688,39645184,39653376,39645184,114688,114688,118784
39645184,39645184,114688,114688,155648,114688,39645184,39653376,39645184,114688,114688,118784
39645184,39645184,114688,114688,155648,114688,39645184,39653376,39645184,114688,114688,118784
39645184,39645184,114688,114688,155648,114688,39645184,39653376,39645184,114688,114688,118784
39645184,39645184,114688,114688,155648,114688,39645184,39653376,39645184,114688,114688,118784
39645184,39645184,114688,114688,155648,114688,39645184,39653376,39645184,114688,114688,118784
39645184,39645184,114688,114688,155648,114688,39645184,39653376,39645184,114688,114688,118784
39645184,39645184,114688,114688,155648,114688,39645184,39653376,39645184,114688,114688,118784
39645184,39645184,114688,114688,155648,114688,39645184,39653376,39645184,114688,114688,118784
39645184,39645184,114688,114688,155648,114688,39645184,39653376,39645184,114688,114688,118784
39645184,39645184,114688,114688,155648,114688,39645184,39653376,39645184,114688,114688,118784
39645184,39645184,114688,114688,155648,114688,39645184,39653376,39645184,114688,114688,118784
39645184,39645184,114688,114688,155648,114688,39645184,39653376,39645184,114688,114688,118784
39645184,39645184,114688,114688,155648,114688,39645184,39653376,39645184,114688,114688,118784
39645184,39645184,114688,114688,155648,114688,39645184,39653376,39645184,114688,114688,118784
39645184,39645184,114688,114688,155648,114688,39645184,39653376,39645184,114688,114688,118784
39645184,39645184,114688,114688,155648,114688,39645184,39653376,39645184,114688,114688,118784
39645184,39645184,114688,114688,155648,114688,39645184,39653376,39645184,114688,114688,118784
39645184,39645184,114688,114688,155648,114688,39645184,39653376,39645184,114688,114688,118784
39645184,39645184,114688,114688,155648,114688,39645184,39653376,39645184,114688,114688,118784
39645184,39645184,114688,114688,155648,114688,39645184,39653376,39645184,114688,114688,118784
39645184,39645184,114688,114688,155648,114688,39645184,39653376,39645184,114688,114688,118784
39645184,39645184,114688,114688,155648,114688,39645184,39653376,39645184,114688,114688,118784
39645184,39645184,114688,114688,155648,114688,39645184,39653376,39645184,114688,114688,118784
39645184,39645184,114688,114688,155648,114688,39645184,39653376,39645184,114688,114688,118784
39645184,39645184,114688,114688,155648,114688,39645184,39653376,39645184,114688,114688,118784
39645184,39645184,114688,114688,155648,114688,39645184,39653376,39645184,114688,114688,118784
39645184,39645184,114688,114688,155648,114688,39645184,39653376,39645184,114688,114688,118784
39645184,39645184,114688,114688,155648,114688,39645184,39653376,39645184,114688,114688,118784
39645184,39645184,114688,114688,155648,114688,39645184,39653376,39649280,114688,114688,118784
39645184,39645184,114688,114688,155648,114688,39645184,39653376,39649280,114688,114688,118784
39645184,39645184,114688,114688,155648,114688,39645184,39653376,39649280,114688,114688,118784
39645184,39645184,114688,114688,155648,114688,39645184,39653376,39649280,114688,114688,118784
39645184,39645184,114688,114688,155648,114688,39649280,39657472,39649280,114688,114688,118784
39645184,39645184,114688,114688,155648,114688,39649280,39657472,39649280,114688,114688,118784
39645184,39645184,114688,114688,155648,114688,39649280,39657472,39649280,114688,114688,118784
39645184,39645184,114688,114688,155648,114688,39649280,39657472,39649280,114688,114688,118784
39645184,39645184,114688,114688,155648,114688,39649280,39657472,39649280,114688,114688,118784
39645184,39645184,114688,114688,155648,114688,39649280,39657472,39649280,114688,114688,118784
39645184,39645184,114688,114688,155648,114688,39649280,39657472,39649280,114688,114688,118784
39645184,39645184,114688,114688,155648,114688,39649280,39657472,39649280,114688,114688,118784
39645184,39645184,114688,114688,155648,114688,39649280,39657472,39649280,114688,114688,118784
39645184,39645184,114688,114688,155648,114688,39649280,39657472,39649280,114688,114688,118784
39645184,39645184,114688,114688,155648,114688,39649280,39657472,39649280,114688,114688,118784
39645184,39645184,114688,114688,155648,114688,39649280,39657472,39649280,114688,114688,118784
39645184,39645184,114688,114688,155648,114688,39649280,39657472,39649280,114688,114688,118784
39645184,39645184,114688,114688,155648,114688,39649280,39657472,39649280,114688,114688,118784
39645184,39645184,114688,114688,155648,114688,39649280,39657472,39649280,114688,114688,118784
39645184,39645184,114688,114688,155648,114688,39649280,39657472,39649280,114688,114688,118784
39645184,39645184,114688,114688,155648,114688,39649280,39657472,39649280,114688,114688,118784
39645184,39645184,114688,114688,155648,114688,39649280,39657472,39649280,114688,114688,118784
39645184,39645184,114688,114688,155648,114688,39649280,39657472,39649280,114688,114688,118784
39645184,39645184,114688,114688,155648,114688,39649280,39657472,39649280,114688,114688,118784
39645184,39645184,114688,114688,155648,114688,39649280,39657472,39649280,114688,114688,118784
39645184,39645184,114688,114688,155648,114688,39649280,39657472,39649280,114688,114688,118784
39645184,39645184,114688,114688,155648,114688,39649280,39657472,39649280,114688,114688,118784
39645184,39645184,114688,114688,155648,114688,39649280,39657472,39649280,114688,114688,118784
39645184,39645184,114688,114688,155648,114688,39649280,39657472,39649280,114688,114688,118784
39645184,39645184,114688,114688,155648,114688,39649280,39657472,39649280,114688,114688,118784
39645184,39645184,114688,114688,155648,114688,39649280,39657472,39649280,114688,114688,118784
39645184,39645184,114688,114688,155648,114688,39649280,39657472,39649280,114688,114688,118784
39645184,39645184,114688,114688,155648,114688,39649280,39657472,39649280,114688,114688,118784
39645184,39645184,114688,114688,155648,114688,39649280,39657472,39649280,114688,114688,118784
39645184,39645184,114688,114688,155648,114688,39649280,39657472,39649280,114688,114688,118784
39645184,39645184,114688,114688,155648,114688,39649280,39657472,39649280,114688,114688,118784
39645184,39645184,114688,114688,155648,114688,39649280,39657472,39649280,114688,114688,118784
39645184,39645184,114688,114688,155648,114688,39649280,39657472,39649280,114688,114688,118784
39645184,39645184,114688,114688,155648,114688,39649280,39657472,39649280,114688,114688,118784
39645184,39645184,114688,114688,155648,114688,39649280,39657472,39649280,114688,114688,118784
39645184,39645184,114688,114688,155648,114688,39649280,39657472,39649280,114688,114688,118784
39645184,39645184,114688,114688,155648,114688,39649280,39657472,39649280,114688,114688,118784
39645184,39645184,114688,114688,155648,114688,39649280,39657472,39649280,114688,114688,118784
39645184,39645184,114688,114688,155648,114688,39649280,39657472,39649280,114688,114688,118784
39645184,39645184,114688,114688,155648,114688,39649280,39657472,39649280,114688,114688,118784
39645184,39645184,114688,114688,155648,114688,39649280,39657472,39649280,114688,114688,118784
39645184,39645184,114688,114688,155648,114688,39649280,39657472,39649280,114688,114688,118784
39645184,39645184,114688,114688,155648,114688,39649280,39657472,39649280,114688,114688,118784
39645184,39645184,114688,114688,155648,114688,39649280,39657472,39649280,114688,114688,118784
39645184,39645184,114688,114688,155648,114688,39649280,39657472,39649280,114688,114688,118784
39645184,39645184,114688,114688,155648,114688,39649280,39657472,39649280,114688,114688,118784
39645184,39645184,114688,114688,155648,114688,39649280,39657472,39649280,114688,114688,118784
39645184,39645184,114688,114688,155648,114688,39649280,39657472,39649280,114688,114688,118784
39645184,39645184,114688,114688,155648,114688,39649280,39657472,39649280,114688,114688,118784
39645184,39645184,114688,114688,155648,114688,39649280,39657472,39649280,114688,114688,118784
39645184,39645184,114688,114688,155648,114688,39649280,39657472,39649280,114688,114688,118784
39645184,39645184,114688,114688,155648,114688,39649280,39657472,39649280,114688,114688,118784
39645184,39645184,114688,114688,155648,114688,39649280,39657472,39649280,114688,114688,118784
39645184,39645184,114688,114688,155648,114688,39649280,39657472,39649280,114688,114688,118784
39645184,39645184,114688,114688,155648,114688,39649280,39657472,39649280,114688,114688,118784
39645184,39645184,114688,114688,155648,114688,39649280,39657472,39649280,114688,114688,118784
39645184,39645184,114688,114688,155648,114688,39649280,39657472,39649280,114688,114688,118784
39645184,39645184,114688,114688,155648,114688,39649280,39657472,39649280,114688,114688,118784
39645184,39645184,114688,114688,155648,114688,39649280,39657472,39649280,114688,114688,118784
39645184,39645184,114688,114688,155648,114688,39649280,39657472,39649280,114688,114688,118784
39645184,39645184,114688,114688,155648,114688,39649280,39657472,39649280,114688,114688,118784
39645184,39645184,114688,114688,155648,114688,39649280,39657472,39649280,114688,114688,118784
39645184,39645184,114688,114688,155648,114688,39649280,39657472,39649280,114688,114688,118784
39645184,39645184,114688,114688,155648,114688,39649280,39657472,39649280,114688,114688,118784
39645184,39645184,114688,114688,155648,114688,39649280,39657472,39649280,114688,114688,118784
39645184,39645184,114688,114688,155648,114688,39649280,39657472,39649280,114688,114688,118784
39645184,39645184,114688,114688,155648,114688,39649280,39657472,39649280,114688,114688,118784
39645184,39645184,114688,114688,155648,114688,39649280,39657472,39649280,114688,114688,118784
39645184,39645184,114688,114688,155648,114688,39649280,39657472,39649280,114688,114688,118784
39645184,39645184,114688,114688,155648,114688,39649280,39657472,39649280,114688,114688,118784
39645184,39645184,114688,114688,155648,114688,39649280,39657472,39649280,114688,114688,118784
39645184,39645184,114688,114688,155648,114688,39649280,39657472,39649280,114688,114688,118784
39645184,39645184,114688,114688,155648,114688,39649280,39657472,39649280,114688,114688,118784
39645184,39645184,114688,114688,155648,114688,39649280,39657472,39649280,114688,114688,118784
39645184,39645184,114688,114688,155648,114688,39649280,39657472,39649280,114688,114688,118784
39645184,39645184,114688,114688,155648,114688,39649280,39657472,39649280,114688,114688,118784
39645184,39645184,114688,114688,155648,114688,39649280,39657472,39649280,114688,114688,118784
39645184,39645184,114688,114688,155648,114688,39649280,39657472,39649280,114688,114688,118784
39645184,39645184,114688,114688,155648,114688,39649280,39657472,39649280,114688,114688,118784
39645184,39645184,114688,114688,155648,114688,39649280,39657472,39649280,114688,114688,118784
39645184,39645184,114688,114688,155648,114688,39649280,39657472,39649280,114688,114688,118784
39645184,39645184,114688,114688,155648,114688,39649280,39657472,39649280,114688,114688,118784
39645184,39645184,114688,114688,155648,114688,39649280,39657472,39649280,114688,114688,118784
39645184,39645184,114688,114688,155648,114688,39649280,39657472,39649280,114688,114688,118784
39645184,39645184,114688,114688,155648,114688,39649280,39657472,39649280,114688,114688,118784
39645184,39645184,114688,114688,155648,114688,39649280,39657472,39649280,114688,114688,118784
39645184,39645184,114688,114688,155648,114688,39649280,39657472,39649280,114688,114688,118784
39645184,39645184,114688,114688,155648,114688,39649280,39657472,39649280,114688,114688,118784
39645184,39645184,114688,114688,155648,114688,39649280,39657472,39649280,114688,114688,118784
39645184,39645184,114688,114688,155648,114688,39649280,39657472,39649280,114688,114688,118784
39645184,39645184,114688,114688,155648,114688,39649280,39657472,39649280,114688,114688,118784
39645184,39645184,114688,114688,155648,114688,39649280,39657472,39649280,114688,114688,118784
39645184,39649280,114688,114688,155648,114688,39649280,39657472,39649280,114688,114688,118784
39645184,39649280,114688,114688,155648,114688,39649280,39657472,39649280,114688,114688,118784
39645184,39649280,114688,114688,155648,114688,39649280,39657472,39649280,114688,114688,118784
39649280,39649280,114688,114688,155648,114688,39649280,39657472,39649280,114688,114688,118784
39649280,39649280,114688,114688,155648,114688,39649280,39657472,39649280,114688,114688,118784
39649280,39649280,114688,114688,155648,114688,39649280,39657472,39649280,114688,114688,118784
39649280,39649280,114688,114688,155648,114688,39649280,39657472,39919616,114688,114688,118784
39649280,39649280,114688,114688,155648,114688,39649280,39657472,39919616,114688,114688,118784
39649280,39649280,114688,114688,155648,114688,39649280,39657472,39919616,114688,114688,118784
39649280,39649280,114688,114688,155648,114688,39649280,39657472,39919616,114688,114688,118784
39649280,39919616,114688,114688,159744,114688,39649280,39657472,39919616,114688,114688,118784
39649280,39919616,114688,114688,159744,114688,39649280,39657472,39919616,114688,114688,118784
39649280,39919616,114688,114688,159744,114688,39649280,39657472,39919616,114688,114688,118784
39649280,39919616,114688,114688,159744,114688,39649280,39657472,39919616,114688,114688,118784
39649280,39919616,114688,114688,159744,114688,39919616,39657472,39919616,114688,114688,118784
39649280,39919616,114688,114688,159744,114688,39919616,39657472,39919616,114688,114688,118784
39649280,39919616,114688,114688,159744,114688,39919616,39657472,39919616,114688,114688,118784
39649280,39919616,114688,114688,159744,114688,39919616,39657472,39919616,114688,114688,118784
39649280,39919616,114688,114688,159744,114688,39919616,39657472,39919616,114688,114688,118784
39649280,39919616,114688,114688,159744,114688,39919616,39657472,39919616,114688,114688,118784
39649280,39919616,114688,114688,159744,114688,39919616,39927808,39919616,114688,114688,118784
39649280,39919616,114688,114688,159744,114688,39919616,39927808,39919616,114688,114688,118784
39649280,39919616,114688,114688,159744,114688,39919616,39927808,39919616,114688,114688,118784
39649280,39919616,114688,114688,159744,114688,39919616,39927808,39919616,114688,114688,118784
39649280,39919616,114688,114688,159744,114688,39919616,39927808,39919616,114688,114688,118784
39649280,39919616,114688,114688,159744,114688,39919616,39927808,39919616,114688,114688,118784
39649280,39919616,114688,114688,159744,114688,39919616,39927808,39919616,114688,114688,118784
40448000,39919616,114688,114688,159744,114688,39919616,39936000,39919616,114688,114688,118784
40448000,40448000,114688,114688,159744,114688,40448000,40464384,39919616,114688,114688,118784
40448000,40448000,114688,114688,159744,114688,40448000,40464384,40448000,114688,114688,118784
40448000,40448000,114688,114688,159744,114688,40448000,40464384,40448000,114688,114688,118784
40448000,40448000,114688,114688,159744,114688,40448000,40464384,40448000,114688,114688,118784
40448000,40448000,114688,114688,159744,114688,40448000,40464384,40448000,114688,114688,118784
40448000,40448000,114688,114688,159744,114688,40448000,40464384,40448000,114688,114688,118784
40448000,40448000,114688,114688,159744,114688,40448000,40464384,40448000,114688,114688,118784
40448000,40448000,114688,114688,159744,114688,40448000,40464384,40448000,114688,114688,118784
40448000,40448000,114688,114688,159744,114688,40448000,40464384,40448000,114688,114688,118784
40448000,40448000,114688,114688,159744,114688,40448000,40464384,40448000,114688,114688,118784
40448000,40448000,114688,114688,159744,114688,40448000,40464384,40448000,114688,114688,118784
40448000,40448000,114688,114688,159744,114688,40448000,40464384,40448000,114688,114688,118784
40509440,40448000,114688,114688,159744,114688,40448000,40464384,40448000,114688,114688,118784
40509440,40448000,114688,114688,159744,114688,40448000,40464384,40448000,114688,114688,118784
40509440,40448000,114688,114688,159744,114688,40448000,40525824,40448000,114688,114688,118784
40509440,40509440,114688,114688,159744,114688,40448000,40525824,40509440,114688,114688,118784
40509440,40509440,114688,114688,159744,114688,40476672,40525824,40509440,114688,114688,118784
40509440,40509440,114688,114688,159744,114688,40509440,40525824,40509440,114688,114688,118784
40509440,40509440,114688,114688,159744,114688,40509440,40525824,40509440,114688,114688,118784
40509440,40509440,114688,114688,159744,114688,40509440,40525824,40509440,114688,114688,118784
40509440,40509440,114688,114688,159744,114688,40509440,40525824,40509440,114688,114688,118784
40509440,40509440,114688,114688,159744,114688,40509440,40525824,40509440,114688,114688,118784
40509440,40509440,114688,114688,159744,114688,40509440,40525824,40509440,114688,114688,118784
40509440,40509440,114688,114688,159744,114688,40509440,40525824,40509440,114688,114688,118784
40509440,40509440,114688,114688,159744,114688,40509440,40525824,40509440,114688,114688,118784
40509440,40509440,114688,114688,159744,114688,40509440,40525824,40509440,114688,114688,118784
40509440,40509440,114688,114688,159744,114688,40509440,40525824,40509440,114688,114688,118784
40509440,40509440,114688,114688,159744,114688,40509440,40525824,40509440,114688,114688,118784
40509440,40509440,114688,114688,159744,114688,40509440,40525824,40509440,114688,114688,118784
40509440,40509440,114688,114688,159744,114688,40509440,40525824,40509440,114688,114688,118784
40509440,40509440,114688,114688,159744,114688,40509440,40525824,40509440,114688,114688,118784
40509440,40509440,114688,114688,159744,114688,40509440,40525824,40509440,114688,114688,118784
40509440,40509440,114688,114688,159744,114688,40509440,40525824,40509440,114688,114688,118784
40509440,40509440,114688,114688,159744,114688,40509440,40525824,40509440,114688,114688,118784
40509440,40509440,114688,114688,159744,114688,40509440,40525824,39981056,114688,114688,118784
40509440,40509440,114688,114688,163840,114688,40509440,40525824,39981056,114688,114688,118784
40509440,39981056,114688,114688,163840,114688,40509440,40525824,39981056,114688,114688,118784
40509440,39981056,114688,114688,163840,114688,40509440,40525824,39981056,114688,114688,118784
40509440,39981056,114688,114688,163840,114688,40509440,40525824,39981056,114688,114688,118784
40509440,39981056,114688,114688,163840,114688,40509440,40525824,39981056,114688,114688,118784
40509440,39981056,114688,114688,163840,114688,39981056,40525824,39981056,114688,114688,118784
40509440,39981056,114688,114688,163840,114688,39981056,40525824,39981056,114688,114688,118784
40509440,39981056,114688,114688,163840,114688,39981056,40525824,39981056,114688,114688,118784
40509440,39981056,114688,114688,163840,114688,39981056,39997440,39981056,114688,114688,118784
40509440,39981056,114688,114688,163840,114688,39981056,39997440,39981056,114688,114688,118784
40509440,39981056,114688,114688,163840,114688,39981056,39997440,39981056,114688,114688,118784
40509440,39981056,114688,114688,163840,114688,39981056,39997440,39981056,114688,114688,118784
40509440,39981056,114688,114688,163840,114688,39981056,39997440,39981056,114688,114688,118784
40509440,39981056,114688,114688,163840,114688,39981056,40525824,39981056,114688,114688,118784
40509440,40509440,114688,114688,163840,114688,39981056,40525824,40509440,114688,114688,118784
40509440,40509440,114688,114688,163840,114688,40509440,40525824,40509440,114688,114688,118784
40509440,40509440,114688,114688,163840,114688,40509440,40525824,40509440,114688,114688,118784
40509440,40509440,114688,114688,163840,114688,40509440,40525824,40509440,114688,114688,118784
40509440,40509440,114688,114688,167936,114688,40509440,40525824,40509440,114688,114688,118784
40509440,40509440,114688,114688,167936,114688,40509440,40525824,40509440,114688,114688,118784
40509440,40509440,114688,114688,167936,114688,40509440,40525824,40509440,114688,114688,118784
40509440,40509440,114688,114688,167936,114688,40509440,40525824,40509440,114688,114688,118784
40509440,40509440,114688,114688,167936,114688,40509440,40525824,40509440,114688,114688,118784
40509440,40509440,114688,114688,167936,114688,40509440,40525824,40509440,114688,114688,118784
40509440,40509440,114688,114688,167936,114688,40509440,40525824,40509440,114688,114688,118784
40509440,40509440,114688,114688,167936,114688,40509440,40525824,40509440,114688,114688,118784
40509440,40509440,114688,114688,167936,114688,40509440,40525824,40509440,114688,114688,118784
40509440,40509440,114688,114688,167936,114688,40509440,40525824,40509440,114688,114688,118784
40509440,40509440,114688,114688,167936,114688,40509440,40525824,40509440,114688,114688,118784
40534016,40509440,114688,114688,167936,114688,40513536,40525824,40509440,114688,114688,118784
40566784,40509440,114688,114688,167936,114688,40513536,40525824,40509440,114688,114688,118784
40566784,40509440,114688,114688,167936,114688,40513536,40525824,40509440,114688,114688,118784
40566784,40509440,114688,114688,167936,114688,40513536,40525824,40509440,114688,114688,118784
40566784,40509440,114688,114688,167936,114688,40513536,40525824,40509440,114688,114688,118784
40566784,40509440,114688,114688,167936,114688,40513536,40525824,40509440,114688,114688,118784
40566784,40509440,114688,114688,167936,114688,40513536,40525824,40509440,114688,114688,118784
40566784,40509440,114688,114688,167936,114688,40513536,40525824,40509440,114688,114688,118784
40566784,40509440,114688,114688,167936,114688,40513536,40525824,40566784,114688,114688,118784
40566784,40566784,114688,114688,167936,114688,40538112,40550400,40566784,114688,114688,118784
40566784,40566784,114688,114688,167936,114688,40538112,40550400,40566784,114688,114688,118784
40566784,40566784,114688,114688,167936,114688,40570880,40583168,40566784,114688,114688,118784
40566784,40566784,114688,114688,167936,114688,40570880,40583168,40566784,114688,114688,118784
40566784,40566784,114688,114688,167936,114688,40570880,40583168,40566784,114688,114688,118784
40566784,40566784,114688,114688,167936,114688,40570880,40583168,40566784,114688,114688,118784
40566784,40566784,114688,114688,167936,114688,40570880,40583168,40566784,114688,114688,118784
40566784,40566784,114688,114688,167936,114688,40570880,40583168,40566784,114688,114688,118784
40566784,40566784,114688,114688,167936,114688,40574976,40583168,40566784,114688,114688,118784
40566784,40566784,114688,114688,167936,114688,40574976,40583168,40566784,114688,114688,118784
40566784,40566784,114688,114688,167936,114688,40574976,40583168,40566784,114688,114688,118784
40566784,40566784,114688,114688,176128,114688,40574976,40583168,40566784,114688,114688,118784
40566784,40566784,114688,114688,176128,114688,40574976,40583168,40566784,114688,114688,118784
40566784,40566784,114688,114688,176128,114688,40574976,40587264,40566784,114688,114688,118784
40566784,40566784,114688,114688,176128,114688,40579072,40587264,40566784,114688,114688,118784
40566784,40570880,114688,114688,176128,114688,40579072,40587264,40570880,114688,114688,118784
40570880,40570880,114688,114688,176128,114688,40579072,40587264,40570880,114688,114688,118784
40570880,40570880,114688,114688,176128,114688,40579072,40587264,40570880,114688,114688,118784
40570880,40570880,114688,114688,212992,114688,40579072,40587264,40570880,114688,114688,118784
40570880,40570880,114688,114688,212992,114688,40579072,40587264,40570880,114688,114688,118784
40570880,40570880,114688,114688,212992,114688,40579072,40587264,40570880,114688,114688,118784
40570880,40570880,114688,114688,212992,114688,40579072,40587264,40570880,114688,114688,118784
40570880,40570880,114688,114688,212992,114688,40579072,40587264,40570880,114688,114688,118784
40570880,40570880,114688,114688,212992,114688,40579072,40587264,40570880,114688,114688,118784
40570880,40570880,114688,114688,212992,114688,40579072,40587264,40570880,114688,114688,118784
40570880,40570880,114688,114688,212992,114688,40579072,40587264,40570880,114688,114688,118784
40570880,40570880,114688,114688,212992,114688,40579072,40587264,40570880,114688,114688,118784
40570880,40570880,114688,114688,212992,114688,40579072,40587264,40570880,114688,114688,118784
40570880,40570880,114688,114688,212992,114688,40579072,40587264,40570880,114688,114688,118784
40570880,40570880,114688,114688,212992,114688,40579072,40587264,40570880,114688,114688,118784
40570880,40570880,114688,114688,212992,114688,40579072,40587264,40570880,114688,114688,118784
40570880,40570880,114688,114688,212992,114688,40579072,40587264,40570880,114688,114688,118784
40570880,40570880,114688,114688,212992,114688,40579072,40587264,40570880,114688,114688,118784
40570880,40570880,114688,114688,212992,114688,40579072,40587264,40570880,114688,114688,118784
40570880,40570880,114688,114688,212992,114688,40579072,40587264,40570880,114688,114688,118784
40570880,40570880,114688,114688,212992,114688,40579072,40587264,40570880,114688,114688,118784
40570880,40570880,114688,114688,212992,114688,40579072,40587264,40570880,114688,114688,118784
40570880,40570880,114688,114688,212992,114688,40579072,40587264,40570880,114688,114688,118784
40570880,40570880,114688,114688,212992,114688,40579072,40587264,40570880,114688,114688,118784
40570880,40570880,114688,114688,212992,114688,40579072,40587264,40570880,114688,114688,118784
40570880,40570880,114688,114688,212992,114688,40579072,40587264,40570880,114688,114688,118784
40570880,40570880,114688,114688,212992,114688,40579072,40587264,40570880,114688,114688,118784
40570880,40570880,114688,114688,212992,114688,40579072,40587264,40570880,114688,114688,118784
40570880,40570880,114688,114688,212992,114688,40579072,40587264,40570880,114688,114688,118784
40570880,40570880,114688,114688,212992,114688,40579072,40587264,40570880,114688,114688,118784
40570880,40570880,114688,114688,212992,114688,40579072,40587264,40570880,114688,114688,118784
40570880,40570880,114688,114688,212992,114688,40579072,40587264,40570880,114688,114688,118784
40570880,40570880,114688,114688,212992,114688,40579072,40587264,40570880,114688,114688,118784
40570880,40570880,114688,114688,212992,114688,40579072,40587264,40570880,114688,114688,118784
40570880,40570880,114688,114688,212992,114688,40579072,40587264,40570880,114688,114688,118784
40570880,40570880,114688,114688,212992,114688,40579072,40587264,40570880,114688,114688,118784
40570880,40570880,114688,114688,212992,114688,40579072,40587264,40570880,114688,114688,118784
40570880,40570880,114688,114688,212992,114688,40579072,40587264,40570880,114688,114688,118784
40570880,40570880,114688,114688,212992,114688,40579072,40587264,40570880,114688,114688,118784
40570880,40570880,114688,114688,212992,114688,40579072,40587264,40570880,114688,114688,118784
40570880,40570880,114688,114688,212992,114688,40579072,40587264,40570880,114688,114688,118784
40570880,40570880,114688,114688,212992,114688,40579072,40587264,40570880,114688,114688,118784
40570880,40570880,114688,114688,212992,114688,40579072,40587264,40570880,114688,114688,118784
40570880,40570880,114688,114688,212992,114688,40579072,40587264,40570880,114688,114688,118784
40570880,40570880,114688,114688,212992,114688,40579072,40587264,40570880,114688,114688,118784
40570880,40570880,114688,114688,212992,114688,40579072,40587264,40570880,114688,114688,118784
40570880,40570880,114688,114688,212992,114688,40579072,40587264,40570880,114688,114688,118784
40570880,40570880,114688,114688,212992,114688,40579072,40587264,40570880,114688,114688,118784
40570880,40570880,114688,114688,212992,114688,40579072,40587264,40570880,114688,114688,118784
40570880,40570880,114688,114688,212992,114688,40579072,40587264,40570880,114688,114688,118784
40570880,40570880,114688,114688,212992,114688,40579072,40587264,40570880,114688,114688,118784
40570880,40570880,114688,114688,212992,114688,40579072,40587264,40570880,114688,114688,118784
40570880,40570880,114688,114688,212992,114688,40579072,40587264,40570880,114688,114688,118784
40570880,40570880,114688,114688,212992,114688,40579072,40587264,40570880,114688,114688,118784
40570880,40570880,114688,114688,212992,114688,40579072,40587264,40570880,114688,114688,118784
40570880,40570880,114688,114688,212992,114688,40579072,40587264,40570880,114688,114688,118784
40570880,40570880,114688,114688,212992,114688,40579072,40587264,40570880,114688,114688,118784
40570880,40570880,114688,114688,212992,114688,40579072,40587264,40570880,114688,114688,118784
40570880,40570880,114688,114688,212992,114688,40579072,40587264,40570880,114688,114688,118784
40570880,40570880,114688,114688,212992,114688,40579072,40587264,40570880,114688,114688,118784
40570880,40570880,114688,114688,212992,114688,40579072,40587264,40570880,114688,114688,118784
40570880,40570880,114688,114688,212992,114688,40579072,40587264,40570880,114688,114688,118784
40570880,40570880,114688,114688,212992,114688,40579072,40587264,40570880,114688,114688,118784
40570880,40570880,114688,114688,212992,114688,40579072,40587264,40570880,114688,114688,118784
40570880,40570880,114688,114688,212992,114688,40579072,40587264,40570880,114688,114688,118784
40570880,40570880,114688,114688,212992,114688,40579072,40587264,40570880,114688,114688,118784
40570880,40570880,114688,114688,212992,114688,40579072,40587264,40570880,114688,114688,118784
40570880,40570880,114688,114688,212992,114688,40579072,40587264,40570880,114688,114688,118784
40570880,40570880,114688,114688,212992,114688,40579072,40587264,40570880,114688,114688,118784
40570880,40570880,114688,114688,212992,114688,40579072,40587264,40570880,114688,114688,118784
40570880,40570880,114688,114688,212992,114688,40579072,40587264,40570880,114688,114688,118784
40570880,40570880,114688,114688,212992,114688,40579072,40587264,40570880,114688,114688,118784
40570880,40570880,114688,114688,212992,114688,40579072,40587264,40570880,114688,114688,118784
40570880,40570880,114688,114688,212992,114688,40579072,40587264,40570880,114688,114688,118784
40570880,40570880,114688,114688,212992,114688,40579072,40587264,40570880,114688,114688,118784
40570880,40570880,114688,114688,212992,114688,40579072,40587264,40570880,114688,114688,118784
40570880,40570880,114688,114688,212992,114688,40579072,40587264,40570880,114688,114688,118784
40570880,40570880,114688,114688,212992,114688,40579072,40587264,40570880,114688,114688,118784
40570880,40570880,114688,114688,212992,114688,40579072,40587264,40570880,114688,114688,118784
40570880,40570880,114688,114688,212992,114688,40579072,40587264,40570880,114688,114688,118784
40570880,40570880,114688,114688,212992,114688,40579072,40587264,40570880,114688,114688,118784
40570880,40570880,114688,114688,212992,114688,40579072,40587264,40570880,114688,114688,118784
40570880,40570880,114688,114688,212992,114688,40579072,40587264,40570880,114688,114688,118784
40570880,40570880,114688,114688,212992,114688,40579072,40587264,40570880,114688,114688,118784
40570880,40570880,114688,114688,212992,114688,40579072,40587264,40570880,114688,114688,118784
40570880,40570880,114688,114688,212992,114688,40579072,40587264,40570880,114688,114688,118784
40570880,40570880,114688,114688,212992,114688,40579072,40587264,40570880,114688,114688,118784
40570880,40570880,114688,114688,212992,114688,40579072,40587264,40570880,114688,114688,118784
40570880,40570880,114688,114688,212992,114688,40579072,40587264,40570880,114688,114688,118784
40570880,40570880,114688,114688,212992,114688,40579072,40587264,40570880,114688,114688,118784
40570880,40570880,114688,114688,212992,114688,40579072,40587264,40570880,114688,114688,118784
40570880,40570880,114688,114688,212992,114688,40579072,40587264,40570880,114688,114688,118784
40570880,40570880,114688,114688,212992,114688,40579072,40587264,40570880,114688,114688,118784
40570880,40570880,114688,114688,212992,114688,40579072,40587264,40570880,114688,114688,118784
40570880,40570880,114688,114688,212992,114688,40579072,40587264,40570880,114688,114688,118784
40570880,40570880,114688,114688,212992,114688,40579072,40587264,40570880,114688,114688,118784
40570880,40570880,114688,114688,212992,114688,40579072,40587264,40570880,114688,114688,118784
40570880,40570880,114688,114688,212992,114688,40579072,40587264,40570880,114688,114688,118784
40570880,40570880,114688,114688,212992,114688,40579072,40587264,40570880,114688,114688,118784
40570880,40570880,114688,114688,212992,114688,40579072,40587264,40570880,114688,114688,118784
40570880,40570880,114688,114688,212992,114688,40579072,40587264,40570880,114688,114688,118784
40570880,40570880,114688,114688,212992,114688,40579072,40587264,40570880,114688,114688,118784
40570880,40570880,114688,114688,212992,114688,40579072,40587264,40570880,114688,114688,118784
40570880,40570880,114688,114688,212992,114688,40579072,40587264,40570880,114688,114688,118784
40570880,40570880,114688,114688,212992,114688,40579072,40587264,40570880,114688,114688,118784
40570880,40570880,114688,114688,212992,114688,40579072,40587264,40570880,114688,114688,118784
40570880,40570880,114688,114688,212992,114688,40579072,40587264,40570880,114688,114688,118784
40570880,40570880,114688,114688,212992,114688,40579072,40587264,40570880,114688,114688,118784
40570880,40570880,114688,114688,212992,114688,40579072,40587264,40570880,114688,114688,118784
40570880,40570880,114688,114688,212992,114688,40579072,40587264,40570880,114688,114688,118784
40570880,40570880,114688,114688,212992,114688,40579072,40587264,40570880,114688,114688,118784
40570880,40570880,114688,114688,212992,114688,40579072,40587264,40570880,114688,114688,118784
40570880,40570880,114688,114688,212992,114688,40579072,40587264,40570880,114688,114688,118784
40570880,40570880,114688,114688,212992,114688,40579072,40587264,40570880,114688,114688,118784
40570880,40570880,114688,114688,212992,114688,40579072,40587264,40570880,114688,114688,118784
40570880,40570880,114688,114688,212992,114688,40579072,40587264,40570880,114688,114688,118784
40570880,40570880,114688,114688,212992,114688,40579072,40587264,40570880,114688,114688,118784
40570880,40570880,114688,114688,212992,114688,40579072,40587264,40570880,114688,114688,118784
40570880,40570880,114688,114688,212992,114688,40579072,40587264,40570880,114688,114688,118784
40570880,40570880,114688,114688,212992,114688,40579072,40587264,40570880,114688,114688,118784
40570880,40570880,114688,114688,212992,114688,40579072,40587264,40570880,114688,114688,118784
40570880,40570880,114688,114688,212992,114688,40579072,40587264,40570880,114688,114688,118784
40570880,40570880,114688,114688,212992,114688,40579072,40587264,40570880,114688,114688,118784
40570880,40570880,114688,114688,212992,114688,40579072,40587264,40570880,114688,114688,118784
40570880,40570880,114688,114688,212992,114688,40579072,40587264,40570880,114688,114688,118784
40570880,40570880,114688,114688,212992,114688,40579072,40587264,40570880,114688,114688,118784
40570880,40570880,114688,114688,212992,114688,40579072,40587264,40570880,114688,114688,118784
40570880,40570880,114688,114688,212992,114688,40579072,40587264,40570880,114688,114688,118784
40570880,40570880,114688,114688,212992,114688,40579072,40587264,40574976,114688,114688,118784
40570880,40570880,114688,114688,212992,114688,40579072,40587264,40574976,114688,114688,118784
40570880,40570880,114688,114688,212992,114688,40579072,40587264,40574976,114688,114688,118784
40570880,40570880,114688,114688,212992,114688,40579072,40591360,40574976,114688,114688,118784
40570880,40570880,114688,114688,212992,114688,40583168,40591360,40574976,114688,114688,118784
40570880,40570880,114688,114688,212992,114688,40583168,40591360,40574976,114688,114688,118784
40570880,40570880,114688,114688,212992,114688,40583168,40591360,40574976,114688,114688,118784
40570880,40570880,114688,114688,212992,114688,40583168,40591360,40574976,114688,114688,118784
40570880,40570880,114688,114688,212992,114688,40583168,40591360,40574976,114688,114688,118784
40570880,40570880,114688,114688,212992,114688,40583168,40591360,40574976,114688,114688,118784
40570880,40570880,114688,114688,212992,114688,40583168,40591360,40574976,114688,114688,118784
40570880,40570880,114688,114688,212992,114688,40583168,40591360,40574976,114688,114688,118784
40570880,40570880,114688,114688,212992,114688,40583168,40591360,40574976,114688,114688,118784
40570880,40570880,114688,114688,212992,114688,40583168,40591360,40574976,114688,114688,118784
40570880,40570880,114688,114688,212992,114688,40583168,40591360,40574976,114688,114688,118784
40570880,40570880,114688,114688,212992,114688,40583168,40591360,40574976,114688,114688,118784
40570880,40570880,114688,114688,212992,114688,40583168,40591360,40574976,114688,114688,118784
40570880,40570880,114688,114688,212992,114688,40583168,40591360,40574976,114688,114688,118784
40570880,40570880,114688,114688,212992,114688,40583168,40591360,40574976,114688,114688,118784
40570880,40570880,114688,114688,212992,114688,40583168,40591360,40574976,114688,114688,118784
40570880,40570880,114688,114688,212992,114688,40583168,40591360,40574976,114688,114688,118784
40570880,40570880,114688,114688,212992,114688,40583168,40591360,40574976,114688,114688,118784
40570880,40570880,114688,114688,212992,114688,40583168,40591360,40574976,114688,114688,118784
40570880,40570880,114688,114688,212992,114688,40583168,40591360,40574976,114688,114688,118784
40570880,40570880,114688,114688,212992,114688,40583168,40591360,40574976,114688,114688,118784
40570880,40570880,114688,114688,212992,114688,40583168,40591360,40574976,114688,114688,118784
40570880,40570880,114688,114688,212992,114688,40583168,40591360,40574976,114688,114688,118784
40570880,40570880,114688,114688,212992,114688,40583168,40591360,40574976,114688,114688,118784
40570880,40570880,114688,114688,212992,114688,40583168,40591360,40574976,114688,114688,118784
40570880,40570880,114688,114688,212992,114688,40583168,40591360,40574976,114688,114688,118784
40570880,40570880,114688,114688,212992,114688,40583168,40591360,40574976,114688,114688,118784
40570880,40570880,114688,114688,212992,114688,40583168,40591360,40574976,114688,114688,118784
40570880,40570880,114688,114688,212992,114688,40583168,40591360,40574976,114688,114688,118784
40570880,40570880,114688,114688,212992,114688,40583168,40591360,40574976,114688,114688,118784
40570880,40570880,114688,114688,212992,114688,40583168,40591360,40574976,114688,114688,118784
40570880,40570880,114688,114688,212992,114688,40583168,40591360,40574976,114688,114688,118784
40570880,40570880,114688,114688,212992,114688,40583168,40591360,40574976,114688,114688,118784
40570880,40570880,114688,114688,212992,114688,40583168,40591360,40574976,114688,114688,118784
40570880,40570880,114688,114688,212992,114688,40583168,40591360,40574976,114688,114688,118784
40570880,40570880,114688,114688,212992,114688,40583168,40591360,40574976,114688,114688,118784
40570880,40570880,114688,114688,212992,114688,40583168,40591360,40574976,114688,114688,118784
40570880,40570880,114688,114688,212992,114688,40583168,40591360,40574976,114688,114688,118784
40570880,40570880,114688,114688,212992,114688,40583168,40591360,40574976,114688,114688,118784
40570880,40570880,114688,114688,212992,114688,40583168,40591360,40574976,114688,114688,118784
40570880,40570880,114688,114688,212992,114688,40583168,40591360,40574976,114688,114688,118784
40570880,40570880,114688,114688,212992,114688,40583168,40591360,40574976,114688,114688,118784
40570880,40570880,114688,114688,212992,114688,40583168,40591360,40574976,114688,114688,118784
40570880,40570880,114688,114688,212992,114688,40583168,40591360,40574976,114688,114688,118784
40570880,40570880,114688,114688,212992,114688,40583168,40591360,40574976,114688,114688,118784
40570880,40570880,114688,114688,212992,114688,40583168,40591360,40574976,114688,114688,118784
40570880,40570880,114688,114688,212992,114688,40583168,40591360,40574976,114688,114688,118784
40570880,40570880,114688,114688,212992,114688,40583168,40591360,40574976,114688,114688,118784
40570880,40570880,114688,114688,212992,114688,40583168,40591360,40574976,114688,114688,118784
40570880,40570880,114688,114688,212992,114688,40583168,40591360,40574976,114688,114688,118784
40570880,40570880,114688,114688,212992,114688,40583168,40591360,40574976,114688,114688,118784
40570880,40570880,114688,114688,212992,114688,40583168,40591360,40574976,114688,114688,118784
40570880,40570880,114688,114688,212992,114688,40583168,40591360,40574976,114688,114688,118784
40570880,40570880,114688,114688,212992,114688,40583168,40591360,40574976,114688,114688,118784
40570880,40570880,114688,114688,212992,114688,40583168,40591360,40574976,114688,114688,118784
40570880,40570880,114688,114688,212992,114688,40583168,40591360,40574976,114688,114688,118784
40570880,40570880,114688,114688,212992,114688,40583168,40591360,40574976,114688,114688,118784
40570880,40570880,114688,114688,212992,114688,40583168,40591360,40574976,114688,114688,118784
40570880,40570880,114688,114688,212992,114688,40583168,40591360,40574976,114688,114688,118784
40570880,40570880,114688,114688,212992,114688,40583168,40591360,40574976,114688,114688,118784
40570880,40570880,114688,114688,212992,114688,40583168,40591360,40574976,114688,114688,118784
40570880,40570880,114688,114688,212992,114688,40583168,40591360,40574976,114688,114688,118784
40570880,40570880,114688,114688,212992,114688,40583168,40591360,40574976,114688,114688,118784
40570880,40570880,114688,114688,212992,114688,40583168,40591360,40574976,114688,114688,118784
40570880,40570880,114688,114688,212992,114688,40583168,40591360,40574976,114688,114688,118784
40570880,40570880,114688,114688,212992,114688,40583168,40591360,40574976,114688,114688,118784
40570880,40570880,114688,114688,212992,114688,40583168,40591360,40574976,114688,114688,118784
40570880,40570880,114688,114688,212992,114688,40583168,40591360,40574976,114688,114688,118784
40570880,40570880,114688,114688,212992,114688,40583168,40591360,40574976,114688,114688,118784
40570880,40570880,114688,114688,212992,114688,40583168,40591360,40574976,114688,114688,118784
40570880,40570880,114688,114688,212992,114688,40583168,40591360,40574976,114688,114688,118784
40570880,40570880,114688,114688,212992,114688,40583168,40591360,40574976,114688,114688,118784
40570880,40570880,114688,114688,212992,114688,40583168,40591360,40574976,114688,114688,118784
40570880,40570880,114688,114688,212992,114688,40583168,40591360,40574976,114688,114688,118784
40570880,40570880,114688,114688,212992,114688,40583168,40591360,40574976,114688,114688,118784
40570880,40570880,114688,114688,212992,114688,40583168,40591360,40574976,114688,114688,118784
40570880,40570880,114688,114688,212992,114688,40583168,40591360,40574976,114688,114688,118784
40570880,40570880,114688,114688,212992,114688,40583168,40591360,40574976,114688,114688,118784
40570880,40570880,114688,114688,212992,114688,40583168,40591360,40574976,114688,114688,118784
40570880,40570880,114688,114688,212992,114688,40583168,40591360,40574976,114688,114688,118784
40570880,40570880,114688,114688,212992,114688,40583168,40591360,40574976,114688,114688,118784
40570880,40570880,114688,114688,212992,114688,40583168,40591360,40574976,114688,114688,118784
40570880,40570880,114688,114688,212992,114688,40583168,40591360,40574976,114688,114688,118784
40570880,40570880,114688,114688,212992,114688,40583168,40591360,40574976,114688,114688,118784
40570880,40570880,114688,114688,212992,114688,40583168,40591360,40574976,114688,114688,118784
40570880,40570880,114688,114688,212992,114688,40583168,40591360,40574976,114688,114688,118784
40570880,40570880,114688,114688,212992,114688,40583168,40591360,40574976,114688,114688,118784
40570880,40570880,114688,114688,212992,114688,40583168,40591360,40574976,114688,114688,118784
40570880,40570880,114688,114688,212992,114688,40583168,40591360,40574976,114688,114688,118784
40570880,40570880,114688,114688,212992,114688,40583168,40591360,40574976,114688,114688,118784
40570880,40570880,114688,114688,212992,114688,40583168,40591360,40574976,114688,114688,118784
40570880,40570880,114688,114688,212992,114688,40583168,40591360,40574976,114688,114688,118784
40570880,40570880,114688,114688,212992,114688,40583168,40591360,40574976,114688,114688,118784
40570880,40570880,114688,114688,212992,114688,40583168,40591360,40574976,114688,114688,118784
40570880,40570880,114688,114688,212992,114688,40583168,40591360,40574976,114688,114688,118784
40570880,40570880,114688,114688,212992,114688,40583168,40591360,40574976,114688,114688,118784
40570880,40570880,114688,114688,212992,114688,40583168,40591360,40574976,114688,114688,118784
40570880,40570880,114688,114688,212992,114688,40583168,40591360,40574976,114688,114688,118784
40570880,40570880,114688,114688,212992,114688,40583168,40591360,40574976,114688,114688,118784
40570880,40570880,114688,114688,212992,114688,40583168,40591360,40574976,114688,114688,118784
40570880,40570880,114688,114688,212992,114688,40583168,40591360,40574976,114688,114688,118784
40570880,40570880,114688,114688,212992,114688,40583168,40591360,40574976,114688,114688,118784
40570880,40570880,114688,114688,212992,114688,40583168,40591360,40574976,114688,114688,118784
40570880,40570880,114688,114688,212992,114688,40583168,40591360,40574976,114688,114688,118784
40570880,40570880,114688,114688,212992,114688,40583168,40591360,40574976,114688,114688,118784
40570880,40570880,114688,114688,212992,114688,40583168,40591360,40574976,114688,114688,118784
40570880,40570880,114688,114688,212992,114688,40583168,40591360,40574976,114688,114688,118784
40574976,40570880,114688,114688,212992,114688,40583168,40591360,40574976,114688,114688,118784
40574976,40574976,114688,114688,212992,114688,40583168,40591360,40574976,114688,114688,118784
40574976,40574976,114688,114688,212992,114688,40583168,40591360,40574976,114688,114688,118784
40574976,40574976,114688,114688,208896,114688,40583168,40591360,40574976,114688,114688,118784
40574976,40574976,114688,114688,208896,114688,40583168,40591360,40574976,114688,114688,118784
40574976,40574976,114688,114688,208896,114688,40583168,40591360,40574976,114688,114688,118784
40574976,40574976,114688,114688,208896,114688,40583168,40591360,40574976,114688,114688,118784
40574976,40574976,114688,114688,208896,114688,40583168,40591360,40046592,114688,114688,118784
40574976,40574976,114688,114688,208896,114688,40583168,40591360,40046592,114688,114688,118784
40574976,40574976,114688,114688,208896,114688,40583168,40591360,40046592,114688,114688,118784
40574976,40574976,114688,114688,212992,114688,40583168,40591360,40046592,114688,114688,118784
40574976,40574976,114688,114688,212992,114688,40583168,40591360,40046592,114688,114688,118784
40574976,40574976,114688,114688,212992,114688,40583168,40591360,40046592,114688,114688,118784
40574976,40574976,114688,114688,212992,114688,40583168,40591360,40046592,114688,114688,118784
40574976,40574976,114688,114688,212992,114688,40583168,40591360,40046592,114688,114688,118784
40574976,40046592,114688,114688,212992,114688,40583168,40591360,40046592,114688,114688,118784
40574976,40046592,114688,114688,212992,114688,40583168,40591360,40046592,114688,114688,118784
40574976,40046592,114688,114688,212992,114688,40583168,40591360,40046592,114688,114688,118784
40574976,40046592,114688,114688,212992,114688,40054784,40591360,40046592,114688,114688,118784
40574976,40046592,114688,114688,212992,114688,40054784,40591360,40046592,114688,114688,118784
40574976,40046592,114688,114688,212992,114688,40054784,40591360,40046592,114688,114688,118784
40574976,40046592,114688,114688,212992,114688,40054784,40591360,40046592,114688,114688,118784
40574976,40046592,114688,114688,212992,114688,40054784,40062976,40046592,114688,114688,118784
40574976,40046592,114688,114688,212992,114688,40054784,40062976,40046592,114688,114688,118784
40574976,40046592,114688,114688,212992,114688,40054784,40062976,40046592,114688,114688,118784
40574976,40046592,114688,114688,212992,114688,40054784,40062976,40046592,114688,114688,118784
40574976,40046592,114688,114688,212992,114688,40054784,40062976,40046592,114688,114688,118784
40574976,40046592,114688,114688,212992,114688,40054784,40062976,40046592,114688,114688,118784
40574976,40046592,114688,114688,212992,114688,40054784,40062976,40046592,114688,114688,118784
40574976,40046592,114688,114688,212992,114688,40054784,40062976,40046592,114688,114688,118784
40574976,40046592,114688,114688,212992,114688,40054784,40062976,40046592,114688,114688,118784
40574976,40046592,114688,114688,212992,114688,40054784,40062976,40046592,114688,114688,118784
40574976,40046592,114688,114688,212992,114688,40054784,40062976,40046592,114688,114688,118784
40574976,40574976,114688,114688,212992,114688,40054784,40591360,40574976,114688,114688,118784
40574976,40574976,114688,114688,212992,114688,40054784,40591360,40574976,114688,114688,118784
40574976,40574976,114688,114688,212992,114688,40583168,40591360,40574976,114688,114688,118784
40574976,40574976,114688,114688,212992,114688,40583168,40591360,40574976,114688,114688,118784
40574976,40574976,114688,114688,212992,114688,40583168,40591360,40574976,114688,114688,118784
40574976,40574976,114688,114688,212992,114688,40583168,40591360,40574976,114688,114688,118784
40574976,40574976,114688,114688,212992,114688,40583168,40591360,40574976,114688,114688,118784
40574976,40574976,114688,114688,212992,114688,40583168,40591360,40574976,114688,114688,118784
40574976,40574976,114688,114688,212992,114688,40583168,40591360,40574976,114688,114688,118784
40574976,40574976,114688,114688,212992,114688,40583168,40591360,40574976,114688,114688,118784
40574976,40574976,114688,114688,212992,114688,40583168,40591360,40574976,114688,114688,118784
40574976,40574976,114688,114688,212992,114688,40583168,40591360,40574976,114688,114688,118784
40574976,40574976,114688,114688,212992,114688,40583168,40591360,40574976,114688,114688,118784
40574976,40574976,114688,114688,212992,114688,40583168,40591360,40574976,114688,114688,118784
40574976,40574976,114688,114688,212992,114688,40583168,40591360,40574976,114688,114688,118784
40574976,40574976,114688,114688,212992,114688,40583168,40591360,40574976,114688,114688,118784
40574976,40574976,114688,114688,212992,114688,40583168,40591360,40574976,114688,114688,118784
40574976,40574976,114688,114688,212992,114688,40583168,40591360,40574976,114688,114688,118784
40574976,40574976,114688,114688,212992,114688,40583168,40591360,40574976,114688,114688,118784
40574976,40574976,114688,114688,212992,114688,40583168,40591360,40574976,114688,114688,118784
40574976,40574976,114688,114688,212992,114688,40583168,40591360,40574976,114688,114688,118784
40574976,40574976,114688,114688,212992,114688,40583168,40591360,40574976,114688,114688,118784
40574976,40574976,114688,114688,212992,114688,40583168,40591360,40574976,114688,114688,118784
40574976,40574976,114688,114688,212992,114688,40583168,40591360,40574976,114688,114688,118784
40574976,40574976,114688,114688,212992,114688,40583168,40591360,40574976,114688,114688,118784
40574976,40574976,114688,114688,212992,114688,40583168,40591360,40574976,114688,114688,118784
40574976,40574976,114688,114688,212992,114688,40583168,40591360,40574976,114688,114688,118784
40574976,40574976,114688,114688,212992,114688,40583168,40591360,40574976,114688,114688,118784
40574976,40574976,114688,114688,212992,114688,40583168,40591360,40574976,114688,114688,118784
40574976,40574976,114688,114688,212992,114688,40583168,40591360,40574976,114688,114688,118784
40574976,40574976,114688,114688,212992,114688,40583168,40591360,40046592,114688,114688,118784
40574976,40574976,114688,114688,212992,114688,40583168,40591360,40046592,114688,114688,118784
40574976,40574976,114688,114688,212992,114688,40583168,40591360,40046592,114688,114688,118784
40574976,40574976,114688,114688,217088,114688,40583168,40591360,40046592,114688,114688,118784
40574976,40574976,114688,114688,217088,114688,40583168,40591360,40046592,114688,114688,118784
40574976,40046592,114688,114688,217088,114688,40583168,40591360,40046592,114688,114688,118784
40574976,40046592,114688,114688,217088,114688,40054784,40591360,40046592,114688,114688,118784
40574976,40046592,114688,114688,217088,114688,40054784,40591360,40046592,114688,114688,118784
40574976,40046592,114688,114688,217088,114688,40054784,40591360,40046592,114688,114688,118784
40574976,40046592,114688,114688,217088,114688,40054784,40591360,40046592,114688,114688,118784
40574976,40046592,114688,114688,217088,114688,40054784,40075264,40046592,114688,114688,118784
40574976,40046592,114688,114688,217088,114688,40054784,40075264,40046592,114688,114688,118784
40574976,40046592,114688,114688,217088,114688,40054784,40075264,40046592,114688,114688,118784
40574976,40046592,114688,114688,217088,114688,40054784,40075264,40046592,114688,114688,118784
40574976,40046592,114688,114688,217088,114688,40054784,40075264,40046592,114688,114688,118784
40574976,40046592,114688,114688,217088,114688,40054784,40075264,40046592,114688,114688,118784
40574976,40046592,114688,114688,217088,114688,40054784,40075264,40046592,114688,114688,118784
40574976,40046592,114688,114688,217088,114688,40054784,40075264,40046592,114688,114688,118784
40574976,40046592,114688,114688,217088,114688,40054784,40075264,40046592,114688,114688,118784
40574976,40574976,114688,114688,217088,114688,40054784,40075264,40046592,114688,114688,118784
40574976,40574976,114688,114688,217088,114688,40054784,40607744,40579072,114688,114688,118784
40574976,40574976,114688,114688,217088,114688,40591360,40607744,40579072,114688,114688,118784
40574976,40574976,114688,114688,221184,114688,40591360,40607744,40579072,114688,114688,118784
40574976,40574976,114688,114688,221184,114688,40591360,40607744,40591360,114688,114688,118784
40574976,40574976,114688,114688,221184,114688,40599552,40607744,40591360,114688,114688,118784
40574976,40574976,114688,114688,221184,114688,40599552,40620032,40591360,114688,114688,118784
40574976,40574976,114688,114688,221184,114688,40599552,40620032,40591360,114688,114688,118784
40574976,40574976,114688,114688,221184,114688,40599552,40620032,40591360,114688,114688,118784
40574976,40574976,114688,114688,221184,114688,40599552,40620032,40591360,114688,114688,118784
40574976,40574976,114688,114688,221184,114688,40599552,40620032,40591360,114688,114688,118784
40574976,40574976,114688,114688,221184,114688,40599552,40620032,40591360,114688,114688,118784
40574976,40574976,114688,114688,221184,114688,40599552,40620032,40591360,114688,114688,118784
40574976,40574976,114688,114688,221184,114688,40599552,40632320,40599552,114688,114688,118784
40574976,40574976,114688,114688,221184,114688,40599552,40632320,40599552,114688,114688,118784
40574976,40574976,114688,114688,221184,114688,40599552,40632320,40599552,114688,114688,118784
40574976,40574976,114688,114688,221184,114688,40599552,40632320,40599552,114688,114688,118784
40574976,40574976,114688,114688,221184,114688,40599552,40632320,40599552,114688,114688,118784
40574976,40574976,114688,114688,221184,114688,40599552,40632320,40599552,114688,114688,118784
40574976,40574976,114688,114688,221184,114688,40599552,40632320,40599552,114688,114688,118784
40574976,40574976,114688,114688,221184,114688,40599552,40632320,40611840,114688,114688,118784
40574976,40574976,114688,114688,221184,114688,40611840,40632320,40611840,114688,114688,118784
40574976,40574976,114688,114688,221184,114688,40611840,40644608,40611840,114688,114688,118784
40574976,40574976,114688,114688,221184,114688,40611840,40644608,40611840,114688,114688,118784
40574976,40574976,114688,114688,221184,114688,40611840,40644608,40611840,114688,114688,118784
40574976,40574976,114688,114688,221184,114688,40611840,40644608,40611840,114688,114688,118784
40574976,40574976,114688,114688,221184,114688,40611840,40644608,40611840,114688,114688,118784
40574976,40574976,114688,114688,221184,114688,40611840,40644608,40615936,114688,114688,118784
40574976,40574976,114688,114688,221184,114688,40611840,40648704,40615936,114688,114688,118784
40574976,40574976,114688,114688,221184,114688,40611840,40648704,40615936,114688,114688,118784
40574976,40574976,114688,114688,221184,114688,40611840,40648704,40615936,114688,114688,118784
40574976,40574976,114688,114688,221184,114688,40611840,40648704,40615936,114688,114688,118784
40574976,40574976,114688,114688,229376,114688,40620032,40648704,40615936,114688,114688,118784
40574976,40579072,114688,114688,229376,114688,40620032,40669184,40628224,114688,114688,118784
40579072,40579072,114688,114688,229376,114688,40620032,40669184,40628224,114688,114688,118784
40579072,40579072,114688,114688,266240,114688,40620032,40669184,40628224,114688,114688,118784
40579072,40579072,114688,114688,266240,114688,40620032,40669184,40628224,114688,114688,118784
40579072,40579072,114688,114688,266240,114688,40628224,40669184,40632320,114688,114688,118784
40579072,40579072,114688,114688,266240,114688,40628224,40673280,40632320,114688,114688,118784
40579072,40579072,114688,114688,266240,114688,40628224,40673280,40632320,114688,114688,118784
40579072,40579072,114688,114688,266240,114688,40628224,40673280,40632320,114688,114688,118784
40579072,40579072,114688,114688,266240,114688,40628224,40673280,40632320,114688,114688,118784
40579072,40579072,114688,114688,266240,114688,40628224,40673280,40632320,114688,114688,118784
40579072,40579072,114688,114688,266240,114688,40628224,40673280,40632320,114688,114688,118784
40579072,40579072,114688,114688,266240,114688,40628224,40673280,40632320,114688,114688,118784
40579072,40579072,114688,114688,266240,114688,40628224,40673280,40632320,114688,114688,118784
40579072,40579072,114688,114688,266240,114688,40628224,40673280,40632320,114688,114688,118784
40579072,40579072,114688,114688,266240,114688,40628224,40673280,40632320,114688,114688,118784
40579072,40579072,114688,114688,266240,114688,40628224,40673280,40632320,114688,114688,118784
40579072,40579072,114688,114688,266240,114688,40628224,40673280,40632320,114688,114688,118784
40579072,40579072,114688,114688,266240,114688,40628224,40673280,40632320,114688,114688,118784
40579072,40579072,114688,114688,266240,114688,40628224,40673280,40632320,114688,114688,118784
40579072,40579072,114688,114688,266240,114688,40628224,40673280,40632320,114688,114688,118784
40579072,40579072,114688,114688,266240,114688,40628224,40673280,40632320,114688,114688,118784
40579072,40579072,114688,114688,266240,114688,40628224,40673280,40632320,114688,114688,118784
40579072,40579072,114688,114688,266240,114688,40628224,40673280,40632320,114688,114688,118784
40579072,40579072,114688,114688,266240,114688,40628224,40673280,40632320,114688,114688,118784
40579072,40579072,114688,114688,266240,114688,40628224,40673280,40632320,114688,114688,118784
40579072,40579072,114688,114688,266240,114688,40628224,40673280,40632320,114688,114688,118784
40579072,40579072,114688,114688,266240,114688,40628224,40673280,40632320,114688,114688,118784
40579072,40579072,114688,114688,266240,114688,40628224,40673280,40632320,114688,114688,118784
40579072,40579072,114688,114688,266240,114688,40628224,40673280,40632320,114688,114688,118784
40579072,40579072,114688,114688,266240,114688,40628224,40673280,40632320,114688,114688,118784
40579072,40579072,114688,114688,266240,114688,40628224,40673280,40632320,114688,114688,118784
40579072,40579072,114688,114688,266240,114688,40628224,40673280,40632320,114688,114688,118784
40579072,40579072,114688,114688,266240,114688,40628224,40673280,40632320,114688,114688,118784
40579072,40579072,114688,114688,266240,114688,40628224,40673280,40632320,114688,114688,118784
40579072,40579072,114688,114688,266240,114688,40628224,40673280,40632320,114688,114688,118784
40579072,40579072,114688,114688,266240,114688,40628224,40673280,40632320,114688,114688,118784
40579072,40579072,114688,114688,266240,114688,40628224,40673280,40632320,114688,114688,118784
40579072,40579072,114688,114688,266240,114688,40628224,40673280,40632320,114688,114688,118784
40579072,40579072,114688,114688,266240,114688,40628224,40673280,40632320,114688,114688,118784
40579072,40579072,114688,114688,266240,114688,40628224,40673280,40632320,114688,114688,118784
40579072,40579072,114688,114688,266240,114688,40628224,40673280,40632320,114688,114688,118784
40579072,40579072,114688,114688,266240,114688,40628224,40673280,40632320,114688,114688,118784
40579072,40579072,114688,114688,266240,114688,40628224,40673280,40632320,114688,114688,118784
40579072,40579072,114688,114688,266240,114688,40628224,40673280,40632320,114688,114688,118784
40579072,40579072,114688,114688,266240,114688,40628224,40673280,40632320,114688,114688,118784
40579072,40579072,114688,114688,266240,114688,40628224,40673280,40632320,114688,114688,118784
40579072,40579072,114688,114688,266240,114688,40628224,40673280,40632320,114688,114688,118784
40579072,40579072,114688,114688,266240,114688,40628224,40673280,40632320,114688,114688,118784
40579072,40579072,114688,114688,266240,114688,40628224,40673280,40632320,114688,114688,118784
40579072,40579072,114688,114688,266240,114688,40628224,40673280,40632320,114688,114688,118784
40579072,40579072,114688,114688,266240,114688,40628224,40673280,40632320,114688,114688,118784
40579072,40579072,114688,114688,266240,114688,40628224,40673280,40632320,114688,114688,118784
40579072,40579072,114688,114688,266240,114688,40628224,40673280,40632320,114688,114688,118784
40579072,40579072,114688,114688,266240,114688,40628224,40673280,40632320,114688,114688,118784
40579072,40579072,114688,114688,266240,114688,40628224,40673280,40632320,114688,114688,118784
40579072,40579072,114688,114688,266240,114688,40628224,40673280,40632320,114688,114688,118784
40579072,40579072,114688,114688,266240,114688,40628224,40673280,40632320,114688,114688,118784
40579072,40579072,114688,114688,266240,114688,40628224,40673280,40632320,114688,114688,118784
40579072,40579072,114688,114688,266240,114688,40628224,40673280,40632320,114688,114688,118784
40579072,40579072,114688,114688,266240,114688,40628224,40673280,40632320,114688,114688,118784
40579072,40579072,114688,114688,266240,114688,40628224,40673280,40632320,114688,114688,118784
40579072,40579072,114688,114688,266240,114688,40628224,40673280,40632320,114688,114688,118784
40579072,40579072,114688,114688,266240,114688,40628224,40673280,40632320,114688,114688,118784
40579072,40579072,114688,114688,266240,114688,40628224,40673280,40632320,114688,114688,118784
40579072,40579072,114688,114688,266240,114688,40628224,40673280,40632320,114688,114688,118784
40579072,40579072,114688,114688,266240,114688,40628224,40673280,40632320,114688,114688,118784
40579072,40579072,114688,114688,266240,114688,40628224,40673280,40632320,114688,114688,118784
40579072,40579072,114688,114688,266240,114688,40628224,40673280,40632320,114688,114688,118784
40579072,40579072,114688,114688,266240,114688,40628224,40673280,40632320,114688,114688,118784
40579072,40579072,114688,114688,266240,114688,40628224,40673280,40632320,114688,114688,118784
40579072,40579072,114688,114688,266240,114688,40628224,40673280,40632320,114688,114688,118784
40579072,40579072,114688,114688,266240,114688,40628224,40673280,40632320,114688,114688,118784
40579072,40579072,114688,114688,266240,114688,40628224,40673280,40632320,114688,114688,118784
40579072,40579072,114688,114688,266240,114688,40628224,40673280,40632320,114688,114688,118784
40579072,40579072,114688,114688,266240,114688,40628224,40673280,40632320,114688,114688,118784
40579072,40579072,114688,114688,266240,114688,40628224,40673280,40632320,114688,114688,118784
40579072,40579072,114688,114688,266240,114688,40628224,40673280,40632320,114688,114688,118784
40579072,40579072,114688,114688,266240,114688,40628224,40673280,40632320,114688,114688,118784
40579072,40579072,114688,114688,266240,114688,40628224,40673280,40632320,114688,114688,118784
40579072,40579072,114688,114688,266240,114688,40628224,40673280,40632320,114688,114688,118784
40579072,40579072,114688,114688,266240,114688,40628224,40673280,40632320,114688,114688,118784
40579072,40579072,114688,114688,266240,114688,40628224,40673280,40632320,114688,114688,118784
40579072,40579072,114688,114688,266240,114688,40628224,40673280,40632320,114688,114688,118784
40579072,40579072,114688,114688,266240,114688,40628224,40673280,40632320,114688,114688,118784
40579072,40579072,114688,114688,266240,114688,40628224,40673280,40632320,114688,114688,118784
40579072,40579072,114688,114688,266240,114688,40628224,40673280,40632320,114688,114688,118784
40579072,40579072,114688,114688,266240,114688,40628224,40673280,40632320,114688,114688,118784
40579072,40579072,114688,114688,266240,114688,40628224,40673280,40632320,114688,114688,118784
40579072,40579072,114688,114688,266240,114688,40628224,40673280,40632320,114688,114688,118784
40579072,40579072,114688,114688,266240,114688,40628224,40673280,40632320,114688,114688,118784
40579072,40579072,114688,114688,266240,114688,40628224,40673280,40632320,114688,114688,118784
40579072,40579072,114688,114688,266240,114688,40628224,40673280,40632320,114688,114688,118784
40579072,40579072,114688,114688,266240,114688,40628224,40673280,40632320,114688,114688,118784
40579072,40579072,114688,114688,266240,114688,40628224,40673280,40632320,114688,114688,118784
40579072,40579072,114688,114688,266240,114688,40628224,40673280,40632320,114688,114688,118784
40579072,40579072,114688,114688,266240,114688,40628224,40673280,40632320,114688,114688,118784
40579072,40579072,114688,114688,266240,114688,40628224,40673280,40632320,114688,114688,118784
40579072,40579072,114688,114688,266240,114688,40628224,40673280,40632320,114688,114688,118784
40579072,40579072,114688,114688,266240,114688,40628224,40673280,40632320,114688,114688,118784
40579072,40579072,114688,114688,266240,114688,40628224,40673280,40632320,114688,114688,118784
40579072,40579072,114688,114688,266240,114688,40628224,40673280,40632320,114688,114688,118784
40579072,40579072,114688,114688,266240,114688,40628224,40673280,40632320,114688,114688,118784
40579072,40579072,114688,114688,266240,114688,40628224,40673280,40632320,114688,114688,118784
40579072,40579072,114688,114688,266240,114688,40628224,40673280,40632320,114688,114688,118784
40579072,40579072,114688,114688,266240,114688,40628224,40673280,40632320,114688,114688,118784
40579072,40579072,114688,114688,266240,114688,40628224,40673280,40632320,114688,114688,118784
40579072,40579072,114688,114688,266240,114688,40628224,40673280,40632320,114688,114688,118784
40579072,40579072,114688,114688,266240,114688,40628224,40673280,40632320,114688,114688,118784
40579072,40579072,114688,114688,266240,114688,40628224,40673280,40632320,114688,114688,118784
40579072,40579072,114688,114688,266240,114688,40628224,40673280,40632320,114688,114688,118784
40579072,40579072,114688,114688,266240,114688,40628224,40673280,40632320,114688,114688,118784
40579072,40579072,114688,114688,266240,114688,40628224,40673280,40632320,114688,114688,118784
40579072,40579072,114688,114688,266240,114688,40628224,40673280,40632320,114688,114688,118784
40579072,40579072,114688,114688,266240,114688,40628224,40673280,40632320,114688,114688,118784
40579072,40579072,114688,114688,266240,114688,40628224,40673280,40632320,114688,114688,118784
40579072,40579072,114688,114688,266240,114688,40628224,40673280,40632320,114688,114688,118784
40579072,40579072,114688,114688,266240,114688,40628224,40673280,40632320,114688,114688,118784
40579072,40579072,114688,114688,266240,114688,40628224,40673280,40632320,114688,114688,118784
40579072,40579072,114688,114688,266240,114688,40628224,40673280,40632320,114688,114688,118784
40579072,40579072,114688,114688,266240,114688,40628224,40673280,40632320,114688,114688,118784
40579072,40579072,114688,114688,266240,114688,40628224,40673280,40632320,114688,114688,118784
40579072,40579072,114688,114688,266240,114688,40628224,40673280,40632320,114688,114688,118784
40579072,40579072,114688,114688,266240,114688,40628224,40673280,40632320,114688,114688,118784
40579072,40579072,114688,114688,266240,114688,40628224,40673280,40632320,114688,114688,118784
40579072,40579072,114688,114688,266240,114688,40628224,40673280,40632320,114688,114688,118784
40579072,40579072,114688,114688,266240,114688,40628224,40673280,40632320,114688,114688,118784
40579072,40579072,114688,114688,266240,114688,40628224,40673280,40632320,114688,114688,118784
40579072,40579072,114688,114688,266240,114688,40628224,40673280,40632320,114688,114688,118784
40579072,40579072,114688,114688,266240,114688,40628224,40673280,40632320,114688,114688,118784
40579072,40579072,114688,114688,266240,114688,40628224,40673280,40632320,114688,114688,118784
40579072,40579072,114688,114688,266240,114688,40628224,40673280,40632320,114688,114688,118784
40579072,40579072,114688,114688,266240,114688,40628224,40673280,40632320,114688,114688,118784
40579072,40579072,114688,114688,266240,114688,40628224,40673280,40632320,114688,114688,118784
40579072,40579072,114688,114688,266240,114688,40628224,40673280,40632320,114688,114688,118784
40579072,40579072,114688,114688,266240,114688,40628224,40673280,40632320,114688,114688,118784
40579072,40579072,114688,114688,266240,114688,40628224,40673280,40632320,114688,114688,118784
40579072,40579072,114688,114688,266240,114688,40628224,40673280,40632320,114688,114688,118784
40579072,40579072,114688,114688,266240,114688,40628224,40673280,40632320,114688,114688,118784
40579072,40579072,114688,114688,266240,114688,40628224,40673280,40632320,114688,114688,118784
40579072,40579072,114688,114688,266240,114688,40628224,40673280,40632320,114688,114688,118784
40579072,40579072,114688,114688,266240,114688,40628224,40673280,40632320,114688,114688,118784
40579072,40579072,114688,114688,266240,114688,40628224,40673280,40632320,114688,114688,118784
40579072,40579072,114688,114688,266240,114688,40628224,40673280,40632320,114688,114688,118784
40579072,40579072,114688,114688,266240,114688,40628224,40673280,40632320,114688,114688,118784
40579072,40579072,114688,114688,266240,114688,40628224,40673280,40632320,114688,114688,118784
40579072,40579072,114688,114688,266240,114688,40628224,40673280,40632320,114688,114688,118784
40579072,40579072,114688,114688,266240,114688,40628224,40673280,40632320,114688,114688,118784
40579072,40579072,114688,114688,266240,114688,40628224,40673280,40632320,114688,114688,118784
40579072,40579072,114688,114688,266240,114688,40632320,40673280,40632320,114688,114688,118784
40579072,40579072,114688,114688,266240,114688,40632320,40681472,40632320,114688,114688,118784
40579072,40579072,114688,114688,266240,114688,40632320,40681472,40636416,114688,114688,118784
40579072,40579072,114688,114688,266240,114688,40632320,40681472,40636416,114688,114688,118784
40579072,40579072,114688,114688,266240,114688,40632320,40681472,40636416,114688,114688,118784
40579072,40579072,114688,114688,266240,114688,40632320,40681472,40636416,114688,114688,118784
40579072,40579072,114688,114688,266240,114688,40632320,40681472,40636416,114688,114688,118784
40579072,40579072,114688,114688,266240,114688,40632320,40681472,40636416,114688,114688,118784
40579072,40579072,114688,114688,266240,114688,40632320,40681472,40636416,114688,114688,118784
40579072,40579072,114688,114688,266240,114688,40632320,40681472,40636416,114688,114688,118784
40579072,40579072,114688,114688,266240,114688,40632320,40681472,40636416,114688,114688,118784
40579072,40579072,114688,114688,266240,114688,40632320,40681472,40636416,114688,114688,118784
40579072,40579072,114688,114688,266240,114688,40632320,40681472,40636416,114688,114688,118784
40579072,40579072,114688,114688,266240,114688,40632320,40681472,40636416,114688,114688,118784
40579072,40579072,114688,114688,266240,114688,40632320,40681472,40636416,114688,114688,118784
40579072,40579072,114688,114688,266240,114688,40632320,40681472,40636416,114688,114688,118784
40579072,40579072,114688,114688,266240,114688,40632320,40681472,40636416,114688,114688,118784
40579072,40579072,114688,114688,266240,114688,40632320,40681472,40636416,114688,114688,118784
40579072,40579072,114688,114688,266240,114688,40632320,40681472,40636416,114688,114688,118784
40579072,40579072,114688,114688,266240,114688,40632320,40681472,40636416,114688,114688,118784
40579072,40579072,114688,114688,266240,114688,40632320,40681472,40636416,114688,114688,118784
40579072,40579072,114688,114688,266240,114688,40632320,40681472,40636416,114688,114688,118784
40579072,40579072,114688,114688,266240,114688,40632320,40681472,40636416,114688,114688,118784
40579072,40579072,114688,114688,266240,114688,40632320,40681472,40636416,114688,114688,118784
40579072,40579072,114688,114688,266240,114688,40632320,40681472,40636416,114688,114688,118784
40579072,40579072,114688,114688,266240,114688,40632320,40681472,40636416,114688,114688,118784
40579072,40579072,114688,114688,266240,114688,40632320,40681472,40636416,114688,114688,118784
40579072,40579072,114688,114688,266240,114688,40632320,40681472,40636416,114688,114688,118784
40579072,40579072,114688,114688,266240,114688,40632320,40681472,40636416,114688,114688,118784
40579072,40579072,114688,114688,266240,114688,40632320,40681472,40636416,114688,114688,118784
40579072,40579072,114688,114688,266240,114688,40632320,40681472,40636416,114688,114688,118784
40579072,40579072,114688,114688,266240,114688,40632320,40681472,40636416,114688,114688,118784
40579072,40579072,114688,114688,266240,114688,40632320,40681472,40636416,114688,114688,118784
40579072,40579072,114688,114688,266240,114688,40632320,40681472,40636416,114688,114688,118784
40579072,40579072,114688,114688,266240,114688,40632320,40681472,40636416,114688,114688,118784
40579072,40579072,114688,114688,266240,114688,40632320,40681472,40636416,114688,114688,118784
40579072,40579072,114688,114688,266240,114688,40632320,40681472,40636416,114688,114688,118784
40579072,40579072,114688,114688,266240,114688,40632320,40681472,40636416,114688,114688,118784
40579072,40579072,114688,114688,266240,114688,40632320,40681472,40636416,114688,114688,118784
40579072,40579072,114688,114688,266240,114688,40632320,40681472,40636416,114688,114688,118784
40579072,40579072,114688,114688,266240,114688,40632320,40681472,40636416,114688,114688,118784
40579072,40579072,114688,114688,266240,114688,40632320,40681472,40636416,114688,114688,118784
40579072,40579072,114688,114688,266240,114688,40632320,40681472,40636416,114688,114688,118784
40579072,40579072,114688,114688,266240,114688,40632320,40681472,40636416,114688,114688,118784
40579072,40579072,114688,114688,266240,114688,40632320,40681472,40636416,114688,114688,118784
40579072,40579072,114688,114688,266240,114688,40632320,40681472,40636416,114688,114688,118784
40579072,40579072,114688,114688,266240,114688,40632320,40681472,40636416,114688,114688,118784
40579072,40579072,114688,114688,266240,114688,40632320,40681472,40636416,114688,114688,118784
40579072,40579072,114688,114688,266240,114688,40632320,40681472,40636416,114688,114688,118784
40579072,40579072,114688,114688,266240,114688,40632320,40681472,40636416,114688,114688,118784
40579072,40579072,114688,114688,266240,114688,40632320,40681472,40636416,114688,114688,118784
40579072,40579072,114688,114688,266240,114688,40632320,40681472,40636416,114688,114688,118784
40579072,40579072,114688,114688,266240,114688,40632320,40681472,40636416,114688,114688,118784
40579072,40579072,114688,114688,266240,114688,40632320,40681472,40636416,114688,114688,118784
40579072,40579072,114688,114688,266240,114688,40632320,40681472,40636416,114688,114688,118784
40579072,40579072,114688,114688,266240,114688,40632320,40681472,40636416,114688,114688,118784
40579072,40579072,114688,114688,266240,114688,40632320,40681472,40636416,114688,114688,118784
40579072,40579072,114688,114688,266240,114688,40632320,40681472,40636416,114688,114688,118784
40579072,40579072,114688,114688,266240,114688,40632320,40681472,40636416,114688,114688,118784
40579072,40579072,114688,114688,266240,114688,40632320,40681472,40636416,114688,114688,118784
40579072,40579072,114688,114688,266240,114688,40632320,40681472,40636416,114688,114688,118784
40579072,40579072,114688,114688,266240,114688,40632320,40681472,40636416,114688,114688,118784
40579072,40579072,114688,114688,266240,114688,40632320,40681472,40636416,114688,114688,118784
40579072,40579072,114688,114688,266240,114688,40632320,40681472,40636416,114688,114688,118784
40579072,40579072,114688,114688,266240,114688,40632320,40681472,40636416,114688,114688,118784
40579072,40579072,114688,114688,266240,114688,40632320,40681472,40636416,114688,114688,118784
40579072,40579072,114688,114688,266240,114688,40632320,40681472,40636416,114688,114688,118784
40579072,40579072,114688,114688,266240,114688,40632320,40681472,40636416,114688,114688,118784
40579072,40579072,114688,114688,266240,114688,40632320,40681472,40636416,114688,114688,118784
40579072,40579072,114688,114688,266240,114688,40632320,40681472,40636416,114688,114688,118784
40579072,40579072,114688,114688,266240,114688,40632320,40681472,40636416,114688,114688,118784
40579072,40579072,114688,114688,266240,114688,40632320,40681472,40636416,114688,114688,118784
40579072,40579072,114688,114688,266240,114688,40632320,40681472,40636416,114688,114688,118784
40579072,40579072,114688,114688,266240,114688,40632320,40681472,40636416,114688,114688,118784
40579072,40579072,114688,114688,266240,114688,40632320,40681472,40636416,114688,114688,118784
40579072,40579072,114688,114688,266240,114688,40632320,40681472,40636416,114688,114688,118784
40579072,40579072,114688,114688,266240,114688,40632320,40681472,40636416,114688,114688,118784
40579072,40579072,114688,114688,266240,114688,40632320,40681472,40636416,114688,114688,118784
40579072,40579072,114688,114688,266240,114688,40632320,40681472,40636416,114688,114688,118784
40579072,40579072,114688,114688,266240,114688,40632320,40681472,40636416,114688,114688,118784
40579072,40579072,114688,114688,266240,114688,40632320,40681472,40636416,114688,114688,118784
40579072,40579072,114688,114688,266240,114688,40632320,40681472,40636416,114688,114688,118784
40579072,40579072,114688,114688,266240,114688,40632320,40681472,40636416,114688,114688,118784
40579072,40579072,114688,114688,266240,114688,40632320,40681472,40636416,114688,114688,118784
40579072,40579072,114688,114688,266240,114688,40632320,40681472,40636416,114688,114688,118784
40579072,40579072,114688,114688,266240,114688,40632320,40681472,40636416,114688,114688,118784
40579072,40579072,114688,114688,266240,114688,40632320,40681472,40636416,114688,114688,118784
40579072,40579072,114688,114688,266240,114688,40632320,40681472,40636416,114688,114688,118784
40579072,40579072,114688,114688,266240,114688,40632320,40681472,40636416,114688,114688,118784
40579072,40579072,114688,114688,266240,114688,40632320,40681472,40636416,114688,114688,118784
40579072,40579072,114688,114688,266240,114688,40632320,40681472,40636416,114688,114688,118784
40579072,40579072,114688,114688,266240,114688,40632320,40681472,40636416,114688,114688,118784
40583168,40583168,114688,114688,266240,114688,40632320,40681472,40636416,114688,114688,118784
40583168,40583168,114688,114688,262144,114688,40632320,40681472,40636416,114688,114688,118784
40583168,40583168,114688,114688,262144,114688,40632320,40681472,40636416,114688,114688,118784
40583168,40583168,114688,114688,262144,114688,40632320,40681472,40636416,114688,114688,118784
40583168,40583168,114688,114688,262144,114688,40632320,40681472,40108032,114688,114688,118784
40583168,40583168,114688,114688,262144,114688,40632320,40681472,40108032,114688,114688,118784
40583168,40583168,114688,114688,266240,114688,40632320,40681472,40108032,114688,114688,118784
40583168,40583168,114688,114688,266240,114688,40632320,40681472,40108032,114688,114688,118784
40583168,40583168,114688,114688,266240,114688,40632320,40681472,40108032,114688,114688,118784
40583168,40583168,114688,114688,266240,114688,40632320,40681472,40108032,114688,114688,118784
40583168,40054784,114688,114688,266240,114688,40632320,40681472,40108032,114688,114688,118784
40583168,40054784,114688,114688,266240,114688,40632320,40681472,40108032,114688,114688,118784
40583168,40054784,114688,114688,266240,114688,40632320,40681472,40108032,114688,114688,118784
40583168,40054784,114688,114688,266240,114688,40632320,40681472,40108032,114688,114688,118784
40583168,40054784,114688,114688,266240,114688,40103936,40681472,40108032,114688,114688,118784
40583168,40054784,114688,114688,266240,114688,40103936,40681472,40108032,114688,114688,118784
40583168,40054784,114688,114688,266240,114688,40103936,40681472,40108032,114688,114688,118784
40583168,40054784,114688,114688,266240,114688,40103936,40681472,40108032,114688,114688,118784
40583168,40054784,114688,114688,266240,114688,40103936,40681472,40108032,114688,114688,118784
40583168,40054784,114688,114688,266240,114688,40103936,40153088,40108032,114688,114688,118784
40583168,40054784,114688,114688,266240,114688,40103936,40153088,40108032,114688,114688,118784
40583168,40054784,114688,114688,266240,114688,40103936,40153088,40108032,114688,114688,118784
40583168,40054784,114688,114688,266240,114688,40103936,40153088,40108032,114688,114688,118784
40583168,40054784,114688,114688,266240,114688,40103936,40153088,40108032,114688,114688,118784
40583168,40054784,114688,114688,266240,114688,40103936,40153088,40108032,114688,114688,118784
40583168,40583168,114688,114688,266240,114688,40640512,40153088,40108032,114688,114688,118784
40583168,40583168,114688,114688,266240,114688,40640512,40153088,40644608,114688,114688,118784
40583168,40583168,114688,114688,266240,114688,40640512,40689664,40644608,114688,114688,118784
40583168,40583168,114688,114688,266240,114688,40640512,40689664,40644608,114688,114688,118784
40583168,40583168,114688,114688,266240,114688,40640512,40689664,40644608,114688,114688,118784
40583168,40583168,114688,114688,266240,114688,40640512,40689664,40644608,114688,114688,118784
40583168,40583168,114688,114688,266240,114688,40640512,40693760,40644608,114688,114688,118784
40583168,40583168,114688,114688,266240,114688,40640512,40693760,40644608,114688,114688,118784
40583168,40583168,114688,114688,266240,114688,40640512,40693760,40644608,114688,114688,118784
40583168,40583168,114688,114688,266240,114688,40640512,40693760,40644608,114688,114688,118784
40583168,40583168,114688,114688,266240,114688,40640512,40693760,40644608,114688,114688,118784
40583168,40583168,114688,114688,266240,114688,40640512,40693760,40644608,114688,114688,118784
40591360,40583168,114688,114688,266240,114688,40640512,40693760,40644608,114688,114688,118784
40591360,40583168,114688,114688,266240,114688,40640512,40693760,40644608,114688,114688,118784
40591360,40583168,114688,114688,266240,114688,40640512,40693760,40644608,114688,114688,118784
40591360,40583168,114688,114688,266240,114688,40640512,40693760,40644608,114688,114688,118784
40591360,40583168,114688,114688,266240,114688,40640512,40693760,40644608,114688,114688,118784
40591360,40583168,114688,114688,266240,114688,40640512,40693760,40648704,114688,114688,118784
40591360,40583168,114688,114688,266240,114688,40640512,40693760,40648704,114688,114688,118784
40591360,40583168,114688,114688,266240,114688,40640512,40693760,40648704,114688,114688,118784
40591360,40583168,114688,114688,266240,114688,40640512,40693760,40648704,114688,114688,118784
40591360,40583168,114688,114688,266240,114688,40648704,40693760,40648704,114688,114688,118784
40591360,40583168,114688,114688,266240,114688,40648704,40693760,40648704,114688,114688,118784
40591360,40583168,114688,114688,266240,114688,40648704,40693760,40648704,114688,114688,118784
40591360,40583168,114688,114688,266240,114688,40648704,40693760,40648704,114688,114688,118784
40591360,40583168,114688,114688,266240,114688,40648704,40693760,40648704,114688,114688,118784
40591360,40583168,114688,114688,266240,114688,40648704,40693760,40648704,114688,114688,118784
40591360,40583168,114688,114688,266240,114688,40648704,40693760,40648704,114688,114688,118784
40591360,40583168,114688,114688,266240,114688,40648704,40693760,40648704,114688,114688,118784
40591360,40583168,114688,114688,266240,114688,40648704,40693760,40648704,114688,114688,118784
40591360,40583168,114688,114688,266240,114688,40648704,40693760,40648704,114688,114688,118784
40591360,40583168,114688,114688,266240,114688,40648704,40693760,40648704,114688,114688,118784
40591360,40583168,114688,114688,266240,114688,40648704,40693760,40648704,114688,114688,118784
40591360,40583168,114688,114688,266240,114688,40648704,40693760,40648704,114688,114688,118784
40591360,40583168,114688,114688,266240,114688,40648704,40693760,40120320,114688,114688,118784
40591360,40583168,114688,114688,266240,114688,40648704,40693760,40120320,114688,114688,118784
40591360,40583168,114688,114688,266240,114688,40648704,40693760,40120320,114688,114688,118784
40591360,40583168,114688,114688,270336,114688,40648704,40693760,40120320,114688,114688,118784
40591360,40583168,114688,114688,270336,114688,40648704,40693760,40120320,114688,114688,118784
40591360,40054784,114688,114688,270336,114688,40648704,40693760,40120320,114688,114688,118784
40591360,40054784,114688,114688,270336,114688,40648704,40693760,40120320,114688,114688,118784
40591360,40054784,114688,114688,270336,114688,40648704,40693760,40120320,114688,114688,118784
40591360,40054784,114688,114688,270336,114688,40648704,40693760,40120320,114688,114688,118784
40591360,40054784,114688,114688,270336,114688,40124416,40693760,40120320,114688,114688,118784
40591360,40054784,114688,114688,270336,114688,40124416,40693760,40120320,114688,114688,118784
40591360,40054784,114688,114688,270336,114688,40124416,40693760,40120320,114688,114688,118784
40591360,40054784,114688,114688,270336,114688,40124416,40693760,40120320,114688,114688,118784
40591360,40054784,114688,114688,270336,114688,40124416,40693760,40120320,114688,114688,118784
40591360,40054784,114688,114688,270336,114688,40124416,40169472,40120320,114688,114688,118784
40591360,40054784,114688,114688,270336,114688,40124416,40169472,40120320,114688,114688,118784
40591360,40054784,114688,114688,270336,114688,40124416,40169472,40120320,114688,114688,118784
40591360,40054784,114688,114688,270336,114688,40124416,40169472,40120320,114688,114688,118784
40591360,40054784,114688,114688,270336,114688,40124416,40169472,40120320,114688,114688,118784
40591360,40054784,114688,114688,270336,114688,40124416,40169472,40120320,114688,114688,118784
40591360,40054784,114688,114688,270336,114688,40124416,40169472,40120320,114688,114688,118784
40591360,40054784,114688,114688,270336,114688,40124416,40169472,40120320,114688,114688,118784
40591360,40054784,114688,114688,270336,114688,40124416,40169472,40120320,114688,114688,118784
40591360,40054784,114688,114688,270336,114688,40652800,40169472,40120320,114688,114688,118784
40591360,40583168,114688,114688,270336,114688,40652800,40169472,40648704,114688,114688,118784
40591360,40583168,114688,114688,270336,114688,40652800,40697856,40648704,114688,114688,118784
40591360,40583168,114688,114688,270336,114688,40652800,40697856,40648704,114688,114688,118784
40591360,40583168,114688,114688,270336,114688,40652800,40697856,40648704,114688,114688,118784
40591360,40583168,114688,114688,274432,114688,40652800,40697856,40648704,114688,114688,118784
40591360,40583168,114688,114688,274432,114688,40652800,40697856,40648704,114688,114688,118784
40591360,40583168,114688,114688,274432,114688,40652800,40697856,40648704,114688,114688,118784
40591360,40583168,114688,114688,274432,114688,40652800,40697856,40648704,114688,114688,118784
40591360,40583168,114688,114688,274432,114688,40652800,40697856,40648704,114688,114688,118784
40591360,40583168,114688,114688,274432,114688,40652800,40697856,40648704,114688,114688,118784
40591360,40583168,114688,114688,274432,114688,40652800,40697856,40648704,114688,114688,118784
40591360,40583168,114688,114688,274432,114688,40652800,40697856,40648704,114688,114688,118784
40591360,40583168,114688,114688,274432,114688,40652800,40697856,40648704,114688,114688,118784
40591360,40583168,114688,114688,274432,114688,40652800,40697856,40648704,114688,114688,118784
40591360,40583168,114688,114688,274432,114688,40652800,40697856,40648704,114688,114688,118784
40591360,40583168,114688,114688,274432,114688,40652800,40697856,40648704,114688,114688,118784
40591360,40583168,114688,114688,274432,114688,40652800,40697856,40648704,114688,114688,118784
40591360,40583168,114688,114688,274432,114688,40652800,40697856,40648704,114688,114688,118784
40591360,40583168,114688,114688,274432,114688,40652800,40697856,40648704,114688,114688,118784
40591360,40583168,114688,114688,274432,114688,40652800,40697856,40648704,114688,114688,118784
40591360,40583168,114688,114688,274432,114688,40652800,40697856,40648704,114688,114688,118784
40591360,40583168,114688,114688,274432,114688,40652800,40697856,40648704,114688,114688,118784
40591360,40583168,114688,114688,274432,114688,40652800,40697856,40648704,114688,114688,118784
40591360,40583168,114688,114688,274432,114688,40652800,40697856,40648704,114688,114688,118784
40591360,40583168,114688,114688,274432,114688,40652800,40697856,40648704,114688,114688,118784
40591360,40583168,114688,114688,274432,114688,40652800,40697856,40648704,114688,114688,118784
40591360,40583168,114688,114688,274432,114688,40652800,40697856,40648704,114688,114688,118784
40591360,40583168,114688,114688,274432,114688,40652800,40697856,40648704,114688,114688,118784
40591360,40583168,114688,114688,274432,114688,40652800,40697856,40648704,114688,114688,118784
40591360,40583168,114688,114688,282624,114688,40652800,40697856,40652800,114688,114688,118784
40591360,40583168,114688,114688,282624,114688,40652800,40701952,40652800,114688,114688,118784
40591360,40583168,114688,114688,282624,114688,40660992,40701952,40652800,114688,114688,118784
40595456,40583168,114688,114688,282624,114688,40660992,40701952,40652800,114688,114688,118784
40595456,40591360,114688,114688,282624,114688,40660992,40701952,40652800,114688,114688,118784
40595456,40591360,114688,114688,282624,114688,40660992,40701952,40652800,114688,114688,118784
40595456,40591360,114688,114688,319488,114688,40660992,40701952,40652800,114688,114688,118784
40595456,40591360,114688,114688,319488,114688,40660992,40701952,40652800,114688,114688,118784
