dockerfiles-laptop-clientapp-0-1,dockerfiles-laptop-clientapp-1-1,dockerfiles-laptop-supernode-0-1,dockerfiles-laptop-supernode-1-1,dockerfiles-serverapp-1,dockerfiles-superlink-1,dockerfiles-desktop-clientapp-0-1,dockerfiles-desktop-clientapp-1-1,dockerfiles-desktop-clientapp-2-1,dockerfiles-desktop-supernode-0-1,dockerfiles-desktop-supernode-1-1,dockerfiles-desktop-supernode-2-1
67.906,75.4114,90.2435,97.74889999999999,28.2346,224.98329999999999,0,66.248,0,244.216,252.448,161.70000000000002
52.953,141.3009,70.37175,199.40985,22.0173,175.44165,50.024,50.024,93.832,184.408,252.932,184.408
122.6988,165.36566666666667,212.70316666666668,180.6399,816.8559,844.3747666666667,122.76,122.76,83.688,220.044,281.16,164.472
151.74790000000002,192.19805,252.03555,257.0619,783.272875,800.506075,115.32,188.728,152.024,347.82,361.212,303.8
181.01736,185.87843999999998,243.74844,346.0626,757.5183,774.18486,181.4224,181.4224,181.4224,392.4064,397.4128,292.04
237.57295525323718,274.8176949914534,403.8519856229658,408.48003020582104,13120.339239468942,13309.484879527947,210.88799999999998,245.224,176.552,472.7,526.408,389.52799999999996
266.91221486905096,271.4841206702337,522.8300848352576,527.4019906364404,13647.990495635031,13424.421691072936,206.73257142857145,274.0514285714286,240.39200000000002,463.38571428571436,516.0354285714286,478.3960000000001
264.4210867001289,314.8897117309855,517.9504402205217,522.479675800214,13629.763926602485,13299.12972928495,269.92,269.92,268.016,503.5520000000001,555.4080000000001,471.1840000000001
334.4319929685783,367.83124588002636,573.9397934519885,585.8053175126346,13663.990243902439,13868.600307624698,267.77777777777777,300.6666666666667,265.8888888888889,546.3333333333334,597.7777777777778,559.1111111111112
325.2032520325203,368.49044166117335,564.7110525159305,525.708635464733,14415.444715447153,13730.279059547353,308,263.11111111111114,15603.797333333338,407.8888888888889,454.6666666666667,467.44444444444446
14993.12414020437,303.483133721569,564.7731018569388,15983.179705526865,14529.700846060874,23488.18811119657,15481.575974242256,15504.074097923836,15620.057888309093,16723.659376040854,16658.931941823026,16626.401687576326
14991.914251181188,15037.278035380725,16390.58866058675,16440.33562245907,14107.46071860235,22973.409515437863,15490.35311111111,15512.901555555558,15631.880000000001,16689.88888888889,16625.111111111113,16655.88888888889
15014.98345236787,15036.673090869135,16372.486539940664,16417.756290517522,14205.142292055816,22973.409515437863,15490.35311111111,15509.87577777778,15628.854222222222,16563.444444444445,16538.111111111113,16522.111111111113
15017.051219512196,15035.057723577238,16370.687760931663,16323.445396616127,14454.954954954954,23146.01186552406,15487.327333333336,16896.396444444446,17321.417111111114,16563.777777777777,16491.333333333336,16536.111111111113
15018.664344577519,18332.802296450936,16256.675090649378,16367.21239424239,2119.8769366003735,10611.91077903527,18750.46044444445,29239.826888888896,694529.6020000001,16476.777777777777,16412,16435.222222222223
18482.47529725525,18336.263040337817,16308.145349483275,16346.594066007332,1514.8349816646291,10731.85909545505,107890.4637777778,29238.314000000002,694526.5762222223,16476.777777777777,16412,16388.666666666668
18482.47529725525,529337.0754528282,16308.145349483275,16346.594066007332,1559.0621180131125,10731.85909545505,808428.8180000001,420464.182,1789923.4615555555,16430,16365.222222222223,16388.666666666668
277318.61395710637,1310182.2421602402,16261.362373597065,16292.476941882429,1559.0621180131125,10584.509389932213,808428.8180000001,420462.66911111114,1956266.7351111113,16383.222222222223,16318.444444444445,16297.000000000002
734823.3251111112,1310035.843,16212.77777777778,16290.666666666668,954.2222222222223,10668,1964057.5195555561,1302099.3517777782,1955541.9833333336,16383.222222222223,16318.444444444445,16297.000000000002
1304202.1824686148,1882312.9565603822,16210.976558160206,540.1622041995334,971.2254193978448,802.0219975558272,1963405.2337595907,1301418.5245524298,1955613.912787724,54.486823084621385,54.486823084621385,78.39430668297567
1884170.9862,1882771.2325333334,49.77777777777778,42.44444444444445,1178,719.3333333333334,1963890.1466666667,1967714.358666667,1955540.4602222224,54.44444444444445,54.44444444444445,61.77777777777778
1883962.8131318744,1882563.6968114655,49.772247528052446,42.439728919009006,1070.8810132207534,803.91067659149,1963890.1466666667,1967714.358666667,1955540.4602222224,54.44444444444445,54.44444444444445,61.77777777777778
1884710.3754194907,1882775.4356928547,49.78330925658406,42.44916101789087,1063.7848649849982,626.9585509501055,1963890.1466666667,1967646.938,1955458.0844444446,0,54.44444444444445,47.77777777777778
1884706.1678666668,1882704.4523333334,40.44444444444445,0,1061.6666666666667,626.8888888888889,1963731.4006666671,1967046.5817777782,1333769.5555555557,0,0,47.77777777777778
1884428.6944117318,1882497.2830241087,0,0,1201.4220642150874,429.7300299966671,1959396.8973333335,1967046.5817777782,1333769.5555555557,0,0,0
1884636.0624,1473688.6666666667,0,0,1061.6666666666667,429.7777777777778,1222187.3333333335,1636343.777777778,175843.22222222225,0,0,0
1750144.2222222222,623651.3333333334,0,0,1168.6666666666667,254.00000000000003,1222187.3333333335,1636343.777777778,4.666666666666667,0,0,0
1252010.2222222222,623651.3333333334,0,0,1242,293.77777777777777,590.5555555555555,704381.1111111111,0,0,0,0
631788.8888888889,590.5555555555555,0,0,1102.111111111111,293.77777777777777,590.5555555555555,704381.1111111111,0,0,0,0
583.1574269525609,0,0,0,1109.3211865348296,310.29885568270197,0,0,0,0,0,0
583.2870318924324,0,0,0,1256.8063118124235,303.0336704078231,0,0,0,0,0,0
0,0,0,0,1116.7777777777778,303,0,0,0,0,0,0
0,0,0,0,1002.4444444444446,303,0,0,0,0,0,0
0,0,0,33.0964015992892,1116.2816525988449,401.48822745446466,0,0,0,0,40.44444444444445,0
0,0,33.111111111111114,33.111111111111114,1116.7777777777778,401.6666666666667,0,0,0,40.44444444444445,40.44444444444445,0
0,0,33.111111111111114,33.111111111111114,1209.111111111111,592.1111111111112,0,0,0,40.44444444444445,40.44444444444445,0
0,0,32.74005713030103,32.74005713030103,1057.0204350692156,640.2988354207866,0,0,0,40.44444444444445,40.44444444444445,0
0,0,32.74005713030103,32.74005713030103,1162.821357943309,734.5638321248077,0,0,0,40.44444444444445,40.44444444444445,40.44444444444445
0,0,32.73646050752499,32.73646050752499,1195.2103702076238,718.1149071734593,0,0,0,40.44444444444445,40.44444444444445,40.44444444444445
0,0,32.73646050752499,32.73646050752499,1049.6539602328903,729.9791277600791,0,0,0,45.111111111111114,45.111111111111114,40.44444444444445
0,0,32.73646050752499,32.73646050752499,1155.4432604635833,729.9791277600791,0,0,0,45.111111111111114,45.111111111111114,40.44444444444445
0,0,32.73646050752499,32.73646050752499,1300.999670438317,729.9791277600791,0,0,0,45.111111111111114,45.111111111111114,40.44444444444445
0,0,32.754451527808314,0,1156.078258958013,632.7764343811828,0,0,0,45.111111111111114,4.666666666666667,45.111111111111114
0,0,0,0,1155.4432604635833,632.4288696034274,0,0,0,4.666666666666667,4.666666666666667,45.111111111111114
0,0,0,0,1177.065026362039,444.0905096660809,0,0,0,4.666666666666667,4.666666666666667,45.111111111111114
0,0,0,0,1177.194331539053,527.8479622102603,0,0,0,4.666666666666667,4.666666666666667,45.111111111111114
0,0,0,0,1190.6666666666667,258.6666666666667,0,0,0,4.666666666666667,4.666666666666667,4.666666666666667
0,0,0,0,943.7777777777778,258.6666666666667,0,0,0,4.666666666666667,4.666666666666667,4.666666666666667
0,0,0,0,1205.3333333333335,295.22222222222223,0,0,0,0,0,4.666666666666667
0,0,0,0,1138.7777777777778,295.22222222222223,0,0,0,0,0,4.666666666666667
0,0,0,0,991.4453949561162,403.732918564604,0,0,0,0,0,4.666666666666667
0,0,0,0,1116.6537051438731,319.07565826019334,0,0,0,0,0,0
0,0,0,0,1231.111111111111,319.11111111111114,0,0,0,0,33.111111111111114,0
0,0,33.11479053228136,0,1009.8899877764195,319.1465718413157,0,0,0,40.44444444444445,33.111111111111114,0
0,0,33.111111111111114,0,1116.7777777777778,694,0,0,0,40.44444444444445,33.111111111111114,0
0,0,33.10743250749917,33.10743250749917,1009.665592711921,693.9228974558383,0,0,0,40.44444444444445,33.111111111111114,0
0,0,33.111111111111114,33.111111111111114,1231.111111111111,694,0,0,0,40.44444444444445,33.111111111111114,0
0,0,33.111111111111114,33.111111111111114,1109.4444444444446,652.7777777777778,0,0,0,40.44444444444445,33.111111111111114,40.44444444444445
0,0,33.111111111111114,33.111111111111114,962.0000000000001,652.7777777777778,0,0,0,40.44444444444445,33.111111111111114,40.44444444444445
0,0,33.11479053228136,33.11479053228136,1176.1306811867985,724.1915768418712,0,0,0,40.44444444444445,33.111111111111114,40.44444444444445
0,0,33.111111111111114,33.111111111111114,1083.6666666666667,724.1111111111112,0,0,0,40.44444444444445,33.111111111111114,40.44444444444445
0,0,33.10743250749917,33.10743250749917,969.2256415953784,724.0306632596379,0,0,0,40.44444444444445,0,40.44444444444445
0,0,0,33.10743250749917,1076.2137540273304,808.6879235640486,0,0,0,0,0,40.44444444444445
0,0,0,33.111111111111114,1076.3333333333335,349.22222222222223,0,0,0,0,0,40.44444444444445
0,0,0,0,1076.4529392154682,349.2610290032225,0,0,0,0,0,40.44444444444445
0,0,0,0,1069.118790976775,349.2610290032225,0,0,0,0,0,40.44444444444445
0,0,0,0,1068.881235418287,349.18342406399296,0,0,0,0,0,0
0,0,0,0,1069,349.22222222222223,0,0,0,0,0,0
0,0,0,0,1224.9258893280632,188.2411067193676,0,0,0,0,0,0
0,0,0,0,1204.9666419570049,282.4314306893995,0,0,0,0,0,0
0,0,0,0,1360.761057573511,282.4314306893995,0,0,0,0,0,0
0,0,36.817395601680246,0,1352.3597726711141,358.53718804052374,0,0,0,0,40.44444444444445,0
0,0,36.808300395256914,0,1069.4169960474308,423.9130434782609,0,0,0,0,40.44444444444445,0
0,0,36.808300395256914,0,1344.1205533596838,672.3073122529644,0,0,0,0,40.44444444444445,0
0,0,36.81284743668931,36.81284743668931,1241.383570105003,672.390364422483,0,0,0,0,40.44444444444445,0
0,0,36.817395601680246,36.817395601680246,1085.9896219421792,680.6276254015319,0,0,0,0,40.44444444444445,0
0,0,36.808300395256914,36.808300395256914,1241.4772727272727,680.4594861660079,0,0,0,40.44444444444445,45.111111111111114,33.111111111111114
0,0,33.111111111111114,33.111111111111114,1083.888888888889,766.2222222222223,0,0,0,40.44444444444445,45.111111111111114,33.111111111111114
0,0,33.111111111111114,33.111111111111114,1094.7777777777778,681.5555555555557,0,0,0,40.44444444444445,45.111111111111114,33.111111111111114
0,0,33.111111111111114,33.111111111111114,954.6666666666667,816,0,0,0,40.44444444444445,45.111111111111114,33.111111111111114
0,0,0,33.111111111111114,1100.2222222222224,754.8888888888889,0,0,0,40.44444444444445,4.666666666666667,33.111111111111114
0,0,0,33.111111111111114,1216.4444444444446,696,0,0,0,45.111111111111114,4.666666666666667,33.111111111111114
0,0,0,33.111111111111114,1076.3333333333335,472.5555555555556,0,0,0,45.111111111111114,4.666666666666667,37.77777777777778
0,0,0,0,954.8888888888889,557.2222222222223,0,0,0,45.111111111111114,4.666666666666667,37.77777777777778
0,0,0,0,1201.7777777777778,465.22222222222223,0,0,0,45.111111111111114,4.666666666666667,37.77777777777778
0,0,0,0,1168.6666666666667,465.22222222222223,0,0,0,4.666666666666667,0,4.666666666666667
0,0,0,0,954.6666666666667,395.7777777777778,0,0,0,4.666666666666667,0,4.666666666666667
0,0,0,0,1069,395.7777777777778,0,0,0,4.666666666666667,0,4.666666666666667
0,0,0,0,1069,284.5555555555556,0,0,0,4.666666666666667,0,4.666666666666667
0,0,0,0,1100.2222222222224,286,0,0,0,4.666666666666667,40.44444444444445,4.666666666666667
0,0,0,0,1091.1212356928547,286.03178130903433,0,0,0,0,40.44444444444445,4.666666666666667
0,0,0,0,984.0000000000001,381.22222222222223,0,0,0,0,40.44444444444445,0
0,0,0,0,1216.4444444444446,388.5555555555556,0,0,0,0,40.44444444444445,0
0,0,33.10743250749917,0,1090.8787912454172,483.8351294300634,0,0,0,33.111111111111114,40.44444444444445,0
0,0,33.111111111111114,33.111111111111114,1091,483.8888888888889,0,0,0,33.111111111111114,40.44444444444445,0
0,0,33.11479053228136,33.11479053228136,1091.1212356928547,681.5201689076563,0,0,0,33.111111111111114,40.44444444444445,0
0,0,33.10743250749917,33.10743250749917,1090.8787912454172,681.3687368070215,0,0,0,33.111111111111114,40.44444444444445,40.44444444444445
0,0,33.10743250749917,33.10743250749917,1197.8669036773692,658.1490945450506,0,0,0,33.111111111111114,40.44444444444445,40.44444444444445
0,0,33.111111111111114,33.111111111111114,921.7777777777778,693.2222222222223,0,0,0,33.111111111111114,0,40.44444444444445
0,0,33.092726263187124,33.092726263187124,1083.0649639089395,751.6935036091062,0,0,0,33.111111111111114,0,40.44444444444445
0,0,32.78688524590164,32.78688524590164,1332.049730443393,650.4565958851358,0,0,0,33.111111111111114,0,40.44444444444445
0,0,32.78327832783278,32.78327832783278,1207.7007700770077,650.3850385038504,0,0,0,33.111111111111114,0,40.44444444444445
0,0,0,32.79049295774649,1087.6980633802818,556.117957746479,0,0,0,0,0,40.44444444444445
0,0,0,0,1209.924084057652,639.894377819342,0,0,0,0,0,40.44444444444445
0,0,0,0,1346.5727802838594,360.435691495214,0,0,0,0,0,40.44444444444445
0,0,0,0,1207.522269877928,360.2771362586605,0,0,0,0,0,0
0,0,0,0,1101.6166281755195,434.94996150885294,0,0,0,0,0,0
0,0,0,0,1368.3573550445592,307.9546704808009,0,0,0,0,0,0
0,0,0,0,1223.1150247660978,289.157952669235,0,0,0,0,0,0
0,0,0,0,1117.2391017173052,380.3390576838397,0,0,0,0,0,0
0,0,0,0,1135,291.8888888888889,0,0,0,0,0,0
0,0,0,0,1135,291.8888888888889,0,0,0,0,0,0
0,0,0,0,1132.888888888889,266.11111111111114,0,0,0,0,40.44444444444445,0
0,0,0,0,994.7783579602268,266.08154649483396,0,0,0,33.111111111111114,40.44444444444445,0
0,0,33.12951639799889,0,1021.2340188993886,489.8276820455809,0,0,0,33.111111111111114,40.44444444444445,0
0,0,33.12583370386839,0,1128.1680746998666,664.9622054246332,0,0,0,33.111111111111114,40.44444444444445,33.111111111111114
0,0,33.10743250749917,33.10743250749917,1087.1014331740919,664.5928230196646,0,0,0,33.111111111111114,45.111111111111114,33.111111111111114
0,0,33.111111111111114,33.111111111111114,1098.3333333333335,754.6666666666667,0,0,0,33.111111111111114,45.111111111111114,33.111111111111114
0,0,33.10743250749917,33.10743250749917,1226.9747805799357,726.141539828908,0,0,0,33.111111111111114,45.111111111111114,33.111111111111114
0,0,37.773580713254084,33.10743250749917,958.1157649150095,726.141539828908,0,0,0,37.77777777777778,45.111111111111114,37.77777777777778
0,0,37.77777777777778,33.111111111111114,1172.2222222222224,730.8888888888889,0,0,0,37.77777777777778,45.111111111111114,37.77777777777778
0,0,37.78197577508612,37.78197577508612,943.8826536281808,768.7520835648404,0,0,0,37.77777777777778,4.666666666666667,37.77777777777778
0,0,37.78197577508612,37.78197577508612,1205.4672741415711,768.7520835648404,0,0,0,4.666666666666667,4.666666666666667,37.77777777777778
0,0,4.664075513603554,37.756801776790674,1186.2298722931705,544.9194891726819,0,0,0,4.666666666666667,4.666666666666667,37.77777777777778
0,0,4.667185242804756,37.78197577508612,1234.5816201800199,294.6994110456717,0,0,0,4.666666666666667,4.666666666666667,4.666666666666667
0,0,4.667185242804756,4.667185242804756,1113.1236804089342,386.70963440382263,0,0,0,4.666666666666667,0,4.666666666666667
0,0,4.667185242804756,4.667185242804756,980.3311479053227,256.9174352705856,0,0,0,4.666666666666667,0,4.666666666666667
0,0,4.667185242804756,4.667185242804756,1058.0064451605733,193.35481720191132,0,0,0,4.666666666666667,0,4.666666666666667
0,0,0,4.667185242804756,1058.0064451605733,285.3650405600622,0,0,0,0,0,0
0,0,0,4.666148205754917,1098.2113098544608,280.6354849461171,0,0,0,0,0,0
0,0,0,0,1098.3333333333335,266.11111111111114,0,0,271.5555555555556,0,0,46066.333333333336
0,0,32.722081915010435,0,1183.9244537169213,262.9845174041946,0,0,319.11111111111114,0,40.44444444444445,46458.11111111112
0,0,32.74005713030103,32.74005713030103,22214.7879586904,22378.70797626895,0,0,319.11111111111114,0,40.44444444444445,46458.11111111112
0,0,32.722081915010435,32.722081915010435,22049.85176238059,22493.13714724937,0,0,381.11111111111114,40.44444444444445,40.44444444444445,46533.222222222226
0,0,32.722081915010435,32.722081915010435,22181.06950697266,22520.698363895906,255.66666666666669,264.22222222222223,381.11111111111114,40.44444444444445,46062.77777777778,46618.333333333336
0,0,32.722081915010435,32.722081915010435,22181.06950697266,22520.698363895906,293.77777777777777,264.22222222222223,443.11111111111114,46431.66666666667,46062.77777777778,46618.333333333336
0,0,32.725675378871074,32.725675378871074,22212.49725455744,22574.126949264224,293.77777777777777,318.8888888888889,443.11111111111114,46431.66666666667,46391.88888888889,46757.55555555556
0,0,32.725675378871074,32.725675378871074,22325.499670546895,65426.422139248854,332.11111111111114,318.8888888888889,497.7777777777778,46509.66666666667,46391.88888888889,46837.444444444445
0,0,32.725675378871074,32.725675378871074,22074.01713156161,65426.422139248854,379.6666666666667,359.11111111111114,536.1111111111112,46509.66666666667,46507.222222222226,46837.444444444445
0,0,32.722081915010435,32.722081915010435,64308.11463709235,65977.70945426596,379.6666666666667,359.11111111111114,297.44444444444446,46625,46507.222222222226,893.7777777777778
0,0,32.722081915010435,32.722081915010435,64082.35423300759,65977.70945426596,450.8888888888889,430.33333333333337,249.8888888888889,46625,46541.88888888889,502.00000000000006
0,0,0,0,43564.333333333336,44670.66666666667,450.8888888888889,468.6666666666667,302.6666666666667,46740.333333333336,46636.222222222226,577.1111111111112
0,0,0,0,43697.11111111112,44612.444444444445,529.4444444444445,530.6666666666667,240.66666666666669,46699.88888888889,46636.222222222226,579.7777777777778
0,0,0,0,43462.16246249583,44685.63173685965,273.77777777777777,314,302.6666666666667,46775,689,532.2222222222223
0,0,0,0,43700.444444444445,44680.66666666667,305,314,288.22222222222223,383.7777777777778,783.3333333333334,532.2222222222223
0,0,0,0,43571.66666666667,44760,328.6666666666667,290.33333333333337,288.22222222222223,508.33333333333337,454.22222222222223,508.33333333333337
0,0,0,0,43462.16246249583,1311.1456828536502,352.33333333333337,335.7777777777778,286.33333333333337,467.8888888888889,529.3333333333334,449.44444444444446
0,0,0,0,43711.77777777778,1532.1111111111113,304.77777777777777,295.5555555555556,248.00000000000003,583.2222222222223,491.7777777777778,449.44444444444446
0,0,0,0,1101.888888888889,1015.7777777777778,352.33333333333337,357.5555555555556,277.11111111111114,505.44444444444446,559.5555555555555,442.11111111111114
0,0,0,0,1101.888888888889,1299,281.11111111111114,286.33333333333337,300.77777777777777,505.44444444444446,519.3333333333334,496.22222222222223
0,0,33.11479053228136,33.11479053228136,1087.56528503167,1283.5870652294698,333.8888888888889,310,286.33333333333337,484.44444444444446,425.00000000000006,442.11111111111114
0,0,33.111111111111114,33.111111111111114,1123.888888888889,1213.4444444444446,295.5555555555556,248.00000000000003,286.33333333333337,522,502.7777777777778,364.33333333333337
0,0,33.10743250749917,33.10743250749917,1123.764026219309,1236.5292745250529,326.5555555555556,248.00000000000003,286.33333333333337,446.8888888888889,498.33333333333337,442.11111111111114
0,0,33.111111111111114,33.111111111111114,1094.7777777777778,1236.6666666666667,257.22222222222223,248.00000000000003,238.7777777777778,557.6666666666667,404,484.33333333333337
0,0,33.111111111111114,33.111111111111114,1096.4444444444446,1241.4444444444446,286.33333333333337,279,262.44444444444446,433.11111111111114,519.3333333333334,369
0,0,33.10743250749917,33.10743250749917,1219.8644595044996,1601.2665259415623,264.5555555555556,264.5555555555556,262.44444444444446,503.7777777777778,502.7777777777778,461.44444444444446
0,0,33.09640159928921,33.09640159928921,965.1266103953799,1576.9657929808975,264.5555555555556,264.5555555555556,302.6666666666667,473.5555555555556,425.00000000000006,541.3333333333334
0,0,33.111111111111114,33.111111111111114,1079.888888888889,1446.7777777777778,262.44444444444446,248.00000000000003,240.66666666666669,473.5555555555556,451.5555555555556,426.00000000000006
0,0,33.111111111111114,33.111111111111114,1196.111111111111,1411.888888888889,310,310,262.44444444444446,511.11111111111114,454.22222222222223,478.00000000000006
0,0,0,0,1127.4444444444446,1342.1111111111113,257.22222222222223,248.00000000000003,224.11111111111111,524.7777777777778,508.11111111111114,457.00000000000006
0,0,0,0,1072.5555555555557,1342.1111111111113,262.44444444444446,279,276.8888888888889,517.4444444444445,430.33333333333337,555.7777777777778
0,0,0,0,1072.5555555555557,1163.888888888889,262.44444444444446,231.44444444444446,238.55555555555557,517.4444444444445,434.7777777777778,440.44444444444446
0,0,0,0,1089.5129442738044,1489.578762615182,262.44444444444446,286.11111111111114,276.8888888888889,484.44444444444446,533.5555555555555,473.33333333333337
0,0,0,0,1188.000438740814,1355.489744433476,262.44444444444446,255.11111111111114,253.22222222222223,484.44444444444446,418.22222222222223,534.5555555555555
0,0,0,0,1066.0304924865636,1185.806734671493,245.8888888888889,276.8888888888889,262.44444444444446,434.7777777777778,413.7777777777778,475.22222222222223
0,0,0,0,1299.35257324701,1120.8164161088555,293.44444444444446,276.8888888888889,236.66666666666669,349.6666666666667,512.5555555555555,395.33333333333337
0,0,0,0,1058.9074155331286,1120.447564721369,248.00000000000003,278.77777777777777,236.66666666666669,427.44444444444446,418.22222222222223,510.6666666666667
0,0,32.68619063288363,32.68619063288363,1188.000438740814,1093.671163760009,245.8888888888889,216.7777777777778,253.22222222222223,427.44444444444446,418.22222222222223,404.5555555555556
0,0,32.68619063288363,32.68619063288363,1171.6573434243721,1223.757815070747,291.33333333333337,255.11111111111114,253.22222222222223,418.22222222222223,463.11111111111114,446.5555555555556
0,0,32.68619063288363,32.68619063288363,1058.7912690578041,1223.757815070747,245.8888888888889,255.11111111111114,214.8888888888889,388,500.6666666666667,442.11111111111114
0,0,32.68977621763931,32.68977621763931,1293.5498025449758,1429.7937691970162,262.44444444444446,276.8888888888889,253.22222222222223,425.5555555555556,425.5555555555556,442.11111111111114
0,0,32.68977621763931,32.68977621763931,1051.667397981571,1129.223343571742,262.44444444444446,222.22222222222223,214.8888888888889,347.7777777777778,456.7777777777778,409
0,0,33.111111111111114,33.111111111111114,1094.5555555555557,1317.888888888889,255.11111111111114,245.8888888888889,276.8888888888889,463.11111111111114,510.8888888888889,434.7777777777778
0,0,33.11479053228136,33.11479053228136,1238.1375708412045,1352.372485831759,276.8888888888889,214.8888888888889,214.8888888888889,442.11111111111114,456.7777777777778,380.6666666666667
0,0,33.11479053228136,33.11479053228136,1002.3335926214023,1348.4831647960882,229.33333333333334,214.8888888888889,229.33333333333334,442.11111111111114,426.5555555555556,422.6666666666667
0,0,33.10743250749917,33.10743250749917,1232.6408176869238,1348.1835351627599,267.6666666666667,229.55555555555557,229.33333333333334,432.8888888888889,426.5555555555556,307.33333333333337
0,0,0,0,985.7761973552616,1369.4854983887096,222.22222222222223,267.6666666666667,229.33333333333334,395.33333333333337,464.11111111111114,422.6666666666667
0,0,0,0,1101.7664703921787,1228.641262081991,214.8888888888889,229.33333333333334,243.7777777777778,402.6666666666667,467.00000000000006,458.6666666666667
0,0,0,0,1208.888888888889,1228.7777777777778,253.22222222222223,236.66666666666669,276.8888888888889,402.6666666666667,429.44444444444446,416.33333333333337
0,0,0,0,971.2222222222223,1226.3333333333335,205.66666666666669,238.55555555555557,214.8888888888889,473.33333333333337,488.00000000000006,416.33333333333337
0,0,0,0,1208.7545828241307,1465.2816353738476,253.00000000000003,238.55555555555557,229.33333333333334,555.5555555555555,358,416.33333333333337
0,0,0,0,971.0000000000001,1250.888888888889,207.55555555555557,236.66666666666669,229.33333333333334,501.6666666666667,402.6666666666667,431.00000000000006
0,0,0,0,1050.6610376624822,1277.191423175203,214.8888888888889,269.5555555555556,243.7777777777778,464.11111111111114,444.8888888888889,431.00000000000006
0,0,0,0,1157.5555555555557,1150.2222222222224,267.6666666666667,269.5555555555556,245.8888888888889,525.3333333333334,376.33333333333337,456.7777777777778
0,0,0,0,1050.5555555555557,1251.6666666666667,229.33333333333334,229.33333333333334,245.8888888888889,485.33333333333337,467.7777777777778,525.3333333333334
0,0,0,0,1050.5555555555557,1369.888888888889,253.00000000000003,214.8888888888889,229.33333333333334,506.33333333333337,467.7777777777778,410.00000000000006
0,0,33.111111111111114,33.111111111111114,1021.2222222222223,1189.2222222222224,214.8888888888889,245.8888888888889,229.33333333333334,506.33333333333337,366.11111111111114,404.44444444444446
0,0,33.11479053228136,33.11479053228136,1021.3357039671074,1374.3749305478384,229.33333333333334,243.7777777777778,181.7777777777778,506.33333333333337,427.33333333333337,352.44444444444446
0,0,33.10743250749917,33.10743250749917,1149.8722364181758,1383.7351405399402,253.00000000000003,220.11111111111111,236.44444444444446,435.6666666666667,368.7777777777778,449.33333333333337
0,0,33.111111111111114,33.111111111111114,912.3333333333334,1246.2222222222224,236.66666666666669,282.11111111111114,236.44444444444446,353.44444444444446,443.8888888888889,407.33333333333337
0,0,33.10743250749917,33.10743250749917,1135.4293967336964,1246.08376847017,236.66666666666669,229.33333333333334,198.11111111111111,383.44444444444446,421.00000000000006,352.44444444444446
0,0,33.111111111111114,33.111111111111114,912.3333333333334,1262.6666666666667,229.33333333333334,189.11111111111111,222.00000000000003,383.44444444444446,378.7777777777778,449.33333333333337
0,0,33.10743250749917,33.10743250749917,1065.1038773469616,1262.526385957116,207.55555555555557,229.33333333333334,205.44444444444446,411.7777777777778,501.44444444444446,428.33333333333337
0,0,32.75085174194967,32.75085174194967,1059.0174744477415,1612.045279701066,207.55555555555557,229.33333333333334,205.44444444444446,345.6666666666667,452.00000000000006,359.7777777777778
0,0,32.74725274725275,32.74725274725275,1293.9560439560441,1255.2747252747254,229.33333333333334,243.7777777777778,222.00000000000003,416.33333333333337,376.8888888888889,465.8888888888889
0,0,0,0,1195.7357951423232,1339.4878558083306,260.33333333333337,212.7777777777778,222.00000000000003,410.00000000000006,492.22222222222223,393.44444444444446
0,0,0,0,1089.7802197802198,1274.1758241758243,243.7777777777778,214.8888888888889,222.00000000000003,410.00000000000006,431.00000000000006,452.00000000000006
0,0,0,0,1195.6043956043954,1249.8901098901097,220.11111111111111,229.33333333333334,212.7777777777778,431.00000000000006,459.33333333333337,355.11111111111114
0,0,0,0,1317.9470271458401,1233.542147488735,212.7777777777778,222.00000000000003,229.33333333333334,431.00000000000006,506.8888888888889,477.7777777777778
0,0,0,0,1233.6520496757885,1588.5262116716124,258.22222222222223,222.00000000000003,205.66666666666669,445.6666666666667,431.00000000000006,488.44444444444446
0,0,0,0,1233.6520496757885,1326.0797889878008,212.7777777777778,222.00000000000003,196.22222222222223,520.7777777777778,468.5555555555556,391.5555555555556
0,0,0,0,1188.4822507967908,1393.6696340257172,205.44444444444446,219.8888888888889,181.7777777777778,431.22222222222223,345.8888888888889,445.6666666666667
0,0,0,0,1188.2624464226838,1217.9360369271349,258.22222222222223,198.11111111111111,229.33333333333334,483.22222222222223,410.00000000000006,466.6666666666667
0,0,0,0,963.6666666666667,1229.888888888889,212.7777777777778,198.33333333333334,196.22222222222223,445.6666666666667,431.00000000000006,360.5555555555556
0,0,33.111111111111114,0,1063.3333333333335,1144.888888888889,205.44444444444446,198.33333333333334,212.7777777777778,414.44444444444446,421.7777777777778,412.5555555555556
0,0,33.111111111111114,33.111111111111114,1216,1255.5555555555557,169.22222222222223,198.11111111111111,243.7777777777778,414.44444444444446,421.7777777777778,445.6666666666667
0,0,33.11479053228137,33.11479053228137,980.3311479053228,1342.3713745971775,222.00000000000003,183.66666666666669,198.33333333333334,431.00000000000006,431.00000000000006,488.44444444444446
0,0,33.111111111111114,33.111111111111114,1070.6666666666667,1257.4444444444446,222.00000000000003,181.7777777777778,196.22222222222223,520.5555555555555,397.8888888888889,396
0,0,33.111111111111114,33.111111111111114,1063.3333333333335,1000.0000000000001,191,205.44444444444446,196.22222222222223,414.44444444444446,397.8888888888889,338.5555555555556
0,0,33.111111111111114,33.111111111111114,1063.3333333333335,1223,243.7777777777778,191,214.8888888888889,393.44444444444446,414.44444444444446,452.00000000000006
0,0,33.111111111111114,33.111111111111114,1079.888888888889,1272.6666666666667,220.11111111111111,205.66666666666669,243.7777777777778,393.44444444444446,414.44444444444446,381.33333333333337
0,0,33.111111111111114,33.111111111111114,951.1111111111112,1272.6666666666667,205.44444444444446,220.11111111111111,196.22222222222223,414.44444444444446,412.5555555555556,360.33333333333337
0,0,33.111111111111114,33.111111111111114,1094.5555555555557,1315.4444444444446,205.44444444444446,214.66666666666669,229.33333333333334,414.44444444444446,429.11111111111114,473.7777777777778
0,0,0,33.111111111111114,1101.888888888889,1315.4444444444446,212.7777777777778,214.66666666666669,198.33333333333334,345.8888888888889,412.5555555555556,442.7777777777778
0,0,0,0,949.2222222222223,1220.2222222222224,227.22222222222223,212.7777777777778,196.22222222222223,450.11111111111114,447.44444444444446,412.33333333333337
0,0,0,0,1194.2222222222224,1150.3333333333335,174.44444444444446,250.8888888888889,196.22222222222223,375,409.8888888888889,369.5555555555556
0,0,0,0,980.2222222222223,1150.3333333333335,188.8888888888889,198.11111111111111,214.8888888888889,387,426.44444444444446,393.44444444444446
0,0,0,0,1063.5555555555557,1256.6666666666667,212.7777777777778,227.22222222222223,243.7777777777778,387,426.44444444444446,466.44444444444446
0,0,0,0,1063.5555555555557,1221.4444444444446,160,227.22222222222223,210.66666666666669,400.6666666666667,409.8888888888889,405.22222222222223
0,0,0,0,978.3333333333334,1103.4444444444446,198.11111111111111,212.55555555555557,181.7777777777778,476.5555555555556,409.8888888888889,433.7777777777778
0,0,0,0,1199.6666666666667,1355.1111111111113,160,236.44444444444446,229.33333333333334,403.5555555555556,411.7777777777778,433.7777777777778
0,0,0,0,1201.5555555555557,1022.8888888888889,212.7777777777778,203.55555555555557,196.22222222222223,417.22222222222223,432.7777777777778,409.8888888888889
0,0,0,0,971.0000000000001,1199.7777777777778,219.8888888888889,218.00000000000003,196.22222222222223,417.22222222222223,343.22222222222223,388.8888888888889
0,0,33.111111111111114,0,1192.3333333333335,1331.888888888889,205.44444444444446,236.44444444444446,181.7777777777778,402.5555555555556,376.8888888888889,386.22222222222223
0,0,33.111111111111114,0,947.3333333333334,1090.7777777777778,236.44444444444446,198.33333333333334,236.44444444444446,440.11111111111114,452.00000000000006,454.7777777777778
0,0,32.74005713030103,0,1322.676334871457,1246.2096242584048,220.11111111111111,220.11111111111111,203.33333333333334,399.7777777777778,345.8888888888889,400.6666666666667
0,0,32.74005713030103,32.74005713030103,1111.0744891232696,1320.4790156009667,181.7777777777778,167.33333333333334,174.44444444444446,399.7777777777778,381.33333333333337,386.22222222222223
0,0,32.73646050752499,32.73646050752499,1315.280676699989,1374.821487421729,219.8888888888889,205.44444444444446,174.44444444444446,390.5555555555556,435.44444444444446,334
0,272.9070533948583,32.74005713030103,45552.95539441881,1293.6717205009888,1374.9725335091189,212.7777777777778,198.33333333333334,236.44444444444446,374,435.44444444444446,351.11111111111114
0,272.9070533948583,32.74005713030103,45552.95539441881,1074.8187211601846,22829.817622500548,249.00000000000003,181.7777777777778,188.8888888888889,374,402.33333333333337,440.6666666666667
0,334.2122610415293,45637.00285651505,45828.609096901775,1159.0859151834761,22829.817622500548,196.22222222222223,181.7777777777778,188.8888888888889,390.5555555555556,381.33333333333337,372.11111111111114
282.7639239811051,381.1930132923212,45631.989454026145,45921.454465560804,1158.9585850818412,23625.288366472592,181.7777777777778,205.44444444444446,229.11111111111111,433.33333333333337,381.33333333333337,372.11111111111114
282.79499011206326,381.23489343001535,45696.76994067238,46027.02702702703,43218.52340145023,23364.205669083716,212.7777777777778,150.7777777777778,214.66666666666669,343.7777777777778,418.8888888888889,550.8888888888889
355.2674942326705,442.49148632319014,45783.14841261123,46021.97077886411,43441.17323959134,23753.268153356035,181.7777777777778,203.55555555555557,37079.222222222226,397.8888888888889,343.7777777777778,482.33333333333337
416.6117336849044,482.31157987255546,45858.05317512635,46084.92638980444,43309.49241924851,83056.47110525159,196.22222222222223,196.22222222222223,37064.77777777778,403.33333333333337,417.7777777777778,84851.66666666667
421.33333333333337,487.7777777777778,46377.77777777778,46661.11111111112,43762,83714.88888888889,219.8888888888889,196.22222222222223,37093.66666666667,403.33333333333337,382.33333333333337,84835.11111111112
483.33333333333337,518.7777777777778,46493.11111111112,46661.11111111112,43747.66666666667,142771.22222222222,234.55555555555557,212.7777777777778,37079.222222222226,403.33333333333337,375,84929.44444444445
530.8299077880237,273.7473614042884,46534.718364626155,700.0333296300412,43619.48672369737,142755.3605154983,203.55555555555557,218.00000000000003,37064.77777777778,412.5555555555556,448.00000000000006,84853.55555555556
578.4444444444445,95618,46577.444444444445,143465.8888888889,102655.77777777778,121459.66666666667,181.7777777777778,196.22222222222223,37093.66666666667,471.11111111111114,375,84807
578.4444444444445,95594.11111111112,526.7777777777778,143187.11111111112,102541.44444444445,180793.55555555556,181.7777777777778,219.8888888888889,37064.77777777778,386.7777777777778,358.44444444444446,84842.44444444445
354.44444444444446,95546.55555555556,580.8888888888889,143175.33333333334,161578.55555555556,179809.55555555556,196.22222222222223,181.7777777777778,37086.555555555555,59854.333333333336,464.5555555555556,84842.44444444445
354.4050661037663,95583.49072325298,487.2791912009777,143149.20564381737,118807.91023219643,238959.33785134988,95493.11111111112,234.55555555555557,37086.555555555555,59854.333333333336,358.44444444444446,84706
333.92599177686407,95542.72696966329,432.492499166574,143235.13723747083,118856.65073897099,239818.86876319587,95507.55555555556,196.22222222222223,196.22222222222223,143821.55555555556,396,84748.77777777778
304.77777777777777,95553.88888888889,453.22222222222223,143160.6666666667,118843.44444444445,179650,95471.33333333334,219.8888888888889,196.22222222222223,143809,364.7777777777778,379.44444444444446
304.77777777777777,95606.66666666667,453.22222222222223,143111.22222222222,118843.44444444445,238864.22222222225,95485.77777777778,219.8888888888889,196.22222222222223,143877.55555555556,364.7777777777778,421.7777777777778
295.5555555555556,95575.66666666667,467.8888888888889,143202.6666666667,118767.33333333334,238936.77777777778,95471.33333333334,203.55555555555557,243.7777777777778,143819,381.33333333333337,386.7777777777778
295.5555555555556,95568.33333333334,421.11111111111114,143127.55555555556,177819.11111111112,238936.77777777778,95485.77777777778,167.33333333333334,210.66666666666669,143792.44444444447,308.33333333333337,386.7777777777778
279,271.6666666666667,456.11111111111114,463.44444444444446,118787.66666666667,238561.44444444447,95463.17894035322,95468.95479284682,181.7172053759858,143685.99355770298,143874.930578696,385.64922803509944
278.9690034440618,233.5296078213532,491.72314187312526,463.3929563381847,118888.79013442952,180289.19008999004,95495,95477.11111111112,196.22222222222223,143844.6666666667,143901.8888888889,329.33333333333337
262.4736081786865,279.03100344482715,491.8324258250916,434.8260917879764,60015.001666851866,239699.07767529725,95487.88888888889,95539.11111111112,196.22222222222223,84334.33333333334,143880.11111111112,390.5555555555556
262.4736081786865,262.4736081786865,491.8324258250916,414.04600511167905,60123.902655850645,180735.63729303255,196.22222222222223,95486.33333333334,196.22222222222223,84371.88888888889,143939.44444444447,364.7777777777778
271.6666666666667,324.44444444444446,569.5555555555555,458.6666666666667,59864.88888888889,179513.11111111112,205.44444444444446,95500.77777777778,181.7777777777778,402.5555555555556,143901.8888888889,322
286.33333333333337,262.44444444444446,515.6666666666667,458.6666666666667,119005.22222222223,238814.6666666667,205.44444444444446,95486.33333333334,210.66666666666669,348.44444444444446,143941.55555555556,399.6666666666667
286.33333333333337,224.11111111111111,515.6666666666667,458.6666666666667,118791.22222222223,179770.11111111112,212.7777777777778,95486.33333333334,181.7777777777778,332.11111111111114,202974.77777777778,386
95303.9226580731,286.14290476719634,143143.46038448715,489.94332703633734,118909.5455050561,120411.71241249026,174.44444444444446,190450.77777777778,213.55555555555557,84899.22222222223,202873.8888888889,326.6666666666667
95547.83864873873,262.4736081786865,143164.46271807977,510.9456606289587,119180.68674297143,416109.34548283136,95344.66666666667,190685.77777777778,199.11111111111111,84857.22222222223,228254.8888888889,84791.88888888889
94489.72866088102,94361.30945842029,141519.71877403054,83562.7815006042,118926.61759859386,413294.73799846205,95390.90808047127,95384.1280426809,95477.27020117818,85006.1131488274,84698.78848505058,84778.1482716461
94555.43346884956,94382.04592901877,141525.32688715524,83669.48686957476,118724.75552137126,413970.99219865946,95359.11111111112,95390.44444444445,95459.88888888889,84918.22222222223,84670.55555555556,84815.77777777778
94500.10986596352,94388.04658316853,141535.26697429136,83688.63985937157,118790.5954735223,355227.53241045924,95401.11111111112,95328.44444444445,95397.88888888889,84918.22222222223,168742.77777777778,84808.66666666667
94530.76246978686,94413.20588881565,141535.26697429136,83618.76510656998,118788.72775214238,356205.8888156449,132146.22222222222,132152,132212.6666666667,169049.6666666667,168704.44444444447,168896.11111111112
94531.2534329342,130819.18048994837,141617.26903218718,166689.0036251785,176924.0909590245,532045.918927826,132160.6666666667,132146.8888888889,132227.11111111112,168960.11111111112,168704.44444444447,168896.11111111112
94484.235966165,130833.46149621003,141580.13841590684,166775.23893222015,118452.92760628364,590112.6002416785,132175.11111111112,132161.33333333334,132198.22222222222,169027.8888888889,168720.77777777778,168869.6666666667
130988.24434190287,130833.55306526038,224693.36409580312,166756.42715886616,118677.54339705559,822579.1034937376,132129.6666666667,132161.33333333334,132212.6666666667,228726.77777777778,109687.55555555556,168906.77777777778
37040.76027246759,130833.55306526038,141695.78114700064,224921.33597011646,350986.9259503406,822579.1034937376,227751.77777777778,37189.555555555555,227750.33333333334,144159.6666666667,109725.11111111112,228695.77777777778
36748.54443590025,130819.18048994837,141659.45292760627,224875.86509941777,292296.7153685598,591032.9561682962,132567.11111111112,36983.444444444445,227750.33333333334,144200.11111111112,143622.77777777778,144230.55555555556
130657.47555750851,225291.55223552673,142007.4700648138,142011.8642205866,292402.5046687905,591899.7033944853,132702.11111111112,36983.444444444445,132653.33333333334,144096.11111111112,143592.55555555556,144230.55555555556
133422.6666666667,132769.33333333334,143602,143580.8888888889,294888.3333333334,594865.1111111111,132702.11111111112,132694.55555555556,132624.44444444447,144044.8888888889,143938.33333333334,144190.44444444447
133422.6666666667,132819.55555555556,143522.11111111112,143493.6666666667,294665.1111111111,594914.7777777779,132629.11111111112,132711.11111111112,132624.44444444447,144061.44444444447,59798.333333333336,144136.33333333334
134561.77777777778,132763.11111111112,143522.11111111112,143493.6666666667,294772.1111111111,593705.8888888889,95888,95887.55555555556,95859.11111111112,59892.444444444445,59777.333333333336,59990.333333333336
134691.74352705854,95878.65318368707,143324.03600400043,59404.37826425158,236122.45805089452,416035.44838315365,95849.88888888889,98458.44444444445,95830.22222222223,59892.444444444445,59777.333333333336,59990.333333333336
134676.77777777778,95853.55555555556,143308.11111111112,59310.55555555556,236096.22222222225,297956.44444444444,95675.98447032722,98256.5723793677,98266.5557404326,59725.1247920133,59579.25679423183,59839.378813089286
158512.38751249862,98592.37862459727,59262.08199088991,59303.9662259749,236077.3247416954,62744.25063881792,98405.55555555556,98768.22222222223,98415.88888888889,73.55555555555556,59678.55555555556,59831.333333333336
189418.6666666667,98541.33333333334,465.00000000000006,363.7777777777778,1078,62826.66666666667,3169.888888888889,98784.77777777778,3189.3333333333335,73.55555555555556,59641.00000000001,42.333333333333336
189418.6666666667,98541.33333333334,465.00000000000006,363.7777777777778,1185,1266.5555555555557,3169.888888888889,98755.88888888889,3189.3333333333335,33.111111111111114,410.11111111111114,42.333333333333336
124487.27636404043,2972.6636292921435,49.67218579842204,66.22958106456272,971.1079008778752,477.83087009667736,2996.777777777778,98755.88888888889,3072.888888888889,57.00000000000001,410.11111111111114,42.333333333333336
123244.77777777778,2894.888888888889,0,33.111111111111114,1063.3333333333335,388.33333333333337,3037,3006.666666666667,3072.888888888889,57.00000000000001,64.33333333333334,64.33333333333334
123432.88888888889,2782.666666666667,0,33.111111111111114,1170.3333333333335,509.2222222222223,3037,152625.11111111112,3072.888888888889,40.44444444444445,25091.666666666668,64.33333333333334
124626.00000000001,150228.33333333334,0,25067.666666666668,956.3333333333334,597,2996.777777777778,152625.11111111112,151805.8888888889,40.44444444444445,25091.666666666668,25014.55555555556
124438.00000000001,150228.33333333334,0,25034.55555555556,1182.5555555555557,421.6666666666667,151515,150059.33333333334,151805.8888888889,24947.55555555556,25133.666666666668,25014.55555555556
125714.4127125236,150273.91932436937,0,25079.34214912768,1289.6988554283807,1587.398599844427,151767.9465776294,150324.3183082916,149469.33778519757,24989.20422927101,25175.62604340568,25086.58875904285
66256.22222222223,147507.44444444447,0,25076.55555555556,1068.2222222222224,1587.2222222222224,148973.77777777778,149725.8888888889,149249.11111111112,25053.444444444445,25169.111111111113,25044.77777777778
35316.0759915565,147538.6068214643,0,25175.42495278303,1503.3885123875127,2196.4226197089215,148601.77777777778,149740.33333333334,148858.6666666667,25095.444444444445,25282,25125.111111111113
35320,147583.8888888889,0,25178.222222222223,1520.1111111111113,2383.1111111111113,148601.77777777778,149740.33333333334,148873.11111111112,25095.444444444445,25234.222222222223,25125.111111111113
6021.555555555556,147551,25041.666666666668,25236.77777777778,1762.4444444444446,2295.222222222222,148656.44444444447,149754.77777777778,148887.77777777778,25177.666666666668,25290.666666666668,25204.88888888889
5963.115209421177,147574.8250194423,25095.544939451174,25340.073325186095,1517.2758582379738,3084.8794578380184,148616.22222222222,149783.6666666667,148916.6666666667,25217.77777777778,25311.666666666668,25157.111111111113
5775.024997222532,147574.8250194423,25095.544939451174,25361.070992111992,1669.3700699922233,3100.766581490946,148630.6666666667,179.66666666666669,148916.6666666667,25238.77777777778,267.77777777777777,25239.333333333336
3452.666666666667,174.44444444444446,25200,329.33333333333337,1897.6666666666667,3013.3333333333335,148659.55555555556,179.66666666666669,148.66666666666669,25238.77777777778,336.33333333333337,293.5555555555556
3441.405820977485,233.71773750686438,24950.906095551894,461.2850082372323,1652.3887973640858,3743.5475013728724,141.33333333333334,181.7777777777778,196.22222222222223,390.22222222222223,369.44444444444446,797
2233.523725834798,219.46397188049212,25032.623022847103,440.57557117750446,1779.8769771529,3261.0940246045698,203.33333333333334,196.22222222222223,181.7777777777778,390.22222222222223,369.44444444444446,766.7777777777778
932.3374340949033,280.75571177504395,25074.912126537783,561.8409490333919,1894.7715289982425,3261.0940246045693,174.44444444444446,196.22222222222223,36922.333333333336,390.44444444444446,369.44444444444446,84736.33333333334
993.7383280237284,233.7690871141382,25077.66670328463,461.3863561463254,1328.1335823354937,61304.84455673953,188.8888888888889,163.11111111111111,36936.77777777778,348.44444444444446,331.6666666666667,84656
1022.1880492091389,233.7434094903339,25167.398945518453,482.0957820738137,59615.00439367311,119498.13268892794,188.8888888888889,210.66666666666669,36922.333333333336,404.8888888888889,331.6666666666667,84698
226.46897309170785,94390.993959363,461.2850082372323,141503.02031850631,59474.68423942889,119485.0082372323,196.22222222222223,210.66666666666669,36920.222222222226,369.44444444444446,364.7777777777778,84694.11111111112
237.69771528998243,94375.87873462214,426.0764499121265,141413.66432337434,59481.21704745167,177715.39982425308,210.66666666666669,181.7777777777778,36891.333333333336,59980.66666666667,343.7777777777778,84694.11111111112
237.72382730967811,94386.24629243107,519.3892123475777,141438.317038339,117630.01208392838,236236.51543447215,196.22222222222223,165.22222222222223,36936.77777777778,59959.66666666667,379.44444444444446,84701.44444444445
226.46897309170785,94369.46732564525,439.5387149917628,141444.37122460187,117493.57495881384,236184.62383305878,95388.77777777778,210.66666666666669,36936.77777777778,143922.33333333334,362.8888888888889,84680.44444444445
240.79973635065363,94371.96528616939,398.11051301768646,141465.34109634187,117382.73096781281,295035.9222234428,95417.66666666667,210.66666666666669,36889.222222222226,143937,372.11111111111114,84219
174.44444444444446,95437.55555555556,414.44444444444446,143063.33333333334,177502.44444444447,356683.22222222225,95355.66666666667,181.7777777777778,36918.11111111112,144022.11111111112,372.11111111111114,84323.22222222223
229.13657073008113,95400.60006667407,423.71374597177464,142956.55072785864,177512.94588287588,356954.7727525281,95403.22222222223,95410.66666666667,196.22222222222223,143916,143255.33333333334,353.6666666666667
229.08565714920562,95379.40228863458,423.61959782246413,143009.8877902455,177473.5029441173,297489.501166537,95403.22222222223,95396.22222222223,181.7777777777778,143937,143180.22222222222,400.44444444444446
200.22222222222223,95423.11111111112,59136.00000000001,143056,177474.6666666667,357585,95403.22222222223,95387,210.66666666666669,143880.55555555556,143255.33333333334,393.8888888888889
95511.39015446161,196.2440271141238,59092.4547171908,331.25902878097565,177494.38826536282,416617.40193354816,95355.66666666667,95396.22222222223,179.66666666666669,143866.33333333334,202492.33333333334,318
95460.55555555556,181.7777777777778,143050.77777777778,399.7777777777778,177474.6666666667,357248.1111111111,95403.22222222223,95396.22222222223,210.66666666666669,84236,202492.33333333334,360
95522.55555555556,229.33333333333334,143040.77777777778,428.11111111111114,177736.55555555556,533381.6666666667,95403.22222222223,190547.55555555556,165.22222222222223,84236,227712.11111111112,59936.222222222226
95508.11111111112,196.44444444444446,143079.11111111112,390.5555555555556,177620.33333333334,533381.6666666667,95180.44444444445,190516.55555555556,95318.22222222223,59858.66666666667,227660.11111111112,85195
95483.05743806243,95256.1937562493,143063.21519831129,84278.96900344406,177722.25308299076,476268.63681813126,95295.88888888889,190485.55555555556,95332.66666666667,85071.11111111112,227634.33333333334,85153
95537.71803132984,95296.41150983222,143055.88267970225,84319.4089545606,119314.52060882123,417106.0993222975,95295.88888888889,190538.33333333334,95303.77777777778,84986,227702.8888888889,85090.77777777778
95497.5002777469,95303.74402844127,143055.88267970225,84319.4089545606,119207.53249638928,417917.898011332,95262.77777777778,95333.11111111112,95285.11111111112,85035.33333333334,84784.22222222223,85090.77777777778
95446.11111111112,95314.33333333334,143071.77777777778,84316.66666666667,119444.00000000001,417964.3333333334,135873.55555555556,95318.66666666667,95332.66666666667,156493.6666666667,84842.77777777778,85112.55555555556
95464.39284523943,95270.6365959338,84315.07610265526,84256.08265748252,61219.753360737704,299097.43361848686,135873.55555555556,135884,95303.77777777778,156493.6666666667,84767.66666666667,85152.22222222223
174.44444444444446,95252.33333333334,84324.44444444445,84357.11111111112,61119.55555555556,247235.33333333334,135873.55555555556,135860.33333333334,95318.22222222223,156458.22222222222,96790,85152.22222222223
222.00000000000003,95314.33333333334,4598.111111111111,88320.22222222223,61333.55555555556,433418.22222222225,135840.44444444447,135891.33333333334,95287.22222222223,156458.22222222222,96836.77777777778,89153.88888888889
40761.470947672475,135605.04388401288,71411.28763470725,88251.86090434395,2004.6661482057546,197905.12165314963,135871.44444444447,40725.555555555555,135904.33333333334,156537.11111111112,71618.88888888889,96900.44444444445
40799.11111111112,135863.44444444447,71435,155321.6666666667,200464.77777777778,259091.44444444447,40872.77777777778,40756.555555555555,40784.444444444445,96951.77777777778,71618.88888888889,71641.66666666667
40813.55555555556,40749.555555555555,71435,71418.66666666667,200459.33333333334,315481.55555555556,40773.88888888889,40771,40770,71712.88888888889,71638,71749.88888888889
40758.88888888889,40762.11111111112,71419.22222222223,71348,199968.44444444447,315481.55555555556,40773.88888888889,40747.11111111112,40798.88888888889,71809.66666666667,71611.44444444445,71707.88888888889
40773.333333333336,40740.333333333336,71367.22222222223,71400,332763,608489.3333333334,40773.88888888889,40723.444444444445,111890.88888888889,71760.33333333334,71611.44444444445,131242.11111111112
40777.864207134124,40792.19913323703,71450.2722524725,71419.26880764529,332576.73074786086,609533.7259695522,179.66666666666669,111255.66666666667,111843.33333333334,323,130801.22222222223,131173.55555555556
40344.7215203779,40340.65692628804,128921.01504998351,128718.22476106777,328272.32780402066,603535.4278809184,179.66666666666669,71303.44444444445,111865.88888888889,323,130801.22222222223,131098.44444444447
110975.1784733663,110752.00439319055,128892.69632070292,128877.10049423395,328334.7611202636,597174.5194947831,71417.66666666667,71303.44444444445,111837.00000000001,59890.00000000001,59485.444444444445,131164.6666666667
111651.25219683656,110702.87785588753,124695.95782073816,124963.86203866433,328159.27065026364,412831.1731107206,71388.77777777778,71392,111897.88888888889,59885.55555555556,59438.66666666667,127121.00000000001
72092.92618629175,70836.00615114237,58603.910369068544,124963.86203866433,328379.9428822496,412947.16608084366,71357.77777777778,71408.55555555556,71280.77777777778,59806.66666666667,59417.66666666667,59708.66666666667
72045.91388400704,70595.45254833042,58560.52284710018,58669.925307557125,132307.22759226715,352617.53075571184,71398,71363.11111111111,71237.88888888889,59806.66666666667,59417.66666666667,59708.66666666667
72217.48681898067,70627.96572934974,58560.52284710018,58579.305799648515,132312.60984182777,293940.5755711775,71352.55555555556,71386.22222222223,71237.88888888889,59776.444444444445,59340.00000000001,59600.444444444445
72225.42019114578,70583.54388663078,58499.176095792594,58632.97813907503,132329.01241349007,294177.853454905,71369.11111111111,71357.33333333334,71321.22222222223,59679.66666666667,59298.00000000001,59600.444444444445
72664.83576842799,70583.54388663078,58515.54432604636,58581.56651653301,1037.0207623860265,3453.4768757552456,71399.55555555556,71357.33333333334,200.33333333333334,59679.66666666667,59298.00000000001,66.22222222222223
72842.06479956069,70553.76166941242,58428.4459088413,58485.33772652389,1269.851729818781,2494.5634266886327,71354.11111111111,865.3333333333334,200.33333333333334,59637.66666666667,49.66666666666667,66.22222222222223
72788.77416520212,70561.5114235501,96.33128295254834,383.2381370826011,1180.5799648506152,2569.420035149385,71354.11111111111,213.8888888888889,33245.333333333336,59637.66666666667,49.66666666666667,66.22222222222223
3759.666666666667,91.55555555555556,97.44444444444446,106.66666666666667,1056,60242.55555555556,32316.333333333336,32232.000000000004,33245.333333333336,33.111111111111114,16.555555555555557,59369.11111111112
4950,32651.222222222226,97.44444444444446,59241.222222222226,1056,60242.55555555556,32316.333333333336,32112.444444444445,33213.333333333336,16.555555555555557,59033.333333333336,59369.11111111112
4359.928880986776,32657.961995777307,47.78308700966774,59247.8053117013,1046.8940993443714,90027.33637070785,33168.555555555555,32961.333333333336,33227.77777777778,59383.55555555556,59016.77777777778,59390.11111111112
4493.88888888889,32654.333333333336,16.555555555555557,59283.222222222226,118811.11111111112,89879.77777777778,33128.333333333336,32975.77777777778,33223.11111111112,59404.55555555556,59376.444444444445,59446.55555555556
4305.88888888889,32635.88888888889,16.555555555555557,59318.66666666667,118796.44444444445,120465.33333333334,33157.222222222226,32938.222222222226,33237.555555555555,59423.444444444445,59418.444444444445,59526.444444444445
5051.549827796912,32632.263081879795,16.553716253749585,59344.183979557834,118674.36951449841,120714.25397178093,33169.555555555555,32967.11111111112,33187.333333333336,59423.444444444445,59453.88888888889,59526.444444444445
4592.711920897678,32694.256193756253,29819.46450394401,59344.183979557834,119532.4963892901,120714.25397178093,33124.66666666667,32967.11111111112,191665.77777777778,59531.66666666667,59524.55555555556,178501.8888888889
4412.222222222223,191099.11111111112,29843.77777777778,177119.8888888889,119417.00000000001,240980.44444444447,33172.222222222226,32988.88888888889,191665.77777777778,178178.33333333334,59524.55555555556,215894.33333333334
4412.712523613734,191120.34670518944,29847.094121569062,206907.2119124347,127110.34559395487,251401.933548172,191765.55555555556,191452.6666666667,158814.44444444447,178490.22222222225,178455,216165.6666666667
161338.7043004778,191291.9213245916,147587.7319702189,206907.2119124347,126988.88765418378,193167.12968107566,159550.8888888889,159434.55555555556,158814.44444444447,178490.22222222225,178455,156796.55555555556
159541.22222222222,158711,177329.11111111112,147770.6666666667,127198.00000000001,193145.6666666667,159579.77777777778,159578.8888888889,158809.22222222222,208248.6666666667,149197.22222222222,156880.8888888889
159555.6666666667,158711,177329.11111111112,147813.44444444447,126984.00000000001,164440.55555555556,158727.55555555556,158727.8888888889,158840.22222222222,148989.8888888889,149197.22222222222,156919.22222222222
159421.22222222222,158739.8888888889,177371.11111111112,147771.44444444447,10259.555555555557,164440.55555555556,158775.11111111112,158761,158840.22222222222,148968.8888888889,156336.22222222222,156862.77777777778
159483.22222222222,158725.44444444447,184874.11111111112,147803.77777777778,10259.555555555557,144132.22222222222,158746.22222222222,207504.11111111112,158854.6666666667,156766.77777777778,186444.77777777778,156803.8888888889
207278.58650961216,207326.92521391265,184894.6549616624,147740.30447827536,10367.707523058116,143678.51983553727,207449.77777777778,207475.22222222225,158792.6666666667,186612.44444444447,186409.33333333334,194379.8888888889
207241.11111111112,207241.8888888889,155449.6666666667,155660.6666666667,9508.333333333334,146078,207478.6666666667,207489.6666666667,49006,186504.22222222225,186443.55555555556,75404.44444444445
207249.69441049005,48813.20146682964,155445.93843760417,67595.17724191576,9972.330258917656,27446.049561062337,207431.11111111112,207442.11111111112,49053.55555555556,67895.11111111111,186443.55555555556,38235.11111111112
207426.11111111112,48807.77777777778,185307.77777777778,37823.333333333336,2292,17926.777777777777,48868.77777777778,49031.11111111112,48851.77777777778,67689.33333333334,67586.11111111111,37963.77777777778
48918.897900233314,48830.24108432397,67572.71414287302,38027.55249416732,2291.745361626486,16455.72714142873,48914.222222222226,49031.11111111112,48851.77777777778,67689.33333333334,67586.11111111111,45430.88888888889
48808.88888888889,48835.66666666667,37864.444444444445,37993.88888888889,3374.666666666667,26158.666666666668,48899.77777777778,48910.444444444445,97391.77777777778,45417.11111111112,37923.444444444445,45746.333333333336
97349.55555555556,48835.66666666667,37864.444444444445,45859.77777777778,3489.0000000000005,24971.666666666668,48899.77777777778,97464,97346.33333333334,45308.88888888889,45712.11111111112,45691.66666666667
97360.37337481942,48812.20135570619,45682.96477386376,45864.87387487498,2449.3832648072007,28054.22824758306,97395.22222222223,97416.44444444445,97362.88888888889,45731.55555555556,38213.444444444445,45691.66666666667
96197.31927049,96316.1942430235,37763.45858053175,45344.319929685786,2543.8365194462754,17672.929026587564,97395.22222222223,48673.333333333336,97334,37914.77777777778,8062.88888888889,45720.333333333336
48217.18114907173,48276.83181368779,37759.31011754367,45339.33867955619,2437.767768867406,17761.94661100736,48662.77777777778,48706.444444444445,97350.55555555556,8069.111111111111,8062.88888888889,8160.88888888889
48222.47857613711,48282.13579433091,37369.58910129642,37496.484289167216,2671.171171171171,15375.521863326741,48667,48692,48658.77777777778,8102.222222222223,8024.222222222223,8160.88888888889
48217.18114907173,48276.83181368779,37365.48390640448,8132.264088761946,2222.3442821048006,13799.84620454795,48667,48677.55555555556,48611.222222222226,8064.666666666667,8024.222222222223,7937.777777777778
48019.99340876634,48276.83181368779,7824.453476875755,8132.264088761946,2100.1867516203447,12862.462924310666,48636,48624.77777777778,48596.77777777778,7958.555555555556,7951.222222222223,7969.000000000001
48025.269171610635,48084.92638980444,7825.313117996045,7927.049000219732,2326.301911667765,12990.881125027467,48590.55555555556,48624.77777777778,48596.77777777778,7958.555555555556,7951.222222222223,518.4444444444445
48010.98659635245,48084.92638980444,7783.783783783783,7885.519666007471,1119.094704460558,3432.6521643594815,48576.11111111112,48601.11111111112,33.111111111111114,472.33333333333337,7878.777777777778,118.66666666666667
0,48051.08206085906,7782.928704822586,65.47292101504998,1149.621004064594,3432.2750741513787,48576.11111111112,33.111111111111114,33.111111111111114,520.1111111111112,99.33333333333334,114.00000000000001
0,48045.80404217927,16.366432337434098,65.46572934973639,1029.437609841828,648.396309314587,33.111111111111114,33.111111111111114,16.555555555555557,97.44444444444446,99.33333333333334,114.00000000000001
0,23.618587278919037,0,0,1248.3796550587717,648.4675381742283,33.111111111111114,33.111111111111114,16.555555555555557,80.8888888888889,99.33333333333334,64.33333333333334
0,0,0,0,1140.7777777777778,497.6666666666667,33.111111111111114,0,0,80.8888888888889,99.33333333333334,47.77777777777778
0,0,40.44444444444445,33.111111111111114,905.0000000000001,739.5555555555557,0,0,0,47.77777777777778,33.111111111111114,47.77777777777778
0,0,40.44444444444445,33.111111111111114,1017.4444444444446,706.4444444444445,0,0,0,47.77777777777778,33.111111111111114,47.77777777777778
0,0,40.44444444444445,33.111111111111114,1017.4444444444446,783.8888888888889,0,0,0,47.77777777777778,33.111111111111114,16.555555555555557
0,0,40.44444444444445,33.111111111111114,1041.3333333333335,655.4444444444445,0,0,0,47.77777777777778,33.111111111111114,0
0,0,40.44444444444445,33.111111111111114,956.3333333333334,637.4444444444445,0,0,0,47.77777777777778,9.222222222222223,0
0,0,40.44444444444445,33.111111111111114,1025,696.3333333333334,0,0,0,0,0,0
0,0,40.44893877097455,33.11479053228136,1148.4609401044559,449.16101789087674,0,0,0,0,0,0
0,0,40.44893877097455,33.11479053228136,927.1030114457161,449.16101789087674,0,0,0,0,0,0
0,0,40.44444444444445,33.111111111111114,1054.111111111111,474.8888888888889,0,0,0,0,0,0
0,0,0,0,1054.111111111111,249.55555555555557,0,0,0,0,0,0
0,0,0,0,1033.8851238751251,249.52783024108436,0,0,0,0,0,0
0,0,0,0,1033.8851238751251,226.30818797911346,0,0,0,0,0,0
0,0,0,0,1024.663926230419,226.30818797911346,0,0,0,0,0,40.44444444444445
0,0,0,0,1024.663926230419,226.30818797911346,0,0,0,0,0,40.44444444444445
0,0,0,0,1041.3333333333335,321.44444444444446,0,0,0,0,40.44444444444445,40.44444444444445
0,0,0,0,1039.4444444444446,400.11111111111114,0,0,0,40.44444444444445,40.44444444444445,40.44444444444445
0,0,0,0,1039.4444444444446,400.11111111111114,0,0,0,40.44444444444445,40.44444444444445,40.44444444444445
0,0,0,0,1034.2222222222224,452.8888888888889,0,0,0,40.44444444444445,40.44444444444445,40.44444444444445
0,0,0,0,1162.4833407374501,590.2932030208797,0,0,0,40.44444444444445,40.44444444444445,40.44444444444445
0,0,33.11479053228136,33.11479053228136,1076.2306922991443,590.6211801311256,0,0,0,40.44444444444445,40.44444444444445,40.44444444444445
0,0,33.11479053228136,33.11479053228136,1214.2460273363706,650.0722302478052,0,0,0,45.111111111111114,45.111111111111114,40.44444444444445
0,0,36.79012345679013,36.79012345679013,1078.8888888888891,722.2222222222224,0,0,0,45.111111111111114,45.111111111111114,0
0,0,36.78558202691025,36.78558202691025,1197.629922231823,787.5570917170718,0,0,0,45.111111111111114,45.111111111111114,0
0,0,36.776502529927185,36.776502529927185,1178.9460693570284,681.7228187091201,0,0,0,45.111111111111114,4.666666666666667,0
0,0,36.78558202691025,36.78558202691025,1197.629922231823,576.1017158375507,0,0,0,4.666666666666667,4.666666666666667,0
0,0,36.7810417180943,36.7810417180943,1324.4877807948656,594.4211305850407,0,0,0,4.666666666666667,4.666666666666667,0
0,0,36.78558202691025,36.78558202691025,1211.5788174299466,535.8597703987161,0,0,0,4.666666666666667,4.666666666666667,0
0,0,36.799209681402814,36.799209681402814,1068.9059026920227,364.6579402321561,0,0,0,4.666666666666667,4.666666666666667,0
0,0,0,0,1181.3356375756077,382.915689421059,0,0,0,4.666666666666667,4.666666666666667,0
0,0,0,0,1170.9454455689954,251.41940261663788,0,0,0,0,0,0
0,0,0,0,1161.111111111111,285.22222222222223,0,0,0,0,0,0
0,0,0,0,1054.2282475830648,209.80108900988998,0,0,0,0,0,0
0,0,0,0,1092.687263836408,167.48166259168704,0,0,0,0,0,0
0,0,0,0,954.3384068436839,226.3081879791134,0,0,0,40.44444444444445,40.44444444444445,40.44444444444445
0,0,0,0,1054.111111111111,209.7777777777778,0,0,0,40.44444444444445,40.44444444444445,40.44444444444445
0,0,0,0,925.2305299411175,445.61715364959446,0,0,0,40.44444444444445,40.44444444444445,40.44444444444445
0,0,0,0,1163,511.8888888888889,0,0,0,40.44444444444445,40.44444444444445,40.44444444444445
0,0,0,0,1046.7777777777778,495.33333333333337,0,0,0,40.44444444444445,40.44444444444445,40.44444444444445
0,0,0,0,1019.5555555555557,563.4444444444445,0,0,0,40.44444444444445,40.44444444444445,45.111111111111114
0,0,33.10743250749916,0,1041.2176424841682,504.49950005554933,0,0,0,40.44444444444445,40.44444444444445,45.111111111111114
0,0,33.10743250749916,0,1148.2057549161202,611.598711254305,0,0,0,40.44444444444445,40.44444444444445,45.111111111111114
0,0,33.10743250749916,0,895.9004555049438,748.9167870236639,0,0,0,40.44444444444445,40.44444444444445,45.111111111111114
0,0,33.111111111111114,33.111111111111114,1139.111111111111,690.1111111111112,0,0,0,0,0,4.666666666666667
0,0,33.111111111111114,33.111111111111114,925.1111111111112,729.8888888888889,0,0,0,0,0,4.666666666666667
0,0,33.111111111111114,33.111111111111114,1155.6666666666667,435.11111111111114,0,0,0,0,0,4.666666666666667
0,0,33.111111111111114,33.111111111111114,1046.7777777777778,444.33333333333337,0,0,0,0,0,4.666666666666667
0,0,33.10743250749916,33.10743250749916,939.673369625597,444.28396844795014,0,0,0,0,0,4.666666666666667
0,0,33.111111111111114,33.111111111111114,1068.7777777777778,376.22222222222223,0,0,0,0,0,0
0,0,0,33.111111111111114,1068.7777777777778,435.11111111111114,0,0,0,0,0,0
0,0,0,33.111111111111114,1068.7777777777778,328,0,0,0,0,0,0
0,0,0,33.11479053228136,1068.896544060451,190.68785420602288,0,0,0,0,0,0
0,0,0,0,1063.3333333333335,190.66666666666669,0,0,0,0,0,0
0,0,0,0,1159.3835993395708,376.8849752339021,0,0,0,0,0,40.44444444444445
0,0,0,0,1181.087626596213,376.9264641127257,0,0,0,0,0,40.44444444444445
0,0,0,0,1053.3847000550359,302.14639515685195,0,0,0,0,0,40.44444444444445
0,0,0,0,1272.7873183619552,360.52399823866136,0,0,0,33.111111111111114,40.44444444444445,40.44444444444445
0,0,0,0,1044.3637164244826,567.1510347864377,0,0,0,33.111111111111114,40.44444444444445,40.44444444444445
0,0,0,0,1046.2351387054161,508.80669308674595,0,0,0,33.111111111111114,40.44444444444445,40.44444444444445
0,0,0,0,1159.3835993395708,508.7506879471657,0,0,0,33.111111111111114,40.44444444444445,40.44444444444445
0,0,32.801320858558064,0,1288.8277380297193,492.3500275178866,0,0,0,37.77777777777778,40.44444444444445,40.44444444444445
0,0,32.801320858558064,32.801320858558064,1053.3847000550359,778.5360484314805,0,0,0,37.77777777777778,45.111111111111114,40.44444444444445
0,0,32.80493174812858,32.80493174812858,1075.2972258916777,778.6217525319242,0,0,0,37.77777777777778,45.111111111111114,0
0,0,33.10743250749917,33.10743250749917,1068.6590378846797,615.1538717920232,0,0,0,37.77777777777778,45.111111111111114,0
0,0,33.111111111111114,33.111111111111114,1068.7777777777778,615.2222222222223,0,0,0,37.77777777777778,45.111111111111114,0
0,0,33.111111111111114,33.111111111111114,1048.6666666666667,572.8888888888889,0,0,0,4.666666666666667,4.666666666666667,0
0,0,33.111111111111114,33.111111111111114,1048.6666666666667,364.33333333333337,0,0,0,4.666666666666667,4.666666666666667,0
0,0,33.111111111111114,33.111111111111114,1153.7777777777778,423.22222222222223,0,0,0,4.666666666666667,4.666666666666667,0
0,0,33.11479053228136,33.11479053228136,1085.2316924102677,439.8266474052672,0,0,0,4.666666666666667,4.666666666666667,0
0,0,0,33.10743250749917,954.3384068436842,498.61126541495395,0,0,0,0,4.666666666666667,0
0,0,0,0,1061.4444444444446,209.7777777777778,0,0,0,0,0,0
0,0,0,0,1160.888888888889,150.88888888888889,0,0,0,0,0,0
0,0,0,0,1039.5599511056782,209.80108900988998,0,0,0,0,0,40.44444444444445
0,0,0,0,1155.6666666666667,209.7777777777778,0,0,0,0,0,40.44444444444445
0,0,0,0,954.4444444444445,305.11111111111114,0,0,0,0,0,40.44444444444445
0,0,0,0,1190.2222222222224,305.11111111111114,0,0,0,0,0,40.44444444444445
0,0,0,0,1078,321.6666666666667,0,0,0,40.44444444444445,0,40.44444444444445
0,0,33.111111111111114,0,925.3333333333334,459.22222222222223,0,0,0,40.44444444444445,40.44444444444445,40.44444444444445
0,0,33.111111111111114,0,1168.4444444444446,400.33333333333337,0,0,0,40.44444444444445,40.44444444444445,40.44444444444445
0,0,33.11479053228136,0,1146.5718413157017,685.742860317813,0,0,0,40.44444444444445,40.44444444444445,40.44444444444445
0,0,33.111111111111114,33.111111111111114,918.0000000000001,784.3333333333334,0,0,0,40.44444444444445,40.44444444444445,40.44444444444445
0,0,33.111111111111114,33.111111111111114,1056,725.4444444444445,0,0,0,40.44444444444445,40.44444444444445,0
0,0,33.111111111111114,33.111111111111114,1046.7777777777778,725.4444444444445,0,0,0,40.44444444444445,40.44444444444445,0
0,0,33.10743250749917,33.10743250749917,1046.6614820575494,688.9234529496723,0,0,0,40.44444444444445,40.44444444444445,0
0,0,32.837465564738295,32.837465564738295,1146.1157024793388,687.9338842975206,0,0,0,40.44444444444445,40.44444444444445,0
0,0,32.84108441701565,32.84108441701565,1151.4216442583204,613.1805157593124,0,0,0,0,40.44444444444445,0
0,0,0,32.84108441701565,1151.4216442583204,518.734846815076,0,0,0,0,0,0
0,0,0,32.84470406701201,1129.9459936074065,518.7920202799514,0,0,0,0,0,0
0,0,0,32.84108441701565,1160.7890676658585,252.14899713467048,0,0,0,0,0,0
0,0,0,0,1281.1019283746557,212.67217630853995,0,0,0,0,0,0
0,0,0,0,1030.8539944903582,212.67217630853995,0,0,0,0,0,0
0,0,0,0,1182.519563540174,229.14140857489252,0,0,0,0,0,40.44444444444445
0,0,0,0,1182.3892439938286,154.28697377121446,0,0,0,0,0,40.44444444444445
0,0,0,0,1122.4242424242425,307.10743801652893,0,0,0,0,0,40.44444444444445
0,0,0,0,1017.3314076213755,363.8484612820798,0,0,0,0,0,40.44444444444445
0,0,0,0,1017.3314076213755,304.9661148761249,0,0,0,40.44444444444445,0,40.44444444444445
0,0,0,0,1019.3333333333334,416.6666666666667,0,0,0,40.44444444444445,0,40.44444444444445
0,0,0,0,903.01077658038,400.06665926008225,0,0,0,40.44444444444445,0,45.111111111111114
0,0,0,0,1034.1149016557395,513.3903767085231,0,0,0,40.44444444444445,40.44444444444445,45.111111111111114
0,0,33.11479053228136,0,1141.1267918657627,513.3903767085231,0,0,0,40.44444444444445,40.44444444444445,45.111111111111114
0,0,33.10743250749917,33.10743250749917,881.2354182868571,679.5911565381625,0,0,0,40.44444444444445,40.44444444444445,4.666666666666667
0,0,33.111111111111114,33.111111111111114,1117.111111111111,745.8888888888889,0,0,0,40.44444444444445,40.44444444444445,4.666666666666667
0,0,33.11479053228136,33.11479053228136,1046.8940993443714,615.0683409267696,0,0,0,40.44444444444445,40.44444444444445,4.666666666666667
0,0,33.11479053228136,33.11479053228136,947.4386042893653,615.0683409267696,0,0,0,40.44444444444445,40.44444444444445,4.666666666666667
0,0,33.11479053228136,33.11479053228136,1199.7999777753082,631.6257361929103,0,0,0,0,40.44444444444445,4.666666666666667
0,0,33.111111111111114,33.111111111111114,1083.4444444444446,519.8888888888889,0,0,0,0,40.44444444444445,4.666666666666667
0,0,33.111111111111114,33.111111111111114,1228.7777777777778,595.3333333333334,0,0,0,0,40.44444444444445,0
0,0,33.111111111111114,33.111111111111114,1083.4444444444446,423.22222222222223,0,0,0,0,0,0
0,0,0,33.111111111111114,976.4444444444445,423.22222222222223,0,0,0,0,0,0
0,0,0,0,1190.5767307478607,240.36004000444493,0,0,0,0,0,0
0,0,0,0,1076.2306922991443,233.02589176575174,0,0,0,0,0,0
0,0,0,0,1054.111111111111,209.7777777777778,0,0,223.33333333333334,0,0,75327.11111111111
0,0,0,0,1054.111111111111,150.88888888888889,0,0,252.22222222222223,0,0,75691.77777777778
0,0,0,0,1046.7777777777778,304.8888888888889,0,0,266.6666666666667,0,0,75691.77777777778
0,0,0,0,1070.5477169203423,304.85501610932124,0,226.11111111111111,266.6666666666667,0,0,75733.77777777778
0,0,0,0,1032.3333333333335,22017.444444444445,0,240.55555555555557,295.5555555555556,75385.33333333334,75599.44444444445,75769.22222222223
0,0,0,0,22028.49033948259,43216.788560200854,256.6666666666667,255.00000000000003,295.5555555555556,75421,75599.44444444445,75823.33333333334
0,0,0,0,63873.443983402496,43606.90107010265,271.11111111111114,255.00000000000003,357.5555555555556,75421,75620.44444444445,75823.33333333334
0,0,0,0,63663.13605590741,43606.90107010265,271.11111111111114,283.8888888888889,357.5555555555556,75477.44444444445,75676.88888888889,75891.88888888889
0,0,0,32.539855863725705,63761.30159423455,44353.898231054816,300,298.33333333333337,386.44444444444446,75477.44444444445,75676.88888888889,75912.88888888889
0,0,32.539855863725705,32.539855863725705,63784.7783358812,44460.03494212711,300,345.8888888888889,177.55555555555557,75524.11111111111,75735.66666666667,642.2222222222223
0,0,32.539855863725705,32.539855863725705,63920.397466695795,44596.09084953047,362,345.8888888888889,148.66666666666669,75524.11111111111,75817.88888888889,277.5555555555556
0,0,32.539855863725705,32.539855863725705,63784.7783358812,44428.47783358813,362,374.7777777777778,163.11111111111111,75646.77777777778,75817.88888888889,352.6666666666667
0,0,32.54340941356339,32.54340941356339,63663.09926831931,44616.35906956426,390.8888888888889,148.66666666666669,210.66666666666669,75667.77777777778,75859.88888888889,379.22222222222223
0,0,32.54340941356339,32.54340941356339,63796.87670634487,23201.922026864693,390.8888888888889,163.11111111111111,181.7777777777778,282.44444444444446,295.8888888888889,343.7777777777778
0,0,32.539855863725705,32.539855863725705,63902.27123826164,1813.8239790347238,163.11111111111111,148.66666666666669,196.22222222222223,282.22222222222223,316.8888888888889,331.6666666666667
0,0,33.111111111111114,33.111111111111114,1076.111111111111,1463.1111111111113,148.66666666666669,210.66666666666669,163.11111111111111,324.22222222222223,295.8888888888889,331.6666666666667
0,0,33.111111111111114,33.111111111111114,1076.111111111111,1568.1111111111113,196.22222222222223,196.22222222222223,177.55555555555557,267.77777777777777,354.7777777777778,319.5555555555556
0,0,33.111111111111114,0,1078,935.3333333333334,196.22222222222223,196.22222222222223,148.66666666666669,390.44444444444446,375.7777777777778,298.5555555555556
0,0,0,0,1070.7856428492053,974.6638515390598,196.22222222222223,148.66666666666669,196.22222222222223,364.7777777777778,352.44444444444446,312.77777777777777
0,0,0,0,932.6666666666667,836.1111111111112,163.11111111111111,163.11111111111111,196.22222222222223,364.7777777777778,291.22222222222223,378.44444444444446
0,0,0,0,1039.4444444444446,1013.2222222222223,177.55555555555557,148.66666666666669,196.22222222222223,298.5555555555556,291.22222222222223,303.33333333333337
0,0,0,0,1153.9059895543949,1001.6668518724301,148.66666666666669,210.66666666666669,148.66666666666669,315.11111111111114,355.33333333333337,291.44444444444446
0,0,0,0,910.2621057307863,1001.1106175033318,210.66666666666669,181.7777777777778,163.11111111111111,315.11111111111114,319.8888888888889,291.44444444444446
0,0,0,0,1032.111111111111,790.1111111111112,196.22222222222223,210.66666666666669,148.66666666666669,385.7777777777778,357.44444444444446,284.8888888888889
0,0,0,0,910.6666666666667,1028.2222222222224,196.22222222222223,163.11111111111111,157.88888888888889,364.7777777777778,407.5555555555556,376.5555555555556
0,0,0,0,1155.6666666666667,1059.4444444444446,163.11111111111111,163.11111111111111,196.22222222222223,364.7777777777778,292.22222222222223,320.11111111111114
0,0,0,0,932.4444444444445,873.2222222222223,163.11111111111111,148.66666666666669,196.22222222222223,313.22222222222223,313.22222222222223,393.11111111111114
0,0,0,0,1061.4444444444446,1060.2222222222224,163.11111111111111,179.66666666666669,163.11111111111111,292.22222222222223,362.8888888888889,322.44444444444446
0,0,33.11479053228136,0,1183.0203355928436,1060.3400377819758,196.22222222222223,210.66666666666669,163.11111111111111,398.33333333333337,341.8888888888889,313.22222222222223
0,0,33.111111111111114,33.111111111111114,969.1111111111112,1296.1111111111113,196.22222222222223,210.66666666666669,163.11111111111111,372.11111111111114,400.44444444444446,313.22222222222223
0,0,33.10743250749917,33.10743250749917,1068.6590378846797,1121.4309521164316,196.22222222222223,148.66666666666669,210.66666666666669,334.5555555555556,294.33333333333337,315.33333333333337
0,0,33.111111111111114,33.111111111111114,1068.7777777777778,1277.7777777777778,148.66666666666669,163.11111111111111,196.22222222222223,391,329.7777777777778,404.8888888888889
0,0,33.111111111111114,33.111111111111114,932.4444444444445,1447.4444444444446,148.66666666666669,179.66666666666669,210.66666666666669,305.8888888888889,271.22222222222223,369.44444444444446
0,0,33.111111111111114,33.111111111111114,1124.4444444444446,1209.3333333333335,148.66666666666669,165.22222222222223,201.44444444444446,284.8888888888889,279.6666666666667,319.7777777777778
0,0,37.77777777777778,33.111111111111114,1034,1216.111111111111,179.66666666666669,196.22222222222223,148.66666666666669,339,369.22222222222223,319.7777777777778
0,0,37.76518938131734,33.10007775186049,1033.6554481839387,1215.7058758191715,181.7777777777778,210.66666666666669,163.11111111111111,357.44444444444446,327.22222222222223,282.22222222222223
0,0,37.27252795439596,32.66827450120587,1116.421837316378,1037.4917781188335,210.66666666666669,179.66666666666669,134.22222222222223,357.44444444444446,300.6666666666667,379.11111111111114
0,0,4.604758250191865,32.67185615612323,996.7108869641486,1174.1037166977305,163.11111111111111,148.66666666666669,179.66666666666669,272.33333333333337,336.11111111111114,369.44444444444446
0,0,4.605263157894736,0,1193.5307017543857,1037.8289473684208,148.66666666666669,179.66666666666669,150.7777777777778,277.5555555555556,277.5555555555556,390.44444444444446
0,0,4.605263157894736,0,1080.4824561403507,1037.8289473684208,177.55555555555557,179.66666666666669,148.66666666666669,319.5555555555556,367.11111111111114,331.6666666666667
0,0,4.60728389644581,0,1080.9565598946906,884.0500219394471,163.11111111111111,210.66666666666669,177.55555555555557,339,331.6666666666667,277.5555555555556
0,0,4.605263157894736,0,1190.021929824561,900.2192982456139,210.66666666666669,165.22222222222223,163.11111111111111,318,390.22222222222223,334.22222222222223
0,0,4.60425345319009,0,1000.3288752466564,1088.5770664327997,210.66666666666669,179.66666666666669,148.66666666666669,385.7777777777778,331.6666666666667,292.22222222222223
0,0,0,0,989.5833333333331,956.798245614035,194.11111111111111,148.66666666666669,210.66666666666669,367.11111111111114,294.11111111111114,360.7777777777778
0,0,0,0,1215.4217396073268,1131.841614566195,177.55555555555557,163.11111111111111,196.22222222222223,313.22222222222223,336.11111111111114,400.44444444444446
0,0,0,0,1116.6666666666665,1175.5482456140348,163.11111111111111,201.44444444444446,210.66666666666669,334.22222222222223,344.22222222222223,303.5555555555556
0,0,0,33.111111111111114,1109.7777777777778,1052.888888888889,148.66666666666669,187,194.11111111111111,389.11111111111114,308.77777777777777,313.22222222222223
0,0,0,33.111111111111114,910.4444444444445,1083.7777777777778,188.8888888888889,179.66666666666669,208.55555555555557,391.22222222222223,383.8888888888889,292.22222222222223
0,0,0,33.111111111111114,1046.7777777777778,1083.7777777777778,188.8888888888889,194.11111111111111,177.55555555555557,349.22222222222223,337.11111111111114,313.22222222222223
0,0,33.10743250749917,33.10743250749917,1046.6614820575494,1351.627596933674,188.8888888888889,148.66666666666669,187,339,337.11111111111114,350.7777777777778
0,0,33.111111111111114,33.111111111111114,1083.4444444444446,1165.3333333333335,141.33333333333334,177.55555555555557,187,339,329.7777777777778,364.7777777777778
0,0,33.11479053228136,33.11479053228136,1212.3569285476162,1265.696188465385,170.22222222222223,163.11111111111111,196.22222222222223,313.22222222222223,381.7777777777778,364.7777777777778
0,0,33.111111111111114,33.111111111111114,1068.7777777777778,1272.888888888889,141.33333333333334,194.11111111111111,148.66666666666669,277.77777777777777,355.44444444444446,352.6666666666667
0,0,33.111111111111114,33.111111111111114,1061.6666666666667,1095.888888888889,188.8888888888889,165.22222222222223,177.55555555555557,310.6666666666667,367.5555555555556,277.5555555555556
0,0,33.111111111111114,33.111111111111114,940.0000000000001,1055.2222222222224,174.44444444444446,150.55555555555557,163.11111111111111,289.6666666666667,300.8888888888889,319.5555555555556
0,0,33.111111111111114,0,1046.7777777777778,1156.5555555555557,203.33333333333334,179.44444444444446,163.11111111111111,277,364.6666666666667,298.5555555555556
0,0,33.111111111111114,0,1153.7777777777778,850.8888888888889,163.11111111111111,141.33333333333334,148.66666666666669,312.44444444444446,319.7777777777778,298.5555555555556
0,0,33.111111111111114,0,1056,1109.111111111111,148.66666666666669,155.7777777777778,181.7777777777778,312.44444444444446,277,385.7777777777778
0,0,0,0,1179.6866318479829,841.2045782864761,177.55555555555557,194.11111111111111,157.88888888888889,267.77777777777777,350,348.22222222222223
0,0,0,0,932.4444444444445,923.8888888888889,163.11111111111111,165.22222222222223,186.7777777777778,357.33333333333337,352.8888888888889,277.5555555555556
0,0,0,0,1032.225802866985,632.6258473163684,181.7777777777778,188.8888888888889,163.11111111111111,315.33333333333337,300.8888888888889,298.5555555555556
0,0,0,0,1032.111111111111,874.4444444444445,210.66666666666669,172.33333333333334,163.11111111111111,352.8888888888889,318,242.11111111111111
0,0,0,0,1024.7777777777778,874.4444444444445,163.11111111111111,186.7777777777778,187,357.33333333333337,305.8888888888889,313.22222222222223
0,0,0,0,1146.2222222222224,890.8888888888889,163.11111111111111,163.11111111111111,187,357.33333333333337,350.5555555555556,384.6666666666667
0,0,0,0,932.3408510165539,960.3377402510833,148.66666666666669,187,196.22222222222223,315.11111111111114,286.77777777777777,349.22222222222223
0,0,0,0,1039.4444444444446,960.4444444444445,177.55555555555557,201.44444444444446,210.66666666666669,346.33333333333337,315.11111111111114,400.44444444444446
0,0,0,0,1078,1019.6666666666667,163.11111111111111,172.55555555555557,163.11111111111111,346.33333333333337,315.11111111111114,327.6666666666667
0,0,32.722081915010435,32.722081915010435,1154.7161524102341,1555.0675304710664,196.22222222222223,157.88888888888889,163.11111111111111,362.8888888888889,332.6666666666667,313.22222222222223
0,0,32.722081915010435,32.722081915010435,1274.7337213132757,1540.682991105743,210.66666666666669,186.7777777777778,179.66666666666669,337.11111111111114,320.5555555555556,313.22222222222223
0,0,32.722081915010435,32.722081915010435,1048.9733172285057,1540.682991105743,163.11111111111111,177.55555555555557,179.66666666666669,367.33333333333337,320.5555555555556,329.7777777777778
0,0,32.722081915010435,32.722081915010435,1260.4589875919623,1301.6361040957506,163.11111111111111,148.66666666666669,196.22222222222223,329.7777777777778,322.44444444444446,419.33333333333337
0,0,32.725675378871074,32.725675378871074,1169.1192620250386,1577.9705688556996,148.66666666666669,165.22222222222223,143.44444444444446,313.22222222222223,339,348.22222222222223
0,0,32.725675378871074,32.725675378871074,1049.0885130683066,1390.072479683725,201.44444444444446,201.44444444444446,172.33333333333334,313.22222222222223,294.33333333333337,277
0,0,37.338018888644854,32.725675378871074,1298.4845157039315,1270.2613661322207,210.66666666666669,148.66666666666669,148.66666666666669,362.8888888888889,383.8888888888889,333.44444444444446
0,0,37.333918963434726,32.722081915010435,1086.8562644119909,1541.781047545844,181.7777777777778,172.33333333333334,134.22222222222223,301.44444444444446,346.33333333333337,282.22222222222223
0,0,37.333918963434726,32.722081915010435,1140.2218074009006,1228.0663226089823,210.66666666666669,186.7777777777778,163.11111111111111,301.44444444444446,346.33333333333337,267.77777777777777
0,0,37.333918963434726,0,1245.964642582629,937.3009772702318,148.66666666666669,177.55555555555557,201.44444444444446,315.11111111111114,298.5555555555556,298.77777777777777
0,0,4.666666666666667,0,1046.7777777777778,793.8888888888889,148.66666666666669,148.66666666666669,156,286.77777777777777,324.33333333333337,352.8888888888889
0,0,4.667185242804756,0,1046.8940993443714,911.7679742193576,148.66666666666669,187,179.66666666666669,315.11111111111114,324.33333333333337,373.8888888888889
0,0,4.666666666666667,0,1068.5555555555557,965.1111111111112,165.22222222222223,187,163.11111111111111,315.11111111111114,336.11111111111114,319.7777777777778
0,0,4.666148205754917,0,947.0058882346407,685.5904899455617,196.22222222222223,194.11111111111111,163.11111111111111,334.5555555555556,331.6666666666667,340.7777777777778
0,0,4.666148205754917,0,1138.9845572714144,906.8992334185092,172.33333333333334,172.33333333333334,163.11111111111111,355.5555555555556,331.6666666666667,298.5555555555556
0,0,0,0,1017.6666666666667,857.3333333333334,148.66666666666669,172.33333333333334,194.11111111111111,326.8888888888889,305.8888888888889,329.7777777777778
0,0,0,0,1017.5536051549826,863.1263192978557,177.55555555555557,163.11111111111111,194.11111111111111,343.44444444444446,305.8888888888889,329.7777777777778
0,0,33.111111111111114,0,1046.7777777777778,863.2222222222223,148.66666666666669,148.66666666666669,196.22222222222223,381,305.8888888888889,362.8888888888889
0,0,33.111111111111114,33.111111111111114,939.7777777777778,1207.5555555555557,163.11111111111111,187,172.33333333333334,329.7777777777778,339,383.8888888888889
0,0,33.111111111111114,33.111111111111114,1061.4444444444446,1034.2222222222224,210.66666666666669,201.44444444444446,186.7777777777778,374.6666666666667,271.22222222222223,329.7777777777778
0,0,33.10743250749917,33.10743250749917,1168.3146317075882,1310.8543495167205,210.66666666666669,172.33333333333334,163.11111111111111,353.6666666666667,346.33333333333337,313.22222222222223
0,0,33.111111111111114,33.111111111111114,1047,1301.7777777777778,194.11111111111111,172.33333333333334,163.11111111111111,353.6666666666667,353.6666666666667,277.77777777777777
0,0,33.111111111111114,33.111111111111114,1047,1438.2222222222224,163.11111111111111,148.66666666666669,215.8888888888889,313.22222222222223,320.5555555555556,292.22222222222223
0,0,33.11479053228136,33.11479053228136,1083.5648405378374,1217.024113790421,148.66666666666669,163.11111111111111,187,292.22222222222223,320.5555555555556,329.7777777777778
0,0,33.111111111111114,33.111111111111114,952.5555555555557,1301.6666666666667,177.55555555555557,201.44444444444446,179.66666666666669,301.44444444444446,339,339
0,0,33.11479053228136,33.11479053228136,1214.2460273363706,1021.0023335926213,148.66666666666669,187,179.66666666666669,339,318,369.22222222222223
0,0,0,33.111111111111114,1068.7777777777778,1345.3333333333335,179.66666666666669,210.66666666666669,163.11111111111111,301.44444444444446,339,350.5555555555556
0,0,0,0,1068.6590378846793,1000.8887901344294,210.66666666666669,157.88888888888889,163.11111111111111,339,339,277.5555555555556
0,0,0,0,954.4444444444445,1071,148.66666666666669,172.33333333333334,163.11111111111111,258.6666666666667,381,298.5555555555556
0,0,0,0,1061.4444444444446,881.1111111111112,163.11111111111111,148.66666666666669,163.11111111111111,277.5555555555556,305.8888888888889,256.5555555555556
0,0,0,0,1075.888888888889,820.3333333333334,163.11111111111111,177.55555555555557,187,307.77777777777777,282.22222222222223,329.5555555555556
0,0,0,0,1298.627127951675,847.4464579901154,163.11111111111111,163.11111111111111,134.22222222222223,345.33333333333337,329,348.22222222222223
0,0,0,0,1072.8171334431631,996.5952773201539,201.44444444444446,172.55555555555557,172.33333333333334,345.33333333333337,329,383.8888888888889
0,0,0,0,1300.494233937397,912.79516749039,196.22222222222223,163.11111111111111,148.66666666666669,395.6666666666667,319.7777777777778,322.44444444444446
0,0,0,0,1041.954969796815,1201.9769357495882,196.22222222222223,148.66666666666669,148.66666666666669,298.77777777777777,357.33333333333337,292.22222222222223
0,0,32.72926963207029,32.72926963207029,1154.969796814937,1173.3113673805601,179.66666666666669,163.11111111111111,163.11111111111111,340.7777777777778,336.33333333333337,298.77777777777777
0,0,32.732864674868196,32.732864674868196,1155.096660808436,1173.4402460456943,163.11111111111111,163.11111111111111,187,303.22222222222223,324.22222222222223,350.7777777777778
0,0,32.72926963207029,32.72926963207029,1267.9846238330588,1330.8072487644151,163.11111111111111,148.66666666666669,196.22222222222223,353.33333333333337,282.22222222222223,367.33333333333337
0,0,32.72926963207029,32.72926963207029,1154.7501372872048,1128.5008237232291,163.11111111111111,194.11111111111111,196.22222222222223,296.8888888888889,334.44444444444446,367.33333333333337
0,0,32.73286467486819,32.73286467486819,1140.597539543058,1333.8093145869948,187,179.66666666666669,172.33333333333334,334.44444444444446,360,374.6666666666667
0,0,37.34211971444262,32.72926963207029,1140.4722679846238,1297.1993410214168,210.66666666666669,179.66666666666669,201.22222222222223,358.33333333333337,292.22222222222223,350.7777777777778
0,0,37.773580713254084,33.10743250749917,1160.9821130985447,1300.5221642039776,172.33333333333334,179.44444444444446,163.11111111111111,358.33333333333337,367.33333333333337,298.5555555555556
0,0,37.78197577508612,33.11479053228136,1076.2306922991443,1370.818979886654,148.66666666666669,165,177.55555555555557,313.22222222222223,337.11111111111114,263.11111111111114
0,0,37.77777777777778,33.111111111111114,1183.111111111111,1283,177.55555555555557,165,177.55555555555557,313.22222222222223,320.5555555555556,336.11111111111114
0,0,4.666666666666667,0,954.4444444444445,987.5555555555557,163.11111111111111,141.33333333333334,187,292.22222222222223,320.5555555555556,315.11111111111114
220.44444444444446,0,4.666666666666667,0,1190.2222222222224,1024.4444444444446,148.66666666666669,194.11111111111111,134.22222222222223,381.7777777777778,329.7777777777778,331.6666666666667
220.44444444444446,224.66666666666669,75535.33333333334,0,1032.111111111111,23006.222222222223,179.66666666666669,179.66666666666669,148.66666666666669,331.6666666666667,360,294.11111111111114
249.33333333333334,224.66666666666669,75556.33333333334,75384.33333333334,932.6666666666667,23006.222222222223,165.22222222222223,148.66666666666669,163.11111111111111,390.22222222222223,307.77777777777777,352.6666666666667
263.74847239195645,253.52738584601713,75547.9391178758,75375.95822686369,43531.38540162205,23300.744361737587,157.88888888888889,172.33333333333334,177.55555555555557,374.44444444444446,318,272.33333333333337
294.77777777777777,253.55555555555557,75608.11111111111,75405.33333333334,43789.66666666667,23303.333333333336,134.22222222222223,172.33333333333334,148.66666666666669,277.5555555555556,360,298.5555555555556
294.8105345038337,268.0297810867874,75670.63007000777,75470.1633514835,43549.28325369485,23663.962662518054,148.66666666666669,163.11111111111111,201.44444444444446,298.5555555555556,284.8888888888889,478.6666666666667
340.1844239528942,308.1879791134319,75721.58649038996,75453.39406732586,43501.277635818245,23638.373514053997,177.55555555555557,187,66195.22222222223,263.11111111111114,315.11111111111114,113736.66666666667
354.6666666666667,308.22222222222223,75730,75584.44444444445,43622.333333333336,23436.111111111113,148.66666666666669,201.44444444444446,66195.22222222223,263.11111111111114,315.11111111111114,113663.66666666667
354.6666666666667,344.44444444444446,75772.77777777778,75605.44444444445,43622.333333333336,24125.666666666668,201.44444444444446,187,66180.55555555556,331.6666666666667,359.7777777777778,113718.77777777778
196.22222222222223,373.33333333333337,75841.55555555556,75626.44444444445,43615,83337.44444444445,187,163.11111111111111,66195,329.7777777777778,286.77777777777777,113650.22222222223
210.66666666666669,148.66666666666669,310.8888888888889,75626.44444444445,102527.66666666667,61126.333333333336,179.66666666666669,163.11111111111111,66185.77777777778,329.7777777777778,310.6666666666667,113715.88888888889
181.7777777777778,188.8888888888889,355.5555555555556,310.6666666666667,102527.66666666667,120653.33333333334,179.66666666666669,186.7777777777778,66171.33333333334,329.7777777777778,331.6666666666667,113678.33333333334
196.22222222222223,196.22222222222223,393.11111111111114,383.8888888888889,59916.77777777778,120244.22222222223,163.11111111111111,163.11111111111111,66195.22222222223,277.77777777777777,334.22222222222223,113715.88888888889
212.7777777777778,210.66666666666669,336.6666666666667,362.8888888888889,59893.88888888889,120244.22222222223,177.55555555555557,163.11111111111111,66195.22222222223,334.22222222222223,329.7777777777778,113659.44444444445
241.63981779802248,196.2004221753139,379.4022886345962,59087.54582824132,59887.23475169426,120393.51183201867,177.55555555555557,179.66666666666669,66156.88888888889,367.33333333333337,329.7777777777778,113514.77777777778
196.22222222222223,124616.22222222223,332.6666666666667,172297.6666666667,60031.88888888889,179395.11111111112,179.66666666666669,155.7777777777778,172.33333333333334,346.33333333333337,292.22222222222223,256.77777777777777
196.24402711412378,124668.40760084453,332.7036337370819,172215.13501500164,59922.32470274474,179415.0461162351,179.66666666666669,155.7777777777778,172.33333333333334,59970.222222222226,301.44444444444446,353.6666666666667
196.22222222222223,124632.77777777778,372.11111111111114,172217,118850.11111111112,237871.33333333334,124676.77777777778,155.7777777777778,163.11111111111111,173177.6666666667,315.33333333333337,307.77777777777777
194.0446104823646,123249.64289638503,366.99263817162955,170373.58532029449,117502.3623777607,236163.8281507527,124676.77777777778,165,148.66666666666669,173090,315.33333333333337,328.7777777777778
208.3058668424522,123297.40716326082,430.0153812348934,170354.86706218414,117419.68798066358,294516.80949241924,124682.00000000001,179.44444444444446,148.66666666666669,173132,320.5555555555556,319.5555555555556
208.3058668424522,123257.63568446496,365.08459679191384,170354.86706218414,117419.68798066358,235824.43419028784,124696.44444444445,141.33333333333334,201.44444444444446,173108.8888888889,341.5555555555556,298.5555555555556
241.04592397275323,123236.10195561415,372.11601845748186,170323.99472643374,117541.85893210283,235729.94946165677,124667.55555555556,124605.44444444445,148.66666666666669,173146.44444444447,263.11111111111114,298.5555555555556
208.3058668424522,123221.81938035597,441.99077125906393,170353.8782685124,117313.8870577895,236741.15578993628,124682.00000000001,124648.77777777778,172.33333333333334,173090,172890.22222222225,350.5555555555556
179.76046588287005,123263.92704098452,366.99263817162955,112237.33655642238,117454.12592022856,294738.8199099001,124691.44444444445,124603.33333333334,172.33333333333334,173125.44444444447,172890.22222222225,331.6666666666667
208.3058668424522,246.20962425840474,346.1876510656998,372.33575038453085,117419.68798066358,236330.1472203911,124674.88888888889,124617.77777777778,134.22222222222223,173125.44444444447,172922.55555555556,390.22222222222223
208.2601054481547,208.2601054481547,409.1608084358524,402.13093145869954,175543.71704745168,294689.80667838315,124674.88888888889,124627.00000000001,163.11111111111111,113560.11111111112,172972.6666666667,293.33333333333337
255.3004504009667,208.28298363176975,383.2802372844117,360.65033505437765,117295.39712182796,236603.86685708008,163.11111111111111,124627.00000000001,177.55555555555557,319.5555555555556,172914.11111111112,313.22222222222223
208.3058668424522,208.3058668424522,58430.015381234894,395.7372006152494,117519.88573939793,236629.86156888594,177.55555555555557,124603.33333333334,177.55555555555557,355.22222222222223,172939.77777777778,350.7777777777778
181.7777777777778,148.66666666666669,59028.444444444445,369.22222222222223,59725.333333333336,179747.55555555556,163.11111111111111,124588.88888888889,187,313.22222222222223,172953.44444444447,294.33333333333337
124667.29636626292,210.69007667518613,172179.686631848,376.597399711079,59960.44004889432,179598.066451828,177.55555555555557,124641.66666666667,134.22222222222223,383.8888888888889,172911.44444444447,329.7777777777778
124605.88888888889,196.22222222222223,172171.8888888889,334.5555555555556,59723.222222222226,179817.55555555556,177.55555555555557,177.55555555555557,172.33333333333334,346.33333333333337,177893.22222222225,346.33333333333337
124653.44444444445,225.11111111111111,172144,334.5555555555556,118933.33333333334,413589.55555555556,187,134.22222222222223,148.66666666666669,372,114073.66666666667,294.33333333333337
124654.03844017333,196.2004221753139,172103.87734696147,59028.663481835356,119019.77558049107,354131.5409398956,172.33333333333334,124551.55555555556,124529.55555555556,59804.88888888889,114073.66666666667,114310.11111111112
124639.00000000001,124514.77777777778,172181.55555555556,58952.00000000001,118809.77777777778,357168.88888888893,157.88888888888889,124546.33333333334,124529.55555555556,59804.88888888889,114043.44444444445,114272.55555555556
124690.3756390309,124582.68504112025,172198.82196043566,113507.44609913314,60477.66170260058,300000.88908646366,124582.22222222223,124537.11111111112,124529.55555555556,114317.55555555556,113963.11111111112,114272.55555555556
124642.80951322516,124568.23738608579,172142.80951322516,113575.2389419871,60584.68548566348,299618.4707712825,124544.11111111112,124537.11111111112,124539.00000000001,114298.66666666667,114036.11111111112,114295.44444444445
124660.18446494055,124590.62118013113,113414.49049894433,113577.28636515168,60456.27291921325,299669.85220580065,124558.55555555556,124575.44444444445,124539.00000000001,114263.00000000001,114010.44444444445,114257.88888888889
124675.22222222223,124547.88888888889,113430.22222222223,113536.33333333334,60449.55555555556,239968.6666666667,124544.11111111112,124589.88888888889,124538.77777777778,227720.44444444447,113979.44444444445,114257.88888888889
203.55555555555557,124500.33333333334,298.11111111111114,113460.44444444445,60988.444444444445,241809.6666666667,190524.33333333334,190544.6666666667,124538.77777777778,227635.33333333334,227075.6666666667,227353.22222222225
66197.55555555556,124538.44444444445,113498.33333333334,113678.66666666667,60988.444444444445,241570.22222222225,190560.55555555556,190530.22222222225,190522.8888888889,227656.33333333334,222093.8888888889,227617.33333333334
66135.55555555556,124509.55555555556,113530.66666666667,226769.77777777778,236559.44444444447,244493.55555555556,190522.22222222225,190568.33333333334,190537.33333333334,227630.6666666667,113616.66666666667,227647.55555555556
66152.11111111111,190511.33333333334,113575.33333333334,168069.11111111112,236331.00000000003,303670.1111111111,190536.6666666667,66165.44444444445,66170.88888888889,168181.22222222225,113637.66666666667,113594.22222222223
66181,66159.66666666667,113516.77777777778,168090.11111111112,236554.22222222225,300672.1111111111,190551.11111111112,66141.77777777778,66170.88888888889,168181.22222222225,113635.55555555556,113625.22222222223
66149.98333518498,66112.09865570493,113482.39084546163,172279.96889234532,295238.08465726033,592778.2468614599,66141.22222222223,66180.11111111111,66194.77777777778,173037,113673.11111111112,113625.22222222223
66213.11111111111,190416.6666666667,113532.55555555556,172231.33333333334,295163.88888888893,593341.4444444445,191156.11111111112,66180.11111111111,66156.44444444445,172999.44444444447,113600.11111111112,113594.22222222223
66160.09332296412,190359.29341184316,172524.60837684703,172476.16931452064,295252.7496944784,593190.8676813688,191127.22222222225,190437.6666666667,190468.6666666667,173313.55555555556,173032.11111111112,173380.11111111112
191365.4850538949,191051.89465496168,172534.61495721748,172484.27603067007,295439.8266474053,595563.1736859651,191151.11111111112,191170.33333333334,190430.55555555556,59856.11111111112,173023.22222222225,173380.11111111112
191237.9789006108,191052.0821765686,172428.87284841755,172385.89672404222,294476.0688506386,593326.3742365353,125142.00000000001,125172.00000000001,191170.33333333334,59851.66666666667,59927.00000000001,60249.333333333336
126329.11111111112,191120.11111111112,59268.444444444445,172263.44444444447,294870.22222222225,593791.7777777779,125105.77777777778,125172.00000000001,125148.11111111112,59830.66666666667,59943.55555555556,59931.11111111112
125938.97334214585,189526.98832341927,58733.97224058163,58666.77682308879,59715.025335977094,353179.2244987883,125162.55555555556,127698.66666666667,128083.11111111112,59830.66666666667,59575.66666666667,59914.77777777778
186333.55364617758,124092.31108173607,58689.68935888963,58666.77682308879,59912.645957259316,294612.69001982815,127690.33333333334,128050.55555555556,128054.22222222223,59788.88888888889,59571.222222222226,59931.333333333336
186304.91297642654,124063.67041198503,58689.68935888963,58645.95725930822,59820.885657633844,294612.69001982815,127675.88888888889,128055.22222222223,128075.44444444445,59788.88888888889,59535.77777777778,59879.333333333336
217040.64771976208,126573.80480282001,58668.86979510906,360.65212601894694,1030.5133289270766,3258.647279136374,128055.22222222223,128002.44444444445,128022.66666666667,361.8888888888889,59498.222222222226,59895.88888888889
246774.2042075118,3610.9703711862535,58625.17898446965,384.2934243859455,1242.5377244189888,2765.2825201013325,3040.3333333333335,128042.66666666667,128079.44444444445,371.11111111111114,59512.88888888889,59853.88888888889
246801.38797091873,3611.3681427627234,58.38290372328707,72.92355144304913,1150.9142983035913,2941.9475655430715,151951.33333333334,3732.3333333333335,3767.2222222222226,57.00000000000001,97.44444444444446,63.55555555555556
123636.30355766052,2966.405991849322,58.37647317986561,82.05749531886771,1030.3998237691374,720.894371626831,151927.44444444447,2985.2222222222226,3767.2222222222226,57.00000000000001,64.33333333333334,63.55555555555556
123704.43024024686,149035.92682389243,49.261626625523476,53870.61935199471,1243.222393652193,1389.7950187348467,152172.77777777778,2976,151153,54351.333333333336,54376.77777777778,63.55555555555556
126221.65913848189,148986.6696044949,49.245345378429,53873.63666409607,1513.1651426682827,1254.7097058499505,152201.6666666667,151433.44444444447,151153,54388.88888888889,54360.222222222226,54331.55555555556
125512.4476756995,148998.89843577883,49.23992068737608,53851.2888301388,1370.7865168539327,1996.2546816479403,152144.8888888889,148921.44444444447,148234.55555555556,54431.66666666667,54411.444444444445,54376.222222222226
66412.11111111111,150255.22222222222,54272.88888888889,54339.00000000001,1397.3333333333335,1911.1111111111113,149607.8888888889,148555.11111111112,148256.33333333334,54400.444444444445,54423.222222222226,54359.66666666667
66441,150255.22222222222,54272.88888888889,54412.00000000001,1266.6666666666667,2381.5555555555557,149607.8888888889,148564.8888888889,148258.77777777778,54421.444444444445,54423.222222222226,54411.66666666667
35424.444444444445,147752.22222222222,54314.88888888889,54412.00000000001,1773.2222222222224,2647.5555555555557,149243,148564.8888888889,148287.6666666667,54472.66666666667,54479.66666666667,54453.66666666667
5379.486609623291,147499.49994443826,54356.37293032559,54483.72041337926,1559.3954883875986,3016.0017779753302,149257.44444444447,148553.55555555556,214233.22222222225,54463.444444444445,54502.55555555556,54453.66666666667
5379.486609623291,147561.50683409267,54356.37293032559,54483.72041337926,1773.085898433159,2838.0931214579396,346.44444444444446,148582.44444444447,214233.22222222225,54532.00000000001,54486.00000000001,168058.55555555556
4440.0488943215905,147561.50683409267,54424.15823980442,54495.49949994443,1880.0977886431824,62673.63040337815,408.44444444444446,148582.44444444447,214262.11111111112,54574.00000000001,54554.55555555556,168058.55555555556
4468.444444444444,148.66666666666669,54418.11111111112,300.6666666666667,1665.888888888889,121602.66666666667,177.55555555555557,148620.55555555556,66174.88888888889,315.11111111111114,315.11111111111114,168105.33333333334
895.0116653705145,124435.17386957006,54516.27596933675,172085.76824797248,60250.74991667593,121589.15676035997,163.11111111111111,201.44444444444446,66174.88888888889,277.5555555555556,315.11111111111114,113908.44444444445
909.6566285142793,124433.93710412267,54549.39437715301,172124.0137793088,60264.14046005111,179889.98777641958,163.11111111111111,163.11111111111111,66172.77777777778,59826.444444444445,305.8888888888889,113849.88888888889
163.11111111111111,124625.66666666667,305.8888888888889,172151.6666666667,60279.444444444445,238924.33333333334,124456.77777777778,163.11111111111111,66174.66666666667,59826.444444444445,313,113908.44444444445
134.23713745971773,124668.40760084453,360.0400044449383,172097.78864318255,119237.80420046671,239402.37804200465,124643.66666666667,177.55555555555557,66151,173108.33333333334,313,113856.44444444445
196.22222222222223,124625.66666666667,357.44444444444446,172114.11111111112,118718.00000000001,238965.00000000003,124653.11111111112,192,66136.55555555556,173057.11111111112,351,113849.88888888889
181.7777777777778,124640.11111111112,393.11111111111114,172083.11111111112,118932.00000000001,298066.1111111111,124638.66666666667,163.11111111111111,163.11111111111111,173132.22222222225,313.44444444444446,113849.88888888889
196.2004221753139,124626.26374847241,393.0674369514499,172063.99288967895,177489.61226530388,357005.99933340744,124662.33333333334,124638.77777777778,163.11111111111111,173099.11111111112,172246.22222222225,301.44444444444446
201.42206421508723,124626.26374847241,346.29485612709703,172133.54071769805,177382.62415287193,298040.43995111657,124614.77777777778,124677.11111111112,165.22222222222223,173094.6666666667,172177.6666666667,301.44444444444446
172.55555555555557,124640.11111111112,414.8888888888889,172124.33333333334,236430.77777777778,238463.55555555556,124629.22222222223,124639.00000000001,163.11111111111111,173106.44444444447,172418.44444444447,313.22222222222223
196.24402711412378,368.7076341815757,352.70585620624513,355.59506611845757,177479.27547505277,356575.84176019556,124614.77777777778,124615.11111111112,163.11111111111111,173106.44444444447,172474.8888888889,315.11111111111114
196.22222222222223,368.6666666666667,331.6666666666667,355.5555555555556,177459.55555555556,298027.1111111111,124629.22222222223,124615.11111111112,157.88888888888889,113535.77777777778,172432.8888888889,315.11111111111114
181.7777777777778,163.11111111111111,59055.77777777778,292.22222222222223,177444.6666666667,238972.77777777778,335.5555555555556,124615.11111111112,163.11111111111111,113591.66666666667,172439.44444444447,315.11111111111114
124667.88888888889,196.22222222222223,172090.77777777778,292.22222222222223,118606.55555555556,238172.6666666667,196.22222222222223,124615.11111111112,163.11111111111111,288.77777777777777,172477,315.11111111111114
124644.22222222223,210.66666666666669,172105.44444444447,370.22222222222223,118606.55555555556,297379.3333333334,157.88888888888889,124638.77777777778,163.11111111111111,357.33333333333337,172382.55555555556,305.8888888888889
123175.34036012295,222.44180939833112,170059.28853754938,358.58585858585855,175605.18225735615,467065.4369784804,172.33333333333334,124638.77777777778,179.66666666666669,303.22222222222223,172472.11111111112,305.8888888888889
123203.14044141867,161.1946854068299,170077.96200724714,58654.55144394421,117615.68024596463,409353.57417371246,163.11111111111111,165.22222222222223,179.66666666666669,114290.11111111112,539.3333333333334,59763.77777777778
123179.5322279565,123080.37773141538,170115.07631492257,112182.16756341275,117851.3231580103,411456.46206214995,148.66666666666669,124575.00000000001,124536.88888888889,114252.55555555556,59768.66666666667,114314.00000000001
123193.05952119482,123119.37184274106,170124.64309246652,112234.46079508017,59645.06918515265,412490.5556775753,124514.77777777778,124575.00000000001,124500.66666666667,114268.88888888889,113999.22222222223,114255.44444444445
123189.61352657003,123063.79007465963,170082.8941589811,112195.54238032497,59509.88142292489,295727.38252086076,124529.22222222223,124575.00000000001,124538.77777777778,114268.88888888889,113942.77777777778,114234.66666666667
123203.8866930171,123092.33640755378,170118.13790074657,112195.54238032497,60691.37022397891,303922.92490118573,124514.77777777778,190491.55555555556,197660.55555555556,121833.88888888889,113963.77777777778,114234.66666666667
123230.94662859655,123105.09554140129,112079.94728750276,112250.8236327696,60486.162969470686,307634.8561388096,197649,190491.55555555556,197631.6666666667,121778.00000000001,122028.55555555556,218496.6666666667
72451.85022510157,123058.85582518943,8200.724717250469,112238.49785878995,60599.538816295164,307480.72910947626,197882.6666666667,198125.33333333334,197880.44444444447,218348.55555555556,121991.00000000001,218496.6666666667
72691.1926202504,123088.73270371185,8148.14408082583,119591.03887546674,60606.193718427414,433512.73885350325,197897.11111111112,198110.8888888889,197911.44444444447,218338.55555555556,218198.8888888889,218474.8888888889
72667.80144959368,195608.60970788493,102856.9075334944,214748.51746101474,198112.01405666597,325635.6248627279,197882.6666666667,198110.8888888889,197866,218317.55555555556,218109.33333333334,218555.6666666667
73526.6140682298,197919.99111012334,104093.78819868875,158285.36504056008,200345.92732525838,329252.0280031115,197897.11111111112,198118.22222222225,197887.77777777778,104338,218130.33333333334,159024.77777777778
73489.55555555555,73517.44444444444,104066.44444444442,104069.88888888888,200085.2222222222,326230.7777777777,197911.55555555556,73670.11111111111,73528.44444444445,104373.66666666667,158901,104516.55555555556
73518.44444444445,73491.66666666667,104007.11111111112,103999.22222222223,332889.88888888893,619614.7777777779,73531,73699,73528.44444444445,104293.55555555556,104427.77777777778,164292.33333333334
73485.33333333331,73506.1111111111,162772.66666666663,162671.66666666663,332889.8888888888,619614.7777777776,73516.55555555556,73699,114781.11111111112,163923.6666666667,163487.55555555556,164240.11111111112
73456.44444444444,73477.2222222222,162736.99999999997,162976.55555555553,331915.5555555555,612884.2222222221,173905.6666666667,107580.77777777778,101003.77777777778,156635.22222222222,163466.55555555556,164502.6666666667
173276.74702810796,173903.45517164757,163057.32696367067,162923.008554605,332014.77613598487,609782.8019108988,100915.77777777778,107580.77777777778,101003.77777777778,156635.22222222222,155633.8888888889,60182.11111111112
100167.87023664036,173874.56949227862,155070.88101322073,162923.008554605,331786.3570714365,609782.8019108988,100634.55555555556,100676,100755,60097.77777777778,155659.6666666667,60182.11111111112
101550.04999444504,173887.90134429507,155070.88101322073,155400.28885679366,332000.3332963004,423164.3150761026,100620.11111111112,100652.33333333334,100726.11111111112,60039.222222222226,59468.333333333336,60194.222222222226
102133.20742139762,100522.05310521052,59236.30707699144,59102.5441617598,133577.15809354515,297657.8157982446,100660.33333333334,100668.88888888889,100766.33333333334,60039.222222222226,59468.333333333336,60113.444444444445
102679.48005777135,100612.59860015553,59194.311743139646,59102.5441617598,133722.47528052438,297416.7314742806,100631.44444444445,100670.77777777778,100744.55555555556,59996.444444444445,59447.333333333336,60113.444444444445
102690.88888888888,100623.77777777777,59174.66666666666,59068.99999999999,133844.3333333333,297449.77777777775,100621.66666666667,100670.77777777778,100736.88888888889,59960.77777777778,59447.333333333336,60088.00000000001
102662,100609.33333333334,59174.66666666667,59069.00000000001,916.1111111111112,3124.1111111111113,100607.22222222223,132930.44444444447,133542,59960.77777777778,59376.222222222226,312.22222222222223
106091.88888888888,133169.1111111111,371.5555555555555,354.5555555555555,1144.5555555555554,33059.33333333333,133553.55555555556,132916,92265.66666666667,59718.77777777778,316.44444444444446,59710.88888888889
106103.67818646517,133183.90932325815,371.5968440937882,59224.80275586176,1046.8940993443716,120415.82398044228,33202.555555555555,33926.333333333336,32912,59421.222222222226,59679.88888888889,59469.333333333336
7224.247138570952,32741.63795977331,33.11479053228137,59208.245360595625,910.7678630958995,119761.306811868,33029.333333333336,33950,32912,59475.333333333336,59452.55555555556,59564.333333333336
7224.247138570952,32741.63795977331,29823.535948438715,59229.24769418824,118901.54461606845,120699.52216912991,33043.77777777778,33192.11111111112,32964.77777777778,59485.00000000001,59499.77777777778,59564.333333333336
5622.069118790977,32726.19179908879,29859.206578508725,59278.36426269585,118809.20102233582,121033.33703744861,33043.77777777778,33244.88888888889,32977.11111111112,59485.00000000001,59483.222222222226,59561.444444444445
163512.05689521058,32740.63784864985,29880.208912101345,59299.36659628848,118809.20102233582,239832.4258250917,33032.444444444445,33242.77777777778,32936.88888888889,59527.00000000001,59504.222222222226,59561.444444444445
163071.89687743082,32666.629625513946,29863.651516835205,176752.86142904768,119416.60184464941,239799.3110345594,191503,33202.555555555555,191415.33333333334,177645.6666666667,177247.6666666667,177914
163053.77777777775,191135.4444444444,177410.55555555553,176716.66666666663,119403.33333333331,241480.2222222222,191498.33333333334,191673.44444444447,191603.6666666667,177645.6666666667,177247.6666666667,177897.44444444447
163094,191135.44444444447,177485.6666666667,206738.11111111112,119403.33333333334,243224.22222222225,191661.33333333334,159514.77777777778,158798.55555555556,207714.77777777778,207289.77777777778,215265.33333333334
159667.40748972108,158723.1914657184,177505.38948772085,206761.08456495166,119524.28047560841,221985.88732081343,158715,159514.77777777778,158813,148380.77777777778,207310.77777777778,155887.6666666667
177406.86335020364,176333.78595235152,197258.11628194046,164089.24824095788,132636.34119244534,147073.0773978521,158715,158720.55555555556,158822.22222222222,148380.77777777778,147994.11111111112,163300.55555555556
176344.03160103687,176317.73855079614,197281.44673497093,164122.8243426737,132892.48240957904,147476.48438464385,207412.22222222225,158737.11111111112,158822.22222222222,156191.22222222222,155365.6666666667,163205.55555555556
176360.07900259222,176333.78595235152,164188.7421306011,164099.49388964323,11386.12516973213,157989.50746821376,207397.77777777778,207421.55555555556,207462.6666666667,185994.11111111112,155292.6666666667,193449.22222222225
176301.44426613994,230423.52795951112,172830.8850759165,205720.52832983577,11369.830885075913,161472.53425503022,207412.22222222225,207368.77777777778,207433.77777777778,185994.11111111112,185503.22222222225,193461
54366.4979632144,230407.48055795574,172807.55462288603,205860.017281817,11369.830885075913,29402.296012837913,207383.33333333334,207368.77777777778,207462.6666666667,185973.11111111112,185524.22222222225,193461
54262.436736205396,230405.13516849765,206005.30798666825,75410.07283051473,12220.590050611032,40387.60646833723,48941.66666666667,207397.6666666667,48984.222222222226,75699.11111111111,67780.77777777778,82596
54269.13580246914,54369.13580246914,42142.96296296297,75419.3827160494,12222.098765432102,41777.65432098766,97502.66666666667,48926.77777777778,97385.66666666667,75699.11111111111,75222.88888888889,83012.33333333334
108140.47648438462,54362.42439205035,42054.31428218738,50741.26651030736,12355.511665226511,39769.534625354885,97339.66666666667,97324,97385.66666666667,45655.77777777778,45573.222222222226,45644.444444444445
108140.47648438462,108119.49142081222,50726.33008270583,50769.90495000616,11982.100975188245,31071.349216146147,97356.22222222223,97324,97356.77777777778,45634.77777777778,45552.222222222226,45623.444444444445
97313.0347816424,97315.92399155462,45595.843982664745,45574.6194021558,11017.001889098789,27970.77453050339,97318.11111111112,97313.55555555556,97349.66666666667,45634.77777777778,45538.55555555556,38206.11111111112
97313.55555555556,97321.66666666667,45569.77777777778,45555.88888888889,10785.222222222223,27654.222222222223,48620.88888888889,97273.33333333334,97349.66666666667,37774.88888888889,38136.77777777778,38206.11111111112
97299.11111111112,97307.22222222223,45602.88888888889,45555.88888888889,2412.5555555555557,17253.222222222223,48620.88888888889,48596.222222222226,48656.444444444445,7929.222222222223,38136.77777777778,7979.000000000001
97299.11111111112,48591.55555555556,37814.11111111112,8043.222222222223,2412.5555555555557,13859.77777777778,48606.444444444445,48596.222222222226,48656.444444444445,7929.222222222223,7926.222222222223,7951.666666666667
48598.444444444445,48591.55555555556,37814.11111111112,7896.666666666667,2412.5555555555557,13859.77777777778,48606.444444444445,48581.77777777778,48627.55555555556,7908.222222222223,7884.222222222223,7951.666666666667
48562.222222222226,48562.66666666667,7932.444444444445,7875.666666666667,1037.5555555555557,4030.666666666667,48577.55555555556,48552.88888888889,48644.11111111112,63.55555555555556,7884.222222222223,480.6666666666667
48567.61862429159,48553.61706856317,7887.543060340038,7876.5418379819985,930.6589621069008,1162.5736192910324,16.555555555555557,48552.88888888889,33.111111111111114,63.55555555555556,442.11111111111114,80.8888888888889
25.77777777777778,48548.222222222226,7886.666666666667,58.88888888888889,1032.3333333333335,1255,16.555555555555557,25.77777777777778,33.111111111111114,37.77777777777778,49.66666666666667,80.8888888888889
25.77777777777778,16.555555555555557,80.8888888888889,33.111111111111114,1153.7777777777778,412.11111111111114,0,25.77777777777778,33.111111111111114,4.666666666666667,49.66666666666667,80.8888888888889
25.774913898455722,16.55371625374958,90.10109987779134,73.54738362404176,923.1196533718474,593.2674147316964,0,7.333333333333334,16.555555555555557,4.666666666666667,57.00000000000001,64.33333333333334
0,0,106.66666666666667,57.00000000000001,1030.2222222222224,732.4444444444445,0,7.333333333333334,16.555555555555557,47.77777777777778,40.44444444444445,64.33333333333334
0,0,73.55555555555556,57.00000000000001,1046.7777777777778,732.4444444444445,0,0,16.555555555555557,47.77777777777778,40.44444444444445,64.33333333333334
0,0,47.78308700966774,40.44893877097456,939.8822091343483,607.4008223135904,0,0,16.555555555555557,47.77777777777778,40.44444444444445,49.66666666666667
0,0,47.77777777777778,40.44444444444445,1168.4444444444446,770.4444444444445,0,0,16.555555555555557,47.77777777777778,40.44444444444445,49.66666666666667
0,0,47.77777777777778,40.44444444444445,1054.111111111111,711.5555555555557,0,0,0,47.77777777777778,40.44444444444445,33.111111111111114
0,0,25.774913898455722,40.4399511165426,1053.9940006665925,625.5971558715697,0,0,0,47.77777777777778,40.44444444444445,16.555555555555557
0,0,25.77777777777778,40.44444444444445,1061.4444444444446,533.1111111111112,0,0,0,47.77777777777778,40.44444444444445,16.555555555555557
0,0,25.77777777777778,40.44444444444445,1068.7777777777778,608.5555555555555,0,0,0,47.77777777777778,40.44444444444445,16.555555555555557
0,0,16.555555555555557,0,1175.7777777777778,427.33333333333337,0,0,0,47.77777777777778,0,16.555555555555557
0,0,0,0,1190.2222222222224,238.55555555555557,0,0,0,0,0,16.555555555555557
0,0,0,0,937.8888888888889,314,0,0,0,0,0,0
0,0,0,0,1168.314631707588,313.9651149872236,0,0,0,0,0,40.44444444444445
0,0,0,0,1054.111111111111,150.88888888888889,0,0,0,0,0,40.44444444444445
0,0,0,0,1170.3671136513522,301.8245768300726,0,0,0,0,0,40.44444444444445
0,0,0,0,1170.4957678355502,301.85775530394636,0,0,0,0,0,40.44444444444445
0,0,40.008793141349756,0,1177.40162673115,486.37063090789195,0,0,0,0,0,40.44444444444445
0,0,40.008793141349756,0,1050.0109914266875,411.7388437019126,0,0,0,0,0,40.44444444444445
0,0,40.008793141349756,0,1177.6214552648937,411.7388437019126,0,0,0,0,0,45.111111111111114
0,0,40.008793141349756,0,1057.4851615739724,474.60980435260507,0,0,0,0,40.44444444444445,45.111111111111114
0,0,40.01319116192152,32.75805210508959,1278.2235901945696,400.0219852698692,0,0,0,0,40.44444444444445,45.111111111111114
0,0,40.01319116192152,32.75805210508959,1050.126415301748,510.3880400131912,0,0,0,0,40.44444444444445,4.666666666666667
0,0,40.008793141349756,32.754451527808314,1184.6559683446915,510.3319410859531,0,0,0,40.44444444444445,40.44444444444445,4.666666666666667
0,0,40.01319116192152,32.75805210508959,1297.9004067274927,604.5949214026602,0,0,0,40.44444444444445,40.44444444444445,4.666666666666667
0,0,40.43995111654261,33.10743250749917,1061.3265192756362,669.8144650594379,0,0,0,40.44444444444445,40.44444444444445,4.666666666666667
0,0,0,33.111111111111114,1059.5555555555557,483.33333333333337,0,0,0,40.44444444444445,40.44444444444445,4.666666666666667
0,0,0,33.11479053228136,1183.2425825091675,483.38704300477826,0,0,0,40.44444444444445,40.44444444444445,4.666666666666667
0,0,0,33.111111111111114,947.1111111111112,558.7777777777778,0,0,0,45.111111111111114,40.44444444444445,0
0,0,0,33.111111111111114,1175.5555555555557,495.22222222222223,0,0,0,45.111111111111114,0,0
0,0,0,0,1059.4378402399734,495.1672036440396,0,0,0,45.111111111111114,0,0
0,0,0,0,1059.4378402399734,459.06010443284083,0,0,0,45.111111111111114,0,0
0,0,0,0,1061.4444444444446,459.11111111111114,0,0,0,4.666666666666667,0,0
0,0,0,0,947.1111111111112,305,0,0,0,4.666666666666667,0,0
0,0,33.11479053228136,0,1168.5742860317812,305.03389265473936,0,0,0,4.666666666666667,0,0
0,0,33.111111111111114,0,1054.111111111111,305,0,0,0,4.666666666666667,0,0
0,0,33.10743250749917,0,1052.1053216309301,328.1857571380958,0,0,0,4.666666666666667,0,40.44444444444445
0,0,33.111111111111114,0,1190.2222222222224,252.7777777777778,0,0,0,0,0,40.44444444444445
0,0,33.11479053228136,0,961.8846538504278,423.38037559728855,0,0,0,0,0,40.44444444444445
0,0,37.78197577508612,0,1068.896544060451,423.38037559728855,0,0,0,0,0,40.44444444444445
0,0,37.77777777777778,0,1175.7777777777778,352.5555555555556,0,0,0,0,40.44444444444445,40.44444444444445
0,0,37.77777777777778,0,923.4444444444445,523.1111111111112,0,0,0,0,40.44444444444445,40.44444444444445
0,0,37.77777777777778,33.111111111111114,1146.4444444444446,523.1111111111112,0,0,0,0,40.44444444444445,40.44444444444445
0,0,4.666148205754917,33.10743250749917,1039.3289634485059,464.05954893900685,0,0,0,0,40.44444444444445,40.44444444444445
0,0,4.666666666666667,33.111111111111114,918.0000000000001,523,0,0,0,33.111111111111114,45.111111111111114,40.44444444444445
0,0,4.666666666666667,33.111111111111114,1032.111111111111,499.7777777777778,0,0,0,33.111111111111114,45.111111111111114,0
0,0,4.623513870541611,32.80493174812858,1112.1752531924262,647.732276530163,0,0,0,33.111111111111114,45.111111111111114,0
0,0,4.623004953219593,32.801320858558064,1234.4523940561364,478.7011557512383,0,0,0,33.111111111111114,45.111111111111114,0
0,0,0,32.80493174812858,1022.5671510347864,495.1563188022897,0,0,0,33.111111111111114,45.111111111111114,0
0,0,0,32.80493174812858,1135.6230735358872,548.8771466314399,0,0,0,37.77777777777778,4.666666666666667,0
0,0,0,32.80854343278653,1236.3756468127272,379.940548277001,0,0,0,37.77777777777778,4.666666666666667,0
0,0,0,0,1015.301629238221,396.3011889035667,0,0,0,37.77777777777778,4.666666666666667,0
0,0,0,0,1029.6125055041832,360.41391457507706,0,0,0,37.77777777777778,4.666666666666667,0
0,0,0,0,1241.7703401959707,302.10282946163164,0,0,0,4.666666666666667,0,40.44444444444445
0,0,0,0,1008.147087966531,302.10282946163164,0,0,0,4.666666666666667,0,40.44444444444445
0,0,32.80854343278653,0,1212.705053396455,360.56369041065733,0,0,0,4.666666666666667,0,40.44444444444445
0,0,33.11479053228137,0,871.9857761973553,305.0338926547394,0,0,0,4.666666666666667,0,40.44444444444445
0,0,33.10743250749917,0,1087.6569270081104,423.50849905566054,0,0,0,4.666666666666667,0,40.44444444444445
0,0,33.111111111111114,0,988.1111111111112,423.5555555555556,0,0,0,0,0,40.44444444444445
0,0,33.111111111111114,0,886.5555555555557,423.5555555555556,0,0,0,0,0,40.44444444444445
0,0,33.111111111111114,0,1117.111111111111,407,0,0,0,0,0,40.44444444444445
0,0,33.111111111111114,0,1131.7777777777778,428.22222222222223,0,0,0,0,40.44444444444445,40.44444444444445
0,0,33.10743250749917,0,917.675813798467,618.3757360293301,0,0,0,0,40.44444444444445,0
0,0,33.111111111111114,33.111111111111114,1146.4444444444446,618.4444444444445,0,0,0,0,40.44444444444445,0
0,0,0,33.10743250749917,939.8955671592047,523.1640928785691,0,0,0,0,40.44444444444445,0
0,0,0,33.111111111111114,1168.4444444444446,523.2222222222223,0,0,0,40.44444444444445,40.44444444444445,0
0,0,0,33.11479053228137,1083.3425936215135,483.2759195466163,0,0,0,40.44444444444445,40.44444444444445,0
0,0,0,33.111111111111114,961.7777777777778,424.33333333333337,0,0,0,40.44444444444445,40.44444444444445,0
0,0,0,33.111111111111114,1175.7777777777778,499.7777777777778,0,0,0,40.44444444444445,40.44444444444445,0
0,0,0,33.111111111111114,1074,499.7777777777778,0,0,0,40.44444444444445,40.44444444444445,0
0,0,0,33.11479053228137,930.6589621069008,419.713301477942,0,0,0,40.44444444444445,0,0
0,0,0,33.11479053228137,1161.2401377930883,304.9227691965774,0,0,0,40.44444444444445,0,0
0,0,0,0,1039.4444444444446,304.8888888888889,0,0,0,40.44444444444445,0,0
0,0,0,0,1175.6861873541504,304.9227691965774,0,0,0,40.44444444444445,0,0
0,0,0,0,947.1111111111112,304.8888888888889,0,0,0,0,0,40.44444444444445
0,0,33.111111111111114,0,1037.7777777777778,304.8888888888889,0,0,0,0,0,40.44444444444445
0,0,33.111111111111114,0,1183.111111111111,304.8888888888889,0,0,0,0,0,40.44444444444445
0,0,32.87369001654716,0,1174.627688913403,420.4081632653061,0,0,0,0,0,40.44444444444445
0,0,32.87369001654716,0,1046.773303916161,420.4081632653061,0,0,0,0,0,40.44444444444445
0,0,32.87369001654716,0,1280.8604522890237,478.8747931605074,0,0,0,0,0,40.44444444444445
0,0,32.87369001654716,0,1174.4070601213457,425.0413678985107,0,0,0,0,40.44444444444445,45.111111111111114
0,0,32.8700639752923,0,1068.0564747407898,424.99448488859474,0,0,0,0,40.44444444444445,45.111111111111114
0,0,32.87369001654716,0,1145.504688361831,519.4704908990623,0,0,0,33.111111111111114,40.44444444444445,45.111111111111114
0,0,32.87369001654716,32.87369001654716,1145.504688361831,519.4704908990623,0,0,0,33.111111111111114,40.44444444444445,4.666666666666667
0,0,0,32.87369001654716,1152.5648097076667,673.800330943188,0,0,0,33.111111111111114,40.44444444444445,4.666666666666667
0,0,0,32.87731685789938,1008.3848190644306,673.8746690203001,0,0,0,33.111111111111114,40.44444444444445,4.666666666666667
0,0,0,32.87369001654716,1208.0529509100936,497.6282404853833,0,0,0,33.111111111111114,40.44444444444445,4.666666666666667
0,0,0,33.111111111111114,1102.2222222222224,501.2222222222223,0,0,0,33.111111111111114,40.44444444444445,4.666666666666667
0,0,0,33.10743250749916,866.3481835351627,501.16653705143864,0,0,0,33.111111111111114,40.44444444444445,4.666666666666667
0,0,0,33.111111111111114,973.6666666666667,480.00000000000006,0,0,0,33.111111111111114,0,0
0,0,0,33.111111111111114,973.6666666666667,555.4444444444445,0,0,0,33.111111111111114,0,0
0,0,0,33.111111111111114,1002.7777777777778,401.44444444444446,0,0,0,0,0,0
0,0,0,0,1109.7777777777778,401.44444444444446,0,0,0,0,0,0
0,0,0,0,1009.9988890123318,304.96611487612483,0,0,0,0,0,0
0,0,33.111111111111114,0,1131.7777777777778,305,0,0,0,0,0,0
0,0,33.111111111111114,0,930.5555555555557,311.6666666666667,0,0,0,0,0,0
0,0,33.10743250749916,0,961.6709254527274,387.0681035440506,0,0,0,0,0,0
0,0,33.11479053228137,0,1175.9084342704746,328.2586954106012,0,0,0,0,0,40.44444444444445
0,0,33.111111111111114,0,1052.2222222222224,423.33333333333337,0,0,0,0,0,40.44444444444445
0,0,33.11479053228137,0,1052.3391487943104,423.3803755972886,0,0,0,0,0,40.44444444444445
0,0,33.111111111111114,0,1054.111111111111,423.33333333333337,0,0,0,40.44444444444445,0,40.44444444444445
0,0,33.111111111111114,0,1054.111111111111,423.33333333333337,0,0,0,40.44444444444445,40.44444444444445,40.44444444444445
0,0,33.111111111111114,0,1061.4444444444446,269.22222222222223,0,0,0,40.44444444444445,40.44444444444445,40.44444444444445
0,0,0,0,939.673369625597,423.06410398844565,0,0,0,40.44444444444445,40.44444444444445,40.44444444444445
0,0,0,0,1153.7777777777778,499.8888888888889,0,0,0,40.44444444444445,40.44444444444445,40.44444444444445
0,0,0,0,1153.9059895543949,424.4916101789088,0,0,0,45.111111111111114,40.44444444444445,40.44444444444445
0,0,0,33.111111111111114,939.7777777777778,594.8888888888889,0,0,0,45.111111111111114,45.111111111111114,0
0,0,0,33.111111111111114,1046.7777777777778,499.7777777777778,0,0,0,45.111111111111114,45.111111111111114,0
0,0,0,32.561188811188806,1148.8199300699298,475.19667832167823,0,0,0,45.111111111111114,45.111111111111114,0
0,0,0,32.56474702218336,1134.7393727461476,491.5309802207408,0,0,0,4.666666666666667,45.111111111111114,0
0,0,32.561188811188806,32.561188811188806,1170.4545454545453,665.8653846153845,0,0,0,4.666666666666667,4.666666666666667,0
0,0,32.56474702218337,32.56474702218337,1036.7172986558846,665.9381488361928,0,0,0,4.666666666666667,4.666666666666667,0
0,0,32.56474702218337,32.56474702218337,1247.1860998797945,514.5885695552399,0,0,0,4.666666666666667,4.666666666666667,0
0,0,32.561188811188806,32.561188811188806,1036.6040209790208,474.1040209790209,0,0,0,4.666666666666667,4.666666666666667,0
0,0,32.56474702218336,32.56474702218336,1027.6472516664842,474.15582996393823,0,0,0,0,4.666666666666667,0
0,0,32.56474702218336,0,1254.398426401486,322.80625068298536,0,0,0,0,0,0
0,0,32.56474702218336,0,1043.9296251775759,380.7234182056605,0,0,0,0,0,0
0,0,32.561188811188806,0,1127.403846153846,322.7709790209789,0,0,0,0,0,0
0,0,33.10743250749917,0,1039.3289634485059,311.6320408843462,0,0,0,33.111111111111114,0,40.44444444444445
0,0,0,0,896.0000000000001,134.33333333333334,0,0,0,33.111111111111114,0,40.44444444444445
0,0,0,0,1131.7777777777778,401.44444444444446,0,0,0,33.111111111111114,40.44444444444445,40.44444444444445
0,0,0,0,917.8797644182686,401.489054339371,0,0,0,33.111111111111114,40.44444444444445,40.44444444444445
0,0,0,0,1153.6837426380707,496.72185798422043,0,0,0,33.111111111111114,40.44444444444445,40.44444444444445
0,0,0,0,1139.111111111111,496.6666666666667,0,0,0,33.111111111111114,40.44444444444445,40.44444444444445
0,0,0,33.111111111111114,1022.8888888888889,480.11111111111114,0,0,0,33.111111111111114,40.44444444444445,40.44444444444445
0,0,0,33.10743250749917,1022.7752471947563,596.3781802021998,0,0,0,33.111111111111114,40.44444444444445,40.44444444444445
0,0,0,33.111111111111114,1061.4444444444446,596.4444444444445,0,0,0,33.111111111111114,40.44444444444445,40.44444444444445
0,0,0,33.111111111111114,937.8888888888889,596.4444444444445,0,0,0,0,40.44444444444445,0
0,0,0,33.111111111111114,1166.3333333333335,655.3333333333334,0,0,0,0,40.44444444444445,0
0,0,0,33.11479053228136,930.6589621069006,388.26536281809086,0,0,0,0,0,0
0,0,33.111111111111114,33.111111111111114,1175.7777777777778,501.44444444444446,0,0,0,0,0,0
0,0,33.111111111111114,33.111111111111114,1068.7777777777778,406.22222222222223,0,0,0,0,0,0
0,0,33.10743250749917,33.10743250749917,961.6709254527276,406.1770914342851,0,0,0,75284.33333333334,0,0
0,0,33.10743250749917,0,976.3359626708145,429.39673369625604,227.55555555555557,0,0,75636.66666666667,0,0
0,0,33.10743250749917,0,1219.420064437285,16861.01544272859,227.55555555555557,226.11111111111111,0,75636.66666666667,75294,0
0,0,33.11479053228136,0,1090.8989887765306,16864.762751416823,256.44444444444446,226.11111111111111,240.55555555555557,75657.66666666667,75399.88888888889,75371.55555555556
0,0,33.11479053228136,0,1090.8989887765306,22113.457050783418,270.8888888888889,240.55555555555557,240.55555555555557,75693.11111111111,75399.88888888889,75392.55555555556
0,0,33.111111111111114,0,64738.44444444445,22052.111111111113,270.8888888888889,240.55555555555557,255.00000000000003,75693.11111111111,75420.88888888889,75449.22222222223
0,0,33.10743250749917,0,64731.252083101885,23299.85557160316,299.77777777777777,269.44444444444446,255.00000000000003,75749.77777777778,75420.88888888889,75449.22222222223
0,0,0,0,64723.91956449284,23272.74747250306,328.6666666666667,283.8888888888889,283.8888888888889,75785.22222222223,75477.33333333334,75505.66666666667
0,0,0,0,63886.3910516504,23153.086961289613,328.6666666666667,312.77777777777777,298.33333333333337,75806.22222222223,75513,75505.66666666667
0,0,0,0,64111.65953712845,23294.06603049249,376.22222222222223,312.77777777777777,312.77777777777777,521.8888888888889,75569.44444444445,75545.77777777778
0,0,0,0,63984.31501590436,23442.68948118899,163.11111111111111,327.22222222222223,327.22222222222223,292.22222222222223,75569.44444444445,75566.77777777778
0,0,0,32.68619063288362,63977.07579247559,7241.088077218382,177.55555555555557,148.66666666666669,374.7777777777778,313.22222222222223,350.5555555555556,75566.77777777778
0,0,0,32.67902182256826,63970.28182914793,7260.445224257045,177.55555555555557,177.55555555555557,163.11111111111111,334.22222222222223,244.66666666666669,317.8888888888889
0,0,0,32.67902182256826,64075.66619146836,2080.820265379976,163.11111111111111,163.11111111111111,163.11111111111111,298.77777777777777,313.22222222222223,317.8888888888889
0,0,32.68260583461285,32.68260583461285,1033.2309717043208,2478.942750603202,177.55555555555557,192,163.11111111111111,334.22222222222223,334.22222222222223,261.22222222222223
0,0,32.68619063288363,32.68619063288363,1222.8803334430186,1244.9270593396952,163.11111111111111,163.11111111111111,192,319.5555555555556,334.22222222222223,317.6666666666667
0,0,32.68260583461285,32.68260583461285,987.9359508664179,1347.2252686992758,148.66666666666669,163.11111111111111,163.11111111111111,284.11111111111114,313.22222222222223,261.22222222222223
0,0,32.67543859649123,32.67543859649123,1095.1754385964914,1414.2543859649124,172.33333333333334,148.66666666666669,163.11111111111111,315.11111111111114,319.5555555555556,303.22222222222223
0,0,33.10743250749916,33.10743250749916,980.6688145761581,1052.5497166981445,124.77777777777779,177.55555555555557,148.66666666666669,315.11111111111114,263.11111111111114,298.5555555555556
0,0,33.10743250749916,33.10743250749916,1116.7648039106764,915.6760359960003,163.11111111111111,163.11111111111111,172.33333333333334,298.5555555555556,315.11111111111114,277.5555555555556
0,0,33.09640159928921,0,880.7196801421591,972.9009329187029,163.11111111111111,163.11111111111111,163.11111111111111,319.5555555555556,279.44444444444446,352.6666666666667
0,0,33.111111111111114,0,956.8888888888889,952.1111111111112,134.22222222222223,134.22222222222223,163.11111111111111,298.5555555555556,359.7777777777778,298.5555555555556
0,0,33.111111111111114,0,850.1111111111112,1005.5555555555557,163.11111111111111,163.11111111111111,163.11111111111111,334,291.22222222222223,277.5555555555556
0,0,0,0,1087.8986554061562,805.3117013001445,177.55555555555557,163.11111111111111,177.55555555555557,298.5555555555556,291.22222222222223,319.5555555555556
0,0,0,0,895.6782579713364,873.4585046105987,163.11111111111111,163.11111111111111,148.66666666666669,282.22222222222223,291.22222222222223,298.5555555555556
0,0,0,0,1124.2222222222224,873.7777777777778,163.11111111111111,177.55555555555557,163.11111111111111,282.22222222222223,291.22222222222223,298.5555555555556
0,0,0,0,988.220913434826,805.6450716746305,139.44444444444446,177.55555555555557,177.55555555555557,317.8888888888889,284.8888888888889,313.22222222222223
0,0,0,0,903.2114679408824,1082.2313590398933,201.44444444444446,179.66666666666669,177.55555555555557,393,320.33333333333337,277.77777777777777
0,0,0,0,1002.7777777777778,1045.2222222222224,148.66666666666669,179.66666666666669,194.11111111111111,286.8888888888889,348.11111111111114,350.7777777777778
0,0,0,0,1117.732073374097,983.3240689271819,163.11111111111111,163.11111111111111,170.22222222222223,296.8888888888889,308.6666666666667,313.22222222222223
0,0,0,0,917.7777777777778,982.7777777777778,177.55555555555557,163.11111111111111,141.33333333333334,296.8888888888889,287.6666666666667,334.22222222222223
0,0,0,0,1153.683742638071,1067.563062562507,163.11111111111111,163.11111111111111,155.7777777777778,317.8888888888889,338.8888888888889,334.22222222222223
0,0,0,33.10743250749916,1022.775247194756,1262.5263859571157,163.11111111111111,148.66666666666669,155.7777777777778,317.8888888888889,317.8888888888889,313.22222222222223
0,0,33.11479053228137,33.11479053228137,1139.2376930770085,1194.4660517835316,163.11111111111111,177.55555555555557,155.7777777777778,313.22222222222223,317.8888888888889,334.22222222222223
0,0,33.111111111111114,33.111111111111114,1024.7777777777778,1109.3333333333335,163.11111111111111,148.66666666666669,155.7777777777778,365.22222222222223,338.8888888888889,334.22222222222223
0,0,33.11479053228137,33.11479053228137,923.3248138682076,1246.1384598288698,163.11111111111111,148.66666666666669,141.33333333333334,277.5555555555556,324.22222222222223,298.5555555555556
0,0,33.111111111111114,33.111111111111114,1161.111111111111,969.4444444444445,163.11111111111111,179.66666666666669,194.11111111111111,277.5555555555556,357.33333333333337,350.5555555555556
0,0,33.111111111111114,33.111111111111114,1032.111111111111,1091,177.55555555555557,179.66666666666669,139.44444444444446,277.5555555555556,277.5555555555556,277.5555555555556
0,0,33.111111111111114,33.111111111111114,1032.111111111111,1052.6666666666667,148.66666666666669,177.55555555555557,148.66666666666669,298.5555555555556,315.11111111111114,298.5555555555556
0,0,33.11479053228137,33.11479053228137,1032.2258028669853,1137.5708412045783,163.11111111111111,177.55555555555557,177.55555555555557,298.5555555555556,298.5555555555556,209.00000000000003
0,0,33.111111111111114,33.111111111111114,1032.111111111111,999.3333333333334,177.55555555555557,163.11111111111111,163.11111111111111,242.11111111111111,298.5555555555556,282
0,0,33.11479053228137,0,925.213912656962,791.7546394043783,148.66666666666669,177.55555555555557,148.66666666666669,298.5555555555556,298.5555555555556,298.5555555555556
0,0,0,0,1015.5555555555557,949.4444444444445,163.11111111111111,148.66666666666669,163.11111111111111,298.5555555555556,298.5555555555556,277.5555555555556
0,0,0,0,1032.2258028669853,844.4271585731748,179.66666666666669,163.11111111111111,148.66666666666669,321.44444444444446,277.5555555555556,334.22222222222223
0,0,0,0,1032.111111111111,881.0000000000001,179.66666666666669,177.55555555555557,163.11111111111111,321.44444444444446,256.5555555555556,313.22222222222223
0,0,0,0,1022.8888888888889,881.0000000000001,163.11111111111111,115.55555555555556,163.11111111111111,274.6666666666667,261,313.22222222222223
0,0,0,0,916.1111111111112,950.6666666666667,177.55555555555557,163.11111111111111,163.11111111111111,357.8888888888889,319.5555555555556,371.7777777777778
0,0,0,0,939.7777777777778,950.7777777777778,177.55555555555557,134.22222222222223,163.11111111111111,284.8888888888889,282,313.22222222222223
0,0,0,0,1153.649594489501,865.903788467948,163.11111111111111,163.11111111111111,148.66666666666669,305.8888888888889,334.22222222222223,348.6666666666667
0,0,0,0,1046.661482057549,1073.5473836240417,148.66666666666669,163.11111111111111,163.11111111111111,341.33333333333337,283,275.6666666666667
0,0,0,0,1046.7777777777778,1082,148.66666666666669,163.11111111111111,148.66666666666669,326.8888888888889,292.22222222222223,313.22222222222223
0,0,0,33.10743250749916,1061.326519275636,924.1195422730807,163.11111111111111,177.55555555555557,163.11111111111111,305.8888888888889,348.6666666666667,277.77777777777777
0,0,0,33.111111111111114,930.7777777777778,1129.7777777777778,194.11111111111111,163.11111111111111,177.55555555555557,268.5555555555556,313.22222222222223,277.5555555555556
0,0,33.10743250749916,33.10743250749916,1168.314631707588,1253.7495833796243,194.11111111111111,148.66666666666669,172.33333333333334,341.5555555555556,334.22222222222223,298.5555555555556
0,0,33.10743250749916,33.10743250749916,1046.661482057549,1253.7495833796243,163.11111111111111,210.66666666666669,119.55555555555556,313.22222222222223,350.7777777777778,298.5555555555556
0,0,34.34366716607123,34.34366716607123,1339.8640082977988,1228.304713610695,163.11111111111111,177.55555555555557,172.33333333333334,289.33333333333337,292.22222222222223,240.00000000000003
0,0,34.33575296693167,34.33575296693167,1315.0132503744671,1227.9064408341974,177.55555555555557,177.55555555555557,148.66666666666669,319.5555555555556,322.44444444444446,298.5555555555556
0,0,34.34366716607123,34.34366716607123,1093.3502362567708,1371.4417425377437,163.11111111111111,163.11111111111111,163.11111111111111,319.5555555555556,227.44444444444446,298.5555555555556
0,0,34.34366716607123,34.34366716607123,1181.5143482770545,1156.0447159156392,177.55555555555557,148.66666666666669,163.11111111111111,284.11111111111114,298.5555555555556,357.11111111111114
0,0,34.33970961050934,34.33970961050934,1299.9539064300532,1091.7262041945148,177.55555555555557,148.66666666666669,192,277.5555555555556,334,282
0,0,34.34366716607123,0,1070.531289616227,1091.8520225884524,163.11111111111111,163.11111111111111,163.11111111111111,298.5555555555556,277.5555555555556,338.6666666666667
0,0,34.33970961050934,0,1211.569486056695,1063.2634247522471,148.66666666666669,163.11111111111111,163.11111111111111,350.5555555555556,298.5555555555556,282.22222222222223
0,0,0,0,1196.7269793707503,913.7950904690563,148.66666666666669,201.44444444444446,192.22222222222223,277.5555555555556,315.11111111111114,319.7777777777778
0,0,0,0,1219.3154316007838,1022.818946640544,163.11111111111111,139.44444444444446,206.66666666666669,315.11111111111114,261,267.77777777777777
0,0,0,0,930.4521719808911,1001.110987668037,148.66666666666669,148.66666666666669,153.88888888888889,255.7777777777778,319.5555555555556,340.7777777777778
0,0,0,0,1046.8940993443714,941.9935548394265,148.66666666666669,177.55555555555557,177.55555555555557,289.33333333333337,289.33333333333337,282.22222222222223
0,0,0,0,1182.888888888889,803.7777777777778,163.11111111111111,163.11111111111111,163.11111111111111,277.5555555555556,363.33333333333337,317.8888888888889
0,0,0,0,969.1111111111112,1080,134.22222222222223,192,177.55555555555557,327.6666666666667,334.22222222222223,280.33333333333337
0,0,0,0,1076.111111111111,1184.4444444444446,163.11111111111111,163.11111111111111,148.66666666666669,292.22222222222223,268.5555555555556,355.44444444444446
0,0,0,33.10743250749917,1197.4225086101546,1184.3128541273193,163.11111111111111,163.11111111111111,163.11111111111111,313.22222222222223,334.22222222222223,298.77777777777777
0,0,33.111111111111114,33.111111111111114,1061.4444444444446,1239.7777777777778,115.55555555555556,163.11111111111111,177.55555555555557,223.66666666666669,313.22222222222223,334.22222222222223
0,0,33.111111111111114,33.111111111111114,1059.5555555555557,1256.3333333333335,177.55555555555557,141.33333333333334,163.11111111111111,313.22222222222223,313.22222222222223,275.6666666666667
0,0,33.111111111111114,33.111111111111114,1068.7777777777778,1151.2222222222224,163.11111111111111,186.7777777777778,148.66666666666669,313.22222222222223,350.7777777777778,348.6666666666667
0,0,33.09640159928921,33.09640159928921,1068.302976454909,1123.944913371835,148.66666666666669,163.11111111111111,172.33333333333334,356,292.22222222222223,313.22222222222223
0,0,33.10743250749917,33.10743250749917,1059.4378402399734,1030.4410621042107,163.11111111111111,148.66666666666669,163.11111111111111,292.22222222222223,313.22222222222223,313.22222222222223
0,0,33.111111111111114,33.111111111111114,1068.7777777777778,1183.7777777777778,148.66666666666669,177.55555555555557,148.66666666666669,313.22222222222223,319.5555555555556,298.5555555555556
0,0,33.111111111111114,33.111111111111114,1068.7777777777778,1029.111111111111,177.55555555555557,148.66666666666669,148.66666666666669,288.77777777777777,298.5555555555556,298.5555555555556
0,0,33.111111111111114,33.111111111111114,1068.7777777777778,957.6666666666667,148.66666666666669,163.11111111111111,163.11111111111111,288.77777777777777,298.5555555555556,282
0,0,33.11479053228136,0,1090.8989887765306,957.773085898433,163.11111111111111,148.66666666666669,177.55555555555557,303.22222222222223,298.5555555555556,334
0,0,0,0,1197.644706143762,852.4608376847018,201.44444444444446,163.11111111111111,148.66666666666669,340.7777777777778,298.5555555555556,336.11111111111114
0,0,0,0,976.3359626708145,852.5719364515055,163.11111111111111,132.11111111111111,141.33333333333334,303.22222222222223,303.22222222222223,336.11111111111114
0,0,0,0,1074.2222222222224,990.7777777777778,163.11111111111111,139.44444444444446,163.11111111111111,265.6666666666667,303.22222222222223,312.22222222222223
0,0,0,0,1191.1061700944967,881.3785436353528,177.55555555555557,163.11111111111111,177.55555555555557,281.44444444444446,303.22222222222223,274.6666666666667
0,0,0,0,969.2188020891209,1017.7797533059228,148.66666666666669,177.55555555555557,163.11111111111111,324.22222222222223,303.22222222222223,319.5555555555556
0,0,0,0,1059.5555555555557,864.4444444444445,177.55555555555557,148.66666666666669,177.55555555555557,324.22222222222223,222.8888888888889,319.5555555555556
0,0,0,32.761653474054526,1170.6244503078276,1101.2532981530342,148.66666666666669,163.11111111111111,163.11111111111111,298.5555555555556,274.8888888888889,298.5555555555556
0,0,0,32.761653474054526,1192.1723834652594,933.2673702726473,177.55555555555557,177.55555555555557,163.11111111111111,334,317.8888888888889,275.6666666666667
0,0,0,32.75445152780831,1155.858430424269,1138.3820619916464,179.66666666666669,163.11111111111111,134.22222222222223,336.11111111111114,317.8888888888889,304
0,0,0,32.76525563496426,1050.357339197361,1233.644859813084,141.33333333333334,163.11111111111111,163.11111111111111,298.5555555555556,355.44444444444446,266.44444444444446
0,0,0,32.76525563496426,1283.67234744365,1365.255634964266,163.11111111111111,215.8888888888889,163.11111111111111,313.22222222222223,313.22222222222223,313.22222222222223
0,0,32.761653474054526,32.761653474054526,1156.1125769569041,1228.452066842568,177.55555555555557,163.11111111111111,177.55555555555557,313.22222222222223,275.6666666666667,264.11111111111114
0,0,32.75805210508959,32.75805210508959,1041.002528306035,1384.632296361438,163.11111111111111,163.11111111111111,139.44444444444446,313.22222222222223,334.22222222222223,320.5555555555556
0,0,32.761653474054526,32.761653474054526,1276.2752858399297,1369.8328935795953,177.55555555555557,163.11111111111111,163.11111111111111,334.22222222222223,313.22222222222223,313.22222222222223
0,0,32.75805210508959,32.75805210508959,1155.9854897218863,1369.6823128503904,177.55555555555557,177.55555555555557,148.66666666666669,283,348.6666666666667,256.77777777777777
216.66483456084424,232.16444981862153,74508.62921842367,74712.98230185776,1155.9854897218863,22673.518742442564,177.55555555555557,177.55555555555557,163.11111111111111,313.22222222222223,334.22222222222223,313.22222222222223
247.8888888888889,234.66666666666669,75391.77777777778,75485.11111111111,43558.222222222226,23702.666666666668,163.11111111111111,148.66666666666669,177.55555555555557,313.22222222222223,291.22222222222223,298.5555555555556
247.91643515946214,249.13879319924433,75400.15557284142,75535.50394488276,43456.050672296915,23497.721969107675,163.11111111111111,163.11111111111111,177.55555555555557,275.6666666666667,268.33333333333337,218.22222222222223
262.30418842350855,249.0834351738696,75451.17209198979,75575.15831574271,43553.382957449176,23369.625597155875,163.11111111111111,163.11111111111111,66134.66666666667,275.6666666666667,282,113681.44444444445
291.18986779246757,277.9691145428286,75493.94511720921,75575.15831574271,43660.03777358072,82849.79446728142,163.11111111111111,141.33333333333334,66103.66666666667,298.5555555555556,282,113634.66666666667
305.632707476947,292.4119542273081,75460.8376847017,75596.1559826686,43553.04966114877,82849.79446728142,148.66666666666669,177.55555555555557,66120.22222222223,298.5555555555556,298.5555555555556,113702.44444444445
345.92732525836203,340.03778197577503,75552.72808089787,75612.95699522168,102646.29403267028,141979.5532836982,148.66666666666669,153.88888888888889,66134.66666666667,282,240.00000000000003,113698.00000000001
345.85046105988226,339.96222641928676,75571.38095767138,75685.70158871237,102516.49816687035,141826.35262748585,163.11111111111111,148.66666666666669,66134.66666666667,270.22222222222223,298.5555555555556,113660.44444444445
374.7777777777778,368.8888888888889,75579.77777777778,75748.22222222223,102520.55555555556,142028.44444444447,148.66666666666669,163.11111111111111,66134.66666666667,270.22222222222223,298.5555555555556,113702.44444444445
170.24113790421157,134.23713745971773,357.7064118235359,263.1403489276586,102408.37870874541,120791.19902211355,148.66666666666669,148.66666666666669,66134.66666666667,313,261,113681.44444444445
141.33333333333334,124585.22222222223,277.5555555555556,172059.44444444447,60009.11111111112,178880.33333333334,163.11111111111111,163.11111111111111,66120.22222222223,277.5555555555556,319.5555555555556,113696.11111111112
170.24113790421157,124613.5126125125,345.3717079675519,172036.5596177353,60015.779531059,179172.24136015112,132.11111111111111,148.66666666666669,66120.22222222223,298.5555555555556,276.77777777777777,113696.11111111112
155.79508834314922,124644.51605733969,360.81786865207243,172001.1112345816,118784.30936770751,179070.89676630736,184.8888888888889,163.11111111111111,163.11111111111111,60012.77777777778,268.33333333333337,305.8888888888889
174.46382931436824,124646.62740304477,318.0353372596955,172105.34503833757,118713.96821869095,178580.28669852205,124651.22222222223,184.8888888888889,194.11111111111111,173034.55555555556,350.7777777777778,305.8888888888889
188.9098788754306,124632.18135348371,360.0400044449383,172084.34270474495,118713.96821869095,178580.28669852205,124636.77777777778,148.66666666666669,141.33333333333334,173034.55555555556,298.77777777777777,313.22222222222223
148.6501499833352,124585.82379735586,284.8572380846573,172088.10132207535,59845.57271414288,120263.41517609156,124665.66666666667,163.11111111111111,163.11111111111111,173034.55555555556,371.7777777777778,261.22222222222223
177.57528614290476,124627.95866207355,284.92054672741415,172105.34503833757,59842.53805978441,179709.18990998997,124636.77777777778,177.55555555555557,163.11111111111111,172982.55555555556,334.22222222222223,338.8888888888889
163.1292365818424,124613.5126125125,336.1484609401044,172051.22791421268,59735.52616957439,179522.83587065228,124636.77777777778,148.66666666666669,163.11111111111111,173056.55555555556,298.77777777777777,317.8888888888889
148.66666666666669,124599.66666666667,279.6666666666667,172074.11111111112,118781.00000000001,179204.44444444447,124665.66666666667,124622.22222222223,163.11111111111111,173025.55555555556,172810,282.44444444444446
203.31074325074994,210.64326185979337,393.0674369514499,346.29485612709703,118629.81890901012,120071.9920008888,124651.22222222223,124622.22222222223,148.66666666666669,173025.55555555556,172751.44444444447,303.22222222222223
188.86790356627043,196.2004221753139,346.29485612709703,367.29252305299417,118629.81890901012,179833.4629485613,124665.66666666667,124622.22222222223,177.55555555555557,173028.22222222225,172810,324.22222222222223
188.86790356627043,165.20386623708478,59026.9970003333,346.29485612709703,118819.02010887681,298459.7266970337,124612.88888888889,124622.22222222223,163.11111111111111,113372.55555555556,172767.22222222225,251.22222222222223
124627.44444444445,163.11111111111111,59033.55555555556,298.5555555555556,118560.11111111112,239193.77777777778,153.88888888888889,124569.44444444445,132.11111111111111,59483.00000000001,172748.55555555556,340.7777777777778
123135.37549407112,189.72332015810275,170075.42819499338,369.23583662714094,175862.977602108,294797.4308300395,153.88888888888889,124622.22222222223,184.8888888888889,59483.00000000001,172786.11111111112,286.6666666666667
123182.36714975843,161.17698726394377,170128.8976723759,327.73386034255594,175637.24198506805,526842.1168203776,124536.77777777778,124631.44444444445,163.11111111111111,113956.00000000001,172713.11111111112,286.6666666666667
123153.82081686427,123099.58278436537,170093.87351778653,112149.53886693016,175735.72683355288,470423.0346947737,124551.22222222223,124593.33333333334,124542.33333333334,113977.00000000001,232198.8888888889,114123.55555555556
123168.09398331135,123085.30961791829,170124.50592885373,112149.53886693016,176090.25032938074,470423.0346947737,124565.66666666667,249010.6666666667,124542.33333333334,113983.33333333334,286475,114227.55555555556
123182.36714975843,123113.85595081246,170187.52744839698,112149.53886693016,117738.3618796662,471306.65349143604,124536.77777777778,124551.55555555556,124551.55555555556,113941.33333333334,113963.77777777778,114263.22222222223
123170.41835950366,123066.10299769406,170094.10343691663,112149.88470407377,117871.52739650817,471358.40562204894,124536.77777777778,124551.55555555556,124566.00000000001,113962.33333333334,113963.77777777778,114206.77777777778
123156.14362578235,123080.37773141538,170094.10343691663,112129.13143735587,118665.20259141318,412091.13868452836,124551.22222222223,124551.55555555556,124537.11111111112,113917.66666666667,227329.8888888889,227340.33333333334
123189.61352657003,123090.25032938074,112055.33596837943,112331.02766798418,60294.246815985935,296674.9011857707,124551.22222222223,190514.11111111112,190508.22222222225,114068.55555555556,227350.8888888889,227340.33333333334
179.62231005709265,123061.70399648658,112497.69433465083,112275.25252525251,60505.70926657882,531011.7479139217,190506.11111111112,190514.11111111112,190522.6666666667,168058.8888888889,227324.6666666667,227511.55555555556
65394.75129021631,188285.82409135828,714.3955199297243,224103.4369166575,350636.7629296145,472623.69605797733,190506.11111111112,190506.77777777778,190522.6666666667,168058.8888888889,227287.11111111112,227490.55555555556
66117.56861873541,190545.50505611734,113526.05845093899,226738.85987331925,295639.07100788975,595429.381042338,66132.44444444445,315384.3333333334,314840.7777777778,113602.44444444445,286462.44444444444,286789.55555555556
66139.11111111111,66125.11111111111,113573.00000000001,113502.44444444445,295606.22222222225,595087.8888888889,131876.44444444447,315384.3333333334,190437.8888888889,173213.22222222225,226955.6666666667,172884.22222222225
191648.8888888889,66125.11111111111,113490.77777777778,172507,295247.44444444444,595087.8888888889,131847.55555555556,191119.6666666667,191201.55555555556,173132.8888888889,172696.11111111112,172775.77777777778
191634.44444444447,191111.11111111112,172479.55555555556,172465,295485.1111111111,595062.5555555556,191221.33333333334,191105.22222222225,191163.44444444447,173295,172675.11111111112,172740.11111111112
192292.22222222225,191127.6666666667,172479.55555555556,172425.11111111112,295256.44444444444,595095.6666666667,191206.8888888889,191090.77777777778,191149,173296,172675.11111111112,172740.11111111112
192292.22222222225,191098.77777777778,172458.55555555556,172425.11111111112,294667.3333333334,595027.4444444445,191178,191135.6666666667,191181.8888888889,173296,59255.11111111112,59585.55555555556
193109.22222222225,191124.55555555556,172404.44444444447,172224.8888888889,294805.3333333334,593276.3333333334,194008.33333333334,125144.22222222223,125196.33333333334,173086.55555555556,59250.66666666667,59585.55555555556
223455.22222222225,191124.55555555556,171966,172258,294591.3333333334,356211.6666666667,128000.66666666667,128022.11111111112,127749.00000000001,59900.222222222226,59213.11111111112,59324.77777777778
158437.8888888889,125124.22222222223,171966,59091.77777777778,1039.4444444444446,356303.6666666667,128021.88888888889,127976.66666666667,128011.22222222223,59909.444444444445,59229.66666666667,59324.77777777778
158437.8888888889,127842.44444444445,59121.333333333336,59091.77777777778,1039.4444444444446,3374.777777777778,128040.55555555556,3117.777777777778,3678.666666666667,59858.222222222226,54.333333333333336,58.88888888888889
248438.22222222225,127813.55555555556,59078.333333333336,59070.77777777778,1039.4444444444446,1333.7777777777778,62282.11111111112,3117.777777777778,3678.666666666667,226.44444444444446,54.333333333333336,49.66666666666667
122993.55555555556,127839.33333333334,59078.333333333336,66.22222222222223,1039.4444444444446,1350.3333333333335,62282.11111111112,3005.3333333333335,2955.2222222222226,226.44444444444446,54.333333333333336,33.111111111111114
122979.89112320855,149456.17153649597,25.77491389845573,66.21486501499834,1030.1077658037998,358.73791800911016,151989.33333333334,3005.3333333333335,2955.2222222222226,54353.77777777778,54.333333333333336,33.111111111111114
123152.00000000001,149456.22222222222,25.77777777777778,54324.88888888889,1146.4444444444446,769.5555555555557,151989.33333333334,3005.3333333333335,2955.2222222222226,54352.77777777778,54.333333333333336,33.111111111111114
124927.00000000001,150216.8888888889,25.77777777777778,54362.444444444445,1173.111111111111,804.1111111111112,152018.22222222222,152481.22222222222,151691.11111111112,54352.77777777778,49.66666666666667,33.111111111111114
126965.99622180242,150213.02366929658,25.780642293588173,54389.48772085787,1035.2261362373597,671.2968107567507,149202.33333333334,152503,151691.11111111112,54409.222222222226,54295.66666666667,54338.66666666667
96605.88888888889,150196.33333333334,16.555555555555557,54350.333333333336,1249.111111111111,1713.7777777777778,149240.6666666667,149654,149152.8888888889,54383.444444444445,54345.00000000001,54338.66666666667
95823.11111111112,150225.22222222222,16.555555555555557,54406.77777777778,1013.3333333333334,2094.888888888889,149219.44444444447,149692.33333333334,148876.22222222222,54421.00000000001,54328.444444444445,54359.66666666667
96563.44444444445,147492.55555555556,16.555555555555557,54427.77777777778,1638.4444444444446,2094.888888888889,149200.77777777778,149664.44444444447,148890.6666666667,54486.66666666667,54408.77777777778,54416.11111111112
6534.222222222223,147521.44444444447,54293.444444444445,54494.444444444445,1531.4444444444446,2681.1111111111113,149215.22222222222,149664.44444444447,148905.11111111112,54486.66666666667,54429.77777777778,54437.11111111112
6453.949561159872,147526.8303521831,54323.07521386513,54488.39017886902,1531.2743028552386,2664.2595267192537,149215.22222222222,149653.11111111112,148864.8888888889,54507.66666666667,54413.222222222226,54437.11111111112
6397.544128933231,911.5228593355992,53684.79333406425,53864.269268720534,1896.7218506742681,3360.706062931696,148.66666666666669,149667.55555555556,148879.33333333334,239.22222222222223,54472.55555555556,54479.88888888889
5563.034422275817,925.6741942556457,53678.908134181096,309.03310677483006,1781.8460863845648,2922.385441789081,177.55555555555557,149667.55555555556,148908.22222222222,277.5555555555556,54514.55555555556,54521.88888888889
3840.2762552071913,189.43214207410657,53699.62727472046,346.08638456478843,1764.6349484762113,3293.137469853102,148.66666666666669,175.66666666666669,139.44444444444446,319.5555555555556,54514.55555555556,54521.88888888889
1036.3955272966455,160.9296206972155,53767.26595044946,344.003508002631,1884.4551633413726,3822.7362420521813,148.66666666666669,177.55555555555557,65975.44444444445,263.11111111111114,304,413.00000000000006
1064.8980486735366,189.43214207410657,53808.70423152817,344.003508002631,1673.3172549879412,2775.5974566980926,155.7777777777778,148.66666666666669,66119,313.22222222222223,254.66666666666669,413.00000000000006
877.0141400854983,160.91198070810043,53802.80609448647,362.3807957908583,1900.5809492491508,2308.560780445029,155.7777777777778,155.7777777777778,66126.11111111111,266.44444444444446,313.22222222222223,113665.55555555556
160.9296206972155,222.10041657531244,53876.34290725718,376.6717825038369,1389.6075422056567,60893.115544836655,153.88888888888889,141.33333333333334,66111.66666666667,261.22222222222223,305.8888888888889,113613.55555555556
175.20008770968096,207.8719438658042,329.7884003946936,310.93081898914596,1284.1793662975551,118549.28187698718,163.11111111111111,163.11111111111111,66119,334.22222222222223,313.22222222222223,113665.55555555556
189.45291086503673,175.20008770968096,294.5948909110843,331.65223111500933,59493.3669553777,118549.28187698717,163.11111111111111,163.11111111111111,66147.88888888889,313.22222222222223,313.22222222222223,113686.55555555556
189.43214207410657,189.43214207410657,329.53299714974787,58259.811444858584,59333.589125191844,118293.68559526419,177.55555555555557,163.11111111111111,66147.88888888889,313.22222222222223,310.33333333333337,113643.77777777778
210.66666666666669,124607.00000000001,277.5555555555556,59014.11111111112,59902.444444444445,120159.22222222223,163.11111111111111,163.11111111111111,66119,253.8888888888889,298.5555555555556,113665.55555555556
181.7777777777778,124592.55555555556,331.6666666666667,172052.6666666667,59902.444444444445,178777.11111111112,163.11111111111111,163.11111111111111,66147.88888888889,284.8888888888889,334,113665.55555555556
163.11111111111111,124640.11111111112,298.5555555555556,172017.22222222225,59781.00000000001,178240.33333333334,163.11111111111111,139.44444444444446,335.5555555555556,305.8888888888889,282,113509.22222222223
163.12923658184243,124639.51550172242,324.36937437493054,172111.4568285365,118835.64840537838,237464.27380820093,124614.11111111112,163.11111111111111,163.11111111111111,255.7777777777778,319.5555555555556,113591.44444444445
163.1292365818424,124639.5155017224,324.3693743749305,172036.33737081898,118712.0791199022,238437.604178242,124652.44444444445,146.55555555555557,132.11111111111111,173144.6666666667,341.33333333333337,317.8888888888889
163.11111111111111,124592.55555555556,298.5555555555556,172038.22222222225,118730.11111111112,179032.6666666667,124616.22222222223,146.55555555555557,184.8888888888889,173568.55555555556,305.8888888888889,317.8888888888889
179.66666666666669,124607.00000000001,352.6666666666667,172080.22222222225,118730.11111111112,179403,124607.00000000001,163.11111111111111,177.55555555555557,173516.55555555556,277.5555555555556,317.8888888888889
150.79453272585843,124606.40071119013,352.70585620624513,172078.34203800422,59980.77564173797,179422.93588176466,124645.11111111112,163.11111111111111,148.66666666666669,173516.55555555556,319.5555555555556,296.8888888888889
196.22222222222223,124630.88888888889,346.33333333333337,113339.22222222223,118658.33333333334,179557.22222222225,124616.22222222223,124623.66666666667,148.66666666666669,173568.55555555556,263.11111111111114,317.8888888888889
163.11111111111111,172.55555555555557,346.33333333333337,113460.00000000001,118658.33333333334,238667.6666666667,124616.22222222223,124638.11111111112,163.11111111111111,173610.55555555556,172375,254.11111111111114
163.11111111111111,196.22222222222223,313.22222222222223,346.33333333333337,118663.55555555556,238703.22222222225,124630.66666666667,124609.22222222223,134.22222222222223,173537.55555555556,172390.77777777778,317.8888888888889
163.12923658184243,177.57528614290476,322.4802755861763,388.37648627625293,118792.97699744416,238985.6650738971,124616.22222222223,124623.66666666667,139.44444444444446,173575.8888888889,172390.77777777778,277.5555555555556
148.66666666666669,177.55555555555557,313.22222222222223,313.22222222222223,59738.333333333336,179696.11111111112,148.66666666666669,124638.11111111112,177.55555555555557,173575.8888888889,172405.22222222225,251.7777777777778
148.66666666666669,177.55555555555557,313.22222222222223,348.6666666666667,118551.33333333334,237925.11111111112,148.44444444444446,124609.22222222223,163.11111111111111,758.1111111111112,172362.44444444447,289.33333333333337
196.22222222222223,163.11111111111111,59088.66666666667,334.22222222222223,118627.11111111112,238501.8888888889,148.44444444444446,124638.11111111112,124.77777777777779,266.44444444444446,172388.6666666667,303
165.20386623708475,186.9792245306077,59006.99922230862,292.18975669370064,118751.91645372735,179100.87768025772,163.11111111111111,124638.11111111112,141.33333333333334,304,172388.6666666667,230.00000000000003
124637.48472391955,186.9792245306077,172119.20897678033,360.73769581157643,118623.15298300187,238301.85534940558,125.00000000000001,124609.22222222223,177.55555555555557,334.22222222222223,172384.22222222225,282
124620.33333333334,157.88888888888889,172088.22222222225,383.8888888888889,118930.44444444445,472741.6666666667,124573.22222222223,65928.22222222223,163.11111111111111,114119.55555555556,172384.22222222225,319.5555555555556
124605.88888888889,172.33333333333334,172144.6666666667,58947.66666666667,118930.44444444445,413026.88888888893,124558.77777777778,65913.77777777778,124544.22222222223,114098.55555555556,59324.00000000001,319.5555555555556
124620.33333333334,124406.44444444445,172123.6666666667,58947.66666666667,118930.44444444445,356313.4444444445,124573.22222222223,124620.66666666667,124544.22222222223,114098.55555555556,113573.22222222223,113646.77777777778
124639.59560048881,124363.73736251525,172139.76224863902,113415.39828907898,118801.02210865458,356017.99800022214,124587.66666666667,124620.66666666667,124544.22222222223,114119.55555555556,113683.55555555556,113688.77777777778
123528.67995155786,123391.28041396016,170570.07596609052,112412.30870857647,118301.88263789497,354250.02752394584,124558.77777777778,124582.55555555556,124506.11111111112,114140.55555555556,113631.55555555556,113632.33333333334
123556.5954635543,123442.853996917,170630.47786831096,112461.90266461133,60032.92226381855,295789.25346839905,124535.11111111112,124606.22222222223,124544.22222222223,114090.44444444445,121174.33333333334,121151.00000000001
123495.15525214713,123466.30698084124,185829.22263818546,112494.71482052412,60807.201057035905,306634.77207663516,124549.55555555556,197730.11111111112,197915.44444444447,114090.44444444445,121593.55555555556,217211.8888888889
196211.627394847,123414.00572561112,185829.22263818546,120390.22241796963,60670.44703809734,306634.77207663516,124551.44444444445,197691.77777777778,197884.44444444447,122064.77777777778,217753.00000000003,217797.8888888889
72863.79652059019,196113.52125082584,103185.75203699627,120322.28584012334,60776.48095133231,374541.0702488439,124551.44444444445,197971.55555555556,197901,218270.33333333334,217715.44444444447,217766.8888888889
72849.482492843,196090.0682669016,103185.75203699627,215182.9993393526,264097.8859282097,326310.3941863026,73497.11111111111,132192,197915.44444444447,104470.55555555556,217736.44444444447,217708.33333333334
72910.92270425017,196090.0682669016,103227.70314908613,157084.45276370845,264097.8859282097,326495.0451442414,73535.22222222223,132206.44444444447,73534.33333333334,104449.55555555556,158654.55555555556,217767.6666666667
72910.92270425017,72954.195111209,103244.10922704251,157084.45276370845,264083.5719004625,324165.93261396175,73506.33333333334,73514,73534.33333333334,104506,104425.22222222223,104376.66666666667
72863.79652059019,72999.22924465977,103164.94164280996,103105.92380532924,264083.5719004625,324664.060779564,73506.33333333334,73499.55555555556,73519.88888888889,104425.66666666667,104314.88888888889,104376.66666666667
72870.08697566883,72840.911593086,161344.5998018276,103073.76417483212,329858.41682263574,323182.2085214137,73520.77777777778,73528.44444444445,73534.33333333334,104442.22222222223,104366.11111111112,163986.8888888889
173872.22222222225,73505.33333333334,163072,104009.88888888889,332793.4444444445,620606.1111111111,73506.33333333334,73504.77777777778,173924.6666666667,163830.44444444447,156213.6666666667,156438
174548.6666666667,173259.11111111112,88916.55555555556,162944.8888888889,331919.55555555556,611205.6666666667,173283.77777777778,100900.77777777778,100539,164111.44444444447,155763.77777777778,60325.88888888889
101169.66666666667,173259.11111111112,88949.66666666667,154977.44444444447,331919.55555555556,611210.3333333334,174010.6666666667,100900.77777777778,100650.66666666667,156078.55555555556,59604.333333333336,59756.444444444445
102437,100622.44444444445,59221.333333333336,154977.44444444447,331936.1111111111,483477.7777777778,174010.6666666667,100621,100654.66666666667,59859.333333333336,59620.88888888889,59735.444444444445
102512.3875124986,100611.26541495389,59223.97511387623,59187.31252083101,67547.93911787578,297535.82935229415,100657,100670.66666666667,100640.22222222223,59800.77777777778,59599.88888888889,59761.222222222226
102461.77777777778,100657.44444444445,59148.333333333336,59153.77777777778,67791.22222222223,297382.55555555556,100618.88888888889,100656.22222222223,100625.77777777778,59824.66666666667,59599.88888888889,59701.88888888889
102729.88888888889,100674,59110.77777777778,59153.77777777778,67684.22222222223,297485,100640.11111111112,100646.44444444445,100630.44444444445,59784.77777777778,59528.77777777778,59718.444444444445
102715.44444444445,100628.55555555556,59110.77777777778,59118.333333333336,67684.22222222223,297057.7777777778,132818.55555555556,100646.44444444445,100616,59784.77777777778,59528.77777777778,119067.33333333334
105196.77777777778,132368.22222222222,340.33333333333337,59118.333333333336,932.4444444444445,297057.7777777778,132804.11111111112,133468,133648.77777777778,59747.222222222226,118809.77777777778,59457.11111111112
4823.333333333334,133133.33333333334,58.88888888888889,59059.77777777778,1054.111111111111,91972.55555555556,133636.44444444447,133482.44444444447,33234.77777777778,59700.77777777778,59412.11111111112,59470.77777777778
5967.444444444445,33341.444444444445,29740.55555555556,59214.444444444445,932.6666666666667,238903.6666666667,33859,32957.333333333336,33249.222222222226,59440.77777777778,178033.6666666667,59470.77777777778
5981.88888888889,33370.333333333336,29816.88888888889,59235.444444444445,119508.88888888889,238899.00000000003,33101.11111111112,191472.44444444447,191581.22222222225,59440.77777777778,178033.6666666667,178612
4714.555555555556,32645.111111111113,29837.88888888889,59235.444444444445,119278.33333333334,242322.44444444447,177957.77777777778,191472.44444444447,191524.44444444447,178515.22222222225,208017.6666666667,215951.11111111112
4627.777777777778,191124.8888888889,147282.11111111112,176963.8888888889,119508.88888888889,243562.55555555556,191699.8888888889,191576.55555555556,191757.22222222225,178515.22222222225,208121.6666666667,215925.33333333334
163096.44444444447,191214.55555555556,147601.8888888889,176947.33333333334,119401.88888888889,252770.00000000003,191714.33333333334,191591,191771.6666666667,208249.77777777778,208121.6666666667,215993.11111111112
162813.8888888889,191198,177346.44444444447,206735.55555555556,119294.88888888889,253267.55555555556,191693.11111111112,191600.77777777778,191767,208280,208163.6666666667,215976.55555555556
162958.22222222222,191226.8888888889,177367.44444444447,206740,127304.33333333334,262310.6666666667,159538.33333333334,191600.77777777778,240504.00000000003,208280,208163.6666666667,164475.44444444447
160502.6666666667,159487.22222222222,177367.44444444447,206790.11111111112,128111.00000000001,262310.6666666667,159538.33333333334,207477.33333333334,207456.77777777778,216157.6666666667,186456.33333333334,194323.33333333334
160502.6666666667,158705.55555555556,177442.55555555556,206790.11111111112,127980.11111111112,175863.44444444447,207382.6666666667,207491.77777777778,207471.22222222225,186644.8888888889,186468.11111111112,194302.33333333334
207222.44444444447,158705.55555555556,185393.77777777778,147683.8888888889,127980.11111111112,29364.666666666668,207382.6666666667,207468.11111111112,207471.22222222225,186623.8888888889,67843.66666666667,194323.33333333334
207374.33333333334,158722.11111111112,185284.33333333334,155500,10273.444444444445,29364.666666666668,207397.11111111112,48976.66666666667,49027.55555555556,186665.8888888889,67895.66666666667,75222
204780.44766293615,204810.40157998685,182996.5986394558,183054.20232609173,10341.781874039938,26710.66491112574,62540.444444444445,48991.11111111112,49051.222222222226,67617.66666666667,37895.11111111112,37882.88888888889
204853.92888498685,48346.905179982445,67078.35820895522,66796.64179104478,10116.330114135208,25943.70061457419,48803.55555555556,48822.88888888889,48832.88888888889,67655.22222222223,37828.66666666667,37962.66666666667
48327.77351036981,48232.744431032595,66813.0143750686,66845.05651267421,11112.696148359488,16847.580379677387,48825.333333333336,48853.88888888889,48871.222222222226,37917.77777777778,37909,37894.88888888889
48367.49698233294,48232.744431032595,37437.287391638325,37426.20432349391,11218.36936244925,16473.718863162518,-,-,-,-,-,-
