dockerfiles-laptop-clientapp-0-1,dockerfiles-laptop-clientapp-1-1,dockerfiles-laptop-supernode-0-1,dockerfiles-laptop-supernode-1-1,dockerfiles-serverapp-1,dockerfiles-superlink-1,dockerfiles-desktop-clientapp-0-1,dockerfiles-desktop-clientapp-1-1,dockerfiles-desktop-clientapp-2-1,dockerfiles-desktop-supernode-0-1,dockerfiles-desktop-supernode-1-1,dockerfiles-desktop-supernode-2-1
87.6101,175.2202,0,136.9298,0,0,77.5903,77.5903,0,109.1056,0,0
64.85504999999999,129.71009999999998,52.0689,329.51295,23.107499999999998,211.97279999999998,119.6903,179.53545,59.84515,84.1528,162.3353,51.4583
171.81009999999998,171.81009999999998,241.86726666666664,290.97529999999995,20.404999999999998,187.18186666666665,161.7903,161.7903,107.86019999999999,222.12539999999998,184.2078,122.20739999999999
160.43257499999999,213.9101,225.85045,309.305875,462.752075,295.96825,254.862875,203.8903,203.8903,281.62045,348.2117,115.50555
256.01009999999997,299.18519999999995,288.2394,296.1447,454.73717999999997,12186.9321,245.99030000000002,245.99030000000002,196.79224000000002,271.81636000000003,336.08936,245.05542
298.1101,290.32099999999997,414.4745333333333,457.1965666666666,1339.6071833333333,11825.860083333333,288.0903,336.10535000000004,280.56300000000005,395.63945000000007,361.76660000000004,272.92165000000006
291.6086571428571,340.2101,439.6064,481.39671428571427,1310.3918714285714,11700.94167142857,283.02025714285713,330.1903,330.1903,388.6766714285714,475.84601428571426,429.12414285714283
334.52133749999996,430.09886249999994,432.25559999999996,473.34712499999995,1411.7549625,11505.286462499998,386.88124999999997,372.2903,325.7540125,448.8927875,469.4527625,423.35862499999996
327.44444444444446,421.00000000000006,582.8888888888889,623.2222222222223,1587.1111111111113,11455.333333333334,882.8888888888889,428.33333333333337,381.5555555555556,15985.875144444446,552.3333333333334,465.7777777777778
374.22222222222223,374.22222222222223,615.7777777777778,550.1111111111112,1587.1111111111113,12128.666666666668,836.1111111111112,435.6666666666667,435.6666666666667,15927.666666666668,599.8888888888889,15997.222222222223
475.11111111111114,428.33333333333337,578.2222222222223,1385.1111111111113,6862.444444444445,11975.77777777778,822.4444444444445,342.11111111111114,838.8888888888889,15960.77777777778,15982.222222222223,15957.000000000002
381.5555555555556,381.5555555555556,1418.1111111111113,15876.88888888889,7034.333333333334,68088.26693333333,775.6666666666667,799.4444444444445,792.1111111111112,15833.88888888889,15949.333333333334,15917.000000000002
832.5555555555557,785.7777777777778,15865.77777777778,15844.000000000002,6880.777777777778,68082.10833333332,947.8888888888889,752.6666666666667,698.5555555555557,15768.111111111111,15789.555555555557,15917.000000000002
739,699.5555555555557,15800.000000000002,15844.000000000002,6870.111111111111,72999,947.8888888888889,1050.3333333333335,1358.5555555555557,15768.111111111111,15877.333333333334,15790.000000000002
692.2222222222223,1539.888888888889,15673.111111111111,15684.111111111111,6368.111111111111,72999,6303.333333333334,1429.3333333333335,1272.3333333333335,15641.111111111111,15844.444444444445,15757.111111111111
1664.7777777777778,1485.7777777777778,15640.222222222223,15651.222222222223,6368.111111111111,72903.88888888889,11897.8672,3809.0000000000005,5824.222222222223,15641.111111111111,15725.000000000002,15679.88888888889
2450.233281493002,4086.314152410576,15724.616751832928,15745.056654076874,6674.405687624973,72887.69162408354,17129.972377777776,3762.2222222222226,13254.168555555556,15670.555555555557,15725.000000000002,15679.88888888889
2450.777777777778,5676.666666666667,15568.333333333334,15588.666666666668,6470.666666666667,72831.77777777778,18161.41658888889,14437.879344444444,13252.312544444445,128.33333333333334,15644.555555555557,15647.000000000002
5217.222222222223,5629.88888888889,15535.444444444445,15588.666666666668,6814.444444444445,72279.55555555556,18161.41658888889,14436.023333333333,19795.020411111112,128.33333333333334,15597.000000000002,115.55555555555556
5116.333333333334,5580.444444444445,15535.444444444445,14589.111111111111,1778.888888888889,72279.55555555556,18160.28087777778,14682.782344444444,19779.58541111111,95.22222222222223,87.77777777777779,115.55555555555556
6351.111111111111,5580.444444444445,14535.555555555557,97.33333333333334,1607,14732.666666666668,18160.28087777778,14440.111111111111,19779.58541111111,95.22222222222223,87.77777777777779,89.77777777777779
5900.111111111111,5129.444444444445,87.8888888888889,97.33333333333334,1686.6666666666667,14765.555555555557,17929,14440.111111111111,19779.58541111111,95.22222222222223,87.77777777777779,89.77777777777779
5900.111111111111,5129.444444444445,87.8888888888889,97.33333333333334,1943.6666666666667,308.22222222222223,18469.7834625,14520.827212499998,19832.8029125,98.0943625,0,92.4857
5900.111111111111,4289.111111111111,87.8888888888889,97.33333333333334,1772.2222222222224,308.22222222222223,13137.54767142857,14287.335085714285,20190.78904285714,99.86498571428571,0,94.15508571428572
4927.555555555556,4289.111111111111,87.8888888888889,97.33333333333334,1772.2222222222224,322.8888888888889,6541.495569483466,10934.838988545494,14244.110654851956,92.6086016857575,0,7.1320510049708234
4095.687930651255,1594.4654367637252,0,0,1822.0715714603243,322.96065792398304,1091.311865139399,10934.838988545494,6812.513507672358,0,0,7.1320510049708234
4094.7777777777783,4.666666666666667,0,0,1993.5555555555557,227.33333333333334,0,256.8618975578128,6812.513507672358,0,0,0
1234.7777777777778,4.666666666666667,0,0,1899.0000000000002,146.44444444444446,0,256.8618975578128,0,0,0,0
1234.7777777777778,0,0,0,1642.5555555555557,146.44444444444446,0,0,0,0,0,0
0,0,0,0,1971.6666666666667,146.44444444444446,0,0,0,0,0,0
0,0,0,0,1657.4444444444446,146.44444444444446,0,0,0,0,0,0
0,0,0,0,1828.888888888889,146.44444444444446,0,0,0,0,0,0
0,0,0,0,1828.4444444444446,146.44444444444446,0,0,0,0,0,0
0,0,0,0,2085,98.8888888888889,0,0,0,0,0,0
0,0,0,0,1771.5555555555557,198,0,0,0,0,0,0
0,0,95.22222222222223,95.22222222222223,1599.6666666666667,172.22222222222223,0,0,0,0,0,0
0,0,95.22222222222223,95.22222222222223,1771.888888888889,132,0,0,0,95.22222222222223,0,95.11111111111111
0,0,95.22222222222223,95.22222222222223,1944.2222222222224,132,0,0,0,95.21164315076102,94.98944561715363,95.10054438395733
0,0,95.22222222222223,95.22222222222223,1787.0000000000002,245.7777777777778,0,0,0,95.22222222222223,95,95.11111111111111
0,0,95.22222222222223,95.22222222222223,2043.5555555555557,286.22222222222223,0,0,0,95.21164315076102,94.98944561715363,95.10054438395733
0,0,95.2010664296823,95.2010664296823,1614.7522772717175,286.1586314152411,0,0,0,95.21164315076102,94.98944561715363,95.10054438395733
0,0,95.22222222222223,95.22222222222223,1779.6666666666667,286.22222222222223,0,0,0,99.8888888888889,95,99.77777777777779
0,0,95.22222222222223,95.22222222222223,1779.6666666666667,319.11111111111114,0,0,0,99.8888888888889,104.33333333333334,99.77777777777779
0,0,95.22222222222223,95.22222222222223,1787.1111111111113,220.00000000000003,0,0,0,99.8888888888889,104.33333333333334,99.77777777777779
0,0,0,0,1951.6666666666667,220.00000000000003,0,0,0,99.89998888765419,104.34492721413491,99.78886542949216
0,0,0,0,1530.2222222222224,267.5555555555556,0,0,0,4.666148205754915,104.32174202866346,4.666148205754915
0,0,0,0,1826.1111111111113,267.5555555555556,0,0,0,4.666666666666667,9.333333333333334,4.666666666666667
0,0,0,0,1842.6666666666667,179.55555555555557,0,0,0,4.666666666666667,9.333333333333334,4.666666666666667
0,0,0,0,1586.1111111111113,106.22222222222223,0,0,0,4.667185242804756,9.334370485609512,4.667185242804756
0,0,0,0,2000.777950655701,146.47699488775282,0,0,0,4.666666666666667,9.333333333333334,4.666666666666667
0,0,0,0,1663.888888888889,146.44444444444446,0,0,0,0,9.333333333333334,0
0,0,0,0,1743.6666666666667,113.55555555555556,0,0,0,0,0,0
0,0,0,0,1828.3333333333335,146.44444444444446,0,0,0,0,0,0
0,0,0,0,1663.7777777777778,179.55555555555557,0,0,0,0,0,95.22222222222223
0,0,95.33333333333334,0,2000.2222222222224,132,0,0,0,0,0,95.23280364484943
0,0,95.33333333333334,0,1788.5555555555557,198,0,0,0,0,0,95.23280364484943
0,0,95.33333333333334,95.33333333333334,1600.1111111111113,212.66666666666669,0,0,0,0,0,107.125
0,0,95.33333333333334,95.33333333333334,1999.2222222222224,212.66666666666669,0,0,0,0,0,102.97467142857143
0,0,95.33333333333334,95.33333333333334,1756.888888888889,205.33333333333334,0,0,0,0,95.91494124230555,95.91494124230555
0,0,95.33333333333334,95.33333333333334,1928.7777777777778,205.33333333333334,0,0,0,0,95.90420769919427,95.90420769919427
0,0,95.33333333333334,95.33333333333334,1592.4444444444446,278.6666666666667,0,0,0,95.79230080572962,95.90420769919427,95.90420769919427
0,0,95.33333333333334,95.33333333333334,1757.4444444444446,245.7777777777778,0,0,0,95.79230080572962,95.90420769919427,95.90420769919427
0,0,95.33333333333334,95.33333333333334,1929.3333333333335,257.77777777777777,0,0,0,95.79230080572962,95.90420769919427,0
0,0,0,95.26982011992006,1848.2123029091717,257.60604041749946,0,0,0,95.79230080572962,95.90420769919427,0
0,0,0,95.33333333333334,1764.7777777777778,224.66666666666669,0,0,0,95.80302182428652,95.91494124230555,0
0,0,0,0,1764.7777777777778,184.22222222222223,0,0,0,93.5977547812953,0,0
0,0,0,0,1701.888888888889,184.22222222222223,0,0,0,92.59800600075009,0,0
0,0,0,0,1802.3333333333335,198.8888888888889,0,0,0,95.1216801866874,0,0
0,0,0,0,1630.4444444444446,198.8888888888889,0,0,0,95.1216801866874,0,0
0,0,0,0,2058.888888888889,151.33333333333334,0,0,0,0,0,0
0,0,0,0,1637.3333333333335,151.33333333333334,0,0,0,0,0,0
0,0,0,0,1842.3333333333335,153.7777777777778,0,0,0,0,0,0
0,0,0,0,1818.2121414276187,153.8803646875695,0,0,0,0,0,0
0,0,0,0,1645.1111111111113,135.33333333333334,0,0,0,0,0,0
0,0,95.11111111111111,95.22222222222223,2000.0000000000002,227.33333333333334,0,0,0,0,0,0
0,0,95.11111111111111,95.22222222222223,1663.7777777777778,227.33333333333334,0,0,0,0,0,0
0,0,95.11111111111111,95.22222222222223,1827.2222222222224,234.66666666666669,0,0,0,0,0,0
0,0,95.11111111111111,95.22222222222223,1999.0000000000002,234.66666666666669,0,0,0,0,0,95.22222222222223
0,0,95.11111111111111,95.22222222222223,1570.5555555555557,241.7777777777778,0,0,0,0,95.11111111111111,95.22222222222223
0,0,95.11111111111111,95.22222222222223,1970.1111111111113,241.7777777777778,0,0,0,0,95.11111111111111,95.22222222222223
0,0,95.11111111111111,95.22222222222223,1765.1111111111113,234.66666666666669,0,0,0,0,95.11111111111111,95.22222222222223
0,0,95.11111111111111,95.22222222222223,1533.888888888889,308,0,0,0,0,95.1216801866874,95.23280364484941
0,0,95.11111111111111,95.22222222222223,1955.0000000000002,293.5555555555556,0,0,0,95.10054438395736,95.10054438395736,95.21164315076103
0,0,0,0,1757.3333333333335,201.55555555555557,0,0,0,95.11111111111111,95.11111111111111,99.8888888888889
0,0,0,0,2007.0000000000002,201.55555555555557,0,0,0,95.11111111111111,95.11111111111111,99.8888888888889
0,0,0,0,1743.4444444444446,220.00000000000003,0,0,0,95.1216801866874,95.1216801866874,99.89998888765417
0,0,0,0,1571.6666666666667,220.00000000000003,0,0,0,95.10054438395736,95.10054438395736,4.666148205754917
0,0,0,0,1908.4444444444446,249.33333333333334,0,0,0,99.76669258971226,0,4.666148205754917
0,0,0,0,1797.4444444444446,249.33333333333334,0,0,0,99.77777777777779,0,4.666666666666667
0,0,0,0,1625.5555555555557,208.8888888888889,0,0,0,99.76669258971226,0,4.666148205754917
0,0,0,0,1995.4444444444446,135.55555555555557,0,0,0,104.90766310461194,0,4.906594488188977
0,0,0,0,1797.6666666666667,183.11111111111111,0,0,0,5.0081999999999995,0,5.0081999999999995
0,0,0,0,1640.4444444444446,183.11111111111111,0,0,0,4.60728389644581,0,0
0,0,0,0,1587.3333333333335,183.11111111111111,0,0,0,4.60728389644581,0,0
0,0,0,0,1825.4832259497891,157.29837813819154,0,0,0,4.60728389644581,0,0
0,0,95.22222222222223,0,1998.2222222222224,190.44444444444446,0,0,0,4.607789358200768,0,0
0,0,95.22222222222223,95.33333333333334,1661.4444444444446,208.8888888888889,0,0,0,0,0,0
0,0,95.22222222222223,95.33333333333334,1801.3333333333335,208.8888888888889,0,0,0,0,0,0
0,0,95.22222222222223,95.33333333333334,1973.2222222222224,208.8888888888889,0,0,0,0,0,93.91113549094898
0,0,95.2010664296823,95.31215285492114,1791.3796934014665,241.94623417018443,0,0,0,0,0,92.17897142857144
0,0,95.22222222222223,95.33333333333334,1568.4444444444446,194.44444444444446,0,0,0,0,0,91.3566
0,0,95.2010664296823,99.97778271495224,1987.225061097534,246.61186403021554,0,0,0,0,95,95.11111111111111
0,0,95.22222222222223,100,2047.6666666666667,246.66666666666669,0,0,0,0,95,95.11111111111111
0,0,95.24338741942653,100.02222716159145,1801.8448544120913,287.1749277617248,0,0,0,0,95,95.11111111111111
0,0,0,100,1629.1111111111113,254.00000000000003,0,0,0,95.22222222222223,95,95.11111111111111
0,0,0,4.666666666666667,1972.6666666666667,254.00000000000003,0,0,0,95.22222222222223,95,95.11111111111111
0,0,0,4.666666666666667,1807.888888888889,254.00000000000003,0,0,0,95.22222222222223,99.66666666666667,95.11111111111111
0,0,0,4.666666666666667,1636,254.00000000000003,0,0,0,95.22222222222223,99.66666666666667,0
0,0,0,4.666148205754915,1849.7944672814128,220.86434840573267,0,0,0,95.21164315076103,99.65559382290857,0
0,0,0,4.666666666666667,1850.0000000000002,275.77777777777777,0,0,0,95.22222222222223,99.66666666666667,0
0,0,0,0,1831.2958435207822,223.60524561013557,0,0,0,95.22222222222223,4.666666666666667,0
0,0,0,0,1804.710064430127,223.5058875805377,0,0,0,95.22222222222223,4.666666666666667,0
0,0,0,0,1640.1910686514111,159.18684736725174,0,0,0,95.22222222222223,4.666666666666667,0
0,0,0,0,2016.9962230615422,159.18684736725174,0,0,0,0,4.666666666666667,0
0,0,0,0,1904.6666666666667,102.44444444444446,0,0,0,0,4.666666666666667,0
0,0,0,0,1812.888888888889,150,0,0,0,0,0,0
0,0,95.33333333333334,95.22222222222223,1812.888888888889,216.22222222222223,0,0,0,0,0,0
0,0,95.36512170723574,95.25397354673781,1847.2824274758254,216.29432032899857,0,0,0,0,0,0
0,0,95.33333333333334,95.22222222222223,1846.6666666666667,175.7777777777778,0,0,0,0,0,96.55555555555556
0,0,95.31215285492114,95.2010664296823,1790.268829149078,175.73872472783827,0,0,0,0,0,96.55555555555556
0,0,95.35452322738385,95.24338741942653,1823.9608801955987,208.9353189597688,0,0,0,0,0,96.55555555555556
0,0,95.33333333333334,95.22222222222223,1823.5555555555557,232.7777777777778,0,0,0,0,95.11111111111111,96.55555555555556
0,0,95.35452322738385,95.24338741942653,1790.8424094243162,232.82951767059345,0,0,0,0,95.11111111111111,96.55555555555556
0,0,95.33333333333334,95.22222222222223,1823.5555555555557,218.11111111111111,0,0,0,0,95.11111111111111,96.55555555555556
0,0,95.33333333333334,95.22222222222223,1651.6666666666667,170.55555555555557,0,0,0,95.22222222222223,95.11111111111111,96.55555555555556
0,0,0,0,1988.4444444444446,175.7777777777778,0,0,0,107.125,107,108.625
0,0,0,0,1816.1111111111113,220.66666666666669,0,0,0,103.59905714285715,103.47817142857143,105.04968571428572
0,0,0,0,1816.1111111111113,206.22222222222223,0,0,0,106.58223333333333,106.45786666666666,0
0,0,0,0,1817.0704601022446,246.72149366525892,0,0,0,105.55487128956769,105.43170341175022,0
0,0,0,0,1553,213.55555555555557,0,0,0,105.55487128956769,105.43170341175022,0
0,0,0,0,1979.7732829517668,202.489442098244,0,0,0,105.54187192118225,0,0
0,0,0,0,1834.6666666666667,228.22222222222223,0,0,0,105.55487128956769,0,0
0,0,0,0,1570.7777777777778,219.00000000000003,0,0,0,110.71428571428571,0,0
0,0,0,0,1965.888888888889,273.8888888888889,0,0,0,5.1724137931034475,0,0
0,0,0,95.11111111111111,1810.1111111111113,228.22222222222223,0,0,0,5.192492917847025,0,0
0,0,0,95.11111111111111,1546.2222222222224,183.33333333333334,0,0,0,5.051400000000001,0,0
0,0,95.22222222222223,95.11111111111111,1965.4444444444446,238.22222222222223,0,0,0,5.249343832020997,0,0
0,0,95.22222222222223,95.11111111111111,1792.6666666666667,197.7777777777778,0,0,0,4.666148205754915,0,0
0,0,95.22222222222223,95.11111111111111,2056.5555555555557,207.00000000000003,0,0,0,4.666148205754915,0,94.98944561715363
0,0,95.22222222222223,95.11111111111111,1630.2222222222224,170.55555555555557,0,0,0,4.666666666666667,0,95
0,0,95.22222222222223,95.11111111111111,1774.888888888889,223.55555555555557,0,0,0,4.666148205754915,0,94.98944561715363
0,0,95.22222222222223,95.11111111111111,1946.7777777777778,223.55555555555557,0,0,0,0,0,95
0,0,95.22222222222223,95.11111111111111,1551.6666666666667,183.11111111111111,0,0,0,0,0,95
0,0,95.22222222222223,0,1806.888888888889,183.11111111111111,0,0,0,0,0,95.01055672852539
0,0,95.2010664296823,0,1978.3381470784273,204.84336814041328,0,0,0,0,0,95
0,0,0,0,1790.2222222222224,150,0,0,0,95.34392710301145,95.12168018668741,99.67774197133015
0,0,0,0,1618.3333333333335,150,0,0,0,95.33333333333334,95.11111111111111,99.66666666666667
0,0,0,0,1731.7777777777778,269.22222222222223,0,0,0,95.33333333333334,95.11111111111111,4.666666666666667
0,0,0,0,1933.5555555555557,269.22222222222223,0,0,0,95.33333333333334,95.11111111111111,4.666666666666667
0,0,0,0,1589.7777777777778,190.44444444444446,0,0,0,95.34392710301145,95.12168018668741,4.667185242804756
0,0,0,0,1748.2222222222224,190.44444444444446,0,0,0,95.33333333333334,104.44444444444446,4.666666666666667
0,0,0,0,2027.6666666666667,230.8888888888889,0,0,0,95.34392710301145,104.45605067229693,4.667185242804756
0,0,0,0,1591.4444444444446,205.11111111111111,0,0,0,95.33333333333334,104.44444444444446,4.666666666666667
0,0,0,0,1748.1662591687038,183.37408312958433,21222.08643484057,0,0,95.3227419175647,104.43284079546716,4.666148205754915
0,0,0,95,1764.4444444444446,238.22222222222223,21224.444444444445,46051.444444444445,0,21959.444444444445,9.333333333333334,0
0,0,95.22222222222223,95,1764.4444444444446,238.22222222222223,46120.11111111112,46051.444444444445,0,21959.444444444445,22008.55555555556,0
0,0,95.22222222222223,95,1718.1111111111113,168.66666666666669,46120.11111111112,46110,46072.444444444445,22054.55555555556,22008.55555555556,0
0,0,95.22222222222223,95,1966.888888888889,21711.333333333336,46195.222222222226,46201.66666666667,46126.55555555556,22219.88888888889,22103.666666666668,701
0,0,95.2010664296823,94.97889357920464,1966.451899577872,22088.758053765832,46236.862570825455,46196.533718475715,46121.430952116425,22217.420286634817,22101.21097655816,755.8049105654926
0,0,95.22222222222223,99.66666666666667,1998.6666666666667,22093.666666666668,46329.59217690855,46260.91787976442,46206.80075563952,22260.695632848096,22252.80586731859,897.4330481164574
0,0,95.22222222222223,99.66666666666667,2317.3333333333335,64643.222222222226,44719.881499999996,44653.593275,44601.3564375,21487.25305,21479.6374125,866.25195
0,0,95.22222222222223,99.66666666666667,2489.3333333333335,64643.222222222226,45152.435999999994,45085.5066,45032.7645,21695.0892,21687.3999,874.6307999999999
0,0,95.22222222222223,99.66666666666667,2161.1111111111113,64747.333333333336,24772.45311985963,45709.946266037936,45619.475819717074,22107.57758526154,22006.9086522645,885.623423621011
0,0,95.22222222222223,4.666666666666667,2303.888888888889,64692.44444444445,24806.79824561403,259.42982456140345,45667.872807017535,481.578947368421,22004.495614035084,946.7105263157893
0,0,0,4.666666666666667,2303.888888888889,64789.44444444445,275.79778484482944,296.5237416383375,45726.285776949226,481.63175786818726,448.7334137515078,1079.1753481741418
0,0,0,4.666666666666667,2326.1111111111113,64730.55555555556,349.92872025441386,238.73231714003725,255.0718280513214,541.8357276017107,495.66838469130386,1079.1753481741418
0,0,0,4.666666666666667,1875.5555555555557,43249.88888888889,275.76754385964915,222.3684210526316,275.76754385964915,378.6184210526316,401.75438596491233,455.70175438596493
0,0,0,4.667703934207601,2267.059346521449,42952.10046677039,266.6959096392148,222.39280622875313,275.79778484482944,439.8508608400044,555.7626932777716,401.5791205176006
0,0,0,0,2130.3333333333335,43013.77777777778,238.70614035087715,243.09210526315786,275.7675438596491,401.97368421052624,535.4166666666665,415.78947368421046
0,0,0,0,1531.881804043546,504.5545434347923,258.0642551064134,258.0642551064134,275.7268981982166,551.4537963964332,659.4448558369213,464.91869936947785
0,0,0,0,1696.7777777777778,504.6666666666667,331.6255875,331.6255875,348.944975,580.8387875,646.6292125,455.883475
0,0,0,0,1696.7777777777778,545.1111111111112,317,317,354.5555555555556,555.2222222222223,680.1111111111112,601
0,0,0,0,1729.0000000000002,545.1111111111112,338,338,354.5555555555556,671.1111111111112,797.8888888888889,539
0,0,0,95.33333333333334,1900.888888888889,530.6666666666667,354.51616487057,300.4110654371737,300.4110654371737,671.0365514942785,680.1466503721809,551.6053771803133
0,0,0,95.33333333333334,1749.1111111111113,530.6666666666667,279.44444444444446,375.5555555555556,375.5555555555556,651.8888888888889,632.6666666666667,599.2222222222223
0,0,0,95.33333333333334,1937.6666666666667,596.6666666666667,338.03755972885875,354.5949549949994,338.03755972885875,706.8563173685965,788.8654294921657,529.9477719746639
0,0,95.33333333333334,95.33333333333334,1546.6666666666667,585,354.5555555555556,354.5555555555556,375.5555555555556,697.5555555555557,647.2222222222223,685.7777777777778
0,0,95.31215285492114,95.31215285492114,1680.9597867140637,513.6636303043769,358.9601155427175,354.51616487057,300.4110654371737,697.4780579935564,559.2711920897679,613.7095878235752
0,0,95.35452322738385,95.35452322738385,1883.3074016448097,520.7823960880195,359,321.44444444444446,375.5555555555556,564.1111111111112,436.22222222222223,674.1111111111112
0,0,95.33333333333334,95.33333333333334,1546.3333333333335,575.5555555555555,321.4087323630708,300.4110654371737,337.9624486168204,525.7193645150539,584.9350072214199,674.0362181979781
0,0,95.33333333333334,95.33333333333334,1900.3333333333335,431.00000000000006,321.44444444444446,300.44444444444446,354.5555555555556,681.8888888888889,544.7777777777778,648.2222222222223
0,0,95.33333333333334,95.33333333333334,1478,551.6666666666667,337.9624486168204,337.9624486168204,300.4110654371737,556.715920453283,582.9352294189536,686.4792800799912
0,0,95.33333333333334,0,1696.888888888889,469.11111111111114,321.48016446271805,375.5972885876208,359.0398933214801,604.1782420268918,544.7271919102122,539.8377597510834
0,0,95.33333333333334,0,1660.5555555555557,535.1111111111112,359,354.5555555555556,283.8888888888889,467.22222222222223,559.1111111111112,648.2222222222223
0,0,95.33333333333334,0,1472,509.33333333333337,358.9601155427175,342.4063992889679,304.85501610932124,544.7172536384846,544.4950561048773,685.7015887123654
0,0,0,0,1869.2222222222224,495.44444444444446,304.8888888888889,342.44444444444446,321.44444444444446,492.00000000000006,544.5555555555555,529.8888888888889
0,0,0,0,1734.496554789953,574.1275839075349,283.920435603956,321.48016446271805,321.48016446271805,648.183131459051,497.0552283587065,576.2862540282252
0,0,0,0,1532.5555555555557,471.7777777777778,321.48016446271805,300.4778308700966,304.92276919657735,530.3922658073119,653.0725636181797,541.7268585398377
0,0,0,0,1876.5555555555557,457.11111111111114,321.44444444444446,288.33333333333337,267.33333333333337,583.1111111111112,504.2222222222223,541.6666666666667
0,0,0,0,1711.5555555555557,457.11111111111114,380,342.44444444444446,288.33333333333337,427.00000000000006,646.8888888888889,532.6666666666667
0,0,0,0,1711.175294379027,440.45767607198405,304.92276919657735,304.92276919657735,342.4824980553394,607.0674519391043,490.9434381597955,541.9491054561618
0,0,0,0,1718.6666666666667,592.6666666666667,321.44444444444446,267.33333333333337,325.8888888888889,599.4444444444445,647,541.8888888888889
0,0,0,95.22222222222223,1741.4444444444446,526.6666666666667,283.8888888888889,288.33333333333337,325.8888888888889,599.4444444444445,632.5555555555555,517.8888888888889
0,0,0,95.2010664296823,1741.0575427682738,515.663185958676,283.920435603956,267.3630403378153,321.48016446271805,614.0682298033114,600.1777975330592,480.38670963440376
0,0,0,95.22222222222223,1734.3333333333335,466.33333333333337,277.8881875,261.68257500000004,261.68257500000004,601.0215750000001,573.2871375000001,470.1802875000001
0,0,0,95.2010664296823,1726.6163074872252,526.9940013330372,243.9016714285714,211.11741428571426,264.6943714285714,453.36887142857137,579.8852999999999,346.65501428571423
0,0,0,95.19049205820282,1726.4245251582806,629.3457736310119,206.00811314548844,263.78686547527684,226.72952527135183,507.8390527354457,503.56320578883896,450.60848591163256
0,0,0,95.2010664296823,1726.6163074872252,589.2023994667852,226.7543859649123,243.09210526315792,280.15350877192986,455.81140350877195,517.8728070175439,490.35087719298247
0,0,95.22222222222223,95.22222222222223,1710.0000000000002,677.1111111111112,206.00811314548844,226.72952527135183,243.06545334941347,607.9377261265213,355.55311917552905,361.6927968424515
0,0,95.24338741942653,95.24338741942653,1935.7635030006666,573.127361635919,206.00811314548844,206.00811314548844,189.67218506742682,392.500822278259,509.5932463545664,350.509812520557
0,0,95.22222222222223,95.22222222222223,1725.888888888889,534.4444444444445,226.72952527135183,256.5508167964039,222.34404122355008,407.1921938383949,369.8059423308848,558.4913934875563
0,0,95.22222222222223,0,1538,620.3333333333334,247.45093739721523,182.4361363885539,243.06545334941347,521.6533274860213,369.8059423308848,428.2425172678435
0,0,95.24338741942653,0,1919.093131807068,633.4741053567459,256.5508167964039,235.82940467054053,189.67218506742682,399.956145159522,416.07279903519355,558.052845082776
0,0,95.22222222222223,0,1528.5555555555557,633.3333333333334,273.37885714285716,238.56394285714288,259.00894285714287,513.4615714285715,373.7346,525.1444285714286
0,0,95.24338741942653,0,1657.3683040675703,517.7817292731718,297.71137500000003,234.26845,276.02835000000005,528.6528000000001,367.00527500000004,515.688875
0,0,95.25397354673781,0,1875.625208402801,559.9644325886406,288.33333333333337,281,267.33333333333337,512,511.33333333333337,615
0,0,95.24338741942653,0,1531.3402978439651,559.9022004889974,304.8888888888889,260,288.33333333333337,658.7777777777778,511.33333333333337,637
0,0,0,0,1695.5555555555557,493.7777777777778,304.8888888888889,281,288.33333333333337,504.5555555555556,511.33333333333337,637
0,0,0,0,1469.7323114517383,590.5809174719539,304.8888888888889,318.5555555555556,288.33333333333337,542.6666666666667,511.2222222222223,747.6666666666667
0,0,0,0,1671.888888888889,555.7777777777778,288.33333333333337,267.33333333333337,288.33333333333337,704.2222222222223,511.2222222222223,536.8888888888889
0,0,0,0,1897.3333333333335,469.8888888888889,267.33333333333337,309.33333333333337,267.33333333333337,588.2222222222223,705.6666666666667,582.3333333333334
0,0,0,0,1688.291490779827,453.2326149744502,258.11111111111114,288.33333333333337,309.33333333333337,588.2222222222223,595.1111111111112,533.4444444444445
0,0,0,96.55555555555556,1860.5555555555557,548.6666666666667,295.6666666666667,246.33333333333334,288.33333333333337,589.6666666666667,580.6666666666667,533.4444444444445
0,0,0,96.55555555555556,1514,525,267.33333333333337,304.8888888888889,267.33333333333337,589.6666666666667,736.2222222222223,533.4444444444445
0,0,0,96.55555555555556,1702.3333333333335,513.8888888888889,325.8888888888889,250.7777777777778,309.33333333333337,680.2222222222223,580.3333333333334,446.7777777777778
0,0,0,96.55555555555556,1702.3333333333335,513.8888888888889,288.33333333333337,309.33333333333337,281,533.4444444444445,589.5555555555555,533.4444444444445
0,0,0,96.40559130241846,1710.2285333925006,555.3583314843577,250.7777777777778,288.33333333333337,281,625.3333333333334,589.5555555555555,547.8888888888889
0,0,0,96.58775147271314,1922.4185839724353,594.7538068244971,309.33333333333337,250.7777777777778,281,587.2222222222223,587.7777777777778,401
0,0,95.22222222222223,96.55555555555556,1720.5555555555557,516,250.7777777777778,309.33333333333337,281,525.3333333333334,613.5555555555555,557.1111111111112
0,0,95.22222222222223,96.55555555555556,1495.1111111111113,613,309.33333333333337,267.33333333333337,281,525.3333333333334,419.11111111111114,511.6666666666667
0,0,95.24338741942653,96.57701711491441,1721.2713936430316,525.3389642142698,288.3012998555716,271.747583601822,280.9687812465281,556.2715253860681,511.1654260637706,551.8275747139206
0,0,95.22222222222223,157.55555555555557,1549,541.5555555555555,250.7777777777778,309.33333333333337,226.8888888888889,415.11111111111114,534.8888888888889,471.22222222222223
0,0,95.22222222222223,157.55555555555557,1893.0000000000002,837.0000000000001,309.33333333333337,250.7777777777778,302,529.1111111111112,426.8888888888889,518.7777777777778
46043.222222222226,46090.77777777778,22066.666666666668,22006.88888888889,1897.3333333333335,703.5555555555557,288.33333333333337,309.33333333333337,281,478.7777777777778,526.1111111111112,690.7777777777778
46043.222222222226,46090.77777777778,22066.666666666668,22006.88888888889,2085.777777777778,22291.111111111113,250.7777777777778,250.7777777777778,234.22222222222223,478.7777777777778,502.44444444444446,541.8888888888889
46169.152014244384,46237.81437792121,22141.330959269977,22230.692187847766,1741.3754729579348,22261.629200979303,309.33333333333337,271.77777777777777,288.33333333333337,524.5555555555555,641.8888888888889,584.8888888888889
46097.333333333336,46220,22286.88888888889,22258.111111111113,2228.666666666667,43623,309.33333333333337,309.33333333333337,309.33333333333337,579.2222222222223,518.6666666666667,1002.3333333333334
46172.444444444445,46220,22191.666666666668,22258.111111111113,2212,43623,309.33333333333337,250.7777777777778,725564.2222222222,424.8888888888889,478.44444444444446,734139.4991333334
46226.55555555556,46311.66666666667,22248.444444444445,22392.333333333336,2667.2222222222226,43834.66666666667,248.89067499999996,248.89067499999996,720104.3514499998,421.69159999999994,474.84414999999996,725617.26875
46301.66666666667,46311.66666666667,22248.444444444445,22439.88888888889,2269.444444444445,44040.77777777778,214.46322229706288,193.34099769354808,729744.9206009023,372.3769967138163,342.8729369501766,731538.5642857144
46301.66666666667,46386.77777777778,22413.77777777778,22313.333333333336,2629.777777777778,43929.11111111112,247.47807017543855,210.41666666666663,715975.8771929824,472.4780701754385,390.57017543859644,724736.7255921053
46355.77777777778,46424.333333333336,22413.77777777778,22455,2285.777777777778,745762.1111111111,247.5052089044851,231.16569799320095,716054.3919289394,336.6597214606864,343.67803487224467,724902.2146507291
387.6666666666667,333.5555555555556,504.33333333333337,605.6666666666667,703030.888888889,745811.7777777779,210.43974119969292,173.37427349490073,716033.665972146,419.45388748766305,365.28128084219753,724891.1315056476
387.6666666666667,408.6666666666667,660.5555555555557,762.8888888888889,703031.1111111111,724224.2222222222,745.8054611251232,247.5052089044851,716075.1178857329,729550.2796359248,488.6500712797455,724970.1983989473
363.7777777777778,408.6666666666667,620.3333333333334,573.6666666666667,703256,1425523.777777778,716108.4429824561,189.69298245614033,715975.8771929824,729334.4298245612,433.6622807017543,724889.7771710528
438.8888888888889,392.11111111111114,591.8888888888889,675.1111111111112,702557.1111111111,1403992.4444444445,716186.9722557296,194.10023028840877,716033.665972146,1416648.676192565,403.1143765763789,725034.8458602917
363.7777777777778,392.11111111111114,591.8888888888889,720.5555555555557,702745.888888889,1407678.1111111112,716129.1666666665,231.14035087719293,210.41666666666663,1416497.7092105262,561.0745614035087,351.09649122807014
363.7777777777778,354.5555555555556,698.4444444444445,586.3333333333334,1390693.5612777777,2108036,751822.6811999999,220.90431428571426,259.81294285714284,1440605.2122857142,532.1733428571428,368.5959428571428
288.6666666666667,354.5555555555556,698.4444444444445,678.5555555555557,1390693.5612777777,2107829.888888889,739570.9149940617,217.3044388361045,255.57900909488686,1427963.9527315914,523.5010009063633,459.52131985248155
363.7777777777778,354.5555555555556,1301.5555555555557,647.5555555555557,1391019.032288889,2808237.2222222225,725816.7574174907,271.807978664296,288.3653739304367,1417932.3680520058,660.517835315035,450.938993221469
725752.1111111111,359,737088.6666666667,654.5555555555557,1391212.6749444443,2106108.777777778,725677.5555555556,288.33333333333337,234.22222222222223,1417923.4133111113,660.4444444444445,469.44444444444446
725677,359,737026.6666666667,694.7777777777778,702138.1111111111,2106722.666666667,725715.1111111111,288.33333333333337,234.22222222222223,1418027.1474777777,584.7777777777778,616.2222222222223
725714.5555555556,338,1413837.2021222222,537.5555555555555,702310.2222222222,2106814.4444444445,725231.2222222222,255.22222222222223,267.33333333333337,702812.888888889,459.7777777777778,533.4444444444445
725759.4444444445,338,1413837.2021222222,701,702085.3333333334,1405514.888888889,271.77777777777777,255.22222222222223,213.22222222222223,702943.1111111111,530,547.8888888888889
725721.888888889,300.44444444444446,1413976.1570555556,537.5555555555555,1402984,2106103.888888889,271.74758360182204,288.30129985557164,255.19386734807247,509.4989445617154,544.3839573380736,600.7110321075437
725721.888888889,375.5555555555556,1413976.1570555556,521,1402811.5555555557,2802815.1111111115,250.8056450716746,271.807978664296,250.8056450716746,547.9497721969107,492.8325369485498,518.0575619513279
725698,321.44444444444446,1414057.7933444441,1341.3333333333335,702229.7777777779,2102148.5555555555,271.807978664296,234.24824980553393,213.24591621291253,594.5105011667963,500.166685187243,617.2908100900099
725698,973.8888888888889,1414214.4959222223,1201.5555555555557,702229.7777777779,2102270.666666667,271.77777777777777,292.77777777777777,271.77777777777777,478.5555555555556,538.4444444444445,576.7777777777778
725698,898.7777777777778,1414169.8493000001,1414638.3629444442,702212.6666666667,1402633.777777778,250.74991667592494,234.19620042217534,234.19620042217534,478.50238862348635,391.62315298300194,576.713698477947
255.55555555555557,725941.7777777779,701018.6666666667,1414697.9634222223,702552.3333333334,2103159.3333333335,288.30129985557164,776.1359848905678,271.74758360182204,509.4989445617154,738683.70181091,600.59993334074
314.11111111111114,725995.888888889,701129.2222222222,1414695.626511111,1403008.4444444445,2803450.555555556,250.74991667592494,725638.7068103545,301.9664481724253,524.0528830129986,738638.2624152873,453.8384623930675
314.11111111111114,725983.7777777779,576.2222222222223,1414815.4954666668,1402647.6666666667,2803358.777777778,234.22222222222223,725677.3333333334,789.8888888888889,500.44444444444446,1416708.2939666668,3375.5555555555557
314.11111111111114,725908.6666666667,638.2222222222223,1414856.5657333331,1402977.5555555557,3505415.555555556,536.8888888888889,725719.3333333334,789.8888888888889,4487.88888888889,1416594.1737999998,3361.1111111111113
877.6666666666667,725983.7777777779,484.00000000000006,1414856.5657333331,3503033.2222222225,2804826.555555556,25643.333333333336,725681.7777777779,25666.111111111113,4487.88888888889,1416593.3678,738932.4444444445
25767.333333333336,725908.6666666667,736820.6666666667,1415515.7633777778,3502844.666666667,4206330.222222223,25643.333333333336,725719.3333333334,25666.111111111113,741949.3333333334,1416906.1939999997,738972.6666666667
25737.111111111113,751336.1111111111,736782.3333333334,2120293.621822222,3502972.888888889,4206330.222222223,25648.77777777778,725719.3333333334,25701.77777777778,741846,1416941.1039333332,738987.2222222222
25812.222222222223,750728,736618.7777777779,2120339.1848,3503453.666666667,4908502,25648.77777777778,725696.4444444445,25643.222222222223,741893.5555555556,1417056.5368,738932.5555555556
25772.77777777778,750728,736809.4444444445,736635.6666666667,3503109.2222222225,4907954.333333334,25713.8570952328,725850.3167018557,25737.193021446827,741930.5478386487,1417065.4802533614,739078.7865318368
25772.77777777778,25718.111111111113,736813.4444444445,736685.6666666667,3502931.0000000005,4207428.777777778,26142.55555555556,725190.1111111111,25675.77777777778,781870.888888889,702323.4444444445,738859.1111111111
25805.333333333336,25664,736741.2222222222,736685.6666666667,2807844.4444444445,3507375.777777778,26145.46060673408,284.58717635292805,26174.019335481717,781827.4252694743,702401.4890543394,778957.4397155239
26232.94823372584,25653.85469895579,736577.5383248169,736470.2288380361,2807220.6176405246,3514689.069095757,1660028.4444444445,284.5555555555556,25608.111111111113,2182951.666666667,40472.555555555555,775949.2222222222
26163.666666666668,26160.88888888889,776695.7777777779,776605.1111111111,2807869,2813413.3333333335,1659910.212245805,1634842.7603067006,1659624.180464496,2179154.6838537613,1442822.535837315,2177995.332814757
1659407,26085.77777777778,2411141.2222222225,776605.1111111111,7356.444444444445,2826086.2222222225,1634581.777777778,1634623.5555555557,1634521.5555555557,2178912.5555555555,1442662.2222222222,1442034
1634517.3333333335,1660033.5555555557,1674875.777777778,2176942.1111111115,7356.444444444445,2360153.3333333335,1644154.3777559057,1644137.5017224413,1644056.027362205,1449854.1222933072,1450926.812155512,1450438.5248031497
1634592.4444444445,1634606.1111111112,1674819,1441425.3333333335,7809.88888888889,2360153.3333333335,1668806.0631542432,1668854.2759860836,1668735.1619309485,1471627.946100557,1472699.8591548144,1472127.2041545084
1634575.888888889,1634636.888888889,1674925.5555555557,1441437.888888889,7329.111111111111,1662319.3333333335,1613916.5112452004,1613972.2435545805,1613877.7838727373,1423256.7196928142,1424151.3987931982,1423719.0345584203
1634540.2222222222,1634636.888888889,1674734.888888889,1441437.888888889,7666.000000000001,8196088.222222223,1614032.1483432085,1614118.4990125084,1613964.8891814793,1423481.347377661,1424359.7761685322,1423992.7583936802
1634577.777777778,1634620.3333333335,1674765.888888889,1441434.4444444445,9817.444444444445,8196088.222222223,1613803.7967738397,1614332.7115110285,1614199.8244266433,1384080.434544058,1423689.3448919128,1424149.017886536
1634486.6666666667,1634620.3333333335,1674727.5555555557,1441480.1111111112,4447.88888888889,8195363.444444445,1613449.6982995064,1613941.4152495887,1613384.530992869,1384727.1530444324,1423376.9610532091,1384411.7388919366
1634437.4305401198,1635004.667703934,1675239.4976661478,1442362.8584129806,7006906.757057123,8189088.908646365,369.21220100943606,1614176.3221417603,1613561.5536537198,1194.6456001755544,1384910.9062980032,1384563.6383585695
1634111.777777778,1634765.3333333335,1634889,1402018.3333333335,7005184.333333334,10992035.777777778,761.356155365372,201.4483212639895,678.1874039938557,1404618.1698485848,1398984.748738205,1399333.662497257
267.33333333333337,1634765.3333333335,1038.4444444444446,2812761.4444444445,7004742.555555556,15181578.777777778,1053.5498738066499,621.2004828267311,678.2618237682433,1404837.7043783606,1399138.2640184353,1399519.9166026558
713,1112.5555555555557,967.2222222222223,1411734.6666666667,7005163.111111112,13545611.111111112,1068.1275428571428,1157.5542857142857,1289.0842285714284,1452775.1149714284,1446976.9028571427,1447345.277485714
1358,1112.5555555555557,1411737.3333333335,1411602.2222222222,7004535.555555556,13545660.777777778,1325.2772000000002,1157.0182000000002,1269.9362,1431283.6122,1425516.8564000002,1425863.101
1360.3333333333335,1037.4444444444446,1411630.777777778,1411542.1111111112,7004766.666666667,13541200.88888889,1317.1111111111113,1243.777777777778,1262.1111111111113,1422464.3333333337,1416733.1111111115,1417077.2222222225
1360.3333333333335,1092.4444444444446,1411743.888888889,1411542.1111111112,7004429.777777778,7007328.444444445,1279.5555555555557,1201.7777777777778,1356.1111111111113,1422404.2222222222,1416766.1111111112,1416894.1111111112
1683.0000000000002,1312.3333333333335,1411656.1111111112,1411424.3333333335,7002261.111111112,7007352.333333334,1315.0761026552607,1164.092878569048,1297.4113987334742,1422253.5273858462,1416500.2777469172,1416736.6959226755
1803.6666666666667,1312.3333333333335,1411656.1111111112,1411473.888888889,7002261.111111112,7007287.222222223,1315.2222222222224,6106.2222222222235,1239.0000000000002,1421449.0000000002,1416657.666666667,1416810.8888888892
1745.1111111111113,2220.777777777778,1411516.4444444445,1410838.3333333335,1795.5555555555557,7007287.222222223,1079.3245194978338,6046.994778357961,7367.181424286191,1421291.0787690259,2117395.400511055,1416653.4829463395
704323.7777777779,1595.4444444444446,1411478.1111111112,2111784.1111111115,1779.1111111111113,4202832,1406179.9800022221,1408612.931896456,6848.794578380181,170.20331074325077,701101.7664703922,357.73802910787697
1891118.3333333335,1402561.2222222222,1410883.2222222222,701088.5555555556,1951.6666666666667,616.1111111111112,1406019.4444444445,1408344.4444444445,1407843,701214.7777777779,701179.6666666667,701044.7777777779
2819041.888888889,1402287.2222222222,1410883.2222222222,701088.5555555556,1531.1111111111113,1403981.2222222222,1406061.4444444447,1407816.2222222225,1407237.4444444447,701214.7777777779,701184.888888889,701044.7777777779
2818321.777777778,1402341.3333333335,113.11111111111111,701219,2376.777777777778,1403931.5555555557,1405811.1111111115,1407820.666666667,1407258.4444444447,701172.7777777779,701253.5555555557,707146.4444444446
2818260.888888889,1402341.3333333335,113.11111111111111,701266.5555555556,2327.1111111111113,1403983.1111111112,1406337.593065896,1407883.2092454715,1407414.8238693187,1414539.0598955438,701379.0421157905,707225.025002778
3518974.0000000005,1402328.3333333335,584.5555555555555,701266.5555555556,2327.1111111111113,1403863.888888889,1406512.1111111112,1407801.888888889,1407616.4444444445,4224775.555555556,701215.3333333334,4230390.444444445
3518613.777777778,1402563,584.5555555555555,1412490.1111111112,2855567.3333333335,3462473.888888889,1406417.8888888892,1408151.777777778,1408348.4444444447,4224768.222222223,1421421.666666667,4230390.444444445
3518535.1111111115,1402563,615.5555555555555,1412394.888888889,2855567.3333333335,11210513.333333334,1406574.174908323,1403365.707300811,1408504.944993888,4225237.693077008,1421579.619957773,4230929.8810979
3519326.2222222225,1402039.1111111112,3512428.555555556,4213359.444444445,2855475.3333333335,11210513.333333334,2106890.2222222225,1403723.3333333337,2110164.555555556,4224768.222222223,3522769.6666666674,4238787.222222223
2816710,1402175.6666666667,3512428.555555556,3512552.0000000005,2855550.2222222225,16811924.222222224,701273.888888889,701499.888888889,2110164.555555556,4225364.666666668,3522738.6666666674,4238535.88888889
1629915.4444444445,1209.888888888889,3512428.555555556,3512504.4444444445,2855566.3333333335,16811957.333333336,701273.888888889,701520.888888889,709199.4444444445,3524284.888888889,3523255.666666667,3537815.777777778
701546.2222222222,1188.888888888889,3512428.555555556,3512537.555555556,2855566.3333333335,15416811.777777778,701351.8168685408,701556.8396488498,709257.250805645,3524676.51961329,3523661.6290698964,3538306.034003778
1402040,701599.7777777779,3512962.3333333335,3512957.2222222225,2855275.2222222225,15416811.777777778,701273.888888889,701953.888888889,709199.4444444446,3524422.5555555564,3523168.333333334,3531825.6666666674
1402040,701599.7777777779,3512993.3333333335,3512988.2222222225,2855266.3333333335,15416951.666666668,700825.7971336519,1402324.852794134,709174.7583601823,2810934.007332519,4242083.879568937,4250189.978891235
701385.4444444445,701616.3333333334,3512408.777777778,3513070.888888889,2855266.3333333335,15417039.444444446,700570.1588712366,1402291.7453616266,708722.8085768248,1658.4823908454619,4242083.879568937,727337.4069547829
701423,701103.2222222222,3512625.1111111115,2801847.3333333335,10614.444444444445,13366711,700725.8584287142,1402253.4726080673,1409248.1386820755,1658.8509834426045,3522809.6455161683,728173.9082120234
701381,701161.7777777779,3512608.555555556,2801942.4444444445,10803.111111111111,5618559.666666667,1401619.5555555557,1402118.6666666667,1409091.5555555557,720388.7777777779,3522570.1111111115,728023.6666666667
700648.4444444445,700756.2222222222,795.5555555555557,977.8888888888889,10458.88888888889,5640900.111111112,701168.2222222224,1401672.8888888892,701188.4444444446,720419.7777777779,720218.1111111112,719825.0000000001
1401740.3333333335,700619.6666666667,719625.4444444445,719689,10810.444444444445,47130,714311.9232000001,714356.6372000001,714370.7872,733356.0120000001,733758.2116,733299.8648000001
1401740.3333333335,701272.5555555556,720279.1111111111,719689,10621.77777777778,47096.88888888889,726113.820637868,726137.5251188605,726144.3142663293,745440.4522160098,745345.9795029281,745415.4819617606
1401777.888888889,1401797.888888889,720279.1111111111,720371.7777777779,10989.222222222223,39232.222222222226,692089.7126562841,692079.6227242815,692086.0934415441,710554.7269137967,710403.4876069312,710404.4746654967
701128.304821151,701235.6143079316,719663.9635636526,719692.7349477895,19189.846700733175,40391.80182181738,692144.8941537787,692134.8031150599,692173.9607326973,1420014.588132061,1420081.9348469893,710451.7933530768
701915,701391.4444444445,719792.888888889,719774.1111111111,19021.55555555556,40209.333333333336,692594.4938027861,598.0037292969179,692141.2745420644,1419982.1213118352,709880.1140726117,710390.8083799497
701856.4444444445,701954.5555555556,1438552.1111111112,1438473,19387.222222222223,69748,692444.3957008114,556.4816845799517,692529.831103312,1419038.0565913576,709802.259267383,710312.8975652554
701852,701954.5555555556,1438385.4444444445,1438473,10452.555555555557,68880.55555555556,692444.3957008114,589.1642904145644,580.0614169774072,1419038.0565913576,709759.2673831979,709663.1936828251
701852,701912.5555555556,1438371,1438420.2222222222,10664.333333333334,68880.55555555556,577.1002412809826,568.436060539592,612.74402281202,709651.1296336915,709625.685457337,709663.1936828251
701793.4444444445,701891.5555555556,1438387.5555555557,1438420.2222222222,10855.333333333334,46565.88888888889,556.433037183284,501.5904354502578,571.3502248546672,709698.3656904685,709703.5208950313,709639.3550510037
701.5555555555557,701891.5555555556,719557.6666666667,719570.7777777779,10256.222222222223,38685.11111111112,491.64741428571426,511.3267285714286,582.4406142857143,723395.1564428571,723417.0720428572,723451.0635857143
701.5555555555557,701238.6666666667,718904,719570.7777777779,10657,38685.11111111112,485.1539875,504.5733875,574.7480375,713845.5585625,713862.5505375001,713896.0931375
664,713.3333333333334,718904,718854.888888889,10289.555555555557,38378,488.5012776358183,508.0546605932675,578.7134762804134,718770.6921453173,718787.801355405,718838.1290967672
664.1475883529672,654.9233162925094,718985.2189375416,718983.6630362301,1753.7230495665701,37241.3869748833,488.5012776358183,33.10743250749917,524.6083768470171,63.54849461170982,42.328630152205314,718838.1290967672
33.111111111111114,654.7777777777778,718825.4444444445,718823.888888889,1920.4444444444446,37233.11111111112,33.10743250749917,33.10743250749917,503.61070992111996,63.54849461170982,42.328630152205314,143.20631040995445
33.111111111111114,33.111111111111114,66.22222222222223,42.333333333333336,1554.7777777777778,7606.666666666667,33.11479053228136,33.11479053228136,33.11479053228136,47.00522280253361,42.33803755972885,159.79553283698186
0,33.111111111111114,16.555555555555557,42.333333333333336,1979.3333333333335,168.66666666666669,33.10743250749917,0,33.10743250749917,142.09532274191758,16.553716253749585,143.20631040995445
0,16.551877360586538,16.551877360586538,0,1753.0548766940683,223.5058875805377,0,0,0,99.77777777777779,0,143.22222222222223
0,0,88,0,1753.5555555555557,287.8888888888889,0,0,0,99.77777777777779,0,117.44444444444446
0,0,88,95.33333333333334,1753.5555555555557,216.44444444444446,0,0,0,99.76669258971226,0,33.10743250749917
0,0,88,95.33333333333334,1760.888888888889,264,0,0,0,95.11111111111111,0,37.77777777777778
0,0,88,95.33333333333334,1760.888888888889,216.22222222222223,0,0,0,95.11111111111111,0,21.222222222222225
0,0,87.97067644118627,95.30156614461846,1729.423525491503,245.4737309785627,0,0,0,95.1216801866874,95.01055672852539,21.224580508945436
0,0,88,95.33333333333334,1814.2222222222224,245.55555555555557,0,0,0,95.1216801866874,95.01055672852539,21.224580508945436
0,0,88,95.33333333333334,1814.2222222222224,245.55555555555557,0,0,0,95.11111111111111,95,4.666666666666667
0,0,87.98044878915798,95.31215285492114,1814.2634970006668,300.8220395467674,0,0,0,0,95,4.666666666666667
0,0,88.01955990220047,95.35452322738385,1640.475661258057,246.05467881751497,0,0,0,0,95,4.666666666666667
0,0,0,95.31215285492114,1797.9337924905578,155.85425461008666,0,0,0,0,94.98944561715366,4.666148205754917
0,0,0,0,1972.888888888889,155.88888888888889,0,0,0,0,95,4.666666666666667
0,0,0,0,1814.7777777777778,139.33333333333334,0,0,0,0,94.98944561715366,86.32374180646596
0,0,0,0,1814.7777777777778,155.88888888888889,0,0,0,0,95.01055672852539,86.34292699188798
0,0,0,0,1816.494387017895,102.92319662109593,0,0,0,0,0,86.32374180646596
0,0,0,0,1798.3333333333335,165.11111111111111,0,0,0,0,0,86.32374180646596
0,0,0,0,1972.888888888889,165.11111111111111,0,0,0,0,0,86.33333333333334
0,0,0,0,1548.2329406534784,109.80217826183595,0,0,0,0,0,86.34292699188798
0,0,0,0,1972.3333333333335,140.7777777777778,0,0,0,0,0,89.0927625
0,0,0,0,1623.3607468326293,157.36830406757056,0,0,0,0,0,90.73246892413202
0,0,0,0,1872.5555555555557,176.44444444444446,0,0,0,0,0,85.54442364857427
0,0,0,0,1622.5555555555557,145.44444444444446,0,0,0,0,0,0
0,0,0,0,1971.6666666666667,128.88888888888889,0,0,0,0,0,0
0,0,95.11111111111111,0,1839.4444444444446,209.55555555555557,0,0,0,0,0,0
0,0,95.11111111111111,95.22222222222223,1796.4444444444446,147.33333333333334,0,0,0,94.35208631509414,0,0
0,0,95.11111111111111,95.22222222222223,1621.888888888889,197,0,0,0,94.35208631509414,95.67323571507212,0
0,0,95.08998000444348,95.2010664296823,1993.1126416351924,242.61275272161745,0,0,0,94.35208631509414,95.67323571507212,0
0,0,95.11111111111111,95.22222222222223,1818.7777777777778,211.66666666666669,0,0,0,94.80911252627928,96.1366613597861,0
0,0,95.11111111111111,95.22222222222223,1818.7777777777778,226.7777777777778,0,0,0,93.67042677209652,94.98203134766847,0
0,0,95.11111111111111,95.22222222222223,1773.1111111111113,222.11111111111111,0,0,0,95.22222222222223,96.55555555555556,0
0,0,95.11111111111111,95.22222222222223,1947.5555555555557,222.11111111111111,0,0,0,95.22222222222223,96.55555555555556,0
0,0,95.11111111111111,95.22222222222223,1789.4444444444446,238.66666666666669,0,0,0,95.22222222222223,101.22222222222223,0
0,0,0,95.22222222222223,1556,158,0,0,0,95.23280364484941,101.2334703855984,0
0,0,0,0,1788.7777777777778,189,0,0,0,0,101.22222222222223,0
0,0,0,0,1788.7777777777778,139.33333333333334,0,0,0,0,4.666148205754917,0
0,0,0,0,1824.6276950433428,93.68748610802399,0,0,0,0,4.666148205754917,0
0,0,0,0,1574.5555555555557,108.11111111111111,0,0,0,0,4.666148205754917,93.6562604155094
0,0,0,0,1915.6666666666667,76.44444444444444,0,0,0,0,4.666148205754917,93.6562604155094
0,0,0,0,1786.888888888889,111.66666666666667,0,0,0,0,4.667185242804756,93.67707523058117
0,0,0,0,1612.4444444444446,150,0,0,0,0,4.667185242804756,93.67707523058117
0,0,0,0,1786.4444444444446,133.44444444444446,0,0,0,0,0,93.66666666666667
0,0,0,95.22222222222223,1953.5555555555557,133.44444444444446,0,0,0,0,0,93.66666666666667
0,0,0,95.22222222222223,1756.0000000000002,183.11111111111111,0,0,0,0,0,93.66666666666667
0,0,95.22222222222223,95.22222222222223,1930.4444444444446,183.11111111111111,0,0,0,0,0,93.67707523058117
0,0,95.2010664296823,95.2010664296823,1522.9948900244392,183.07042879360145,0,0,0,95.33333333333334,96.66666666666667,93.66666666666667
0,0,95.22222222222223,95.22222222222223,1972.2222222222224,214.33333333333334,0,0,0,95.33333333333334,96.66666666666667,0
0,0,95.22222222222223,95.22222222222223,1821.6666666666667,214.33333333333334,0,0,0,95.34392710301144,96.67740860095566,0
0,0,95.22222222222223,95.22222222222223,1572,221.66666666666669,0,0,0,95.32274191756473,96.65592711920898,0
0,0,95.22222222222223,95.22222222222223,1979.5555555555557,229.44444444444446,0,0,0,95.32274191756473,96.65592711920898,0
0,0,95.22222222222223,95.22222222222223,1614.5555555555557,229.44444444444446,0,0,0,100,96.66666666666667,0
0,0,95.22222222222223,0,1795.6666666666667,229.44444444444446,0,0,0,100,96.66666666666667,0
0,0,95.22222222222223,0,1803.0000000000002,163.22222222222223,0,0,0,100,96.66666666666667,0
0,0,0,0,1628.5555555555557,179.7777777777778,0,0,0,104.12893700787403,100.65797244094489,0
0,0,0,0,1994.2209379862188,179.81773727494996,0,0,0,4.954199999999999,0,0
0,0,0,0,1794.4444444444446,165.11111111111111,0,0,0,4.638321369409166,0,0
0,0,0,0,1778.0000000000002,165.11111111111111,0,0,0,4.637809187279152,0,0
0,0,0,0,1778.0000000000002,122.55555555555556,0,0,0,4.638321369409166,0,0
0,0,0,0,1777.5555555555557,76.44444444444444,0,0,0,4.638321369409166,0,93.09773605742684
0,0,0,0,1951.6666666666667,116.8888888888889,0,0,0,0,0,93.09773605742684
0,0,0,0,1603.4444444444446,155.22222222222223,0,0,0,0,0,93.05662876697207
0,0,0,0,1795.5555555555557,140.7777777777778,0,0,0,0,0,93.09773605742684
0,0,0,95.22222222222223,1795.5555555555557,166.55555555555557,0,0,0,0,0,92.58548571428571
0,0,0,95.22222222222223,1771.2222222222224,166.55555555555557,0,0,0,0,0,96.111
0,0,95.2010664296823,95.2010664296823,1754.3879137969343,187.73605865363254,0,0,0,0,0,98.33333333333334
0,0,95.22222222222223,95.22222222222223,1580.6666666666667,187.7777777777778,0,0,0,0,0,98.33333333333334
0,0,95.22222222222223,95.22222222222223,1980.6666666666667,202.44444444444446,0,0,0,0,0,98.33333333333334
0,0,95.22222222222223,95.22222222222223,1573.5555555555557,202.44444444444446,0,0,0,95.33333333333334,0,4.666666666666667
0,0,95.22222222222223,95.22222222222223,1805.6666666666667,195.11111111111111,0,0,0,95.33333333333334,0,4.666666666666667
0,0,95.22222222222223,95.22222222222223,2038.7777777777778,156.7777777777778,0,0,0,95.37572254335261,0,4.668741662961317
0,0,95.22222222222223,95.22222222222223,1613.3333333333335,204.33333333333334,0,0,0,95.33333333333334,0,4.666666666666667
0,0,95.22222222222223,0,1961.7777777777778,162,0,0,0,95.34392710301144,95.23280364484941,4.667185242804756
0,0,95.22222222222223,0,1620.888888888889,162,0,0,0,95.33333333333334,95.22222222222223,0
0,0,0,0,1795.5101133585238,163.25850188930872,0,0,0,95.33333333333334,95.22222222222223,0
0,0,0,0,1985.888888888889,179.7777777777778,0,0,0,95.33333333333334,95.22222222222223,0
0,0,0,0,1828.2222222222224,181.66666666666669,0,0,0,95.33333333333334,95.22222222222223,93.66666666666667
0,0,0,0,1827.0042194092828,181.545636242505,0,0,0,0,95.22222222222223,93.66666666666667
0,0,0,0,1770.4444444444446,189,0,0,0,0,95.19049205820282,93.63545484838387
0,0,0,0,1537.3333333333335,189,0,0,0,0,95.21164315076103,93.6562604155094
0,0,0,0,1937.5555555555557,155.88888888888889,0,0,0,0,95.22222222222223,93.66666666666667
0,0,0,0,1588.75805376583,155.85425461008666,0,0,0,0,0,93.6562604155094
0,0,0,0,1954.7777777777778,155.88888888888889,0,0,0,0,0,93.66666666666667
0,0,0,95.11111111111111,1797.1111111111113,173.8888888888889,0,0,0,0,0,93.66666666666667
0,0,0,95.11111111111111,1606.3333333333335,166.55555555555557,0,0,0,0,0,93.66666666666667
0,0,0,95.11111111111111,1712.4444444444446,150,0,0,0,0,0,0
0,0,95.39693128752502,95.17456081832334,1939.848788080943,150.10006671114078,0,0,0,95.33333333333334,0,0
0,0,95.31215285492114,95.08998000444348,1589.7578315929795,142.6349700066652,0,0,0,95.37572254335261,0,0
0,0,95.33333333333334,95.11111111111111,1962.3333333333335,171.7777777777778,0,0,0,95.33333333333334,0,0
0,0,95.33333333333334,95.11111111111111,1804.6666666666667,157.33333333333334,0,0,0,99.87119999999999,0,0
0,0,95.35452322738385,95.1322516114692,1805.0677928428538,230.94020893531894,0,0,0,101.88137142857144,0,0
0,0,100,95.11111111111111,1804.1111111111113,230.8888888888889,0,0,0,93.95532194480946,93.62680683311432,0
0,0,100,0,1554.4444444444446,178.55555555555557,0,0,0,93.95532194480946,93.62680683311432,0
0,0,100,0,1961.6666666666667,208.33333333333334,0,0,0,93.95532194480946,93.62680683311432,0
0,0,99.94447529150473,0,1845.308162132149,193.78123264852863,0,0,0,93.94503449030985,93.61655534873535,0
0,0,4.666666666666667,0,1620.2222222222224,208.33333333333334,0,0,0,0,93.61655534873535,0
0,0,4.667703934207601,0,1956.3236274727715,191.82040453434095,0,0,0,0,98.21526333077848,0
0,0,4.666666666666667,0,1816.7777777777778,162.66666666666669,0,0,0,0,98.21526333077848,0
0,0,4.666666666666667,0,1750.3333333333335,193.66666666666669,0,0,0,0,4.532995286387658,0
0,0,4.666666666666667,0,1924.5555555555557,120.11111111111111,0,0,0,0,4.4913713910761155,0
0,0,0,0,1559.4444444444446,134.55555555555557,0,0,0,0,4.666666666666666,93.77777777777776
0,0,0,0,1966.7777777777778,115.44444444444446,0,0,0,0,4.666148205754917,93.76735918231309
0,0,0,0,1559.5555555555557,109.55555555555556,0,0,0,0,4.666666666666666,93.77777777777776
0,0,0,0,1668.000444592642,140.60242302989886,0,0,0,0,4.667185242804756,93.78819868874318
0,0,0,0,1667.4444444444446,126.11111111111111,0,0,0,0,4.666666666666667,93.77777777777779
0,0,0,95.08998000444348,1771.6063097089539,173.85025549877807,0,0,0,0,0,93.77777777777776
0,0,0,95.11111111111111,1787.888888888889,193,0,0,0,0,0,93.78819868874318
0,0,0,95.11111111111111,1764.0000000000002,162,0,0,0,0,0,93.77777777777779
0,0,95.11111111111111,95.11111111111111,1589.7777777777778,195.11111111111111,0,0,0,0,0,93.77777777777779
0,0,95.11111111111111,95.11111111111111,1938.2222222222224,180.66666666666669,0,0,0,0,0,0
0,0,95.11111111111111,95.11111111111111,1764.0000000000002,195.11111111111111,0,0,0,96.78853205911767,0,0
0,0,95.11111111111111,95.11111111111111,1764.0000000000002,178.55555555555557,0,0,0,96.77777777777776,95.1111111111111,0
0,0,95.1322516114692,95.1322516114692,1856.5236719270947,147.58835296732605,0,0,0,96.76702588601268,95.10054438395736,0
0,0,95.08998000444348,95.08998000444348,1855.6987336147524,211.61964007998225,0,0,0,96.78853205911767,95.1216801866874,0
0,0,95.1322516114692,0,1757.835074460991,147.3660813514114,0,0,0,96.76702588601268,95.10054438395736,0
0,0,95.11111111111111,0,1508.4444444444446,181.66666666666669,0,0,0,101.4331740917676,95.10054438395736,0
0,0,95.11111111111111,0,1763.6666666666667,181.66666666666669,0,0,0,101.44444444444446,95.11111111111111,0
0,0,0,0,1930.7777777777778,148.55555555555557,0,0,0,101.45571730192242,95.1216801866874,0
0,0,0,0,1832.3333333333335,179.55555555555557,0,0,0,101.45571730192242,95.1216801866874,0
0,0,0,0,1599.2222222222224,165.11111111111111,0,0,0,4.666666666666666,95.1111111111111,0
0,0,0,0,1957.5555555555557,165.11111111111111,0,0,0,4.666148205754917,0,0
0,0,0,0,1524.1057542768276,165.07442790491004,0,0,0,4.667185242804756,0,93.67707523058117
0,0,0,0,1924.872193820849,115.47010446765947,0,0,0,4.666666666666666,0,93.66666666666664
0,0,0,0,1749.7777777777778,115.44444444444446,0,0,0,5.250656332041506,0,105.38817352169022
0,0,0,0,1749.7777777777778,62.00000000000001,0,0,0,0,0,101.70355458943116
0,0,0,0,1742.3333333333335,116.8888888888889,0,0,0,0,0,93.28316919331637
0,0,0,95.22222222222223,1783.3333333333335,148.11111111111111,0,0,0,0,0,93.26252904082311
0,0,95.11111111111111,95.22222222222223,1783.0000000000002,117.11111111111111,742852.5279345061,742847.1069808608,0,604.491647306118,134.9706825976325,93.26252904082311
0,0,95.11111111111111,95.22222222222223,1957.2222222222224,214.33333333333334,742852.5279345061,742847.1069808608,742841.3541320943,604.491647306118,21880.62838809603,678.7255227348159
0,0,95.11111111111111,95.22222222222223,1598.888888888889,426.5555555555556,742955.6317769417,742971.1219296304,742944.4567382163,702.4784244301836,21883.049347200707,678.8006196061075
0,0,95.1322516114692,95.24338741942653,2473.2162702822848,64241.60924649921,742873.437327138,742888.9257661246,742862.2635247263,784.8213297931188,21895.010510012173,614.2272375262751
0,0,95.11111111111111,95.22222222222223,2072.666666666667,64212.88888888889,742915.2561124018,742909.8351587566,742883.1729173582,784.8213297931188,21991.70262197146,614.2272375262751
0,0,95.11111111111111,95.22222222222223,2240.444444444445,64227.55555555556,721169.7936968189,721184.8276919625,721126.9468106598,800.6676270736834,21424.409550676435,674.7042249066461
0,0,95.11111111111111,95.22222222222223,2240.444444444445,64317.00000000001,714969.8199615673,715004.8461153293,714927.3414346644,925.7976690413698,21319.536156417947,753.0090746469191
0,0,95.11111111111111,95.22222222222223,2228.5555555555557,64262.11111111112,746147.7613598488,746142.3175202755,746115.5427174758,980.5577158093544,22247.97244750583,866.9036773691811
0,0,95.11111111111111,0,2211.444444444445,64289.77777777778,746251.6666666667,746246.2222222222,746240.4444444445,980.6666666666667,22348.55555555556,867.0000000000001
0,0,0,0,1961.7777777777778,64289.77777777778,222.11111111111111,201.11111111111111,746240.4444444445,404.5555555555556,22213,895.8888888888889
0,0,0,0,2166,64311.77777777778,222.13579286587398,268.91876875208357,201.13345927325258,404.60051116790754,481.609067674186,389.1543504833871
0,0,0,0,2166,64083.00000000001,255.22222222222223,255.22222222222223,180.11111111111111,453.11111111111114,550.8888888888889,389.11111111111114
0,0,0,0,1640.7465007776052,350.47767162852705,297.25525058339815,255.25058339815536,255.25058339815536,401.377930881209,619.1799088787643,455.38393154794977
0,0,0,0,1641.1111111111113,350.5555555555556,255.22222222222223,255.22222222222223,234.22222222222223,484.00000000000006,522,455.33333333333337
0,0,0,0,1685.5555555555557,427.8888888888889,222.13579286587398,201.13345927325258,234.24824980553396,472.7191910212246,479.4977219691077,455.38393154794977
0,0,0,0,1876.4444444444446,420.7777777777778,276.2529169907768,255.25058339815536,276.2529169907768,334.9261029003223,396.71074563840426,382.0424491610179
0,0,0,0,1716.1111111111113,420.7777777777778,234.22222222222223,255.22222222222223,222.11111111111111,469.44444444444446,555.4444444444445,514.2222222222223
0,0,0,0,1722.7777777777778,376.33333333333337,255.22222222222223,276.22222222222223,255.22222222222223,483.8888888888889,471.7777777777778,514.2222222222223
0,0,0,0,1934.1111111111113,489.8888888888889,255.22222222222223,276.22222222222223,276.22222222222223,452.8888888888889,471.7777777777778,530.7777777777778
0,0,0,95.11111111111111,1555.6666666666667,370.6666666666667,276.1915342739695,208.42128652371957,255.19386734807242,566.4926119320074,445.9504499500055,449.5056104877235
0,0,0,95.11111111111111,1904.5555555555557,475.22222222222223,222.11111111111111,234.22222222222223,297.22222222222223,419.6666666666667,438.6666666666667,545.2222222222223
0,0,0,95.11111111111111,1555.6666666666667,406.8888888888889,255.19386734807242,234.19620042217528,222.08643484057325,450.6165981557604,355.96044883901783,514.1650927674702
0,0,95.11111111111111,95.11111111111111,1950.6666666666667,515,276.22222222222223,255.22222222222223,276.22222222222223,536.7777777777778,471.7777777777778,611.8888888888889
0,0,95.11111111111111,95.11111111111111,1762.5555555555557,423.00000000000006,255.19386734807242,255.19386734807242,276.1915342739695,554.7161426508166,433.6184868347961,530.6077102544161
0,0,95.11111111111111,95.11111111111111,1571.6666666666667,404.7777777777778,222.11111111111111,238.66666666666669,234.22222222222223,554.7777777777778,462.5555555555556,530.6666666666667
0,0,95.08998000444348,95.08998000444348,1722.6171961786272,404.68784714507893,222.11111111111111,276.22222222222223,255.22222222222223,488.5555555555556,419.22222222222223,413.00000000000006
0,0,95.11111111111111,95.11111111111111,1692.4444444444446,496.5555555555556,255.22222222222223,255.22222222222223,255.22222222222223,545.3333333333334,450.44444444444446,477.11111111111114
0,0,95.11111111111111,95.11111111111111,1692.4444444444446,414.00000000000006,213.22222222222223,234.22222222222223,234.22222222222223,545.3333333333334,450.44444444444446,431.6666666666667
0,0,95.08998000444348,0,1692.0684292379474,413.9080204399023,234.22222222222223,276.22222222222223,276.22222222222223,545.5555555555555,550.6666666666667,462.6666666666667
0,0,95.11111111111111,0,1708.6666666666667,373.11111111111114,255.22222222222223,222.11111111111111,255.22222222222223,545.5555555555555,488.6666666666667,462.5555555555556
0,0,95.1322516114692,0,1709.046454767726,439.4309846632584,202.625,249.875,287.125,544,549.75,448.25
0,0,0,0,1715.7777777777778,439.33333333333337,173.53794285714287,196.44204285714287,219.3461428571429,343.3191285714286,406.69925714285716,328.0497285714286
0,0,0,0,1699.2222222222224,439.33333333333337,178.59426666666664,178.59426666666664,178.59426666666664,300.6918833333333,418.5491333333333,337.60801666666663
0,0,0,0,1699.2222222222224,402.8888888888889,173.40760474691206,150.52070719302492,196.2945023007992,307.70162266892703,416.444659723904,312.0610317268103
0,0,0,0,1706.2680595687928,402.9784396532562,232.38072172438848,173.40760474691209,173.40760474691209,377.57326229111163,406.6359893436667,358.07701622668924
0,0,0,0,1538.7777777777778,355.11111111111114,150.5389366598038,150.5389366598038,173.42860603124623,299.98788906382464,356.90928908804653,288.2402809737193
0,0,0,0,1676.3333333333335,379,196.31827540268864,173.42860603124623,173.42860603124623,333.77740099309676,498.8494610633402,327.7219329054136
0,0,0,0,1904.8677483885306,479.8844187597243,150.5389366598038,127.64926728836139,173.42860603124623,209.64030519559162,315.24766864478624,474.50647935085385
0,0,0,0,1539.3333333333335,416.11111111111114,173.42860603124623,191.47390093254208,173.42860603124623,333.77740099309676,315.24766864478624,370.3524282427032
0,0,0,0,1928.4444444444446,426.7777777777778,209.32999999999998,150.403,150.403,317.746,407.407,385.748
0,0,0,0,1730.3333333333335,333.11111111111114,204.1126063623564,208.83197298345132,218.62465872222333,453.1771797906421,397.252685330667,459.5483247291203
0,0,0,0,1555.888888888889,450.6666666666667,244.00099999999998,248.63099999999997,244.00099999999998,444.59574999999995,429.664,535.57525
0,0,95.11111111111111,95.11111111111111,1912.7777777777778,423.00000000000006,255.22222222222223,238.66666666666669,255.22222222222223,488.7777777777778,457.8888888888889,514.1111111111112
0,0,95.08998000444348,95.08998000444348,1700.8442568318153,501.4441235281049,201.13345927325256,201.13345927325256,255.25058339815533,508.61206800755633,443.3825980664518,407.26747416379595
0,0,95.11111111111111,95.11111111111111,1701.2222222222224,518.3333333333334,259.6666666666667,276.22222222222223,238.66666666666669,548.7777777777778,443.33333333333337,512.1111111111112
0,0,95.11111111111111,95.11111111111111,1701.3333333333335,463.44444444444446,217.66666666666669,276.22222222222223,276.22222222222223,600.5555555555555,365.8888888888889,475.8888888888889
0,0,95.11111111111111,95.11111111111111,1701.4444444444446,415.44444444444446,276.22222222222223,297.22222222222223,234.22222222222223,600.5555555555555,351.44444444444446,379.5555555555556
0,0,95.11111111111111,95.11111111111111,1701.4444444444446,415.44444444444446,276.22222222222223,238.66666666666669,234.22222222222223,534.2222222222223,467.22222222222223,379.5555555555556
0,0,95.11111111111111,95.11111111111111,1671.1111111111113,429.5555555555556,222.0864348405733,259.63781802022,276.1915342739696,563.0485501610933,450.5054993889568,477.28030218864575
0,0,95.11111111111111,95.11111111111111,1678.7777777777778,493.6666666666667,273.36370707856423,259.695521724636,208.46760751194574,520.2800311145683,450.60562284698295,398.82209134348255
0,0,95.11111111111111,95.11111111111111,1853.2222222222224,376.11111111111114,231.30763248527944,217.64248416842577,238.64015109432287,520.1644261748695,443.1729807799134,429.1745361626486
0,0,0,0,1496.3333333333335,418.00000000000006,255.19386734807247,276.1915342739696,217.64248416842577,513.0541050994335,571.6031552049773,481.9464503944007
0,0,0,0,1700.9335407868414,387.0860191153589,297.1892011998667,255.19386734807247,255.19386734807247,443.61737584712813,479.7244750583269,532.1630929896679
0,0,0,0,1700.5555555555557,311.77777777777777,238.66666666666669,222.11111111111111,238.66666666666669,403.44444444444446,541.7777777777778,427.33333333333337
0,0,0,0,1709.6666666666667,392.8888888888889,259.6666666666667,201.11111111111111,201.11111111111111,351.6666666666667,489.00000000000006,472.7777777777778
0,0,0,0,1709.1111111111113,427.8888888888889,238.64015109432287,217.64248416842577,243.0841017664704,351.62759693367406,611.9320075547162,502.27752471947565
0,0,0,0,1709.1111111111113,427.8888888888889,234.22222222222223,276.22222222222223,222.11111111111111,443.7777777777778,496.22222222222223,502.33333333333337
0,0,0,0,1728.4444444444446,373.7777777777778,276.22222222222223,255.22222222222223,234.22222222222223,414.8888888888889,411.6666666666667,519
0,0,0,0,1516.7777777777778,377.11111111111114,245.97266970336634,238.64015109432287,276.1915342739696,420.0644372847462,541.9397844683924,600.1555382735253
0,0,0,0,1699.211373986449,391.64722870154395,246.02733637070784,238.69318813201465,217.69085453939326,467.7186354039337,511.0567840871207,488.49872208023106
0,0,0,0,1866.7777777777778,349.8888888888889,222.11111111111111,217.66666666666669,238.66666666666669,427.22222222222223,360.7777777777778,481.11111111111114
0,0,0,95.22222222222223,1716.3333333333335,417.7777777777778,234.22222222222223,217.66666666666669,259.6666666666667,330,460.11111111111114,516.1111111111112
0,0,0,95.22222222222223,1716.3333333333335,476.44444444444446,276.22222222222223,234.22222222222223,217.66666666666669,460.33333333333337,434.33333333333337,516.1111111111112
0,0,95.22222222222223,95.22222222222223,1760.5555555555557,395.33333333333337,276.1915342739696,276.1915342739696,255.19386734807247,513.2763026330408,538.2735251638708,514.1650927674704
0,0,95.22222222222223,95.22222222222223,1532.888888888889,423.00000000000006,238.69318813201465,259.695521724636,213.24591621291253,513.3903767085231,415.37948660962326,415.37948660962326
0,0,95.22222222222223,95.22222222222223,1881.7777777777778,444.7777777777778,197.7425,197.7425,209.65075,367.40775,408.3765,408.3765
0,0,95.2010664296823,95.2010664296823,1714.618973561431,407.79826705176635,158.35944726797706,200.16103320882576,158.35944726797706,371.90141142612214,391.69634233461926,285.0912395648358
0,0,95.22222222222223,95.22222222222223,1715.0000000000002,430.33333333333337,175.8706737550179,155.3650862536617,155.3650862536617,398.6112617988499,287.29521536291634,309.97070630356944
0,0,95.23280364484943,95.23280364484943,1669.9633292588067,415.71285698410935,228.6582058791626,191.99479336153595,196.33365874823733,456.0147521423148,287.2328885996312,324.0047727519254
0,0,95.22222222222223,95.22222222222223,1730.6666666666667,474.33333333333337,208.20223500054246,212.54204187913635,175.8706737550179,442.0093305847889,384.28989909949,279.700553325377
0,0,95.22222222222223,0,1502.6666666666667,358.8888888888889,196.37626125637408,233.04762938049254,171.53086687642397,495.6059455354236,322.6646414234566,286.96972984702177
0,0,95.22222222222223,0,1860.5555555555557,397,155.34823172054675,196.3549576914732,212.51898459535693,463.2241267086136,287.26404860056414,322.3041874593187
0,0,0,0,1458.2222222222224,413.5555555555556,155.38194444444446,155.38194444444446,175.88975694444446,381.29340277777777,282.76909722222223,279.83940972222223
746053.1111111111,0,0,0,1836.5555555555557,371.22222222222223,196.3549576914732,192.01562160989369,196.3549576914732,425.5803862009113,336.0815795183337,389.2384465176828
746053.1111111111,0,21946.333333333336,0,1662.1111111111113,349.44444444444446,164.51634285714286,242.17908571428572,225.0611142857143,314.3273142857143,323.86282857142857,296.17537142857145
746239.9422093797,746244.7210491219,21965.659035341185,632.1404756612579,2036.3414092020446,699.3776394754389,216.894975,238.2567,221.415975,436.50255,512.116275,332.2935
746074.1111111111,746099.888888889,21975.222222222223,646.4444444444445,2035.8888888888891,43160.444444444445,213.24591621291253,255.25058339815533,255.25058339815533,450.938993221469,503.50038893210353,446.38293143682625
746307.7350522337,746265.7257168258,22096.021338075127,646.5881306957101,2131.918204045343,43170.0377861747,201.13345927325256,259.695521724636,255.25058339815533,434.38159795532835,548.9498833203688,446.38293143682625
746170.2222222222,746158.4444444445,22138.666666666668,743.7777777777778,2354,43329.11111111112,222.0864348405733,238.64015109432287,255.19386734807247,434.28507943561834,425.841573158538,446.2837462504167
746191.2222222222,746158.4444444445,22138.666666666668,824.4444444444445,2354,43329.11111111112,180.11111111111111,217.66666666666669,222.11111111111111,417.7777777777778,498.11111111111114,774.5555555555557
746228.7777777779,746217,22235.77777777778,908.4444444444445,2368.666666666667,43417.55555555556,238.66666666666669,217.66666666666669,180.11111111111111,399.11111111111114,512.5555555555555,1436853.4444444445
746228.7777777779,746238,22283.333333333336,908.4444444444445,2558.444444444445,44585.333333333336,276.1915342739696,276.1915342739696,1425340.6288190202,399.06677035884906,534.1628707921343,1436693.8117986892
234.22222222222223,746238,22283.333333333336,1022.2222222222223,2180.1111111111113,44512.222222222226,234.22222222222223,217.66666666666669,1425515.5555555557,436.44444444444446,479.5555555555556,1436794.1111111112
255.22222222222223,746313.1111111111,467.44444444444446,1022.2222222222223,2590.777777777778,744788.3333333334,255.22222222222223,201.11111111111111,1425499,1331.888888888889,494.00000000000006,1436875.3333333335
302,234.22222222222223,453.00000000000006,437.7777777777778,2005.6666666666667,744438.5555555556,607.5555555555555,259.6666666666667,1425499,1206.7777777777778,443.11111111111114,1436880.5555555557
302,255.22222222222223,570,522.7777777777778,702642.888888889,702192.1111111111,1425505.888888889,238.66666666666669,1425482.4444444445,2139077.777777778,443.11111111111114,1436760.888888889
255.22222222222223,255.22222222222223,454.11111111111114,584.7777777777778,702409.5555555556,1402779.888888889,1425463.888888889,217.66666666666669,1425499,2138987.888888889,412.11111111111114,1436853.5555555557
285.44444444444446,271.77777777777777,520.3333333333334,487.44444444444446,701959.1111111111,1403632.6666666667,1425676.408489832,217.69085453939326,1425657.4063784864,2139270.474497166,533.0592288032003,1437044.2271363484
264.44444444444446,271.77777777777777,567.8888888888889,529.7777777777778,702338.3333333334,1403632.6666666667,1425518,217.66666666666669,1425536.5555555557,2139098.666666667,424.5555555555556,1436432.6666666667
257.11111111111114,255.22222222222223,584.6666666666667,445.7777777777778,702125.5555555556,1403537.1111111112,1425501.4444444445,238.66666666666669,1425536.5555555557,2139020.1111111115,424.5555555555556,420.6666666666667
257.11111111111114,288.33333333333337,537.1111111111112,583.4444444444445,701935.7777777779,1402352.777777778,1425442.888888889,180.11111111111111,238.66666666666669,2139132.3333333335,442.8888888888889,435.11111111111114
240.55555555555557,309.33333333333337,551.5555555555555,469.6666666666667,1402778.4444444445,2102739.5555555555,1425484.888888889,238.66666666666669,222.11111111111111,2139080.5555555555,442.8888888888889,429.8888888888889
219.55555555555557,234.22222222222223,1436210,498.5555555555556,1402368.3333333335,2102789.888888889,1425518,276.22222222222223,217.66666666666669,2138292.1111111115,457.33333333333337,348.6666666666667
1425773.3333333335,276.22222222222223,1436210,566.8888888888889,1402589.4444444445,2102789.888888889,1425269.9188798754,238.69318813201465,268.91876875208357,2138529.7255250583,494.05489498833197,424.82498055339477
1425773.3333333335,288.33333333333337,2136782.1111111115,467.44444444444446,701952.2222222222,2102850.2222222225,234.19620042217534,238.64015109432287,247.86134873902904,518.8312409732252,493.94511720919905,424.7305854905011
1425801.6666666667,288.33333333333337,2136782.1111111115,467.44444444444446,702127.7777777779,1402262.4444444445,276.22222222222223,238.66666666666669,217.66666666666669,518.8888888888889,494.00000000000006,420.5555555555556
1425801.6666666667,234.22222222222223,2136730.3333333335,1436473.6666666667,1402816.2222222222,1401294.1111111112,201.11111111111111,259.6666666666667,217.66666666666669,488.44444444444446,514.1111111111112,389.5555555555556
1425801.6666666667,234.22222222222223,2136813.1111111115,1436350.6666666667,1402611.4444444445,2802159.2222222225,243.11111111111111,259.6666666666667,201.11111111111111,398.6666666666667,514.1111111111112,439.6666666666667
1425809,1425856.777777778,2136699.2222222225,2136982.888888889,1402451.6666666667,2802069.555555556,201.11111111111111,276.22222222222223,238.66666666666669,529.4444444444445,537.7777777777778,336.5555555555556
1425867.5555555557,1425840.2222222222,2136805.666666667,2136885.4444444445,2103278.5555555555,3502526.555555556,276.22222222222223,276.22222222222223,217.66666666666669,417.22222222222223,398.44444444444446,511.44444444444446
1425825.5555555557,1425819.2222222222,2136791.2222222225,2136885.4444444445,1402435.888888889,2802220.2222222225,236.04330000000002,219.359025,198.19575,389.2251,401.54235,467.495625
1425884.1111111112,1425861.2222222222,701057.2222222222,2136953.777777778,1402602.6666666667,2549613.5555555555,184.28454285714284,162.79794285714286,162.79794285714286,285.69219999999996,378.1186857142857,474.6378571428571
262.5555555555556,1425856.777777778,701149.1111111111,2136876.2222222225,1402615.3333333335,2549613.5555555555,178.95782733495253,1416323.470964893,165.3786707882535,337.16052108633255,2128320.1589754913,378.2291896665931
283.5555555555556,1425802.6666666667,445.5555555555556,2137001.4444444445,1402774.888888889,2805896.777777778,178.97758639726175,1416500.7176769348,165.39693055095503,218.3946119023959,2128555.150712156,473.4459534062051
292.77777777777777,1425861.2222222222,498.33333333333337,2136939.4444444445,1402424.888888889,2805942.2222222225,178.99734982332157,1416636.2632508834,178.99734982332157,313.6042402826855,2128828.2906360426,371.24558303886926
234.22222222222223,1425877.777777778,467.33333333333337,700962.1111111111,702307,2805830.4444444445,199.8454234293916,1416479.8498399027,178.97758639726175,299.2160759633432,2128559.456773766,418.4608590040852
725882.2222222222,1425898.777777778,337,701454,3502705.666666667,2806146.777777778,158.12720848056537,1416636.2632508834,195.4505300353357,5534.893992932863,2128794.5008833925,368.7058303886926
725888.1111111111,234.22222222222223,1436628.3333333335,1436460,3502880.1111111115,4217880.777777778,720942.1441978579,1416479.8498399027,720863.5309705199,1432098.5977696807,2128574.0311361374,1430470.575245666
725829.5555555556,725587.7777777779,1436574.6666666667,1436419.777777778,2802053.2222222225,3517423.777777778,720967.9770318022,1416636.2632508834,721001.3250883393,1432256.7358657245,2128809.076855124,1430440.371024735
725885.2222222222,725608.7777777779,1436666.6666666667,1436481.777777778,2802597.3333333335,4218054.666666667,744825.2862857142,184.9097857142857,744756.5012142857,1479540.8781428572,316.32007142857145,1477962.4717857144
725826.6666666667,725566.7777777779,1436611.777777778,1436384.5555555557,2802446.888888889,3770365.888888889,733427.0027315916,220.04616280160022,733380.4998671709,1457836.268841418,352.14125593824235,1456287.184292568
725865.7777777779,725587.7777777779,1436581.888888889,1436429,2802213.1111111115,3770365.888888889,725990,238.66666666666669,725987.2222222222,2184755.4444444445,348.33333333333337,2183231.5555555555
725844.7777777779,725646.3333333334,1436581.888888889,1436344,2811187.3333333335,3529486.666666667,2359557.777777778,217.66666666666669,726003.7777777779,2184755.4444444445,743830.888888889,2183135.777777778
726395.3333333334,725587.7777777779,2180028.777777778,1436389.4444444445,2811354.4444444445,3544639.2222222225,3059452.394178424,846.7948005777134,725881.12431952,3585372.5141650923,743782.4686145983,2183286.9681146536
726395.3333333334,725587.7777777779,2179997.777777778,2179873.1111111115,2810783.888888889,3787768.0000000005,3059792.3333333335,2334506.888888889,3059756.666666667,3585770.888888889,743758.1111111111,3584012.3333333335
2334533.888888889,725566.7777777779,3814421.666666667,2179460,10866.77777777778,2386586.5555555555,3059792.3333333335,2334506.888888889,3059719.1111111115,3580502.666666667,2144689.3333333335,3584041.2222222225
2334526.5555555555,3059879.3333333335,2378130.3333333335,743821.7777777779,10692.333333333334,4011225.666666667,2334744.749416602,2334745.305033893,2334750.6389598846,2145123.2359151016,2144915.1016779644,2145120.3467051894
2334526.5555555555,2334488.2222222225,2378163.4444444445,2144817.666666667,11793.88888888889,4011652.0000000005,2334204.9772247523,2334268.525719364,2334173.3140762136,2144661.037662482,2144550.7165870457,2144758.137984668
2334510,2334525.777777778,2378154.2222222225,2144810.5555555555,11433.333333333334,3310998.555555556,2334443.3333333335,2334506.888888889,2334470.2222222225,2144863.1111111115,2144693.4444444445,2144729.888888889
2334565.666666667,2334525.777777778,2378177.888888889,2144893.2222222225,11242,8211418.666666667,2334781.5555555555,2334469.3333333335,2334449.2222222225,2144254.5555555555,2144667.666666667,2143797.666666667
2334526.5555555555,2334509.2222222225,2378115.888888889,2144810.4444444445,13780.444444444445,8211497.222222223,2334287.5555555555,2334485.888888889,2334218.666666667,1401570.888888889,2146747.2222222225,2121827.4444444445
2334562.666666667,2334450.666666667,2378253.4444444445,2144808.3333333335,7005438.666666667,8195713.777777778,700947.1111111111,2334963.2222222225,2334202.1111111115,3518391.888888889,3518221.555555556,2121827.4444444445
2333973.1111111115,2334509.2222222225,1634753.777777778,2856029.2222222225,7005271.555555556,12573127.777777778,700.1111111111112,2334334,2334604.2222222225,2117280.666666667,3518143.777777778,3521414.0000000005
2333973.1111111115,2335289.3333333335,1634799.2222222222,2112516.666666667,7005613.555555556,14960241.444444446,679.1111111111112,932.2222222222223,1116.888888888889,2117376.3333333335,3518143.777777778,2120883.666666667
948.5555555555557,2335545,2111551.4444444445,3512471.555555556,7005191.111111112,14960272.444444446,1281.302077546939,932.1186534829462,1095.7671369847794,2117135.873791801,2117010.4432840794,2120661.482057549
1424.6666666666667,1597.3333333333335,2111568,3512480.777777778,7005191.111111112,11923899.333333334,1290.4121764248416,894.5672703032996,1349.2945228307965,2117023.6640373287,2116970.2255304963,2120661.482057549
1424.6666666666667,1597.3333333333335,2111482.1111111115,2111510.666666667,7004438.777777778,11923557.666666668,1290.5555555555557,1140.6666666666667,1349.4444444444446,2117277.5555555555,2117109.777777778,2120782.666666667
1664.1111111111113,1555.3333333333335,2111432.4444444445,2111455.777777778,7004505.222222223,11923578.555555556,1380.1111111111113,1119.6666666666667,1328.4444444444446,2117277.5555555555,2117109.777777778,2120761.1111111115
1608.4444444444446,1555.3333333333335,2111494.666666667,2111380.4444444445,7004505.222222223,7023127.444444445,1041.7731363181867,1124.2084212865236,1426.9525608265747,2116723.8084657257,2116860.1266525937,2120525.497166981
2009.8888888888891,1513.3333333333335,2111494.666666667,2111380.4444444445,7002301.333333334,7023070.888888889,1046.5555555555557,4171.555555555556,1120.4444444444446,2116959,2115015.777777778,1400039.2222222222
2014.0000000000002,1607.3333333333335,2111357.1111111115,2111342.3333333335,1509.3333333333335,7023094.555555556,798.2222222222223,1404611.2222222222,1120.4444444444446,138,701232.1111111111,1400039.2222222222
2034.6666666666667,2548.888888888889,2111373.666666667,1400076,1934.1111111111113,2630491.777777778,1405149.3333333335,1404611.2222222222,1404964,43094.88888888889,701268.3333333334,701072.7777777779
1408058.777777778,1731.2222222222224,2111328.2222222225,1400076,1752.1111111111113,512.1111111111112,1405358.1509056562,1404471.4968329815,1404812.5347260807,701298.5887320813,701346.2606956329,701150.6834092677
2814133.666666667,1402362.6666666667,170.11111111111111,700917.5555555556,1834.7777777777778,481.11111111111114,1404599.6666666667,1404315.4444444445,1404676,701211.4444444445,701340.4444444445,701068.5555555556
2813621.4444444445,1401997.777777778,153.55555555555557,700937.2222222222,1834.7777777777778,1402324.5555555557,1424475.5881875001,1424239.1698125,1424305.0920000002,711159.8818125001,711290.712,711014.9656875001
3514335.3333333335,1402036.888888889,692,700911.4444444445,2556.3333333333335,1402239.888888889,1447387.2865000002,1446850.2815,1447214.048,722564.2725000001,722714.2675000001,722451.1465
3514056.777777778,1402039.888888889,704.3333333333334,701078,2306.3333333333335,1403517.3333333335,1386453.219260722,1386067.1273445215,1386396.4023253266,692232.0938905342,692352.1991883296,692084.0188658551
3514098.777777778,1402112.1111111112,618.4444444444445,701152.7777777779,2655.666666666667,2804175.555555556,1386453.219260722,1386103.981572886,1386299.0018646487,692312.2737742679,692352.1991883296,692084.0188658551
3513739.3333333335,1403561,732.2222222222223,701152.7777777779,2804468.888888889,2804153.555555556,1386487.2216737964,1383058.791269058,1386634.4192168477,692312.2737742679,693810.6833388177,1409429.4175715698
3513699.1111111115,1403467,732.2222222222223,4212757.888888889,2804643,8409877.777777778,1386506.5262696063,998.4644071514754,1387127.2348360207,697765.2736645828,3479991.8832949437,4173733.6843259847
3513917.3333333335,1402466.888888889,763.2222222222223,4212757.888888889,2804392.3333333335,8409868.555555556,148.513765493035,998.4644071514754,902.4898541186795,655359.6577821652,3479947.022046726,3481824.7230448616
2108775.666666667,2102904.5555555555,3512423.555555556,4212767.111111111,2804232.3333333335,16253850.333333334,1001.3152126260411,976.9837790442788,901.7974572555896,3475138.3165278384,3477277.181060938,3479153.441473038
701938.7777777779,702055,3512405.555555556,3511891.888888889,2804321.888888889,16813922.88888889,1002.0840188658551,692468.4655040036,699713.9409893606,3477806.5153010865,3480339.4757047277,3490004.4970933427
701946.1111111111,702055,3512422.1111111115,3512438.2222222225,2804321.888888889,15412167.333333334,709555.5728000001,709569.6228000001,716997.3520000001,3564372.9372000005,3566466.0500000003,3576370.0636000005
701671,702057.888888889,3511916.777777778,3512483.666666667,2803972.4444444445,15420132.777777778,699770.7762000001,699784.63245,707130.88365,3515265.4452,3517284.35625,3527051.7931500003
701671,702038.3333333334,3511871.3333333335,3512317.1111111115,2804146.666666667,15418820.555555556,701461.1111111111,701491.5555555556,708796.5555555556,3523545.777777778,3525660.0000000005,3535460.2222222225
701678.3333333334,701987.1111111111,3512333.1111111115,3512334.4444444445,2803797.3333333335,14018162.333333334,701482.1111111111,701491.5555555556,708855.1111111111,3524210.3333333335,3525722.0000000005,3535460.2222222225
701657.3333333334,700538.2222222222,3512250.3333333335,3512334.4444444445,10566.88888888889,14033856.88888889,1402381,701491.5555555556,1409456,3524210.3333333335,3524244.555555556,3527583.1111111115
701501.4441235282,700457.6760719841,3511470.006665186,1521.9951121972897,10572.428349255722,8426236.502999334,1402554.8394266027,700717.0796755194,1409113.345927325,4237890.987887543,1416.7129681075673,728116.5685076119
701998.1111111111,701067.3333333334,4231071.555555556,719540.2222222222,10400.666666666668,8443165.333333334,1402399,1401601.888888889,1408994.3333333335,4237451.111111111,1416.5555555555557,727925.5555555556
701115.6666666667,629.6666666666667,719420.4444444445,719531,10720.88888888889,598920.7777777779,1402458.6390927287,1402557.9275072273,1409934.289526351,720652.7685123417,720580.0533689127,728507.0046697799
701115.6666666667,592.1111111111112,719420.4444444445,719547.5555555556,10739,46568.77777777778,1401523.6666666667,701142.7777777779,701120.7777777779,720172.3333333334,719596.888888889,719697.1111111111
1401580,701122,720052,718972.3333333334,10739,46480.88888888889,701200.4667185242,701258.2509167684,701236.2484720524,719814.0904544948,719700.5222802532,719802.8669852205
701141.2222222222,701122,720083,719613,10383.444444444445,38907.77777777778,701143.5555555556,701180.3333333334,701137.3333333334,719688.6666666667,1438359.1111111112,719722.888888889
701057.653854699,700966.2297267275,719923.0171073095,719484.114641191,19040.10219951122,47405.46545212176,701596,701591.3333333334,701590.3333333334,1438463.5555555557,1438268.5555555557,1438423.5555555557
701164.1111111111,701591.6666666667,720390.4444444445,1438409.1111111112,19221.333333333336,47416,701575,701549.3333333334,701531.7777777779,1437717.777777778,1438223.1111111112,1438423.5555555557
701637.4444444445,701591.6666666667,1438372.2222222222,1438425.6666666667,10304,61348.77777777778,637,701549.3333333334,607.6666666666667,1437765.3333333335,1438223.1111111112,719646.3333333334
701793.3985330072,701705.601244721,1438717.715047788,1437952.2116025782,10565.681262502778,61408.09068681928,599.3778469058994,701433.8406843685,607.5991556493724,718951.7831352073,1437316.6314853907,718873.6807021443
701054.7777777779,701095.6666666667,719529.2222222222,719631.3333333334,10732.444444444445,46338.11111111112,599.4444444444445,565.6666666666667,570.1111111111112,719000.6666666667,1437492.888888889,718953.5555555556
700899.022439458,700939.9022439459,719400.5776494113,719489.4467896024,10409.908909131305,46370.139968895804,557.4444444444445,544.6666666666667,586.6666666666667,718919.3333333334,718894.2222222222,718890.888888889
701071.3333333334,701095.6666666667,719560.4444444445,719632.7777777779,10398.666666666668,38659.88888888889,557.4444444444445,544.6666666666667,544.6666666666667,718919.3333333334,718894.2222222222,718975.2222222222
599.6666666666667,565.7777777777778,718912.3333333334,719649.3333333334,10677.333333333334,38690.88888888889,515.3871792023109,486.0571047661372,486.0571047661372,718742.5841573159,718792.8007999113,718855.1272080881
599.6666666666667,523.7777777777778,718848.2222222222,718963.2222222222,10538.111111111111,38429.555555555555,511.00000000000006,486.11111111111114,486.11111111111114,718839,134.11111111111111,718935
527.5616803734163,523.8941987108245,719008.0017781728,719092.0204489885,1703.3785285619024,29883.97421649255,16.55739526614068,16.55739526614068,33.11479053228136,64.11823535948439,134.12601400155572,134.0148905433937
527.4444444444445,33.111111111111114,718079,67.66666666666667,1878.888888888889,29877.333333333336,16.555555555555557,16.555555555555557,33.111111111111114,64.11111111111111,117.55555555555556,134
33.111111111111114,33.111111111111114,66.22222222222223,51.111111111111114,1878.888888888889,273.6666666666667,16.55739526614068,16.55739526614068,16.55739526614068,16.55739526614068,122.23580397821979,134.0148905433937
33.111111111111114,0,40.44444444444445,51.111111111111114,1864.4444444444446,228.00000000000003,16.555555555555557,16.555555555555557,16.555555555555557,16.555555555555557,138.7777777777778,134
16.555555555555557,0,40.44444444444445,34.55555555555556,1864.7777777777778,228.00000000000003,16.555555555555557,0,16.555555555555557,16.555555555555557,122.22222222222223,134
16.55923538564125,0,87.79728828628583,16.55923538564125,2099.4665481218044,185.70793509668812,17.00835,0,0,17.00835,38.811,103.6482
0,0,87.77777777777779,16.555555555555557,1857.6666666666667,257.11111111111114,17.309542857142855,0,0,17.309542857142855,39.498285714285714,17.309542857142855
0,0,87.77777777777779,0,1772.1111111111113,259.22222222222223,16.298402975278936,0,0,16.298402975278936,20.892583679719976,16.298402975278936
0,0,87.77777777777779,0,1545.5555555555557,150,0,0,0,0,20.89029858908454,16.29662036530679
0,0,87.77777777777779,0,1941.6666666666667,150,0,0,0,0,20.88801399825022,16.294838145231846
0,0,87.77777777777779,0,1588.7777777777778,150,0,0,0,0,20.89029858908454,16.29662036530679
0,0,87.7582759386803,0,1928.9046878471454,135.5254387913797,0,0,0,0,16.296620365306794,0
0,0,87.7582759386803,0,1706.8429237947125,149.96667407242836,0,0,0,85.10172828702693,0,0
0,0,87.77777777777779,95.22222222222223,1707.2222222222224,183.11111111111111,0,0,0,85.10172828702693,0,0
0,0,0,95.22222222222223,1473,183.11111111111111,0,0,0,85.86897142857143,0,0
0,0,0,95.22222222222223,1736.7777777777778,188.55555555555557,0,0,0,84.85035151856019,0,0
0,0,0,95.22222222222223,1543.6666666666667,172,0,0,0,86.44444444444446,0,0
0,0,0,95.22222222222223,1899.0000000000002,150.22222222222223,0,0,0,91.12123569285477,86.23180353372597,0
0,0,0,95.22222222222223,1737.2222222222224,172,0,0,0,91.12123569285477,86.23180353372597,0
0,0,0,95.2010664296823,1736.8362586091982,218.2848255943124,0,0,0,91.12123569285477,86.23180353372597,0
0,0,0,95.22222222222223,1767.0000000000002,232.7777777777778,0,0,0,91.10098877902455,86.21264303966225,86.21264303966225
0,0,0,95.24338741942653,1562.569459879973,218.38186263614134,0,0,0,4.666666666666668,86.22222222222224,86.22222222222224
0,0,0,0,1803.5555555555557,185.22222222222223,0,0,0,4.666666666666668,86.22222222222224,86.22222222222224
0,0,0,0,2037.6666666666667,246.00000000000003,0,0,0,4.666666666666668,86.22222222222224,86.22222222222224
0,0,95.33333333333334,0,1604.888888888889,169.11111111111111,0,0,0,4.666666666666667,86.22222222222223,86.22222222222223
0,0,95.33333333333334,0,1945.4444444444446,202.22222222222223,0,0,0,4.666666666666668,86.22222222222224,86.22222222222224
0,0,95.31215285492114,0,1589.7578315929795,202.17729393468122,0,0,0,0,0,86.22222222222224
0,0,95.33333333333334,0,1766.6666666666667,202.22222222222223,0,0,0,0,0,86.21264303966225
0,0,95.35452322738385,0,1943.8764169815513,155.92353856412535,0,0,0,0,0,86.22222222222224
0,0,95.35452322738385,0,1824.1831518115134,155.92353856412535,0,0,0,0,0,0
0,0,95.33333333333334,0,1823.7777777777778,155.88888888888889,0,0,0,0,0,0
0,0,95.33333333333334,0,1766.1111111111113,155.88888888888889,0,0,0,0,0,0
0,0,95.33333333333334,0,1532,95.11111111111111,0,0,0,93.76735918231306,0,0
0,0,0,0,1942.3333333333335,95.11111111111111,0,0,0,93.7881986887432,0,0
0,0,0,0,1801.888888888889,91.11111111111111,0,0,0,93.7777777777778,0,0
0,0,0,87.79728828628583,1802.2893976439207,186.4858857523894,0,0,0,93.7777777777778,0,0
0,0,0,87.77777777777779,1794.5555555555557,164.66666666666669,0,0,0,93.7881986887432,93.67707523058118,0
0,0,0,95.11111111111111,1617.7777777777778,164.66666666666669,0,0,0,93.7777777777778,93.66666666666669,0
0,0,0,95.11111111111111,1720.5555555555557,141,0,0,0,98.45538393154796,93.67707523058118,0
0,0,0,95.11111111111111,1971.4444444444446,203.66666666666669,0,0,0,102.70955000000001,97.72477500000001,0
0,0,0,95.11111111111111,1787.5555555555557,208.33333333333334,0,0,0,104.72520000000002,99.64260000000002,0
0,0,0,95.11111111111111,1787.5555555555557,208.33333333333334,0,0,0,4.605263157894737,92.4342105263158,0
0,0,0,95.11111111111111,1758.3333333333335,222.7777777777778,0,0,0,4.604758250191865,92.42407630742242,0
0,0,0,95.11111111111111,1744.0000000000002,177.11111111111111,0,0,0,4.604758250191865,92.42407630742242,92.31443920622738
0,0,95.33333333333334,7.333333333333334,1744.0000000000002,170.44444444444446,0,0,0,4.605263157894736,92.43421052631577,92.32456140350875
0,0,95.26982011992006,7.328447701532312,1749.8334443704198,192.09415944925604,0,0,0,4.604758250191865,0,92.31443920622738
0,0,95.31215285492114,0,1750.610975338814,192.17951566318598,0,0,0,4.604758250191865,0,92.31443920622738
0,0,95.33333333333334,0,1808.1111111111113,192.22222222222223,0,0,0,0,0,96.91919745641925
0,0,95.33333333333334,0,1557.2222222222224,153.22222222222223,0,0,0,0,0,96.04028571428572
0,0,95.33333333333334,0,1742.888888888889,148.55555555555557,0,0,0,0,0,95.09644643080387
0,0,95.31215285492114,0,1742.5016662963787,162.96378582537216,0,0,0,0,0,98.22222222222223
0,0,95.33333333333334,0,1772.3333333333335,148.55555555555557,0,0,0,0,0,98.22222222222223
0,0,95.33333333333334,0,1586.5555555555557,148.55555555555557,0,0,0,0,0,4.666666666666667
0,0,0,0,1978.2222222222224,59.88888888888889,0,0,0,0,0,4.666148205754917
0,0,0,0,1802.868579052702,91.17189237269292,0,0,0,86.55555555555556,0,4.666666666666667
0,0,0,0,1978.5507890642361,91.13136252500554,0,0,0,86.56517390821202,0,4.667185242804756
0,0,0,0,1567.5555555555557,91.11111111111111,0,0,0,93.8888888888889,0,0
0,0,0,0,1978.1111111111113,164.66666666666669,0,0,0,93.8888888888889,0,0
0,0,0,95.22222222222223,1816.3333333333335,164.66666666666669,0,0,0,93.81592095037192,0,0
0,0,0,95.24338741942653,2043.4541009113134,150.25561235830182,0,0,0,93.8993221469052,0,0
0,0,0,95.22222222222223,1632.4444444444446,164.66666666666669,0,0,0,93.8993221469052,93.78819868874318,0
0,0,0,95.22222222222223,1985.3333333333335,164.66666666666669,0,0,0,93.8888888888889,93.77777777777779,0
0,0,0,95.22222222222223,1844.1111111111113,242.00000000000003,0,0,0,93.8888888888889,93.77777777777779,0
0,0,0,95.22222222222223,1779.5555555555557,189,0,0,0,7.333333333333334,93.77777777777779,0
0,0,95.11111111111111,95.22222222222223,1603.1111111111113,222.11111111111111,0,0,0,7.332518609043441,93.76735918231309,0
0,0,95.11111111111111,95.22222222222223,1956.2222222222224,222.11111111111111,0,0,0,0,98.44444444444446,93.77777777777779
0,0,95.11111111111111,95.22222222222223,1545.6666666666667,139.33333333333334,0,0,0,0,98.44444444444446,93.77777777777779
0,0,95.11111111111111,0,1779.6666666666667,139.33333333333334,0,0,0,0,98.52107194484599,93.85077282330701
0,0,95.11111111111111,0,1729.4444444444446,187.55555555555557,0,0,0,0,98.43350738806801,93.76735918231309
0,0,95.11111111111111,0,1963.7777777777778,187.55555555555557,0,0,0,0,4.666666666666667,93.77777777777779
0,0,95.11111111111111,0,1610.888888888889,187.55555555555557,0,0,0,0,4.666666666666667,93.77777777777779
0,0,95.11111111111111,0,1706.5555555555557,110.22222222222223,0,0,0,0,4.667185242804756,93.78819868874318
0,0,95.11111111111111,0,1787.6666666666667,148.55555555555557,0,0,0,0,4.666666666666667,93.77777777777779
0,0,0,0,1956.888888888889,130.11111111111111,0,0,0,0,4.666666666666667,93.77777777777779
0,0,0,0,1603.7777777777778,144.55555555555557,0,0,0,0,0,0
0,0,0,0,2036.0000000000002,130.11111111111111,0,0,0,0,0,0
0,0,0,0,1802.0000000000002,130.11111111111111,0,0,0,0,0,0
0,0,0,95.33333333333334,1859.5555555555557,100.33333333333334,0,0,0,104.08967726040896,0,0
0,0,0,95.33333333333334,1625.2222222222224,164.66666666666669,0,0,0,104.0768567557581,0,0
0,0,0,95.33333333333334,1971.0000000000002,164.66666666666669,0,0,0,104.08967726040896,0,0
0,0,0,95.33333333333334,1875.4444444444446,164.66666666666669,0,0,0,104.0768567557581,0,0
0,0,0,95.33333333333334,1624.888888888889,157.33333333333334,0,0,0,104.08967726040896,0,0
0,0,0,95.33333333333334,1808.6666666666667,142.66666666666669,0,0,0,104.08967726040896,0,0
0,0,0,95.33333333333334,2042.5555555555557,150,0,0,0,0,0,0
0,0,95.22222222222223,95.33333333333334,1779.5555555555557,150,0,0,0,0,102.32897142857142,0
0,0,95.22222222222223,95.33333333333334,1586.4444444444446,222.11111111111111,0,0,0,0,105.5,105.375
0,0,95.22222222222223,0,1715.2222222222224,266.33333333333337,0,0,0,0,93.77777777777779,93.66666666666667
0,0,95.22222222222223,0,1715.2222222222224,187.55555555555557,0,0,0,0,93.77777777777779,93.66666666666667
0,0,95.22222222222223,0,1780.0000000000002,187.55555555555557,0,0,0,0,93.77777777777779,93.66666666666667
0,0,95.2010664296823,0,1529.1046434125751,187.5138858031549,0,0,0,0,93.77777777777779,93.66666666666667
0,0,95.22222222222223,0,1934.3333333333335,171,0,0,0,0,93.77777777777779,93.66666666666667
0,0,95.22222222222223,0,1581.3333333333335,187.55555555555557,0,0,0,0,93.77777777777779,93.66666666666667
0,0,95.22222222222223,0,1700.5555555555557,192.22222222222223,0,0,0,0,93.76735918231309,93.6562604155094
0,0,0,0,1787.1111111111113,192.22222222222223,0,0,0,0,0,93.66666666666667
0,0,0,0,1956.3333333333335,134.7777777777778,0,0,0,0,0,0
0,0,0,0,1593.5555555555557,95.77777777777779,0,0,0,0,0,0
0,0,0,0,2021.3333333333335,95.77777777777779,0,0,0,0,0,0
0,0,0,0,1610.7777777777778,95.77777777777779,0,0,0,0,0,0
0,0,0,0,1964.3254056456988,95.79906645921315,0,0,0,93.77777777777779,0,0
0,0,0,95.2010664296823,1792.6016440790938,128.86025327704957,0,0,0,93.77777777777779,0,0
0,0,0,95.22222222222223,1978.7777777777778,128.88888888888889,0,0,0,93.77777777777779,0,0
0,0,0,95.22222222222223,1625.6666666666667,197.7777777777778,0,0,0,93.77777777777779,0,0
0,0,95.22222222222223,95.22222222222223,1780.3333333333335,197.7777777777778,0,0,0,93.77777777777779,0,0
0,0,95.22222222222223,95.22222222222223,1787.5555555555557,183.11111111111111,0,0,0,93.77777777777779,0,0
0,0,95.22222222222223,95.22222222222223,1787.5555555555557,173.8888888888889,0,0,0,103.11111111111111,93.55555555555556,93.66666666666667
0,0,95.2010664296823,95.2010664296823,1763.1637413908022,173.85025549877807,0,0,0,103.11111111111111,93.55555555555556,93.66666666666667
0,0,95.22222222222223,95.22222222222223,1763.5555555555557,222.11111111111111,0,0,0,103.11111111111111,93.55555555555556,93.66666666666667
0,0,95.22222222222223,95.22222222222223,1780.1111111111113,222.11111111111111,0,0,0,9.333333333333334,93.55555555555556,93.66666666666667
0,0,95.24338741942653,0,1780.840186708157,220.71571460324515,0,0,0,9.333333333333334,93.55555555555556,93.66666666666667
0,0,95.22222222222223,0,1787.7777777777778,204.11111111111111,0,0,0,8.938649999999999,89.599325,89.7057375
0,0,95.22222222222223,0,1787.7777777777778,125.33333333333334,0,0,0,9.0156,90.37065714285713,90.4779857142857
0,0,0,0,1765.888888888889,161.7777777777778,0,0,0,9.20648838228847,92.2840859272249,96.99693117053923
0,0,0,0,1787.7777777777778,161.7777777777778,0,0,0,9.20648838228847,92.2840859272249,96.99693117053923
0,0,0,0,1964.3333333333335,147.33333333333334,0,0,0,0,0,4.603244191144235
0,0,0,0,1794.5555555555557,161.7777777777778,0,0,0,0,0,4.603748766853009
0,0,0,0,1794.5555555555557,122.77777777777779,0,0,0,0,0,4.603748766853009
0,0,0,0,1851.888888888889,122.77777777777779,0,0,0,0,0,4.603244191144235
0,0,0,0,1617.5555555555557,91.11111111111111,0,0,0,0,0,4.603748766853009
0,0,0,0,1777.3333333333335,91.11111111111111,0,0,0,0,0,0
0,0,0,95.22222222222223,1777.3333333333335,91.11111111111111,0,0,0,0,0,0
0,0,0,95.2010664296823,1808.3759164630085,109.53121528549212,0,0,0,0,0,0
0,0,0,95.22222222222223,1787.0000000000002,109.55555555555556,0,0,0,93.7881986887432,0,0
0,0,0,95.22222222222223,1610.4444444444446,157.11111111111111,0,0,0,93.7881986887432,271.69685520613405,0
0,0,95.24338741942653,95.24338741942653,1787.3971993776393,142.6983774172038,0,746069,0,93.77777777777779,271.6666666666667,0
0,0,95.19049205820282,95.19049205820282,1962.7901810507608,173.8309452404754,0,746069,0,93.77777777777779,22004.77777777778,0
0,0,95.22222222222223,95.22222222222223,1536.4444444444446,21751.111111111113,746140.1266807424,746193.9104344927,0,93.7881986887432,22089.56550727859,93.56595177241915
0,0,95.22222222222223,95.22222222222223,2127.5555555555557,21736.666666666668,746057.2222222222,746132,746075.3333333334,22046.333333333336,22168.333333333336,674.3333333333334
0,0,95.22222222222223,95.22222222222223,1951.2222222222224,22168.333333333336,746189.4654961663,746214.9127680854,746179.2421380153,22094.232692521393,22170.79675519502,674.4082675852873
0,0,95.2010664296823,0,1950.788713619196,22146.856254165745,746148.5555555556,746174,746096.3333333334,22091.77777777778,22201.88888888889,688.7777777777778
0,0,95.24338741942653,0,2272.0604578795283,64598.13291842631,746148.5555555556,746195,746138.3333333334,22204.111111111113,22292.333333333336,770
0,0,95.22222222222223,0,2271.3333333333335,64622.11111111112,746190.5555555556,746195,746138.3333333334,22110.333333333336,22363.77777777778,784.4444444444445
0,0,95.2010664296823,0,2270.828704732282,64560.20884247946,746190.5555555556,746270.1111111111,746180.3333333334,22124.77777777778,22092.111111111113,896.6666666666667
0,0,0,0,2248.722506109754,64617.19617862698,746154.427285857,222.08643484057325,746097.4336184867,22251.194311743136,22185.423841795353,896.5670481057659
0,0,0,0,2271.7572524174725,64653.10659108592,746203.7551383178,222.08643484057325,746151.5387179201,22251.194311743136,469.1700922119764,960.6710365514941
0,0,0,0,2270.4954454565654,43140.079982226176,229.44444444444446,222.11111111111111,746276.4444444445,22299.111111111113,401.33333333333337,867.2222222222223
0,0,0,0,2060.888888888889,43149.66666666667,250.4166203755138,222.08643484057325,201.0887679146761,427.7302521942006,320.07554716142647,381.9575602710809
0,0,0,0,2077.3333333333335,42743.77777777778,243.11111111111111,222.11111111111111,201.11111111111111,382.33333333333337,425.00000000000006,410.8888888888889
0,0,0,95.24338741942653,2077.7950655701266,42848.633029562116,201.0887679146761,255.19386734807242,222.08643484057325,494.50061104321736,391.4009554493945,477.50249972225305
0,0,0,95.22222222222223,1734.888888888889,352.22222222222223,243.11111111111111,255.22222222222223,201.11111111111111,382.22222222222223,453.6666666666667,396.33333333333337
0,0,0,95.2010664296823,1558.2092868251502,339.5912019551211,247.8888888888889,255.22222222222223,276.22222222222223,396.6666666666667,382.22222222222223,405.5555555555556
0,0,0,95.24338741942653,1947.3216270282282,339.742164925539,247.8888888888889,222.11111111111111,234.22222222222223,446.33333333333337,411.11111111111114,293.33333333333337
0,0,95.1322516114692,95.24338741942653,1558.7908424094242,411.20248944209817,222.11111111111111,222.11111111111111,276.22222222222223,481.33333333333337,396.6666666666667,446.11111111111114
0,0,95.11111111111111,95.22222222222223,1706.2222222222224,420.33333333333337,193.7777777777778,222.11111111111111,222.11111111111111,495.7777777777778,382.22222222222223,410.8888888888889
0,0,95.1322516114692,95.24338741942653,1706.6014669926649,325.0722382751722,188.2644294463192,174.98660558055244,174.98660558055244,437.52048884514437,357.31379671291086,399.19831427321583
0,0,95.11111111111111,95.22222222222223,1706.1111111111113,406.5555555555556,169.6505,156.2312,176.8511,362.4302,361.121,309.6258
0,0,95.11111111111111,95.22222222222223,1513.1111111111113,390,170.31763417305584,198.24753559693315,177.54654983570643,363.8554216867469,287.6232201533406,282.36582694414017
0,0,95.11111111111111,0,1882.7777777777778,294.6666666666667,170.33629094095738,177.56599846642567,198.26925183481214,349.7644868003067,467.30200460072297,282.61583963194215
0,0,95.11111111111111,0,1696.888888888889,385.22222222222223,149.60026284087175,156.82838681414958,177.5271054648998,363.9250903515496,316.72325046544734,387.03318366005914
0,0,95.1322516114692,0,1873.8608579684371,359.5243387419426,103.5049288061336,198.24753559693315,170.31763417305584,389.3756845564074,377.8751369112814,499.9999999999999
0,0,95.11111111111111,0,1485.1111111111113,418.33333333333337,177.54654983570643,177.54654983570643,198.24753559693315,444.0306681270536,349.39759036144574,499.9999999999999
0,0,0,0,1868.2222222222224,289.8888888888889,198.2475355969332,156.84556407447974,177.5465498357065,296.71412924424976,363.6363636363637,377.8751369112815
0,0,0,0,1521.208083499889,349.9888962913613,177.56599846642567,198.26925183481214,177.56599846642567,282.506298608829,363.6761967356775,349.43586373096724
0,0,0,0,1897.3333333333335,364.8888888888889,190.6759142857143,208.20257142857145,212.90771428571432,389.58582857142864,470.8671714285715,461.22162857142865
0,0,0,0,1721.2222222222224,338.22222222222223,208.91925,243.3159,208.91925,429.496425,462.046275,482.591925
0,0,0,0,1721.2222222222224,329,201.08876791467617,234.19620042217534,222.0864348405733,413.39851127652486,497.50027774691705,555.0494389512277
0,0,0,0,1704.6666666666667,338.22222222222223,222.11111111111111,222.11111111111111,255.22222222222223,422.7777777777778,413.00000000000006,473.7777777777778
0,0,0,0,1492.6666666666667,247.66666666666669,276.2529169907767,243.13812645849535,255.25058339815533,461.16235137237464,444.0493388154239,453.71707967551947
0,0,0,95.22222222222223,1706.6666666666667,394.5555555555556,297.22222222222223,201.11111111111111,229.44444444444446,420.8888888888889,382,396.6666666666667
0,0,0,95.2010664296823,1706.2874916685182,440.12441679626755,222.11111111111111,222.11111111111111,201.11111111111111,382.6666666666667,477.6666666666667,396.6666666666667
0,0,95.22222222222223,95.22222222222223,1721.2222222222224,440.22222222222223,222.13579286587395,222.13579286587395,222.13579286587395,401.82242471385706,405.60062229136565,382.2646960773419
0,0,95.28574605292418,95.28574605292418,1899.043806982433,378.25216811207474,222.11111111111111,255.22222222222223,222.11111111111111,509.00000000000006,405.5555555555556,382.22222222222223
0,0,95.22222222222223,95.22222222222223,1699.2222222222224,363.33333333333337,201.11111111111111,238.66666666666669,217.66666666666669,427.5555555555556,420.33333333333337,396.6666666666667
0,0,95.22222222222223,95.22222222222223,1706.7777777777778,332.11111111111114,238.66666666666669,222.11111111111111,217.66666666666669,495.44444444444446,420.33333333333337,391.44444444444446
0,0,95.22222222222223,95.22222222222223,1706.7777777777778,389.11111111111114,238.69318813201465,243.13812645849535,255.25058339815533,495.49949994443824,429.6032892543615,300.92232470274473
0,0,95.22222222222223,95.22222222222223,1707.0000000000002,379.8888888888889,276.1915342739696,201.08876791467617,222.0864348405733,486.0571047661372,413.1763137429175,453.6162648594601
0,0,95.2010664296823,95.2010664296823,1706.620750944235,451.23305932015114,201.11111111111111,222.11111111111111,222.11111111111111,447.7777777777778,382.22222222222223,401.33333333333337
0,0,95.22222222222223,0,1721.5555555555557,378,201.11111111111111,259.6666666666667,201.11111111111111,447.7777777777778,411.11111111111114,320.11111111111114
0,0,95.24338741942653,0,1933.8741942653921,273.50522338297395,201.08876791467617,217.64248416842577,201.08876791467617,478.7245861570937,422.39751138762364,401.28874569492285
0,0,0,0,1535.7777777777778,273.44444444444446,201.11111111111111,276.22222222222223,217.66666666666669,490.6666666666667,488.44444444444446,492.7777777777778
0,0,0,0,1721.5555555555557,300.6666666666667,201.08876791467617,201.08876791467617,217.64248416842577,383.401844239529,488.3901788690146,492.72303077435845
0,0,0,0,1714.1111111111113,361.8888888888889,238.66666666666669,201.11111111111111,238.66666666666669,481.44444444444446,397.7777777777778,533.2222222222223
0,0,0,0,1501.7777777777778,338.22222222222223,238.66666666666669,222.11111111111111,259.6666666666667,413.5555555555556,512.1111111111112,509.5555555555556
0,0,0,0,1897.3333333333335,312.44444444444446,259.6666666666667,222.11111111111111,201.11111111111111,494.7777777777778,450.11111111111114,555
0,0,0,0,1544,362.11111111111114,201.11111111111111,222.11111111111111,201.11111111111111,396.8888888888889,397.6666666666667,402.22222222222223
0,0,0,0,1925.6501444765502,338.29739942209375,243.0841017664704,238.64015109432287,243.0841017664704,413.39851127652486,397.6224863904011,449.8389067881347
0,0,0,0,1697.0000000000002,308.6666666666667,243.11111111111111,201.11111111111111,222.11111111111111,413.44444444444446,497.6666666666667,473.5555555555556
0,0,0,0,1713.6666666666667,308.6666666666667,243.13812645849535,259.695521724636,259.695521724636,397.0441160128903,471.9413268140904,473.7193021446827
0,0,0,0,1713.285936458565,369.14019106865146,198.33075000000002,198.33075000000002,198.33075000000002,346.69530000000003,376.93800000000005,362.69325000000003
0,0,0,0,1704.3333333333335,316,200.8334149776499,200.8334149776499,200.8334149776499,351.07012430347197,381.69444614536775,367.2699467270835
0,0,0,95.22222222222223,1535.2222222222224,254.7777777777778,176.98438694180587,197.61982749208428,197.61982749208428,295.8838301124577,361.39316519270665,279.50649634239545
0,0,95.33333333333334,95.22222222222223,1925.5555555555557,394.5555555555556,176.98438694180587,176.98438694180587,176.98438694180587,361.6115296429741,249.04465553007972,279.50649634239545
0,0,95.31215285492114,95.2010664296823,1698.8447011775163,440.3465896467452,156.34894639152748,176.98438694180587,218.2552680423627,281.7993230702042,368.3808276012665,347.0902937001856
0,0,95.33333333333334,95.22222222222223,1699.2222222222224,390.7777777777778,197.64140642061585,177.0037126010046,177.0037126010046,326.49050010919416,361.43262721118145,375.5186721991701
0,0,95.33333333333334,95.22222222222223,1699.1111111111113,403.7777777777778,176.98438694180587,176.98438694180587,156.34894639152748,295.99301233759144,361.39316519270665,295.66546566219023
0,0,95.33333333333334,95.22222222222223,1522.2222222222224,359.7777777777778,156.34894639152748,176.98438694180587,156.34894639152748,442.73392291734905,358.7727917894967,352.11267605633805
0,0,95.30156614461846,95.19049205820282,1638.56492280351,409.0858602687993,197.61982749208428,169.7783600829785,176.98438694180587,348.50966262692435,300.3603013429414,309.64079047931
0,0,95.35452322738385,95.24338741942653,1867.8595243387417,385.41898199599905,169.78296161772806,186.96887281408775,147.983382986104,365.9791693023445,302.3105586956965,272.3217203664782
0,0,95.33333333333334,95.22222222222223,1690.7777777777778,363.5555555555556,205.2976268591426,183.86047134733158,145.52312445319336,459.82131452318464,394.94272747156606,367.60751859142607
0,0,95.33333333333334,0,1690.7777777777778,437.11111111111114,259.6666666666667,222.11111111111111,201.11111111111111,450.44444444444446,485.7777777777778,480.7777777777778
0,0,0,0,1698.6666666666667,297.33333333333337,201.08876791467617,222.0864348405733,243.0841017664704,400.06665926008225,516.7203644039552,578.3801799800023
0,0,0,0,1529.7843965325626,286.9526561458101,222.11111111111111,201.11111111111111,222.11111111111111,495.7777777777778,485.7777777777778,464.22222222222223
0,0,0,0,1882.7777777777778,371.33333333333337,222.0864348405733,259.63781802022,222.0864348405733,450.28330185534946,463.94845017220314,473.3918453505167
0,0,0,0,1501.6666666666667,310.77777777777777,222.11111111111111,238.66666666666669,238.66666666666669,464.7777777777778,516.7777777777778,473.44444444444446
0,0,0,0,1911.888888888889,360.22222222222223,222.0864348405733,238.64015109432287,259.63781802022,315.40939895567163,471.7253638484613,473.50294411732034
0,0,0,0,1778.5309478830982,329.92554728303145,217.64248416842577,229.41895344961674,222.0864348405733,427.619153427397,449.9500055549384,488.16798133540726
0,0,0,0,1550,293.22222222222223,276.2529169907767,222.13579286587395,259.695521724636,446.38293143682625,478.94210467829754,488.27647516390704
0,0,0,0,1697.4444444444446,342.8888888888889,238.69318813201465,243.13812645849535,259.695521724636,444.3827091899099,383.2648072008001,502.7225247249694
0,0,0,0,1883.2222222222224,347.8888888888889,201.11111111111111,201.11111111111111,243.11111111111111,444.33333333333337,413.11111111111114,382
0,0,0,0,1674.62786047545,347.811597422795,243.11111111111111,238.66666666666669,201.11111111111111,396.7777777777778,382.11111111111114,315.33333333333337
0,0,95.2010664296823,0,1674.62786047545,399.1335258831371,222.11111111111111,238.66666666666669,217.66666666666669,396.8888888888889,405.6666666666667,405.8888888888889
0,0,95.22222222222223,0,1691.3333333333335,314.77777777777777,222.13579286587395,238.69318813201465,259.695521724636,396.9329925547283,434.8260917879764,367.81864651627956
0,0,95.22222222222223,95.22222222222223,1903.0000000000002,314.77777777777777,201.13345927325256,201.13345927325256,222.13579286587395,396.9329925547283,382.0424491610178,396.7107456384042
0,0,95.22222222222223,95.22222222222223,1492.7777777777778,368,259.6666666666667,243.11111111111111,238.66666666666669,617.7777777777778,315.22222222222223,435.00000000000006
0,0,95.24338741942653,95.24338741942653,1598.1329184263168,363.41409202044895,259.695521724636,222.13579286587395,259.695521724636,505.6117346371819,410.8234248249805,413.2681409045449
0,0,95.22222222222223,95.22222222222223,1810.1111111111113,363.33333333333337,201.11111111111111,201.11111111111111,201.11111111111111,465.11111111111114,381.8888888888889,413.22222222222223
0,0,95.22222222222223,95.22222222222223,1486.3333333333335,394.5555555555556,222.11111111111111,238.66666666666669,243.11111111111111,464.8888888888889,520,413.11111111111114
0,0,95.22222222222223,95.22222222222223,1646.3333333333335,316,243.0841017664704,276.1915342739696,201.08876791467617,464.8372403066327,482.7241417620265,413.0652149761138
0,0,95.24338741942653,95.24338741942653,1655.9235385641252,365.5256723716381,222.13579286587395,238.69318813201465,238.69318813201465,479.3865985109456,482.83142571396814,405.8228692076897
0,0,0,95.24338741942653,1655.9235385641252,348.96643698599684,222.0864348405733,238.64015109432287,201.08876791467617,464.726141539829,397.8446839240085,315.1872014220643
0,746041.5555555556,0,95.22222222222223,1648.888888888889,348.8888888888889,217.64248416842577,222.0864348405733,201.08876791467617,464.726141539829,464.1706477058105,410.84323964004005
746035.5555555556,746062.5555555556,0,21942.77777777778,1437.2222222222224,21848.444444444445,276.1915342739696,243.0841017664704,259.63781802022,521.7198089101212,464.1706477058105,480.8354627263638
746035.5555555556,746083.5555555556,21951.444444444445,21971.666666666668,1989.7777777777778,21745.77777777778,217.69085453939326,201.13345927325256,222.13579286587395,391.4879431047894,545.5050561173463,361.3734859428825
746055.1111111111,746083.5555555556,21980.333333333336,22054.55555555556,2097.222222222222,21995,222.0864348405733,238.64015109432287,201.08876791467617,420.28663481835355,480.8354627263638,449.9500055549384
746094.2222222222,746125.5555555556,21980.333333333336,22069,1884.888888888889,43380.333333333336,222.11111111111111,238.66666666666669,201.11111111111111,396.6666666666667,480.8888888888889,450.00000000000006
746094.2222222222,746125.5555555556,22063.222222222223,22069,2299.1111111111113,43299.444444444445,222.11111111111111,201.11111111111111,217.66666666666669,387,397.44444444444446,746.2222222222223
746166.4444444445,746193.3333333334,22125.222222222223,22199.222222222223,2388,43497.88888888889,222.11111111111111,222.11111111111111,1425444.1111111112,401.44444444444446,305.8888888888889,746.2222222222223
746166.4444444445,746214.3333333334,22125.222222222223,22199.222222222223,2382.1111111111113,43556.77777777778,201.08876791467617,201.08876791467617,1425248.1946450395,372.51416509276754,410.84323964004005,1438029.441173203
746186,746214.3333333334,22241,22246.77777777778,2558.888888888889,43455.333333333336,238.66666666666669,243.11111111111111,1425448.5555555557,420.22222222222223,477.5555555555556,1438220.2222222222
746225.1111111111,214.7777777777778,22241,22344.111111111113,2195.888888888889,43687.66666666667,252.33333333333334,222.11111111111111,1425444.1111111112,482.22222222222223,396.5555555555556,1438124.5555555557
209.11111111111111,193.7777777777778,22269.88888888889,511.00000000000006,2594,25603.55555555556,222.11111111111111,201.11111111111111,1425406.5555555557,2902.1111111111113,396.5555555555556,1438133.3333333335
245.22222222222223,247.8888888888889,509.11111111111114,482.11111111111114,2218,725839.4444444445,707.3333333333334,243.11111111111111,1425406.5555555557,2811.5555555555557,329.7777777777778,1438133.3333333335
225.66666666666669,247.8888888888889,480.22222222222223,413.6666666666667,1793.6666666666667,725575.7777777779,665.3333333333334,222.11111111111111,1425444.1111111112,1812940.5555555557,422.33333333333337,1438084.888888889
222.66666666666669,226.8888888888889,586.5555555555555,498.5555555555556,702618.3333333334,704455.6666666667,1425392.845239418,222.0864348405733,1425285.7460282193,2139856.571492057,422.28641262082,1438006.443728475
261.77777777777777,268.8888888888889,534.6666666666667,544,702380.7777777779,704455.6666666667,1425371.8475724922,259.63781802022,1425269.1923119654,2139770.5810465505,398.6223752916343,1437612.5986001557
189.55555555555557,238.66666666666669,472.6666666666667,413.7777777777778,701946.1111111111,1404914.5555555557,1425509.2222222222,222.11111111111111,222.11111111111111,2140107.4444444445,501.6666666666667,1437786.777777778
209.11111111111111,217.66666666666669,581.2222222222223,544.2222222222223,702135.4444444445,1404806.2222222222,1425726.1917990886,222.13579286587395,222.13579286587395,2140345.260584509,479.05322813645955,320.14668296477385
261.77777777777777,276.22222222222223,518.2222222222223,511.11111111111114,701958.6666666667,1407837,1425688.6320702299,222.13579286587395,238.69318813201465,2140336.14846094,464.4960551172352,386.93188132014666
222.66666666666669,234.22222222222223,518.2222222222223,496.5555555555556,702328.1111111111,2108008.4444444445,1431438.9154027062,201.95195493186645,201.95195493186645,2148983.806782879,451.8814461182647,388.5064679959994
222.66666666666669,255.22222222222223,503.7777777777778,386.8888888888889,1402596.4444444445,2104593,1452626.8386749127,204.94528810238197,183.54492376461943,2178297.228017268,458.5792358091972,284.5455850835834
186.55555555555557,222.11111111111111,313.11111111111114,448.8888888888889,1402613,2104898,1480182.8554166665,165.27666666666664,187.09041666666664,2220374.86875,437.4291666666666,290.0420833333333
1425633.777777778,222.11111111111111,2136761.777777778,1436168.4444444445,1402613,3505547.666666667,1455756.6401816118,145.62996594778662,124.17707150964813,334488.76276958,303.9727582292849,249.48921679909193
1425633.777777778,1425776.4444444445,2136710.3333333335,1436069.1111111112,1402638.777777778,3505282.4444444445,162.56101714155977,184.01634691792486,145.64649789987513,279.4868884095811,342.9447156317403,337.49574299012374
1425650.3333333335,1425734.4444444445,2136679.3333333335,2136777,1402662.1111111112,3505670.1111111115,162.54256526674234,124.17707150964813,162.54256526674234,377.29852440408627,5918.50170261067,322.70147559591373
1425650.3333333335,1425738.888888889,2136771.3333333335,2136791.4444444445,1402662.1111111112,4206452.222222223,183.9954597048808,652.7809307604994,162.54256526674234,292.96254256526674,5813.280363223609,354.3700340522134
1425669.888888889,1425759.888888889,2136691.666666667,2136661,2103117.4444444445,4206452.222222223,145.6134377482692,1456120.4176597432,162.52411758029734,292.9292929292929,2188432.073544433,437.29429122687543
1425633.777777778,1425755.4444444445,2136738.3333333335,2136776.888888889,2103286.4444444445,4205289.333333334,167.06389740097603,1456077.5167404378,145.6134377482692,268.4144818976279,2188349.10906821,337.4191351719441
1425633.777777778,1425755.4444444445,2136738.3333333335,2136741.666666667,2102917,4206193,155.32853333333335,1553223.1050666668,196.2490666666667,242.49653333333336,2334383.7376,369.9797333333334
1425669.888888889,1425776.4444444445,2136776.666666667,2136741.666666667,4203264.555555556,4206193,151.46731428571425,1514654.0175999997,191.37062857142854,2828.176914285714,2276461.294971428,360.7826285714285
1425669.888888889,2151253.666666667,2137263.666666667,3572325.3333333335,4203248.111111111,5607509.333333334,756234.7949999999,1485695.2403999998,756162.7673999999,1500206.2541999999,2232937.4705999997,1500146.0381999998
242.22222222222223,2151253.666666667,815,2137134.4444444445,4203718.666666667,4907653.888888889,725633.4444444445,1425573.6666666667,725603.3333333334,1439461,2142546.666666667,1439426.888888889
725691.4444444445,725736.888888889,1436184.777777778,2137218.3333333335,3502868.2222222225,4907772.111111111,725531.8297966892,1425416.8425730471,725501.7220308854,1439329.9633374067,2142301.522053105,1439197.42250861
725671.888888889,725774.4444444445,1436566.1111111112,1436545,3503021.1111111115,4907384.444444445,725651.5555555556,1425611.3333333335,725544.7777777779,1439492,2137186.777777778,1439357.3333333335
725691.4444444445,725753.4444444445,1436495.888888889,1436530.5555555557,3511868.4444444445,3506038.666666667,725648.6666666667,1425092.4444444445,725523.7777777779,1439475.4444444445,2137186.777777778,1439326.3333333335
725652.3333333334,725732.4444444445,1436467,1436613.4444444445,2811030.4444444445,3506838.666666667,725627.6666666667,189.55555555555557,725565.7777777779,1439489.888888889,334.44444444444446,1439259.5555555557
726164,725720.3333333334,2179906.1111111115,1436514.1111111112,2811214.3333333335,3512512.888888889,726127.5555555556,766,725561.3333333334,2182899.5555555555,743855.5555555556,1440176.3333333335
726164,725720.3333333334,2179906.1111111115,1437373.1111111112,2811449.666666667,2811205.4444444445,3060213.357039671,746.5273919324369,726104.5671741305,2233527.7253028112,743909.3232581398,1440290.9212134683
3059883.555555556,726225.5555555556,3814213.666666667,1437373.1111111112,10435.666666666668,2841542,3059873.3333333335,2334475,3059800.3333333335,2230840.3333333335,2147453.4444444445,2194342.3333333335
3059942.1111111115,706.3333333333334,3813726.666666667,744788.888888889,10628.444444444445,743144,2334703.4114901656,2334792.9769974444,2334695.0772308037,2149017.113012557,2147804.3115901765,2146451.383487054
3059922.555555556,2334532.1111111115,3813772.1111111115,2144789,10327.333333333334,42349.77777777778,2334704.8560951217,2334756.8618735415,2334674.074897211,2149062.5625069453,2147780.6422935883,2146427.714190466
2334474.777777778,2334494.5555555555,2378347.4444444445,2144719.5555555555,13697.111111111111,285210.3333333334,2334445.4444444445,2334479.3333333335,2334414.666666667,2148944.3333333335,2147731.5555555555,2146203.5555555555
2334438.666666667,2334499,2378089.1111111115,2144639.5555555555,13556.000000000002,8218722.88888889,2334707.745305034,2334761.1956884097,2334695.0772308037,2149085.2316924105,2147834.092676964,2146442.0491165686
2334461.1111111115,2334478,2378067.3333333335,2144753.3333333335,4708.666666666667,8219414.666666667,2334409.2222222225,2334482.2222222225,2334435.666666667,2148846.4444444445,2147624.3333333335,2146288.1111111115
2334498.666666667,2334553.1111111115,2378197.777777778,2144670.4444444445,7005434.777777778,8218614.666666667,2334446.777777778,2334503.2222222225,2334435.666666667,2148884.777777778,2865470.3333333335,2146288.1111111115
2333992.888888889,2334511.1111111115,1634681,2144687,7005081.888888889,9611796.222222222,2334645.1111111115,2333926.777777778,2334435.666666667,1405379.3333333335,3521929.555555556,4262208.444444445
2333992.888888889,2334532.1111111115,1634681,4254978.555555556,7005222.777777778,10251879.666666668,861.6820353294078,2334256.527052549,2334122.764137318,3471224.419508943,3521538.2735251635,4261734.918342406
1036.7777777777778,2335101.3333333335,860.7777777777778,4254978.555555556,7005458.111111112,10221543.111111112,1454.4444444444446,1342.5555555555557,1186.888888888889,3471643.2222222225,2118211.666666667,3508022.777777778
978.2222222222223,2335363.4444444445,2111518.4444444445,3511917.1111111115,7005088.666666667,15181215.555555556,1412.2875236084878,1283.8573491834238,1186.7570269970001,2116670.8143539606,2117864.1262081987,2116862.5708254636
1690.0000000000002,1537.6666666666667,2111473,2111383.1111111115,7005289.111111112,15181250.555555556,1391.4444444444446,1300.5555555555557,1149.3333333333335,2116860.5555555555,2118099.4444444445,2117097.777777778
1794.3333333333335,1533.2222222222224,2111506.1111111115,2111409.1111111115,7001919.333333334,14938335.88888889,1485.5555555555557,1279.5555555555557,1149.3333333333335,2116711.1111111115,2117928.5555555555,2116992.888888889
2042.2222222222224,1826.5555555555557,2111383.1111111115,2111478.666666667,7002136.444444445,7004918.888888889,1443.5555555555557,1315.1111111111113,1201.4444444444446,2116711.1111111115,2117928.5555555555,2116992.888888889
2000.2222222222224,1826.5555555555557,2111469.2222222225,2111364.888888889,7002313.000000001,7004133.444444445,1464.7777777777778,1319.7777777777778,3832.5555555555557,2116713.2222222225,2117899.666666667,2116893.888888889
2092.5555555555557,2959.2222222222226,2111355.3333333335,2111382.888888889,1586.888888888889,7004150.000000001,8256.806311812425,7792.643627069675,3790.976775197244,2116895.655072786,1400194.7994221582,2117114.679408823
2050.5555555555557,2959.2222222222226,2111333.5555555555,2111335.3333333335,1998.888888888889,5603426.333333334,7407.06101543943,7657.785062195275,3688.460856825853,2080260.910345043,57.87619546193274,41.60534051131391
704653.888888889,1403592.888888889,2111333.5555555555,700979.7777777779,1799.5555555555557,4963587,7496.216673810545,7164.00928295879,3288.698448757986,49.40010103484172,58.572826730349234,42.106126385402
703834.7777777779,1402514,2110793.4444444445,701010.7777777779,1981.2222222222224,4963587,6933.214998890615,6598.06966940315,1406249.0570224095,699939.3166185933,700079.2101175948,699859.6627468383
2817522.4444444445,1402251.888888889,170.33333333333334,701110.1111111111,1981.2222222222224,702635,1405706.1238074107,1405047.1488795208,1406249.0570224095,699977.5904149101,700102.8400266252,699888.506767251
2816810.666666667,1402293.888888889,170.33333333333334,701100.888888889,1957.6666666666667,703532,1405415.2617568767,1404739.9068322983,1405979.037267081,699853.2608695653,699961.9565217391,699733.2519964508
2816668.777777778,1402298.3333333335,137.22222222222223,701089.3333333334,3172.777777777778,703467.888888889,1405633.1262480586,1405051.5864211228,1406290.991790548,700089.7492788995,700067.6725094297,699962.2808963833
3517098.3333333335,1401963,683.5555555555557,701119.1111111111,2920.444444444445,2804091.666666667,1405519.134775374,1404860.2329450913,1406082.9728230725,700026.5113699388,700125.9012756516,699932.1131447586
3517098.3333333335,1402021.5555555557,626.3333333333334,701166.6666666667,2743.888888888889,2804201.666666667,1405518.9129229065,1404876.5391014977,1403456.2396006656,700009.9833610649,700156.849694953,699946.5335551859
3517010.4444444445,1400872.3333333335,609.7777777777778,701148.6666666667,3113.777777777778,2804552.3333333335,1398739.101497504,1398394.342762063,1403498.169717138,700547.9755962284,703633.8325013865,699946.5335551857
3517052.4444444445,1400872.3333333335,709.2222222222223,701857.7777777779,2804124.4444444445,2804552.3333333335,1486862.9660048564,1485841.399525578,976.3154090232007,3736786.716513967,3911.3893851898706,3735826.1918430016
2814470.1111111115,1487.5555555555557,754.6666666666667,1015.2222222222223,2803947.555555556,12213902.111111112,1458898.4375,1458595.615625,975.1812500000001,3666506.2125000004,3667286.21875,3665615.4375
2814470.1111111115,1450,754.6666666666667,3511917.0000000005,2803906.888888889,12213902.111111112,1401883.56849239,1401497.7224752808,937.0069992223088,3523067.9924452845,3523736.5848239087,3522121.986445951
702196,1450,1441.3333333333335,3511817.666666667,2804142.3333333335,16114009.333333334,1090.4343961782026,1045.4393956227086,708758.3601822021,3523029.663370737,3523712.9207865796,3530485.612709699
702196,701852,3512335.2222222225,3512370.888888889,2803972.555555556,16113395.555555556,701497,701482.6666666667,708837.1111111111,3523856.888888889,3524548.666666667,3530906.777777778
702196,701831,3512335.2222222225,3512342.0000000005,2802934,16113526.000000002,701518,701482.6666666667,708837.1111111111,3523790.0000000005,3524548.666666667,3530873.1111111115
1518.5555555555557,701889.5555555556,3511788.888888889,3512280.777777778,2802757.4444444445,14012806.666666668,701398.0668814577,701388.1790912122,708758.3601822021,3523412.95411621,3524106.8770136656,3530433.285190535
701952.5555555556,701852,3511760.0000000005,3512315.777777778,2803577.666666667,14020809.111111112,701513.5555555556,701466.1111111111,708837.1111111111,3523909.666666667,3524548.555555556,3530892.2222222225
701978.3333333334,701793.4444444445,3512403.1111111115,3512346.777777778,2803400.777777778,14020441.88888889,701497,701487.1111111111,708816.1111111111,3523370.777777778,3521080.2222222225,3531645.888888889
701936.3333333334,701852,4231084.222222223,3511668.666666667,1978.1111111111113,14020672.333333334,700738.3042560284,701308.8120902322,708592.7325258361,745.7495277253028,3521485.942882542,9364.59606622958
1402864.3333333335,700619.6666666667,4231685.222222223,3511668.666666667,10873.666666666668,4626614.222222223,700582.6019331187,700539.384512832,708418.7312520832,745.5838240195535,663.704032885235,727908.0102210867
1402885.3333333335,700619.6666666667,4231685.222222223,719593.7777777779,10497.333333333334,4634130.333333334,701014.3333333334,700617.2222222222,1409006.1111111112,720065.5555555556,719607,728003.3333333334
1401492.777777778,1401568.4444444445,4230992.888888889,719593.7777777779,10600.333333333334,31843.444444444445,1401513.6666666667,1401556,701127.1111111111,720065.5555555556,719607,719600.6666666667
1401492.777777778,701124.4444444445,720198.3333333334,719703,10960.555555555557,46911.222222222226,701086.2222222222,701135.4444444445,701106.1111111111,719629.7777777779,719618.7777777779,719684
1401551.3333333335,701145.4444444445,720198.3333333334,719717.4444444445,10960.88888888889,46780.77777777778,701006.888123542,701078.5468281303,701049.2167536941,719631.1520942119,719591.6009332298,719587.490278858
1401588.888888889,701107.888888889,720260.3333333334,719679.3333333334,10960.88888888889,47373.222222222226,701218.3575952883,701234.3593732637,701163.0181131236,719800.5333925991,719665.6295143904,719747.4163795976
701175.888888889,701086.888888889,720359.6666666667,719727.2222222222,11297.77777777778,39462.444444444445,690208.8309968433,690261.5559609013,690212.0032457182,708454.8408097887,708345.7810812289,708426.290569915
701129.1111111111,701162,719731,719727.2222222222,11104.77777777778,39462.444444444445,-,-,-,-,-,-
