dockerfiles-laptop-clientapp-0-1,dockerfiles-laptop-clientapp-1-1,dockerfiles-laptop-supernode-0-1,dockerfiles-laptop-supernode-1-1,dockerfiles-serverapp-1,dockerfiles-superlink-1,dockerfiles-desktop-clientapp-0-1,dockerfiles-desktop-clientapp-1-1,dockerfiles-desktop-clientapp-2-1,dockerfiles-desktop-supernode-0-1,dockerfiles-desktop-supernode-1-1,dockerfiles-desktop-supernode-2-1
0.001345436099999995,0,0,0,0.0019504388999999882,0.002064296399999962,0.001431061869999999,0.0010919093200000105,0.0009201047700000079,0.0009363302500000201,0.0012149464799999967,0
0.002778576150000002,0.001193366100000015,0.0026462630000000254,0.0012738749999999918,0.0013820694499999916,0.0037620076499999956,0.0011088959349999992,0.0008460946600000081,0.0007129673850000061,0.0007255401250000155,0.0018302357500000015,0.0009267039649999988
0.002397684100000002,0.00281422656666667,0.0031165936000000253,0.0029692941000000043,0.005794366599999995,0.0032463050999999967,0.0019572756899999964,0.0017492674900000036,0.0014717789500000072,0.001527905520000011,0.0016529905000000013,0.0016181994099999963
0.0033860778000000015,0.003758875575000011,0.0028690452000000237,0.002733445575000004,0.006127079174999998,0.004422031949999981,0.0018523392674999965,0.002353238175,0.0013928717125000069,0.002078374462500001,0.0020147034249999966,0.0015314420574999966
0.003210782240000001,0.00356428046000001,0.003693243979999997,0.004083205100000003,0.005809883339999997,0.004193105559999982,0.002720254482,0.0022732505399999997,0.0021821017240000076,0.002007729570000001,0.002956517519999998,0.0022859941499999885
0.0043569562833333415,0.00469721828333334,0.0035588199833333305,0.005027617616666662,0.07713690226666665,0.007416478766666659,0.003307612774999999,0.002887869230000001,0.0026563755450000046,0.0027137801600000113,0.002887164599999998,0.0022323701249999887
0.0048203578285714276,0.005135965071428577,0.004761458871428569,0.004891972242857137,0.23324694775714283,0.007694890842857137,0.003250860949999999,0.003551479160000005,0.0026107976100000043,0.003415953550000008,0.0036195714800000014,0.0030670921100000056
0.005811339725000002,0.0050291569375000055,0.005742859087500002,0.005262554925000001,0.39127522256249997,0.007534866987499994,0.004154686018749999,0.0041743634125000015,0.003416061697500012,0.0033712281062500088,0.003572180045000002,0.0034817301762500095
0.006187666666666666,0.005537222222222231,0.005432333333333336,0.005956777777777774,0.389438,0.008825222222222213,0.004791011111111113,0.004207444444444446,0.0034431333333333454,0.004007588888888899,0.004383366666666663,0.003509322222222232
0.005564000000000001,0.0068434444444444515,0.006856111111111125,0.0070063333333333375,0.38853388888888896,0.007868333333333342,0.003916866666666669,0.004415977777777772,0.03747170000000001,0.006547244444444445,0.005643733333333338,0.006841933333333332
0.005284000000000005,0.0060627777777777754,0.005124999999999998,0.008928888888888901,0.39270366666666673,0.009620111111111114,0.1399518666666667,0.08366470000000001,0.5068137111111112,0.007180822222222217,0.006667066666666662,0.006522188888888892
0.005284000000000005,0.006421555555555557,0.008854111111111094,0.0075112222222222256,0.3892151111111111,0.01892544444444444,0.5431079343666668,0.08280486666666667,0.5060911333333334,0.006419166666666664,0.006667066666666662,0.005840300000000006
0.2653181111111111,0.17252377777777778,0.008854111111111094,0.009835999999999994,0.3899560000000001,0.020796000000000012,0.6282316340011113,0.5544743773033335,0.6306685406666668,0.006319933333333345,0.006895655555555556,0.006553133333333341
0.2653181111111111,0.34112633333333336,0.00870788888888891,0.009280444444444437,0.3899560000000001,0.020796000000000012,0.6273832704377779,0.5544743773033335,0.6331731146011111,0.006974433333333339,0.005931099999999999,0.0064074777777777805
0.39442733333333335,0.33998833333333334,0.009251777777777786,0.008908666666666676,0.3266986666666667,0.01814366666666666,0.632445994258889,0.6301801436155556,0.6326808089022223,0.006711444444444437,0.006594533333333334,0.006965411111111118
0.3994658888888889,0.3929503333333333,0.008048888888888895,0.008908666666666676,0.18017300000000003,0.01886322222222223,0.63927133837,0.6340851918200001,0.6399213984344445,0.005966655555555552,0.006697411111111103,0.006096988888888879
0.505986,0.40224911111111117,0.008303666666666685,0.00977433333333333,0.02753088888888892,0.019660777777777777,1.4602140258244447,0.6422175221022223,0.6391515309311112,0.006625100000000005,0.006697411111111103,0.006335777777777775
0.5052954444444445,0.40146911111111117,0.00913244444444445,0.008795555555555556,0.008211222222222246,0.017963000000000003,1.4596311280311114,0.9534827094522225,0.7486440613655556,0.00680615555555555,0.00665225555555556,0.007209166666666657
1.456032777777778,0.5018783333333334,0.008271888888888882,0.008561888888888881,0.009912888888888935,0.01869366666666666,2.746632117537778,0.9526571845711113,1.4908537416444447,0.003694555555555548,0.005081388888888886,0.003876555555555558
2.012307444444445,0.5018783333333334,0.008271888888888882,0.006510111111111106,0.005743111111111156,0.015437777777777762,3.4350217324700005,1.8534576165188892,1.934781166666667,0.0036734333333333377,0.0037656333333333384,0.004117955555555547
2.599881666666667,1.333535888888889,0.00496922222222223,0.006510111111111106,0.0077135555555555915,0.006864555555555566,4.1206192729966675,2.682323308345556,2.8096417444444453,0.004209133333333341,0.0037656333333333384,0.004651522222222217
2.3388767777777777,1.1664716666666666,0.00496922222222223,0.0051702222222222245,0.007977888888888866,0.004191000000000006,5.106188812491112,3.5728556777777785,2.682764744444445,0.0037251333333333356,0.003522422222222225,0.003938688888888882
2.970405888888889,1.8603356666666666,0.004976777777777756,0.005243222222222226,0.007977888888888866,0.0047527777777777785,5.106188812491112,3.5728556777777785,4.081443300000001,0.004300577777777789,0.003874566666666674,0.00404597777777778
3.2821985555555564,2.6808283333333334,0.0053908888888888964,0.0052914444444444415,0.007729000000000023,0.00436244444444446,5.261556280302501,3.6081447283950006,4.2149093786175005,0.003953017265000014,0.0033166592025000055,0.0036026703049999976
4.056354000000001,2.6273425555555554,0.006056222222222216,0.0052914444444444415,0.007729000000000023,0.0037315555555555375,5.336709918424286,3.6676331364871433,4.282639366875714,0.004025659731428585,0.002451249655714296,0.0036688746342857115
3.9488016666666677,3.131856222222222,0.004779444444444423,0.004780777777777782,0.008266666666666644,0.003341222222222218,5.611332701793721,4.485792746818385,4.838889772535874,0.0038112219730941687,0.002740336322869961,0.0034272869955156923
4.67115788888889,3.5856028888888893,0.00504944444444444,0.005590222222222226,0.008266666666666644,0.003341222222222218,5.611332701793721,4.963139237668161,4.729217948430493,0.0033990582959641342,0.0019959977578475328,0.002546065022421529
4.237546666666667,3.4838874444444445,0.005226222222222231,0.004774333333333338,0.008078222222222209,0.003060333333333344,5.452506703284385,6.322895607199865,5.294898150431566,0.003398677278332034,0.0020508575271830512,0.003031577177446472
4.141723000000001,4.319176555555557,0.005226222222222231,0.005039555555555551,0.009070888888888877,0.003060333333333344,5.971564786995516,5.332445134529148,5.33946159192825,0.003371860986547087,0.0021531390134529086,0.0023738901345291517
3.5541487777777783,4.27264188888889,0.005347111111111118,0.005039555555555551,0.008233555555555544,0.0030199999999999984,4.909839737697568,5.816999394686695,4.456255150767851,0.0031825916377087714,0.0021528976572133107,0.0025773680080708496
4.348861222222223,4.27264188888889,0.006080666666666673,0.005188888888888897,0.007669444444444433,0.002642444444444441,4.6797203452527745,4.454441284609349,5.823204797668423,0.0031825916377087714,0.002233146508238992,0.0032792512050218497
3.7173321111111117,4.2870417777777785,0.005374555555555574,0.004376333333333341,0.007669444444444433,0.002794555555555547,5.483794002242152,5.830382331838565,5.288889417040358,0.002335448430493266,0.0022499103139013432,0.0025413340807174836
3.9309315555555564,3.466549111111111,0.004961666666666655,0.0047812222222222275,0.008564555555555527,0.0031488888888888925,5.126163216861428,5.888576728032857,4.589834500024286,0.0021583904657142797,0.0018731124385714297,0.002392324992857138
3.749017888888889,4.0389138888888905,0.005268444444444458,0.006175111111111119,0.008564555555555527,0.0026170000000000177,5.861644842489611,5.804118237145747,5.587092425503452,0.0021274331716347895,0.0023500487646075526,0.002845697961192335
4.256545777777778,3.5251014444444455,0.005268444444444458,0.005373333333333341,0.007972444444444449,0.003522000000000001,6.967263433333334,7.103286888888889,5.581402722222222,0.002604611111111104,0.0028130111111111093,0.0028427999999999843
3.5341895555555563,3.8511873333333333,0.005660111111111125,0.0055512222222222265,0.007972444444444449,0.0042935555555555635,6.9664893789578946,7.33625057215865,7.192943084101767,0.002659660037773571,0.0028126985890456597,0.0037635373847350207
3.663399444444445,3.8511873333333333,0.004920111111111113,0.006089111111111101,0.007908444444444385,0.0038437777777777797,7.0783378819868865,5.9871875763973765,5.854979775530614,0.00346741860206689,0.0028916435159462143,0.0038938770974552756
3.732805444444445,3.877617222222222,0.005880222222222213,0.005773666666666677,0.008402444444444454,0.004852333333333335,5.71996435951561,7.4791975447172545,6.475812454171759,0.0028812131985334914,0.002381690923230756,0.003893011887568052
4.35962211111111,3.845313111111111,0.005666111111111101,0.005773666666666677,0.007269333333333351,0.00416055555555555,7.321127103011445,6.923265896210689,7.7658528392043555,0.0031603844871652374,0.0032140126680742366,0.003845538393154789
3.564909666666666,3.845313111111111,0.004932555555555545,0.005718444444444446,0.007416333333333371,0.004569444444444429,6.471559673297032,6.923265896210689,7.2980546616290685,0.0031603844871652374,0.0032813201466829678,0.0036895321702411464
4.256329,3.783507666666667,0.006023111111111115,0.006461555555555561,0.008709444444444436,0.0038555555555555504,7.077699844461728,7.144764015109433,6.424779935562716,0.0033809132318631226,0.003315998222419732,0.003688712365292754
3.600689333333332,4.228771333333333,0.00614244444444445,0.006121555555555554,0.007943999999999977,0.00447788888888888,7.566379746694813,6.1571083546272645,7.647524086212644,0.0034308076880346598,0.003315998222419732,0.0038612931896455918
3.743433888888889,4.164377666666667,0.005170333333333326,0.004727666666666661,0.007943999999999977,0.004820333333333328,6.759039322222223,7.602397577777778,7.688048055555556,0.0034311888888888856,0.003166677777777778,0.0033745333333333417
3.8197371111111114,4.164377666666667,0.005831222222222223,0.005673777777777778,0.008168000000000003,0.0035081111111111194,6.771792500000001,6.2973182111111115,7.688048055555556,0.003409677777777773,0.003255822222222228,0.0038513555555555663
4.49182011111111,3.939345444444445,0.005155111111111098,0.005405666666666667,0.008168000000000003,0.0034584444444444432,8.15768238888889,6.626997777777778,7.227930955555556,0.003350377777777778,0.003255822222222228,0.003409433333333335
3.84548411111111,4.406551555555556,0.005155111111111098,0.005622333333333347,0.00813877777777784,0.003835333333333339,6.894532107543608,7.4917855238306865,8.228412743028553,0.0028758026885901534,0.0034318409065659376,0.003248661259860017
3.9119497777777767,4.303022777777778,0.004956666666666672,0.004968444444444442,0.008130333333333302,0.00354088888888889,8.094874274919436,7.13493853761529,7.735350150016668,0.0028764418268696483,0.0038485720635626198,0.0032493832648072016
3.7359249999999995,3.5484924444444443,0.004635555555555553,0.006007888888888887,0.008130333333333302,0.00354088888888889,6.493539606710366,6.377216531496502,6.4453165426063785,0.002824997222530826,0.003402310854349521,0.003291578713476283
4.285090666666668,4.185447222222223,0.005430444444444454,0.0049288888888888846,0.008569555555555535,0.003634222222222218,7.684158855555556,7.51446488888889,6.950896588888889,0.002825311111111107,0.0032466666666666603,0.003318544444444451
4.069346666666669,3.891664888888888,0.0043398888888888845,0.005293444444444425,0.007276444444444468,0.003634222222222218,6.280804711634625,7.34109293254806,8.117940960106678,0.002955995110567833,0.0028430603400377806,0.0038037226358484306
4.069346666666669,3.4464012222222213,0.0043014444444444445,0.005413111111111116,0.0071114444444444974,0.003244777777777788,6.332929092121346,7.34109293254806,6.8949250583398145,0.0028221580175575144,0.0034339482164684916,0.0031882209134348294
3.9847466666666667,3.6667972222222214,0.005187333333333335,0.006162444444444434,0.0071114444444444974,0.0036506666666666666,6.332225433333334,7.261439366666667,6.812951388888889,0.0033941444444444495,0.0030799666666666606,0.0038111000000000113
3.4009155555555552,4.400764111111111,0.004526444444444438,0.005216333333333317,0.007062999999999993,0.0036506666666666666,6.7542058888888885,8.148064677777779,7.624073633333333,0.002936311111111119,0.003356033333333331,0.004147755555555552
3.5523757777777787,3.8459637777777784,0.004908333333333342,0.005941222222222228,0.00787577777777779,0.003975333333333344,6.745844955555556,6.801675644444445,7.264007622222223,0.0030987888888888908,0.003356033333333331,0.0036685222222222207
4.2781769999999995,4.210414222222222,0.004908333333333342,0.005186666666666673,0.007130444444444391,0.0035984444444444475,6.746594577175241,6.974075319479941,7.330393721524613,0.003542238026447386,0.003166729636626289,0.003949716635181679
3.680940333333333,3.4522239999999997,0.005265999999999993,0.0064344444444444345,0.006521666666666685,0.0037408888888888926,7.184442861904233,7.068885690478837,7.022295867125876,0.00354145094989446,0.0031835351627596906,0.003948839017886894
3.9543194444444447,3.952546222222223,0.005268777777777789,0.00539499999999999,0.007496222222222176,0.0037408888888888926,8.224092522222223,7.069671122222223,7.023076122222222,0.0037630666666666713,0.0032257555555555506,0.0038055000000000038
3.9594066666666667,3.8728758888888883,0.004978999999999993,0.006766888888888891,0.007170555555555582,0.003699444444444453,7.201988808156013,6.074660553188119,5.765329888485816,0.0038528310451818575,0.002901829899387576,0.003316433908652043
3.9588703333333326,3.950633000000001,0.004978999999999993,0.005659222222222236,0.007170555555555582,0.004203333333333337,7.326438177236926,4.708873920072644,4.650362938204134,0.0031470084127777753,0.002951973118125981,0.0028688461661599387
3.9588703333333326,3.950633000000001,0.005315222222222237,0.005856222222222214,0.007702333333333281,0.003914777777777761,6.46833251093417,5.398869978692385,5.676000953235393,0.003427576539194787,0.002264281709094989,0.003462330380172702
4.099184222222224,3.9707406666666687,0.005396999999999998,0.005106888888888896,0.007702333333333281,0.003166444444444435,6.469057985643786,5.476420278151637,5.720226738447735,0.002850269179004032,0.003205798564378649,0.0028336137281291967
4.099184222222224,3.2367737777777785,0.005396999999999998,0.006097000000000019,0.007334111111111104,0.004423222222222221,6.104918156330604,4.580928047549624,4.900913020074016,0.0032280924077604466,0.0031868677806437162,0.0026025905573623413
3.7846771111111117,3.9595176666666676,0.005121333333333336,0.0054749999999999955,0.007564999999999995,0.00385222222222222,4.71456707412807,5.826541863855557,5.561650308399685,0.003733643602108332,0.0031868677806437162,0.0032524055175507417
3.5606257777777794,3.864574444444445,0.005945888888888881,0.006192999999999992,0.008098111111111115,0.00385222222222222,6.161823158012783,5.91210430638107,5.209047930918469,0.004318133901536393,0.0037282269821689,0.004007558595940337
4.342042444444445,4.3351365555555565,0.005358555555555558,0.004945222222222231,0.007228666666666625,0.0038168888888888823,5.4759770188425305,4.66976124943921,4.4281928555406,0.004318618214445942,0.004081022880215349,0.0040080080753701185
3.6178714444444453,3.8348143333333335,0.004712111111111103,0.00606311111111113,0.00767833333333338,0.0038168888888888823,4.427338335576492,5.787115174966352,5.50733460071781,0.004273149394347233,0.004173508299685966,0.004457166890982502
3.65150288888889,4.031163666666667,0.005179444444444453,0.005643444444444448,0.007627666666666638,0.0038283333333333476,5.008666967960393,5.033182906727304,5.82200190908156,0.004081391257881531,0.00467478490103455,0.004439336026486007
3.7704845555555555,3.900005555555557,0.005707222222222234,0.005643444444444448,0.007627666666666638,0.0033244444444444636,5.745492547617955,6.120202102005843,5.7325600615441825,0.004619492368844525,0.004602967439460698,0.004371135702568424
3.7704845555555555,4.358874777777777,0.004744999999999999,0.005519444444444435,0.007520000000000021,0.003800111111111128,6.482631785357183,7.031788612376404,6.826864326185979,0.004571636484835023,0.005328007999111213,0.005053260748805687
3.6688763333333316,3.610399999999999,0.004563777777777784,0.0063569999999999955,0.007520000000000021,0.00409533333333334,7.424800299966671,5.589954982779693,6.627952983001889,0.005024819464503951,0.004395633818464616,0.005495556049327853
4.385320555555555,4.127571111111109,0.0055254444444444595,0.0053668888888888724,0.00809477777777781,0.0028385555555555542,7.113624552827464,7.027314142873014,6.627952983001889,0.005186090434396182,0.004250383290745475,0.005582257526941456
3.876284444444445,3.8597894444444436,0.004604888888888894,0.0055557777777777645,0.007964555555555542,0.0030769999999999964,7.115205533948216,5.794612312479163,6.427402422491388,0.004145516168463158,0.004647583064784983,0.004939604400488951
3.9637198888888876,3.8962036666666666,0.004672888888888899,0.005607555555555551,0.006756777777777797,0.003985444444444436,7.05722807153966,6.0961498222617205,6.808138935792048,0.0032650077760497612,0.004177538324816715,0.004050111086425235
3.881093333333335,3.9241211111111123,0.004796222222222227,0.005607555555555551,0.008347999999999998,0.0031642222222222228,6.100175247194757,7.0080990445506055,6.8088953116320425,0.00370213309632263,0.003395567159204542,0.005129118986779251
3.881093333333335,3.9241211111111123,0.005707222222222234,0.00515433333333331,0.007720777777777738,0.0034760000000000103,7.506552666666667,6.874049822222223,7.230272466666667,0.0032874222222222297,0.0034892999999999934,0.004098388888888884
4.061478999999998,3.7164711111111113,0.005607333333333323,0.005166111111111107,0.007587444444444418,0.0037424444444444436,6.203491755555556,6.874049822222223,5.8536112000000005,0.0028335,0.0030680666666666636,0.00506905555555556
3.4673583333333324,3.962438222222223,0.005079555555555541,0.005166111111111107,0.007587444444444418,0.0045936666666666565,6.822006834092677,6.966290510056672,6.97722130236693,0.002699844427158577,0.003688487609734418,0.005069618846538508
4.2643478888888895,3.5035690000000024,0.005770777777777767,0.005140444444444454,0.007362333333333323,0.003819333333333323,6.982624144444446,7.563585466666667,7.269560533333334,0.003455577777777774,0.002915266666666672,0.005077722222222224
3.5696792222222236,4.31037277777778,0.004984333333333332,0.005019888888888898,0.008264,0.004343444444444443,6.890822055555557,7.563585466666667,6.404838711111111,0.003430633333333325,0.004256055555555556,0.005074411111111115
3.710261333333332,3.7932016666666692,0.005163666666666665,0.005724555555555573,0.007757666666666651,0.004906000000000003,6.90906326258473,7.19335120568952,7.778153717079674,0.0028950105567285248,0.004077975330592285,0.004906156239582176
4.2027935555555525,4.038413333333334,0.006103333333333325,0.005424444444444454,0.007781888888888903,0.004191999999999999,6.908295588888889,7.192551944444445,7.490733477777777,0.003294155555555564,0.0036813111111111026,0.005338255555555553
4.153005000000001,3.2652857777777786,0.0058924444444444415,0.0046546666666666715,0.007781888888888903,0.0042352222222222175,6.827304367637251,7.116770326739274,6.391573171815957,0.0028191264725494596,0.0035803289619915474,0.004747799511002453
3.454214888888888,3.587534222222221,0.00593566666666666,0.005236555555555553,0.008011333333333346,0.004798333333333337,7.648083742638069,7.40123139237693,7.869581475719523,0.0032320480053339264,0.0035799311034559332,0.004105356150683414
4.191108222222224,4.187580777777776,0.005024666666666653,0.004571888888888894,0.00844100000000007,0.004486555555555549,7.038859515609378,7.419544839462283,7.285880202199757,0.0033645261637595854,0.0036134873902899755,0.004673380735473842
3.8757117777777776,3.641597,0.0052046666666666725,0.004703333333333331,0.007270333333333392,0.004293111111111106,7.881776033333334,7.420369233333334,8.043172577777778,0.003851388888888892,0.0042347666666666724,0.003560100000000004
3.8757117777777776,3.6331382222222213,0.005917222222222228,0.004703333333333331,0.008214222222222272,0.004034777777777782,7.748806344444445,7.408991622222223,7.7743315,0.0033906999999999982,0.003614755555555554,0.003560100000000004
3.830427555555556,4.162690111111109,0.005226000000000002,0.0049223333333333254,0.008636555555555524,0.004444333333333322,6.791437137459716,6.8034598955439485,6.328100922324702,0.003233948216468502,0.004224836092899203,0.0034686965218357546
4.399100444444442,3.941152777777777,0.00592811111111111,0.004842888888888878,0.007734888888888848,0.0036249999999999898,6.9192248888888885,6.802703955555556,7.851267033333333,0.0028053000000000093,0.002883577777777776,0.003029277777777769
4.067046333333335,3.941152777777777,0.0055631111111111116,0.004784666666666659,0.007662444444444441,0.003756777777777782,7.166416653705145,7.286083990667705,7.350194867236974,0.0035462948561271,0.002867481390956563,0.003516553716253752
3.5745141111111143,3.972839000000003,0.005368444444444447,0.004687222222222213,0.008115666666666658,0.004057888888888892,7.167212922222223,7.286893555555556,6.392768422222223,0.003542033333333332,0.0033925333333333337,0.0036511555555555557
3.7118656666666667,3.972839000000003,0.004686777777777781,0.004687222222222213,0.008115666666666658,0.0031062222222222324,7.454776269303411,7.170056893678481,7.536335973780693,0.003541639817798021,0.0028749361182090843,0.003650749916675925
4.180081333333331,3.974864888888893,0.0050919999999999984,0.0049998888888888905,0.007737666666666717,0.00349433333333334,6.730470633664153,6.0609927710028435,6.146576403417543,0.002731115510170602,0.0029169977006780366,0.003260986841097984
3.925909666666668,3.3748183333333377,0.005697222222222218,0.0049998888888888905,0.006511000000000008,0.00349433333333334,6.017051472017143,5.136722020555714,5.310698968221429,0.0022905127928571412,0.0022969050814285645,0.002727365001428567
3.4730361111111154,4.2180830000000045,0.005270555555555544,0.0049256666666666555,0.007741777777777712,0.0034365555555555542,5.790564065871665,6.491963940942647,5.389261646791597,0.002214684838160135,0.0022072118114707514,0.002896842703009644
4.235872888888891,3.9638085555555578,0.0051570000000000045,0.0058178888888889,0.007817111111111115,0.0028436666666666645,4.471263479445834,5.231576629570747,4.515842016806722,0.0029330797183738356,0.0027047354076765767,0.0028965137406313786
4.101467444444444,3.937220555555554,0.005775222222222216,0.005535111111111121,0.007523777777777833,0.003087222222222241,5.768606688621395,5.794799250511014,5.819816942993414,0.0023209629797865086,0.0027611060640472416,0.0027520894844424285
3.5327945555555593,3.351954111111108,0.005073111111111109,0.004897555555555563,0.007523777777777833,0.00410166666666667,5.648716649630892,5.79545737649063,5.755167529812606,0.003066519023282225,0.0027614196479273153,0.003543577512776843
3.798335333333335,4.158934999999999,0.005219555555555546,0.005557555555555545,0.007814777777777752,0.003407333333333318,5.351089460533789,5.566378364565588,4.863656161272005,0.0023087109596820043,0.002803100511073248,0.0025311641113003997
4.3879903333333345,3.4270748888888853,0.005442222222222225,0.005493444444444453,0.006423888888888859,0.004254999999999997,5.350481796502386,5.565746252555075,5.982805621167387,0.0032024528730411114,0.0029475357710651837,0.0025679196002725457
4.168780999999999,4.2030928888888885,0.005442222222222225,0.005493444444444453,0.008055333333333378,0.004254999999999997,4.679139329926179,5.645077024417946,4.8137356047700175,0.0036613742191936387,0.0029478705281090296,0.0025682112436115887
3.700565333333335,4.155386777777772,0.0050974444444444635,0.0057970000000000035,0.007593333333333342,0.0038841111111111008,4.944432449279999,5.53692711472,5.59332718336,0.0033117705599999977,0.003305872159999995,0.002931773440000005
3.9901052222222186,4.155386777777772,0.004492222222222244,0.0063470000000000045,0.008696888888888903,0.0048176666666666585,6.152851927949999,5.43737619913,6.473472642960001,0.0037943448199999875,0.0032464343899999953,0.003331197690000007
3.9901052222222186,3.880566888888887,0.0050297777777777875,0.005325777777777788,0.0074661111111111985,0.0048215555555555486,6.781853011111111,6.495959955555556,7.517876733333335,0.0044452222222222245,0.0037562000000000016,0.0038685777777777855
3.9544384444444445,3.8920065555555543,0.005217888888888893,0.005413777777777777,0.00802388888888888,0.0048215555555555486,6.781853011111111,6.495959955555556,7.517876733333335,0.0037420666666666672,0.0038433111111111132,0.0038685777777777855
3.8303601111111085,3.38904266666667,0.004599666666666682,0.005154888888888895,0.006762222222222213,0.00476122222222222,6.723243933333334,6.36990528888889,7.361801111111112,0.004395222222222222,0.0031785444444444436,0.0038051444444444455
4.412394111111111,4.171080111111116,0.005387444444444439,0.005746000000000005,0.008005777777777804,0.004351888888888909,6.844048066666668,6.36990528888889,5.901827200000002,0.003666077777777778,0.0035351555555555507,0.0036935555555555506
3.6218811111111098,3.9742374444444475,0.0055446666666666795,0.005110333333333353,0.007653111111111185,0.004351888888888909,6.920644166666666,6.359441533333334,7.333434666666668,0.004343844444444441,0.003489088888888893,0.0036935555555555506
3.8529346666666635,4.511722444444445,0.005124888888888895,0.004561000000000013,0.008578111111111102,0.0035942222222222274,6.920644166666666,7.183212422222224,7.416158155555555,0.003688444444444436,0.002822722222222222,0.0036718333333333264
3.91032677777778,4.201844888888887,0.005124888888888895,0.005540555555555562,0.007880999999999954,0.004023111111111114,6.922521566666668,5.874067644444445,7.416158155555555,0.003239822222222218,0.0036004999999999943,0.0041872888888888835
3.91032677777778,3.426797111111114,0.005038111111111102,0.004342444444444452,0.006900333333333287,0.0039055555555555575,6.954407322222221,6.289948966666667,7.207400822222223,0.004136211111111117,0.003685666666666663,0.003278499999999996
3.6424058888888897,4.295942666666671,0.005986777777777761,0.004954999999999994,0.0065935555555555565,0.0029719999999999994,6.463257544444445,7.4257419,6.2573762,0.0036110555555555713,0.003685666666666663,0.0035892444444444475
3.6424058888888897,3.7274978888888897,0.004823333333333328,0.004954999999999994,0.007341666666666629,0.0031062222222222324,5.641737699999999,6.197026155555556,6.425825777777779,0.003560744444444446,0.0037487,0.002947633333333335
3.7834443333333323,3.9666682222222236,0.005070111111111109,0.00510377777777777,0.005764666666666665,0.0038961111111111254,7.133015322222221,7.517215744444445,7.864091333333334,0.003937411111111107,0.003174544444444447,0.0036995555555555458
4.140817000000002,4.664240555555555,0.005952111111111109,0.005618666666666661,0.0072087777777777185,0.0035985555555555497,6.743641666666667,6.125309633333334,6.744299933333334,0.0038803333333333316,0.0038381222222222157,0.0032599333333333267
3.558782999999999,3.882203111111109,0.0051643333333333515,0.005027555555555551,0.0068518888888888805,0.0029934444444444314,6.7567238777777785,7.6538515444444455,7.949316155555556,0.0038803333333333316,0.003990722222222231,0.0037970666666666676
4.023679333333336,4.143022888888885,0.004820333333333328,0.005264111111111112,0.005734999999999997,0.0037042222222222077,6.899461666666668,6.3377559888888895,6.517708688888889,0.003932355555555568,0.0039024666666666596,0.004264444444444448
3.7282586666666666,3.6055378888888883,0.005159222222222217,0.0058255555555555534,0.006430000000000035,0.003806666666666662,6.899461666666668,6.984656666666666,6.88150118888889,0.0033182111111111265,0.0039024666666666596,0.004124233333333342
3.814798444444446,3.841128000000001,0.005684777777777761,0.004846000000000005,0.006446333333333381,0.003377777777777776,7.392636933333334,7.988111944444446,8.030701277777778,0.004090011111111118,0.003721211111111115,0.003608777777777786
3.814798444444446,3.841128000000001,0.005012555555555551,0.005972333333333321,0.007592888888888934,0.0035376666666666616,6.563715688888892,7.549013577777778,6.749968277777778,0.0037993888888888895,0.0028227333333333397,0.004500277777777772
4.143866111111114,3.660631333333331,0.005110888888888887,0.005800555555555562,0.006796111111111102,0.0035376666666666616,7.322725533333333,6.4132206444444435,8.161127366666665,0.0037993888888888895,0.003604622222222232,0.004245577777777772
4.143866111111114,3.660631333333331,0.005819444444444452,0.005800555555555562,0.007180777777777752,0.0038331111111111022,7.321911987556938,7.879368625708256,8.087291089878903,0.0036459726697033678,0.0035227419175647146,0.004245106099322292
3.9051340000000008,3.741947000000001,0.004785555555555549,0.005609111111111102,0.008253333333333323,0.004344777777777766,6.758963577777777,6.560054522222223,6.649924122222222,0.0038305666666666803,0.0039011777777777693,0.004029433333333345
3.8928164444444446,3.5187147777777774,0.004835333333333328,0.0045234444444444384,0.00785322222222224,0.004049555555555554,7.184235122222222,7.955028455555556,8.140114077777778,0.0032344888888889006,0.003237600000000001,0.004029433333333345
3.8928164444444446,4.167432888888888,0.005724555555555548,0.0053967777777777694,0.007984888888888857,0.005006333333333348,7.1835740888888875,7.451567000000001,6.935097855555556,0.0038822444444444513,0.003409899999999997,0.00351551111111111
4.074092111111113,3.2964748888888886,0.004988888888888883,0.005241444444444435,0.007984888888888857,0.0042955555555555715,6.114229541162092,7.450739140095546,7.849686490389957,0.0037333407399177784,0.003407210309965561,0.003047794689478943
4.092800777777781,3.943102111111115,0.005136888888888895,0.004679999999999993,0.007914555555555562,0.004250888888888879,6.07024220745852,5.937207649621065,6.26239609171541,0.003706482130202466,0.0033826979661136123,0.0025879239334926857
3.491329888888888,3.7142478888888872,0.00461133333333335,0.0056174444444444405,0.006963888888888844,0.004250888888888879,4.7209359749093975,5.0069907547201415,5.1899067675736115,0.0029795404101454898,0.0028277557079600833,0.002622443985247003
4.254349222222219,4.413441111111114,0.005525666666666664,0.005548333333333341,0.007605222222222215,0.004377111111111103,5.657305369658601,5.2808224169116,6.85904882432738,0.002397207777526562,0.0028600045218177667,0.0025031313588062417
3.4209408888888855,3.7247922222222267,0.005416555555555573,0.004557555555555556,0.008618666666666603,0.004853333333333327,4.106178363101968,6.2601909111462835,5.423322869093377,0.003089441555505311,0.0027338231969251552,0.002000497399954776
4.170306000000002,4.325487000000003,0.004708000000000009,0.005898000000000008,0.007485888888888879,0.0039323333333333285,5.643568140192198,4.76816705483324,5.132814912379875,0.0030210288298473703,0.0026162577727529618,0.0028046919163369206
3.9949069999999995,4.044799666666664,0.005742444444444446,0.005641222222222236,0.008142888888888934,0.003236888888888882,5.85384018765544,5.801899819127289,6.060298134750168,0.002450067827266554,0.0028188559801040035,0.00275245308614063
3.708695835646865,4.133468517490281,0.00480799555802332,0.005638089950027775,0.00808595224875071,0.004067406996113266,4.585469895998192,5.4068467216821166,5.365775310874971,0.0031459755821840367,0.0032053696586027596,0.00275245308614063
4.308686000000004,3.9461651111111125,0.005214000000000003,0.00546988888888891,0.00835288888888888,0.003112888888888869,4.802531011871114,4.364414019219898,5.366381955907291,0.002857094403617863,0.0025122781232334596,0.002692142453363479
3.6625140000000003,3.9461651111111125,0.006008888888888904,0.0054041111111111165,0.009178111111111085,0.003808999999999976,5.571202204635386,5.5590462747314815,5.467216630864896,0.0022656076879593048,0.0027545958168456713,0.0032957377049180328
3.810201888888887,3.9521167777777784,0.005629777777777771,0.006294999999999989,0.0076284444444444256,0.003360111111111107,4.934980325099999,5.7742830054,5.1847288024000004,0.0031133851000000033,0.003376268000000001,0.00267122870000001
4.493467666666668,4.179806222222226,0.005629777777777771,0.0063431111111111145,0.008663333333333295,0.004519000000000014,6.437476376459167,6.57787253880196,5.081853265360046,0.0030516092238873646,0.0033092759938742355,0.0032156966857576023
3.730448333333338,3.9193126666666624,0.005737999999999997,0.005285888888888899,0.007943555555555568,0.004328333333333342,6.9608212777777805,6.2661373000000005,5.919446444444443,0.0036455666666666757,0.003891100000000006,0.0034607666666666777
4.5927255555555595,3.9193126666666624,0.004800111111111092,0.006042999999999996,0.007763999999999981,0.003852111111111118,8.062664529392155,6.818945138348702,6.886614712745861,0.002965507278586516,0.003737748638737643,0.003461151239026569
3.843360444444443,4.009789,0.005904444444444441,0.006265666666666651,0.008684333333333369,0.004631888888888893,6.552040415601734,6.818945138348702,6.909118690965662,0.003409734414934989,0.0032606511834648334,0.0035162573619290974
4.18754677777778,4.111420555555558,0.0048700000000000045,0.0055848888888888745,0.006954777777777742,0.00431322222222224,6.782634859428824,7.158733314812756,5.9968340593399265,0.0040377264140460025,0.0034269363262584766,0.003964951661295701
3.635440578098943,3.548086381322962,0.005935297387437465,0.006611228460255682,0.0074493607559755716,0.003482379099499737,7.626866685187242,6.151940815646181,6.6547762306923,0.003353650405600614,0.0030469941104567214,0.003964951661295701
3.6421821111111083,3.6198992222222226,0.0055803333333333234,0.006510555555555551,0.006164444444444466,0.00443344444444444,7.80019532274192,7.477086001555383,6.653297555827133,0.0038388512387512504,0.0036220975447172595,0.004147794689478947
4.295930888888885,4.212910777777779,0.004785444444444423,0.005824333333333333,0.007289777777777791,0.0043095555555555795,7.045629044444447,7.553738122222226,6.852092188888888,0.004541288888888881,0.0037655777777777914,0.00409435555555555
4.184397222222224,4.03752533333333,0.005254888888888884,0.005845555555555561,0.008277555555555576,0.0043095555555555795,8.530782120235582,6.322876586287364,6.83260655628403,0.0038613179242137953,0.0033206578508723278,0.004094810534503827
3.501131444444443,3.8763853333333285,0.006011555555555548,0.005438555555555539,0.00861588888888893,0.004130111111111094,7.005264300000001,6.589575300000002,7.792006766666666,0.004741999999999998,0.004269099999999998,0.004122044444444445
4.291906111111107,3.4376856666666655,0.005795222222222223,0.006128444444444443,0.007547777777777734,0.003571888888888881,7.512824513834868,6.590307556395156,6.714322980331148,0.00400386709634403,0.004025058339815527,0.004295988443160347
3.4296288888888857,4.089099444444445,0.005795222222222223,0.005371333333333346,0.007571444444444452,0.004166111111111118,7.277755077777779,6.578633011111113,7.1754044555555545,0.004484722222222209,0.004114344444444445,0.004711088888888891
3.962966444444438,3.3979283333333306,0.005551666666666671,0.004325666666666672,0.007903444444444475,0.004202000000000015,7.274521956908042,8.092242281208353,6.870826466015103,0.004011939138160824,0.0045346290537538825,0.0038641492669924528
3.7307717777777802,3.641573333333327,0.006497,0.004325666666666672,0.008915666666666667,0.003914555555555557,7.374199688888892,6.739514166666666,8.070713500000002,0.003385800000000005,0.0037929111111111072,0.003647199999999996
3.7307717777777802,4.285715333333328,0.005435000000000005,0.004331888888888901,0.00743366666666666,0.004326222222222207,7.363915133333336,8.346729744444444,7.5326346444444425,0.0040536111111111085,0.004617622222222224,0.003647199999999996
3.974763222222218,3.752812999999997,0.005841666666666671,0.004860333333333319,0.008638888888888889,0.00402144444444446,5.982418346482942,7.0208503167018534,7.533471696855203,0.0037813979331036774,0.004042226914101567,0.0036126680742304754
4.004194444444447,3.7502342222222187,0.005841666666666671,0.004860333333333319,0.006688333333333359,0.003449222222222215,7.333549211111111,6.776958111111108,7.877320555555558,0.0030789666666666752,0.003790666666666663,0.003501511111111118
3.4240436666666674,3.2730407777777755,0.005581222222222213,0.004991666666666679,0.007292222222222182,0.00387144444444444,6.818806410398845,7.704290512165316,6.846440784357296,0.0036384068436840413,0.00454580602155316,0.003501122097544724
4.130408777777784,3.5804021111111095,0.004824555555555548,0.005354666666666668,0.005918999999999959,0.0035344444444444577,8.15630438888889,6.563095388888888,7.127526588888891,0.002757700000000002,0.00359750000000001,0.003532444444444449
3.9533061111111087,3.5804021111111095,0.005263555555555577,0.004664777777777765,0.007469666666666659,0.0035344444444444577,6.820394556160428,8.019107476947005,7.126734729474505,0.003208121319853346,0.0037458282413065282,0.003499533385179435
3.9533061111111087,3.7898477777777786,0.006176888888888898,0.005472444444444428,0.007745222222222244,0.003561666666666661,7.172409077777777,6.5162801888888895,7.0670339111111105,0.0032565000000000003,0.0031524111111111116,0.003084344444444449
3.996661111111116,4.351200222222228,0.005316111111111102,0.005721777777777777,0.007591333333333259,0.0027459999999999893,7.174800678003779,6.447304268089364,6.291794587084585,0.006676492164054681,0.003476169834389252,0.006695931977325774
4.098483000000001,3.503573777777787,0.00536944444444444,0.0066928888888888845,0.006579111111111067,0.0037635555555555447,5.720311222222223,8.308665122222223,6.250003477777778,0.006674266666666664,0.003475011111111122,0.005978977777777778
4.624749111111114,3.717182777777781,0.006139333333333324,0.00566399999999999,0.007847222222222191,0.0037873333333333405,4.8866810687701365,6.700705021664261,5.322974047328073,0.007098989001222093,0.005751927563604043,0.007246528163537382
3.7740666666666765,4.163507666666672,0.004791777777777778,0.005391888888888888,0.007741000000000023,0.003139111111111105,4.8874762581935345,6.708326319297858,5.322974047328073,0.006522186423730696,0.0063246305966003745,0.006471725363848458
3.5880248888888926,3.5730748888888937,0.005524666666666672,0.006277888888888904,0.00982533333333328,0.008482333333333333,3.4491442239000003,5.561885186662503,3.673521016987497,0.006362284424999998,0.005675208599999996,0.005895068962499995
4.221387222222221,4.408833888888896,0.005322111111111126,0.0052344444444444435,0.00823366666666667,0.01037388888888888,2.5304461982428577,4.707960392571429,3.7140756236999968,0.005880435600000001,0.004992687885714279,0.00596014881428571
4.034382666666665,4.12214288888889,0.006109222222222223,0.005219777777777775,0.009635444444444493,0.009731444444444442,1.2262050625900072,4.759836490528415,2.5190347069901398,0.006943104021269521,0.005047701340423169,0.006141885454746871
3.863574347584683,4.119854081066075,0.0048612992781787686,0.006000000000000002,0.00808028872848419,0.011709494725152701,1.2263409151340567,3.3086039663195206,2.5202048415687996,0.007092787502769769,0.005531763793485491,0.006543385774429425
4.370229222222229,4.087138111111118,0.005017333333333331,0.005877000000000009,0.009027111111111097,0.012042777777777774,0.012878887904297743,3.3088939853788193,1.1561505981391225,0.006563535666814349,0.006532465662383699,0.00727584182543198
3.79353666666667,3.525785666666669,0.005017333333333331,0.005812999999999994,0.009027777777777857,0.013187222222222215,0.013621925548415603,1.8677119100376671,1.1574897739862622,0.0037836361621981,0.0057911588743629495,0.003678495457567025
3.604975777777769,4.223140111111106,0.005154222222222234,0.004841888888888887,0.009027777777777857,0.013087555555555557,0.003916725742133163,0.010521843154629543,0.003682687195391251,0.004447363757199819,0.006728766061143106,0.004283628710677895
3.535839999999995,4.0483336666666725,0.005181444444444461,0.005788777777777791,0.009086666666666687,0.012652111111111112,0.004232483935299932,0.010524174606691283,0.0038675382229114855,0.0033581763793485435,0.00363692665632617,0.0039288499889208964
4.0964138888888835,3.602008777777782,0.005780666666666681,0.00492744444444446,0.009217666666666643,0.014065444444444452,0.003439497008643023,0.003930179481496137,0.0038675382229114855,0.004385065366718372,0.00396345003323732,0.0039288499889208964
3.5992756666666614,4.2519963333333335,0.005047777777777787,0.0052827777777777725,0.007133333333333387,0.009502222222222228,0.00411422866285618,0.004208206217140974,0.0044281554514287004,0.003626688960000008,0.005269065942857141,0.004701985782857143
3.8017573333333354,3.9467984444444384,0.0052238888888888925,0.0052827777777777725,0.00873400000000007,0.007188444444444455,0.0045864765800010514,0.005280648019999992,0.005001179120000697,0.004639439600000004,0.005165638949999998,0.005379677470000004
3.2823967777777754,4.028238000000001,0.005410444444444447,0.005583555555555577,0.007332222222222247,0.007729777777777787,0.004907155555554729,0.005657844444443407,0.00553035555555602,0.00497987777777778,0.00557863333333334,0.00513965555555556
3.5699743190661417,4.030477153974431,0.005413451917732076,0.005807226236798216,0.00888704836020006,0.0057484157865480764,0.004907155555554729,0.005208655555556953,0.004636733333334241,0.0049021777777777855,0.005134200000000001,0.004677444444444436
3.6425764444444444,4.045097777777769,0.00556544444444445,0.005122666666666658,0.008121666666666706,0.006046666666666682,0.004706389598843893,0.004182953661520631,0.005422935881765144,0.004902722524724976,0.004129614401600179,0.004414812756973007
3.6425764444444444,4.560649666666665,0.00556544444444445,0.005626777777777796,0.00702255555555552,0.005853111111111112,0.004533733333332179,0.00506164444444579,0.004869355555556689,0.004690388888888882,0.004889333333333331,0.0051325666666666705
3.9705638888888948,3.863295222222228,0.005707444444444439,0.006619111111111132,0.008767222222222199,0.004935222222222215,0.005078897655294032,0.004105089454383804,0.004869896655185042,0.00451222358039783,0.003947960884542726,0.00452523613734859
4.230361444444447,3.94362666666666,0.00566244444444444,0.005672222222222227,0.007440222222222244,0.006258555555555582,0.003996255555552213,0.00508150000000048,0.004488288888890363,0.00451172222222223,0.004935811111111108,0.004467422222222232
3.669787555555559,3.94362666666666,0.005734222222222209,0.006372999999999987,0.007728333333333362,0.004845222222222242,0.005106188888887352,0.0040724000000006795,0.004488288888890363,0.004490666666666662,0.004035577777777773,0.0056034222222222235
4.406406777777774,4.076788444444446,0.0063257777777777765,0.005685444444444447,0.008758666666666632,0.005015111111111119,0.004081777777779097,0.005174500000001735,0.004578533333333073,0.005224611111111104,0.004191011111111113,0.0051182000000000024
4.072768111111108,3.546227333333339,0.00629022222222221,0.006517777777777771,0.008141444444444387,0.005989999999999989,0.004402733333332126,0.004070988888888868,0.004924744444443895,0.00418903333333333,0.004767311111111116,0.004382566666666665
4.072768111111108,3.7186246666666674,0.00531655555555556,0.006112333333333325,0.008141444444444387,0.005448666666666657,0.004372436395956956,0.00436173758471346,0.004171969781135081,0.004564737251416512,0.004123386290412173,0.005056760359960001
3.9804777777777773,4.2130508888888905,0.006211666666666653,0.005108333333333345,0.008276777777777787,0.006764666666666654,0.004939662259749898,0.004372214198420752,0.004982546383735998,0.004515053882901908,0.004202888567936895,0.0051939228974558415
3.401383888888884,3.9482404444444485,0.005877888888888874,0.005945888888888905,0.006961777777777734,0.006577666666666667,0.004136800000000878,0.0050995555555538715,0.0047894888888882926,0.004515555555555563,0.004728266666666663,0.005218355555555552
4.201962888888892,3.4326885555555515,0.0066366666666666735,0.005779888888888893,0.008589999999999974,0.006679333333333334,0.0044238888888901646,0.004903555555556081,0.004803899999999652,0.00469368888888889,0.004537633333333332,0.004500111111111114
4.151702777777777,3.991856666666662,0.005921444444444449,0.004787555555555558,0.00811733333333336,0.006679333333333334,0.0038792888888900105,0.004903555555556081,0.004803899999999652,0.0042057222222222175,0.005264877777777781,0.005352122222222225
3.434774888888885,3.8714560000000047,0.005169333333333335,0.0058693333333333314,0.009183666666666628,0.00703066666666663,0.00482001111111035,0.00457593333333348,0.004812800000001024,0.00478526666666665,0.004276588888888894,0.005425977777777766
4.140382777777771,4.336859444444448,0.005851777777777789,0.005929111111111126,0.007665555555555494,0.00703066666666663,0.004400099988890699,0.005137606932561908,0.005496955893790563,0.0037760471058771125,0.004820108876791471,0.004289501166537049
3.4037635555555554,3.5537101111111093,0.005260222222222222,0.006284555555555565,0.008360777777777785,0.007330888888888875,0.004400588888889464,0.004617599999999161,0.004327500000001471,0.0038450333333333404,0.0037049444444444478,0.004293300000000003
3.7240193333333313,4.17556688888889,0.005450777777777768,0.005452222222222241,0.007377333333333348,0.006356000000000004,0.004581233333333836,0.004617599999999161,0.004095233333334787,0.0047298333333333316,0.004126122222222218,0.004293300000000003
4.253982999999999,3.8389948888888945,0.005450777777777768,0.005581888888888899,0.008775333333333357,0.0077247777777778035,0.004741660184463743,0.0047217135237250666,0.0047442160240029115,0.0038066118457606335,0.004727291921324596,0.004640882320257799
3.6156690000000005,3.9065218888888973,0.005632111111111135,0.005581888888888899,0.007090111111111143,0.007298555555555562,0.0041743082564717135,0.004943793754862552,0.003933459273251623,0.003984664962773626,0.0039643182575841785,0.004494654961662415
4.425339888888895,3.903177555555557,0.005509777777777774,0.006071555555555546,0.008676777777777842,0.0069221111111110985,0.0050430222222214785,0.0042163888888898295,0.004133988888888496,0.004715999999999998,0.004464588888888894,0.004525811111111118
3.622748250971679,3.9010103275957806,0.005369683509161552,0.005856746252082177,0.00785163797890062,0.005866296501943368,0.004185744444444121,0.004307033333334845,0.004315488888888158,0.0036494,0.004319044444444453,0.005358177777777775
3.6835886926580073,3.9425213817616314,0.0048087304231922475,0.005858047317560814,0.007520159946684437,0.007409863378873729,0.005090645483835407,0.004306554827242929,0.004843639595599504,0.004488523497389173,0.0035914009554493995,0.004505666037106986
4.17048122222223,3.755228777777777,0.005572222222222214,0.005499999999999987,0.006456333333333398,0.00573766666666669,0.004060411841646907,0.0035784047894808044,0.004038769732610221,0.00382463133584865,0.003513848041338587,0.003500369279308839
3.4648733333333444,3.289825333333334,0.004218777777777769,0.005625777777777779,0.007688777777777804,0.0068846666666666995,0.0034240434371418864,0.0030633950042883687,0.0034078357542844115,0.0038688750585714354,0.003016091441428578,0.003540861905714289
4.172379444444447,4.1490091111111145,0.005076444444444415,0.004716555555555551,0.006957777777777767,0.005634555555555575,0.004376577469441183,0.0034037330690449936,0.0034128840436062277,0.0030792533861909365,0.004070895275850678,0.0038042506331901708
3.8362045555555575,4.129795777777772,0.005027000000000017,0.006087444444444436,0.007680555555555617,0.006984888888888868,0.0040054509415258545,0.004299030943728016,0.003805572073558798,0.003176819733509523,0.00381452483206696,0.0038042506331901708
4.014545555555565,3.6524347777777724,0.005027000000000017,0.005135555555555548,0.006282555555555606,0.005616111111111069,0.0033558969276520903,0.0033003964321096707,0.0031629005616119715,0.0041951987666556615,0.0038919392137429696,0.0038007928642220115
4.014545555555565,3.895088111111111,0.005099111111111092,0.006142333333333324,0.007375777777777772,0.006325333333333343,0.004394944933923401,0.003431156387665661,0.004453248898679302,0.003550627753303981,0.0038923678414096814,0.004477632158590309
3.8570637777777774,3.320528444444449,0.005001777777777772,0.005546111111111104,0.006998666666666647,0.006208888888888906,0.0035330360092523,0.004314447748045703,0.0036668758947274167,0.0035161105605109487,0.0036495209778658676,0.003953276070917299
3.859207782101167,4.174672484713735,0.004382545858810443,0.004719399666481356,0.0061946637020567135,0.007438799332962742,0.004608347098337885,0.003547549829312858,0.00391810373307055,0.004531604448849243,0.004107818522189183,0.004275938773262858
3.8069772146270915,4.0302395242858795,0.005363121040346803,0.005354562631988425,0.006785817494720376,0.0058938535067244325,0.004427070484581651,0.004366795154185074,0.00400009911894427,0.003699878854625555,0.004781156387665191,0.0042764096916299565
3.8208881111111044,3.5746275555555562,0.00546833333333336,0.005916777777777796,0.007842222222222183,0.007581888888888876,0.003711878596840033,0.0036852677478432685,0.0042672405536521634,0.0048185844484926466,0.003979855133182289,0.004481372709876925
4.454861666666665,4.422830888888888,0.00546833333333336,0.0050304444444444485,0.006609777777777777,0.007913444444444443,0.004436187970057468,0.0046478808472926285,0.004976984866625945,0.005303932754797468,0.004641285622577825,0.005159887051350165
3.7473555555555627,3.563647111111108,0.005549333333333382,0.005840999999999985,0.0065611111111111165,0.007913444444444443,0.004878566666666492,0.004478977777777024,0.00534663333333422,0.005783100000000001,0.004880122222222225,0.0049723777777777745
3.938936777777776,3.765256444444453,0.004605555555555579,0.005463333333333327,0.0069943333333333,0.007346777777777814,0.005039177777777897,0.004467977777779532,0.004205966666667393,0.004799855555555557,0.0041413222222222235,0.005919966666666678
3.2306321111111,3.765256444444453,0.005646777777777778,0.005463333333333327,0.00807222222222216,0.007346777777777814,0.005039177777777897,0.0052334111111112715,0.005012944444444322,0.004513255555555555,0.004478855555555569,0.004901633333333341
4.090097888888889,3.8131312222222205,0.004498222222222243,0.005577333333333323,0.006978999999999995,0.007711333333333305,0.004467603599596122,0.00436877013665064,0.004321319853350016,0.004512754138429063,0.0050552383068547995,0.0045839128985668155
3.437908777777782,4.452418111111102,0.0049164444444444524,0.0057063333333333445,0.007102333333333297,0.00853055555555556,0.005383388888886663,0.004189922222221773,0.004321800000000388,0.00469098888888889,0.004274777777777779,0.005102577777777773
4.269388666666663,3.6005933333333235,0.0049164444444444524,0.0057063333333333445,0.007955111111111062,0.0073047777777778145,0.004298399999999308,0.004993522222223293,0.004004799999998612,0.004404933333333333,0.004273888888888889,0.004473922222222232
3.5036312222222254,3.7156886666666655,0.0052252222222222144,0.006166777777777781,0.006424111111111112,0.00873755555555558,0.004431659073229839,0.0041678519835536415,0.003962206911877724,0.004405422824758306,0.004907889765529501,0.004474419379931113
3.769084888888895,4.511960666666672,0.005223888888888843,0.004880999999999988,0.007055111111111087,0.00794211111111112,0.004430674369513979,0.004759548939004331,0.004477258082435248,0.0043435173869570045,0.005428707921342073,0.0045453060771025395
3.891963444444438,3.66375733333334,0.005223888888888843,0.005917222222222204,0.007055111111111087,0.006463555555555544,0.004560437729142248,0.0037659482279746226,0.003716875902677077,0.004414942784135106,0.004720031107654699,0.0038111765359404547
3.891963444444438,4.126358555555561,0.004920111111111089,0.005106666666666667,0.0077358888888888885,0.007994555555555543,0.00395735555555553,0.004637611111110434,0.0039052333333329005,0.0037435222222222246,0.0051156,0.004478988888888898
3.9288988888888907,4.113983777777776,0.006462777777777756,0.005320666666666653,0.006579888888888855,0.007210888888888879,0.004012122222219559,0.0045078222222206445,0.004596255555556342,0.004593866666666675,0.0051156,0.004498922222222213
4.427753888888889,4.113983777777776,0.005421555555555556,0.006367666666666648,0.00689733333333336,0.008443000000000004,0.004477522222221827,0.003742388888888905,0.0042560333333341305,0.004361333333333328,0.004911466666666662,0.004498922222222213
4.096640111111103,4.000393777777769,0.006219777777777788,0.005246888888888876,0.00689733333333336,0.006479444444444483,0.004591333333335021,0.004372722222223205,0.003645711111110315,0.004361333333333328,0.004334522222222225,0.004393800000000003
4.096640111111103,3.811552888888893,0.0058011111111111215,0.005568333333333349,0.007199999999999997,0.006396111111111096,0.0036764529392154573,0.004380742304698748,0.004129425491719851,0.004192254694966111,0.005126736304033773,0.00448820980108901
3.9109343333333304,4.397586444444452,0.0058011111111111215,0.006548111111111101,0.00734055555555556,0.007668222222222188,0.004464388888890546,0.0040600666666653264,0.0041258999999990295,0.0034532111111111106,0.004819777777777769,0.003958433333333328
3.9109343333333304,3.826122111111115,0.005910555555555567,0.005451666666666658,0.009304666666666666,0.006235444444444424,0.004232874125098923,0.0040596155982655195,0.0035575602710802246,0.0041767914676147065,0.0035070658815687106,0.004654016220419944
3.893866444444446,3.6009607777777752,0.0056654444444444885,0.006563111111111125,0.007614999999999977,0.00640655555555557,0.004233814868320413,0.004064018224246435,0.003979008778752353,0.004080786754083787,0.0038861429047671978,0.0036727303033670397
3.606792444444447,3.6009607777777752,0.0056654444444444885,0.006165555555555585,0.009019444444444445,0.007540444444444462,0.004269466666667338,0.004562722222223512,0.003978566666665826,0.004022099999999995,0.004577933333333343,0.004582088888888899
4.30984011111112,3.9887605555555488,0.006400888888888901,0.006165555555555585,0.008472000000000061,0.0071694444444444635,0.004875522222223576,0.004437677777777557,0.004091177777778418,0.004596844444444448,0.0042780888888888785,0.004732155555555548
4.113243333333331,3.196882555555552,0.005901444444444466,0.006280888888888904,0.009311555555555628,0.007670555555555551,0.004004677777782067,0.0036751111111096675,0.003400155555554976,0.0037464999999999985,0.0042780888888888785,0.0037646333333333304
4.061334444444444,4.043186111111103,0.005901444444444466,0.005884666666666712,0.007916222222222264,0.006438444444444426,0.004086531836871015,0.00447103011445799,0.003940104456050779,0.003961706856317368,0.004404811645738414,0.004757617513057009
3.5329824444444413,4.088238333333342,0.006428222222222206,0.006754000000000026,0.008804777777777772,0.007327333333333316,0.004263755555555804,0.003840199999999862,0.00470657777777777,0.004630711111111108,0.004404322222222221,0.004027844444444448
4.195467666666673,3.6377923333333357,0.005760444444444445,0.005572555555555544,0.007169222222222259,0.007575000000000011,0.00426328185757163,0.004168359071215973,0.004222853016332165,0.00392474169536718,0.004447505832685259,0.0043545272747472505
4.127298666666674,3.610433666666659,0.007036444444444475,0.005146666666666682,0.007696000000000049,0.006880000000000022,0.003431664373748598,0.003639020998749713,0.0035160223150013954,0.003875769602499998,0.003820156336249999,0.0043001924087499995
4.127298666666674,4.315147666666665,0.006172333333333323,0.006189222222222254,0.006653111111111147,0.006880000000000022,0.002851337059998302,0.0036850425699997097,0.0035604883600014133,0.003200813220000001,0.00386846867,0.003658545220000004
4.099357555555546,4.194886222222219,0.005549888888888867,0.005077777777777786,0.00769422222222222,0.0073579999999999765,0.0038091606448011307,0.0037945858810469503,0.00332699277376395,0.003232306837131743,0.004065403001667589,0.004305847693162868
3.629579444444441,4.194886222222219,0.006290333333333336,0.0052994444444444,0.006289777777777753,0.007000555555555553,0.0037941300722613364,0.003295152862701432,0.00418432462479168,0.0026646803779877813,0.003372795997776531,0.004084969427459697
3.6266835555555494,4.019132222222223,0.0057414444444444535,0.006261444444444406,0.006675666666666599,0.005840555555555553,0.003188092061372536,0.0038342895263528756,0.003893584611962428,0.003306370913942622,0.0034086724482988787,0.0032674227262619615
3.945015333333345,4.019132222222223,0.004698222222222221,0.0049388888888888755,0.006681666666666648,0.007163999999999998,0.004168638132293429,0.0045262034463605565,0.0038931517509716595,0.004139911061700942,0.004360989438576991,0.004492551417454147
3.498069222222234,3.9185905555555616,0.00556777777777774,0.005274666666666663,0.007738777777777687,0.007592777777777757,0.0036215341856581785,0.0037303390772643425,0.0038209783212895124,0.00341633129516398,0.004139188438021116,0.0034995441912173426
4.191843444444456,3.134646999999998,0.00483933333333332,0.005113777777777786,0.006850222222222178,0.007603888888888892,0.003872214809872852,0.004843251056259918,0.003932677340449876,0.0036125639315099014,0.00476567711807872,0.0045171558816989085
3.972318888888885,3.9368447777777775,0.0056067777777777635,0.005113777777777786,0.008144333333333285,0.006050555555555547,0.004780909495218303,0.004398321102955755,0.004491016233044979,0.0036125639315099014,0.003929797642873036,0.00422901934623082
3.394713777777775,4.156209111111114,0.004330777777777733,0.005316999999999992,0.007690777777777788,0.007209555555555556,0.0040440480042847685,0.004556761727142807,0.00400682941285728,0.003878186631428566,0.0037608763585714367,0.004410109191428571
4.203914222222226,3.4514951111111083,0.004527666666666658,0.004930666666666639,0.006769555555555585,0.007209555555555556,0.004922517875001766,0.004471692761249951,0.004555665125000079,0.00448996618124999,0.004334538285000006,0.004957945698749994
3.48262500000001,3.476207888888894,0.005182111111111097,0.004930666666666639,0.007504777777777842,0.007541666666666657,0.004741111111112812,0.004973655555555783,0.00539467777777563,0.004324499999999991,0.004174800000000006,0.004775233333333328
4.047672555555564,4.5663984444444425,0.00839166666666665,0.005113333333333378,0.00977344444444454,0.010590000000000002,0.00456280284507733,0.0057703378528568515,0.004538830851298759,0.005147843965325626,0.004855723494109813,0.0049014669926650215
3.3482271111111133,3.8917514444444428,0.00825766666666667,0.0056223333333333715,0.008308333333333412,0.010590000000000002,0.005289622222221624,0.004484444444445204,0.00485921111111133,0.004482211111111116,0.005115488888888882,0.004900377777777762
2.512718333333333,4.192550444444452,0.0090873333333333,0.0056223333333333715,0.00891877777777772,0.010461444444444438,0.004309745527280786,0.004750994554951052,0.0048597510834539346,0.003649172130236693,0.004163784864985,0.004565429492165793
2.512718333333333,3.4476412222222232,0.00821777777777778,0.007207444444444446,0.007861666666666682,0.011221000000000024,0.004967111111111441,0.004750466666667169,0.004605688888889385,0.004318444444444436,0.004349344444444451,0.005280744444444443
1.8202823333333276,3.4476412222222232,0.009065000000000002,0.007186222222222218,0.030446333333333405,0.013246333333333324,0.003948677777778187,0.004411911111109785,0.004214499999999393,0.004160188888888886,0.0037237333333333326,0.004862699999999998
1.3784663333333356,2.6468657777777733,0.008297555555555558,0.00836344444444443,0.03011677777777787,0.01454399999999999,0.003999155555556103,0.004351044444446315,0.004432955555553835,0.004160188888888886,0.004557888888888885,0.00421141111111111
1.3784663333333356,1.8697573333333317,0.00954844444444447,0.008288666666666661,0.030712,0.01415788888888889,0.0044515999999998395,0.004283477777776392,0.004432955555553835,0.0038478333333333346,0.004331144444444442,0.0045338000000000106
0.5706313333333305,1.8707905555555602,0.010017555555555576,0.007632444444444443,0.030712,0.016176999999999987,0.004222399999997764,0.004283477777776392,0.00456642222222096,0.004022477777777785,0.0037109999999999986,0.003926855555555572
0.5706313333333305,1.3952285555555541,0.009363111111111138,0.009249888888888879,0.030750222222222238,0.014301222222222226,0.004222399999997764,0.00432737777777782,0.004129788888889942,0.004022477777777785,0.004510988888888888,0.004994911111111128
0.006885444444441823,0.3299319999999979,0.006930777777777793,0.01130966666666665,0.031817333333333295,0.014534555555555558,0.004250961004333578,0.004087879124542274,0.00460529941117688,0.003957993556271519,0.0038307188090212136,0.004180291078769043
0.00715011111110976,0.3299319999999979,0.00624333333333333,0.011039666666666658,0.031817333333333295,0.014534555555555558,0.004383577777777722,0.00471714444444397,0.0042056444444453535,0.004054555555555563,0.0037745222222222295,0.006018944444444446
0.006120999999994739,0.030437555555547786,0.0070024444444444596,0.011039666666666658,0.032200111111111186,0.015118555555555574,0.004383577777777722,0.004441488888888993,0.0042056444444453535,0.004054555555555563,0.0042186888888888965,0.00823814444444445
0.0072859999999966224,0.030439666666666202,0.0070024444444444596,0.009669666666666663,0.032200111111111186,0.016710777777777765,0.004388877777776499,0.004441488888888993,0.04618541111110927,0.004277866666666675,0.004088388888888887,0.008258044444444442
0.0068271111111168166,0.03168244444443897,0.007118555555555566,0.009859000000000014,0.01160977777777777,0.013785444444444444,0.004997111111113068,0.004492344444445154,0.04569848888888749,0.00403462222222223,0.004562366666666668,0.007659544444444443
0.005682444444447457,0.030260111111109232,0.007118555555555566,0.009459333333333339,0.010645222222222195,0.014904444444444437,0.004571422222224126,0.003949400000000164,0.045741533333336,0.00403462222222223,0.003728211111111116,0.008392944444444442
0.007077888888893035,0.03015066666667584,0.007201222222222242,0.00877700000000001,0.01231877777777779,0.013554444444444426,0.004658688888889787,0.043702555555557396,0.045741533333336,0.004306855555555554,0.00779294444444445,0.008181455555555554
0.006525666666662902,0.030388777777779475,0.00707122222222223,0.010548333333333333,0.01231877777777779,0.014947111111111147,0.004606011111113004,0.043702555555557396,0.04598553333333418,0.0034732444444444417,0.00779294444444445,0.008181455555555554
0.006525666666662902,0.030388777777779475,0.00707122222222223,0.009951000000000043,0.012195888888888895,0.017175222222222244,0.004606011111113004,0.04385802222222108,0.0461626222222225,0.00429184444444445,0.007833277777777781,0.008136088888888884
0.0065856666666629995,0.0068955555555653015,0.006578888888888863,0.008171111111111105,0.010222888888888844,0.013117111111111098,0.004558877777775984,0.04396255555555387,0.04626385555555857,0.004099422222222231,0.007833277777777781,0.008797977777777763
0.005614666666663956,0.007887777777783515,0.00777533333333332,0.006970111111111097,0.01166966666666664,0.01575366666666664,0.04295507777777788,0.04393587777777776,0.04637320000000027,0.006736566666666655,0.00790857777777777,0.006959788888888891
0.007207333333339092,0.006583222222224726,0.00618655555555556,0.007946777777777747,0.010816666666666624,0.013473666666666656,0.04295985109456616,0.04325836204022685,0.046378353150350306,0.006737315257250794,0.008015579508834308,0.004595955106122891
0.006042333333337209,0.007115555555553025,0.007654666666666662,0.007952111111111087,0.01275355555555555,0.013456888888888902,0.04306042222222415,0.04398246666666476,0.004401722222224989,0.007733011111111112,0.007978488888888885,0.004442333333333326
0.0064026666666576505,0.005872777777780256,0.006750222222222214,0.007075555555555527,0.010759222222222241,0.016971444444444452,0.04188916673374871,0.04258602268374835,0.00434334438125273,0.007172934763749994,0.007404982532499994,0.004383416887499993
0.007488888888878541,0.007190555555565779,0.007727666666666652,0.007705333333333355,0.012158888888888856,0.014554777777777793,0.04188278142571322,0.043120801638569746,0.0035791338757140637,0.007263009729999993,0.007497971465714278,0.0037057012628571354
0.0060934444444329635,0.0073445555555559225,0.006394111111111064,0.00889233333333333,0.010815777777777709,0.018504000000000027,0.041592182264910196,0.0028727384409179386,0.0036006589233859732,0.007272012508376154,0.003621219566674112,0.0036791936564663686
0.04037711111110791,0.006073222222223902,0.008011111111111092,0.0071210000000000075,0.010815777777777709,0.015092222222222212,0.04195713647531694,0.0037414451641724312,0.003577038195219911,0.007272012508376154,0.003621219566674112,0.0036791936564663686
0.04037711111110791,0.0071833333333238955,0.01087388888888885,0.007001111111111088,0.01063377777777773,0.015911555555555543,0.0426611055276369,0.003781864879957275,0.0036291010608610745,0.00743869346733668,0.005051736460078169,0.003716236739251802
0.040357111111107874,0.006638666666668138,0.009848555555555541,0.005678222222222227,0.013212444444444534,0.015911555555555543,0.04294562206835023,0.034793801652894314,0.0030492852356480576,0.006870884520884522,0.007466126870672322,0.004022202367656912
0.04119388888889514,0.00651800000000296,0.01028722222222224,0.007043111111111136,0.011765666666666737,0.019029222222222242,0.003487770828680939,0.03418857493857605,0.003686486486487002,0.005620716997989719,0.006644226044226047,0.004022202367656912
0.040431777777775506,0.00651800000000296,0.01028722222222224,0.00827066666666671,0.012270777777777792,0.019029222222222242,0.03461562081286297,0.03510125055828438,0.03561074140241093,0.00785074810183118,0.0069912349263063925,0.006510495757034396
0.040431777777775506,0.0361244444444411,0.009990666666666679,0.009597000000000005,0.012184888888888839,0.023745000000000006,0.03384713567839108,0.03501303182579743,0.03492235622557054,0.005952696817420434,0.006252082635399226,0.007051691792294814
0.04002888888889326,0.036773111111112186,0.010347555555555568,0.009597000000000005,0.013346777777777695,0.022081888888888884,0.03654085139285586,0.03706510810714475,0.037866884678571494,0.006422487571428574,0.006944167214285712,0.006774506071428578
0.03984133333334386,0.035455333333326663,0.010192222222222233,0.009074555555555561,0.011947111111111082,0.023262999999999985,0.035837081218748734,0.03717298265625112,0.03713757534375006,0.006298791625000002,0.0074459699999999945,0.007394632875000011
0.03984133333334386,0.03568333333333208,0.010192222222222233,0.008983444444444445,0.013487333333333358,0.019313777777777753,0.03538075769358792,0.036436173758473585,0.10201274302854947,0.0067854793911787566,0.007135207199200084,0.007086012665259427
0.005893999999999425,0.03658033333332848,0.011520444444444432,0.009749111111111111,0.014362333333333392,0.0267782222222222,0.034384666666665474,0.06999757777777897,0.31931076666666613,0.007291411111111109,0.009205955555555553,0.010565300000000007
0.005893999999999425,0.03605244444444604,0.009242333333333352,0.008848888888888882,0.013748444444444454,0.026035333333333337,0.03470904544949429,0.06909849983331534,0.31854660517835176,0.00868786531836871,0.00942954772752528,0.010592510278919881
0.18766885136637457,0.037573317040651026,0.009854032437236189,0.011730837591646306,0.009804821150855313,0.02602954898911353,0.173603533333334,0.20808895555555376,0.7285381888888883,0.01097379999999999,0.007686011111111109,0.009625455555555558
0.48662699999999864,0.03671011111110703,0.008221111111111087,0.012587777777777741,0.011442555555555463,0.024957444444444428,0.1734686133007667,0.45806574886199447,0.7267483734872869,0.008926146330631733,0.007680037748417893,0.017925469079604763
0.48579644444444314,0.21650422222222057,0.015365666666666637,0.010383555555555517,0.009951666666666607,0.02526422222222221,0.4654689521057913,0.4575570507834203,0.7632602400266699,0.008576097344149351,0.007782553617068558,0.014719813312590294
0.5666151027207055,0.4150817323709137,0.01418622987229315,0.008943142698500828,0.010608328706274272,0.017774791782343133,0.7114575666666692,0.7389545666666667,0.764172033333332,0.009649177777777783,0.015802477777777768,0.015480966666666674
0.567017222222224,0.41466366666667104,0.017626555555555555,0.00953788888888892,0.019131000000000085,0.036920333333333326,0.71071128763471,0.7395258749027876,0.763243406288187,0.01524876124875014,0.015568270192200863,0.016464248416842586
0.566935999999992,0.5420271111111106,0.01680444444444445,0.019020111111111092,0.019131000000000085,0.04814933333333333,0.7115354777777796,0.7388205111111109,0.7641514999999987,0.015877900000000004,0.01496091111111111,0.016221022222222218
0.567572333333323,0.5420331111111081,0.01808011111111115,0.018743555555555565,0.017080777777777775,0.04814933333333333,0.7112161240137813,0.7388890543393719,0.6984031003444847,0.01512992554728304,0.015809223247027437,0.016222824758306473
0.5664227777777772,0.5411361111111117,0.014063555555555595,0.0179778888888889,0.08918688888888888,0.05583644444444448,0.7110580935451637,0.7051488056882556,0.48070839906677076,0.017582101988667918,0.013735984890567704,0.013345350516609263
0.5674108888888946,0.5415915555555557,0.014731888888888892,0.019375777777777783,0.08829111111111113,0.07825488888888889,0.7112905444444452,0.7052271555555543,0.48076181111111144,0.0152033111111111,0.012144255555555558,0.02204673333333334
0.38433807512780177,0.5393260724605439,0.021724716603689728,0.016494887752833955,0.17075127806179158,0.0839032007112692,0.9541812243084083,0.5360223419620043,0.09036845906010516,0.02595641595378292,0.02339422286412621,0.02419337851349851
0.23699633333333422,0.5400545555555584,0.02171988888888891,0.015413666666666685,0.16907777777777788,0.07920822222222225,0.9549238603513436,0.28593945963975986,0.4723787080275723,0.02669700911718925,0.023412430509228376,0.01700106737825217
0.2543766666666695,0.36115199999999786,0.015539888888888884,0.020678555555555585,0.17058488888888887,0.08698022222222222,0.6332734888888878,0.6854320333333357,0.405252877777779,0.02481677777777778,0.022965711111111124,0.016989733333333337
0.1733395219566493,0.39213796553641095,0.016217676486937206,0.0195915508615898,0.1681647581989994,0.08702857142857143,0.3872331555555538,0.4044149000000014,0.4051285555555566,0.024270166666666655,0.014944922222222238,0.01582147777777777
0.3475266666666686,0.39192011111111297,0.012634888888888876,0.022482999999999958,0.16001488888888896,0.067014,0.38873311479053063,0.4038062895877343,0.4051735748416501,0.01788064229358816,0.014939026558506511,0.014838015335037215
0.3492616666666714,0.27321388888889137,0.012634888888888876,0.013046777777777754,0.16089966666666655,0.05513522222222224,0.38878207976891416,0.4051854127319213,0.40522418620153583,0.017980435507165868,0.015341662037551385,0.01508041328741251
0.3486253333333404,0.2737392222222247,0.0123012222222222,0.012227444444444421,0.1594174444444444,0.05513522222222224,0.3881841777777777,0.4053092222222219,0.40610726666666846,0.018549611111111097,0.01449681111111112,0.015082088888888888
0.3523074444444521,0.2737392222222247,0.0123012222222222,0.013186666666666656,0.08845544444444453,0.04035177777777774,0.7079633111111119,0.4044674000000007,0.4054296444444469,0.015588622222222225,0.015154355555555565,0.01518155555555556
0.36871133333333245,0.2746370000000095,0.011951777777777759,0.011788777777777773,0.09006588888888889,0.016401333333333344,0.7604800444444431,0.7572275444444433,0.7802787000000022,0.021161900000000004,0.01978084444444443,0.01055983333333333
0.36854753442914173,0.2745149933363045,0.004845290981785858,0.012980119946690362,0.008416925810750668,0.010766881386050626,0.3775886777777776,0.7558607666666661,0.761637455555555,0.008921211111111112,0.008716599999999998,0.0090904
0.22964677777777828,0.3523857777777772,0.005554222222222214,0.01184422222222222,0.008420666666666559,0.01158511111111106,0.378373674852763,0.7567099233248139,0.3799943882653646,0.008677441937993113,0.008717568618735412,0.007983664851650177
0.21680944444444272,0.4139352222222215,0.00458966666666669,0.012995222222222196,0.00788100000000015,0.02398288888888894,0.3771446777777783,0.35768587777777505,0.37975674444444335,0.009169255555555552,0.008912644444444435,0.008813944444444433
0.21680944444444272,0.15336544444443867,0.0048295555555555566,0.014287111111111115,0.01402422222222239,0.02398288888888894,0.3702347003202749,0.3500835414764324,0.371942613107733,0.0084834992057601,0.008749348564039246,0.007950644290458183
0.0441965555555473,0.15455577777777307,0.004688666666666712,0.010795000000000037,0.012402,0.023643000000000008,0.37313860028571466,0.35419751828571205,0.37631346492857226,0.008583192321428576,0.008132846892857133,0.008044075607142856
0.0754638888888874,0.14589855555555512,0.004688666666666712,0.011196000000000034,0.012753777777777803,0.02311166666666667,0.3768170241286864,0.357052692135833,0.37994690571938966,0.00795302725647899,0.008558031724754245,0.007418576854334228
0.0754638888888874,0.14520055555554892,0.007315333333333316,0.011196000000000034,0.10929177777777789,0.026433111111111157,0.3775977102647159,0.3569284932424871,0.3794702446107441,0.008237205406009154,0.008557075840500389,0.00828878588182731
0.07302622222222353,0.14641777777776752,0.008278555555555567,0.011005111111111108,0.1072726666666666,0.03417166666666664,0.05821968495140344,0.35772718132052056,0.3802425092168454,0.008239045916657355,0.008663568316389238,0.0075830074851971725
0.05563422222222572,0.15837488888888,0.0073750000000000334,0.011005111111111108,0.10722766666666673,0.03339911111111106,0.005036193029490928,0.0030356009830201317,0.003341063449506762,0.01064390080428955,0.020521961572832887,0.008625670241286859
0.05747754557581089,0.15844530902622497,0.02302990217874613,0.02640406847487774,0.10649799911071597,0.05793730546909733,0.0050367556697578815,0.054316612668976964,0.004327203664394843,0.019693609652552794,0.01967229359848062,0.007943011953971615
0.16846688888889125,0.30619799999999486,0.0229212222222222,0.02702633333333335,0.10817555555555558,0.0570981111111111,0.004976787310097314,0.05354136505808842,0.004956076854336476,0.019213684092940123,0.022743911974977663,0.021128507596067908
0.45299655555555146,0.46043322222222594,0.0229212222222222,0.021457333333333366,0.10809022222222216,0.04030833333333334,0.004384193476317296,0.4686771112600542,0.042975457998212785,0.02376131590705987,0.021982171581769436,0.02434067247542449
0.45299655555555146,0.46043322222222594,0.02500744444444446,0.024395222222222224,0.10194699999999991,0.04030833333333334,0.2593944541205907,0.5669827791796798,0.04574341432867972,0.026622740073581952,0.026017649424917858,0.026686887529851207
0.4873161111111131,0.4602622222222282,0.024277333333333338,0.024395222222222224,0.10423599999999983,0.043100111111111145,0.2542395939787806,0.5566400999315549,0.34340605299912497,0.026093675170724476,0.025500609288270422,0.02796395953330105
0.4534963333333306,0.4602622222222282,0.02602688888888885,0.024400555555555564,0.10423722222222233,0.04422011111111108,0.45447988888888824,0.5307151555555565,0.5307425777777771,0.02802121111111112,0.026361233333333345,0.029968711111111122
0.45468644444444334,0.46056400000000197,0.023711777777777776,0.024400555555555564,0.007699222222222228,0.04089866666666659,0.45366141111111036,0.530636355555557,0.5297299666666647,0.02717045555555557,0.027259822222222223,0.029102222222222245
0.4544345555555462,0.4593467777777834,0.02335977777777777,0.024987555555555555,0.00977311111111116,0.0355758888888889,0.4526596444444411,0.5309352666666709,0.5298671888888894,0.028009788888888904,0.02649826666666666,0.03007463333333335
0.4544345555555462,0.44702266666667534,0.02335977777777777,0.02588677777777779,0.008207666666666688,0.03623000000000006,0.45245595158783075,0.5305815456362467,0.5301397068620926,0.02050104374861203,0.00995336442371753,0.02385661781034866
0.45385199999999615,0.44702266666667534,0.008014555555555525,0.00930244444444443,0.009815999999999924,0.011717555555555611,0.4527072880791027,0.4805160982113103,0.5284515942673044,0.010712065326074872,0.009958893456282644,0.02774600599933341
0.3294047777777678,0.22182477777778334,0.00822244444444446,0.010329888888888899,0.008091111111111124,0.016625777777777826,0.45274541111111216,0.7893781666666655,0.8688799111111097,0.011605355555555568,0.010023200000000001,0.014633033333333339
0.04157211111110984,0.005148555555554898,0.008980222222222218,0.009483000000000007,0.04158911111111113,0.014784333333333264,0.45332687479169115,0.3756715031663144,0.8309973114098447,0.01123210754360627,0.015196033774025113,0.013854449505610475
0.04157211111110984,0.006804444444444218,0.00804255555555554,0.007815777777777743,0.042702000000000045,0.014784333333333264,0.5621456666666644,0.31313868888888885,0.831089644444446,0.00998955555555555,0.01274498888888889,0.014086355555555553
0.013995444444453319,0.567181333333325,0.011205222222222214,0.010930555555555542,0.04238477777777779,0.020204777777777752,0.5627569777777746,0.3122569777777776,0.5474290111111108,0.012587755555555554,0.013388922222222214,0.01283955555555555
0.6157145555555543,0.5913121111111018,0.009455666666666702,0.009593333333333318,0.0411469999999999,0.022101666666666714,0.3507147016335141,0.3130143238137581,0.3446560728969901,0.009911523502611402,0.011341893543727073,0.009533470385598394
0.6145244444444415,0.589973666666664,0.012105000000000032,0.013798111111111105,0.04201411111111103,0.022101666666666714,0.3518644182686976,0.31229696632959225,0.3446560728969901,0.012889765529503269,0.014191054561617964,0.01066032892543615
0.6147708888888954,0.5909988888888873,0.011493777777777789,0.013489111111111137,0.0399402222222221,0.027220444444444505,0.35077105555555715,1.9477335555555522,0.3453511888888904,0.012048999999999989,0.015217077777777782,0.009686733333333331
0.6147708888888954,0.5903552222222163,0.013004111111111093,0.012589888888888902,0.06440888888888886,0.02878055555555559,1.4483282855236848,3.0851763953746896,1.1264365910607055,0.01478243273293307,0.014448999332888594,0.0146750389148321
0.6144350000000082,0.5903552222222163,0.017362444444444434,0.017478888888888874,0.06391000000000012,0.03549055555555558,1.4475235692854782,4.260765162795865,1.125810723413711,0.015213223691521274,0.01509199911101234,0.010789887765307244
0.8660423333333382,1.4024497777777722,0.01724233333333336,0.015817444444444405,0.0652901111111112,0.030582333333333368,2.779021577777776,3.951483066666667,1.8681905888888872,0.014319433333333308,0.011969700000000007,0.011437577777777763
1.3528635555555615,1.4024497777777722,0.016484555555555603,0.016867333333333297,0.03177500000000006,0.02951322222222223,3.6772969441048997,4.998473752639184,2.8198263362595823,0.010366896321813533,0.007355272808089782,0.008678964329369933
1.86196444444445,2.0979792222222184,0.015433888888888872,0.015389000000000024,0.030662111111111147,0.029958777777777792,3.3300821000000003,5.904600577777778,3.9263114333333315,0.010365744444444443,0.006629199999999993,0.007720155555555553
1.852626888888886,2.0653326666666647,0.012271222222222199,0.012274222222222225,0.029569333333333486,0.02106555555555555,4.641834211111114,6.837242266666666,3.9253060555555557,0.008294811111111093,0.006723133333333341,0.007737033333333329
1.9577424444444458,2.490164888888886,0.01274933333333333,0.013523333333333358,0.030710666666666678,0.018894333333333298,4.6413185090545515,7.804439673369625,5.044469281190978,0.008605654927230299,0.0072675480502166455,0.008280891012109761
2.7433927777777853,2.9309296666666698,0.009296333333333302,0.009318555555555571,0.02984355555555555,0.019817444444444457,5.959188677777778,8.70516421111111,5.045029777777778,0.00602327777777777,0.003520922222222223,0.007155077777777778
3.2529329999999974,2.929904444444446,0.010361444444444423,0.009372999999999977,0.03155922222222232,0.011914777777777769,6.697270933333333,7.068678988888891,6.536652588888887,0.00602327777777777,0.003034944444444441,0.007817011111111112
3.2529329999999974,3.700727444444447,0.008851111111111119,0.010184999999999987,0.007881555555555487,0.010908111111111118,6.9647552333333325,7.066261633333336,6.697011088888892,0.0033208666666666676,0.003034944444444441,0.003426200000000006
3.928814888888888,3.700727444444447,0.004238444444444471,0.006121777777777807,0.006772111111111004,0.004563777777777784,6.9647552333333325,6.962587822222223,7.512983511111112,0.0033985444444444525,0.0030190888888888857,0.003426200000000006
3.677207555555558,3.609078555555559,0.004395000000000001,0.006121777777777807,0.006845333333333296,0.005423666666666667,5.498161776213751,6.796617135009999,6.276220155602499,0.0033175316412500074,0.002947121357499996,0.0027111069575000073
3.9918906666666647,4.362195444444448,0.004395000000000001,0.005910666666666694,0.00693755555555558,0.004647444444444501,4.67258793228,5.839496088827142,5.406536824315714,0.0026729888271428584,0.0024279389871428602,0.002258090845714287
3.482789777777776,3.6650101111111124,0.0042703333333333265,0.005656666666666668,0.007844000000000012,0.005154777777777793,5.812296064737835,4.996729885821971,4.360536703247977,0.0027017736392861112,0.00278242988582197,0.0028086686620108696
4.331227999999998,3.9638665555555566,0.0048089999999999895,0.005656666666666668,0.00801655555555551,0.00551166666666673,5.33298839374792,5.508118423678085,5.650501829065515,0.0029000775967187834,0.0026399844806562446,0.00273939696264273
4.1693627777777795,3.5149035555555583,0.00433088888888886,0.005549666666666663,0.006875222222222317,0.005572555555555544,5.33357963414634,4.542090033259422,5.454516507760533,0.002561662971175172,0.0020962638580931284,0.002196130820399119
3.38371244444444,3.7850297777777846,0.005084888888888904,0.006583666666666667,0.008185777777777799,0.004649444444444386,5.34885818645383,4.960704256734286,6.200490688393748,0.0021677197649928102,0.0027655027158851554,0.0029919964527214257
3.5106710000000025,4.257268222222226,0.004790111111111125,0.005482888888888926,0.006470111111111029,0.005384111111111109,4.61249411373462,6.292992173816648,5.733321959871411,0.002841259283893154,0.0022251413368806158,0.0029695599157521326
3.9785606666666684,3.4855204444444454,0.004790111111111125,0.0060328888888888784,0.00722633333333336,0.004530222222222177,4.6292417470346985,5.162660913424231,4.7941943686952655,0.002350094224587078,0.003048786165613584,0.002383216938255184
4.024482555555551,4.272466222222218,0.004990222222222229,0.005207111111111089,0.00814411111111113,0.004164555555555518,6.037633865425118,5.223566034807672,5.124468728522338,0.0023918080035472875,0.003100554262276903,0.002905808668662007
4.024482555555551,4.345403111111106,0.00474233333333333,0.006561444444444447,0.0066907777777777495,0.00396699999999998,5.294079502059997,5.588644199120001,6.479230468380002,0.0030861498999999954,0.0033928850799999984,0.002545855739999991
3.9454871111111065,3.592286222222217,0.00474233333333333,0.006602444444444454,0.0072413333333331865,0.00396699999999998,6.213559843374996,6.9055305421575,7.089308679465,0.0030256499124999953,0.0033263719449999982,0.0031905162349999904
3.9454871111111065,4.1894127777777745,0.0047487777777777875,0.005772222222222241,0.007208666666666494,0.003522888888888866,5.9376094444444405,7.51217138888889,7.778870977777777,0.003401999999999995,0.003950622222222228,0.003727099999999999
3.955854222222216,3.361806666666667,0.004828888888888896,0.007092777777777788,0.007131666666666685,0.003664999999999906,6.804456177777777,7.457740622222222,6.485895933333332,0.0032981777777777678,0.0033555333333333335,0.003708199999999992
3.4108847777777735,4.140787333333341,0.005476000000000012,0.00595066666666666,0.007131666666666685,0.002758444444444446,7.890835048338705,7.458569352150238,6.943733481497945,0.002860695632848082,0.003980008889876643,0.0037086120680075484
4.234137444444451,4.1901764444444325,0.004272111111111107,0.0063608888888888855,0.00737833333333329,0.003267222222222286,6.555547411111111,7.19838867777778,7.306452611111109,0.003506,0.003848144444444439,0.0035505444444444427
4.244371888888888,4.185153555555556,0.004876999999999972,0.0063608888888888855,0.00737833333333329,0.0033492222222222014,7.614924644444445,6.920030544444445,6.281534222222221,0.003210122222222217,0.003848144444444439,0.0029110999999999968
3.7764822222222216,4.185153555555556,0.004876999999999972,0.00610122222222224,0.0073279999999999275,0.003303444444444439,7.094630966666665,7.783331811111111,7.372962944444444,0.003210122222222217,0.0036597555555555484,0.003572044444444441
3.7258742222222234,3.953889555555558,0.005313444444444433,0.00725311111111113,0.0064102222222221575,0.0039193333333333615,6.799602766666666,6.648150555555554,6.22594552222222,0.00330739999999999,0.002972766666666676,0.0036640555555555675
4.26495735228788,3.1578811639271493,0.005829631274988862,0.006507552199022636,0.007943247445579811,0.003782318969346917,7.608090177777777,8.039858777777779,6.7989801666666665,0.0032229000000000042,0.0034351666666666563,0.0036640555555555675
3.5431040000000094,3.984353222222227,0.00583222222222219,0.005630666666666636,0.006439000000000109,0.0037839999999999606,6.630270411111113,7.545481200000001,7.1251965,0.0032229000000000042,0.0034351666666666563,0.0037272444444444598
4.328351138256526,4.187801332593013,0.006028983897834545,0.006729816768461945,0.007066740699611403,0.003961687951138294,7.985461144444447,6.6321588444444455,6.120790922222223,0.00339085555555556,0.0033964333333333283,0.003460011111111121
3.9931941111111153,4.190127888888899,0.005413555555555573,0.006149222222222189,0.0076272222222222305,0.004262555555555597,7.140898844444444,6.810838677777777,7.435343533333337,0.0031854555555555623,0.00392292222222223,0.0035457111111111246
3.9931941111111153,3.995757666666666,0.005836333333333332,0.006149222222222189,0.0076272222222222305,0.004670777777777839,7.391842384179534,7.702328707921342,7.212787801355403,0.003185101655371631,0.0032985223864015283,0.004300477724697265
3.8996424444444404,3.673452666666663,0.005836333333333332,0.0055531111111110955,0.007470888888889052,0.004161999999999999,8.195305322222223,6.642583422222222,6.1017777222222245,0.0034374111111111017,0.0035238888888889036,0.0036606444444444567
3.835636888888884,3.831841888888878,0.005384666666666692,0.006379666666666624,0.008792333333333366,0.0036147777777777693,7.13592808888889,6.773390333333333,7.637676322222225,0.003436811111111106,0.0043760555555555514,0.004406222222222225
3.835636888888884,4.316321888888878,0.00608500000000002,0.0052773333333333075,0.008412444444444568,0.004401222222222205,7.8096859222222195,6.694581444444447,7.525924855555557,0.003436811111111106,0.003738877777777764,0.00427065555555557
3.9862405555555576,3.760640111111103,0.0055095555555555705,0.005202333333333334,0.008412444444444568,0.004236444444444389,6.6937795088343135,6.695325369485501,7.526761162351373,0.0034803978219802266,0.004288609845538392,0.0036552394710523445
3.98586271676299,4.535373054690972,0.004387950200088954,0.005192085371276144,0.007893174744330794,0.003711093819475322,7.015069822222227,6.5994689555555555,7.044529522222223,0.0030706222222222283,0.0039061222222222464,0.004223111111111107
3.9840912222222062,3.708288777777777,0.005231444444444468,0.0051897777777778,0.009496777777777786,0.004180666666666709,7.732413644444445,7.0987890333333326,7.0988352666666685,0.003736,0.0039061222222222464,0.0041923888888888835
4.029019677598669,3.590846692607004,0.004840800444691508,0.004853696498054463,0.007995775430794966,0.004075375208449148,7.614879133333332,7.9609610666666635,7.0988352666666685,0.0034429222222222265,0.00403461111111112,0.004308322222222216
3.5055376666666693,4.144830333333339,0.004838111111111124,0.005171555555555596,0.007789777777777711,0.003275444444444473,6.760657333333334,6.391488533333333,7.055401888888888,0.003026111111111114,0.004135188888888888,0.003817644444444438
4.351401555555564,4.102062111111107,0.004742444444444457,0.005171555555555596,0.007789777777777711,0.003561222222222228,6.4954922222222224,6.5681297999999995,7.349874833333333,0.003660011111111099,0.0046967777777777815,0.003529611111111109
3.6217005555555617,3.664087000000008,0.004742444444444457,0.004983777777777773,0.007868000000000012,0.003561222222222228,5.692850599999999,7.469765933333334,7.349874833333333,0.003168088888888891,0.003932166666666672,0.003992833333333338
3.8719549999999954,3.6821523333333315,0.004888444444444437,0.005069888888888929,0.008007888888889012,0.003919444444444488,7.168695943993775,7.180818413157021,7.284746716301809,0.00320334481609068,0.0038090676741860266,0.003247616401822438
4.384542222222232,3.6667032222222185,0.005164666666666682,0.005069888888888929,0.006890888888888904,0.002825111111111155,5.511726249937337,6.258202009062462,6.168893615608512,0.0031342136219371206,0.003726864411020133,0.002663433032175899
3.5618434444444476,3.6667032222222185,0.004560888888888886,0.005155333333333327,0.007808222222222168,0.0029241111111111768,5.574172875865716,6.32910603842143,6.23878580084,0.0024780601457142786,0.0032255378071428496,0.002693609132857145
3.74546055555556,3.6960647777777926,0.005715888888888879,0.004556222222222209,0.007942222222222147,0.004006555555555538,5.569639505071896,6.112796009363505,5.2960060974250345,0.0025121614089844983,0.0027880169434845474,0.002789009029093758
3.74546055555556,3.6960647777777926,0.005585222222222205,0.0054602222222222,0.006335111111111008,0.0039297777777777855,5.904388161854868,4.740336461932895,5.513794660572958,0.0024418682421134714,0.0034116486456359308,0.0027532159179578736
3.611746333333334,3.8325846666666625,0.004890111111111089,0.005374555555555549,0.007837666666666682,0.003348666666666667,4.662731044476649,5.10842924980493,5.513794660572958,0.0020550217367071594,0.0030738936573403205,0.0022245346115260358
4.065716888888877,3.877511888888876,0.005879888888888858,0.004317777777777742,0.007924999999999986,0.004205777777777778,5.900163831921535,5.10785987516719,5.309170920642003,0.0026740303165403425,0.0029980494872937956,0.002952061970575126
3.75694011111111,4.00520155555556,0.005825333333333325,0.005306777777777771,0.007924999999999986,0.0035117777777777808,4.825253951621893,5.466631523798911,5.110756337086169,0.0025571619663359896,0.0024349793779957526,0.002483669602051056
3.75694011111111,4.00520155555556,0.005825333333333325,0.005384333333333312,0.007363444444444293,0.004166111111111093,6.037976092287114,5.620994371377621,5.936917131074454,0.0021499554168524374,0.0031451069995541456,0.0027550044583147556
3.651878222222245,3.911016333333338,0.005952000000000032,0.004471666666666627,0.0067704444444444,0.004017444444444468,5.85172212192132,4.719565552212192,4.461871269363646,0.002330313161707339,0.0024139195363869336,0.002754697425610162
3.722619888888883,4.026321444444446,0.0049754444444444585,0.005466444444444404,0.008105777777777668,0.004731777777777779,5.124948314944286,5.142362675652859,6.068377509355716,0.003250018311428564,0.003495223444285725,0.003117210270000002
4.251929333333338,4.026321444444446,0.005998666666666659,0.005157111111111106,0.008161000000000012,0.004181666666666652,6.5117807342393155,5.84524226248172,7.230691517393373,0.0031847367646231648,0.0034250165805055723,0.003740168813898253
4.051108666666678,3.967969555555556,0.004843666666666666,0.005157111111111106,0.0070132222222222635,0.0037720000000000596,6.203291345406068,6.77269491167648,6.888144417286969,0.003631440951005436,0.003763437395844917,0.003562981890901002
4.051108666666678,4.5563233333333155,0.004900888888888893,0.004962222222222214,0.008319444444444497,0.003966777777777727,6.093459948894564,7.855102577491389,6.561607799133425,0.0033813798466836974,0.003518531274302854,0.0035110321075436084
3.940980777777769,4.319292555555548,0.005688222222222243,0.005144888888888903,0.006816888888888824,0.004503555555555532,7.0625662481946465,6.626160382179756,7.651262615264969,0.0033813798466836974,0.002993522941895338,0.004142239751138765
3.995333666666688,3.718386777777773,0.004698444444444475,0.005847888888888924,0.006933444444444388,0.0036464444444444214,7.184402544444445,7.770294388888887,6.584368011111105,0.003246788888888886,0.0031071999999999953,0.003417188888888895
3.45824655555556,3.907966666666653,0.004642222222222239,0.005598333333333323,0.008568888888888971,0.004273666666666682,7.184402544444445,6.344259211111108,6.675019344444443,0.003253488888888872,0.0037069666666666662,0.003845266666666674
4.174972999999985,3.907966666666653,0.0054067777777777855,0.00486044444444447,0.007651333333333455,0.004052000000000019,6.872315023891544,6.752660140015556,6.696516912990331,0.0032538504278252964,0.002999111012334714,0.0037123235915101672
4.028886333333326,4.08846711111111,0.0042105555555555325,0.005472333333333376,0.008005777777777705,0.0041785555555555005,6.528266900000003,8.072341533333333,7.768002055555557,0.003369655555555561,0.003576433333333345,0.0037119111111111112
3.890500222222222,4.045532000000018,0.00519788888888886,0.005132777777777826,0.006670444444444436,0.0034642222222221897,6.527541617598048,6.981923086323741,6.550354571714255,0.003016275969336746,0.003435118320186648,0.0034680591045439394
3.3611907777777663,4.508787666666675,0.005149111111111123,0.004915777777777791,0.007106222222222138,0.004024333333333334,6.591477299999999,7.566417377777782,6.658753911111113,0.003417977777777785,0.0038180222222222236,0.003300666666666671
3.5954691111111163,3.7650607777777627,0.005149111111111123,0.004915777777777791,0.007837888888888934,0.0033515555555555646,7.403247499999999,6.361918144444449,7.684410655555558,0.0028203333333333414,0.0033172888888888903,0.003300666666666671
4.151217333333332,3.805621777777788,0.0054021111111111075,0.005627777777777787,0.007515555555555449,0.003519444444444433,6.462077255555559,6.8643903,7.8836650444444505,0.0031119444444444467,0.003748433333333338,0.0033156222222222097
4.034597222222223,3.791068333333341,0.0051852222222222,0.00476666666666666,0.008265888888888956,0.003848222222222179,7.00671993333333,6.8643903,6.793889155555559,0.003752555555555568,0.004171822222222224,0.0032192333333333216
4.100009444444444,4.3375213333333456,0.0051852222222222,0.005229666666666639,0.006732444444444615,0.003848222222222179,6.981691422222226,7.104497133333336,7.742910311111113,0.003628166666666667,0.003912544444444453,0.0036192999999999954
4.100009444444444,3.9469236666666854,0.0055033333333333176,0.0044902222222222106,0.006490555555555568,0.004094111111111095,6.981691422222226,7.104497133333336,7.739232477777778,0.0035727555555555694,0.003871155555555555,0.0036677111111110983
3.970991000000014,3.9469236666666854,0.0047387777777777714,0.005332888888888881,0.006490555555555568,0.004040000000000019,7.1493045777777775,7.049755155555554,6.894320588888889,0.0035727555555555694,0.003871155555555555,0.00306707777777777
3.92905544444443,3.982578111111126,0.005823222222222215,0.005460444444444404,0.0067675555555557,0.00389366666666666,7.170969333333332,7.2995653555555515,6.917754933333335,0.0032889333333333275,0.004030811111111113,0.0035609999999999995
3.4841126666666598,3.441177222222223,0.005808333333333317,0.00538866666666666,0.008439333333333465,0.004281888888888869,7.170969333333332,7.2995653555555515,6.917754933333335,0.0035439666666666697,0.003930833333333337,0.003564255555555559
4.330019777777782,3.84451444444446,0.004833888888888854,0.005880888888888899,0.007031000000000158,0.0037217777777777254,7.01231400155573,7.346769485498383,7.122251994666074,0.003502411379042121,0.003548705411712417,0.003853017001889097
4.2636041111111105,4.348349111111121,0.005664555555555525,0.006445444444444418,0.007291333333333268,0.004712,6.199764655555558,7.345953177777774,7.319547888888891,0.003927166666666664,0.0040955888888888755,0.003852588888888888
3.7078558888888944,4.208846777777783,0.004639555555555545,0.005606444444444433,0.007527666666666773,0.00490166666666673,7.6841485276141785,6.911226869652184,6.145580331147906,0.003636137348594305,0.00363409267696409,0.003676486276252925
3.770705333333354,3.6404468888888966,0.005246333333333366,0.005606444444444433,0.0067773333333332655,0.004036111111111179,7.158161455555557,6.910458955555557,7.290622022222225,0.0033523666666666592,0.003210299999999987,0.003613622222222233
3.730606333333324,3.737752444444444,0.005246333333333366,0.005332444444444473,0.008229888888888858,0.00465066666666668,5.828037322222219,6.843434022222223,7.770763377777782,0.0029944111111111105,0.0034565555555555495,0.0032135555555555593
4.184127333333335,3.269238333333331,0.005257555555555578,0.005332444444444473,0.007678111111111127,0.0042092222222222106,7.029919922222225,7.912637177777779,6.429176255555561,0.0029190666666666708,0.0028981777777777763,0.003323233333333336
4.159530111111104,4.058723333333319,0.006220444444444449,0.005389444444444447,0.007678111111111127,0.0038306666666666368,5.818096687367506,6.342719513957502,6.270134507933755,0.002846856255000004,0.0028264841049999985,0.0032410248487500025
3.6183931111111183,3.852066444444442,0.005136000000000005,0.005377222222222243,0.0072415555555554395,0.00395499999999998,4.92803554118599,4.865013614195911,5.259622119543612,0.0024585934143653318,0.0021309299767313656,0.0027901137784989644
4.255849555555566,4.36596744444445,0.005332444444444473,0.004793777777777761,0.006838444444444432,0.004042888888888917,6.222769329752708,4.968137451046218,6.669367628958265,0.001893521315877818,0.002166398120174539,0.002775002797359289
3.4099424444444444,3.4993745555555558,0.005332444444444473,0.00482166666666665,0.006838444444444432,0.004042888888888917,5.683706444394719,4.674542873125979,5.871900749608414,0.0021488811814723706,0.0025682255538151525,0.0019956030431864027
3.4916943333333217,3.6196856666666566,0.005781888888888927,0.0051861111111111136,0.0072611111111111635,0.003668333333333311,5.684342419156317,4.675065928163813,4.640187188094438,0.0022134608929170784,0.0024906791988363024,0.0027614411995076655
4.323116000000002,3.9268402222222045,0.006553333333333337,0.004604000000000003,0.006040888888888911,0.0027215555555555326,5.456784862385321,4.877418315059298,6.099482345043635,0.0023274558066681533,0.0021420675766390773,0.002797952562094438
3.7903868888888863,3.9268402222222045,0.0059679999999999985,0.0056818888888889125,0.007657333333333307,0.003426999999999995,5.576204140091754,6.152375137070606,4.946363701465815,0.0019679534519413777,0.002772955130356961,0.0023225019581515115
3.8592578888888815,3.7670295555555593,0.0059679999999999985,0.005572444444444417,0.007116222222222154,0.0033994444444444367,5.576204140091754,4.826615150497927,5.080342217746445,0.002478471522882409,0.0027576367908694224,0.003383081570996979
4.088303333333316,4.203950333333322,0.0056928888888888715,0.005572444444444417,0.007023666666666589,0.00296777777777773,5.752913023047656,4.986096509286192,6.194876336988141,0.0025474379055717175,0.0027573282613560113,0.0034658312821660413
3.5251925555555523,4.132767666666672,0.0058873333333333555,0.005791000000000028,0.007833222222222208,0.003527444444444466,5.829594119502791,6.3353215005501795,5.248402055171762,0.002730369919172128,0.002706518604800697,0.003200716879248056
4.17449533333335,3.5737847777777714,0.0058873333333333555,0.006097444444444427,0.008316222222222319,0.0038783333333333543,6.7064607330752315,7.077828078255407,6.490155708470668,0.0034054594555569403,0.0033592051977591104,0.0037839129906082035
4.055211888888885,3.643167666666664,0.00608744444444446,0.006097444444444427,0.00704755555555556,0.0038447777777777465,7.184226677777784,6.697176800000001,7.139558744444445,0.003988899999999999,0.0031785444444444593,0.0035804111111111137
4.650972555555554,4.359547333333316,0.006931333333333327,0.005729222222222201,0.00832999999999985,0.004212222222222234,6.396463584842759,7.218266396266255,6.396619991110123,0.0033760417824202646,0.0035680297810868076,0.0045101900211134555
3.8797322222222244,3.7354015555555535,0.005651222222222203,0.005476111111111139,0.006915333333333212,0.003596555555555566,7.528265162795866,7.218266396266255,7.82382188020891,0.0037488943215912966,0.003533837093010346,0.0037498499833314865
3.709658666666656,3.6599584444444546,0.006075000000000004,0.006185000000000033,0.008222999999999992,0.004869000000000037,6.269953617068566,7.264825336148461,7.328406689632178,0.003742738082009107,0.003533837093010346,0.0039914768307589684
3.709658666666656,4.196505888888901,0.005483111111111081,0.005107111111111125,0.007357666666666695,0.004163555555555575,6.596397033333334,7.334658988888891,7.32759242222222,0.003742322222222218,0.0037603777777777837,0.003991033333333329
3.959854666666666,4.212747888888872,0.0068095555555555505,0.005097222222222235,0.0075514444444445186,0.0039628888888888865,7.37048876666667,8.179961377777785,7.263936300000001,0.0038251555555555644,0.0037370333333333495,0.0037917999999999815
3.797934222222239,3.7758271111111097,0.0058918888888889066,0.005851666666666687,0.007678888888888915,0.00475144444444453,7.013389411111118,6.951839222222229,7.038472022222217,0.004045355555555556,0.0037370333333333495,0.0036893555555555487
4.253371777777779,3.737710222222227,0.005825666666666655,0.0047334444444444325,0.007785777777777744,0.0045572222222222,6.14318065555556,7.098806111111112,7.038472022222217,0.004433922222222211,0.004004088888888899,0.004253699999999993
3.6040689999999818,3.737710222222227,0.006591555555555524,0.0048143333333333285,0.0075007777777776775,0.003622777777777802,6.295154411111113,7.346056355555554,7.339786922222219,0.0037414999999999935,0.0038275333333333307,0.0036389888888888797
3.628001555555557,3.9697442222222135,0.005222555555555521,0.0048143333333333285,0.0075007777777776775,0.003712666666666722,6.817208655555552,7.346056355555554,7.339929122222218,0.003421688888888879,0.004226822222222229,0.0044606777777777525
3.8726933333333466,3.2533645555555624,0.005477666666666665,0.00536711111111115,0.007611000000000109,0.0037256666666666645,6.816451272080877,7.049361826463725,7.3391136651483135,0.003914065103877341,0.003978924563937343,0.004042017553605156
3.8726933333333466,4.080785000000005,0.006243888888888913,0.004691222222222229,0.007611000000000109,0.0037256666666666645,6.977711432063102,7.049361826463725,6.912803899566716,0.00305231640928786,0.0035431729807799206,0.004503577380291074
4.081084111111118,3.917245333333338,0.005803888888888893,0.005216666666666647,0.007682333333333347,0.003203555555555503,6.97848673333333,6.993358155555556,7.061306377777782,0.0032752333333333342,0.004174866666666666,0.003778911111111104
4.081084111111118,3.9598697777777643,0.005803888888888893,0.005216666666666647,0.007912555555555577,0.00396244444444438,6.86727257777778,6.609325544444447,7.061306377777782,0.003578233333333335,0.0038603222222222187,0.00446527777777777
3.7787133333333465,3.4596798888888873,0.005469555555555555,0.005641666666666644,0.007825666666666583,0.004282666666666756,6.093180844444444,6.681619488888886,6.895859766666664,0.0033640999999999905,0.0032467555555555456,0.003611355555555569
3.827901888888871,3.9698610000000123,0.005959222222222227,0.005899222222222229,0.0069489999999999465,0.0034941111111111115,6.623082499999997,6.681619488888886,7.089962644444448,0.0026820777777777733,0.003807211111111101,0.003795933333333335
3.8461223333333443,3.988574333333342,0.005897444444444449,0.005899222222222229,0.00734377777777774,0.0038008888888888415,8.010937633333327,6.856324411111107,7.089962644444448,0.0028488333333333347,0.003570255555555556,0.00323158888888889
3.8461223333333443,3.988574333333342,0.005131555555555581,0.0060710000000000364,0.007533222222222315,0.004569111111111073,6.913962215309408,5.781397111432061,6.824087479168985,0.0031693034107321497,0.003660659926674814,0.0039314965003888445
4.168383111111123,3.84463611111111,0.005903444444444449,0.0060710000000000364,0.008523000000000084,0.004036666666666615,6.8962828111111145,7.185630455555559,6.891629422222229,0.002722877777777787,0.0036084444444444363,0.003719877777777788
3.8082919999999882,4.5779480000000055,0.0048044444444444384,0.005807444444444452,0.007130333333333363,0.004159333333333354,6.8962828111111145,6.765742033333333,7.879305966666671,0.002788644444444445,0.003067511111111103,0.0032088111111110984
3.8082919999999882,3.750527555555563,0.004700888888888866,0.006581555555555557,0.00865577777777777,0.004159333333333354,6.797188820980106,7.546426714079341,6.879384164907212,0.0027889543282586956,0.003942360262251351,0.0034018668740971227
3.573955222222215,3.952168444444447,0.004489000000000015,0.0053472222222222445,0.008200222222222091,0.004018555555555538,7.526758677777777,7.1214047888888885,7.148487888888885,0.0028594111111111082,0.003657911111111119,0.004185222222222217
4.331554111111119,3.372996555555574,0.005257555555555578,0.006087222222222207,0.00801122222222222,0.003259666666666661,6.204132344444441,6.169306355555552,7.148487888888885,0.003360477777777769,0.0031192888888888957,0.0034988555555555507
3.781221222222232,4.0953701111111265,0.004890777777777751,0.004889555555555555,0.00699288888888895,0.003096666666666575,7.678905911111109,6.355596977777773,7.083966744444444,0.0029848333333333224,0.0036996111111111244,0.003984211111111121
3.997185888888908,4.156189888888877,0.004401111111111078,0.004921777777777741,0.008254000000000082,0.004740999999999909,5.933772193278746,6.154045108619995,5.817381679612496,0.002890176806249989,0.003039605085000013,0.0031308177675000077
3.9953588888888847,3.45729111111109,0.004371888888888867,0.005845777777777765,0.008010999999999966,0.004068777777777774,4.635553604849613,5.0025407770543,5.875206821814229,0.002375848893423384,0.0026733189612708447,0.003161938294325309
4.456224111111118,4.132521999999982,0.005202333333333334,0.004559444444444437,0.007515666666666674,0.0035895555555555746,6.022464276079139,6.140098291366912,5.552241074640286,0.0028420301258992764,0.002750393435251805,0.0025626236510791476
3.5918577777777805,3.9706357777777916,0.004430444444444465,0.005383555555555524,0.006525888888888906,0.0035895555555555746,4.665247835862845,4.720629083754917,4.474914446318151,0.003334794828555364,0.006440550871275996,0.002656829679595284
3.6501077777777735,3.7211244444444374,0.0056342222222222444,0.004973111111111095,0.007759555555555409,0.004224999999999923,5.795690231564746,4.468744941546766,5.231612230215827,0.0027693120503597137,0.006439826888489208,0.00315438399280576
4.463195666666656,4.38251377777778,0.005682111111111117,0.00419899999999999,0.008640111111111182,0.008461333333333284,6.220588119590877,3.680435202877378,6.742776520175342,0.0034206923682140126,0.006610756434753279,0.002492165898617508
4.272491555555563,3.6232886666666677,0.005138777777777777,0.005242999999999961,0.007716666666666841,0.008540333333333372,6.70274144093515,2.7532570416994533,5.354892806564014,0.003262065864898275,0.006259447004608276,0.002443003259525685
3.95590833333333,4.403882666666656,0.005522555555555562,0.005158777777777809,0.008701666666666658,0.008540333333333372,6.853851225269785,2.754750449640292,6.28716158947842,0.0024489658273381294,0.0071200764388489,0.006776540017985609
3.95590833333333,4.169841666666672,0.004897222222222257,0.006287666666666692,0.008701666666666658,0.012610222222222314,5.361836600719425,1.638571189298567,5.004401011690647,0.005403529676258995,0.0071077225719424165,0.006938758992805747
3.9274261275272035,3.598041213063782,0.005765718729171323,0.005242279493445923,0.009633859142412823,0.010963452566096512,4.466111568799998,0.727609386732859,4.536641767000001,0.005678460130000006,0.007918754872857129,0.007492800262857134
3.4564678888888873,4.13426200000001,0.005898444444444441,0.005377666666666651,0.009501444444444514,0.011469555555555585,4.600488586073262,0.750237604700586,4.672842255281912,0.0058482685335667015,0.008155556944618062,0.008728391048881089
3.8090439999999846,4.132123222222239,0.0050679999999999744,0.006640555555555564,0.00854611111111107,0.0128166666666667,4.088812022222226,0.6667945111111099,4.153118355555558,0.005922466666666651,0.007784344444444425,0.007757599999999982
3.8090439999999846,4.089563111111096,0.006526888888888897,0.006429777777777782,0.010273333333333233,0.0128166666666667,4.08914808354627,0.667564315076105,4.153537706921453,0.005435162759693351,0.003790456615931549,0.007996789245639367
4.028502555555558,4.087534888888892,0.006134555555555496,0.0057631111111110895,0.009884555555555688,0.012451888888888955,2.9720347927547506,0.004448294254919226,2.418625425047227,0.006331436826314027,0.004652072452494713,0.008069374374930549
3.215414666666675,3.4261455555555487,0.005970333333333362,0.006745333333333332,0.00850666666666654,0.008886777777777787,1.3588707189687748,0.004147338593173296,0.9245732859206574,0.006120535615068338,0.0041843760417824135,0.008497210801200132
3.486404111111117,3.982363777777765,0.005970333333333362,0.006668777777777783,0.00850666666666654,0.009712555555555528,0.15175928888888912,0.0046640444444423996,0.9244705555555552,0.005530622222222235,0.004183911111111105,0.007761133333333334
3.6775957777777726,3.2017697777777765,0.006070111111111073,0.006012999999999972,0.007989888888888864,0.010177444444444461,0.003978211111114799,0.0034938111111083954,0.004086133333332656,0.006359566666666671,0.0043337222222222345,0.004118800000000009
3.6775957777777726,3.5624625555555367,0.006070111111111073,0.006011999999999981,0.008898999999999942,0.005563999999999977,0.004675877777779016,0.003801133333330616,0.004003033333336564,0.004123866666666686,0.003765611111111126,0.004300222222222215
3.7520340075572363,4.290689375416745,0.006006890420093371,0.006732384974438767,0.007696154701044507,0.00731440320071124,0.003856406267363331,0.004477575286138893,0.003483575952884703,0.0035670407823091524,0.003765440604511619,0.004300700077786413
3.751200222222224,3.7543146666666622,0.004874000000000045,0.006195444444444457,0.007758777777777818,0.007463000000000047,0.0038558826796953895,0.004335440506614742,0.00392501944228244,0.004353660704366177,0.0046946005999333375,0.0040923897344739505
3.6927395555555655,3.7417955555555538,0.0058710000000000585,0.004932555555555545,0.007758777777777818,0.0058268888888889005,0.004686944444437637,0.004335922222226588,0.004794533333329317,0.0036294888888889058,0.004667711111111127,0.004606244444444447
4.41435122222222,3.8622912222222365,0.005446333333333344,0.005307444444444483,0.007477222222222185,0.007716222222222236,0.0038965333333322865,0.004260155555554788,0.004503755555556192,0.00448423333333335,0.004667711111111127,0.003663711111111113
3.65628133333333,3.380518888888901,0.004634888888888966,0.005307444444444483,0.006632333333333228,0.007330555555555544,0.004729230085546105,0.004259682257526174,0.004018353516274762,0.003588867903566278,0.004443284079546718,0.004295256082657491
4.46016744444445,4.040470222222211,0.005181999999999971,0.005561666666666663,0.007018777777777806,0.006659333333333351,0.004645350516607957,0.004354349516724669,0.004199511165421543,0.004143939562270867,0.004424386179313419,0.0038675147205866137
4.185868000000003,4.006972777777795,0.005181999999999971,0.004594222222222241,0.007018777777777806,0.007392222222222245,0.005203544444441377,0.004381966666670678,0.004199977777773256,0.004700277777777775,0.004424877777777787,0.004753255555555564
3.5536606666666763,4.521166888888906,0.005237222222222214,0.005638000000000008,0.007368444444444499,0.007545444444444469,0.004366229581060582,0.004382453605960229,0.004690310034446282,0.004617401933548178,0.00437780864540503,0.005069229914434927
4.2091168888888815,4.128552666666666,0.00588755555555556,0.004510111111111117,0.0077360000000001134,0.007545444444444469,0.004479744444446334,0.004305600000001341,0.004706899999997442,0.003932166666666657,0.004883377777777772,0.004241544444444443
3.377322666666664,3.4012793333333273,0.00631844444444438,0.00491266666666664,0.007816222222222299,0.007143222222222178,0.004479744444446334,0.004140377777779413,0.0054516555555529245,0.004441688888888891,0.005096255555555546,0.004803711111111112
4.182716777777791,4.071676555555567,0.00631844444444438,0.005124888888888871,0.006818222222222146,0.007167888888888838,0.004767011111114686,0.004108755555555553,0.004532144444442881,0.004498322222222225,0.004166155555555558,0.005052744444444439
3.9714914444444327,4.016935000000003,0.006103666666666582,0.006055222222222175,0.008012000000000007,0.007969444444444425,0.004441637959774124,0.004907111901320975,0.00463700411157074,0.004498822091343484,0.004586087343038107,0.004539848872096894
3.795898777777792,3.4295059999999973,0.005781333333333293,0.00591577777777773,0.006566333333333477,0.0075425555555554726,0.004441637959774124,0.004138815423936101,0.0040468607623086374,0.0044205800644516,0.004586087343038107,0.005135026114012683
3.795898777777792,4.243981777777764,0.005781333333333293,0.00591577777777773,0.008109888888889059,0.0071544444444443895,0.004250488888893579,0.004792844444442798,0.00460820000000063,0.005241255555555562,0.004835944444444438,0.004662677777777757
3.7169097777777758,4.053710111111109,0.005501333333333334,0.005702333333333303,0.008083777777777752,0.00814200000000002,0.004149699999999257,0.004821399999995733,0.005149455555556731,0.004252766666666661,0.004278388888888883,0.00535016666666665
3.8766018888888745,3.5309893333333098,0.0065605555555555825,0.005702333333333303,0.008083777777777752,0.005894777777777804,0.004253155555555092,0.004277099999994347,0.005149455555556731,0.004440066666666678,0.00509246666666666,0.004464855555555542
3.8766018888888745,3.794531111111105,0.00525322222222228,0.005623666666666645,0.007424999999999966,0.0066396666666666,0.004068036840394508,0.00409093910221619,0.003962824593487701,0.0035337074111048703,0.003960018933570803,0.0033558774588332715
3.817786444444437,3.3381200000000164,0.005747111111111123,0.005623666666666645,0.007331777777777641,0.007375111111111111,0.0031267312739718415,0.0037631738340386,0.004215233192006343,0.004221320411871593,0.004010942862911369,0.005449404401372907
4.636572777777777,4.173107000000022,0.005035777777777837,0.005874888888888899,0.006260666666666618,0.006434222222222255,0.00408761481780318,0.004261027556272039,0.003538235590997829,0.003758019582113646,0.0030974563439991982,0.004938154840012112
3.83117866666665,4.186334999999999,0.005035777777777837,0.006005888888888953,0.007216333333333344,0.00575566666666669,0.003960579446796504,0.004341762568135872,0.004492115889360769,0.0036703513022410673,0.004118503937007876,0.00481777710478498
4.019263111111109,3.5805035555555507,0.00528566666666672,0.005075555555555648,0.007010888888888901,0.006822333333333338,0.004166242681203978,0.0036169190389628994,0.003607722592367152,0.003670351302241068,0.004022733696749449,0.005652523722996169
3.4732441111110957,4.376080555555544,0.004573777777777801,0.005720444444444479,0.00846533333333335,0.006958000000000021,0.00416582214595807,0.004452750580393448,0.004506591299078116,0.0038434036539820343,0.004022327647118202,0.005111325325527389
4.200022111111114,4.1054133333333445,0.0053844444444444885,0.005720444444444479,0.006921777777777768,0.006958000000000021,0.004173124684497172,0.003858960121148278,0.004645744573448034,0.0037562443210499693,0.0038005653710247458,0.005026219081272089
3.9614486666666586,3.6357336666666877,0.004571000000000029,0.005833333333333357,0.007052555555555569,0.006730111111111055,0.004361780738948,0.0037709166161945225,0.0034755804562902485,0.0037558651322430795,0.0038001817080557344,0.005023319200484551
3.8544914444444456,4.154415222222244,0.004305555555555489,0.006997444444444452,0.007052555555555569,0.007088111111111061,0.003761114476078356,0.0037709166161945225,0.004399364021807814,0.003924146981627277,0.004017807389460937,0.005023319200484551
3.8544914444444456,3.964943666666664,0.004305555555555489,0.0060323333333333435,0.007213888888888952,0.005725111111111107,0.004483279381412923,0.0041431538661068764,0.0036441620581493224,0.0038554933210401265,0.003520093412067126,0.0037863276284535617
3.964692444444457,4.501424777777781,0.003979222222222233,0.0071104444444444566,0.0060304444444445856,0.007041888888888891,0.005457400000003708,0.004810222222223123,0.004448833333334,0.003988711111111108,0.004529144444444438,0.004526611111111125
3.926554444444441,3.666437777777775,0.004183777777777762,0.005737777777777768,0.007426333333333486,0.007513111111111156,0.004399333333335815,0.003751055555557375,0.005033166666666805,0.0047224777777777616,0.005279877777777766,0.005232666666666676
3.926554444444441,3.7355444444444355,0.004796666666666659,0.005912777777777755,0.006470666666666761,0.007513111111111156,0.004471866666665708,0.00395908888889096,0.004655755555556122,0.004472955555555554,0.004156388888888881,0.004425033333333347
4.042126777777791,3.7355444444444355,0.0037645555555555613,0.006687111111111064,0.006913666666666609,0.007092222222222253,0.0037403177424703065,0.0046206865903829705,0.00465523830685536,0.004472458615709362,0.004027874680591039,0.004169458949005676
4.042126777777791,3.6085615555555504,0.004706111111111078,0.006146111111111137,0.006584444444444455,0.006547888888888922,0.004286200000002004,0.003700733333338412,0.004339800000003101,0.004161300000000004,0.004028322222222217,0.004714044444444448
4.071995888888877,3.6138443333333172,0.004687111111111086,0.006146111111111137,0.007399555555555419,0.006547888888888922,0.003636118209091807,0.00466578157982746,0.0042219753360696844,0.004023919564492834,0.004198444617264753,0.004715087212531948
3.5856722222222293,3.6138443333333172,0.004687111111111086,0.005616444444444449,0.006953777777777899,0.007221444444444478,0.0037134555555537775,0.0038857222222235224,0.004222444444440359,0.004024366666666668,0.004856122222222209,0.004030755555555568
3.9019721111111116,3.8600194444444345,0.004767222222222244,0.005121777777777818,0.008019555555555632,0.0068634444444444715,0.004559277777777501,0.004899522222223772,0.004211855555554836,0.003623588888888912,0.0038025111111111075,0.004969300000000001
4.453152777777784,3.9990784444444474,0.005555888888888916,0.005121777777777818,0.0069067777777777435,0.007448000000000023,0.00406037106987835,0.00406165981557886,0.004691545383843236,0.0035587712476391592,0.004588767914676161,0.0040913009665592606
4.225218666666655,3.4625973333333304,0.0056449999999999495,0.005294000000000034,0.007898111111111088,0.007215999999999964,0.003810811111110171,0.00440949999999734,0.004568355555553202,0.004142044444444447,0.0037018555555555686,0.0042620444444444435
3.4445703333333317,4.0354904444444255,0.004915666666666615,0.006319555555555548,0.0074888888888888045,0.0068852222222221355,0.004363333333330388,0.00440949999999734,0.003984022222220398,0.0034082777777777926,0.003890855555555551,0.004298566666666664
4.2404563333333405,3.845383111111106,0.00534633333333328,0.0052785555555555025,0.008736111111110983,0.007355999999999993,0.0034123444444465654,0.004364633333332159,0.0039578444444446055,0.0038273222222222226,0.003890855555555551,0.004298566666666664
3.86130822222223,3.845383111111106,0.00534633333333328,0.0055153333333333165,0.008507333333333299,0.005908666666666661,0.004322666666671656,0.004315777777773317,0.004680144444446595,0.004410711111111123,0.004098855555555564,0.0043470777777777645
4.3825341111111005,4.000610333333347,0.005623222222222286,0.004562666666666617,0.0073821111111110034,0.006062666666666674,0.004299299999997983,0.004959088888886262,0.004006244444446515,0.003754955555555569,0.004098855555555564,0.004283544444444451
3.6258869999999965,3.4515190000000127,0.006114333333333358,0.005630222222222179,0.007721333333333371,0.006600999999999956,0.004299299999997983,0.003993522222221676,0.004220766666669028,0.0036800000000000044,0.004042377777777776,0.003653633333333335
4.130830444444453,4.31667911111112,0.006114333333333358,0.005812000000000003,0.0066478888888887875,0.005167777777777735,0.004298888888884436,0.004696933333333517,0.004220766666669028,0.004445011111111107,0.003385166666666683,0.004518344444444439
3.9906293333333456,4.107665444444441,0.006184333333333372,0.005142555555555539,0.007341666666666629,0.0068301111111111175,0.0043066444444406216,0.0036831333333332676,0.0041223888888895195,0.003917388888888873,0.004348711111111117,0.004157533333333343
3.972461666666656,3.858534333333334,0.0053956666666667005,0.006217333333333346,0.008368666666666592,0.006879555555555565,0.004307123013664362,0.004646294032671107,0.003642582509170599,0.004020946771863535,0.004186765196132898,0.0041579953328147665
3.9678091111111122,4.3736332222222245,0.00537100000000004,0.00591644444444444,0.007377333333333249,0.00505933333333333,0.004432966666666656,0.004358699999998964,0.003909755555557442,0.0040265111111111125,0.004186299999999995,0.0043093555555555425
3.9678091111111122,3.80074011111113,0.00637555555555558,0.004890888888888926,0.008271444444444498,0.0063021111111111324,0.004382888888887098,0.004358699999998964,0.004521100000003584,0.004702722222222218,0.004104500000000017,0.004026566666666673
3.895866222222215,3.8973454444444546,0.005332000000000016,0.005767333333333409,0.007024222222222321,0.005831333333333275,0.0051337222222242775,0.004372211111111648,0.003875177777779805,0.0037859777777777734,0.004678311111111136,0.00452726666666666
3.427602222222201,4.421784444444459,0.006590222222222251,0.005519000000000003,0.007433222222222154,0.007084222222222221,0.004223399999999187,0.004567233333334445,0.004062266666664982,0.004066122222222206,0.004530166666666666,0.004444299999999994
3.494960000000017,4.176057777777765,0.006297666666666659,0.005519000000000003,0.008900555555555517,0.007178333333333361,0.004577288888889876,0.003923922222221501,0.004062266666664982,0.0047871999999999915,0.004530166666666666,0.004723088888888891
3.494960000000017,4.176057777777765,0.005716111111111033,0.005704666666666667,0.007746222222222186,0.006640000000000078,0.00514945000000111,0.004414412499999187,0.003657562500002598,0.004809037499999998,0.004245637499999996,0.0053134750000000015
3.848571444444436,4.002513555555551,0.005716111111111033,0.004916666666666656,0.009063111111111195,0.007266111111111171,0.003976892395719713,0.003481878591427,0.00351502206428821,0.0037945252114285786,0.004080178941428567,0.004171512694285722
3.8106034444444457,3.446670555555557,0.0057316666666666904,0.0058815555555555106,0.0073035555555556195,0.007431000000000015,0.0028574912892015305,0.003927132741371378,0.003634281218387545,0.0035503203326964225,0.004062448016185241,0.0033186242553669837
3.277590444444463,3.8238097777777718,0.0057316666666666904,0.005635999999999974,0.007991222222222188,0.006797000000000017,0.00419488649134812,0.002953011912786386,0.004263834569564756,0.004030703528882891,0.00407548887390425,0.004465812542144294
3.5780247777777783,3.3087108888888808,0.0055360000000000105,0.004686555555555552,0.007991222222222188,0.007187777777777744,0.0034917837473289947,0.0035416207710506423,0.0034321681465660225,0.0034354501517365366,0.004075946948409578,0.00433459593121277
3.5780247777777783,4.062024777777778,0.005305111111111119,0.00576944444444442,0.007846999999999937,0.007127555555555591,0.004036439249186548,0.0041308868157828435,0.0038436664044059904,0.003656704507137244,0.004215364729684153,0.004419163763066188
3.6326887777777808,4.174485666666669,0.005305111111111119,0.005691666666666626,0.008904444444444456,0.007127555555555591,0.003871833202201527,0.0038500505788447506,0.004719860627176146,0.003656704507137244,0.004352871754523982,0.003912667191188039
4.210276666666687,3.650046666666665,0.004876444444444437,0.004928888888888909,0.0072928888888890405,0.006632444444444454,0.0038722684352503352,0.003032756294962642,0.0038003709532375986,0.0035316659172661864,0.0035902877697841637,0.003979507643884909
4.080613214880604,3.6705803442531946,0.00480122154358691,0.006069627984453051,0.007414103275957904,0.007202332037756795,0.00394997751798252,0.003856744604313383,0.004368963579137741,0.0033626124100719383,0.004350067446043155,0.0037633655575539547
4.689205555555545,3.672619555555558,0.004752555555555599,0.005585888888888866,0.007418222222222327,0.007206333333333328,0.003862278085711263,0.003116564614283256,0.0035064635599984357,0.0037847775228571448,0.0036124319228571433,0.004470851502857153
3.8306506666666693,3.841292333333336,0.004752555555555599,0.006421666666666721,0.0076717777777777964,0.007049111111111136,0.004465933920000625,0.0039035190599979175,0.004185117719997666,0.004362812212499997,0.0035717016825000006,0.0044204425650000104
3.792686888888865,3.841292333333336,0.004680555555555503,0.005456777777777866,0.008952444444444456,0.005221888888888909,0.005344811111110442,0.004650577777777838,0.00485354444444397,0.004460611111111109,0.0042095333333333216,0.0050918999999999895
4.472890555555549,3.723732000000003,0.005167999999999988,0.0054827777777777505,0.007237777777777924,0.006843999999999974,0.004022702522502989,0.004651094566062955,0.004231192354706357,0.004283353705967335,0.0035722302478052984,0.004906656295143907
4.259021111111124,4.2281501111111135,0.004481333333333362,0.00622111111111106,0.008749777777777882,0.007030111111111145,0.004877144444448177,0.004273722222222887,0.004842999999997094,0.004282877777777784,0.004593544444444444,0.004104755555555556
4.259021111111124,4.119273444444439,0.004620555555555603,0.005781111111111139,0.008343555555555524,0.006472888888888899,0.004518279808867939,0.0047013334815000215,0.004671274586064129,0.004061162351372378,0.004278897655295039,0.004296955217246372
3.930631111111123,3.3475826666666664,0.004620555555555603,0.00498244444444445,0.008339444444444332,0.006472888888888899,0.003929666666665968,0.0041130666666696755,0.004436344444442853,0.00476903333333333,0.003568677777777783,0.005220255555555566
4.05291166666666,4.022344555555542,0.004678666666666646,0.006349555555555596,0.008339444444444332,0.0061523333333332415,0.004810709921123248,0.004724863904011008,0.0044358515720459585,0.004029052327519169,0.00445939340073325,0.004524908343517388
3.593720956086726,4.063778098943855,0.004871261812117818,0.006038465814341304,0.008025792106725889,0.005620566981656422,0.004531485390513521,0.004683357404734374,0.004868625708253564,0.004319964448394621,0.0044527719142317635,0.004621153205199425
3.6390521111111163,4.061520444444442,0.004218666666666692,0.005268999999999993,0.009367444444444336,0.006909999999999923,0.004531988888890245,0.004683877777779345,0.0043936666666676664,0.003818211111111103,0.004533588888888882,0.0047993666666666665
4.24456811111112,3.81637811111111,0.004877111111111098,0.005749888888888895,0.007796999999999857,0.006441111111111022,0.004539459939993204,0.004691410156686257,0.004674441604624805,0.004153128125347257,0.004534092676964099,0.005329647738637621
4.178641444444465,3.81637811111111,0.003989666666666657,0.005749888888888895,0.00817166666666659,0.007206333333333328,0.004348672074675833,0.004031781309034328,0.004640348927657077,0.004620991221246813,0.0046218690965663,0.00475721746860764
3.4984377777777813,3.914087000000008,0.004554999999999964,0.006012222222222283,0.00926711111111109,0.007192777777777752,0.00492409732252195,0.0049301077658044316,0.004639317853570276,0.0042505054993889554,0.005342961893123002,0.00484191756471504
3.634284000000005,4.173048333333327,0.004554999999999964,0.006250111111111166,0.007755111111111133,0.0066158888888888535,0.00407020780086575,0.004142204689407802,0.004974119346595623,0.004821535726191797,0.004322324702744753,0.004842993665962892
4.1511708888888785,3.5286111111111045,0.0046098888888888275,0.005607222222222221,0.007918444444444402,0.006207222222222204,0.004264737251418767,0.003979957782465514,0.004127219197864603,0.0041477724697255814,0.004491867570269971,0.004755949338962322
3.700953777777765,4.0903517777777685,0.005349333333333305,0.0066045555555555155,0.006865111111111075,0.006207222222222204,0.004857273030334808,0.004746594066005365,0.004191876875207147,0.004151394599399934,0.0044928658739859986,0.004628303144793874
3.8571163333333267,4.162653888888903,0.005163777777777767,0.00589566666666662,0.008339333333333305,0.0071643333333333776,0.004592911111109921,0.004774755555557263,0.005109766666665098,0.0048019888888888905,0.0044124111111111105,0.004627788888888898
3.8571163333333267,3.5228104444444552,0.004120555555555486,0.00592,0.007997111111111208,0.006523666666666669,0.003919802200247356,0.004002244693857112,0.00472434714968349,0.003957506389598847,0.004185998444271589,0.0046681742415824
4.0692612222222175,4.355495444444463,0.0050512222222221705,0.00592,0.00784055555555558,0.005231111111111138,0.004813377777779238,0.004661611111109842,0.004723822222222415,0.0047715888888889045,0.0043607111111111044,0.00435902222222221
3.463745222222214,3.740349111111123,0.005133999999999972,0.005790555555555521,0.00871211111111118,0.006401000000000027,0.004934596155982073,0.004269770025549846,0.004361470947672383,0.0038020886568159245,0.004360226641484272,0.004482979668925673
3.6643903333333334,4.379902777777792,0.005133999999999972,0.0065718888888888225,0.0070567777777777885,0.005635777777777721,0.004346661482057266,0.004269770025549846,0.00463801799800006,0.0041020553271858716,0.004476502610821004,0.004482979668925673
4.439927555555541,4.310157333333336,0.005384111111111109,0.005454333333333277,0.0073063333333332914,0.005221888888888909,0.004283542615844751,0.00422606956328602,0.004639048783197969,0.0035148238693188238,0.004499555506167338,0.004484720524502735
3.743261333333319,3.546777888888907,0.006342222222222225,0.005556888888888859,0.008829888888888842,0.007028555555555569,0.004970592156424001,0.004225130541052206,0.004665992667482908,0.0037004888345739404,0.004498555716031538,0.004483724030663273
3.7293367777777906,4.263463000000002,0.0053744444444444725,0.005556888888888859,0.0073362222222223125,0.006265777777777753,0.004094188888886821,0.004329222222223293,0.004666511111112629,0.0041457666666666745,0.0044204222222222235,0.004807033333333356
4.244414222222228,4.283709555555561,0.005761888888888894,0.005586555555555626,0.008700555555555588,0.007562555555555505,0.004441444444444819,0.003563555555555493,0.004693088888889937,0.0034347444444444526,0.0044204222222222235,0.004011944444444443
3.8764398888889042,3.9836674444444373,0.005059777777777837,0.0056441111111111344,0.008114222222222307,0.00616822222222218,0.004003158834537211,0.003059717971854735,0.003951905484593298,0.002914345045318174,0.003778567725262542,0.004200250416067632
4.389074999999997,3.9836674444444373,0.005822777777777807,0.0053531111111111175,0.008072333333333188,0.006696888888888926,0.004082880371423872,0.003120651207141713,0.0033804316071410164,0.0029723832285714377,0.0033012374999999918,0.003555821342857145
3.523277111111106,3.8819411111110944,0.005819777777777782,0.006153555555555634,0.006882777777777745,0.00798577777777777,0.0037275702987691946,0.0031224406854158133,0.004019947275921929,0.0028740004393673015,0.003155261423550099,0.003644452987697724
4.164527777777772,4.400073111111094,0.005723444444444503,0.0058074444444444024,0.0069497777777777344,0.006815888888888881,0.0029458319604605547,0.00336347062054058,0.00337435475013657,0.0037932454695222286,0.0031549148819330153,0.003690510708401971
3.4355194444444304,3.760519444444425,0.005723444444444503,0.005739555555555597,0.0069497777777777344,0.00784688888888891,0.0038091817682588095,0.00336347062054058,0.0035245908841294647,0.003034288852278955,0.0033959692476661194,0.003690510708401971
3.4393956666666683,3.7717957777777733,0.005647111111111158,0.005739555555555597,0.007244888888888844,0.007513222222222184,0.003828904019328801,0.0034840544695793536,0.0035242038216559165,0.003855073577860737,0.0034589830880738053,0.003416582473094652
4.127676333333334,3.7717957777777733,0.004689000000000042,0.005629666666666644,0.007376666666666686,0.005706555555555524,0.0031491817682616757,0.003975617792420059,0.003497814387698174,0.00351920922570015,0.003459362987369585,0.00397931905546401
3.6247139999999898,3.9147784444444373,0.005477444444444461,0.005629666666666644,0.007376666666666686,0.008214444444444425,0.004147215815488707,0.003514684239430039,0.004037638660073435,0.003079472817133425,0.0036564305326743534,0.0030185831960461156
3.744471888888888,3.3327912222222142,0.005364444444444456,0.005731555555555564,0.007370666666666637,0.007251888888888934,0.003820735859422991,0.004098967600218074,0.003849522240526082,0.00396093355299284,0.003656430532674353,0.003921812191103774
3.8031771111111037,3.5260335555555637,0.006077555555555571,0.006155222222222238,0.007765555555555458,0.00839444444444452,0.0035886261014733364,0.0031720882720816215,0.002921196352355791,0.003536294613422571,0.0042316301529373365,0.0035878346785152963
3.7996042222222415,4.2811465555555515,0.0053145555555556,0.005592222222222295,0.006875111111111091,0.008011777777777755,0.0035542306124980564,0.003895586475000785,0.0034975043999996734,0.003502400699999999,0.004915563074999997,0.004163755537500003
3.7996042222222415,3.550187888888887,0.005703111111111091,0.00595633333333328,0.007885777777777906,0.0067228888888889084,0.0045627263637343625,0.00473385179424389,0.004613976224860657,0.004533762915231647,0.005086034885012774,0.004308154649483394
3.951464000000013,3.6714995555555565,0.005058222222222162,0.0051152222222222345,0.008122777777777776,0.0073038888888889006,0.004563233333330333,0.0040340222222220576,0.004614488888885641,0.004179488888888892,0.005705488888888888,0.004233366666666667
4.521171000000019,4.33825577777778,0.006070333333333326,0.005269888888888907,0.009323777777777783,0.007872555555555513,0.004583255555551268,0.0045204777777756696,0.0043893333333326415,0.004770100000000005,0.005500144444444451,0.0051784777777777805
4.228963888888884,3.561244888888875,0.005919111111111085,0.005269888888888907,0.007683666666666669,0.007011555555555562,0.004050950105561517,0.004232814757193953,0.004389821091231666,0.00393974886098456,0.0046922769196577375,0.004420435603955994
3.540683222222217,4.052210666666649,0.005919111111111085,0.005370666666666759,0.008049222222222202,0.007744555555555583,0.004866774086007361,0.003735848427602327,0.00426722969218701,0.0042539726636293095,0.005518857650850081,0.004712812534726076
4.247795333333342,3.6804748888888907,0.0060641111111111225,0.008119333333333343,0.008049222222222202,0.006446333333333381,0.0043767085231669126,0.004024169352152078,0.0043809089898887285,0.0042539726636293095,0.004546860762306912,0.004712812534726076
4.08218044444445,4.1263863333333575,0.0060537777777777265,0.006990444444444362,0.007923333333333381,0.006112111111111121,0.004348061326516405,0.004017342517500033,0.0038482390845462795,0.004032096433729597,0.005573047439173421,0.0044699588934562886
3.5354185555555535,4.255325999999994,0.005340666666666612,0.006848444444444448,0.00830588888888902,0.0054501111111110575,0.004223677777782579,0.004017788888890866,0.004773844444446556,0.003973022222222215,0.004022733333333325,0.004174011111111123
3.881460111111109,3.500213000000006,0.006231111111111076,0.007953666666666612,0.00830588888888902,0.006240555555555558,0.004854344444448581,0.004070888888888489,0.004717666666667558,0.004588966666666682,0.004174522222222218,0.004587066666666649
3.881460111111109,4.2341291111111135,0.005928666666666693,0.00678911111111111,0.008282111111111077,0.006596222222222201,0.004670652294703783,0.004202444716082625,0.003722791421272831,0.0036793754861651376,0.004174986109567724,0.004587576397377468
3.9402704444444483,4.037158444444458,0.005928666666666693,0.007726333333333378,0.008164666666666697,0.007482888888888953,0.004670652294703783,0.004202444716082625,0.004599877764196848,0.00402593621513502,0.004453072563618174,0.004728180908989878
3.904241333333327,3.3704022222222347,0.005756888888888886,0.007806222222222184,0.006963666666666689,0.005883222222222311,0.004618968774311099,0.004320957884210082,0.0038558617624175006,0.0034352594732748104,0.004439226580731189,0.004686387376375144
3.8516017777777862,4.1788007777777745,0.004681555555555544,0.007806222222222184,0.008632222222222275,0.006681111111111113,0.004617942450841639,0.004567403621816988,0.0045770025552736415,0.004374869458949004,0.004438240195533827,0.004685346072658586
3.8516017777777862,4.159751777777779,0.00601588888888887,0.007519444444444388,0.007880222222222165,0.006998333333333366,0.004546472614156023,0.004567403621816988,0.004380535496056074,0.004062759693367406,0.004254149538940132,0.004702110876569273
4.002000666666668,3.6718197777777783,0.008771888888888827,0.010592222222222288,0.007880222222222165,0.005788666666666664,0.005006855555554543,0.004420566666662277,0.004393211111115471,0.004773155555555553,0.004254622222222236,0.004702633333333336
3.5509543333333418,3.2946453333333166,0.009173777777777836,0.011396555555555547,0.008203444444444468,0.009315333333333342,0.004426044444443278,0.0038353999999982437,0.004393211111115471,0.0041023666666666755,0.00426123333333333,0.004673533333333341
3.5509543333333418,2.526376111111126,0.009173777777777836,0.011118333333333317,0.028482888888888763,0.008834777777777822,0.004824866666663437,0.004670533333336065,0.0042476666666683765,0.004232533333333341,0.0048472111111111105,0.004235255555555558
2.6969888888888818,2.526376111111126,0.009142000000000058,0.010013111111111153,0.028482888888888763,0.010651777777777779,0.004193734029549707,0.004659237862459668,0.003678102433064176,0.003616187090323283,0.003945283857349184,0.004276669258971233
2.6978783333333167,1.7934474444444581,0.009403777777777815,0.011587000000000064,0.028504888888888878,0.012345444444444435,0.004187179202312208,0.0038249972225293176,0.004438495722695211,0.004467036995889329,0.004929163426285978,0.004276669258971233
1.8469396666666602,1.352159555555545,0.009403777777777815,0.01136577777777771,0.027446777777777796,0.01137033333333331,0.004853866666667588,0.004611000000000192,0.004377933333335212,0.004359233333333321,0.0046586666666666695,0.004352144444444459
1.3132617777777746,1.352159555555545,0.010025777777777814,0.010417777777777736,0.030101555555555496,0.01137033333333331,0.004735511111113687,0.004690033333332622,0.004377933333335212,0.004359233333333321,0.0038721666666666674,0.0051404555555555655
0.8795121111111258,0.5704945555555696,0.010025777777777814,0.01730688888888891,0.03126888888888877,0.015160888888888953,0.004735511111113687,0.0037536777777786613,0.041130988888887214,0.004246411111111104,0.00476392222222223,0.0051404555555555655
0.8795121111111258,0.09954700000000433,0.010020111111111145,0.016524000000000035,0.029999999999999954,0.01411066666666668,0.004758328703187019,0.004424491610182272,0.040507656406267085,0.004359351039004331,0.0048718524280475526,0.008859784420491177
0.02339444444444578,0.09954700000000433,0.007139888888888971,0.012252666666666617,0.03136866666666668,0.014906666666666625,0.003777835796023391,0.004348416842575911,0.040589823352955474,0.003648516831463173,0.004870769914453943,0.009833329630041113
0.0060214444444379,0.03232955555555843,0.005734444444444462,0.011448333333333357,0.029812999999999968,0.014091555555555562,0.004250537500000817,0.004892512500003221,0.04566862499999402,0.004105037500000002,0.004317062500000003,0.010340537499999993
0.0060214444444379,0.031394888888876774,0.0070788888888888325,0.011761888888888825,0.009322222222222207,0.016521111111111136,0.0030828357671427342,0.0037998374699982434,0.043056185361423534,0.0032692355428571504,0.003516122424285714,0.009939915532857136
0.006257888888891709,0.032732999999982186,0.0073917777777777385,0.013502888888888818,0.010596888888889015,0.013067444444444496,0.0037172445048712097,0.00274436891003926,0.04122060956265757,0.0037567187854067635,0.003953342397462061,0.008264887831407204
0.006322111111128632,0.03246277777776009,0.007268333333333309,0.012638333333333309,0.009588000000000029,0.012710333333333405,0.0035624858372953466,0.0037351121685939384,0.04106574892363977,0.0028889984137774882,0.0035637321549965876,0.009135825968728759
0.005340000000008635,0.03127766666665998,0.007268333333333309,0.011922333333333394,0.012427222222222294,0.01449855555555551,0.0037394131641530206,0.027682825421999846,0.04022917185907263,0.002958060496204822,0.004655647445338167,0.008848113741928157
0.006820222222232689,0.032520888888888703,0.007093111111111069,0.013757777777777808,0.01114011111111108,0.01528166666666664,0.003001823949245051,0.02698543106378603,0.041092353007816156,0.003705460518862589,0.004655647445338167,0.00712332615837769
0.007256222222218236,0.005787333333324165,0.007093111111111069,0.007665333333333339,0.00830422222222222,0.013004333333333347,0.003782358939494727,0.04849698617720709,0.003742000906417232,0.003373113528212106,0.00908738953093133,0.007871096759573983
0.007256222222218236,0.006071333333339782,0.0073792222222222046,0.007665333333333339,0.010188666666666773,0.013004333333333347,0.003000362524073721,0.04864908802537435,0.0037415769797256707,0.003363838223632027,0.009082213662626034,0.0037342358672255477
0.006667555555547248,0.0069667777777845516,0.0074375555555555,0.007742777777777753,0.00882000000000005,0.015094888888888906,0.003869065155810185,0.04809775637393357,0.003651093484422332,0.003364600566572226,0.00908427195467422,0.003310028328611899
0.006720555555552387,0.006551777777783881,0.008345666666666635,0.007742777777777753,0.010710333333333428,0.013978333333333303,0.0037205841000008673,0.04770626332999814,0.0036859389399931486,0.0034682976899999907,0.009046645319999982,0.0032394999000000015
0.00748144444444026,0.006551777777783881,0.007001222222222264,0.008036777777777794,0.012618888888889008,0.014482444444444416,0.0036748735875008565,0.04760534802000133,0.004290145724996282,0.0048892391737500015,0.00893549965499998,0.004102584663750007
0.007192222222228237,0.006370777777773482,0.007276555555555595,0.007238888888888894,0.0113442222222222,0.015407777777777713,0.03009294444444619,0.04898758888888703,0.004351777777774007,0.00495947777777778,0.010065711111111104,0.004161522222222229
0.00623855555555666,0.006726000000020981,0.007513222222222184,0.0065295555555554925,0.012932444444444377,0.013715555555555507,0.029550144444445755,0.04801599999999774,0.004677377777773649,0.009570688888888877,0.01031336666666667,0.004743244444444446
0.007470888888873459,0.006726000000020981,0.007513222222222184,0.007587444444444418,0.011294333333333345,0.01384377777777779,0.0420165333333355,0.024696177777777786,0.004677377777773649,0.00868890000000001,0.00861614444444444,0.004592744444444457
0.005990666666649405,0.006287666666670097,0.007036222222222222,0.006897888888888895,0.009926666666666861,0.015505666666666666,0.04282745555555955,0.024696177777777786,0.004827966666668873,0.008848733333333345,0.0095738111111111,0.005302288888888899
0.005913222222211011,0.0073024444444500765,0.008735111111111138,0.006836222222222195,0.010888888888888974,0.013194555555555513,0.04266391111111211,0.004532633333332746,0.003985644444442629,0.009003100000000009,0.004336511111111102,0.005284522222222218
0.006805999999995847,0.006797000000005938,0.0071203333333333466,0.006836222222222195,0.011799333333333372,0.01649211111111103,0.04266865207245349,0.003708156461831627,0.004875252805865508,0.008481986887431948,0.004109923324813867,0.004745138348705415
0.00706611111111973,0.005901555555561168,0.007004333333333316,0.006288222222222276,0.011799333333333372,0.013605555555555525,0.042308210198865014,0.004640328852352899,0.004989134540606296,0.009060271080990999,0.004856771469836682,0.00472051994222864
0.006212000000004991,0.005769222222220884,0.006096222222222183,0.006288222222222276,0.011493222222222205,0.014872888888888863,0.0424639888888881,0.0040062888888899,0.004267855555558716,0.008938377777777787,0.0040755777777777774,0.005316455555555547
0.04455477777777459,0.00694388888887766,0.014299111111111115,0.0064424444444444425,0.008130666666666682,0.011939222222222176,0.0424639888888881,0.004469433333326833,0.004381544444448259,0.007900422222222219,0.004969644444444456,0.00503121111111111
0.04424088888888239,0.005786777777782644,0.013897333333333331,0.006718333333333407,0.009756000000000025,0.014187111111111152,0.016695866666667475,0.0046317999999985204,0.004381544444448259,0.007900422222222219,0.0039678,0.00503121111111111
0.04424088888888239,0.005430222222205177,0.012508555555555648,0.006718333333333407,0.01182233333333333,0.014187111111111152,0.05205644444444918,0.04205789999999689,0.039454699999999496,0.008379888888888895,0.006764155555555547,0.00951693333333333
0.04406988888889727,0.006774111111099047,0.01366777777777786,0.006505666666666719,0.010621222222222098,0.01638411111111113,0.03874991111111431,0.0411043444444393,0.040257822222225556,0.00926077777777778,0.009882511111111115,0.009107133333333333
0.04504033333334216,0.006747000000005857,0.013694888888888911,0.006389111111111154,0.011919222222222144,0.017427000000000033,0.038643755555554556,0.04176677777777293,0.03926064444444598,0.008367911111111098,0.009372377777777786,0.00934227777777778
0.043864666666675274,0.005732222222225877,0.012986111111111046,0.01333144444444449,0.012378777777777789,0.017427000000000033,0.03804641626847688,0.040842193577060905,0.040083342593622805,0.008498833203689288,0.009373419268807652,0.009194521613512599
0.04512688888889393,0.04609277777778213,0.013997777777777802,0.014575555555555515,0.012330000000000002,0.020395888888888932,0.038853182979673336,0.04175074991667614,0.03918546828130337,0.008496944783912889,0.010500677702477495,0.00919247861348738
0.04502744444443529,0.04609277777778213,0.013246222222222296,0.014146111111111144,0.012330000000000002,0.020788111111111205,0.11540178869014998,0.1250068103544062,0.03904870569936914,0.012175713809576726,0.012703021886457064,0.009554705032774143
0.04502744444443529,0.04639444444443244,0.014457444444444474,0.014146111111111144,0.011877333333333222,0.017925777777777856,0.11454779419936144,0.25752488054228095,0.039959051005668135,0.011464540504500492,0.013348272030225592,0.011915890654517178
0.047507555555562755,0.045219777777775666,0.010983000000000015,0.016134333333333375,0.011877333333333222,0.03084644444444449,0.4532010333333353,0.5943462333333369,0.12735336666666325,0.011926911111111108,0.012452722222222226,0.011283955555555556
0.04673588888888642,0.09102411111110896,0.010888333333333241,0.01934844444444443,0.014452888888888776,0.028215111111111055,0.7120941660184503,0.7709272252472503,0.1273675186131758,0.017371630181131227,0.018900233359262133,0.015116279586620722
0.3183153333333293,0.21361366666668702,0.010888333333333241,0.01934844444444443,0.010798333333333293,0.028215111111111055,0.7363695666666625,0.733415466666669,0.331844766666666,0.01227902222222222,0.015252211111111127,0.009895977777777778
0.5760125555555583,0.21226977777779313,0.010808666666666591,0.019791888888888883,0.012979333333333306,0.02745511111111111,0.7363695666666625,0.7351227666666679,0.33104164444443995,0.014070222222222241,0.016268699999999994,0.010828555555555546
0.5750421111111135,0.52396622222222,0.009971444444444385,0.01952788888888889,0.013272333333333306,0.024634333333333303,0.737211923547055,0.734541949105457,0.7543330258917625,0.01407178575397268,0.016925647294143795,0.00988496499611067
0.665344444444448,0.52396622222222,0.022070222222222314,0.022939666666666608,0.01185055555555555,0.024634333333333303,0.7377321519831092,0.7362751138762372,0.7842548605710461,0.014258826797022554,0.01692188645706033,0.018052671925341636
0.6631894444444445,0.6658231111110935,0.021058555555555556,0.02169555555555558,0.022189444444444425,0.05981255555555561,0.765861527051244,0.7642408261237477,0.8150587935749982,0.01481888446125,0.01587387687000001,0.018761744096250005
0.6634906666666768,0.6668084444444402,0.022226444444444365,0.021999333333333287,0.023038888888888883,0.05986755555555551,0.6990001870246707,0.68978445383932,0.8300728932098446,0.010592909041087496,0.013054678553364767,0.018172589791500812
0.6647292222222253,0.6662765555555679,0.021015222222222185,0.023292222222222197,0.021907333333333452,0.07328699999999996,0.6700670126353732,0.5267246051444032,0.7953778091155228,0.010926037906137191,0.012749120036101081,0.014973138537906132
0.6231454444444404,0.667139111111131,0.01767577777777775,0.020591444444444384,0.131988888888889,0.06036633333333333,0.3270514159990962,0.18465246530519722,0.7065098725036688,0.010527789687464746,0.013328929256459433,0.015532889540787558
0.624286666666674,0.6219606666666854,0.01808511111111116,0.016158333333333275,0.17149222222222232,0.08410200000000008,0.06456129287003097,0.0050768388989162055,0.7064301669675108,0.005000304602888096,0.006783122743682311,0.011641719314079447
0.3527072222222311,0.49865522222221953,0.01808511111111116,0.017113555555555594,0.17149222222222232,0.08410200000000008,0.003930429877015856,0.008655534243483642,0.8424127496333099,0.021275493625183346,0.021457271804129544,0.02396608371883111
0.25790877777778104,0.5186419999999998,0.026621777777777845,0.023323444444444442,0.17054088888888905,0.09249244444444443,0.4029306216856572,0.0069218436195425835,0.8562964007672345,0.019516935574861775,0.01725851291887625,0.024379397495204812
0.3174412222222145,0.20616777777778833,0.026621777777777845,0.025667999999999976,0.1699522222222222,0.09645300000000005,0.40267081453069087,0.3988384927797868,0.4274999210288858,0.019514733754512622,0.020514384025270768,0.024992960288808676
0.22713888888888,0.41370866666665684,0.014494888888888823,0.01457888888888892,0.17080044444444456,0.09694366666666672,0.40206692620176343,0.39700238095238394,0.3962040171518881,0.01917575039494471,0.02114142405777478,0.016125761679079222
0.4244687777777725,0.23074344444444253,0.015084333333333257,0.015384111111111093,0.15771544444444452,0.05549899999999999,0.40394898114445255,0.4006052198359945,0.39786719872859544,0.018762990659788117,0.020259755666319688,0.01627399959106405
0.42556644444443414,0.23169988888887222,0.014903555555555573,0.014430222222222197,0.15836099999999992,0.05578488888888888,0.399919531599108,0.39489414333705536,0.3934428604920938,0.01849550319407112,0.02355112164762785,0.01604199548326355
0.44541444444444606,0.23257899999998702,0.014903555555555573,0.01406588888888886,0.15836099999999992,0.04236544444444442,0.4251679888888889,0.7532279333333334,0.7060448999999996,0.019207499999999985,0.023518944444444464,0.01762485555555555
0.44541444444444606,0.23171644444442388,0.014468777777777813,0.013297444444444475,0.04941088888888897,0.04288833333333337,0.42437061111111046,0.7523462222222246,0.7552234111111129,0.022664111111111107,0.02571357777777779,0.01707528888888887
0.4460549999999886,0.33270077777777063,0.013109000000000039,0.01427844444444452,0.007633666666666588,0.02474088888888885,0.7236679,0.7527847888888902,0.7556760111111108,0.022664111111111107,0.02571357777777779,0.022598766666666655
0.4556375555555406,0.3831816666666631,0.014126111111111112,0.020082777777777772,0.007633666666666588,0.03141977777777773,0.7247648738748776,0.7502194688298705,0.38190054450494504,0.008441693521502397,0.012273263695966213,0.010244671630181116
0.2916774444444299,0.36319488888888274,0.004509888888888863,0.013598555555555534,0.00787866666666659,0.01918333333333333,0.3317578222222264,0.7501361111111118,0.3681858000000031,0.00750045555555556,0.012867366666666661,0.008903933333333319
0.2344456666666651,0.3642366666666577,0.005373000000000024,0.010488666666666665,0.010669222222222293,0.0233555555555556,0.3314011777777747,0.36494301111110555,0.3677383333333337,0.008367033333333327,0.009358166666666671,0.009374599999999999
0.2344456666666651,0.15742600000001203,0.008232111111111095,0.011751777777777781,0.01076499999999984,0.024312444444444324,0.33187052549716645,0.36553097433618115,0.3682833796244838,0.008246272636373737,0.008744328407954671,0.010039340073325178
0.07290211111110997,0.15829355555557514,0.007642666666666662,0.010946555555555609,0.01076499999999984,0.024978444444444452,0.3301264192867452,0.36270816575936343,0.36618305743806284,0.00789786690367738,0.009439517831352075,0.012775269414509478
0.07140311111111765,0.15635177777779874,0.0074443333333333375,0.012114555555555642,0.06214388888888896,0.03189988888888884,0.3302003222222223,0.36330798888889465,0.3658254999999997,0.01171362222222222,0.005865266666666659,0.012776688888888867
0.050316555555557196,0.15585988888890118,0.019224222222222212,0.011186000000000067,0.10189411111111114,0.03189988888888884,0.3044054666666685,0.004434666666669943,0.05650512222222422,0.02973902222222223,0.011245866666666646,0.030704888888888896
0.07660555555556434,0.2511316666666769,0.018269999999999936,0.026863333333333315,0.10076266666666654,0.05007833333333325,0.38700240000000324,0.007108411111114303,0.1947225222222184,0.029501833333333338,0.026496311111111094,0.030704888888888896
0.07482377777778816,0.14952144444444257,0.02475255555555557,0.027049888888888894,0.10029555555555567,0.05559988888888887,0.08678121111111321,0.18280721111111278,0.19426992222222042,0.029501833333333338,0.026496311111111094,0.02643672222222222
0.372424666666676,0.4076848888888789,0.023735444444444496,0.021329333333333287,0.10140844444444458,0.05228322222222224,0.3624052883013003,0.18191202088657027,0.4244033885123847,0.028659793356293737,0.026523719586712582,0.029617275858237983
0.372424666666676,0.479750777777781,0.02815211111111113,0.020314999999999986,0.10107077777777779,0.05228322222222224,0.4052615666666621,0.48804683333333465,0.4479359888888866,0.032681433333333336,0.025931199999999995,0.030154466666666675
0.5265495555555492,0.47870900000000605,0.027288999999999973,0.025367555555555577,0.09727788888888889,0.04662633333333332,0.4044090454494936,0.4878707967551994,0.4474473497055167,0.03181839093232582,0.028117635292810302,0.029080031114568288
0.5272242222222303,0.4788422222222077,0.02446166666666668,0.025055666666666615,0.09826644444444455,0.04517877777777793,0.4047122888888879,0.4871880111111138,0.4473496111111107,0.03207727777777779,0.028868933333333322,0.02920743333333334
0.49262900000000326,0.47797466666664457,0.02446166666666668,0.025055666666666615,0.09901844444444446,0.04714322222222222,0.4047122888888879,0.4875376999999996,0.44820007777777787,0.03207727777777779,0.030203922222222228,0.025785677777777787
0.49176377777778024,0.4788812222222229,0.025084222222222213,0.025072111111111087,0.0461445555555555,0.04085344444444456,0.7559713365181642,0.48692407510276353,0.4479135207199186,0.03206949227863571,0.030200566603710705,0.026813387401399845
0.49288877777778206,0.478358888888882,0.013971444444444439,0.02576199999999999,0.021230444444444493,0.045786000000000056,0.7568809423269245,0.8087608845427215,0.4441934326036202,0.015973963773752632,0.02990396710745639,0.010792032448049773
0.4665997777777749,0.38430866666665986,0.01460711111111114,0.01219888888888892,0.04333477777777775,0.03282855555555564,0.674986676297368,0.8068923324813827,0.5801371930214471,0.013057395266140678,0.011887320813423726,0.013859628847649727
0.764648555555545,0.38430866666665986,0.015881888888888876,0.016580444444444373,0.04187488888888879,0.02117688888888895,0.6749116777777795,0.6308052222222248,0.5806075555555548,0.013055944444444443,0.012691288888888904,0.012602777777777768
0.45746511111110527,0.31463699999999845,0.016616999999999906,0.015541444444444412,0.04346311111111096,0.023570888888888836,0.3988627222222208,0.6308052222222248,0.35057173333333463,0.012707044444444445,0.012319844444444438,0.00949227777777778
0.4586243333333187,0.24355144444444302,0.012200333333333271,0.016979222222222232,0.042326111111111016,0.023570888888888836,0.35711454444444735,0.3257553666666663,0.32708628888888963,0.009660477777777787,0.012925999999999997,0.00895837777777778
0.3029198888888863,0.2442647777777691,0.013097888888888855,0.011926666666666641,0.043634444444444365,0.0223668888888889,0.365552831732677,0.3328673771499657,0.33481503619594505,0.009888745956989761,0.010175589571850387,0.009170055981596053
0.3029233333333347,0.24340133333334457,0.01210411111111112,0.012365000000000058,0.05282588888888877,0.026116999999999873,0.3710194932857149,0.33865548042857146,0.3400767758571406,0.009248059285714292,0.009566852142857143,0.008500024285714291
0.30173222222222446,0.2444501111111145,0.013461333333333375,0.013312666666666752,0.06771666666666674,0.026165222222222125,0.36131860491323026,0.32971620464277535,1.6983241604687804,0.009006254225828268,0.007257629028622923,0.012350833896777104
0.30270888888887587,0.24444622222222281,0.014220333333333378,0.012128222222222245,0.06771666666666674,0.024800444444444344,1.5720363687591585,0.34197528457117093,2.902399470303166,0.010638093091400895,0.008872534655697047,0.01197535219204329
0.5200707777777704,0.24383933333335034,0.013553222222222279,0.014103111111111054,0.054436333333333316,0.02491511111111105,1.5711071782736101,0.01567625647960584,4.715713263466309,0.007937299977462266,0.006948794230335801,0.009124712643678186
0.5200707777777704,0.2969916666666753,0.016282777777777747,0.01501399999999996,0.032332000000000055,0.022204444444444447,3.0988210704225323,0.8857225014084544,4.386727763380284,0.007780157746478879,0.006948011267605623,0.006013228169014111
1.1505158888889027,0.8333976666666685,0.009436888888888816,0.009464888888888882,0.033552111111111275,0.022204444444444447,4.1249775073247665,2.2299451318458376,5.511735530764032,0.007781034482758626,0.006682848771692567,0.006736330854180768
1.76141588888888,1.3475855555555731,0.008701777777777784,0.010376444444444449,0.03179455555555559,0.016948888888888902,4.124801521469626,2.2301964499041995,5.511687467598334,0.00767254592584245,0.006476682069198683,0.006172624816860134
2.2374847777777833,1.3466052222222265,0.009705333333333382,0.010383222222222186,0.03282488888888895,0.017771666666666717,5.617389191930576,3.341035872872757,7.047401228445845,0.007258311732221328,0.005861850557872184,0.006861512453510639
2.236763666666674,1.8721652222222172,0.008807777777777798,0.010383222222222186,0.03151655555555561,0.015832666666666582,6.647003694757148,4.254173572108572,6.598833626325718,0.007384263971428554,0.0066464452571428495,0.0033437691885714288
2.7985659999999877,2.604182999999997,0.009539444444444496,0.010062555555555502,0.021917666666666752,0.012636555555555677,6.5415615180471836,5.031708436517848,7.324400350207842,0.007962097785660713,0.007105937005797593,0.0036343644275846896
3.5050703333333284,2.603134222222227,0.0089311111111111,0.00911488888888881,0.007590444444444345,0.010839777777777906,7.599751444444442,5.92593137777778,8.067979922222227,0.007840222222222228,0.00699716666666666,0.003959877777777775
3.504093666666677,3.362915999999991,0.007321666666666696,0.010140333333333295,0.007590444444444345,0.010839777777777906,6.052378713476277,5.9132248972336425,6.87970877680258,0.0029161537606932414,0.0060688590156649175,0.00367272525274969
4.088906222222224,3.8994628888888707,0.007321666666666696,0.008245111111111135,0.00755666666666678,0.006486111111111291,7.507937551383183,7.398940051105432,6.552270869903343,0.003375880457726911,0.002887712476391512,0.002974758360182189
4.644223777777774,3.845088999999992,0.004882666666666739,0.005220000000000052,0.00755666666666678,0.004170222222222285,6.001389788888893,7.520016511111111,7.556883677777778,0.0027102888888888813,0.0035245555555555525,0.0037799999999999843
4.187557888888882,3.9274250000000093,0.004956222222222313,0.00603811111111114,0.00780955555555549,0.004170222222222285,6.635222511111111,6.1940569777777785,6.447578611111113,0.0031686555555555415,0.002981488888888893,0.0033861333333333253
3.5766578888889047,3.8782166666666553,0.004956222222222313,0.006099666666666713,0.008782222222222321,0.004294444444444503,6.634485346072659,7.263193278524609,7.84724460615487,0.0026604043995111567,0.003236762581935356,0.0033857571380957593
3.6617433333333342,3.8782166666666553,0.004789888888888921,0.004655111111111153,0.007751888888888954,0.003471666666666688,6.607864303966226,7.53573207421398,7.338504121764249,0.002666948116875919,0.0038090545494945216,0.0032320519942228582
4.3042156666666775,4.121432111111113,0.005464111111111139,0.005847222222222214,0.00942755555555566,0.0038559999999999584,6.684019902211354,6.707718446494057,7.449240404489384,0.0026675408378708902,0.003148072008000905,0.0033380042226913947
3.7417352222222338,3.8996675555555513,0.004732444444444441,0.004778333333333329,0.007902444444444533,0.003650222222222234,6.683277233333332,6.864206777777778,6.630876466666665,0.002798877777777761,0.003077700000000026,0.002999255555555549
3.6431467777777775,3.8996675555555513,0.005146555555555507,0.005944333333333379,0.008303333333333404,0.0032574444444443255,6.92811326666667,6.9209558111111145,7.087276022222224,0.0034649555555555473,0.003077700000000026,0.0031270777777777804
4.080167555555565,3.624215444444442,0.005593333333333265,0.005728444444444413,0.009256444444444512,0.0032574444444443255,6.92811326666667,6.9209558111111145,7.979317755555553,0.0029702333333333497,0.0032121444444444323,0.0034385555555555497
3.949154999999994,3.578216555555552,0.005593333333333265,0.004958888888888859,0.008651777777777604,0.003009444444444398,7.007647611111108,6.867793555555562,6.518542155555554,0.002924988888888903,0.0038871222222222244,0.0034385555555555497
3.393837444444444,4.214749666666674,0.005770444444444363,0.005902333333333331,0.009824111111111084,0.0028729999999998297,7.823263907100784,5.889424169352153,6.726705656184021,0.002925313923769321,0.0032509612179131057,0.0038902878097566273
3.6486064444444413,3.596007666666664,0.004785444444444348,0.005888777777777756,0.00835111111111115,0.0028729999999998297,7.061339793310366,7.346915457273029,7.486476275141682,0.003116668518724316,0.003924080453383703,0.003571807978664286
3.6486064444444413,3.582202000000002,0.005692666666666667,0.005591222222222254,0.007821000000000054,0.0028734444444445334,8.1095573,7.485136033333334,6.954547511111115,0.003116322222222236,0.0032047555555555435,0.004067766666666661
3.8037130000000166,3.582202000000002,0.004855444444444462,0.005591222222222254,0.007821000000000054,0.003960888888888903,7.444677788888889,6.981429833333331,6.706223655555557,0.003295777777777774,0.003493855555555536,0.003989911111111112
3.845268666666673,3.5661524444444446,0.0052444444444444595,0.005280111111111177,0.007680444444444293,0.003869111111111126,6.466690599999996,6.981429833333331,7.044406066666671,0.003847777777777771,0.003493855555555536,0.00400874444444445
3.845268666666673,3.0558992222222265,0.0052444444444444595,0.006056777777777849,0.00884266666666653,0.003982000000000005,7.496065826019326,7.266434729474508,7.0436234418398005,0.00303147428063549,0.0039706254860570845,0.004008299077880241
4.02794199999999,3.8962351111111073,0.005280777777777838,0.004890777777777799,0.00712622222222217,0.004044444444444493,7.3393782000000005,6.239249944444445,7.1853263999999974,0.0036495777777777647,0.004677377777777763,0.004198722222222207
3.5909212222222022,4.162394222222222,0.005240111111111112,0.004976888888888907,0.007796666666666773,0.004044444444444493,8.296980242249134,7.56423441493499,6.293983998222025,0.003649983331481262,0.003879686631847999,0.004362073563729302
3.701777333333338,3.671846222222232,0.005240111111111112,0.005891666666666654,0.007835444444444544,0.00436899999999992,7.55235827777778,6.130675966666663,7.640180866666669,0.0040465555555555385,0.003966355555555566,0.004779655555555559
3.701777333333338,3.815229888888881,0.005332777777777804,0.004948222222222181,0.006663111111111065,0.0037881111111111527,6.737611233333337,7.481573733333327,7.483213411111108,0.004441244444444434,0.003966355555555566,0.0035234444444444558
3.766486555555553,4.368042999999994,0.006362666666666665,0.005247333333333357,0.00822066666666663,0.004967666666666778,7.386000333296299,7.305968370181091,6.722780235529383,0.003791123208532381,0.004227352516387089,0.004296278191312077
4.392758666666674,3.677896444444438,0.0062161111111110525,0.004571777777777718,0.008213222222222033,0.004916666666666656,6.398503515967497,6.1561863564775,5.910139109017497,0.0038278484824999953,0.00426830362000002,0.003836788829999997
4.284492666666665,4.420641777777772,0.0062161111111110525,0.005352111111111077,0.008213222222222033,0.0038292222222222868,5.696917311702856,5.364721804500003,5.2257581318828565,0.0031187908799999936,0.0034512952885714506,0.003437397745714281
4.026108111111095,3.6672025555555545,0.006068111111111089,0.005186111111111065,0.007791222222222258,0.003955666666666641,5.6400767790684565,5.3111957257246,4.930626198263223,0.003260336077591072,0.00394382542009702,0.0033685914063381005
4.026108111111095,4.357848000000003,0.006068111111111089,0.004409444444444392,0.007664333333333397,0.003494555555555421,5.85812947214077,5.226491991879088,4.931182325738776,0.0036370742161064688,0.0029662418226934586,0.003368971351229408
3.8325031111111105,4.0732502222222395,0.005783444444444404,0.005688111111111067,0.007664333333333397,0.003587333333333436,4.5936661177532185,5.226491991879088,4.8858113467178,0.002333825851567791,0.0028567787051658106,0.0034146965937288535
4.3324314444444605,3.89254488888888,0.004816444444444438,0.005501999999999995,0.007201999999999882,0.003587333333333436,5.0360791925115596,5.448410014661105,6.288611762715693,0.0028099469944739036,0.002856456524190829,0.0025548776361790895
4.1179825555555505,3.89254488888888,0.005862888888888899,0.0058707777777778055,0.006245888888888848,0.0034683333333332834,5.077562670576293,6.459962963798354,5.824850028194433,0.002382846509529714,0.002785778730122936,0.0026839630089094345
4.1179825555555505,3.9444748888888883,0.005366111111111158,0.0058707777777778055,0.007770111111111157,0.00413977777777773,5.981616927935039,5.088802492387507,4.754702210443222,0.0019822375098680406,0.0032779745122363865,0.003335400924777257
3.9238471620570845,3.3905316005775825,0.005022325891369634,0.00579717871820502,0.007327002110407673,0.0029592358102853433,4.4264782991202365,5.31485474847733,5.841951443717578,0.002681186555380107,0.0027839160839160763,0.0029792127227611176
3.298882999999983,4.003920000000007,0.0042633333333333846,0.0066998888888889505,0.005950777777777935,0.0028131111111109578,5.764800247542856,6.802691024228573,6.2166554098285705,0.002567928685714281,0.0023325476571428396,0.0024687380571428636
3.5589658888888813,3.261174666666673,0.005263777777777831,0.005919555555555592,0.00720088888888901,0.0034381111111109817,6.797669352689668,6.68102033585966,6.105466361204693,0.002521999560054989,0.0027730454924384308,0.003423591963426461
3.7893015555555647,4.104414555555549,0.004348555555555578,0.006229555555555599,0.007138888888888831,0.003019111111111133,6.597256355555558,7.545964233333332,7.454102044444442,0.0030641777777777697,0.00337659999999998,0.0033226555555555693
3.7893015555555647,3.4137691111111006,0.005057111111111093,0.006229555555555599,0.006103555555555455,0.004053555555555693,6.890653855555555,7.56900677777778,8.25506533333333,0.003121255555555557,0.003761255555555525,0.004154266666666675
3.9859408888888894,3.7221101111111037,0.004955000000000018,0.006266888888888921,0.007679111111111168,0.0034092222222221994,6.889888312409732,7.56816587045884,6.845986312631927,0.003585990445506057,0.0031624263970669703,0.0034098989001222135
4.023998111111117,3.8475211111111145,0.004955000000000018,0.006362666666666665,0.0065178888888889714,0.0041679999999999495,6.9889669444444475,7.5176423333333355,6.397170077777778,0.0031170444444444394,0.004116200000000006,0.003980322222222227
3.455304000000019,3.8475211111111145,0.005010333333333388,0.0059141111111110775,0.008117444444444486,0.004011333333333491,7.430656106234026,6.521762529169911,6.911993077008553,0.003380531170130037,0.0034241360151127873,0.004015557284142688
4.163180011104949,3.7823603553581475,0.004308717379233777,0.005910827318156545,0.007496279844530767,0.003338034425319421,6.539136133333335,7.3920288111111105,7.633881122222218,0.003380155555555579,0.0036624111111111094,0.0033733000000000083
4.245636323218864,3.7857235745248556,0.004814271423807895,0.0057401356007558595,0.0072977659219738925,0.003941091474936114,7.522816800000001,7.394378966666666,6.563348122222217,0.003356666666666678,0.003923411111111118,0.0036293333333333394
4.732480111111121,3.8327683333333327,0.005577222222222172,0.004837444444444413,0.008408666666666658,0.0035125555555555682,6.388618277777782,6.146054977777777,6.678376455555558,0.0035340666666666687,0.003923411111111118,0.004110322222222228
3.86324311111111,4.5258427777777746,0.0045767777777777265,0.005892666666666596,0.007948555555555478,0.003891777777777803,6.846227358595402,7.340354761640178,6.679118579842205,0.004064718302033567,0.003960673408156444,0.0031411156795199445
3.7527645555555362,3.682602888888899,0.00541333333333327,0.005909555555555576,0.006897444444444487,0.004448666666666767,7.868616433333335,7.505540777777779,6.463787488888891,0.003447733333333345,0.0038711555555555584,0.003913622222222218
4.4525962222222315,4.521163111111113,0.004704777777777756,0.006822111111111085,0.008266444444444491,0.003882444444444349,6.3308313555555555,6.291400422222218,6.608203311111115,0.003633144444444449,0.0038637666666666882,0.0036826666666666613
3.6589726666666897,4.0950229999999825,0.004748222222222253,0.006180777777777715,0.0077575555555555245,0.003882444444444349,7.661381864651627,7.757755672852535,6.608937637515282,0.0031683631514612775,0.0038641960217802186,0.0036830758973219187
3.948329444444451,3.859432333333315,0.005389666666666651,0.0053754444444444145,0.0077575555555555245,0.003472111111110997,6.16915175555556,6.264894855555553,7.25456668888889,0.003777811111111116,0.003600577777777759,0.0037787555555555594
3.948329444444451,3.859432333333315,0.0042878888888888194,0.005690333333333402,0.007129888888888856,0.0034286666666665,6.386504166666666,7.225488688888885,6.768538411111114,0.0031239777777777684,0.003600577777777759,0.0036761888888888856
4.072446025569764,3.796221456364637,0.005290494719288416,0.00569349638688167,0.006226125625347385,0.003925736520288977,7.554809944444442,7.621479988888891,6.045882366666672,0.0037642333333333176,0.003618111111111097,0.004211666666666663
3.3929765555555558,4.33123266666664,0.004747444444444465,0.005931444444444465,0.006713333333333398,0.0036793333333334666,7.525233866666668,6.114472911111109,6.91812955555556,0.003099399999999984,0.0033320777777777633,0.004092688888888884
3.6514000000000175,3.6706677777777563,0.003982888888888919,0.005931444444444465,0.006604111111111009,0.0036793333333334666,7.525233866666668,7.359659922222221,6.532463366666665,0.003041588888888885,0.0033320777777777633,0.0036116999999999955
3.6514000000000175,3.629403666666652,0.004741000000000008,0.005950888888888963,0.007160333333333411,0.0033291111111110423,7.432578644444442,7.32994038888889,7.863960477777773,0.0030590111111111025,0.0034760555555555673,0.004272733333333331
3.8114745555555807,4.266318000000006,0.003904444444444464,0.005485999999999929,0.007160333333333411,0.0027722222222220775,6.409428877777778,6.102021000000001,6.549908711111108,0.0030590111111111025,0.0033811999999999918,0.0034998777777777777
3.879714444444441,3.427757777777793,0.004716111111111094,0.005645555555555583,0.0069261111111112135,0.00281366666666669,7.806910766666665,7.399217566666665,6.587362488888891,0.0034790111111111122,0.0030039333333333165,0.0035792111111111195
3.879714444444441,3.8109708888888845,0.003860111111111052,0.004970888888888957,0.007565333333333276,0.00281366666666669,6.477211522222221,6.974979200000001,7.575326299999998,0.0034790111111111122,0.003618144444444437,0.003962044444444449
3.763070222222218,3.9784295555555724,0.004105444444444433,0.005970111111111207,0.008404111111111156,0.0037213333333334163,7.719154066666665,6.974979200000001,6.872725466666667,0.0035924222222222216,0.0029279111111111165,0.003654311111111108
4.409425777777769,3.9784295555555724,0.004930222222222232,0.004820222222222251,0.00743222222222231,0.004098777777777822,7.448401655555559,7.626669766666669,6.762457622222216,0.0035924222222222216,0.00392174444444445,0.00375116666666667
3.5773827777777822,3.852609444444473,0.003930555555555573,0.006062555555555547,0.009096666666666704,0.003603888888888839,6.280095877777782,7.201004811111112,6.762457622222216,0.0036747555555555634,0.003914555555555551,0.003215688888888892
4.436122333333313,3.315489222222267,0.00412811111111111,0.005599888888888849,0.00769422222222222,0.003774555555555479,5.2966983368000005,7.16139928465,5.857814275949994,0.0036545444000000075,0.0034729376499999993,0.0026419666000000023
3.6894398888888547,4.100866333333367,0.00412811111111111,0.0061089999999999695,0.008101000000000112,0.004732999999999876,5.3685992192,6.003464342399998,5.026733891199997,0.0030508912000000044,0.003520081599999999,0.002677830400000002
4.40626933333331,4.25295300000001,0.004519888888888879,0.0059788888888888305,0.0067547777777778135,0.004079000000000043,5.200381245083717,4.8464409821328225,5.035394696033267,0.002970446117541285,0.0028756152376671474,0.0028746151252949698
3.7006942222222077,3.6160386666666557,0.005896111111111127,0.005401888888888904,0.007925666666666548,0.004918666666666738,5.200381245083717,6.376933801550735,6.0113005281492295,0.002970446117541285,0.0030796269243735215,0.0028746151252949698
3.7041072222222184,4.142999222222241,0.005084444444444496,0.005001222222222188,0.00839244444444434,0.0048254444444444135,5.344643054619015,5.065583816588001,5.017876758822202,0.002497954596538544,0.003573140031467753,0.002679073949202066
4.208184333333318,3.321847111111159,0.006073888888888886,0.005574222222222246,0.00668655555555553,0.0048254444444444135,6.154815913688469,5.129804450438296,5.070938075972129,0.002497954596538544,0.002951888064733646,0.0022918521015958663
3.4974862222222027,3.5543904444444303,0.0059243333333333465,0.004574999999999996,0.006845777777777803,0.003996777777777775,4.8980862006967065,6.462806090571975,5.298792864366778,0.002484267895269131,0.0037258905494999286,0.0027204180244971288
3.6792526666666467,4.014390888888911,0.005099555555555549,0.005742444444444396,0.00841522222222224,0.0038853333333334445,5.0582552820858595,4.832765992357835,5.354205169701061,0.0032095639469543647,0.0034144976399190794,0.0025822544391998136
4.244886222222198,4.088693222222194,0.006003666666666716,0.005506222222222215,0.006750777777777847,0.0038853333333334445,5.903828826702629,5.223241717239829,6.328410833895261,0.0024786918408631065,0.0026721622836592546,0.0025822544391998136
3.386146666666668,4.088693222222194,0.005822888888888835,0.004871666666666682,0.0076392222222221315,0.0039297777777777855,5.834144693017142,6.628756274721432,5.239633755839997,0.0030583520157142913,0.003185264578571435,0.002872986977142839
4.001026333333357,4.0151292222221855,0.005822888888888835,0.005394777777777786,0.007478333333333254,0.002971333333333388,6.586317353886032,6.503044495083376,6.708682541341103,0.00377834440828543,0.0035919100082822874,0.0034677400436773365
4.084456777777784,3.2112322222222045,0.005522111111111154,0.005343222222222228,0.007478333333333254,0.0037206666666666564,6.321631036781863,7.5863174019335515,7.446231303478164,0.003626502944771659,0.0038948549838870913,0.0037876986331814603
4.084456777777784,4.008534222222251,0.004817333333333353,0.005343222222222228,0.00751511111111114,0.0032735555555556163,7.617124636070672,7.0760783864873895,6.481170074452722,0.004315657295255047,0.003191676852983661,0.0037876986331814603
3.774526777777788,4.206138111111108,0.005390333333333312,0.005645777777777836,0.005913555555555543,0.002857111111111187,6.076072258637929,7.074506099322298,7.972942973003002,0.004169758915676031,0.003429441173202967,0.003785479391178748
3.94866655555557,4.206138111111108,0.00492955555555557,0.00578355555555553,0.007396777777777746,0.0036221111111112395,6.927251083212977,7.042440551049887,6.932634796133764,0.004169758915676031,0.003429441173202967,0.004334673925119425
3.94866655555557,3.9193447777777997,0.005000111111111119,0.006357333333333277,0.006398777777777594,0.003194666666666753,6.92802077777778,6.896873422222219,7.2135951666666696,0.0042530666666666635,0.0034465000000000008,0.004109188888888887
3.7177160000000087,3.4593443333333203,0.005000111111111119,0.005189888888888877,0.006169888888888883,0.0034656666666666386,7.009920542161982,6.896107188090208,7.427491334296189,0.003535873791800914,0.00346720364403955,0.0036713587379180075
3.710301000000022,3.5624241111111385,0.004882111111111106,0.00568444444444448,0.007494999999999882,0.004376444444444319,7.423310155555557,6.653441800000003,7.301052855555555,0.0040864888888889,0.0034675888888888885,0.0040804888888888915
3.710301000000022,4.253735444444475,0.005052777777777844,0.0063752222222222,0.006606555555555597,0.0041679999999999495,6.484640844444446,5.576475611111109,7.301052855555555,0.0038454555555555653,0.0037830888888888818,0.0037931000000000154
3.917155333333338,3.5419223333333827,0.005052777777777844,0.0053429999999999745,0.006557999999999867,0.0047603333333332805,7.1454572047550275,7.093793856238191,7.235351238751253,0.003098466837018106,0.003994356182646371,0.00316967003666259
3.6480254444444555,4.349220444444453,0.00483511111111105,0.005727222222222217,0.00768111111111125,0.004011000000000012,7.1454572047550275,7.036340362181972,6.2284224197311415,0.003798555716031551,0.0035471614265081726,0.003323875124986125
4.352341888888886,4.052839999999985,0.004810555555555516,0.006485777777777813,0.0064734444444446305,0.004126777777777788,7.1855059882235315,6.859119097878014,7.2940362070881,0.0031095544939451153,0.0042922119764470645,0.0038852127541384313
3.890787333333315,3.328275555555542,0.005038444444444482,0.006220999999999934,0.008262111111111243,0.004126777777777788,7.18630437777778,6.859881222222223,6.99226356666667,0.0033796000000000073,0.0035666111111111115,0.003400677777777781
3.783797777777788,4.153875333333317,0.005225666666666721,0.005510222222222182,0.006778888888889038,0.00401744444444437,6.653707133333333,6.698812666666666,6.99226356666667,0.003915777777777787,0.004173633333333328,0.0036377000000000063
4.231723666666666,3.5801602222222253,0.004417888888888931,0.006364444444444494,0.008403666666666847,0.004662555555555454,7.754727222222224,6.471728777777778,7.019956722222222,0.0031229777777777826,0.003824933333333339,0.0030812555555555636
3.6345522222222324,4.345160444444446,0.005497888888888901,0.007116222222222253,0.008363333333333304,0.0036745555555555147,7.343900988998777,6.472447938659851,7.076731681297923,0.0036382042449161077,0.003118635403933767,0.003881109012112465
3.8194509999999964,4.218585777777763,0.005362111111111093,0.005615555555555534,0.007866888888888942,0.0035264444444445234,6.094483888888887,7.014832433333334,6.24004446666667,0.0038213666666666595,0.00454486666666666,0.004004588888888889
4.677593333333334,3.527274444444427,0.004525444444444421,0.00597288888888888,0.007866888888888942,0.00316411111111117,7.3225791199022074,7.984905011667962,7.253548883209248,0.003175841760195572,0.0038727303033670394,0.0038884542726969726
3.8558593333333295,4.244629555555548,0.005422333333333344,0.0068621111111111495,0.008083555555555696,0.003368000000000038,5.832106477777776,6.465911355555556,6.608918144444444,0.0038245888888888847,0.003934700000000011,0.003888022222222229
3.9024331111110975,3.4373314444444785,0.004790888888888962,0.005584888888888924,0.008028222222221932,0.0039012222222222846,7.0916707444444445,6.508148388888892,7.493286244444442,0.0031244222222222163,0.004360099999999991,0.004013144444444441
3.806041666666665,3.6786569999999807,0.005271888888888891,0.005888666666666629,0.00906555555555539,0.0037878888888888997,6.589969122222226,6.497186166666669,7.549758244444448,0.003851099999999987,0.004339188888888895,0.003451744444444451
3.806041666666665,4.36528433333332,0.005462999999999971,0.005179444444444453,0.007276888888888778,0.0037878888888888997,7.631782698077564,7.309992899211022,6.359669052116903,0.0031609178797644094,0.004339671074563846,0.003954661629069901
3.9615469999999835,3.5396845555555454,0.004747111111111085,0.006255777777777836,0.008219555555555364,0.0038323333333332406,6.511991221246806,7.7522329481053465,7.4928464718301955,0.0033569841093454675,0.0042444049338815504,0.003943927103011443
3.942613555555555,4.32897044444442,0.005615222222222154,0.004827777777777777,0.008327777777777516,0.0031872222222221564,6.802147949772198,6.806949049894433,6.082146649627731,0.0033569841093454675,0.004165862873652636,0.0043013779308812145
4.5985216666666835,4.126547111111096,0.004976888888888907,0.005154111111111131,0.0070275555555553305,0.0038186666666667358,5.6550059641775015,6.690657600762499,4.864812305962493,0.0027935495224999836,0.0040946923350000065,0.003442040192500005
3.8554043333333543,3.498092333333312,0.005058222222222261,0.006006222222222234,0.007516888888888771,0.0030560000000000465,5.723236589060002,5.252153991662857,4.92350882824285,0.002097219085714275,0.0027248151028571536,0.002953660925714296
3.7922684444444412,3.966215222222218,0.005588888888888891,0.00495811111111117,0.007516888888888771,0.0041120000000000176,5.6407074128399,5.477396750535935,5.407780029335437,0.002706442513821498,0.003258783707548248,0.0024107412839896275
4.332466777777781,3.9906741111110735,0.005239222222222198,0.005130111111111132,0.007520222222222373,0.004156222222222302,5.6407074128399,6.439044409342213,6.1739091616834045,0.0024541464515401073,0.002525273609387341,0.0032381473541690142
3.754763000000013,3.9906741111110735,0.005239222222222198,0.006033999999999947,0.006452444444444754,0.0036230000000000554,5.748617477152209,6.001175595170942,5.275870924066346,0.0024541464515401073,0.002795396592575888,0.0024881191470156796
3.96871533333332,3.8483168888889043,0.004922666666666705,0.004971666666666646,0.0070031111111110225,0.0037583333333333574,6.136832979803673,5.173646981834593,5.027713065553421,0.0025439693106171658,0.002513934333747041,0.0032614464628229747
4.395667888888915,3.920143333333322,0.00490700000000002,0.005436333333333328,0.0070031111111110225,0.004076888888888735,5.079203553700358,5.852895961191331,6.3580378384476495,0.0031855257220216597,0.002513650722021663,0.002750891245487369
3.668935222222242,3.920143333333322,0.00490700000000002,0.004359999999999945,0.007883666666666993,0.004172222222222368,6.4826567238267145,4.478323691335738,5.207601962996395,0.002442069043321304,0.002721152978339354,0.002772168321299638
4.039844555555546,3.7846627777778146,0.0051376666666667565,0.005378444444444439,0.007311111111111442,0.004172222222222368,5.070739930046259,5.941307311294144,6.29159739365904,0.002983538305314234,0.0027618075143856294,0.002866907367708448
3.844765888888863,3.9668678888888786,0.0046960000000000335,0.005375999999999949,0.00830022222222245,0.0040387777777777245,5.573809572919686,5.146857491119228,6.451610768310746,0.0025706965099883718,0.0028449470068561376,0.0035094825940171744
4.351694555555545,3.9668678888888786,0.004720444444444441,0.004523888888888846,0.006982222222222371,0.004529666666666543,5.457844992838787,6.524720688885768,6.317383302552411,0.003154953153902632,0.0027857571330927137,0.003436466881874135
3.5566881111111193,4.0485418888888995,0.004808111111111124,0.005154999999999947,0.008370000000000112,0.003473666666666573,6.56314006221531,7.364557438062443,7.518675158315751,0.0035690145539384556,0.0033825241639817804,0.003888201310965445
3.6011874444444505,3.306727888888923,0.0049651111111110625,0.004946222222222198,0.007917222222221909,0.003288111111111134,7.711848822222214,6.41836647777778,5.968547388888893,0.0039919999999999895,0.0038237666666666543,0.003693211111111113
4.252168444444427,4.1506980000000215,0.005566777777777748,0.004711777777777846,0.00898977777777748,0.0038708888888887576,7.483873855555551,6.695408833333331,7.090186744444445,0.0039919999999999895,0.0037245888888888926,0.003693211111111113
3.9465525555555767,3.992085777777801,0.004755444444444399,0.005487888888888885,0.008371444444444463,0.003340555555555409,7.21086737415269,6.696152850316698,7.222110190021112,0.003982009112123566,0.00327790865651739,0.0035872763640404518
3.5195999999999814,3.833523333333334,0.004925666666666631,0.005023222222222204,0.008371444444444463,0.003901777777777819,7.210066166666674,6.478165044444448,6.380008044444446,0.003349422222222213,0.0037863444444444384,0.007010000000000004
4.0034264444444085,3.833523333333334,0.004925666666666631,0.0058268888888889005,0.007909999999999763,0.0036856666666665997,7.203845093899322,8.3700220468941,6.380717013001445,0.0040416712968107515,0.003658928769863315,0.00800918990999
3.8604412222222084,3.978016111111073,0.004909222222222158,0.005743444444444437,0.006749555555555355,0.004026111111111064,8.734458515720474,6.928106088212422,5.313165692700815,0.007378324630596612,0.0038824130652149852,0.007557060326630373
3.9083013333333336,3.7307445555556016,0.005473444444444395,0.004667777777777814,0.007184666666666494,0.00580644444444446,7.7816140888888885,9.000038711111117,4.1462169444444505,0.007379144444444455,0.004567344444444454,0.007763933333333341
3.4013726666666524,4.336769000000004,0.005454777777777784,0.005885999999999984,0.008933888888888773,0.006296111111111182,7.7816140888888885,7.595519866666669,4.1462169444444505,0.009109455555555574,0.007059888888888906,0.009050877777777775
4.26045577777778,3.7869721111110772,0.005441444444444462,0.005254888888888884,0.007546111111111032,0.006296111111111182,6.381657595288364,6.663569085453937,2.602811812423599,0.008943915990665633,0.006312568063118116,0.00890042226914103
4.167011555555544,4.6656023333333305,0.005410333333333344,0.00581422222222224,0.007821444444444757,0.009365444444444255,5.233550505611742,6.664079097677518,2.6035239248805406,0.008120591176797434,0.006675308367596395,0.008280964551616865
3.5160305555555675,3.8216322222222314,0.004808666666666659,0.005144777777777776,0.006748888888889187,0.010602777777777838,4.095991399999998,5.488968744444443,1.481595288888891,0.009114877777777803,0.006598166666666649,0.009296733333333345
3.7185888888888665,3.9167841111111055,0.005592000000000041,0.0054828888888889754,0.008710111111111097,0.010602777777777838,3.153791822222213,5.488968744444443,0.47360328888888625,0.008846511111111132,0.006598166666666649,0.009177422222222235
3.7185888888888665,3.926869888888885,0.005362333333333346,0.006426888888888884,0.010268888888888958,0.011451555555555536,3.1546003333333252,4.225360511111107,0.004122255555549891,0.008846511111111132,0.006959822222222236,0.006407766666666673
3.929771555555565,3.926869888888885,0.005362333333333346,0.006253666666666627,0.0089071111111111,0.010872222222222148,1.7793763999999945,2.3350017666666663,0.0050485666666683455,0.0091553888888889,0.007022655555555566,0.004612966666666678
3.986454111111117,3.946970444444459,0.00489255555555553,0.005318666666666596,0.010121333333333303,0.011565333333333231,0.2479609777777796,2.3350017666666663,0.005332844444442091,0.005787277777777776,0.0070978666666666815,0.005386355555555562
3.477764555555546,3.936563111111102,0.00523422222222219,0.006207444444444457,0.010327444444444705,0.01118211111111103,0.0044022444444398925,0.2647349777777698,0.0041280888888921815,0.006410666666666657,0.006027900000000016,0.004753244444444443
4.1450489999999975,3.8792566666667074,0.004496777777777696,0.005618222222222278,0.008578222222222426,0.01020155555555549,0.0044022444444398925,0.2653559777777746,0.004988388888891551,0.004077155555555545,0.004311333333333331,0.004260588888888904
4.007304999999987,3.8792566666667074,0.004891999999999995,0.006443444444444483,0.00957166666666688,0.010614666666666711,0.004288300000000492,0.004006811111109541,0.0050155444444454945,0.004433099999999999,0.004893922222222208,0.00377374444444444
3.5160515555555527,3.507778666666632,0.0049961111111111525,0.005031666666666644,0.00929644444444438,0.008622333333333485,0.004935018331294545,0.004115198311294902,0.004303032996332777,0.004432607488056881,0.004089901122097541,0.004645383846239291
4.000638888888868,4.236114777777757,0.0049961111111111525,0.006104333333333342,0.00929644444444438,0.006802222222222278,0.004614634959448985,0.003956039559953459,0.005201500166676739,0.004301222358039777,0.0045880875652850525,0.004600966774086006
4.026586666666693,3.699685222222191,0.005071555555555484,0.006048777777777718,0.0076932222222221795,0.007380555555555625,0.0046136095989424974,0.004551594267303162,0.004247616931450811,0.0037639928896789263,0.004587068103544072,0.004064092878569036
4.481061111111154,3.727693111111118,0.004154666666666628,0.0051047777777778105,0.007789666666666683,0.006585888888889003,0.004768618735420952,0.004457839759973982,0.005166262918102623,0.004752416935215005,0.0046514501611290065,0.0043017001889098655
3.786052000000028,4.191020777777794,0.00497400000000001,0.005491555555555571,0.007789666666666683,0.006585888888889003,0.004613662410005715,0.0037631310224988395,0.0041020749299934866,0.0036297187612499868,0.003870245726249995,0.004161916387499988
3.801642111111101,4.014671777777798,0.005252666666666746,0.0065706666666667255,0.007671888888889021,0.006555555555555673,0.003882572066580787,0.004028359723913029,0.0035485282176185504,0.0034845209094599983,0.0036857998375964215,0.0037288773853024672
4.395283444444481,3.527568666666664,0.004346777777777848,0.005681888888888863,0.006041555555555474,0.006738555555555693,0.003655217214779167,0.00362264514819747,0.0035485282176185504,0.003342001624035734,0.0036857998375964215,0.0037288773853024672
3.7279990000000303,3.7001617777777436,0.005257777777777781,0.0062375555555555335,0.007634777777777658,0.006738555555555693,0.003655217214779167,0.00305534916768152,0.00344778725131777,0.003342001624035734,0.0037563743402354833,0.00386411896061712
3.602087222222205,3.7001617777777436,0.00425755555555549,0.005412333333333328,0.007632444444444294,0.006953222222222167,0.0036879021617747362,0.003910037552011712,0.003529970567333412,0.0035225210595757664,0.0032238404546838613,0.004363229473256859
3.602087222222205,3.993557666666675,0.004370444444444468,0.006075111111111081,0.006663666666666599,0.005221333333333276,0.0030969853836772944,0.0033451481932591474,0.003993239951271499,0.004059165651644336,0.004068757612667487,0.003566940722695893
3.9158583333333405,3.831691333333361,0.005355222222222227,0.005002444444444384,0.00806377777777772,0.006734666666666556,0.0033611184410765544,0.0037137521567015084,0.0031731147873738097,0.003270618085862167,0.0035421090023343,0.00347856490409012
3.73019922222223,3.831691333333361,0.004496444444444513,0.004933555555555537,0.006736111111111301,0.006851444444444374,0.0033614596021038666,0.003657795371507107,0.004002405602922697,0.0042896366220056825,0.003542468534307741,0.004121183516037336
3.764578333333298,3.7669030000000325,0.005516111111111203,0.006285555555555532,0.006770777777777682,0.006769666666666612,0.0035220338982981576,0.003699462092767671,0.003163838424842956,0.0033872120166446927,0.003608910991576161,0.0033076829392063214
4.189417444444442,4.100431555555537,0.0054175555555555895,0.005268333333333332,0.006770777777777682,0.006769666666666612,0.004275435610006359,0.00422365753249712,0.0038521735949968564,0.004015220592499998,0.0038137059124999932,0.003922987887500005
3.4602282222222636,3.458381888888855,0.004526333333333336,0.005087000000000015,0.007381222222221991,0.007104222222222253,0.004446977777784393,0.004393122222219228,0.004006733333330064,0.0048422000000000005,0.004639566666666678,0.005020477777777788
3.6452921111111007,4.004668222222235,0.00547822222222215,0.005087000000000015,0.00838577777777753,0.005026111111111102,0.004837811111109937,0.004661933333336619,0.0049242777777780905,0.004943500000000003,0.005241633333333329,0.005020477777777788
3.6452921111111007,3.786527444444447,0.0045672222222222164,0.005020999999999967,0.007717777777777713,0.006597999999999931,0.005402966666663487,0.005394055555554032,0.0047261444444473,0.004943500000000003,0.005005544444444433,0.0047193444444444555
3.7650103333333695,3.786527444444447,0.005631444444444474,0.005629555555555518,0.006726666666666622,0.007119333333333305,0.004519711111108728,0.00445802222222369,0.004019988888896048,0.004726944444444443,0.005005544444444433,0.004871811111111112
4.2650718888888965,3.8582868888889204,0.005230666666666631,0.006027777777777842,0.008033888888888896,0.007119333333333305,0.0053538333333370425,0.005385655555556923,0.004420122222223692,0.00480856666666666,0.004643055555555566,0.0054846666666666785
3.9733438888888992,3.920341000000008,0.004982222222222197,0.006027777777777842,0.007865888888888704,0.006500888888888865,0.0050096000000065845,0.0044323555555555085,0.004420122222223692,0.00480856666666666,0.004759066666666694,0.004609777777777784
3.878513000000011,3.920341000000008,0.004982222222222197,0.005984555555555598,0.008817666666666687,0.006935777777777751,0.005568377777780458,0.004761133333325853,0.004347433333334847,0.004561344444444434,0.005500744444444453,0.004729811111111124
3.3896594444444825,4.142369888888879,0.0047283333333332485,0.005366111111111158,0.007127777777777943,0.0065165555555556495,0.004954800000004096,0.004913766666665728,0.005202122222232535,0.004561344444444434,0.005096633333333363,0.00528000000000002
3.6206171111110863,3.3455136666666982,0.00466199999999992,0.006091666666666681,0.008630999999999982,0.007878777777777816,0.004321833333334111,0.0040501111111173795,0.0040657444444526115,0.004580677777777783,0.004351577777777804,0.0042667444444444485
4.123183999999987,4.022716333333341,0.00466199999999992,0.005193888888888844,0.008095000000000062,0.0065409999999999574,0.004321833333334111,0.004977744444449033,0.004750377777783557,0.003914800000000002,0.004452288888888887,0.004230199999999993
3.916711000000002,3.964520555555535,0.0044480000000000075,0.006372555555555555,0.007090444444444523,0.007259333333333334,0.004481222222224801,0.004257011111107545,0.003832833333335531,0.004323711111111113,0.0038502222222222366,0.005037922222222223
4.563092333333316,3.904833333333348,0.0044480000000000075,0.005253888888888941,0.007680555555555519,0.0056874444444445045,0.004419377777777653,0.004255055555562296,0.00433886666666044,0.004323711111111113,0.004073044444444457,0.00439672222222222
4.288743111111116,4.458650333333329,0.0042750000000000045,0.005890222222222304,0.007680555555555519,0.005885666666666604,0.004948844444451576,0.004255055555562296,0.00433886666666044,0.004550966666666669,0.00465540000000001,0.004428588888888894
3.788681555555589,3.5863427777777463,0.004558222222222241,0.005605777777777772,0.007698000000000131,0.006639888888888853,0.004114722222223261,0.004261111111112036,0.004415511111114749,0.0038822888888889002,0.004737111111111115,0.004236799999999998
4.111544666666659,3.6269452222221745,0.003821888888888915,0.005605777777777772,0.007248333333333475,0.005745000000000013,0.004316166666669119,0.004934677777774886,0.005107488888894649,0.004626100000000004,0.0046367666666666625,0.004839400000000001
4.097158666666625,4.420698777777742,0.005047888888888865,0.005699222222222251,0.007275444444444427,0.006004111111111223,0.004409711111113287,0.004621155555546529,0.004272733333339021,0.004433555555555567,0.00456550000000001,0.004719533333333337
4.097158666666625,3.6254732222222024,0.004998222222222262,0.0049656666666666955,0.008189111111111202,0.006209111111110962,0.0044266777777769075,0.0038151444444341426,0.004266322222216938,0.004433555555555567,0.003962666666666652,0.00464486666666667
3.934159888888897,4.482672888888879,0.004343777777777823,0.005291333333333389,0.006685888888889165,0.004846888888888796,0.004017555555550859,0.004570166666662582,0.004266322222216938,0.004248866666666678,0.0048378111111110995,0.005148888888888885
4.176109999999982,3.805470222222236,0.005240000000000085,0.006127777777777807,0.007095333333333306,0.005666333333333403,0.00476104444444382,0.004254888888888155,0.004488544444438642,0.004782711111111115,0.004064255555555554,0.005015577777777793
3.6038777777777495,3.84789444444444,0.005476444444444519,0.004949111111111096,0.007095333333333306,0.005888111111110996,0.004148077777773867,0.004254888888888155,0.005326699999994529,0.0038051222222222165,0.004882844444444429,0.004207855555555563
3.5274417777777676,3.4044113333333272,0.005476444444444519,0.005938999999999991,0.00690855555555577,0.005888111111110996,0.0041772888888908085,0.004381522222209987,0.0042687777777782945,0.004446088888888882,0.004712777777777773,0.005117177777777781
3.787801555555537,3.6928455555555755,0.005971111111111149,0.0054833333333332845,0.007973111111111012,0.006658444444444535,0.003647416953666478,0.005042628596818253,0.005172769692257279,0.0034622597489167833,0.004129963337406953,0.00438551272080881
3.787801555555537,4.238167000000026,0.005198555555555571,0.005369666666666619,0.006648444444444125,0.0063443333333334335,0.004528522222220962,0.004109500000001592,0.004189833333331055,0.004411811111111108,0.004386788888888885,0.004645577777777778
3.593595666666665,4.0355035555556045,0.006148888888888908,0.005369666666666619,0.007251111111111344,0.0063443333333334335,0.0043021249999952715,0.003865425000006084,0.003935087499995049,0.004126500000000005,0.004425949999999991,0.004548349999999996
3.8135760000000123,3.2417500000000374,0.005850444444444491,0.005092111111111051,0.0072412222222221585,0.00607233333333331,0.0034475532771428325,0.0031367480057249335,0.0038019691114237883,0.003252833502857137,0.0035475278657142832,0.003630111368571428
3.8135760000000123,3.9972169999999907,0.005134333333333352,0.006061111111111098,0.007982777777777747,0.006898888888889035,0.002660200067441472,0.003883488816464345,0.003603787793639866,0.0038051028436551612,0.003301551084635268,0.0038173991232999895
4.071734222222202,3.6305458888888706,0.006309111111111124,0.005009888888888882,0.007982777777777747,0.006898888888889035,0.0036600314712864064,0.0031197257502559653,0.003603787793639866,0.0029263796785433233,0.0033802292907721596,0.0033075418680454166
3.8331831111111367,4.336682111111108,0.005412888888888863,0.005364444444444456,0.0077878888888890515,0.007171999999999833,0.0037393009665117397,0.003412542144297408,0.0036422342099360285,0.0031362328613171553,0.004063946954371753,0.003279287480332642
3.8331831111111367,3.80616733333333,0.005419555555555474,0.006034999999999988,0.008745444444444436,0.006231888888888864,0.00326083389526614,0.003412542144297408,0.002794470667566622,0.0031362328613171553,0.0032359743762643265,0.004075073050123631
3.9561061111111386,4.63329622222222,0.0059777777777777616,0.005045111111111093,0.007416888888888609,0.007706111111111093,0.0036964032820092944,0.0031717882432373643,0.0036227155220868285,0.003301472406429142,0.003481791615151183,0.0031556816904574694
3.7061753333333503,4.283738666666674,0.004591888888888877,0.005412000000000047,0.007575555555555743,0.005588444444444384,0.0043627697841804045,0.0030655687949603092,0.0033675134892135025,0.004045604766187048,0.0040912544964028874,0.003815422661870497
3.7061753333333503,3.7384172222222234,0.005747999999999939,0.0047491111111111674,0.008619000000000277,0.006484777777777772,0.0034713836124572544,0.0035558278071221422,0.003974339665054127,0.0030849949421153174,0.0036918174665617645,0.003613734966842756
3.892637777777812,4.067317333333298,0.005733444444444421,0.006519777777777828,0.007233888888888787,0.0075964444444443936,0.004329892305993227,0.0025191786824299077,0.002965558431443392,0.00300013822158059,0.003588661120554208,0.002618449448038028
3.805377777777772,4.067317333333298,0.005638555555555493,0.00663711111111118,0.007727888888888954,0.006479333333333257,0.004284541619996166,0.0034276311337485973,0.0038125008224984954,0.0029687151937499994,0.004379258981249997,0.003561474408749997
3.805377777777772,3.89875655555559,0.006256222222222244,0.005668111111111133,0.0073616666666664644,0.0063668888888888855,0.005217031440952846,0.00404700588823435,0.00443630707699123,0.003868414620597734,0.004500222197533605,0.004298422397511383
3.851642555555575,3.9491221111111376,0.005081444444444472,0.0068099999999999584,0.0073616666666664644,0.0063668888888888855,0.004946611111105564,0.004646477777776503,0.0044367999999997835,0.004673800000000005,0.004444588888888887,0.004876344444444451
3.781168111111078,3.941255555555573,0.006063999999999996,0.006383222222222232,0.007454999999999817,0.006062555555555547,0.004124802755853664,0.0037446938548774842,0.0041191132348019225,0.003932592510278921,0.004369341037893115,0.004134137126347392
4.303738222222213,3.941255555555573,0.005703555555555598,0.006525777777777779,0.007590000000000035,0.007602000000000134,0.0048106555555512565,0.004719755555560331,0.005156144444449575,0.004929411111111103,0.0043688555555555725,0.003950166666666647
3.610869888888879,3.8171842222222447,0.005721222222222168,0.006525777777777779,0.007590000000000035,0.0061277777777779055,0.004637173647375115,0.004664959448941928,0.0043372069770078285,0.004565237195867118,0.0043511387623597405,0.004694589490056629
3.9901472222221757,3.876349888888854,0.0067229999999999365,0.0060981111111110394,0.007807000000000071,0.006902111111111214,0.003978991223196447,0.004632651927559938,0.004445983779575293,0.004401310965448305,0.004325630485501608,0.00404289523386289
3.9901472222221757,4.3243970000000145,0.005566888888888875,0.0060981111111110394,0.008030222222222013,0.007286333333333259,0.004726655555551751,0.0041481777777742455,0.0038462222222237735,0.00440180000000002,0.00382038888888888,0.00438061111111111
3.920339777777776,3.529034000000037,0.005541777777777806,0.005419777777777727,0.008030222222222013,0.006174666666666637,0.0037553505945142145,0.004863340371151875,0.004797855317261573,0.0044199022113568225,0.004753094788309819,0.004381097899766641
3.981263777777814,4.243164111111128,0.0052775555555555605,0.005714777777777711,0.008153111111110908,0.00697000000000002,0.004566377777777574,0.00473454444444125,0.0038949666666670477,0.004419411111111116,0.004570144444444454,0.004398666666666667
3.981263777777814,4.155325333333319,0.00465988888888881,0.005714777777777711,0.006864111111111034,0.005617999999999926,0.004315079453268571,0.004210256695184009,0.004122213579283763,0.00441422380264471,0.004570652294699421,0.003760440048894326
3.89348533333335,3.614431222222215,0.005630999999999967,0.005376666666666709,0.008429222222222421,0.007215111111111049,0.004092311965342182,0.004465492723028234,0.005067803577379666,0.004134196200422172,0.0044570936562604,0.0039033996222641765
3.4579938888889252,3.7030977777777583,0.00520177777777775,0.005282999999999976,0.00815644444444451,0.006884111111111264,0.004757049216756769,0.004465492723028234,0.004440751027667946,0.004639295633818465,0.003856549272303049,0.004831852016442601
3.7482884444444204,4.340860666666635,0.0045812222222222,0.005026111111111102,0.007063888888888907,0.0060549999999999216,0.0040717190798970435,0.004178353150354233,0.00418122013556568,0.0036429603289254457,0.004649605511723516,0.004793521502389151
4.2543584444444305,3.6378031111110736,0.004818888888888928,0.005026111111111102,0.008651333333333296,0.0060549999999999216,0.00421496832980671,0.004383509278811682,0.00418122013556568,0.004015801755750655,0.00457000777864206,0.004048494277141914
3.423855777777792,3.671709555555582,0.004853555555555605,0.005123666666666675,0.008204333333333284,0.006471666666666605,0.004650027780856871,0.0044782309145505,0.004269074341593527,0.004055261695743966,0.003993421491276801,0.004840660073341484
4.19061900000002,3.8294981111111057,0.004853555555555605,0.005123666666666675,0.006937666666666805,0.004751000000000024,0.003901855349400781,0.005045639373407767,0.005071692034222187,0.00405436062659704,0.004790223308521265,0.004020719920008878
3.9881475846751435,3.827371793448078,0.0048467518045529935,0.00492359800111055,0.007984675180455465,0.006209328151027273,0.004760500000000117,0.004832900000001434,0.004121155555556773,0.0041366000000000016,0.003858577777777751,0.004867244444444448
3.890631999999995,3.823346111111126,0.004868555555555629,0.0047052222222222625,0.0074001111111113484,0.0054174444444444626,0.003948616820357328,0.003999944450618926,0.004830085546051309,0.004621486501499833,0.004235829352294185,0.004406899233418497
4.49444978893575,3.323540102199533,0.004867473894690142,0.0054660075538769835,0.008485780937569704,0.00608575872028435,0.003964692811909863,0.004692300855464752,0.0048229307854707965,0.0038094656149316856,0.0049269192311965195,0.004406899233418497
3.7860059999999676,4.095605777777767,0.004730444444444457,0.0046634444444444674,0.007998777777777615,0.004489999999999958,0.00422512222221864,0.00449277777778434,0.0038768555555558732,0.0040695111111111,0.004676233333333341,0.004568944444444445
4.527285666666659,3.3086695555555505,0.0049212222222222565,0.0051152222222222345,0.006792777777777796,0.006036999999999972,0.003560706745192249,0.004493277030787761,0.0044692521391287285,0.004172263584842748,0.0046767529725525135,0.004470574508278698
3.7144210000000286,3.4948441111111306,0.0049212222222222565,0.004559000000000029,0.0077141111111112244,0.005886888888888899,0.004474755555555197,0.00471978888888221,0.00449129999999324,0.004171799999999987,0.0047293444444444456,0.0039062222222222237
3.90679144444448,4.20038811111115,0.005254222222222223,0.00545844444444447,0.007183000000000088,0.007008333333333284,0.003541744444447658,0.004617644444446492,0.004970511111110908,0.004135688888888883,0.004522666666666674,0.004750811111111116
4.4948527777778,3.6146223333333487,0.00493944444444446,0.004632444444444476,0.00618977777777769,0.0058173333333332924,0.003901333185208858,0.003998477946895768,0.004121508721253627,0.004189178980113304,0.004522164203977345,0.004626952560826588
4.158754777777783,3.8521689999999786,0.00493944444444446,0.005803333333333309,0.007930777777777584,0.006339555555555679,0.00410504871000759,0.003609182290000638,0.0034911951199965117,0.004407924919999982,0.003918955600000013,0.004868557680000013
3.6090729294052397,3.8543102834908067,0.004944969427459709,0.0057836575875485725,0.0068831573096162346,0.006306281267370777,0.003267818034160806,0.003144964682393305,0.003562818780170701,0.003564596324300595,0.003999354986022418,0.004060018153018953
3.7546763333333124,3.824359999999969,0.004924222222222182,0.0057968888888888515,0.007549222222222183,0.006302777777777793,0.0038387561964869686,0.0036852185669214135,0.0034905362775955015,0.0028741662911221156,0.0035126408292023266,0.0032708877872915806
3.1505599022005044,3.825210046677008,0.004925316737052638,0.005036008001778107,0.006463102911758089,0.006907979551011354,0.0032521406038797038,0.003497757999098414,0.0027420347003086695,0.0037161333934204624,0.003418871113114026,0.004210748084722852
3.8710944444444775,3.8131033333333515,0.005424777777777736,0.005780999999999913,0.007047555555555758,0.0069064444444444624,0.0030480058584949144,0.0034759801712424955,0.0035411333934211404,0.002919659756647156,0.003481309148264995,0.0033156038756196474
3.614152999999988,4.52751900000001,0.0054934444444444275,0.005553666666666679,0.007047555555555758,0.0064426666666665975,0.003581773121550877,0.0034755885997463545,0.003514002478309599,0.0031327137546468564,0.0034809169764560208,0.0032687281739326537
4.150359777777794,3.7035815555555525,0.0054934444444444275,0.006451333333333291,0.007922555555555594,0.006854222222222243,0.0034460290638802737,0.0033026698208855664,0.0027033795201142873,0.0037234088092824207,0.0031889940295144747,0.0041452179790469725
3.892659444444437,3.7375924444444437,0.005087222222222169,0.006188444444444466,0.00846077777777765,0.005732777777777858,0.0034460290638802737,0.0032130900078842037,0.0032043595809361923,0.00346772558296721,0.00349569674439564,0.003288926439112306
3.7690511111111142,3.7375924444444437,0.005411999999999948,0.006188444444444466,0.00846077777777765,0.007548333333333367,0.0032991323943611273,0.0039040225352088053,0.003885340845070613,0.002794512676056344,0.0034964845070422643,0.0031827830985915336
3.7852043333333416,3.577587333333314,0.005411999999999948,0.0061716666666667115,0.007593222222222412,0.0070261111111109805,0.002509134685709507,0.003142152982856256,0.0029955508571469997,0.0036483433428571538,0.003675101228571457,0.003874641777142867
3.7852043333333416,4.205203444444427,0.005662444444444464,0.005299555555555576,0.008959444444444546,0.00664033333333336,0.0034645562249991262,0.004025010270000227,0.0038048769300003484,0.004198169550000017,0.004137302835000017,0.004510891349999992
3.8175270000000032,4.120381111111127,0.0050928888888889376,0.005487888888888885,0.00729266666666659,0.007556222222222273,0.0035111123458153163,0.004079097677519954,0.004611623513728395,0.0042545838426492,0.004192899211023463,0.0045715079453272495
4.319798999999977,4.120381111111127,0.006296444444444463,0.006254000000000007,0.008780444444444492,0.006282888888888986,0.004445744444448489,0.004332911111104763,0.00461111111111576,0.004293299999999988,0.00475335555555557,0.004173411111111124
4.228274444444449,4.070142333333328,0.004962888888888925,0.005507888888888917,0.007118333333333264,0.0070183333333333,0.004591732414715503,0.004364451605734478,0.004443060340037849,0.004860651183464823,0.004159239915546192,0.005060417824202687
3.7439362222222474,3.8487228888889153,0.004985222222222222,0.005355666666666635,0.008659999999999791,0.007055444444444467,0.004620533333335983,0.004363966666667176,0.004410499999999553,0.004651933333333312,0.004870777777777789,0.004276033333333312
3.7636588888888887,3.8487228888889153,0.00587588888888894,0.005313888888888939,0.006863666666666528,0.006083666666666648,0.003840404489382605,0.004524269363262594,0.005042504722748632,0.0040697633070341035,0.004968418713190356,0.004150161129014332
3.779037444444435,3.768138777777747,0.005135555555555647,0.004677333333333324,0.00684088888888902,0.0067226666666666554,0.004674897210798329,0.003945427269695776,0.004069052116906309,0.004265062784753868,0.004056761862429156,0.00453759306589622
3.314584444444437,3.768138777777747,0.005025777777777821,0.0063886666666666475,0.007612555555555882,0.00551133333333335,0.004540044444447568,0.004217166666664854,0.00423518888888926,0.004264588888888896,0.004890866666666657,0.00463635555555557
3.6977621111110848,3.872290222222243,0.005958888888888896,0.0052345555555555695,0.007572666666666648,0.006799777777777886,0.005148866666669645,0.004217166666664854,0.004974211111110726,0.004222099999999992,0.003875144444444426,0.0038974111111111007
4.402977999999975,3.8993600000000397,0.004799111111111051,0.006406777777777824,0.007134777777778033,0.005760555555555572,0.004674022222219934,0.004211322222221586,0.004116411111114518,0.004138533333333324,0.004236566666666667,0.0038869000000000143
3.6792422222222037,3.9164906666666566,0.0058493333333333244,0.006444333333333398,0.007134777777778033,0.005766222222222142,0.004674022222219934,0.004916744444446724,0.004128422222223094,0.004138533333333324,0.004881733333333342,0.004521288888888895
3.975282333333376,3.9164906666666566,0.005247111111111104,0.005678222222222276,0.006984000000000003,0.0068737777777777695,0.004553850427823594,0.004155383931554549,0.004693710412269457,0.004099155461717982,0.0037225358373152513,0.003992410267807522
3.859845888888888,3.9394005555555447,0.005247111111111104,0.0067541111111111525,0.008202666666666482,0.006138333333333456,0.0045021553160740375,0.004047072547499948,0.004946239306741806,0.004010821019886668,0.004564381735362705,0.00402725252749695
4.334410111111083,3.9466415555555416,0.0052781111111110945,0.0060113333333333685,0.00754288888888905,0.005458555555555597,0.0044106234025947655,0.004774841649071789,0.0049695410601242745,0.003964362706967471,0.0038533170352261126,0.004028147571952443
3.7763826762909174,3.944450194336465,0.00558967240421983,0.006452415324819561,0.008267406996113301,0.00545552470849532,0.004959071214306811,0.003870247750250729,0.004337062548610085,0.004594011776469296,0.003793489612265278,0.004262415287190333
4.060817999999977,3.9972994444444545,0.005592777777777731,0.0075630000000000116,0.0067002222222222315,0.006458555555555635,0.004124763915115599,0.004536507054776474,0.004907199200087039,0.003874013998444613,0.004752405288301287,0.004601788690145531
4.509656555555567,3.9972994444444545,0.005595777777777755,0.005851666666666687,0.007381222222221991,0.005854333333333431,0.004726641484276958,0.004323286301521739,0.0049263415176091915,0.004526730363292956,0.0039179424508387906,0.003939262304188421
4.202510000000024,3.8520112222222456,0.0046626666666666795,0.006910555555555556,0.007599777777777601,0.00637488888888882,0.00457946666666626,0.004323766666666352,0.004187866666667459,0.004207744444444451,0.00483502222222222,0.004473855555555554
3.4972941111111346,4.036786333333314,0.005759222222222249,0.00675988888888885,0.0066714444444440826,0.006788888888888857,0.004054588888889852,0.0040222333333351425,0.005049655555557328,0.003688255555555557,0.004453511111111114,0.004682488888888892
4.295377498889405,3.42278764993337,0.005308529542425516,0.0055614171479342125,0.008193913816081436,0.00586472678809422,0.0048565222222233875,0.004008277777771241,0.00489795555555064,0.004417644444444449,0.003808344444444439,0.004048100000000012
3.498974444444432,4.515310777777763,0.009391444444444435,0.006930999999999996,0.006860555555555377,0.005674111111111084,0.004041728696807132,0.004522241973116373,0.004904766137093235,0.004235384957226973,0.004382479724475056,0.005129118986779262
3.1545926666666575,3.782569222222214,0.009391444444444435,0.00585511111111112,0.007570222222222454,0.010816888888888779,0.004158073119232437,0.003965829536614292,0.004032614734968439,0.004304467163018117,0.004395943993777094,0.00468885431714636
2.6800284444444618,3.40186555555556,0.009760555555555625,0.010521888888888893,0.006688333333333359,0.010366222222222277,0.004438844444450751,0.0037635666666694257,0.004008455555554255,0.0037415999999999778,0.004395455555555564,0.004688333333333344
2.6827464146748197,3.403756531406341,0.008559977765425284,0.010144858254585885,0.007654030016675835,0.011758421345191793,0.0046002000000034595,0.004578433333332694,0.004568399999996586,0.003972077777777787,0.004633411111111137,0.004608344444444443
1.9440854444444793,2.6933956666666745,0.00978399999999999,0.009032222222222231,0.0282960000000002,0.01180299999999986,0.004775697630003591,0.004061346614995158,0.004150731330002908,0.004123612545000009,0.003814566825000013,0.004029625365000015
1.4952468888888892,2.694184000000001,0.009550888888888862,0.010149777777777777,0.027860333333333327,0.01180299999999986,0.0036848040114320496,0.0033561894457169207,0.0033235125314301887,0.0035114282971428733,0.0038870835142857277,0.004106230417142872
0.9732711111110904,2.0519435555555297,0.010544888888888852,0.010237222222222207,0.026808222222222296,0.011746666666666647,0.0030760574530662122,0.003821872879447399,0.004034155168518291,0.0035225062203121534,0.003543474327075323,0.003985308753675657
0.9732711111110904,1.242452000000008,0.00944833333333328,0.01587644444444446,0.02957555555555579,0.013157111111111066,0.004077244967205261,0.003183895046373462,0.0031569667496075446,0.0035225062203121534,0.0030401266681746096,0.0030777765211490683
0.17445042240995673,1.2430044464206393,0.010165073365940443,0.01588350377945755,0.02890784793241455,0.014881280569141866,0.003260981678356379,0.0033760687627341604,0.003397263062661651,0.003506684008142933,0.003984053381587858,0.007213888260574529
0.17556477777775906,0.1524428888889007,0.005478666666666657,0.015237666666666608,0.031463777777778056,0.01724877777777777,0.004070365343285616,0.003423402330046037,0.04271495305960839,0.0036481619726275254,0.003988790860762348,0.006113663612713488
0.0056728888888654995,0.1532232222222471,0.006584000000000047,0.016180333333333293,0.030882555555555614,0.012106000000000075,0.0037671039240102094,0.0034226280673908195,0.04270529232161008,0.0030901051679294435,0.00311744882958273,0.008741366052244718
0.0066940000000007185,0.034889111111119246,0.006078777777777766,0.012546111111111122,0.030882555555555614,0.014209888888888857,0.0035367337706367946,0.003473388373667638,0.04291294955891951,0.004062067405564358,0.003908866772223493,0.008742354670888942
0.0054664444444622665,0.034889111111119246,0.007134777777777737,0.012334555555555503,0.03213866666666674,0.012824222222222225,0.0034749688949197344,0.0026442596991290393,0.0433384571880975,0.003185963126343164,0.008629227462956671,0.008858794254043666
0.0055191111110717535,0.03462711111109861,0.006764888888888858,0.012334555555555503,0.01149244444444422,0.015164777777777793,0.0040341156142808315,0.04266908694285073,0.04256826265713664,0.0033526227428571356,0.007904997842857144,0.008966099814285694
0.006472111111078347,0.03383877777777242,0.006058333333333326,0.012568555555555546,0.011700111111111196,0.018013111111111257,0.003974977412495189,0.04288104513749381,0.04242640767500365,0.008979751262499986,0.008587255437500036,0.00883466108749998
0.0065056666666755015,0.03493122222223772,0.00591644444444444,0.012519444444444479,0.013771666666666961,0.016260444444444546,0.042887598622074447,0.04268837648627009,0.043105978442041906,0.008939404378264236,0.008548672074674999,0.009856261806867406
0.007162666666671511,0.00563199999997879,0.007107777777777812,0.005858666666666679,0.012028777777777815,0.019747222222222287,0.04239689965551745,0.043708689854419766,0.043105978442041906,0.009746527391932438,0.009463807089676653,0.009856261806867406
0.006068444444432923,0.006962777777769387,0.005793666666666673,0.007720111111111076,0.011183222222222296,0.01898488888888888,0.0423874791689814,0.04281880902121,0.04295977113653743,0.009030596600377762,0.009375713809576722,0.006474613931785352
0.0059690000000248095,0.005970000000009653,0.006860333333333321,0.0069917777777777825,0.010771333333333171,0.015696444444444464,0.042424433333336085,0.04323596666667128,0.0037697222222227026,0.009060744444444456,0.008797922222222216,0.007153255555555545
0.0059690000000248095,0.0061827777777681255,0.009729999999999944,0.00749077777777776,0.010615333333333076,0.01961188888888879,0.04259810000000326,0.04323596666667129,0.004666111111122165,0.009681511111111107,0.013456577777777782,0.004824977777777764
0.04413888888888728,0.005860666666649195,0.008999999999999947,0.006458222222222156,0.011513888888888602,0.018203666666666705,0.042810876569270136,0.07680852127541286,0.004784157315857895,0.010268270192200871,0.01267799133429619,0.004824441728696798
0.045201555555548924,0.005860666666649195,0.012731444444444408,0.006746222222222246,0.00856722222222217,0.018203666666666705,0.04216117098100055,0.07766257082546293,0.003811098766809479,0.010268270192200871,0.008218497944672824,0.005884723919564472
0.04386344444446877,0.005732666666669199,0.012731222222222253,0.006746222222222246,0.012633555555555552,0.019237888888889013,0.07432085555555387,0.03783648888888851,0.037631055555564785,0.013637433333333332,0.00877225555555558,0.005225722222222223
0.04382100000000517,0.04325488888889595,0.013526555555555635,0.007427777777777737,0.01216966666666666,0.016389555555555546,0.07527794199355319,0.037839148794316525,0.037657795310584975,0.008433570396710745,0.0079786754083787,0.009512012445827321
0.044080777777809194,0.04216244444443065,0.012674444444444532,0.012172888888888839,0.010098111111110895,0.0219476666666666,0.036339384512820136,0.03860374402844047,0.03677942450839372,0.008431696478169094,0.00880375513831794,0.009296144872791942
0.043423777777813186,0.04265711111111159,0.013051666666666685,0.012172888888888839,0.011124444444444492,0.018478777777777785,0.03661252222222009,0.03758783333333484,0.03785336666667483,0.009503166666666644,0.008623200000000008,0.009297177777777806
0.04420177777779423,0.041326333333320996,0.013051666666666685,0.011460333333333357,0.011124444444444492,0.017523555555555567,0.12258926666666527,0.03855783333333484,0.12411316666667145,0.012275311111111098,0.0077818444444444764,0.0131760888888889
0.043109333333328934,0.04240366666666281,0.01309622222222225,0.011460333333333357,0.01319500000000002,0.023715111111111083,0.2645070214420602,0.1816485723808463,0.1240993778469107,0.012005832685257163,0.012472158649039002,0.013153116320408843
0.0443254444444392,0.0422136666666625,0.009121222222222237,0.011194111111111127,0.012883777777778013,0.025662000000000126,0.2638953666666658,0.18166875555555528,0.2675599777777712,0.012094444444444446,0.007814888888888887,0.012418811111111108
0.1526795555555509,0.04217044444446098,0.014197555555555576,0.011802000000000017,0.01285933333333331,0.02451922222222219,0.6613639515501764,0.46465031670186524,0.6330179019891045,0.018705167240804527,0.009643893765973991,0.01345453939326592
0.15161688888888927,0.05340033333333041,0.009954222222222224,0.016482444444444393,0.01285933333333331,0.027344666666666524,0.7121230666666681,0.7236834333333348,0.6329475666666614,0.018703088888888886,0.009471222222222214,0.011385855555555562
0.485386555555528,0.052631555555560934,0.009095555555555536,0.017077777777777747,0.010143000000000138,0.02286977777777762,0.6794249666666714,0.7667615777777744,0.7198540888888769,0.016444888888888884,0.008918377777777755,0.021628822222222226
0.48447599999998503,0.21294877777775886,0.009125666666666614,0.01504466666666667,0.010373222222222171,0.02943566666666659,0.6796358960115606,0.7658444172869583,0.720218364626153,0.015997766914787246,0.018121575380513243,0.017341662037551376
0.5662928888888625,0.38849244444443487,0.021159333333333308,0.010033111111111086,0.010373222222222171,0.03670088888888894,0.6806119888889018,0.7659393222222235,0.7202983888888892,0.016859255555555567,0.017296644444444426,0.017453355555555525
0.5662928888888625,0.5725665555555679,0.019590777777777787,0.010033111111111086,0.01744444444444445,0.034858555555555566,0.6797743917342584,0.7658542273080783,0.7198175869347783,0.014980024441728716,0.01774846128207974,0.01745141650927672
0.5667400000000069,0.5725665555555679,0.020951444444444474,0.016595222222222244,0.01744444444444445,0.054476444444444404,0.5948206022891438,0.7658913434826035,0.6329928214245972,0.013322302478053116,0.01828210912323587,0.013943249249916636
0.5675747777777865,0.5725824444444293,0.01984022222222226,0.02050244444444448,0.014753111111110922,0.04948255555555549,0.45203062562507224,0.6224853650405587,0.6339594954994945,0.013293643738193141,0.014177019668852096,0.013286765196132899
0.5671117777777808,0.5725124444444798,0.020875444444444412,0.019993444444444484,0.1049522222222221,0.04362022222222212,0.46670578888888775,0.6240568000000006,0.49061637777778033,0.024870877777777772,0.016733844444444444,0.014273022222222223
0.41956666666667136,0.5716783333333398,0.02476944444444445,0.019385555555555597,0.10407811111111127,0.08028744444444434,0.06996402031589434,0.31318887269551704,0.12689822304939152,0.01705842850737407,0.015207822879327591,0.013506933930992995
0.5982328888888636,0.696993333333315,0.024225333333333373,0.02345577777777782,0.1558095555555556,0.077462,0.018409076485713338,0.04879950904285987,0.12905208518572145,0.017347963714285704,0.014596151357142862,0.013736189099999992
0.26658055555556837,0.851554444444446,0.025237555555555565,0.02286044444444446,0.15548788888888865,0.08305155555555566,0.41818820205673013,0.004021765171213473,0.00371526726184785,0.015028760311899645,0.014307661882698615,0.014588416770256544
0.26658055555556837,0.6549933333333482,0.024412111111111107,0.024039000000000046,0.15568322222222225,0.07648566666666667,0.4193809017968123,0.3886692620635163,0.39728533167589364,0.015801107469770585,0.015332851169623704,0.014588416770256544
0.3893362222222297,0.4794496666666722,0.013342999999999982,0.023882444444444515,0.15568322222222225,0.06902699999999998,0.4184649564922514,0.38787300259916563,0.3984338908351237,0.014926726183749555,0.015897886766866327,0.014233325799525392
0.3915752222222485,0.2954221111110908,0.013950111111111083,0.023882444444444515,0.14769122222222228,0.06946222222222215,0.41984717450270315,0.3892427780289335,0.39779839511754655,0.015576503164556938,0.01469199819168174,0.014234934448462952
0.39274099999996304,0.2968491111110881,0.013410111111111098,0.017093666666666688,0.14769122222222228,0.05042155555555559,0.4189033563114435,0.3895391343654768,0.39917762459035433,0.01512665837947791,0.014860843033111108,0.01390701774211778
0.41230111111109286,0.30909888888891146,0.013410111111111098,0.013910888888888808,0.14772633333333357,0.049223888888888984,0.42025632768361243,0.38878949152542697,0.39814957062147394,0.01459728813559323,0.014262146892655368,0.01468819209039549
0.41353199999998147,0.30836577777775653,0.012965666666666703,0.013244444444444368,0.05755233333333326,0.04988911111111113,0.732380133348403,0.3885787094586919,0.39829962707650124,0.0025744490902927077,0.013334919199909607,0.01368526387162392
0.41353199999998147,0.4279043333333195,0.004612333333333317,0.01969111111111103,0.05755233333333326,0.013221888888888917,0.38522596852428403,0.7423772154557082,0.7863230210485643,0.00830454354857145,0.01738750673857144,0.01369893428857141
0.24126822222226313,0.29250688888891496,0.00545633333333336,0.011044999999999998,0.008159888888888942,0.017370444444444567,0.3794500504012462,0.7299636872737439,0.773174660917493,0.008165680605000019,0.01709676464625001,0.014150320683749981
0.24612744444443202,0.13794577777778413,0.004444111111111168,0.011044999999999998,0.0071315555555556565,0.011190888888888948,0.37146395155016854,0.7306823424824992,0.7579634292699153,0.00845577286365152,0.018410656739637734,0.013852505833981536
0.24612744444443202,0.13750155555554658,0.00530577777777778,0.011039111111111074,0.007287444444444526,0.022331111111111055,0.3695875652850301,0.35313578175353055,0.3700066785198364,0.008266440715635086,0.008998855428380928,0.014614801644627173
0.04289811111109682,0.1384998888888731,0.004341222222222206,0.011016555555555524,0.010696666666666726,0.0220242222222221,0.37028084231580877,0.35313578175353055,0.3699085120568906,0.009100944549394379,0.009010556728525382,0.014809234359373235
0.07505377777776327,0.137288444444443,0.007492444444444462,0.011726333333333333,0.009566666666666477,0.021588999999999935,0.3695375402733094,0.35272075324963936,0.37038323519608973,0.009134551716475958,0.009008554605043873,0.015414276191534257
0.07266288888892329,0.13698744444445765,0.0074132222222222195,0.011749999999999953,0.01113177777777747,0.022595888888888836,0.3709772358626819,0.35253388512387057,0.3696376069325634,0.008463915120542153,0.008870236640373287,0.014684268414620576
0.053488222222212146,0.12364444444443104,0.008026666666666652,0.011896444444444538,0.09767377777777775,0.030999555555555485,0.3696414888888882,0.3525730555555511,0.36967867777777824,0.02784528888888887,0.022798811111111098,0.03192646666666667
0.051504222222219044,0.12483033333334485,0.007435888888888896,0.02053166666666674,0.09676877777777786,0.03033433333333334,0.19267261111111605,0.4741821777777836,0.5110668888888862,0.02738127777777775,0.021153666666666647,0.03256041111111112
0.10955822222225228,0.005916333333314268,0.02198611111111109,0.024052888888889002,0.09823988888888893,0.05053355555555565,0.14856437777778495,0.14172030000000765,0.14586599999999963,0.022993088888888895,0.023000644444444416,0.02148332222222224
0.1031557777777784,0.16886755555555688,0.02114211111111105,0.022954000000000068,0.09590088888888894,0.05188788888888891,0.4556059339926703,0.41158356484054553,0.43299409934437344,0.025462940326702963,0.0257027003000333,0.024377664184909442
0.32816166666670044,0.16886755555555688,0.022247333333333313,0.024009444444444503,0.09759155555555547,0.05230755555555552,0.47064587268081626,0.4286821797578048,0.44502531940895373,0.024995433840684377,0.0240236418175758,0.024880124430618804
0.4858510000000125,0.4453802222222597,0.025060222222222213,0.022836777777777845,0.09732655555555544,0.04116733333333341,0.4707296967003664,0.4279929007888015,0.4456146872569705,0.02561489834462836,0.023888123541828666,0.024738617931340943
0.48334066666666337,0.44438188888893315,0.025060222222222213,0.0270486666666666,0.09600222222222222,0.041302333333333434,0.47003657371403407,0.42893054105099576,0.44458366848128134,0.024780579935562715,0.023320931007665805,0.023936262637484728
0.4500015555555466,0.44535833333333763,0.022566000000000013,0.02633888888888879,0.09723844444444454,0.041302333333333434,0.4701931888888851,0.4288963555555575,0.4450015111111141,0.024949588888888874,0.024183155555555537,0.024153388888888898
0.4507261111110792,0.44535644444446615,0.021824555555555552,0.026837444444444362,0.09567333333333355,0.04051966666666671,0.46875333333333596,0.4279116888888916,0.444346933333337,0.02542687777777777,0.02362419999999997,0.024903211111111115
0.4495058888888808,0.44535644444446615,0.02245433333333333,0.02596655555555542,0.041352666666666794,0.03561744444444454,0.469732455555563,0.4284694444444534,0.4449115222222228,0.008002488888888905,0.010603555555555559,0.010408355555555589
0.45097866666669184,0.44548011111111113,0.023550333333333368,0.018784777777777824,0.042459777777777916,0.03611011111111119,0.3378621222222146,0.40882804444444315,0.5952861333333301,0.008002488888888905,0.012146800000000029,0.009774411111111134
0.39366755555551614,0.4448555555555787,0.008383111111111181,0.0088168888888889,0.04098866666666684,0.015910888888888884,0.3378621222222146,0.40882804444444315,0.5952861333333301,0.0135845111111111,0.013015333333333346,0.013139888888888897
0.39366755555551614,0.2883630000000166,0.013000666666666662,0.011419888888888884,0.042244111111111,0.015778111111111,0.36823514444444866,0.48013693333333174,0.3295184444444475,0.011117488888888886,0.010883966666666687,0.0107865888888889
0.38218022222220804,0.2883630000000166,0.016113222222222175,0.015899555555555545,0.042081333333333665,0.02231155555555553,0.3538324555555603,0.446864899999999,0.31632838888889125,0.011713199999999977,0.010883966666666687,0.011092766666666701
0.22529066666670083,0.28399433333328894,0.01243866666666666,0.01742711111111106,0.041004111111111366,0.02231155555555553,0.35373276666667014,0.44759361111111046,0.31669982222223014,0.011319211111111107,0.011167977777777796,0.010472077777777809
0.2262127777777702,0.28399433333328894,0.01301411111111111,0.013310888888889021,0.039929888888888994,0.020002555555555586,0.3549310364137535,0.4481689134149981,0.3177726428700079,0.011357554938749997,0.011205809302500017,0.01050755194125003
0.22515722222220172,0.2841595555555614,0.012906666666666648,0.013310888888889021,0.07218777777777774,0.020002555555555586,0.35938615563000076,0.45386469015857245,0.32150796089143,0.010670467862857153,0.010495514527142884,0.009824413215714301
0.22544866666668087,0.28303544444442097,0.01393088888888884,0.013415888888888993,0.07218777777777774,0.022575444444444495,-,-,-,-,-,-
