dockerfiles-laptop-clientapp-0-1,dockerfiles-laptop-supernode-0-1,dockerfiles-serverapp-1,dockerfiles-superlink-1,dockerfiles-desktop-clientapp-0-1,dockerfiles-desktop-clientapp-1-1,dockerfiles-desktop-supernode-0-1,dockerfiles-desktop-supernode-1-1
0,0.0019156706586826464,0.003955662574850291,0,0.0018771127999999972,0.0012042745600000032,0.0017613740799999878,0.0017315261599999974
0.0013946010978043823,0.0015875758483034027,0.003278180588822348,0.0022290219061876296,0.002414000879999998,0.0020066083200000065,0.0024746932800000006,0.0024715137600000003
0.0027329279999999973,0.002769535999999995,0.0039353600000000015,0.002079029333333338,0.00209339348151848,0.0017401073926073976,0.002146025224775225,0.002143267982017982
0.0026319959999999976,0.002667251999999995,0.011295705999999999,0.003623345000000001,0.002988532207646181,0.0029240604479010544,0.003327974628935528,0.0030160226368065933
0.003377025599999997,0.003665169599999997,0.06259205279999999,0.0035399760000000007,0.002842192608000003,0.002780877840000004,0.003165013535999995,0.002868336911999996
0.004095863999999994,0.004333083333333344,0.14619524333333334,0.0052049159999999995,0.00396231186666667,0.0039204506666666705,0.004067860586666667,0.004089772213333337
0.004049197714285709,0.004283714285714297,0.2091062765714286,0.005756774857142839,0.0038607458857142884,0.0038199577142857175,0.003963589074285714,0.005226027508571426
0.004665445499999993,0.005050975500000011,0.20729884200000004,0.006133973999999998,0.005024999640000003,0.004835837999999999,0.005069068679999992,0.0051229153199999974
0.005507999999999995,0.0060243333333333355,0.3272225555555556,0.006399555555555554,0.006210276219705784,0.006351825590009526,0.006320679436977452,0.006294666102233041
0.006533051883124093,0.005443284079546705,0.32429107876902563,0.006832685257193647,0.006127410307969097,0.006439475076727693,0.005514414223727378,0.006430183088157479
0.006139284126278356,0.005446309470875934,0.45950578034682077,0.0056887505558025665,0.005443343915343917,0.006543005291005289,0.005789185185185181,0.006308708994708999
0.004780333333333337,0.005513000000000003,0.4662973333333334,0.0062323333333333215,0.03947929501429025,0.006545083095162482,0.005791023605377363,0.006310712395469465
0.005702777777777773,0.005513000000000003,0.45999022222222224,0.02423266666666667,0.03863505503810329,0.06988284292972056,0.01868001693480101,0.019230472057578326
0.13699655555555554,0.021043111111111124,0.40810188888888893,0.04660133333333333,0.1802945502645503,0.06986805291005292,0.019423534391534394,0.019930793650793664
0.43121588235294117,0.02373599999999998,0.3424703529411765,0.04803176470588234,0.27605006874669485,0.18932540454785823,0.018534553146483338,0.018773971443680593
0.4382613248617485,0.024318743381574307,0.27343840451817863,0.048375926579597626,0.27622535718065405,0.3463800719652873,0.01902116626098,0.01832414012064769
0.43754182845040607,0.023430168255088837,0.27343840451817863,0.04835321802565009,0.5658952804232805,0.3453513544973546,0.018578645502645517,0.01886207407407408
0.6609071655488883,0.023451817860924814,0.1575332392046123,0.048614660548299805,0.5704215155042862,0.5801728331040321,0.017970769393586626,0.018124531696475814
1.7287437841101696,0.023556497175141255,0.15758886534839922,0.048485640301318245,0.5968419397844685,0.6059289598866793,0.018331963115209432,0.017898811243195204
1.7286642687139664,0.0235481821390752,0.016656194846452557,0.047598541004824094,0.6058254555555556,0.6132610519555556,0.01723094444444445,0.017201488888888887
3.163000704529945,0.023301800211789632,0.010254265207671542,0.047975055888928114,1.1309420830557406,0.6633094659782367,0.018367277370641793,0.017955951587830334
3.9168984889516416,0.02473596893752207,0.010364395811271892,0.027770443581597817,1.1316960444444446,1.8575912417377778,0.005422188888888888,0.0054583111111111025
4.709562072890929,0.00716143075655959,0.010364395811271892,0.004475820684786454,2.8487743224222224,1.8575912417377778,0.004637344444444441,0.004718699999999989
4.442217135237248,0.006126236248472066,0.009759528836537364,0.0037058562062451464,2.748101562262368,2.9321475981056144,0.007753307392996104,0.007227003891050571
5.296964555555555,0.005577888888888882,0.009622222222222199,0.003313888888888888,4.547042666151111,4.344148175432222,0.01061548888888888,0.00881352222222222
6.25188988888889,0.007155222222222203,0.01081711111111113,0.0028898888888888833,6.104070006527391,5.420057376062895,0.009949227691965764,0.010402478053117005
7.285540777777778,0.007474999999999997,0.009321888888888926,0.0030216666666666512,6.100961264241752,6.328659523419621,0.013210965448283516,0.012435162759693367
6.190477666666667,0.006562222222222211,0.010757000000000004,0.0031894444444444674,7.691185187066667,6.329067603093334,0.014266099999999992,0.013922899999999997
7.56576188888889,0.007988333333333339,0.008817444444444433,0.0031894444444444674,8.72372024048106,8.022760183831796,0.017034785023886227,0.013921353182979665
6.064108111111111,0.006931444444444454,0.009271444444444438,0.0027459999999999893,8.280487948358907,9.064026485601513,0.019754547476095174,0.016457126973537906
6.59387788888889,0.007012111111111121,0.010991777777777836,0.003142333333333334,9.9812336629081,7.937926427967551,0.01804420491165685,0.014527503055895096
6.571581046550382,0.007011332074213984,0.010990556604821742,0.002771247639151189,9.236531538070896,9.429469574090454,0.020984198244249356,0.01883212579175464
6.572311222222223,0.00834088888888888,0.010947111111111144,0.003313444444444431,10.998469280391111,9.5489979,0.01787021111111111,0.01870004444444445
6.751372777777779,0.009481,0.010957111111111159,0.0031827777777777813,9.144540626907778,7.935163777777778,0.018236222222222227,0.01814307777777778
7.143970666666668,0.00790366666666668,0.009762222222222228,0.0031827777777777813,9.22633156945895,8.90798059041551,0.01823419620042218,0.018585601599822248
6.654423222222222,0.00823844444444445,0.011715777777777783,0.0037296666666666806,9.228288399383263,7.777171707967551,0.018671130125569504,0.01655428380931214
6.654423222222222,0.009739000000000017,0.011373222222222208,0.0032659999999999916,9.461129161615556,9.64145202012889,0.02023518888888889,0.01678924444444445
6.120971892011998,0.00923452949672257,0.011371958671258732,0.003975224975002759,8.383665406344038,7.88207107456384,0.01746655183909323,0.019241104567174133
7.583411444444445,0.00923555555555554,0.010593111111111103,0.003923444444444455,9.91273531286889,8.493089133333333,0.016444222222222225,0.015949277777777788
6.264308111111111,0.00901488888888887,0.009306222222222242,0.003012666666666676,11.466962716582605,10.575649737302978,0.021273450087565673,0.019903899591360193
6.553673630403379,0.010474719413268123,0.01060340037781974,0.0038340926769641266,10.332100774687136,11.177788804576231,0.021895937427037125,0.019113133317767924
6.552945444444446,0.008706555555555563,0.008844888888888866,0.0036800000000000044,10.371570474633348,10.892464286980381,0.02190105091078935,0.018604355441382534
6.873620222222223,0.007566444444444444,0.009386444444444426,0.0037734444444444343,11.489121312569463,10.890043461516461,0.02088565257996732,0.01975867382675695
7.928727005150845,0.011171239356669811,0.01322295805739508,0.0047848207715757325,9.444574535901928,10.184841418162291,0.023059953298307064,0.01917657910099241
8.490711386815265,0.009820733887078114,0.012660077804647216,0.00432183787193775,10.757843847770255,11.452352898022415,0.021595026850338553,0.019174340415596545
8.490711386815265,0.009296709073704116,0.011626222268951754,0.00432183787193775,10.79421237594863,10.629301251353183,0.018189328663164042,0.01989545826036194
8.7321912723449,0.009771819137749735,0.012940273396424819,0.004861093585699272,10.79421237594863,10.629301251353183,0.021658517221249275,0.017321319322825452
8.37655588266218,0.010717590158763547,0.012802334139417474,0.0044763957522868285,10.979292713685194,10.781383062232601,0.02062131013545072,0.02050427370387669
9.176538639470087,0.010914309746609195,0.011278309326043472,0.005231100830617173,7.724858915676037,10.30539061802022,0.015819553382957454,0.016516520386623712
8.93545589317632,0.009534013247818317,0.011852171170223984,0.004721375249710858,9.745844171574618,8.243038959884432,0.015389921102344708,0.016913345927325255
8.93545589317632,0.009949006413626322,0.01357890863211018,0.00461381558195773,7.927898711254305,8.969825519386736,0.015386501499833357,0.018103988445728258
8.418659867521816,0.009949006413626322,0.011706760592997554,0.004118914940595095,8.510780886765195,10.088927703078118,0.016550416712968103,0.01721541282364707
8.749190726527177,0.00993817684786037,0.011664388602670618,0.004873304594679856,9.731877955555555,8.665342933333333,0.01826626666666667,0.017026933333333334
5.916189423397401,0.008491500944339526,0.009097100322186465,0.003989001222086444,8.48088801111111,9.243858455555557,0.015960844444444452,0.017026933333333334
7.100584999999999,0.007545666666666674,0.01041055555555559,0.0049224444444444515,8.104033985112764,8.15309621153205,0.019739140095544935,0.016353516275969336
6.956579520213237,0.007403820524211469,0.009019324744558025,0.0036418258551754795,9.535095611111112,9.549885966666666,0.020143,0.016355333333333336
6.840381888888892,0.008004999999999991,0.009447444444444465,0.004124666666666653,9.320730433333335,9.644878744444444,0.01829947777777778,0.01721885555555555
5.99497788888889,0.006582777777777778,0.011316222222222234,0.003954888888888903,9.32176618513168,8.056931103455938,0.022206800755639515,0.017220768974330475
6.016471058771246,0.008176869236751485,0.009412731918675657,0.0036721475391623157,8.666759044444445,10.072396011111111,0.01910293333333334,0.016646811111111114
7.1298704053303705,0.007615435868961701,0.009076513048306494,0.0040279844530816305,10.183375380513276,8.291035596044884,0.022522253082990776,0.01590913231863126
7.178153666666668,0.007619666666666679,0.011021222222222252,0.004030222222222232,8.529713965114988,8.57934501722031,0.02154617264748361,0.016732818575713806
5.955586111111113,0.007766888888888904,0.009600444444444437,0.003968999999999988,8.639666611111112,10.118895755555558,0.017763988888888884,0.014878144444444444
6.972272252472494,0.007885653961551295,0.009979775530614474,0.0038606511834648346,9.852813100000002,8.32503238888889,0.021185466666666656,0.017786966666666664
6.96447177777778,0.008972333333333336,0.01037255555555551,0.0029272222222222295,9.540001055790176,9.860581584796622,0.020741731495887983,0.01526607023783062
6.008652111111114,0.007687222222222229,0.01037255555555551,0.003481333333333324,8.108620835648404,8.463446871874652,0.017035837315257252,0.018576630736748524
6.197749777777776,0.00738622222222222,0.010303111111111127,0.003933444444444447,8.593966155555556,8.492798355555555,0.02045248888888889,0.01694485555555557
6.197061215420508,0.008597378069103438,0.01010665481613159,0.003305299411176521,8.59301137651372,9.542197944672814,0.01654579491167648,0.019065659371180977
6.796452939215471,0.008012445827314139,0.010108900988998826,0.00394110456717413,9.075321966666667,8.897130466666667,0.01965444444444444,0.01842978888888888
6.837149622054247,0.007964873277011987,0.010433192530013324,0.0036566251667407624,9.262220626805956,8.899108046232495,0.0194411535896866,0.016088819737719483
5.974344555555554,0.007961333333333315,0.009767666666666645,0.004396555555555552,9.260162355555556,8.833884699999999,0.01811895555555556,0.015592266666666665
7.040023000000001,0.007717111111111101,0.011379000000000004,0.0036605555555555562,9.989350276878067,8.928731281997699,0.021920530770034478,0.019393448960401207
6.819518111111115,0.006694555555555538,0.009748888888888906,0.003795111111111095,10.43557855799373,10.76352670846395,0.018705130616509934,0.019600752351097178
6.8311537777777795,0.0071971111111110994,0.01032488888888889,0.003795111111111095,10.434160014627519,10.896697220771077,0.01823044613937937,0.019598704419600876
6.8341911960871515,0.008244441974210771,0.010329479768786128,0.004457314361938636,10.433069943585458,10.895558827831174,0.018228541579607186,0.018909997910572504
8.163127091078064,0.009609433085501865,0.012812848513011097,0.005159502788104093,10.03711912671054,10.789620275775619,0.018125028726626972,0.016782690901493775
9.507124549785061,0.00955385151620774,0.013316951318694011,0.0051601022423608724,11.39383483075637,9.803060635185956,0.021057260760551602,0.018311042624320935
7.969176696096656,0.009624883828996282,0.013315404275092861,0.005307388475836419,10.692102904304221,9.864808033848727,0.018136105307145847,0.017849059757626413
8.26472580457767,0.00871546415708146,0.013686998954339544,0.005426164749622419,9.090307646505796,9.863777551446777,0.01737203593439883,0.02063206936174658
9.177826556691446,0.010058782527881045,0.012348396840148726,0.004650209107806702,10.700327102706089,10.265073712255774,0.017661320656148782,0.018519496395360987
8.063618145910775,0.009912639405204468,0.012721305762081726,0.00528880111524163,9.555480660328072,10.853795611743807,0.017642388465155152,0.020186176992999696
8.759680297397766,0.010941565985130106,0.0142526719330855,0.005162290892193315,8.865694111765361,9.724600855460507,0.018280968781246524,0.01519452283079659
8.359941326826998,0.010122690833042878,0.011867782037876183,0.005532008830022081,8.875626666666667,8.049508022222224,0.015453577777777772,0.017916988888888898
8.35897014405204,0.00903032063197024,0.013926231412639378,0.0042617332713754735,8.875626666666669,9.810124288888892,0.0192591,0.015335400000000004
7.1119230000000035,0.00798388888888889,0.01140033333333336,0.0032617777777777957,9.340563555555557,7.922440177777779,0.01594863333333333,0.01791648888888889
5.827520444444443,0.008394666666666674,0.010284111111111136,0.0037137777777777915,9.2837673297033,9.839484320480054,0.015502533614846097,0.01417151905767308
7.021480942326925,0.007318257584176026,0.010285253917101925,0.002937659739971122,8.182638200000003,9.435475700000001,0.01793532222222223,0.015002266666666668
6.919021777777775,0.008612666666666652,0.010219000000000004,0.003516777777777764,10.068184020446719,10.426165807311921,0.015543538170907877,0.015262573619291035
6.043430348811377,0.008242946011997336,0.010216729615640973,0.0038846922906020827,8.356919155555559,9.750936977777778,0.01721678888888889,0.015260877777777782
7.073614179353264,0.0071669074341593475,0.010541615735081708,0.0032751416824091657,10.386465351705745,7.978240904544949,0.015348460940104457,0.014888176464051562
6.40242115790644,0.007897544171574641,0.009076786309589933,0.0033948216468496586,9.70593598888889,8.886784333333333,0.015867700000000016,0.017310622222222224
5.595996889234537,0.00834118431285414,0.01096222641928669,0.003665148316853691,9.593922230863239,8.88579702255305,0.015865937118098004,0.014588223530718815
6.903193444444444,0.008342111111111125,0.010694888888888896,0.004679666666666663,9.593922230863235,8.41471548716809,0.015459060104432851,0.018329941117653594
6.818544222222216,0.008535222222222213,0.01057877777777784,0.004081222222222206,8.75226085120569,10.247068640960107,0.017645427269696645,0.01575263918213135
6.81930192243582,0.007869318813201442,0.009541949105456218,0.004570841204578272,8.701530300000002,8.329979211111112,0.01782172222222223,0.01921421111111112
7.011243195200533,0.007867570269969976,0.011007554716142615,0.004569825574936103,10.152606099322295,8.484770225530495,0.015385501610932117,0.016134640595489393
5.677469052116908,0.008120013334814982,0.00890765640626729,0.004437048560951228,8.270225947327479,9.006535626180685,0.01825145016112902,0.016327003000333382
7.062893531895983,0.008317959546565909,0.011263725272282749,0.00450344521004667,9.525970244444446,7.912960811111111,0.016959388888888892,0.019084422222222234
6.033269111111117,0.009355777777777791,0.010331888888888882,0.004502444444444439,9.3367356849239,9.505776958115765,0.019949394511720925,0.01579657815798245
6.681972345624158,0.008501221679253676,0.01032729897823189,0.004675699689027102,8.14914235555556,8.638027344444446,0.01660722222222222,0.015615155555555555
7.743524613845973,0.00829958884320481,0.010599177686409684,0.004054117124124908,8.531188967892456,9.980566114876124,0.01996764803910676,0.01901173202977446
6.435374402844128,0.008297744695033896,0.010684701699811165,0.00370514387290301,9.69462387777778,9.921442377777781,0.01657126666666666,0.01527171111111111
6.171504555555557,0.008056555555555574,0.010644888888888815,0.004113111111111111,10.655589672633063,10.554131158737635,0.020659785680640592,0.019037918040508712
7.2492938562381966,0.008363515164981693,0.01182557493611815,0.0031716475947117,11.050977776469205,10.55537413732187,0.020088905900365092,0.019202532092804148
5.86409256584064,0.008365373930436742,0.010360151127903132,0.00364973885987333,9.512840694935218,11.344803769140164,0.02009127208480565,0.021585795053003523
8.670813032815596,0.010341001985285545,0.015036552610066607,0.00386149713885321,11.321321667451722,9.742487270372115,0.020813447951012705,0.021431594441827597
8.71526789676515,0.010386546770991479,0.014237300011678083,0.004134765853088877,11.333798786950892,11.36330794959369,0.021075574137321865,0.018509480626545758
9.551363615133111,0.010039467538533383,0.012806282111162996,0.004759458197104172,9.378873513831666,9.669334514420246,0.017895550323719825,0.02068049440847557
8.040953966584887,0.00913693188456593,0.015041476808038383,0.003964598668068698,11.087401731244848,10.38274898127429,0.020120009421740664,0.021181238958897654
7.766091206352912,0.009083381992292406,0.014605745649889042,0.004897582622912507,10.912411635849722,10.35770627723472,0.018609939936403246,0.02029580732540337
8.882771044950388,0.01086748394629306,0.012722008172796298,0.004598715703444248,9.681378586572436,10.179572921083626,0.022221378091872787,0.020298197879858655
7.938862648913816,0.009246788133613655,0.012626722728334495,0.004171922448026159,9.123765373930437,7.736343715968441,0.015858850983442602,0.020994321591287904
8.216108101797808,0.009666472098996001,0.012755078216203586,0.00552778426336679,7.416667411111112,9.545238722222225,0.01609694444444445,0.017375477777777763
9.408544085016938,0.009669858694382779,0.014118416442835466,0.005438864883802402,9.18352737777778,7.612993644444447,0.019051811111111108,0.017862322222222216
6.565351111111114,0.007632555555555569,0.01128222222222222,0.004244888888888879,9.160389280159963,9.422664918906912,0.0155002777160631,0.016575816485225492
6.41775019446605,0.007461162351372393,0.009689187687520842,0.004144682742526928,7.895248166666665,9.724302733333335,0.01499884444444445,0.019994055555555546
5.620477222222222,0.006749777777777806,0.011685111111111172,0.004032777777777774,9.546736805246775,9.728626567363275,0.015005513561582931,0.017944608714984434
6.693270303299634,0.00863781802021996,0.009565492723030767,0.00403232974113987,7.933879202310855,8.925321130985449,0.016416442617486947,0.017548494611709816
7.194941673147439,0.008936895900455504,0.009489945561604258,0.0038310187756916197,8.505954022222227,8.93033088888889,0.01634202222222222,0.014987111111111114
6.134034570920411,0.007241218319252981,0.011003001333926146,0.003823588261449559,9.67321122097545,7.869396800355515,0.012935862681924225,0.018297978002444173
7.46102399999999,0.008652888888888871,0.00957388888888892,0.003821888888888915,8.14575571111111,9.54620652222222,0.016493022222222223,0.01603357777777779
6.869643325552967,0.007041902856507747,0.00988640657997113,0.0031559408691786187,9.78967376958116,8.973456771469836,0.016538617931340958,0.01603179646705923
5.7349183424064005,0.008389067881346515,0.010207976891456508,0.0032654149538940214,9.579083599999997,8.974453822222221,0.013585588888888889,0.016362177777777775
6.868476888888886,0.008544777777777747,0.009962555555555537,0.0032657777777777876,7.893423916425869,9.053605790175592,0.01847012669482106,0.017107735052233838
6.348673222222223,0.0075587777777777415,0.011322888888888945,0.0037731111111111285,9.55597269192312,8.74768270192201,0.016399600044439498,0.015866670369958893
7.2208948888888935,0.008560999999999968,0.009325888888888894,0.0036865555555555636,9.569034718364627,8.74768270192201,0.020500744361737582,0.015866670369958893
6.945396044004889,0.008433937104122716,0.010927880875652786,0.0041882431381264585,9.570097944444445,9.107985011111111,0.02064243333333333,0.017646288888888886
6.48351116790754,0.007136681853539297,0.010573952661406833,0.003500055561729068,9.092954477777775,9.212286877777778,0.018780700000000004,0.019554944444444444
6.482790777777773,0.008324777777777787,0.009065666666666713,0.003910555555555541,8.915327369707743,9.213310578953216,0.022157050783420378,0.01624384931659073
6.333948666666667,0.008197222222222215,0.010856555555555562,0.0046520000000000025,8.913346405954893,9.022121242084214,0.021833918453505165,0.018508632374180656
5.581619999999994,0.008197222222222215,0.01072822222222225,0.0040266666666666975,9.159217779753302,9.733982009112124,0.019245071674630514,0.018512745860651186
7.0220944549394355,0.007847649738859878,0.009110345593954914,0.004411934659406581,7.602173347405846,9.731819142317523,0.021983235196089333,0.01909787801355407
7.223743806243757,0.006238751249861122,0.010222086434840575,0.004410954338406824,10.416967656974297,10.43260223345976,0.021496333754740842,0.02081938474504847
6.465882000000003,0.008218444444444443,0.010310222222222148,0.004308222222222232,10.523436213254666,10.648693014434727,0.023783995364029083,0.018755252344326217
8.413234977862112,0.010703352308665419,0.013173308032890576,0.005372127345561868,10.134860830172775,10.64757115465655,0.02156881584492204,0.021816392751790994
8.471965426372925,0.009031622219879831,0.012945188152208333,0.004896068303994937,10.13592866926562,10.955582162048257,0.019823411653145096,0.01793475924560111
7.675395910192891,0.010712659428691875,0.011696321281753972,0.005624117213028351,10.417260657464968,9.60113361078917,0.019823411653145096,0.018450068485934057
9.04479076631179,0.01072172446505743,0.013608938547485988,0.004880362601454623,9.477748862199752,10.955801211546568,0.01943854825115888,0.020138506110408787
8.912380309897763,0.010386318119531996,0.013898281859386576,0.0047873932750078785,11.26561996838778,11.146547797681773,0.019373867228661763,0.015839199157007388
8.913319839763869,0.011415876027830476,0.01336791060510221,0.004787897954880848,11.16090778632389,10.551561331788012,0.019371825940364566,0.019639943103993262
8.483525561294403,0.010466006113629179,0.013366501528407251,0.00449847159270584,11.159731963758958,10.55044970501475,0.020757701222081745,0.018504603876949015
8.023223170988825,0.011818785578747663,0.012870546067889522,0.005221484292641786,10.507644137785737,10.940973085431372,0.018203792267986938,0.01610458232381756
8.732357082630683,0.009939080944350793,0.011494940978077576,0.004273608768971312,9.34990953333333,8.032287011111112,0.017056566666666686,0.017250844444444458
8.085055655106983,0.010104880362601442,0.013228944871930026,0.004301254348055223,8.099148549838871,9.512507711967995,0.018391043449272136,0.016800111123458167
7.013909121208758,0.00790601044328405,0.010253305188312434,0.004041217642484174,9.600631325702855,8.899440904544946,0.0199144127125236,0.016800111123458167
7.862919888888896,0.007761666666666668,0.010254444444444469,0.0036595555555555396,9.567862222222223,10.218164388888887,0.019912199999999988,0.01870769999999999
6.419425555555564,0.006563222222222227,0.010163222222222226,0.004078555555555536,9.567862222222223,8.78837483333333,0.020598011111111113,0.016924911111111097
6.770096544828352,0.006933562937451412,0.009355404955004934,0.0034347294745028273,9.466179671184179,8.284806876249718,0.020021717396134186,0.02102441679626749
7.604220642150865,0.006884568381290996,0.008425397178091317,0.004019664481724255,7.687733040773246,8.39400582157538,0.020023941784246192,0.01701734251749806
6.616696700366623,0.007916787023664034,0.010046439284523962,0.004217975780468831,9.391103967107453,9.55450116679631,0.019209734414934995,0.018230403378153112
6.639468444444447,0.007456888888888871,0.009034222222222216,0.004133444444444449,9.608698077564174,7.73890042226914,0.019209734414934995,0.02135013890432269
7.110030781197908,0.007457717524169334,0.010587287476386265,0.004133903767085236,8.18724128888889,9.322930688888889,0.018104022222222217,0.01802782222222221
6.356143317409175,0.007074436173758495,0.00994222864126214,0.004361737584712818,10.17366337370819,8.843124669407711,0.017790421157906442,0.01814037115235025
6.458391932436933,0.0070760084453828425,0.008698410934548274,0.004301366818535364,8.670253660704367,7.674229752249752,0.014457126985890469,0.02079732251972002
5.609442888888882,0.007042666666666679,0.010641333333333256,0.003915555555555549,8.900596333333333,8.225151622222226,0.018148900000000006,0.018867411111111114
6.919523777777777,0.008533555555555584,0.010088777777777835,0.0038825555555555744,10.164689522222218,9.661387633333339,0.0144929,0.018867411111111114
5.526802333333333,0.007228666666666674,0.010268888888888958,0.004310000000000012,8.382095232803643,8.478587365262811,0.01469387709745528,0.01821366818535391
6.171448383153687,0.0075361706856317285,0.01027003000333377,0.003725413934881656,9.815334747833814,8.7629656742946,0.017263063763608085,0.020738924683403673
7.283181353483728,0.007667629736637413,0.010760195577286353,0.003360151127903074,9.214820822222226,9.200171377777782,0.0156356888888889,0.01707877777777778
6.410283333333332,0.006702888888888876,0.011027888888888962,0.003042111111111141,8.984787733333334,9.200171377777782,0.0156356888888889,0.016925066666666665
6.216239444444454,0.007986666666666685,0.009476000000000066,0.003042111111111141,10.134608034226025,8.813066151794644,0.01631341260140015,0.019757328592065783
7.539533392599175,0.0085663962662518,0.009806867429714386,0.0030594510501166673,8.147285034996115,9.280009832240864,0.013525274969447838,0.016864759471169867
6.2467256971447584,0.008564492834129538,0.011631707588045754,0.0026897011443173056,10.11423006666667,10.940885422222223,0.01818712222222222,0.016566011111111112
7.290595777777779,0.008133999999999987,0.010728444444444504,0.003438777777777791,8.221112055555556,9.071103933333333,0.016948755555555563,0.017791399999999992
8.337807085233251,0.010070384660353052,0.012685139717058308,0.004433882848123483,8.502615655555555,9.615227277777775,0.016948755555555563,0.017791399999999992
9.729640902712806,0.01007156220767068,0.011140434985968162,0.003984565014031831,9.980926122222222,9.615227277777775,0.016260344444444443,0.01732787777777778
8.173073190693316,0.010238395884484951,0.013000818426283133,0.005290541330527328,9.680909989998888,9.706049749972221,0.01705805089454384,0.014797633070341144
8.163854621946932,0.010576253359822386,0.012175645670211576,0.004851466635503128,8.578196767744087,9.179840264356327,0.015294301899366878,0.01755049427968455
9.347974511867164,0.010581199579095073,0.012255349000350666,0.004882263533263152,9.065918124236028,9.183920646738526,0.018865796199577727,0.017825869541060108
9.180034607739962,0.010245527884952635,0.013573716824505993,0.005604232433064423,7.9162165666666695,9.927032011111114,0.016150955555555558,0.017797588888888893
7.78846369694844,0.009745703262013336,0.011981059277446506,0.005262247164737538,9.728323666666668,8.459702822222225,0.01998221111111111,0.020511311111111118
9.117867633302163,0.010887511693171165,0.011553203928905542,0.004893709073900877,9.0413428,8.66421345555556,0.0186985888888889,0.01815065555555556
8.976433064421856,0.009662691453291227,0.01251116567286327,0.0051841459137144915,10.134565277777776,9.666318611111114,0.016246788888888895,0.017767844444444448
6.587422444444454,0.007807777777777809,0.01050966666666664,0.004342999999999986,8.588968488888892,7.68595925555556,0.019217611111111112,0.017767844444444448
6.530142428619046,0.007806910343295219,0.010508499055660453,0.004342517498055757,9.05221627777778,9.416553911111118,0.01711356666666667,0.018057900000000005
6.530868000000005,0.007769888888888904,0.010179555555555572,0.0035371111111111024,7.917835781753525,7.6105263807089685,0.017709278808756525,0.020578975441715764
6.512511338372608,0.007745442418852838,0.010795909293019056,0.004113383726100444,9.61313981769675,8.32605735882614,0.01972238772787906,0.017824255224544255
6.146311666666684,0.0077420000000000145,0.010426000000000022,0.003725555555555538,7.816989478946779,9.63671103210754,0.01835921564270638,0.01878504610598823
6.5191850000000064,0.008172111111111097,0.009173111111111076,0.0038615555555555504,9.825497200311073,7.695989178980112,0.020371803132985228,0.018146272636373733
6.5191850000000064,0.008072666666666667,0.010863000000000018,0.0037507777777777327,10.797327433430292,12.114795479973148,0.021818180801074078,0.020062072051913165
6.385632777777776,0.006988777777777807,0.009443666666666654,0.0037507777777777327,11.339509039042397,10.236362680389306,0.021870007830853546,0.024115180668978636
6.333199333333319,0.008423888888888936,0.009235888888888944,0.0031834444444444427,10.239971917654957,10.887265797717605,0.021872454687849614,0.0235802752293578
7.433731333333324,0.008425666666666665,0.009536777777777753,0.003245333333333347,11.889206935898873,12.430573968005367,0.021203233023828164,0.023577637319610698
6.1666052426968845,0.008422859046984336,0.010932355881372932,0.0032442519160280044,11.24543847186486,10.688169683409773,0.024854983778946172,0.023455934668307404
7.0710584444444375,0.008282444444444457,0.009496888888888914,0.0035198888888888905,11.246696632356231,12.601289158648463,0.020866055045871544,0.020922298053255736
7.109118000000005,0.006820777777777762,0.009997888888888876,0.0035527777777777875,11.307942510347917,11.914061997986352,0.021677055599060288,0.024265488309654318
6.350742999999992,0.008265111111111069,0.009986222222222256,0.0035527777777777875,12.822511232938016,11.729887100022376,0.022072577757887655,0.02003501901991498
6.478643824966681,0.008875721901377167,0.00998178587294539,0.0034526876943580635,10.798638259313119,12.88329643136816,0.02270758474102247,0.0218412462244099
7.330212888888886,0.0077629999999999895,0.009883333333333294,0.0037703333333333573,9.757371466666669,8.461482599999997,0.01742861111111109,0.019113000000000015
6.201401333333328,0.009075111111111096,0.009883333333333294,0.0037703333333333573,7.938606033333331,9.676032933333328,0.017087122222222226,0.015085133333333332
6.6960142206421445,0.008882457504721683,0.010139984446172617,0.004000777691367652,9.601419331185422,9.289646128207979,0.018889745583824013,0.016018742361959784
6.359706999999996,0.007329555555555553,0.010391666666666726,0.003362111111111115,9.486924111111112,8.865320799999996,0.016583277777777763,0.01778134444444444
7.21000989328591,0.00887272120942642,0.008996442863494863,0.0040132281013783655,9.324971030114458,8.866305945105005,0.01766798533170353,0.017750116679631073
8.419173667120582,0.010381166858699057,0.013948884466324479,0.0046738242379804965,9.323934922222225,8.591208811111112,0.017666022222222234,0.019649377777777796
8.354027131782939,0.010382254347370614,0.01288047349675261,0.004101717997066839,8.786545433333332,8.727464255555553,0.017761288888888893,0.01632652222222222
9.101328514561077,0.010524722396815456,0.012780117326628926,0.004669285564634421,8.372551000000007,7.596269288888888,0.019244777777777777,0.019446266666666663
8.819155313351498,0.009898029763152396,0.012785474743240384,0.0044202473276042575,9.994521742028667,8.293227430285528,0.01659696700366627,0.017456938117986875
8.015312486905511,0.010804001676094695,0.012848941965221043,0.003822438717787554,8.254327096989226,9.316733296300415,0.019916898122430866,0.015548061326519261
9.200292460732985,0.009562931937172777,0.014424293193717264,0.004505759162303655,9.882362900000002,8.10321815555556,0.020141988888888896,0.018539311111111102
8.632550969093778,0.009823467784180187,0.01254510214772129,0.004348559455212126,9.452838611111114,8.719834811111115,0.018337266666666685,0.014865933333333334
7.911834485648442,0.00982243871778754,0.01230703959773727,0.004348103917871332,9.009006845205018,8.755569774419383,0.021140060006667415,0.01640554506056228
8.261718939870086,0.009770375026188945,0.013603917871359667,0.004079195474544332,7.86884192222222,8.754596933333339,0.01642796666666667,0.014894288888888886
8.261718939870086,0.00987293107060546,0.011630735386549337,0.004148124869055127,9.314373322222222,9.184319977777776,0.019815100000000006,0.01299305555555554
6.3903542222222365,0.009528666666666692,0.009470444444444424,0.0034917777777777976,8.096871469836685,9.507977769136764,0.016903821797578055,0.01597108099100098
6.938021777777775,0.008854777777777755,0.0084878888888889,0.003548222222222237,8.933946905899342,10.78472989667815,0.016082168647928014,0.01512468614598377
5.872082333333336,0.007514444444444429,0.01051877777777784,0.0030907777777778003,8.737625080564507,8.94214706078453,0.01859058784309368,0.013154083787087453
6.698894654961666,0.007995221691299037,0.008859762195799576,0.0038027558617624246,8.736654233333335,9.101881266666664,0.015268222222222214,0.015895655555555555
6.580917630057809,0.007997887950200094,0.009482325477990283,0.003720653623832818,8.580525077777777,9.101881266666664,0.014063344444444445,0.014474211111111109
6.802136333333339,0.008338888888888896,0.01069055555555555,0.0031993333333333322,8.974053133333335,9.191621444444444,0.016439766666666664,0.017619155555555554
6.802136333333339,0.008338888888888896,0.010884333333333274,0.004135111111111102,9.587321512172288,10.420095997191009,0.018725397940074905,0.01770514981273408
6.571929111111129,0.00793822222222223,0.009508777777777786,0.0037709999999999693,11.165040051498128,12.165507947097375,0.018725397940074905,0.01787166432584269
7.537807333333351,0.00806300000000003,0.010987111111111208,0.0034874444444444506,11.283816713483143,11.646225468164788,0.018307584269662915,0.01787166432584269
6.230667111111113,0.006409555555555545,0.008831333333333389,0.004131555555555543,11.285137539506028,9.999750122907642,0.018309727262085917,0.0173624956104413
5.999084111111112,0.006985444444444452,0.010843555555555521,0.0034731111111110874,11.337306028327285,10.573677981973546,0.018155226501229065,0.017192520191970033
6.8917526391821395,0.008181686854094912,0.010280142238026448,0.003997999777753042,9.835140706928838,10.572440426029962,0.015514864232209722,0.017190507958801494
6.064245083879575,0.008051660926563715,0.010277858015776025,0.003998111320964336,11.616906976471965,10.707945112957981,0.018962764836708407,0.018472293105466466
6.307547100644312,0.00805076649633415,0.010051877360586487,0.003354365696511899,11.36263100784268,12.194031124897577,0.01906747044363806,0.01926224979515392
6.142342666666663,0.007438666666666668,0.01058122222222223,0.0036996666666666814,10.827824584406457,10.121529606649496,0.018822535705923668,0.0159509365488176
6.142342666666663,0.007438666666666668,0.009829000000000063,0.0034925555555555855,10.279493132570282,9.62419808867652,0.016324980553394826,0.01584928325369486
6.560990999999983,0.00779333333333332,0.009829000000000063,0.003904666666666668,8.780570166666665,7.96615098888889,0.016323166666666673,0.01705703333333335
6.5744222222222115,0.007600000000000003,0.010061444444444432,0.003366444444444413,8.490633418509058,8.090856115987119,0.017190845461615388,0.017055138317964687
7.595075769358953,0.008570936562604164,0.010060326630374391,0.0037581379846683763,9.694598377777778,8.091755100000006,0.017192755555555564,0.018085466666666685
6.487197444444443,0.00798866666666667,0.010136333333333428,0.0037585555555555614,9.128266844444447,8.191156977777776,0.0177080777777778,0.018962111111111117
6.9797966892567365,0.0067925786023775095,0.00995189423397393,0.004007999111209865,9.129281209023226,10.057468152016886,0.020674863873763764,0.01896421824647183
9.520880004710303,0.00828191238813003,0.014189354686763926,0.005122821479039077,9.190346888888891,8.74455394444444,0.017401466666666678,0.017192833333333348
8.05510506478208,0.010391755005889297,0.0135539458186101,0.005124028268551219,9.209658239804423,9.321366707411936,0.01757579731081231,0.017353594843871563
8.775212081959502,0.01019759773904851,0.011707136128120568,0.0055559349976448584,8.089604288888893,9.320331000000001,0.017389977777777788,0.01735166666666669
8.775212081959502,0.01019759773904851,0.012483749411210525,0.0047836787564766925,8.397366337073656,9.240448127985779,0.01759625597155871,0.01800593267414731
8.806561116344804,0.009774729156853542,0.014080546396608547,0.0051202308054640044,8.398299377777777,9.241474844444445,0.01972145555555556,0.017018100000000015
9.01490779557231,0.009795572303344288,0.013744465379180363,0.0056315355628827335,9.028685766666667,9.443255333333335,0.01586137777777778,0.017018100000000015
7.93323754563656,0.008766576374985237,0.01374608408903541,0.004533859380520552,9.56213991335259,10.843579648966896,0.018340279937791592,0.017003410353254825
9.068549458313695,0.009567004239284,0.013911681582665942,0.005220796043334879,8.15593049227692,8.925900155572842,0.014713257028558717,0.01402019113234804
8.957585138954324,0.01150588789448892,0.012551931229392355,0.004400141309467735,9.281291955555552,8.412668666666667,0.014891377777777779,0.017637400000000004
6.446207241226135,0.00851454908929362,0.010113171923589567,0.003137716570413168,8.770450894543837,9.611766185131682,0.01762323591510169,0.01877434159351039
7.296354555555556,0.007470555555555524,0.010396888888888888,0.00313911111111113,8.86263907777778,7.624295288888889,0.017281977777777787,0.01629549999999999
7.031494945006095,0.0074313965114987095,0.010395733807354736,0.003100322186423704,8.86263907777778,9.602377255555554,0.015324011111111108,0.01992318888888887
7.029152154597943,0.009004664593514016,0.010508996001777028,0.003612505553087514,8.985639788888887,9.355449044444454,0.015984300000000014,0.016071066666666668
6.905039111111112,0.008850777777777789,0.009007000000000038,0.002884444444444443,10.38314763333333,9.355449044444454,0.016531411111111123,0.01812127777777778
5.729142999999997,0.007924000000000042,0.009590333333333294,0.003163999999999994,9.802275919546613,9.181532914768304,0.016533248138682084,0.021735137237470805
6.969083999999991,0.008885666666666668,0.009590333333333294,0.003530777777777772,10.124975992497655,10.2263378243201,0.017773720954464955,0.02118716265499635
6.973037777777791,0.007892333333333341,0.009331000000000029,0.0033812222222222334,10.121811937499999,10.223142093749999,0.019819687500000006,0.023838666666666664
5.692461222222215,0.006062888888888877,0.010797111111111196,0.0033812222222222334,10.802793468069597,10.296684633816028,0.01938143556620481,0.023050515678716528
6.947536016007105,0.007679079590929321,0.009091485104490916,0.0036423966207202946,10.986986113136783,9.173414928638403,0.01864662985727679,0.01993450359412438
6.097165888888893,0.007561000000000028,0.009191888888888914,0.004683333333333323,10.729805447916664,11.066907031249999,0.016732562500000003,0.023292208333333328
5.013613401489047,0.0065358373152572735,0.010184464940549,0.015989554394932753,10.729805447916664,10.190060239583339,0.01962385416666667,0.02347805208333334
5.015285349044012,0.029817140951533993,0.009110827034237408,0.015481213872832331,10.738731662846424,9.980607449468632,0.016379454052927685,0.023482944363409048
3.704663630304388,0.029822928238169254,0.022602199511219678,0.02091124194623416,10.395530471924163,9.979567694551509,0.01698801958537346,0.02266806959058233
3.7054352993446678,0.03133688770409862,0.0206233477729646,0.020865267133177837,9.160991550322985,10.17386620129194,0.019640477182746377,0.021377464055011466
2.4664553938451386,0.031142984112876373,0.02233240751027671,0.02050316631485391,10.59703917482809,9.907670493852887,0.016482246301312745,0.021377464055011466
1.3919017777777754,0.030469333333333362,0.020349333333333382,0.020498999999999996,8.55573266755437,8.714690201952951,0.0168243231247226,0.01891416999556147
1.3919017777777754,0.03197122222222223,0.02092555555555552,0.020498999999999996,8.683258473163681,9.143696821869092,0.01604610512279144,0.018566829647738644
0.14112052877139283,0.03148900244390134,0.021954010219951043,0.020630304376805193,7.244573191867574,10.758876835907122,0.015959037884679478,0.02183130763248529
0.14253855555554967,0.030670000000000003,0.020105999999999985,0.02034411111111112,8.194850744444446,8.739328088888893,0.018428188888888898,0.018249966666666676
0.008962974650265288,0.03293804565057326,0.021381297990954045,0.009671189649731802,8.195761384598288,9.634521346816308,0.015345849538837657,0.016387298588732085
0.00896391752578078,0.01045129391962969,0.02195802650957286,0.00967220702714078,8.310593722222222,8.324211611111112,0.018424344444444445,0.0186487888888889
0.008573653198634101,0.009594802188552187,0.010402462121212121,0.005294823232323231,8.541203978219805,9.591649983331482,0.01510477830870097,0.015477608623180369
0.008315623356136483,0.009458600736454473,0.011567701209889498,0.005091741188847977,8.540254955555561,9.045582677777775,0.01634196666666669,0.017259388888888883
0.009517147064997726,0.009817588891226574,0.00995255628024398,0.0050912055543867055,8.978637366666673,8.042229822222223,0.01634196666666669,0.020479066666666663
0.009169997896067181,0.009817588891226574,0.011177466863033843,0.005442878182200728,10.509461722488044,9.716992333370426,0.018026148881718024,0.017155124068098368
0.009169997896067181,0.009550389227856095,0.010765621712602525,0.006605196717862401,9.643588179091216,9.090907021442064,0.018860582157538042,0.017314587268081324
0.009377801157267312,0.009609889531825358,0.009788321935823246,0.00610341925302471,9.644659688888892,8.96063303333333,0.020275588888888887,0.016412311111111126
0.0088523038081355,0.009608878602987592,0.01103850199873762,0.00605207237534189,9.436579966666667,8.96063303333333,0.0178082111111111,0.016412311111111126
0.009538979484487174,0.009176012624934247,0.010731299316149443,0.006052709100473435,9.435531574269527,8.290288023552941,0.021938784579491166,0.01804972780802133
0.007074444444444655,0.007327000000000035,0.009262777777777743,0.00511433333333332,9.361334573936237,9.418512131985338,0.018858926785912684,0.018280568825686037
0.006873125208324109,0.0073261859793356645,0.007969003444061715,0.005287523608487946,9.29719865555556,8.153186000000002,0.021262855555555557,0.018282600000000003
0.0071741691674821135,0.007405468489496498,0.008778815160609096,0.005775925308436116,9.29719865555556,8.470945833333335,0.01929647777777778,0.01819562222222224
0.005902433603738799,0.007195243915990674,0.00877686409601067,0.005774641626847397,9.135636829241196,9.877161548716813,0.022702721919786683,0.017757615820464402
0.006383222222211772,0.008014222222222244,0.009450888888888799,0.005613666666666677,9.100269599999992,9.602463455555554,0.018053255555555554,0.019565533333333347
0.0072078888888932454,0.008030999999999998,0.008814555555555536,0.005177666666666673,7.983290277777773,9.502892255555553,0.01871394444444445,0.01697847777777779
0.0068454616153966795,0.007588823464059536,0.008813576269303389,0.005104099544495072,9.871857444444442,8.016784933333334,0.01736956666666668,0.01768939999999999
0.006011551704987967,0.0075871376207930575,0.009284238587137663,0.0044049761190714425,10.244107837138147,9.955163497293485,0.021751823958578494,0.021305154153918544
0.0063792490557740165,0.007959120195512127,0.008200955343256985,0.005378693623639191,11.871017792421743,10.587844457519418,0.020019122146387375,0.019861343845610738
0.007236692965894552,0.006819091010112222,0.008191687965329509,0.005181686854094893,10.083068580842545,9.392840315368323,0.020019122146387375,0.01949678747940691
0.007431429206477638,0.00782196043565236,0.009810513447432896,0.004191375861302489,10.084344817037286,11.401152464995882,0.02046526650194139,0.01949449346981997
0.006217816283458775,0.007632455848050659,0.007767966233477837,0.004289903365544836,11.803354276973753,11.174755865395928,0.018242216731380143,0.019124673490998934
0.007201866459287211,0.0076118209087879096,0.009121653149650159,0.004290856571492074,9.888562249941158,9.685623852671217,0.018986067309955286,0.016178842080489527
0.005850444444452782,0.0067928888888888735,0.007153888888889052,0.004353222222222206,10.391464070588237,10.233582635294121,0.021239211764705893,0.017428164705882352
0.006455333333330297,0.006637111111111131,0.00809366666666674,0.004260444444444437,10.393909696399154,10.789954283360798,0.019992974817604134,0.020380630736643916
0.0066222913656888115,0.0067444160462273705,0.00809456606289595,0.004702744749416568,10.061644175100023,10.789954283360798,0.020071793363144262,0.020304824664626967
0.007432414406391835,0.00798021342819031,0.008361493997332131,0.005209982214317431,9.545988645706034,10.00353391845351,0.015781490945450508,0.016743006332629717
0.006337073658472989,0.007494278413509605,0.009503499611154424,0.004233751805354939,8.009994778357962,9.183836062659699,0.0169965003888457,0.01760077769136763
0.006724394578965819,0.007493445900910905,0.008083870251055461,0.0044882248389246805,9.937730066666672,10.789143544444446,0.019125344444444446,0.01545277777777779
0.005722697478058827,0.007717809132318641,0.008037329185645961,0.005231307632485316,8.738261466666673,8.891583788888891,0.016299977777777783,0.0201687
0.009023339526258802,0.0096552484904784,0.010471899674872148,0.005763469577333938,9.080621944444449,9.02545337777778,0.019887900000000017,0.01825257777777778
0.008898641588295309,0.009880529432253555,0.010965749448508052,0.0069396261465227,9.080621944444449,10.586233733333327,0.01834382222222222,0.020633311111111108
0.00889657573998694,0.010667092280905385,0.012559721416134482,0.006591990713871143,8.663309944444453,8.681633444444437,0.016211633333333322,0.019420755555555554
0.008680055723234738,0.009539238449036425,0.010564778267935815,0.00648966798235432,8.663309944444453,8.516505211111108,0.016495133333333342,0.016636844444444444
0.00866066867889768,0.010256326909681897,0.012347457627118608,0.005697004875783614,8.882489433333337,8.516505211111108,0.01624301111111112,0.016727855555555556
0.007815111420607857,0.008965993500464248,0.011314298978644347,0.006270543175487472,8.497879553283703,9.096296610734523,0.01624481609067675,0.01672971441271252
0.009194728286118467,0.008941593125870902,0.010121110078959421,0.00627345564328844,9.786193932659188,8.05110037781976,0.015845516168463157,0.017139604400488936
0.008870544525733628,0.010456054800882382,0.0121360733774525,0.0067415534656914,7.85826128888889,8.407218077777774,0.016508433333333343,0.017137699999999995
0.009805316925950965,0.009174483399117691,0.011622939400975205,0.006514743440910107,9.903628699999997,10.195033388888886,0.016508433333333343,0.016635999999999988
0.006474497166352741,0.007069785531725739,0.00914323813757093,0.00486154017113013,9.286231074325077,8.581306365959337,0.01605151649816686,0.018385990445506054
0.00705610487722987,0.007019997778024676,0.008917786912565213,0.004628819020108869,9.286231074325077,8.659064148427964,0.016144795022775247,0.016005521608710143
0.007830406757047884,0.00761935985774617,0.007392198266281481,0.004766837074905552,9.127831992443603,8.660988598733203,0.016148383153683738,0.018182942549172108
0.007566333333342199,0.007617666666666671,0.00925022222222221,0.004963333333333333,9.125803810687703,8.967616653705141,0.016785723808465724,0.01817890234418396
0.006324075102777146,0.007702033107432533,0.007543161870903155,0.004962781913120763,9.156443122222225,10.343360855555556,0.01821167777777777,0.018505577777777782
0.007584463214065445,0.008471549233162906,0.008275172260502355,0.0046145810180040076,9.44074485555556,8.564947677777775,0.01821167777777777,0.020430933333333328
0.00626680742305433,0.007358706522946954,0.009947105233915014,0.005444160462273602,8.152573622222226,10.56312577777778,0.017084288888888882,0.016925644444444436
0.006632514723839173,0.007026002889209904,0.008017446382931587,0.004326036226247375,9.685577544444444,8.601826455555557,0.017554255555555558,0.020453288888888893
0.005736748527595381,0.008372152461384586,0.008566507389709979,0.004689076564062703,9.447344007553045,8.396949827835162,0.017548406086859935,0.01623365544818396
0.0073324816707286775,0.007295489891135303,0.008563652521661863,0.005268940235503221,10.15474826465345,11.192167023172907,0.01875197651253014,0.01752631854880989
0.006947333333351304,0.007985666666666695,0.008963444444444512,0.004375555555555553,10.15474826465345,10.67307547446785,0.01839463143546191,0.019557303135157807
0.0073120417685110795,0.0066321928460342456,0.009916907353921277,0.004530326594090212,10.526116198364429,10.671956468861387,0.018392702872719675,0.018742723841476194
0.0063553728192006186,0.007942993665962893,0.009847538615401746,0.0037339704411601437,10.529428033560558,10.338437954902991,0.01926985841636077,0.01874862087047718
0.007486273202181062,0.007615205068356115,0.009849727687006815,0.004700789151939526,10.507529789241898,10.439036919366684,0.01892114920834644,0.017766373073293488
0.007277888888868094,0.007776444444444488,0.009124333333333389,0.0044035555555555685,10.79431968124148,10.439036919366684,0.01892114920834644,0.019085404215162013
0.008251749805558503,0.007775580491056591,0.008609487834685004,0.00410765470503279,10.793187963933738,10.228434598448308,0.019458775424617325,0.019083403229188518
0.0069528888888928326,0.008033444444444489,0.0098489999999999,0.0041081111111111275,10.624002453601761,11.228922596204262,0.018860847226591173,0.019354419628814092
0.008454505055006436,0.007442617486945921,0.008218753471836383,0.0038667925786023743,8.917521185107494,10.871053738856846,0.01886480335605663,0.01935847928683796
0.006858206467390177,0.007444271585731774,0.009857539726636342,0.003984887209689965,10.693639190606,10.86763445166702,0.019545837701824283,0.01857140910044033
0.007129999999986265,0.007332333333333275,0.009334999999999897,0.003984444444444445,8.673413466666673,8.880190322222226,0.015835766666666647,0.018294211111111108
0.008318851251826754,0.010693667157584675,0.011843467283820748,0.005363665053650339,8.659171507945327,8.881177119679968,0.018684064896099545,0.015206478497610863
0.00945630455356954,0.009451887685350734,0.010148385739825424,0.005361972867809456,10.546802910787694,9.411455471614268,0.016633796244861682,0.017831540939895578
0.008387632768940594,0.00950205068882109,0.011395940687769472,0.0058654958460406074,8.744228663481833,7.927973702921894,0.017032285301633157,0.018804577269192296
0.008856241455460562,0.009640761383951979,0.011544010937006998,0.005923651277736898,8.141615866666665,9.618559711111105,0.020349522222222215,0.015483577777777764
0.00891870004206725,0.00964177534707608,0.011608119478333996,0.005418279343710563,8.142520591176796,9.066424824980555,0.017594154906100664,0.018772452494721634
0.009972972972984316,0.009564622988747442,0.010434640866547511,0.006065096224629285,8.762751227641376,9.03177165870458,0.017648439062326392,0.014955993778469052
0.008551745898194196,0.00975189314261675,0.011543437105595269,0.006057530500631054,10.428697810867876,9.173306256250694,0.019713357039671055,0.019049805533948205
0.009494952681384238,0.009749842271293382,0.01119116719242895,0.006396109358569947,8.542276166666662,9.172286999999999,0.016132588888888872,0.016755977777777775
0.009658462185755409,0.00944977385084679,0.010844009677080095,0.006398127695382369,10.287350494499382,9.01366330703412,0.01945333925991778,0.01591707967551951
0.00836229749630187,0.00927466863033874,0.010845150431306592,0.0063815484956869254,9.71741824444445,9.012661788888895,0.019225788888888883,0.01951924444444446
0.007499499944453765,0.007586731859095408,0.009197910878986585,0.005867985331703512,9.012116033333328,8.899912633333335,0.019107266666666664,0.016890511111111135
0.007496167944034148,0.006224147506386732,0.007876152393646599,0.004882039320226606,9.01311749083231,9.981820968996555,0.015898133125902863,0.015871752416935243
0.00740517720255513,0.006804132874125131,0.008543272969670028,0.004411398733474052,9.63029786666666,8.291006755555559,0.015257177777777792,0.015869988888888915
0.007431333333341981,0.006804888888888923,0.008571111111111111,0.00530299999999996,10.651006988888888,8.742386855555555,0.015257177777777792,0.016072777777777793
0.00631714634958833,0.007033781531281295,0.009913434826091853,0.0050204467163018195,8.677337704189352,9.202066096232915,0.016195043893765994,0.019884820535615088
0.007591399044336497,0.00731581286809644,0.009843871541282379,0.004380597844204903,8.705966611111116,7.8574316555555574,0.016442433333333346,0.015792577777777806
0.0075056679262078515,0.007316625916870401,0.008577572793954156,0.0041867081573683206,8.706934048227584,9.286905089454386,0.016444260473385944,0.018614523835981795
0.00600044439507411,0.006922008665703842,0.008860904343961865,0.004804021775358304,8.814611245693964,9.164362173574835,0.0165783420380042,0.01986451827980888
0.006993111111114559,0.006203222222222237,0.008861888888888973,0.004632777777777757,9.27667701111111,9.163343911111106,0.017644422222222213,0.016258377777777784
0.0064643333333202066,0.0069062222222223075,0.009050888888888843,0.003840888888888857,8.092213822222229,9.100445200000003,0.015747622222222212,0.019624111111111096
0.007479715460690331,0.006908525063910278,0.01045070579081919,0.00417405801933979,9.887159711111119,8.019645955555559,0.01809677777777776,0.01728839999999998
0.006023335926191758,0.007016446271807966,0.008546949661073493,0.00463873763751528,9.237360215531618,9.702446772580824,0.019327152538606805,0.020460771025441606
0.0065748416490849955,0.008383820424491649,0.009204800533392607,0.003747527503055929,8.216764492834136,9.585041106543718,0.019327152538606805,0.018692634151760902
0.007454787824923569,0.0068590313263719345,0.007860808709175679,0.004252721617418334,9.563927666666673,8.101044288888888,0.01818927777777779,0.014884877777777764
0.0071596489278820934,0.006928007999111192,0.008698033551827588,0.004712698589045636,9.529342111111108,10.078109555555553,0.015879322222222245,0.01773183333333331
0.007070222222233093,0.007966666666666653,0.008699000000000012,0.0044425555555555425,9.530401044560502,8.650629181020108,0.018683975997333027,0.014913612623624832
0.0070710078897764,0.007023891543504776,0.00919579953328131,0.003824202689187681,9.19636108210199,8.92485189423397,0.018348950116653714,0.014634496167092528
0.0074921111111052605,0.008801222222222214,0.0108633333333332,0.0041831111111111504,8.716141677777777,8.925843544444442,0.014662233333333347,0.018058722222222195
0.0079070103321908,0.008266859237862396,0.008801355404955054,0.004868125763804062,9.927621488888882,8.839444299999998,0.016931333333333343,0.014692988888888883
0.006895000000011149,0.008267777777777714,0.00920366666666676,0.004022888888888885,9.353850922222229,10.53464594444444,0.017162722222222253,0.018322444444444447
0.007897099677764285,0.008040782309145516,0.009204689409934528,0.004318146460717855,8.129438970996778,8.851750605622843,0.013255517279697756,0.01764241582398045
0.009286249707180947,0.009747364722417355,0.011509486999297158,0.0056995783555867765,9.818171519057666,8.581490143349265,0.016400988998777646,0.018831647960884525
0.00937422378441924,0.010739777387229029,0.01151353251318092,0.00547147041593442,9.6672942,9.81721004444444,0.017103166666666662,0.01882955555555554
0.008341846298040618,0.009364690721649502,0.011470360824742253,0.00498629334582947,8.008472500000005,9.282985655555558,0.019419777777777775,0.01932908888888889
0.009065612185102191,0.009753016988869392,0.011471704745166943,0.00505553602811952,9.418906177091438,9.28195432729697,0.016615353849572297,0.019326941450949896
0.010098629495130868,0.010950685252430642,0.011260161649291344,0.005054351645777217,10.852271038008446,11.576670271171366,0.019150755723494117,0.02204243165147811
0.00988717047452913,0.009078265963678965,0.009503339191564139,0.005012770943175127,11.460708501889311,12.632565881306952,0.021600233385196736,0.02189848855301179
0.008639409559515967,0.009618908153701936,0.011359770384255055,0.0047583177132145835,11.574009435430101,10.916283918648578,0.021730240053345205,0.02189848855301179
0.00957825679475529,0.009618908153701936,0.011248711340206196,0.005732075913776919,10.352562680595678,11.312081318070684,0.022051867081573688,0.0207750388975328
0.009925149349879318,0.009814220452149426,0.011247393698020391,0.004929834836593634,11.643539964436533,11.312081318070684,0.022051867081573688,0.021325783507446083
0.006885431714634301,0.006735748416490756,0.008681075675075143,0.004064562729192117,11.773402122693932,11.55390715714603,0.021605456768170717,0.01841479217603913
0.007222419731157152,0.007261415398289088,0.008679146761471081,0.0033745139428951977,10.576672393865298,10.316958879751061,0.021546599244276498,0.021239464325405646
0.008263888888905058,0.007262222222222232,0.008693666666666723,0.0043715555555555365,12.33335093899322,10.810311145682856,0.01922733637070785,0.019672163573730403
0.007675036107109377,0.007730696589267845,0.0099963337406956,0.004645372736362613,12.353886152478323,12.269468548566353,0.021010791286952653,0.019674349855523438
0.006693256304855735,0.007572491945339383,0.008304188423508621,0.0054808354627263476,9.400552327519165,9.338140828796819,0.017696644817242542,0.016755138317964657
0.006812284793944452,0.009005220482061545,0.010004554037543042,0.004608574919471306,9.150617520275523,8.282597144761711,0.017976147094767213,0.01673032996333741
0.006814555555542433,0.007478111111111198,0.00971811111111107,0.005235777777777815,7.826009132318631,9.671112909676715,0.015577335851572024,0.01673032996333741
0.007341037893085274,0.008710745638404304,0.008026669629958842,0.0043127014112679446,9.437369670036665,8.834475124986117,0.015672158649038984,0.017529618931229844
0.007452283079662005,0.006985334962781913,0.009783912898566659,0.005265859348961207,9.824568814576159,8.834475124986117,0.018772447505832693,0.016668447950227757
0.007452283079662005,0.008640039995556046,0.00814787245861559,0.005313742917453629,9.073088679035662,8.973237529163429,0.016073936229307858,0.01825362737473614
0.007007333333326137,0.007175888888888871,0.009748333333333373,0.005314333333333347,9.074096799999998,8.974234555555556,0.016075133333333325,0.01543161111111112
0.007307111111104961,0.008399888888888837,0.009545000000000038,0.005170555555555555,8.812288155555548,8.991253644444445,0.016075133333333325,0.016706544444444454
0.006387179202313883,0.007732585268303573,0.008240306632596351,0.0042377513609598875,8.823300588823466,9.23182307521387,0.017395967114765012,0.018493945117209216
0.007656145810181188,0.007552344965547865,0.009541342520560145,0.004161591464769959,8.82526154017113,7.964551216801865,0.01757543060340038,0.01760104456050673
0.006324183151827354,0.007386308068459611,0.008810735719048638,0.004767281618137344,8.976978644444452,9.164098166666662,0.014845011111111153,0.014345211111111108
0.00765296144017969,0.007385487276363993,0.008170130014446025,0.003696188465385007,10.179248322222229,9.113070777777779,0.01854192222222225,0.017499322222222214
0.007543666666682233,0.008041444444444422,0.009381555555555544,0.0042595555555555225,8.568660817868654,9.216443971552396,0.015546716301811323,0.014195266140682297
0.006100122235802612,0.008042338037559707,0.007623180353372711,0.004016557395266176,8.529824386179325,10.279262737473617,0.015932974113987357,0.014825208310187759
0.00737626402932213,0.00772774752750308,0.009326480720080148,0.003858317590843403,7.463957566666678,8.61311993333334,0.015934744444444465,0.013241500000000007
0.007392376930752841,0.009157573063673761,0.008917213023669178,0.0045281697966440635,9.122213142984116,10.169251316520391,0.015757115876013774,0.01612176424841684
0.008378621483096114,0.010589478088066167,0.01017173935780768,0.0053454659554440075,9.189982644444443,8.216077488888892,0.018223355555555563,0.014975322222222224
0.009661750862862781,0.010279364083254805,0.01017173935780768,0.0053454659554440075,7.748210256695181,8.349218168685407,0.017699588843204803,0.01650305589509946
0.008469511557352576,0.010330927727225247,0.01054418993829084,0.005597427047379962,9.067022530829894,9.752095433840678,0.018378324630596583,0.01661462059771137
0.00977460516681822,0.010134923125196085,0.010651187114318637,0.005027402991318908,9.124848905433929,8.553697510834532,0.018382409156572934,0.0166183131459051
0.0094463501359553,0.010133863208533756,0.009866555113992842,0.005771595900439264,7.9215653555555505,8.796575844444446,0.018192277777777766,0.01606630000000001
0.008215540681870548,0.009218782681447461,0.010100188245136916,0.005773164609914256,10.00086947578749,9.973606452750342,0.023857146215326763,0.019463775270333827
0.009187722233841823,0.00921878268144746,0.010100188245136912,0.0056391968207488,10.059727083578224,10.051439414599733,0.020167285764664374,0.021058351945456674
0.009152076142683513,0.00986842380504129,0.010103859428930028,0.005294425269323328,11.65654507522331,10.050258004231305,0.02319340620592381,0.021055876821814756
0.008331659868237607,0.009368894467105962,0.010451208032632537,0.005212948436356056,11.411643993888102,10.372260648801126,0.023896955806299944,0.021963787023977437
0.009683158995829973,0.010946129707112937,0.010340481171548156,0.005794351464435165,9.758675916784208,11.44700401974612,0.021289950634696735,0.022729760225669967
0.0073600000000119,0.007431666666666677,0.009393222222222164,0.004433666666666645,11.007472934539914,9.508537854036899,0.021946068868257142,0.019220425431895637
0.0073600000000119,0.007827111111111033,0.00769955555555551,0.003979777777777768,10.924903408156082,9.323336408508636,0.018559454695028794,0.020121471383241274
0.006937777777769346,0.0067664444444444334,0.007907666666666598,0.003979777777777768,9.085532209165688,9.42960135135135,0.02005170387779083,0.02011910693301998
0.005956111111092671,0.008461333333333383,0.009058555555555497,0.01354933333333334,9.404210072872601,7.758893382698631,0.03427487070992007,0.033761189468735305
0.007359999999986637,0.008124111111111098,0.007597999999999969,0.012983888888888908,7.3584646000000005,5.347663788888898,0.029465166666666657,0.029582122222222212
0.0072018002000187094,0.008125013890432256,0.03978853205911774,0.034150461162351355,5.662946322222215,4.210217566666671,0.029465166666666657,0.02708258888888889
0.006880457726914637,0.007323186312631988,0.04136007110321077,0.04172858571269856,4.1528806243750696,4.210587445839347,0.02757075880457728,0.027079580046661483
0.006881222222217629,0.007543222222222232,0.0398053333333335,0.04114999999999997,2.726163333333334,2.3499275888888844,0.025228477777777803,0.0246017
0.006657076205289496,0.005867584981115366,0.0412001777382804,0.043102199511219706,2.7756576999999982,1.3350967666666615,0.03700560000000003,0.022802133333333346
0.005371930214473591,0.007113123680409013,0.04022158017557515,0.0479854428269808,1.5939051999999885,1.3350967666666615,0.035522322222222236,0.02338677777777777
0.006703888888877272,0.006534000000000065,0.05054277777777788,0.04740833333333338,0.3520995779184804,0.10625187159836048,0.03551048539375765,0.02090399866711095
0.010532111111110175,0.017292333333333392,0.050135444444444455,0.053273444444444464,0.3522560840093431,0.0047724858317643865,0.035278075341704615,0.020913290365596162
0.010532111111110175,0.015597444444444443,0.04898455555555555,0.042912666666666655,0.05423559999999208,0.005895611111112784,0.01832415555555555,0.006335733333333347
0.05587325038881536,0.029150855365474335,0.05011141968451472,0.04739591201955118,0.05414176202644624,0.005516031552046326,0.017916909232307508,0.006335029441173215
0.056215111111113304,0.029749999999999947,0.017936444444444533,0.029821,0.05414777777778253,0.006338344444442454,0.01791889999999999,0.005732933333333326
0.05529777777777175,0.029509111111111038,0.02062033333333327,0.022895555555555547,0.05407561951328239,0.005501233470392289,0.01805137237470829,0.0057335703967107375
0.05636499999999008,0.02839088888888883,0.021831888888888824,0.022895555555555547,0.0542869000000034,0.024402211111117192,0.017379433333333326,0.007576788888888884
0.055977222222206066,0.029585222222222228,0.019532333333333363,0.026846333333333357,0.004792000888795904,0.05937375847128009,0.005601688701255403,0.023159715587156966
0.05597100322184807,0.029565714920564284,0.02089767803577384,0.021692923008554594,0.006041662037558416,0.05937375847128009,0.00507632485279413,0.023559348961226523
0.05588701255417971,0.029720586601488665,0.018305299411176555,0.0226480391067659,0.005117129835480334,0.05929967763450388,0.005822376611827459,0.023348088039128512
0.0991955222131287,0.035053100457156185,0.02000480600164117,0.031037861915367497,0.0063293333333263035,0.05927332222222188,0.0046548888888889,0.023337711111111124
0.09920715123097315,0.03505720984759665,0.02181688159437294,0.031041500586166483,0.016802266918546763,0.05929947771974047,0.005461062340260044,0.02348683187020778
0.051204057699055,0.027593291896329274,0.02149947226457127,0.027967632227043564,0.015948727636402153,0.05939112123568776,0.019909056561840215,0.02348683187020778
0.05108148669246837,0.028644506976198893,0.027854730918044246,0.024437214210341146,0.04782172126596547,0.05915013881176462,0.01989579122709607,0.023205330372015553
0.05108148669246837,0.02760147731269789,0.021554695743932466,0.02373959432524326,0.04688249083435252,0.05917642484167764,0.019581179868903422,0.023864303966225985
0.0512670887560142,0.02906917575331227,0.021378825184664083,0.05356888263571349,0.04701348739029094,0.040726752583045804,0.02615572714142873,0.020761348739029007
0.050403259849921334,0.027812148217635998,0.02261667448405242,0.04668421669793621,0.21215243379043078,0.15044156809380402,0.03529469276667016,0.019883638647545256
0.05185272045030306,0.04805053939962484,0.02117331144465278,0.05818749999999996,0.38629889051705957,0.34306351266484963,0.03416817039983252,0.019774188821436046
0.18743046435271482,0.04718093339587249,0.014462242026266397,0.05752063789868664,0.3862584615384603,0.34220406070119497,0.03433298796441654,0.01911921507064363
0.13470515670147903,0.03142565014447664,0.012879306512558345,0.04229095354523227,0.6404719309262149,0.5943124960753557,0.052601266352694936,0.019911962323390875
0.39180631181240577,0.03196810756750751,0.012230914546060647,0.04228625402822535,0.6444790079531206,0.6580245395562998,0.05183706571787358,0.03658385307660108
0.3905186666666699,0.024908999999999973,0.012404888888888898,0.04863944444444436,0.6443441514961311,0.6569714166143505,0.0384416509730069,0.037252584222640724
0.5328862348627945,0.04383168536829245,0.006376735918231298,0.07606265970447736,0.6159858743455435,0.6581781570680648,0.038473853403141356,0.036386701570680635
0.5337589732192387,0.04384142682520283,0.0424508278697632,0.07607956439604409,0.6155346970806675,0.6576960761745336,0.03889374280632,0.0368096892330229
0.5323974002888547,0.04383868459060107,0.041396622597489066,0.07837940228863455,0.6160312853255177,0.6581876282185452,0.03283589072639732,0.036821247644965444
0.5333634848316405,0.04457184131570172,0.2579571063451496,0.07991043449272144,0.6024131972789165,0.6590987650444744,0.023621371009942445,0.030882972265829423
0.5319307777777643,0.02416266666666663,0.37236366666666676,0.06900155555555564,0.29068879875540976,0.34087504167130245,0.03325991776864096,0.022522480275586194
0.4032847461393142,0.0363371847572492,0.37094856127096987,0.10860559937784692,0.2919956999999979,0.3408371666666723,0.03233454444444445,0.024759533333333333
0.5809564444444327,0.041447333333333274,0.37171077777777783,0.11413822222222218,0.020891255555559006,0.07420308888888233,0.02860471111111112,0.023917900000000006
0.3238688888888848,0.04090144444444446,0.37160655555555566,0.11413822222222218,0.43282639182131205,0.012062684742752036,0.029443882653628153,0.02480606734081565
0.5161856666666659,0.04173422222222229,0.3706012222222223,0.11714700000000002,0.43443546343631484,0.012064025338967055,0.028195487886196906,0.02513162925094464
0.3727017446382758,0.022090676741860146,0.3718943215912878,0.08943293699299915,0.4347063215198271,0.44305143872903435,0.02980446617042552,0.025123252971892003
0.37361782024219475,0.022085768247972384,0.3371216531496501,0.08941306521497604,0.4348512558346258,0.44469944432096004,0.02932494998888643,0.024847366081351432
0.37698999888876067,0.02145216135126126,0.33719657739748865,0.059565618402044704,0.4356768777777771,0.4433147444444438,0.028588288888888907,0.02560668888888891
0.3784298888888821,0.021712333333333333,0.12062188888888889,0.058468888888888834,0.43722322222222,0.794912722222228,0.028546277777777802,0.024543988888888896
0.3784298888888821,0.021712333333333333,0.0071117777777776805,0.05897044444444443,0.4361608710143376,0.7941427508054693,0.020632407510276632,0.03286510387734697
0.42708600955661674,0.010575952883653733,0.007869763307034051,0.0190331147905323,0.44800648888889016,0.8423496444444413,0.020634700000000002,0.033329233333333354
0.24941166666667416,0.0052552222222222635,0.006433444444444368,0.015325444444444516,0.8429316770186278,0.8406355811889985,0.014112633096716962,0.03396375332741794
0.2582541111111267,0.0052552222222222635,0.006881444444444422,0.015325444444444516,0.4164898666666596,0.8354145000000036,0.013301822222222271,0.0143676
0.06593733333334563,0.005167777777777735,0.006881444444444422,0.015451333333333336,0.4159264415064963,0.8362299633374073,0.014250438840128925,0.014627463615153892
0.06872369736696593,0.005330741028774602,0.00873025219420062,0.014935673814020662,0.4153112358301922,0.4040566570348895,0.012636274727717289,0.014632340520115599
0.11093503289474287,0.01256062030075188,0.1420500469924812,0.04257072368421053,0.4153112358301922,0.4037483440764601,0.01660994665481215,0.015006645921315839
0.10928767766945248,0.012841066604017353,0.1430351227534359,0.041803242100317106,0.41679943327035607,0.4037034781642391,0.016608100900099978,0.016910201133459278
0.106824973569848,0.011798778339010956,0.1418081757312345,0.06110184423822385,0.4159817999999973,0.0520766666666614,0.0328533222222222,0.03484024444444444
0.20150604957125637,0.034126629860213774,0.14207388699635862,0.06133172794549508,0.4156585100477379,0.05570856000888209,0.0331877317641834,0.026494870656156296
0.2588151063080031,0.03999494890167977,0.14235627863267938,0.06236332667684714,0.5473066888888936,0.15146750000000808,0.03629886666666666,0.02783326666666666
0.25980770586163154,0.03919194173616822,0.14235627863267938,0.060008340185598454,0.15106759372567638,0.1508504283012612,0.02716405606852818,0.03243588830793193
0.2504299976509275,0.040137538172421924,0.14302114164904864,0.066386774723984,0.3189814319248817,0.2995751173708886,0.03640657276995302,0.03530309859154931
0.2515315325895493,0.04054856136230186,0.21418062243100414,0.05468514386376984,0.3179912058236446,0.29872074674181054,0.03663315721498179,0.03393912175648703
0.24863679079056292,0.03945847527311173,0.21095195583225665,0.07626723834136032,0.31812577198543524,0.3058879300223038,0.04704959492779145,0.05216767641188211
0.19846788888887407,0.03146200000000003,0.1418631111111112,0.06871100000000002,1.2236827873664362,1.6012487260772605,0.04204310203123168,0.05767164494540331
0.19672499999998966,0.04684055555555558,0.1419214444444445,0.08403700000000007,1.2197687448632144,1.6012487260772605,0.05669388282259013,0.05767180932253138
0.21125577777777635,0.04684055555555558,0.1430823333333334,0.06535933333333342,3.1597674181049635,3.384448866971943,0.03852814371257483,0.038722965833039795
0.8648875555555454,0.034228666666666664,0.1430587777777777,0.06532922222222225,4.71574569279587,3.383743565636384,0.040677094840756836,0.041283911152896945
1.7324884444444455,0.027636888888888836,0.1431361111111112,0.06435344444444446,4.559733282442747,4.703820587199062,0.039601514973576044,0.03935062830299471
1.7315495555555522,0.028850444444444377,0.1431361111111112,0.06515833333333336,6.080383832687105,6.15124622253554,0.03962012689460698,0.036377076724239225
2.754440382264679,0.028716635181686778,0.1429257695299478,0.059569285476163976,5.600797110147835,6.9218779815494145,0.03340100033344447,0.03338769589863288
3.7456719270949024,0.027580906868192877,0.07558601911535896,0.06017092687263838,7.2879061791509265,6.921108713047352,0.03427626139142031,0.035738064014225385
3.743591691658329,0.02890680884149726,0.07747339775630342,0.0397421970454293,7.286069574397158,8.046622346927446,0.027031259028780966,0.018481886876319607
4.724650333333329,0.029291555555555567,0.009341999999999987,0.018413444444444496,8.192915577777788,7.887369999999999,0.027028255555555547,0.015637133333333345
4.724650333333329,0.012886888888888868,0.008336111111111126,0.003087444444444445,10.104497955555559,9.445527044444445,0.016465066666666677,0.01624382222222225
6.097853666666677,0.01411811111111108,0.009080888888888892,0.0035463333333333306,8.267837522222225,8.734069877777776,0.016465066666666677,0.01624382222222225
5.3546641111111315,0.00649644444444449,0.009359888888888909,0.0035773333333333217,8.570078499999994,9.926010977777784,0.016423088888888902,0.016701066666666653
5.755286555555561,0.007307000000000051,0.008258333333333331,0.004082555555555503,8.56817446123083,8.529085992001779,0.01786311930682071,0.01659131304154636
6.63101533333333,0.00609344444444451,0.010179333333333318,0.003277666666666611,8.218623744444441,8.528035944444444,0.017867088888888896,0.014166600000000012
5.608430555555565,0.00692133333333336,0.00834866666666656,0.003456555555555636,9.201301255555558,8.789643311111105,0.01701827777777779,0.018484922222222214
5.904436000000008,0.00692133333333336,0.010156111111111107,0.0032871111111110927,9.277511066666671,8.789643311111105,0.018369666666666673,0.018299855555555543
5.907061360604721,0.007199755446865282,0.009161960871498454,0.0037364384170742435,9.277511066666671,9.466588022222217,0.017542000000000002,0.018299855555555543
6.246263777777788,0.006134555555555545,0.008983111111111065,0.0031809999999999525,9.39914505555555,9.573315722222226,0.01954282222222222,0.01757967777777776
7.579267222222244,0.007825555555555556,0.010116666666666578,0.003915333333333296,8.617012622222221,8.01515867777778,0.016241488888888878,0.016768866666666653
8.236922866463201,0.008851731032305602,0.011988003788277442,0.00497779648532038,8.617012622222221,8.144925477777779,0.01986633333333334,0.0188956111111111
8.237789728478194,0.00951589139128604,0.010633024626394583,0.004296463902336339,7.912994299999996,7.8674960444444375,0.01674416666666667,0.017831355555555553
7.959642563940633,0.010062624986843483,0.01235764656351977,0.004428375960425259,9.65432533614846,8.97195339482164,0.015732536948549813,0.01572292476941879
8.35962590760812,0.010060507208250021,0.010535725560349518,0.005002104598547815,8.568705400000002,8.969095500000003,0.018164311111111105,0.019213333333333305
8.360505683014098,0.009631025047358462,0.011849294885287243,0.004411702799410577,8.80786751111111,8.584214311111118,0.017647733333333356,0.014895011111111104
8.055803725531467,0.01534666386023997,0.011186066091349143,0.004641549147547877,8.11971701111111,8.584214311111118,0.017281177777777774,0.01514610000000001
8.055803725531467,0.01545706167122714,0.010303515049463249,0.005765838770785113,8.118814920564379,8.197321708699048,0.017522997444728367,0.01514441728696812
6.801915833771695,0.01545218306154658,0.011386743819042606,0.006106680694371358,9.990655183279074,9.611869929629245,0.017460004201239377,0.01927876273500682
5.542296148179312,0.015135339928436138,0.011456535466217636,0.0054130709324352435,10.011676073941818,10.686048072681444,0.020047169414977417,0.01694781010398066
5.541712932758057,0.01624897400820794,0.011455329895822368,0.005579185520361984,10.011676073941818,9.639749301543961,0.01662068060077721,0.01767517067534922
3.346826000000015,0.012818666666666683,0.009373333333333357,0.005404999999999957,10.790843304274762,10.144458775338729,0.019454164478521146,0.01599276336519274
2.270049772247531,0.012894900566603728,0.008952783024108235,0.00476047105877119,9.145813895599199,10.162577460350812,0.01937833210797187,0.019216479361411635
0.9705742860317931,0.01289776641849096,0.008954772752527861,0.005299811090121197,10.452175769351964,8.87521619577776,0.01707797500262578,0.017931813885096116
0.9718641111111185,0.013504444444444394,0.009359333333333572,0.0057513333333333435,9.297196607499215,9.745989349858206,0.018617004516332313,0.02037001365402797
0.006899111111099248,0.00746999999999994,0.009438111111111012,0.0050832222222222025,10.12290423274865,11.358338735426946,0.017878384623463917,0.01808283793719149
0.006898344628362764,0.007635484946117097,0.009437062548605612,0.0042609710032218496,11.56248199957992,10.011301785339203,0.01595483091787439,0.021083039277462714
0.0068030437680636656,0.008773272606087543,0.008824372361697249,0.004384470117751657,10.67215152820082,9.916857966600146,0.018552568007562227,0.01972305430101882
0.007077555555573175,0.007423888888888897,0.007622888888888784,0.004795111111111182,7.747570769914453,7.458140284412837,0.01649335629374513,0.01608706810354409
0.007077555555573175,0.008220222222222223,0.0094914444444443,0.004999111111111078,8.868299955560492,9.206574725030547,0.01649335629374513,0.01586158204643931
0.006836333333341019,0.009069555555555553,0.00776666666666633,0.004253444444444495,7.8327926222222235,8.231967788888888,0.01913905555555556,0.023401444444444447
0.006897011443164486,0.0076043772914120575,0.008241417620264348,0.004649261193200842,7.833488188888896,7.1093397666666585,0.018126055555555576,0.019991111111111102
0.006897011443164486,0.00875569381179867,0.010462393067436994,0.003504388401288757,6.450785723808464,7.1095829907787955,0.018124041773136337,0.018790745472725263
0.0065257193645093265,0.008262748583490777,0.040692478613487355,0.015677813576269333,6.45160204421731,5.077055349405617,0.0156265859348961,0.026532807465837117
0.006688777777779049,0.00826366666666672,0.03951100000000018,0.022167111111111127,4.5052227641373275,3.3715583490723238,0.045270347739140064,0.026532807465837117
0.006688777777779049,0.019351666666666607,0.040768111111111144,0.0213542222222222,3.6997854094899396,4.491556639626622,0.04751230136681852,0.036541304589398825
0.7930705947748681,0.0182229016120066,0.04050650361311849,0.062156864924958324,2.6965268970114376,3.3418513498500135,0.04475570492167535,0.03891410954338404
1.6866127777777822,0.030783111111111084,0.0417330000000003,0.062191111111111065,4.435711455555558,5.01954034444445,0.04563525555555558,0.038918433333333315
1.6868002000222289,0.030295255028336476,0.039868874319369155,0.06125002778086453,4.335143249249916,5.126655183909324,0.04564032670296702,0.038521002333592604
2.648945555555555,0.029442555555555555,0.041912000000000345,0.06165577777777781,5.20800485555556,4.653277233333335,0.0438713111111111,0.030978622222222228
3.8075470607845383,0.0309715523947105,0.04004089343260392,0.061919324369374355,5.2073092888888874,6.170551866666671,0.04243908888888886,0.03448391111111114
5.358315606534596,0.032217471903603336,0.04349704553354205,0.06549959448499594,7.054337233333342,7.387285200000002,0.04540528888888885,0.03552821111111111
6.448105781485341,0.0323130575831306,0.010103232533889504,0.053171474916000515,8.08864208888888,8.519645033333338,0.044383822222222216,0.027004788888888853
7.539693270010417,0.033290744816402144,0.011493455345766072,0.046745163905942334,8.086314933333329,8.519645033333338,0.015300277777777798,0.02934242222222222
7.541440389294397,0.020750666203220938,0.01184741049704548,0.04675599582898856,8.805044377777785,9.011745755555559,0.01586982222222224,0.01616471111111112
8.082373609823916,0.022110518999073264,0.012037418906394756,0.004112140871177039,9.808322111111123,9.011745755555559,0.01586982222222224,0.014535988888888901
7.14909962928637,0.010120481927710779,0.010735171455050707,0.004482043558850759,9.44960447827536,9.30858245360595,0.014686742971441291,0.014537604178242038
8.652106451986546,0.00857361288080614,0.012205953897833619,0.004481524383180789,8.428750699999998,7.452374244444441,0.018154488888888872,0.01582941111111113
8.728386816496757,0.009688253012048214,0.010072520852641048,0.004590245597775689,8.360031877777779,9.551409511111117,0.01427705555555556,0.01582941111111113
7.519637743280823,0.008097659870250276,0.01227293790546807,0.004693234476366968,9.983359677041895,9.882315867072311,0.020523449567048928,0.0180959630236368
7.085310632151987,0.007985334962781868,0.009066659260082242,0.003599266748139047,9.721347553838951,10.149831776685387,0.01740374531835208,0.019011587078651693
7.015633000000006,0.007613333333333275,0.010799999999999699,0.0031528888888888596,8.630981051029979,8.956375655430707,0.020864992977528106,0.01711673689138581
6.927349444444467,0.007727666666666701,0.009464222222222122,0.0028177777777777836,10.693723595505627,10.714527340823972,0.01791741573033708,0.018881987359550573
6.927349444444467,0.006773222222222271,0.009674333333333292,0.0036393333333333035,10.383586459918082,11.072357776477476,0.01852482153306029,0.018879777647747228
6.62478399999999,0.007145444444444414,0.009701666666666695,0.003985444444444436,10.959164676966289,11.073653698501877,0.021099297752808995,0.019868036048689145
7.48824311111111,0.007454555555555607,0.009701666666666695,0.003608555555555566,9.505330228203631,10.711190731421887,0.018735389116442347,0.021558104154476274
6.046403044782761,0.0074553839315480005,0.010033670407823382,0.003889321035670646,11.153191854885895,12.152198232884734,0.017460070216500877,0.020736851960210648
6.292061104321734,0.007569158982335298,0.010031440951005733,0.0033721808687923395,11.002074417788176,9.94139455822118,0.020478431831480435,0.020736851960210648
7.556518777777759,0.009070888888888877,0.010142777777777686,0.0033429999999999974,9.326135666666659,9.789263888888897,0.014232033333333357,0.017686711111111093
7.10370852316922,0.008670518946549658,0.010332036892987962,0.003775863984887257,9.65592115320519,8.318807365848247,0.017264215087212525,0.014840706588156864
6.127248999999994,0.007700444444444523,0.00859855555555574,0.00341800000000002,9.656994033333326,9.981129700000007,0.013980255555555557,0.0178030111111111
6.193649405489492,0.007754528280920119,0.010630514501611609,0.004073230358928732,9.292444511111109,9.534692899999998,0.01849656666666668,0.01737173333333332
7.08957355555554,0.008728777777777808,0.00882522222222251,0.00359111111111115,8.14823047439173,7.581694533940671,0.016767692478613455,0.01736980335518274
6.085333555555558,0.008207777777777814,0.009147111111111094,0.0034884444444444425,8.272360933333337,9.404295077777771,0.014327577777777762,0.0180189222222222
6.451902666666658,0.008426000000000045,0.010773111111111197,0.0030321111111111737,10.264297033333332,9.02513784444444,0.016918155555555568,0.019078011111111133
7.482856127096993,0.008425063881790956,0.009029218975669197,0.003826019331185395,8.69974396666667,7.65698127777777,0.017096733333333343,0.01629533333333333
7.007307923102554,0.009321813534837185,0.011131792421380168,0.0038268696521835477,8.385432240862134,9.26175531607598,0.014229385623819549,0.0193652927452505
5.742132763026329,0.007819020108876787,0.010284746139317631,0.003732474169536738,9.479421233333339,7.562649288888875,0.015682222222222215,0.018556355555555546
6.408958444444453,0.008779444444444352,0.009937111111111188,0.003945777777777752,9.085927433333328,9.481822066666657,0.015909966666666695,0.018556355555555546
6.407534547878257,0.008777493890246518,0.009934903354810117,0.003944901133081511,9.085927433333328,7.820424044444438,0.015909966666666695,0.018945011111111076
8.002993394149108,0.011871552899234554,0.011559609940232567,0.005056516724336821,8.561385633333332,8.465732011111111,0.013627166666666685,0.015362844444444412
8.250059767222377,0.010951347383873317,0.013201321170179187,0.005249868931529784,10.249475252805873,9.957792699188795,0.0119756306256251,0.019045149461051212
8.249194799748356,0.011226672258335063,0.011530090165653295,0.004680855525267278,8.575618886790354,9.367797078102436,0.015772214198422417,0.017010721030996566
8.433677152144275,0.01090384817028411,0.011928069623571425,0.005310474992135841,8.522869522222228,9.200426122222224,0.015400477777777762,0.016709955555555527
7.4599889902484895,0.010903848170284114,0.012958058089546138,0.00429631959735769,8.522869522222228,9.200426122222224,0.015846388888888903,0.018798088888888856
7.969230446634519,0.010547913608723,0.010974837492136699,0.004880268400083925,9.25405697777778,9.368916644444452,0.018374355555555562,0.015725977777777764
8.806537961409386,0.010550125838926172,0.011689177852349216,0.004831900167785274,8.16190657850873,10.392922124680531,0.01692498055339481,0.0164391043449272
7.467440390059746,0.010447205620216013,0.01184093530460303,0.004527209814407033,8.241388054228251,9.536786565173912,0.017119591065673966,0.0164391043449272
8.52862038590603,0.010448301174496659,0.012798028523489978,0.004843015939597324,9.41738705555556,9.535726922222226,0.017117688888888892,0.0167884777777778
8.598454373820013,0.010634361233480182,0.011923956366687829,0.004917243549402135,8.348248122222225,9.131623722222225,0.018068922222222217,0.0167884777777778
6.064842777777812,0.007803999999999947,0.009114555555555626,0.0031777777777777733,8.256397145395974,9.48273716538932,0.01806290125513717,0.015957114295234918
7.508607333333354,0.008232444444444474,0.01109000000000017,0.00379422222222223,11.87471053187742,10.371251567453333,0.02101869202770927,0.018257825525419744
6.828665703810705,0.008131429841128716,0.010818909010109835,0.0038260193311853963,9.825405564686545,9.226128516083595,0.018673679267433664,0.018985383892932643
6.829424444444461,0.008956333333333295,0.011062999999999651,0.0038264444444444166,11.062639638370316,10.943372595984506,0.01880639896677234,0.0167810614065986
6.623697666666684,0.008496444444444468,0.011062999999999651,0.00412566666666662,10.178286601690933,10.258802160638796,0.017819340065758596,0.020372357914513868
5.737657260304443,0.009793911787579108,0.010529941117653605,0.00415642706365957,10.177091546319126,10.388638229423508,0.017817247857226746,0.01932823764236234
7.159313631818696,0.008044217309187866,0.011163426285968173,0.003833462948561297,10.48546132895046,9.264127811692893,0.01699259215778352,0.019325968537215316
7.05311033333333,0.009121444444444491,0.01015188888888869,0.0044903333333333375,10.504538882366756,10.907797264616113,0.01699259215778352,0.018138295374501068
5.767630444444421,0.00849666666666672,0.010144999999999824,0.003832000000000058,12.024989011505056,10.503482167175397,0.017377811692885648,0.018138295374501068
6.967153094100624,0.009684257304743933,0.011490723252971605,0.004569270081102156,11.499323053435123,8.556853024075162,0.019156418085731083,0.019182008220786865
6.275854888888919,0.007806111111111057,0.00951655555555517,0.003953333333333377,7.901352188888893,8.487301577777778,0.012502666666666705,0.017319666666666674
5.529821908676833,0.00811054327296976,0.00952583046328183,0.004103877346961479,9.748668807645293,8.488244716079564,0.015394743860428951,0.014267363040337815
6.690626666666655,0.007287444444444526,0.010293333333333661,0.0046095555555556444,8.576888501277637,8.446069670036668,0.015808132429730018,0.01703889567825796
6.816649849983305,0.007436048449827672,0.010294477164129673,0.0036914101566841617,8.901663711111102,7.321686166666676,0.014217988888888868,0.015810311111111124
6.815892444444419,0.00729155555555562,0.010490555555555324,0.0035939999999999492,8.901663711111102,8.102355433333328,0.018108444444444417,0.014038700000000005
6.71130836759643,0.008486498499833394,0.010363262584731608,0.004062673630403345,8.766263095899545,9.659093377041884,0.01543223691521277,0.018419268807645304
5.694644738304286,0.008573397044115999,0.010363262584731608,0.0035699522169129762,9.30284418268696,8.103278686520717,0.018296010667851966,0.015842538059784424
7.0745866666666695,0.007550777777777759,0.010367111111111093,0.003569555555555542,7.862788955555548,8.969380655555556,0.01788995555555556,0.019694211111111137
6.619534444444476,0.0072822222222222645,0.009020111111111204,0.0034487777777777577,8.223273819313246,10.178760084453826,0.01621479053228134,0.01808228692076899
6.9404787777777734,0.008307444444444497,0.011167444444444483,0.003857888888888914,9.781222477777773,8.223388466666668,0.019402855555555525,0.017545755555555556
9.54969231675701,0.010302733914682928,0.013790949799670018,0.0046263257129390035,7.9341074769470055,9.465097655816018,0.016510654371736468,0.017543806243750695
8.318248615529665,0.011917874396135173,0.011561564746081951,0.004668434075645041,9.45807655555556,9.043196888888891,0.01596996666666665,0.01843970000000001
8.011917569477179,0.010437470560527557,0.013857512953367634,0.004665685350918448,9.45326812576382,9.042192200866573,0.01783754027330296,0.016272069770025557
9.357723341581254,0.010583244962884361,0.013080122540355994,0.005245552020737622,9.45326812576382,8.760614698366854,0.013947516942561937,0.020000399955560508
7.960725377002805,0.010330466540999008,0.011274387370405425,0.004748468426013199,9.126424422222218,8.30347792222223,0.017091799999999997,0.015624100000000007
9.498472562411665,0.009092793217145543,0.013310409797456483,0.004770372114931732,8.952844533333339,9.550284611111103,0.016048477777777775,0.018457188888888896
8.040044420879006,0.010847885000589134,0.011584305408271536,0.0059295392953929325,8.952844533333339,8.622227511111106,0.014838988888888887,0.01633578888888887
8.70391187558906,0.011159754948162036,0.01375671536286515,0.005274622997172467,9.371089990001117,8.71056068214643,0.014837340295522718,0.014112587490278848
7.567464946388576,0.011014728408153629,0.011481206551195935,0.005351950041239473,7.814137104122678,8.712496577397488,0.014695621735748406,0.015140771196799635
6.410287999999987,0.0075202222222222745,0.009143777777777888,0.003692777777777718,9.589854744444448,8.997053511111119,0.017408888888888908,0.015139088888888881
7.339006666666642,0.007408777777777845,0.010468222222222323,0.003979222222222233,9.117632441731404,7.8275419533851265,0.014511886792452864,0.014679356270810212
6.360197732577517,0.008594531510503512,0.00959486495498524,0.004376014226964549,10.150115614513412,10.45944314177852,0.01675707843959735,0.019835801174496633
6.356786245972699,0.00834118431285419,0.010000777691367578,0.0033194089545606127,11.173228387164423,10.666494431627516,0.01949786073825507,0.016316642197986553
7.396001888888906,0.00738533333333338,0.010001888888888841,0.004035000000000011,9.810575099601602,9.62861187880059,0.016528307821346237,0.018983623401132316
5.944155735882624,0.008713872832369914,0.009731658514895474,0.0035158959537571906,9.931292702107584,10.21506054314776,0.017465272098144097,0.01631204781377792
6.932797666666678,0.008193000000000044,0.009727333333333298,0.003093555555555621,9.931292702107584,10.411367065114824,0.017709122365523744,0.01643700325049807
6.50544649405488,0.008117235248361011,0.009878542060229235,0.0036322924769418966,9.419889607802018,10.496980945889263,0.017710979446308717,0.019281113674496638
6.504000999888888,0.0072283079657816,0.010922119764470778,0.0035000555493833996,10.97835928915916,10.494779859509334,0.018356647095827225,0.01627996435311387
6.474812222222227,0.008906555555555567,0.010388222222222195,0.004148666666666677,9.303934354026845,10.155339943372475,0.01579819630872481,0.019166505872483225
6.449822333333335,0.008569222222222155,0.009063777777777757,0.0033167777777777614,9.695583497795507,11.940220564770097,0.01875477640142767,0.01766568339281967
7.405739304367158,0.007387154128236459,0.009786754083787014,0.0033107011890209726,11.035092240746565,10.1278861381986,0.018942183076439138,0.01763795742896087
6.141540171130106,0.008284142682520203,0.009712412490276793,0.003623291476830798,8.482982757471387,9.199915831574263,0.014045406065992657,0.014152360848794596
5.9960675555555305,0.008283222222222147,0.009711333333333431,0.0029076666666667038,8.483925311111106,9.200938044444438,0.016678977777777736,0.01412369999999998
7.09659366666665,0.008419555555555588,0.00987144444444452,0.003914333333333353,8.498057391980451,9.234303732089298,0.016580317671887126,0.01621867155392645
6.10530988888887,0.007286555555555512,0.011351555555555769,0.00407811111111103,8.500890077777779,8.00923893333333,0.015805155555555568,0.014359633333333314
6.158317192358974,0.0076225011106174235,0.009147267880941785,0.004030764104842258,8.789300544383954,8.346976380402182,0.017314587268081334,0.013062926341517605
7.114935548394273,0.008581953550394487,0.009729636626291846,0.003682964773863754,7.13734532725858,9.607223447049668,0.013584953883764874,0.013065829536615172
6.727185888888876,0.006903555555555565,0.008323888888888971,0.003612333333333378,8.822205010554386,8.43892008665704,0.016082624152871934,0.01276860348850129
5.823457111111111,0.00787511111111113,0.010534777777778004,0.004053444444444468,9.070946850349955,8.291180757693594,0.01297114765026109,0.013941962004221735
5.881791222222192,0.008832222222222304,0.009698444444444319,0.004173999999999999,7.639822941895343,9.520796067103657,0.01250922119764469,0.012164903899566716
8.594573409801855,0.010431074035453593,0.01073868613138679,0.005110844629822683,8.168050772308032,8.961667185242803,0.01564509389932213,0.015172196910767856
7.755838060479662,0.010431074035453593,0.012731074035453338,0.005110844629822683,8.980237466666672,8.960671444444444,0.013011344444444461,0.012370711111111118
7.934054744525571,0.010583211678832078,0.012580396246089752,0.00464911366006253,8.559384907757273,8.227178750833522,0.013155901311402535,0.014232362747277164
8.57812793243666,0.011711604629340042,0.0124371806902302,0.004386091127098352,8.557482822222218,8.225350488888893,0.01173944444444444,0.014229199999999992
8.370954308366343,0.011336115167953334,0.012443667848946158,0.003925725015647854,8.367390621180128,8.100810690076667,0.013574052672519162,0.015227703078119782
7.469892745465906,0.010430685845319986,0.012988742964352836,0.004256618720033347,9.503685357182535,8.483323586268195,0.013571036551494275,0.018286245972669705
7.9610335766423495,0.011808967674661061,0.012994160583941722,0.004175182481751764,9.522761244444439,9.72999214444444,0.01465677777777776,0.015527799999999982
7.9610335766423495,0.009887904066736201,0.012860062565171766,0.0037612095933263405,7.808794700000006,7.999834622222213,0.016807177777777738,0.015055344444444453
8.160678519290961,0.010099374348279398,0.011750990615224102,0.003823044838373387,9.783008444444455,8.11365477777778,0.01507246666666665,0.017534377777777783
8.378109269106435,0.009812011260556787,0.011943280158481825,0.004222083203002794,8.33903209643374,8.208837373625151,0.0153480946561493,0.014528507943561838
6.745079546717039,0.008983224086212653,0.010553494056216119,0.004275191645372735,9.10593076666666,8.209749466666665,0.017839222222222197,0.01907114444444444
6.41412155555554,0.007361111111111127,0.010177666666666517,0.003761000000000002,9.03758757777779,8.944490122222211,0.01497955555555553,0.01678040000000001
6.659325591732417,0.007495721746860727,0.010479831092343773,0.003832092454717202,11.539916144493807,10.909417839607197,0.02149956745382277,0.021587152209492654
5.884105222222237,0.007976777777777796,0.010478666666666846,0.004449777777777738,11.16954298071304,10.77165312682642,0.020108439509059033,0.01873027469316191
7.040684859937759,0.00798032458870611,0.010286794130724725,0.004472321031569656,9.973219137245739,9.044660147299508,0.02011079027355623,0.01860569324292729
6.944747999999992,0.008313888888888855,0.01028222222222218,0.004418444444444466,9.937414180500348,9.47874283376199,0.02004526537292495,0.01860569324292729
6.944747999999992,0.00949666666666666,0.009782333333333388,0.004418444444444466,9.937414180500348,10.822061363104982,0.017782744914659834,0.018886415711947612
6.812207555555537,0.008314222222222235,0.010888444444444664,0.004445333333333265,9.640780395136769,9.408436298807569,0.020800888473228935,0.01921063829787236
5.486440271141238,0.00861840204467169,0.009018335370596734,0.0036660740082231353,10.672219371054474,10.100593733925649,0.019224853869534736,0.01921063829787236
6.563854444444436,0.0070995555555556245,0.009543555555555689,0.0031680000000000107,9.933850385784433,10.100593733925649,0.016605634790741196,0.016507914425999567
6.989475555555551,0.008822333333333415,0.009435000000000256,0.0038152222222222047,8.6601205751695,9.554507025952766,0.018666004208557446,0.01673048866027589
6.057762555555555,0.008863777777777731,0.007805111111111214,0.003190888888888842,7.756343699999993,8.70345602222222,0.014554377777777764,0.012164411111111101
7.462411555555567,0.007310222222222132,0.009795888888888667,0.0033292222222222677,7.934985188888887,7.232866566666663,0.014794400000000011,0.015862999999999985
6.30826019331187,0.008829241195422728,0.009348183535162471,0.00341662037551381,9.109863099999997,9.208171433333323,0.014794400000000011,0.01474223333333333
5.810998334073732,0.007025988449578057,0.00934506885828492,0.003317192358951627,8.363491322222224,9.172006233333331,0.0141398,0.017563377777777785
6.893830241084339,0.007429507832463079,0.009504832796356057,0.003816464837240324,9.60951454444445,9.27291145555556,0.016001644444444445,0.014979833333333342
5.800975666666697,0.008555333333333397,0.009670888888888859,0.003562666666666677,7.918114523835986,9.27394189354373,0.01550407823091454,0.014047571952439107
6.89630299999999,0.007330666666666671,0.009670888888888859,0.003562666666666677,8.450728044444453,8.651380255555551,0.013590211111111127,0.0170330222222222
5.8182792222222215,0.008246999999999893,0.009416666666666629,0.0036953333333333348,7.573440377777789,8.651380255555551,0.016327133333333323,0.015060788888888869
5.759735117725451,0.007976899155930636,0.010094291426032555,0.0039955575299867475,9.153377055555556,9.128867133333333,0.015921066666666674,0.015956644444444435
7.863439509059037,0.009742372881356001,0.013983518410286356,0.005719462302746871,8.974193477777787,9.131474733333329,0.013653100000000041,0.015956644444444435
7.543960490940987,0.009742372881356001,0.01314365867913501,0.004923670368205624,7.716422680297809,9.132489454383814,0.014595832870318936,0.014908845427269692
8.852923553477513,0.00937440093512558,0.01294845119813008,0.005122267679719502,8.554297555283913,9.169378130903434,0.014595832870318936,0.01647824202689186
7.95932966904459,0.010704011226756963,0.01295450824465008,0.005418664483686121,8.95572373333333,9.103977688888895,0.014907122222222242,0.015506844444444428
7.878064289888941,0.009032612507305573,0.01306697837521925,0.004891992986557605,7.709700511111104,7.726322833333336,0.015629877777777777,0.01752585555555552
9.112883343074218,0.009186323787258812,0.011729748684979583,0.005352425482174193,9.109261448727917,9.190476613709588,0.016118853460726598,0.01567074769470058
7.9605810637054715,0.01034342489772062,0.013824313267095203,0.005352425482174193,7.596454833333323,8.995081000000019,0.016120644444444457,0.0153127
9.328647890615885,0.011030501343928991,0.013017763234778502,0.005333528105644553,9.1147926802177,8.99208363878709,0.015731556147950698,0.018212473619904475
7.937088293766813,0.009505554905858948,0.012287685650801058,0.004338206057771024,9.08501490165574,8.750769229914443,0.014186176241804616,0.015444738304256049
6.962548111111119,0.007794111111111156,0.009688333333333077,0.003467555555555693,9.140512790310025,9.74341804644961,0.019258495388376436,0.017713012556950805
5.861581666666654,0.008859777777777664,0.008495888888888933,0.003467555555555693,9.13949717777777,9.74233544444445,0.018286766666666628,0.01719322222222223
5.852252805867287,0.007690410045560555,0.009043338148683229,0.0034769418824312963,8.58418789023442,9.249126274858359,0.020916887012554116,0.016294456171536496
6.704352738584597,0.007898122430841117,0.010262526385956946,0.0028577935784911976,9.87087504731862,9.857947371188232,0.02062608832807568,0.017826004206098874
6.741202244693869,0.008974219357706464,0.009626736304033845,0.003439604400488969,11.199721703470036,9.857947371188232,0.018180094637223962,0.017947707676130412
6.407985561972454,0.007698689471346083,0.009621390493114234,0.003409040426477087,9.87425822292324,9.784820651945324,0.017796550998948446,0.017947707676130412
6.410833555555555,0.008149555555555448,0.009360000000000134,0.0034105555555555217,11.547830147213467,10.177997528916928,0.017796550998948446,0.01780894847528918
6.071433366677794,0.007481604979437521,0.010371123707902793,0.0031682783149937885,10.111231692437151,11.186255832544436,0.018211738718838747,0.0174877774271589
7.025382222222207,0.008665333333333278,0.009222333333333665,0.00423711111111105,10.18071532961834,9.652168100094634,0.019689612028177896,0.01904660918935967
5.891608777777745,0.007243444444444296,0.00985911111111114,0.0039736666666665916,8.920138134791305,9.000452328882341,0.016949258753022854,0.016900441593943823
7.290834666666646,0.007261222222222388,0.00985911111111114,0.0039736666666665916,10.452763494900646,10.452662454000627,0.016439953737777322,0.018208695195037344
6.056571666666666,0.008679222222222234,0.009711999999999993,0.004240222222222201,10.205461114616206,9.015268243953729,0.013950410094637246,0.015851041009463763
6.3353840426713806,0.007211467940882229,0.009678297588621123,0.004682853650405698,9.545292523659306,10.137737013669833,0.016304731861198733,0.018457581493165117
5.292019111111081,0.007570222222222257,0.01021955555555544,0.00452099999999985,7.207376344444442,7.9880477222222215,0.01659258888888889,0.015087466666666698
5.827169630947083,0.00860482436638519,0.010224099599822026,0.003765673632725584,8.622523191465723,8.234517157461923,0.014139382153572615,0.0150891432381376
6.569146268325176,0.008304753442914255,0.00976443802754325,0.0041984673478454295,8.20061242222222,8.327543799999985,0.016281699999999986,0.015899188888888884
6.343042111111117,0.007407000000000016,0.009484111111110928,0.004148111111111143,8.20061242222222,8.424032288888874,0.015297499999999983,0.013338544444444489
6.315724666666686,0.007317000000000067,0.009484111111110928,0.003564444444444506,8.518728722222221,8.424032288888874,0.01645747777777776,0.015843233333333373
6.315724666666686,0.008684444444444495,0.009953333333333507,0.0035432222222221794,9.677188466666662,8.932617399999996,0.01624168888888889,0.01812318888888891
6.078371987115402,0.00759846717760736,0.009950016661113134,0.0035420415417082764,9.37186384846128,7.397132107543597,0.014542250861015463,0.016800533274080626
9.03664248104464,0.009810025273799542,0.012923967986520651,0.0039277590564448005,8.17707856666666,9.063673988888892,0.016770766666666655,0.01680239999999997
7.964145429654578,0.011017796967144104,0.011799389216512262,0.0038583614153326873,8.760279700000003,9.40496123333331,0.016518411111111155,0.017062588888888904
8.911173143759884,0.009659926276987859,0.011723644023169945,0.0034608741442865164,8.761253172574733,9.406006345149436,0.015010701189021028,0.016267096344038206
8.403116166403384,0.010177672459188986,0.012879936808846883,0.0038825697735650963,9.222182057549155,9.29011778691259,0.015007365848239113,0.01626348183535161
8.810931619428956,0.010427773680328873,0.013059740807080463,0.004210515224949865,9.054047622222237,7.732628733333356,0.015338511111111139,0.01440261111111112
8.112480307497906,0.010422283066554478,0.011487573715248667,0.0038960614995787175,9.054047622222237,8.316536555555569,0.016986744444444462,0.0167357888888889
8.394289490311698,0.010266217354675677,0.013463247683234956,0.004352358887952855,8.804862562506953,8.317460717857552,0.014258473163684868,0.01502171352372483
9.133702716933424,0.010077401010952081,0.012421967144060554,0.004168807919123939,7.645424500000012,8.097579211111134,0.01545049999999998,0.014483577777777795
8.033980931310566,0.011119258322798153,0.012427201854192901,0.004170564686051509,8.00256370707855,8.098479042115812,0.01815840648960995,0.014266385153906012
8.592548815165895,0.009735439705107906,0.013002738283306892,0.004183570300158019,9.416064533333342,8.267605644444444,0.01592948888888892,0.014264800000000024
6.494621000000027,0.007982333333333437,0.009802666666666307,0.003971222222222201,7.8333995777777865,6.740243066666678,0.01675968888888889,0.013030322222222218
6.963139651149882,0.007981446505943889,0.009941228752361163,0.004455727141428703,9.78286644817243,8.714420419953365,0.014846572603044105,0.011703299633374081
7.0797369181201795,0.007769470058882227,0.008721475391623186,0.004010887679146721,7.906837600000006,8.52281699999999,0.01818647777777773,0.01575281111111112
5.906051883124066,0.007601822019775413,0.008962448616820225,0.0037800244417287524,8.650478477777737,8.52281699999999,0.015713111111111074,0.01689702222222222
7.068768777777779,0.007602666666666499,0.010768777777777752,0.0037804444444445,9.784978855555533,8.458903233333334,0.014044777777777741,0.017173766666666635
5.8427735555555955,0.007882777777777782,0.008684222222222438,0.003712666666666525,10.047408392101534,11.513294299482842,0.018131523272214383,0.01925228020686416
6.39324933333334,0.007812555555555416,0.008878666666666628,0.0037394444444443942,11.4982532149994,10.71718443634652,0.016521923122134706,0.017410015281532864
7.368926563715172,0.00671747583601818,0.010232863015220658,0.003739028996778086,9.729768390737057,11.681872975196882,0.01512457975784646,0.01791083813330199
5.893377624708366,0.008000111098766754,0.009480279968892466,0.003668036884790572,9.668362689549769,9.739740883977897,0.016560761725637696,0.019768966733278492
6.983221346068418,0.007486894713460589,0.009477121279431483,0.0032458907152378173,9.669499341641181,11.327892511168585,0.01331909240536091,0.017887961438984263
5.518803333333331,0.007490222222222127,0.008979999999999915,0.0031395555555556363,9.7165496767368,10.272776313624053,0.016191454096626312,0.020585541318913842
5.920319186757046,0.007478946783690725,0.010968892345294662,0.0031392067548051024,11.284100340895725,8.868793276125535,0.012659739038438986,0.017510156341836152
5.920977000000019,0.007315555555555717,0.00927066666666655,0.0030586666666666913,9.250783025743523,10.546657399788408,0.015387257552603775,0.014787140002351012
5.988487999999961,0.00817444444444446,0.0085975555555555,0.003344444444444545,9.816914705536623,9.989378076877854,0.014942341601034513,0.014468684612671928
5.988487999999961,0.006962777777777676,0.010249999999999995,0.0024445555555556967,7.874007966666673,7.017184499999988,0.011028277777777812,0.01198952222222221
6.00058477777778,0.007437444444444571,0.008841222222222377,0.003440777777777824,8.283998210912323,7.709564784976119,0.012464496055117241,0.014787498610956754
6.055512111111107,0.008725333333333375,0.009400888888888818,0.003826999999999951,9.65198757639738,8.219074141571287,0.011079253250361153,0.012339559951105675
7.055797222222232,0.008518000000000076,0.009622333333333523,0.003802555555555445,8.294567166666678,8.218160911111113,0.012151477777777784,0.012836266666666634
5.965493164388135,0.007334000222296351,0.010944870512393018,0.003417139046348622,9.488032677777783,8.00755326666669,0.014545711111111113,0.012836266666666634
7.430376333333344,0.008148888888888884,0.009642333333333161,0.003473555555555545,9.037978277777775,8.51414326666667,0.011829211111111097,0.012462666666666672
8.330277999771644,0.009586254138600321,0.010850667884461918,0.00504247060166684,7.5562945555555565,8.51414326666667,0.01397249999999997,0.0137332333333333
8.3293270547945,0.01019851598173504,0.01233401826484037,0.004560388127853883,9.298630511111126,8.362538400000009,0.011394388888888872,0.0137332333333333
8.428469688320599,0.01061011530996705,0.013112227423221892,0.0050944171709097616,7.629009888888896,7.211144466666683,0.013194944444444419,0.013942455555555542
9.604237328767132,0.010608904109589203,0.011413013698630152,0.005510045662100479,9.526451050116657,8.919366251805766,0.01629956661851314,0.014889998888765386
8.224714383561658,0.010358675799086618,0.012951484018264648,0.004143835616438433,7.746068366666644,9.039442655555558,0.01323273333333334,0.012092011111111085
8.327208718475392,0.009032408992354163,0.012299098482254784,0.004427479173798914,7.768657326963643,7.617298500166654,0.016233740695478276,0.01358647928007999
8.134065410958918,0.009417465753424663,0.012409360730593377,0.003845091324200903,8.931911090121124,9.106602466940785,0.013806111790198899,0.013163829314368282
8.135922927609057,0.0106168074902945,0.011056862297328125,0.004404658597853487,8.774188956782584,9.371728474613917,0.01372016442617486,0.013160904343961798
7.924261872146114,0.009774657534246523,0.01334029680365298,0.004399657534246619,8.583898300000014,7.887094777777789,0.015740822222222218,0.013817699999999971
5.6772548060895875,0.008332592510278904,0.01114946105122793,0.002848760973441542,8.583898300000014,9.567918777777788,0.015533988888888883,0.012652866666666682
6.980258860126661,0.0076899233418509134,0.009702144206199357,0.0035044995000555754,8.491260984553833,8.134473019224354,0.015535715079453265,0.012654272696966345
6.980470888888906,0.007745111111111117,0.009686555555555447,0.003145333333333432,9.686339666666665,9.490161022222216,0.014940933333333321,0.013291555555555582
5.835768974330503,0.007745971774641631,0.011585065007222735,0.0033975997333035787,8.897223744444476,9.177510544444434,0.01183812222222221,0.012516844444444479
7.010080777777805,0.007400000000000123,0.010086333333333248,0.004025444444444304,8.897223744444476,7.475910922222211,0.014918300000000002,0.012516844444444479
5.878733325922671,0.008846042685638144,0.010206869719875444,0.00336316140506896,8.85082848888892,8.905559044444441,0.013479399999999982,0.013418988888888891
6.239198799866644,0.007395710634514946,0.009885098344260428,0.004408378708745442,9.968279535421477,10.174874963212094,0.016789468152196757,0.01521803657767499
7.16979077777776,0.007499888888889059,0.009883999999999955,0.0038642222222221457,10.346923355055697,8.70249514399831,0.017824816060542377,0.01715108261509357
6.750562951439015,0.008488498722080393,0.009720746749638826,0.004159795532836904,10.034302543887309,10.29223622411437,0.015916440660149283,0.016366361820666482
6.749062993000746,0.008314076213754051,0.008647150316631293,0.00453205199422275,10.790023441606209,8.702052685798384,0.015404299379796083,0.015186586775990765
6.729823516336959,0.008316848188486353,0.010349855523449667,0.004535785730162257,10.220925541307544,10.599579787681302,0.018174385116670206,0.01831613411814168
6.359499277858015,0.007001555382735153,0.010145428285745873,0.004088879013442958,10.063687637969082,9.317258025859344,0.01689769788710188,0.015331472721538933
7.209636484834987,0.008426397066992393,0.00824841684257307,0.003985001666481494,10.027947414336753,9.462915261719582,0.01689592179945346,0.014755160815640092
6.0334661779406495,0.008559480173275432,0.01010851938242821,0.0039955570365434855,10.026893504992103,10.938859516552819,0.015881629006831308,0.01637620599054122
7.179135984890534,0.007119431174313864,0.009725808243528795,0.003996444839462394,10.431859344124438,9.587598822787474,0.014403878494849713,0.01627649779272648
6.832410999999967,0.008510555555555478,0.009770111111111233,0.0034062222222222736,9.425101555602266,10.14054313643052,0.014172724406138332,0.014059133907925157
5.900470169981091,0.008886790356626895,0.009769025663815253,0.0034058437951339257,8.402130214468269,8.562216712968116,0.012612334703855983,0.013438204244916069
6.413377555555599,0.007900111111110972,0.00939333333333339,0.0033903333333334335,8.861533455555554,7.845359022222214,0.012610933333333334,0.013148255555555538
7.57811034559397,0.008120902322480377,0.010738193132570356,0.0030174463829315736,8.062736466666674,9.189113977777772,0.013575311111111137,0.013148255555555538
6.29364348405733,0.007849127874680653,0.009036551494278282,0.003000777691367698,8.783962000000026,7.182250100000008,0.012778888888888871,0.013068066666666687
6.494131622792368,0.007847384205264972,0.009487726313451145,0.003000111074086487,8.745769133333328,8.756285600000007,0.013136744444444435,0.014567766666666655
5.646064666666664,0.008312555555555632,0.01061788888888889,0.0033351111111110912,8.631257911111106,7.206694199999997,0.013136744444444435,0.014479733333333326
8.378055818791209,0.009753033629954971,0.011417658615509202,0.003259794290997352,8.632217046338477,7.531374319368811,0.013188265362818107,0.012765707300811205
8.471173656845775,0.009750779896013908,0.01187567879838241,0.004449797804737148,8.2659124888889,8.706326822222227,0.015539599999999994,0.01263530000000003
7.612174887374404,0.009869816333603036,0.010353240152477896,0.004656925031766161,9.539707565826019,8.220876102655263,0.015966881457615812,0.015308443506277102
8.77434084344312,0.009173656845754037,0.012733564413633866,0.004658001155401462,7.879326327482789,9.128867496111976,0.013830315485447657,0.012536303043768047
8.360440914866546,0.010344345616264312,0.012607023218204803,0.0045482268684300204,8.10741595378292,8.166505699366743,0.016829474502833015,0.012816553716253728
7.15043548573408,0.008888645027145552,0.011210118978860904,0.0053159293057639615,8.108316777777786,8.513245899999998,0.016726311111111055,0.015967944444444458
8.386519468515296,0.00908053148469098,0.013060889659156565,0.0046488734835353415,8.050607288888873,9.693690399999994,0.015906955555555574,0.012738166666666663
8.107503293655391,0.009979429099734167,0.01221518548480299,0.0050969605917021875,8.204264711111112,8.119654899999995,0.014332200000000012,0.012921855555555554
9.288746273830167,0.009312767186597426,0.011040439052570877,0.00481074523396877,8.346232818575729,9.702855138317961,0.016064026219308962,0.014026197089212314
6.524432048005303,0.006773085898433279,0.010351483498166565,0.004188132014668133,8.346232818575729,8.809646005999344,0.016192900788801246,0.014026197089212314
6.58707799999997,0.008216333333333381,0.008892222222222301,0.0037397777777776757,8.46913863762639,8.601700577841974,0.013843438159795555,0.0138443715968441
6.587809978886511,0.0067100788976551945,0.011066451827980847,0.003084342704744984,8.166986520724523,7.322127491943542,0.013065462829203251,0.014016312923658176
6.806625333333311,0.006994666666666581,0.01020866666666641,0.003687666666666682,9.591708457434985,7.988901767059355,0.013066914869971111,0.014017870637919528
6.778411267918669,0.006879875541726805,0.00864462718079784,0.0035343927103012925,7.879684742749183,9.239557495277248,0.01281442382486944,0.014407256361817973
6.778411267918669,0.006879875541726805,0.010561395710634448,0.002795866207356529,9.404227388888893,7.548943111111114,0.010558533333333392,0.011255688888888851
7.043328852349744,0.007416064881679732,0.010224863904010858,0.00323475169425621,9.829874127669498,10.062740798226173,0.014430283580347729,0.01678295016921461
7.112237248583199,0.008129458828758766,0.008919102122458293,0.0031596844093789013,10.03424777687012,11.214194071653635,0.014430283580347729,0.015014890885750991
5.9736833333333585,0.006879888888888846,0.011209777777777912,0.00254633333333349,8.881019969654519,9.551345004668532,0.014442915499533153,0.015607889822595722
7.291445061659834,0.007977224752805153,0.01039384512831891,0.0033829574491723246,10.736226260504194,9.851303828197935,0.014026727357609715,0.0190259803921569
6.877502444444468,0.006534111111111093,0.010394999999999835,0.0035707777777778363,9.13057439607889,10.544772855642435,0.016850986112731912,0.016947333411133164
6.877502444444468,0.007940222222222263,0.009855888888888763,0.0035707777777778363,10.011238354725792,11.635113885647613,0.01414472578763126,0.01644656942823804
6.533302333333369,0.0078012222222222745,0.010312666666666736,0.003384222222222159,10.127678795658762,9.98233793908273,0.015932874314389077,0.016448488738475903
6.3990516437138965,0.008316637050200087,0.010308085295424325,0.003504442470013312,10.127678795658762,9.921005636597046,0.016008775819815607,0.016898517913408847
6.401895666666658,0.008320333333333511,0.010082555555555928,0.004061888888888908,9.763139432839269,11.249975679775936,0.016008775819815607,0.019347951919710612
6.3140900100011415,0.007729969996666235,0.009907989776641646,0.0039693299255474275,9.296887966666672,8.937288888888885,0.012951133333333352,0.013697855555555546
6.691594690658628,0.007518493835388167,0.009903587692991024,0.003613684327446414,7.958150955555564,7.8409774333333395,0.01486714444444447,0.016296699999999966
6.6938252222221815,0.0075209999999999635,0.009542888888888731,0.004132333333333331,9.596936684812809,9.221456493722927,0.01312165314965004,0.013367314742806327
6.492152999999993,0.007447444444444389,0.008402444444444355,0.0032953333333334773,7.831846622222227,9.031524322222229,0.013675799999999955,0.013845055555555512
6.149716999999985,0.008528444444444401,0.009907888888888926,0.0029707777777778534,9.43351763333335,7.404260866666663,0.013452766666666642,0.016863955555555497
6.149716999999985,0.0071223333333332315,0.009640000000000192,0.0033618888888889606,8.659866729636637,7.744159328814306,0.015163684853872669,0.014493754861651267
5.280692000443803,0.0350735604127371,0.008965605236880071,0.01389703761233793,8.324899811111127,8.818622199999993,0.01346105555555556,0.017031644444444407
4.486392163392165,0.03355899655899646,0.017006549006548997,0.018888222888222863,9.833433196311523,9.09716309298966,0.013522108654593912,0.016370881013220737
4.4848986906347115,0.03474733688415429,0.01625443852640906,0.018326786506879657,8.654266440790948,7.831106498555878,0.016089768940235456,0.017045945345478757
3.1223374015311185,0.033747586819039124,0.014987018750693446,0.018690003328525412,8.413328307965772,8.03700984335076,0.013887879124541687,0.017047839128985647
1.7888078801332248,0.033801997780244154,0.016245172031076578,0.01917691453940067,8.414263122222211,8.989281522222226,0.014880133333333287,0.0173169888888889
1.789645401087335,0.03553589259957841,0.015141240430489372,0.018653833351825157,8.531067474163795,8.94105249472164,0.014881786865207199,0.017318913212579185
0.6753119174434224,0.03451653351087447,0.015142920550377352,0.019744229915667967,8.530119577777777,7.853467600000007,0.01513795555555557,0.01617045555555557
0.1352464218351394,0.03470586929990013,0.015364806390768978,0.019727060912015922,8.686846377777758,8.996336766666667,0.014391011111111143,0.014547955555555566
0.1352464218351394,0.03470586929990013,0.014000776655941431,0.019336513924331472,9.203802522222217,7.617880166666668,0.012681777777777768,0.01636845555555558
0.007573410276334449,0.008314726445455677,0.014777605149262149,0.009164798579513805,8.004557466666666,8.479389511111119,0.01436806666666668,0.013828955555555592
0.006580333333355763,0.008224444444444541,0.008533333333333578,0.004487999999999875,8.021167522222242,8.541655388888886,0.011486300000000024,0.014109277777777776
0.007395666666676941,0.007023333333333505,0.0075943333333334815,0.004487999999999875,8.022950400088929,9.470567815070025,0.011620593465214529,0.014140897977328351
0.0063688888888767305,0.008461666666666862,0.008788555555555652,0.00457166666666669,8.324591311111117,8.826584722222208,0.013341799999999997,0.015936566666666672
0.007664518279799363,0.00842982553617074,0.008846094010445416,0.0040908989887764955,8.324591311111117,8.89756156666667,0.013418788888888948,0.013070466666666664
0.007144444444444768,0.00668122222222224,0.008017555555555353,0.004882222222222134,8.258321788888882,7.565280377777779,0.013418788888888948,0.01691782222222224
0.0070067785309187855,0.007884209356595161,0.0092328036448496,0.004061451272363491,10.973748421273468,10.884293632644487,0.014726896045316238,0.016821829434595627
0.005727999999989051,0.007579666666666738,0.0087866666666664,0.0035158888888887755,10.656256366687641,9.804295017830913,0.015316823998321806,0.017026672959932897
0.0070579999999912015,0.008719666666666804,0.0087866666666664,0.004501444444444324,9.188652370463593,11.012618743444527,0.015316823998321806,0.016733511642542484
0.007355920906458039,0.00823639191290829,0.008329037991557207,0.004062986003110521,10.545208245043533,10.433261051085697,0.015994818000629362,0.01916387286268751
0.00647999999995995,0.007062333333333331,0.007742333333333247,0.003698333333333458,9.104305654043841,10.125976775411731,0.01847108989824818,0.01686655827126822
0.007025552716347578,0.00886801466503711,0.007741473169647729,0.003697922453060895,10.743434616594989,9.25098771635371,0.015920686037973353,0.015331962656036915
0.007024772272810994,0.007429015774272255,0.008531437458342441,0.003939902243945657,9.111525199328591,9.345111519093575,0.015664467058329884,0.01599074695761648
0.0070839906677156025,0.007449838906788036,0.007221419842239892,0.003940339962226286,10.62279860499266,9.424111715963905,0.014497042164883546,0.01598739249003569
0.0061690000000251335,0.008497555555555536,0.009252333333333715,0.00398711111111104,9.028932235392853,10.393594345956151,0.015857526486940107,0.014324651211580837
0.006700222222257759,0.008356222222222185,0.00928833333333322,0.004268444444444421,10.559982681212636,10.100273722857443,0.014818472673869732,0.014324651211580837
0.007538888888878622,0.007385444444444408,0.008004111111111298,0.004719777777777878,7.518724047116345,9.282395588398723,0.011438526502944765,0.012825480608956595
0.007499833314840044,0.007833425936215027,0.009732525836204266,0.003734637181909209,8.91372611111112,8.001346611111103,0.014731633333333346,0.013049911111111158
0.006118679853357248,0.00762229136570729,0.009483164796088583,0.004462384709412033,7.477852944444446,7.8805560444444485,0.014289422222222256,0.01372643333333337
0.007326222222268876,0.008513555555555405,0.008287999999999901,0.0039517777777777026,8.819903078119788,7.970241671296809,0.011667796421824658,0.013727958662073598
0.006771358737936256,0.006706143761804198,0.009982890789912349,0.005159871125430426,8.217861793134078,9.239074836129328,0.014578402399733353,0.014645050549938927
0.007879084240961908,0.008359079795510116,0.008000555679040016,0.004122916203600832,9.46265136666666,9.293323877777773,0.013129366666666644,0.01416917777777779
0.007415601733487966,0.007718079786643114,0.009887765307256295,0.004952550283364812,7.860557684187135,8.186113690410046,0.01411907989776644,0.014170752305811767
0.00887667681206165,0.008464885582234216,0.009859091421485753,0.005272122646826872,9.630082633333322,9.123209377777767,0.014599688888888889,0.013808355555555535
0.00758295761945054,0.008681695220919721,0.008589720468891024,0.005259129846708748,8.008359977777769,9.303795822222211,0.01282868888888891,0.016233155555555566
0.008051741630065671,0.00868267388118586,0.010361965956487348,0.0055830233344605395,8.236837244444443,7.9646140888888795,0.01567754444444442,0.015584944444444393
0.0075358431018579435,0.008699954914337364,0.008608543733092736,0.005582394048692452,8.179029844444427,9.067380566666657,0.012383166666666626,0.0138491444444444
0.007536692593809456,0.008811633412242116,0.009035621688648554,0.005071919738473661,8.179029844444427,8.817800744444456,0.013164177777777774,0.012777055555555535
0.007621801375235054,0.007906549430729465,0.010219704655619291,0.005071919738473661,8.60882876666668,7.519656211111125,0.0152377333333333,0.014531611111111079
0.007510880595314576,0.009612808659375478,0.00976209268237658,0.004791070019168011,8.534493543727093,7.727097255250578,0.013465085009445505,0.012200555617290743
0.007154886709495648,0.007936309322511631,0.009759891782211464,0.005329951527449098,7.28966878888889,8.23519641111112,0.01528622222222224,0.011996455555555546
0.006249859123201335,0.00871058266651624,0.009529584131635606,0.0044868702806267645,8.830939544444448,9.337170255555572,0.01254757777777777,0.011996455555555546
0.005979449011351147,0.00789102421684072,0.008550211064207763,0.004201288602532766,8.118154255555567,7.373314577777794,0.013214133333333298,0.013274333333333315
0.00705855555558325,0.0077783333333333446,0.008552111111110922,0.004256333333333492,8.118154255555567,8.128238455555561,0.013214133333333298,0.012667433333333294
0.005758666666679346,0.0077783333333333446,0.008516888888888808,0.003486333333333431,8.14814143333334,8.128238455555561,0.012661222222222226,0.012586833333333313
0.006449444444468908,0.007584666666666549,0.00947477777777787,0.004628999999999945,8.000020435603991,8.27111085676186,0.012662629181020115,0.015543293699299934
0.007304299522299462,0.0076943672925230905,0.007758804577269159,0.004058326852571915,9.148853960671058,9.077842984112861,0.01347570269970005,0.013363215198311308
0.006877346961477249,0.0076943672925230905,0.008227196978113855,0.004926785912676467,7.378181635373842,9.077842984112861,0.013875747139206805,0.013710754360626633
0.006180868792387731,0.007738584601710826,0.007888456838129327,0.00445039440062217,10.243754974803704,10.830106750263687,0.015289312082503219,0.017211144966600263
0.006583111111113896,0.007739444444444349,0.007889333333333564,0.0039186666666667005,10.243754974803704,10.131804980663295,0.016063611859838255,0.018094374780264863
0.006583842649186027,0.007992443604845093,0.008186020668963146,0.00521702411379047,10.53470365596436,8.968470506210434,0.016061729552378702,0.01809225451136631
0.006926872638361804,0.007014781062458365,0.008159035341187006,0.004835074460991213,9.41933952425591,10.168705788610266,0.016510124209046177,0.016965819076634664
0.006549605599349703,0.0071583157426952605,0.009555827130318875,0.004851460948783497,11.093219803140382,9.642132048277464,0.016510124209046177,0.01725486290133586
0.007757639737731423,0.008376597399711094,0.007847094121569188,0.005401377930881068,10.627285200374974,9.642132048277464,0.0160122099835951,0.015122978673541157
0.007050777777749318,0.006964222222222224,0.008193666666666705,0.004258111111111123,10.698008893836391,9.814374138739156,0.0160122099835951,0.014271185844855835
0.0061964881084403825,0.007312513891975898,0.009549122027117257,0.005081462547232788,9.48554521270361,9.647927434665405,0.015796601429743328,0.01689054259932029
0.006604622735822493,0.0073117013001443645,0.009157795310590116,0.004212245805089405,11.149038122582905,10.66944061877415,0.015235309973045775,0.014673362240712515
0.006603888888851847,0.007254666666666805,0.008252777777777788,0.004719888888888906,7.176540322222214,8.472899099999989,0.012686711111111094,0.012855255555555556
0.006903222222212612,0.008477333333333448,0.00973899999999972,0.005253555555555463,8.720719842239749,7.471708365737145,0.012552260859904456,0.010202133096322601
0.007684666666642039,0.006703888888888917,0.00902288888888868,0.003955777777777669,8.584252700000018,9.087831233333349,0.013913244444444467,0.012226555555555556
0.006959106567399206,0.008115679519946723,0.008873097010778907,0.00416735192799199,8.584252700000018,7.949741466666663,0.01205194444444445,0.012344833333333348
0.007274252694759552,0.006808645405045162,0.00747327480831202,0.004213468163129061,8.614064200000005,8.124095811111134,0.01205194444444445,0.010252855555555565
0.006065652077320907,0.0072541657409465506,0.009362586091979357,0.003663408131526322,7.676285388888895,9.294811688888899,0.01229639999999996,0.013169800000000011
0.006728594682619943,0.008554530656538247,0.008836787845903252,0.004347693977211176,7.867817677777782,8.855437800000031,0.013364855555555506,0.0127810444444445
0.008128363715294759,0.009010959201388917,0.00919281684027759,0.004452799479166593,7.867817677777782,7.254108344444477,0.011458877777777779,0.01029918888888891
0.006885078676083851,0.00901193705914273,0.007977536625067649,0.0050511123168745856,7.99177727525281,7.969996344038246,0.011273719302144693,0.013914146016224014
0.008097666847566224,0.008711882799782784,0.009768638090070217,0.004111123168746419,9.371859433333327,6.945406188888891,0.012761855555555573,0.012363522222222232
0.007462456597205779,0.007516927083333178,0.009375325520833406,0.0047757161458332935,7.826710944444434,8.264162000000011,0.010338155555555568,0.014877233333333352
0.007879761258859495,0.009205642973412934,0.009469669017905597,0.004776234400434035,7.5554335740473135,8.21260584379513,0.011522230863237384,0.012852516387068092
0.007127278645836633,0.007826822916666651,0.008648763020833235,0.004870225694444605,7.556273066666652,8.21351835555555,0.012204611111111128,0.013849522222222207
0.007179904513895016,0.009270724826388797,0.010769748263888716,0.005404296875000026,7.759621788888884,8.459066799999999,0.013270166666666621,0.015101344444444456
0.008470971242520135,0.008387954422137758,0.00892284319045036,0.005736733586543826,8.752111811111106,8.428578455555561,0.01120189999999995,0.014278833333333315
0.006919253310157349,0.00838886477100059,0.009510744519209817,0.004968309094855689,8.395881975775092,7.4607376708523,0.012771130125569496,0.01252193577064114
0.007177758026913787,0.006968447950227763,0.008017109210087628,0.005393400733251859,9.696976808534284,8.847277564173796,0.01132563618179795,0.014589065451716836
0.007178555555583444,0.0082925555555556,0.00999566666666654,0.005199222222222331,7.994763326297079,8.208277835796036,0.013326563715142735,0.013317853571825359
0.007479391178744188,0.006931340962115473,0.008160871014331763,0.005198644595045104,8.026388645706037,9.232492011998675,0.011837340295522688,0.013317853571825359
0.00667363040340691,0.008653294810534505,0.009091787976441928,0.004904989443271531,9.464649133333323,8.871060622222204,0.014394077777777767,0.013425233333333305
0.006844572825239235,0.006923341850905278,0.009009443395178339,0.0052694145094989795,9.331910356706302,7.307223502611388,0.013773241471274632,0.015482453605956212
0.006844572825239235,0.008479502277524678,0.009009443395178339,0.004482724141761925,11.524497557380508,10.246859549378813,0.01553352284691512,0.01624491471888818
0.007103111111114737,0.0070018888888889255,0.008705666666666821,0.0041348888888889474,9.79957269951569,9.47726681406612,0.014523836597178395,0.0150587281532954
0.005781357626959898,0.00757104766137093,0.008704699477835951,0.0037946894789467186,10.13882012631579,8.395056042105269,0.016345378947368462,0.01555933684210529
0.007442000000032244,0.009083666666666762,0.008852222222222237,0.0045463333333331715,10.61453287714496,9.501354037267092,0.01578285082640276,0.015560974839456815
0.00749011111111031,0.007441222222222285,0.010034222222222253,0.0033084444444444476,9.381923928834613,9.557586830192633,0.01578285082640276,0.015774702600273683
0.00749011111111031,0.007706666666666627,0.008056555555555574,0.0036412222222222588,10.934283745657432,8.566150679018833,0.014920223181387544,0.015982482366564865
0.007272474719433449,0.007707523058117528,0.009797866429603584,0.003641626847427528,10.419112896094324,9.063137625013152,0.01578543004526795,0.015982482366564865
0.00727085879348757,0.0076910343295191076,0.00889945561604251,0.0037009221197645214,10.069320783322826,9.037126205516957,0.014964613602863776,0.015702305748578685
0.007337333333301407,0.007691888888889054,0.007642555555555536,0.003989333333333376,8.858681861248558,10.404912411832834,0.013141456995473191,0.013753131908621971
0.00733814868315509,0.007645516168463141,0.008938437604178227,0.004463162573619375,10.422352600547486,8.963251558222781,0.01418223836597179,0.016928827121499287
0.007670555555553923,0.00909577777777769,0.00822833333333348,0.0036082222222222843,9.206563911111106,7.815788377777766,0.01233342222222225,0.013155322222222265
0.0076722605023322185,0.008776283618581989,0.008230162258279763,0.0042892865081130055,8.983958868637488,9.28301553678594,0.01343600800177819,0.013548999777728374
0.007422158017515604,0.007263362595843939,0.008086787420824705,0.003537504167129869,7.390549044444457,8.11424935555554,0.013556933333333373,0.015730377777777773
0.0070606666666511355,0.008956777777777702,0.0069038888888890435,0.00443977777777782,8.612140433333348,8.082558955555562,0.015730977777777818,0.01343790000000004
0.0070606666666511355,0.007367999999999993,0.008518333333333555,0.004334888888888876,8.401019468829869,9.643133514834986,0.012884131570174463,0.01315592843649297
0.006684035107171158,0.008535829352294225,0.008366292634151782,0.0049132318631263,8.594341677777784,8.960771133333342,0.01447376666666668,0.015043244444444468
0.008313590398889386,0.00683209245471717,0.007250805645071949,0.003934214912768059,7.527277966666665,8.032930277777787,0.014334133333333346,0.012721088888888862
0.008066673965437495,0.00931311583096118,0.009037770965623195,0.00458659951828325,9.154244382709203,7.636498777641971,0.0143357261917991,0.015110478942104676
0.008877189141867428,0.007824430823117325,0.00966911120840622,0.004119308231173253,7.503184001777599,8.901915431618708,0.013074925008332409,0.0117576047105877
0.007240748850426836,0.008242500547405432,0.00853021677249806,0.004804357346179026,7.828396677777777,8.725784177777795,0.014391400000000006,0.014571388888888896
0.008327203065104974,0.008030651340996082,0.010105528188286616,0.0046214559386972155,8.714107344444422,7.260619911111128,0.01340855555555556,0.013282255555555574
0.008332567049803096,0.008030651340996082,0.009538697318007772,0.0046214559386972155,8.71313921786466,9.01306765914899,0.011242661926452634,0.011096633707365862
0.007134990146675774,0.007976571053207804,0.010859097876067503,0.004369936500985393,9.309755833333314,7.600023088888887,0.01182726666666667,0.013215055555555504
0.008264615721462016,0.008832275016422175,0.00926833807751259,0.004071272169914541,7.882504866125988,7.712423564048442,0.014407165870458868,0.012981479835573847
0.008701007225750184,0.008901904970440137,0.009579483249397586,0.00397897963652285,8.384673322222227,7.814200833333341,0.011904522222222245,0.011094144444444468
0.0070970002189669566,0.008901904970440138,0.010680096343332248,0.00397897963652285,8.383741795356077,7.813332685257201,0.013337984668370198,0.0148131874236196
0.008482045106202044,0.008927851981607234,0.008785964528136299,0.0044325596671774495,8.523740266666664,8.053555155555552,0.013339466666666683,0.014355977777777753
0.006464384931647627,0.00801333481497951,0.008512390265585309,0.0036456272919213276,10.103940937881974,8.2094933992666,0.014246316257361861,0.014357573063673716
0.007510945660628189,0.007883987109678805,0.008512390265585309,0.0038814312701411255,8.739618544444454,8.261483077777768,0.01445346666666667,0.014099166666666638
0.007752000000032746,0.007880222222222363,0.008815888888889055,0.0039013333333333127,7.966772422222234,8.261483077777768,0.014297877777777777,0.012371433333333312
0.006335777777823953,0.008914444444444473,0.008751333333333063,0.004438666666666751,7.9676577175241805,8.212248172019127,0.014299466607400821,0.015353239248805392
0.0075223864015528585,0.00852127541384298,0.007411509832240637,0.003791356515942734,9.324222231356432,9.784066376981796,0.01495762771579567,0.017294010569583095
0.007249972225330686,0.007652927452505344,0.009063659593378222,0.00431840906565949,10.965299212968395,9.306438000704796,0.015237096205802911,0.015131821919417318
0.006729444444469361,0.0075007777777776775,0.008087999999999972,0.0038336666666667603,9.31139138963936,9.826490919769762,0.015237096205802911,0.017897403970398143
0.00751655187737723,0.008201399688958,0.00696945123305938,0.004419573428127103,10.978354081992242,11.140204581228693,0.01534004463761302,0.016942652413955105
0.0061132348038831575,0.0066055117235248265,0.008550838982109413,0.0038387598622070655,9.111296957951595,9.778747286821696,0.01732515856236784,0.014901703077284452
0.007742555555574251,0.008151111111111024,0.008389888888888919,0.003838333333333487,9.2486391636321,10.13095257840948,0.014615094561259314,0.017697086808410672
0.006695367181432304,0.007290412176424858,0.008388956782579742,0.003818909010109952,10.760767089499645,8.905880279539577,0.014995407564012204,0.014993457834155493
0.006439999999959886,0.007864777777777636,0.008248333333333118,0.003800333333333307,10.449761209630061,10.518489489136828,0.015098027011156787,0.016735619495008815
0.007590999999997116,0.008032555555555574,0.008533777777778084,0.0037599999999999613,11.43569810921903,9.809344075161468,0.015098027011156787,0.016506365237815613
0.0064049788841978594,0.006787841742609375,0.009341409202045105,0.004167703934207479,8.14812868096456,9.233272330258915,0.014007178575397254,0.014150861206800803
0.007049444444419351,0.007690222222222056,0.007687000000000272,0.0032975555555554183,8.13950165537164,8.012553227419179,0.012941806465948176,0.014147716920342236
0.007391666666636512,0.007648000000000051,0.00833588888888907,0.0038845555555554593,8.14040604444446,8.211290977777765,0.012943244444444392,0.01386743333333344
0.006603622624714193,0.007752861429047652,0.00950661184576079,0.003882764751639058,7.924138115346142,7.936411979108789,0.011247138570952313,0.012234726080675658
0.007685222222234087,0.009401333333333324,0.007926666666666589,0.004126666666666562,8.779735577777785,7.935530155555556,0.010736677777777797,0.01487756666666672
0.006981220135580784,0.007855872874763931,0.007968552061339979,0.004772974774974959,8.581522728282604,8.20338485892025,0.010734292379471249,0.013699544545656549
0.008206111111121572,0.008744222222222141,0.008760999999999797,0.0038613333333334453,8.169155855555568,9.46085026666667,0.011821622222222187,0.013702588888888917
0.0079462281968619,0.007378735696033803,0.006997444728363533,0.0038315742695255676,8.35750661184576,8.777170007778626,0.011863940437826383,0.014425780642293572
0.007687777777745295,0.007635666666666671,0.007781111111111017,0.004204111111111075,7.425422238275163,7.745544532118241,0.011865258946432497,0.013685407868415227
0.008637944487795014,0.009211459146137645,0.008200423587113988,0.0041928436071786415,9.024807654705036,8.488688301299852,0.012760171092100862,0.014597911343184087
0.008262653288765999,0.00985886287625432,0.009963545150501492,0.004982385730211962,7.483254739415495,9.522156950772303,0.012655806200688994,0.014601155683964877
0.007045930880744036,0.00980535117056855,0.009618394648829328,0.004835897435897502,8.80543374819423,7.8637134348260895,0.012655806200688994,0.014268774308256415
0.0084968223882714,0.008997212621250939,0.00844575760954391,0.004249749135912642,7.44401515387179,8.539472336407085,0.013405488279080136,0.013082201977558043
0.008444332998975167,0.009063078123258593,0.010114343029087144,0.004753148333890568,8.573975208263903,9.65323616572254,0.013890225480395379,0.01270042208152833
0.007518002452323685,0.00979099320031213,0.009846728346895633,0.004106342659681138,8.405239871096779,7.633283498166453,0.013896399599955506,0.013896266251805707
0.0075809364548093715,0.009089743589743656,0.009051839464883058,0.00473221850613158,8.474734199999983,7.972424344444443,0.014453433333333352,0.013894722222222175
0.00674857843683539,0.0090907570520683,0.011084178838220477,0.004903222209834064,7.3393372555555505,8.632646166666671,0.013858577777777808,0.012912022222222234
0.007125515550123613,0.008920856091851486,0.009053171329840345,0.004384126630252998,8.44585653816243,8.631687090323302,0.013857038106877044,0.012192578602377515
0.007084101766469495,0.008364737251416508,0.008960448839017672,0.0045953782913010196,8.166465529503274,8.325480397822,0.013473830425602856,0.011839515501722396
0.005940000000009604,0.008376666666666527,0.008460666666666821,0.0038094444444443103,9.638667777777775,7.293087900000021,0.013454199999999986,0.011838199999999984
0.007737999999992301,0.008546222222222295,0.008838555555555733,0.004125222222222212,8.315711709810037,8.737667425841599,0.013452705254971655,0.012729396733696269
0.007936895900423431,0.008545272747472576,0.008837573602933186,0.004625374958337868,10.764183674321519,10.021323632567835,0.01565099164926928,0.015618288100208788
0.006905534563237332,0.00860602356079126,0.009509668815292518,0.004278061791509228,8.897959897682195,8.974732271873044,0.01593555021925248,0.013493046565044934
0.008286666666663223,0.007880555555555446,0.008363111111111248,0.004277111111111114,9.138094791231733,10.063741753653433,0.01758054279749479,0.013288841336116923
0.007793977108572359,0.008380375597288539,0.010031559062118106,0.004468607623069186,9.214729308005444,9.366973958876946,0.014264012107295682,0.01328745433670808
0.008923444444462802,0.009725999999999976,0.009366888888889,0.0038312222222221712,10.201062954070997,9.111064237995823,0.014934436325678478,0.014483987473903958
0.007655406156227816,0.009220913434826082,0.009367929769974552,0.00458773197021894,9.160653830897711,10.177835146137795,0.016719488517745264,0.013259592901878899
0.007712301366814722,0.009083231470163343,0.00935803978219823,0.004695966218468675,9.69549014716627,8.829062477820678,0.015284229203632186,0.013730424799081537
0.008659333333323756,0.007523111111111271,0.009192111111111166,0.0046954444444444006,8.3125787473904,10.284722693110629,0.013731189979123166,0.015048997912317329
0.008062666666672966,0.007980555555555411,0.009116333333333258,0.00468699999999996,9.982722127126614,8.925758271579145,0.015494864836655868,0.012328598267404234
0.006417777777793769,0.008976555555555482,0.009116333333333258,0.004733000000000074,8.49565222836867,8.61337848867549,0.012766277006575545,0.012434380544828302
0.008120680075552375,0.008455828425380733,0.008321146794088095,0.00393465940660077,8.78334099344372,7.437006400711184,0.011441082342482442,0.013025258362040212
0.006736362626367775,0.008453949561160004,0.009264303966225901,0.004632929674480587,8.430519408954554,7.692983846239336,0.010828807910232234,0.011946739251194312
0.006957023875633656,0.008091615769017232,0.009064852859522432,0.003816990560799489,8.33704246027335,8.090928369818862,0.013108489832203576,0.011949394377153014
0.007062888888918275,0.006749555555555552,0.009200555555555608,0.004895999999999864,8.317158071325407,7.83984005110544,0.010961737584712817,0.01308586823686256
0.007062888888918275,0.00751933333333336,0.009200555555555608,0.0042957777777778245,9.526518955555547,6.705192777777775,0.011951222222222262,0.014464644444444435
0.007322888888868167,0.007670888888888784,0.009655333333333103,0.0035796666666667834,7.635336688888882,8.20961689999999,0.010632244444444452,0.013181955555555569
0.00759711111110543,0.008793666666666687,0.010037444444444236,0.004495777777777951,8.968435396067095,6.660388434618377,0.013265026108210185,0.011778624597267006
0.006395777777773523,0.008054333333333436,0.008502222222222066,0.004311333333333383,8.13377524444442,8.604830033333347,0.014267855555555544,0.013901522222222235
0.009193594541050907,0.008276469293418512,0.011001100594320804,0.004534668721109419,9.04788536666665,8.341654788888903,0.014267855555555544,0.014398611111111145
0.007506877957547773,0.00834521844393082,0.010704853086827311,0.004829426653460934,8.699517298077984,8.340728041328754,0.014297922453060788,0.012516753694034013
0.008625756741915637,0.008347055586130917,0.009770941111722534,0.00460231150247663,8.451641433333338,8.154966355555542,0.013154766666666609,0.012963455555555585
0.009002422107221705,0.009067378619398912,0.009678410216888672,0.005492568534625157,7.375090479893356,8.411649255720963,0.013232781604087931,0.01484927793823598
0.008579572969388433,0.00906438476777463,0.009260180497468564,0.004424058991855704,7.782598444271574,7.43484193799311,0.015424169352150229,0.011053550394488304
0.008579572969388433,0.008937486242570977,0.010538850979529111,0.004687321153422798,7.816690511111126,8.85242983333333,0.013764666666666649,0.011480011111111152
0.008313119084325084,0.007913713405238826,0.008973035439137496,0.005323684789786429,7.816690511111126,8.654676366666669,0.013764666666666649,0.011588166666666648
0.007999229583986613,0.008625687871450488,0.009049416685010192,0.004416244772176865,8.060518077777779,8.654676366666669,0.013670288888888908,0.011588166666666648
0.009074502035884538,0.009134367778144489,0.010520413777924505,0.004701331572576233,8.210577288888892,8.177832199999994,0.010789877777777797,0.012069666666666683
0.007901937046011501,0.010198217037200051,0.008993946731234829,0.004701848998459194,8.224206433333324,8.507076844444436,0.012814088888888922,0.011282500000000011
0.007888999999977386,0.007672888888888865,0.008273333333333159,0.004472777777777795,8.340344071563507,8.50802218024224,0.011987643071452394,0.011283753750416722
0.007735666666626963,0.008526555555555544,0.009977444444444534,0.004548333333333253,7.342438177777783,8.511686444444454,0.011986311111111123,0.0116011111111111
0.006340371152348721,0.007964218246471744,0.008602066896321859,0.004577397488609907,9.014274538786408,7.00349827739498,0.012636285841298127,0.011329839964436532
0.006769222222222501,0.008800888888888834,0.009051222222222322,0.005039777777777804,7.576427455555568,8.829903744444437,0.010446744444444465,0.011327322222222214
0.008041999999982686,0.007374555555555576,0.008981888888888772,0.004265444444444494,9.635013690406106,8.985301977633915,0.014213443201883495,0.01454829899941141
0.007088656815884318,0.00912398622375287,0.010073769581157641,0.004683368514609605,10.663281928420046,9.468724064045201,0.016235884153520133,0.012907946785966566
0.007651888888883858,0.008166000000000019,0.008524999999999968,0.0046838888888890064,8.991359995290795,11.12458952201555,0.013544702142688944,0.014443418883918056
0.006565333333330475,0.006772888888888989,0.008127000000000193,0.004235111111110967,9.333824122910304,9.57034929361903,0.015553626089003986,0.011685260183659037
0.008080648744705026,0.008105087758275984,0.009616418573650552,0.005046767385025426,9.804039368966352,9.117329161761251,0.015170449729220629,0.013641170237814906
0.007730696589301691,0.008105988223530767,0.00916331518720174,0.004610598822352984,8.675366886403776,10.899781730429678,0.013423814008240177,0.016225909358446148
0.006757111111154599,0.008245444444444416,0.008735222222221969,0.004641333333333325,10.15435829997644,9.590624911702376,0.016135578055097747,0.015363350600423804
0.007739777777816118,0.006869777777777802,0.008735222222221969,0.0037153333333331696,9.468257716303702,10.959400565038251,0.014539293702177753,0.01365018246027072
0.006501055438290657,0.008176535940451002,0.00890678813465159,0.004135873791800876,10.662409662233715,10.189429092620928,0.014535871484053194,0.0159838531246322
0.0065781579824345775,0.009674702810798862,0.008648594600600043,0.00460515498277973,7.305150966666664,9.912350911111105,0.012188711111111097,0.010880866666666631
0.008158128680997393,0.00792621402378055,0.009085565062784774,0.003545171685742837,7.807036988888892,8.150435600000012,0.012074011111111147,0.013305288888888885
0.007525111111085102,0.008617111111111027,0.009084555555555578,0.0043242222222221,7.807036988888892,8.020225644444439,0.012074011111111147,0.014154066666666658
0.007525947327454818,0.008618068674297059,0.009959884431603358,0.004545282809201036,6.980760911111127,9.156240911111109,0.01197013333333335,0.014154066666666658
0.007658479662129765,0.007920871304734435,0.009224049788841955,0.003732829517670588,5.743857688888878,8.010555533333331,0.039269377777777774,0.012550355555555554
0.0063952222221814745,0.007919111111111161,0.008955888888888886,0.008367777777777778,5.743857688888878,7.840613011111108,0.0441437,0.011888511111111099
0.007434000000001915,0.008373777777777825,0.007680888888889194,0.023650888888888964,4.351122622222237,9.309311366666673,0.04298916666666671,0.010573011111111148
0.006451333333340396,0.009325333333333359,0.013294222222222393,0.024407111111111296,3.3298962333333293,8.016273611111123,0.0414889444444445,0.013043288888888912
0.007725080564483722,0.007914101566840874,0.01160040004444946,0.02352583620402276,2.200869137586132,8.151481840408984,0.04461064681040233,0.01083941987108248
0.007491116325861963,0.007475360375460845,0.014241256006257462,0.025200245837523744,2.2027755138318055,7.92630451060993,0.04193110765470505,0.012780679924452868
0.007042355833674891,0.009064036656235928,0.012705967814036411,0.025203062136790338,0.7317480888888908,9.08868611111112,0.04262201111111112,0.010357677777777779
0.007044585987286088,0.00884981562185726,0.014002011397921541,0.025020449212202457,0.7342039333333332,7.656127044444456,0.04262201111111112,0.009907244444444463
0.007044585987286088,0.00884981562185726,0.0130369873728909,0.027545871047044406,0.14458653482943545,7.242773269636699,0.04213680702144204,0.009906143761804261
0.006390391061450428,0.008582234636871432,0.013251061452513703,0.027542793296089434,0.010891488888893896,7.279587344444446,0.01317966666666664,0.022674455555555535
0.007313107609809097,0.009399821209073572,0.03731321935411762,0.04010369873728912,0.011674411111111265,5.7668200333333175,0.00903532222222224,0.025675611111111114
0.007439378701511872,0.00794468655715722,0.038345513465191466,0.02512928818862453,0.009534177777772533,4.298121677777753,0.00851055555555554,0.025675611111111114
0.007439378701511872,0.00808291429209964,0.032700189965359214,0.0243687562856185,0.008045550494379926,4.29851806465948,0.00943864015109428,0.02420722141984224
0.007674452391595307,0.008718484577559268,0.034169870362092285,0.0267829682610639,0.009285879346722913,3.0618000888790204,0.006327196978113533,0.024882413065214926
0.007243666666656484,0.007650000000000132,0.03198900000000017,0.02900522222222218,0.006625351644676623,1.9177414331598235,0.007599435153394574,0.02357077195702733
0.007148427952450621,0.007853682924119549,0.03198544606154889,0.029001999777802424,0.06918756804799978,0.7623352183090729,0.005144650594378351,0.024397044772803026
0.006310666666649923,0.006492222222222171,0.035894333333333056,0.03329222222222228,0.0667394111111182,0.7636721999999926,0.027714944444444434,0.023295699999999996
0.04887779135652369,0.007744695033885192,0.03488756804799454,0.0331453171869793,0.07010567783095417,0.04032428495482237,0.027466028708133965,0.02419838383838382
0.047889543282628455,0.03723335926214023,0.03848483164796091,0.03315268363151468,0.07025482460818179,0.005881863738142922,0.027542168674698792,0.010224522870242052
0.08784653850428947,0.036421269029892185,0.01378053117012995,0.02282831425713969,0.06966695522070969,0.006352367211721374,0.027541188415090286,0.006637202094688456
0.0882013109654618,0.0374042884123987,0.014067992445284045,0.02284279524497276,0.07082669799232413,0.033580830841532544,0.027562943186672358,0.007296903032891944
0.08821111111112462,0.03631944444444457,0.01504177777777787,0.02632999999999994,0.07126429029501298,0.03276880076954946,0.027358935442496794,0.02749848225737495
0.08779091212088942,0.03659148983446278,0.0151732029774469,0.023929785579380025,0.07062994663823603,0.08158284951972701,0.0273180576307364,0.026808794023479247
0.08828347594179109,0.03659962218024219,0.013635070563395968,0.031968552061340125,0.07097078820378246,0.081313747989266,0.03063730831099195,0.028135495978552326
0.08723677777778803,0.03643100000000013,0.02008433333333315,0.035136555555555546,0.06191652768869244,0.08106165276885885,0.0305423241394056,0.027925668163352554
0.1600207754694147,0.0364269525608267,0.01590034440617734,0.04300933229641146,0.07200517315092776,0.0808538050448819,0.02706676998717399,0.028161607524583156
0.1184733859317338,0.06262084676075103,0.0159038782086901,0.040026669629958773,0.06613652489849527,0.08083652489847351,0.028266723658901448,0.028155588801025862
0.11928999999999078,0.03255022222222219,0.020433222222222252,0.04060055555555546,0.06811074969364585,0.08353723961232383,0.02716189150050129,0.02903866547844492
0.07842066666666547,0.0333758888888889,0.021541666666666893,0.03340066666666668,0.06795178928649243,0.11223172927319335,0.048781406979328715,0.027944743276283626
0.2071889999999965,0.05900977777777763,0.020224666666666658,0.07912822222222222,0.14691487823862584,0.08393742911154897,0.052151662404092046,0.050688146336039096
0.20716598155760121,0.05900322186423717,0.020489723364070716,0.07589901122097537,0.14579645476773054,0.27161667037120746,0.05194462102689486,0.02865633474105355
0.4240911111111119,0.05822944444444447,0.019901888888888664,0.07590744444444436,0.3393204651680359,0.22102831070556284,0.05201398842644112,0.029453917204540384
0.4229302222222234,0.05822944444444447,0.020741222222221883,0.06422555555555556,0.6342311222222242,0.5373808333333412,0.04821890000000009,0.028280833333333324
0.5922216666666726,0.08261677777777779,0.014290444444444323,0.07356333333333333,0.5807997444728363,0.6961147761359899,0.05130711032107547,0.027652149761137685
0.5206844093787988,0.08262595843982666,0.01478064229358815,0.06080486720746754,0.7062009777777564,0.718878788888901,0.032349333333333334,0.043560222222222215
0.5196323333333466,0.05651255555555561,0.014778999999999974,0.08473855555555569,0.7063579462102474,0.7190385752389541,0.04646731495887978,0.04491932651700378
0.5158125068931292,0.05624329987868104,0.0738820999227971,0.11207422521230845,0.7064601844649402,0.7188981664629472,0.048069052116901934,0.044100266696299587
0.5167485663872968,0.0562524261138068,0.25444033965593266,0.12832917953242168,0.70711930896568,0.6886435729363183,0.025721130985446126,0.04409046772580825
0.3884673505404542,0.03197452018530788,0.35496293845135646,0.08198224134127499,0.6271428047560883,0.689814468274234,0.02251459051005668,0.021772052450272278
0.388381671812942,0.03196746801940904,0.356473643581826,0.1217055580061756,0.6308964444444504,0.5020536555555408,0.02199755555555557,0.02493703333333334
0.20179367004853932,0.05180260255844717,0.3564918394353772,0.13252404058226744,0.559930670074436,0.5061988887654166,0.041831181242360294,0.024181586842982557
0.20179367004853932,0.05180260255844717,0.3556588001764448,0.1317983017203353,0.26442996666664464,0.1888030555555626,0.046245288888888805,0.04193758888888888
0.18940207322452335,0.027081054256726952,0.35696272606969587,0.12026102779003087,0.5820763888888728,0.03740869999999556,0.04375900000000005,0.047535844444444426
0.38850005514505215,0.028087129149663447,0.3565762655784711,0.12075206793867867,0.4462382222222219,0.42981634444442485,0.04375900000000005,0.03137800000000001
0.38845721217470097,0.02676202029113363,0.35757962064402304,0.09697783414203781,0.4485518000000121,0.43105421111110653,0.029401466666666654,0.030028877777777765
0.39031190029779345,0.02668765854196521,0.28938458144921153,0.09764232932612767,0.4472413065215047,0.4298622930785534,0.02860756582601925,0.029954482835240537
0.43773266666666033,0.02604522222222213,0.10986088888888902,0.053507444444444455,0.4485919444444449,0.43171333333332823,0.029243066666666578,0.030421977777777765
0.43656841403822316,0.024859951132829843,0.009930475344291586,0.0541367170146603,0.5611753026372491,0.42058725680934095,0.028535430177258965,0.030689677907479455
0.4489674372083054,0.025766059124249785,0.007095910202267299,0.01419615470104465,0.5593302244875626,0.4970658496909324,0.0387536492788201,0.02770136644615553
0.41886800000000024,0.004915444444444559,0.0073038888888889006,0.0032927777777776632,0.7157467245119479,0.7956406616051838,0.019402017353579163,0.037002570498915394
0.4226433333333262,0.005463777777777858,0.01175111111111112,0.013792777777777668,0.7166099663810945,0.7964963561435706,0.01633855330224492,0.01951698297364716
0.3032276666666702,0.00495711111111103,0.010437333333333262,0.024379555555555637,0.4065324983734567,0.7891716005204936,0.016466861852092764,0.014051377141617926
0.10222111111109675,0.010427555555555697,0.010770888888889059,0.024720000000000103,0.407303827803093,0.3840212426805639,0.017274983734547795,0.014040956408588172
0.10222111111109675,0.010427555555555697,0.009720333333333208,0.026100333333333444,0.4061399349240731,0.3838772234273338,0.016298861171366606,0.015076843817787403
0.10031407621371359,0.01060048883457404,0.1185169425619375,0.037788690145539316,0.4061399349240731,0.3838772234273338,0.01634169197396965,0.01430035791757048
0.05480966666664245,0.021152333333333415,0.13253177777777797,0.03751611111111113,0.4051937093275419,0.3832527765726646,0.02172073752711502,0.014736171366594374
0.09921751695009204,0.02922296320995889,0.13129832166277666,0.047587084583750154,0.4051937093275419,0.3873918112798267,0.04028830802603041,0.03366664859002171
0.2819532222222026,0.03421377777777777,0.13268322222222217,0.05761277777777786,0.3299600066674171,0.3922024113790349,0.029763040337815287,0.03229018779864431
0.2819532222222026,0.03421377777777777,0.13248811111111103,0.05761277777777786,0.04705398888888289,0.082251766666679,0.03580322222222219,0.02616855555555558
0.27980520057781655,0.03566929658850981,0.12805511723524826,0.048300588954328406,0.27657313333333555,0.2458658444444508,0.03363663333333331,0.02969889999999995
0.24369611111109812,0.03625433333333324,0.12966666666666685,0.04342777777777782,0.2773546505167333,0.2458931659073294,0.035417813090343406,0.030378786531836843
0.24293688888888534,0.029773333333333183,0.22514122222222238,0.04260600000000005,0.2765642071341235,0.24596297366372719,0.03458966551839093,0.030205533948216474
0.24407944444444893,0.030734111111111143,0.26470822222222207,0.05179400000000002,0.27677482222221295,0.24830723333332752,0.03564092222222218,0.04347936666666669
0.2440707856428682,0.029627847538615474,0.155915768418713,0.07060495610623407,1.094060011111127,0.5410725777777923,0.05572676666666668,0.04347936666666669
0.24404366666668567,0.031514333333333276,0.14244811111111094,0.08650888888888887,2.281096677777776,0.5399090111111429,0.0495839111111111,0.05931180000000003
0.5875537777777835,0.03611366666666665,0.14244811111111094,0.07580044444444431,2.281096677777776,1.7712026777777954,0.033584366666666705,0.043491188888888865
1.1968941228752337,0.03022041995333857,0.14255749361182118,0.0663912898566826,4.123389012331969,3.1054246194867443,0.03358063548494616,0.043486357071436485
2.818522206382274,0.03238885842745911,0.14143118763022264,0.06630069086522652,5.119689500000018,3.105769666666687,0.030557288888888895,0.04439128888888892
2.816946814343687,0.03041506744160544,0.143297510691962,0.06565401908103957,5.912568874319374,4.60745625069452,0.032788487609734455,0.040197633070341174
4.251817852834754,0.030526702489308055,0.14169294878824423,0.0591359798223489,5.911818090898986,4.60745625069452,0.033072841426825164,0.04169552172463607
5.010222831450841,0.03168779471433276,0.04778495449062394,0.059864129838797984,7.078929003222583,6.415456117346404,0.033072841426825164,0.042999911101233454
5.009644549243271,0.03143342838341737,0.00996446589164315,0.04943913138846227,8.535150700000013,8.106104411111119,0.03543054444444447,0.0316297888888889
6.2306412983879955,0.031429981357604955,0.011046277004057426,0.019179295975435943,8.832387420824523,7.814207311923534,0.016301444604956045,0.03163330370041116
7.15648607150692,0.020421364334283803,0.010614389120421256,0.0034755428822111317,7.643221600000005,9.58357055555554,0.01846717777777778,0.018790688888888848
6.772878166465623,0.006954490623971777,0.010613225134335016,0.004180173264612348,9.551886255555537,8.34803667777777,0.015445277777777737,0.015218077777777778
7.110315200701909,0.008440666812897561,0.010839219127001318,0.0035752357973239056,7.666014599999977,8.535185766666638,0.017742522222222182,0.017392833333333316
7.160830372807044,0.006934868421052767,0.01083684210526294,0.004208991228070081,8.305891477777765,9.60331064444441,0.017522955555555546,0.016251822222222177
6.460367959115676,0.007648927896900444,0.009344961670925404,0.0032541939784467106,8.61033474058438,7.936674958337948,0.01529370069992218,0.020018031329852207
6.346977664184882,0.007531503500388963,0.009347038559839935,0.003254917213023541,10.875284506713365,11.928803841214258,0.016273566841798016,0.021548779918272008
6.365225752694134,0.006353516275969338,0.009548827908010152,0.003664592823019669,10.860111150029166,10.028061377699931,0.01926714535901925,0.022758762405137193
6.365225752694134,0.007337406954782776,0.009970225530496337,0.004046994778357934,9.327767565674238,9.76854497373028,0.018366654991243455,0.02217869235259773
6.308545868502875,0.008105175477565542,0.010149711239449358,0.003997778764993229,10.032556934391765,9.767404587905656,0.016457751575998207,0.02217610319869245
6.402040662148664,0.006824019553383106,0.008679591156538161,0.003999111209865462,10.033728277875056,9.762323140688858,0.01649204903677756,0.021522358435493306
7.530782531392361,0.008339148794310492,0.010573063673741612,0.003769529947772025,9.657702241681285,9.762323140688858,0.019236368943374205,0.021522358435493306
6.383780468836786,0.00820986557049203,0.008789245639373632,0.003961337629152454,11.181308161120871,9.937864670169308,0.016822451838879166,0.02240795096322244
6.9398309812201004,0.008211690187798508,0.010234026002889378,0.00331914657184148,9.461409234181652,10.600139808545425,0.017235150595377113,0.02138023581601682
7.687582731414566,0.00798833203689282,0.010003778197577471,0.003536392932548094,9.376262813777004,10.601377419731481,0.020483887915937034,0.01742290718038529
6.346386111111113,0.006813444444444391,0.011452000000000044,0.003825888888888882,8.217777091434293,8.278373536273733,0.01649791134318417,0.018049927785801567
6.474339888888861,0.008098777777777776,0.009516888888888847,0.003987333333333293,8.302378413509633,9.696198989001198,0.01664440617709146,0.017370003332963003
6.645953888888876,0.006415222222222165,0.009630222222222233,0.003904333333333436,9.46592835555558,8.249511755555558,0.01408674444444443,0.014954033333333377
5.464524677634504,0.013025233437083103,0.008353823921742796,0.003453868385949393,7.680548544444466,9.425912622222231,0.018889377777777723,0.018239422222222277
4.434565222222218,0.014460666666666653,0.010528666666666534,0.004544888888889018,9.465200955449403,7.660751049883334,0.020053027441395397,0.018095633818464588
3.308636666666694,0.012947222222222346,0.008637333333333115,0.004061000000000092,7.914560037773574,9.442040262193078,0.017441639817797987,0.018095633818464588
3.308512273686557,0.012801177385316049,0.010361435077196161,0.004273464400755194,7.9419054105099205,8.839469403399626,0.020029530052216412,0.01824970558826798
1.8393242973002963,0.013936118209087887,0.010298966781468518,0.004755916009332193,9.16329655555555,7.140883722222233,0.020547588888888833,0.016060866666666666
1.0917386957004744,0.012467836907010352,0.008512498611265346,0.004243417398066878,7.9172733333333305,8.95656107777778,0.0174577888888888,0.019776944444444434
1.092405354365712,0.013698511441901864,0.008705287713841147,0.004854921128638076,8.512546071785737,8.477096310701189,0.019962062451383437,0.01795401711301254
0.1773725555555959,0.013365444444444406,0.010413888888888797,0.00441755555555565,9.098970163351487,8.03633988220914,0.019243204800533396,0.01561985776197351
0.006985123605336031,0.015413257492889916,0.009430649748413835,0.0055522861518266615,7.935331711111114,8.03544695555556,0.022148411111111127,0.019943277777777726
0.00798895450567042,0.00815124671916001,0.01103510498687674,0.005551071741032298,9.226729566666672,8.643869500000001,0.01734577777777783,0.016657888888888826
0.008211418571580965,0.008077217543475904,0.008891829815159173,0.005363338072842442,7.44185233914881,9.708739804422713,0.017508678742082458,0.016819268807645327
0.0069652230971075455,0.009322944006999042,0.010165135608049198,0.0068619860017496564,9.150002333333337,9.50193231111111,0.0198666666666667,0.019864099999999992
0.006885436043337492,0.008111171900645583,0.010197176934019253,0.0061066856330014236,8.665576630736775,8.34285058339814,0.01728040893432604,0.016694321591287888
0.006809450886039314,0.008421570772259938,0.008837344126011967,0.007999343688470884,7.667871111111109,9.353253122222196,0.023204433333333357,0.020319577777777795
0.0077537737913027085,0.008421570772259938,0.010386348720192439,0.008326296215270212,7.667871111111109,7.538473077777775,0.02396157777777782,0.019427011111111128
0.023911397943549448,0.008782213957558547,0.06410971341063222,0.007438306716254721,6.040514422222234,6.413875722222221,0.021459522222222225,0.017119566666666697
0.02314170129015152,0.007844303520664848,0.06240225235075428,0.03244926743931766,4.217686944444438,5.43748285555556,0.02026786666666668,0.018101633333333342
1.3713736600306545,0.029117589148982662,0.06325082038941152,0.03168048567053149,4.2180992667481245,5.4377990556604825,0.017358593489612266,0.014833685146094941
1.3921441271252775,0.029425158350928043,0.06262351372374689,0.07640082231359038,2.9261946906586536,3.6523623903143383,0.01829936687770745,0.015622503609907875
2.7726738888888782,0.029271222222222254,0.06486400000000003,0.07980644444444451,2.928085344444431,2.590662322222228,0.026369188888888954,0.012330622222222242
3.846381153461464,0.028007778642071473,0.06357639737748624,0.07891521280142236,2.1462041558747287,1.0888512950317752,0.03890665175417938,0.04799740993642579
3.8450602222221986,0.029325333333333328,0.06378611111111118,0.07890644444444443,3.0987951618598912,2.7380382224838065,0.0405077104178929,0.04799175985874051
4.991895111111111,0.02893988888888899,0.06378611111111118,0.07717944444444433,4.1356536496350325,2.930466870732279,0.03303183423593128,0.04747764304214738
6.1418967777777755,0.02893988888888899,0.0644123333333337,0.07684733333333327,4.135166815773981,2.9291712536786148,0.034308145968216554,0.046451159505591526
6.969033322225951,0.028031100744196385,0.009847606353438005,0.07810118849272457,5.967747386390387,4.918069201789476,0.03634737461737699,0.04645662820814693
6.974456091596291,0.029703201422854646,0.00985526900844846,0.05185904846598485,5.966320824014117,4.916555126545003,0.03519363154796942,0.04930116539140677
6.751491115059926,0.0069901155042203554,0.010504997778765065,0.05330208796090625,7.918356851895448,7.020553131622325,0.039474040499175904,0.04818503649635038
6.754491777777731,0.007062777777777641,0.011848888888889145,0.008920666666666775,7.920221749882234,8.582600376825251,0.03848186528497409,0.051116486104568974
6.90263784864984,0.00677119679964436,0.009602511390154493,0.00510656739637738,9.94934124779281,8.578643449087696,0.029813914067098223,0.053479952913478505
6.727571555555592,0.0077804444444442575,0.011054555555555606,0.004482777777777811,9.971250022222225,9.799756988888912,0.01792025555555562,0.01446416666666665
7.818937666666696,0.00736066666666662,0.010603222222222148,0.0053312222222222285,8.080844527169694,8.243902778086472,0.016406534059339922,0.017449349927769687
6.671385333333345,0.006295888888888731,0.010603222222222148,0.0046521111111111286,8.31061961111111,8.973169744444451,0.017137600000000013,0.01933409999999996
6.85705011111112,0.008018888888888872,0.010271777777777658,0.005154222222222258,9.793625166666674,10.15748380000003,0.017851255555555605,0.01747419999999996
6.013062361049335,0.008602378835037781,0.009862494441974,0.004411182747887966,8.063597888888896,9.38911187777782,0.01593048888888888,0.021022444444444444
7.5852235307187685,0.008260526608154687,0.009857015887123444,0.0044087323630707855,10.028177399999999,9.38911187777782,0.019222700000000037,0.01923974444444438
7.3700942641174265,0.00826511783014677,0.00902145397954658,0.0035477990217875413,9.37158155555556,9.170574066666664,0.015186855555555608,0.02129327777777775
8.296768000000005,0.0082685555555556,0.009460666666666463,0.0030128888888888306,9.37158155555556,7.69825583333333,0.018989566666666652,0.020691488888888845
6.767316444444432,0.008534555555555478,0.009460666666666463,0.0033102222222222764,9.024050722222228,9.28286145555557,0.019385922222222293,0.01844359999999993
7.250966999999997,0.007524555555555621,0.00989755555555563,0.0037048888888888444,8.766980408934336,8.771372852539171,0.01689858873208136,0.021313245916212885
7.494081307901883,0.008285122615803922,0.009787356948228807,0.0035517166212535433,8.765032407510285,10.142111720919882,0.02072419731140986,0.018325597155871585
7.492448076713497,0.010008063637354259,0.011317206058624702,0.0035509425738260054,8.961324433333333,9.348456088888907,0.0174203888888889,0.016712388888888895
7.568526923915403,0.009260627861347208,0.0109484412470024,0.0038162197514715244,9.128873744444434,8.16414203333333,0.017204299999999974,0.02006801111111113
8.784041089918267,0.008005122615803795,0.00973188010899203,0.004060926430517777,9.127859537829117,8.464354960559923,0.019198789023441888,0.01651793134096209
7.237629577157834,0.008417829119442027,0.011899411508282547,0.004060483870967808,8.767813599999993,9.97516492222221,0.01825939999999994,0.016930255555555596
7.381228615015773,0.009812792851694455,0.01202495368856924,0.004405143293015154,8.780364896689614,9.471623183736959,0.01825534325705393,0.01834700066651852
7.342792020928731,0.00871604534554184,0.010280248528450093,0.004406583823850019,8.782316088888876,9.4737279888889,0.017406311111111152,0.01540521111111114
7.342792020928731,0.00848757357750174,0.011887290167865754,0.0039833224329627204,8.728374852761421,9.580876264029323,0.017059328814312647,0.0187546838537616
7.3430342271637015,0.00943219969478971,0.011310006540222274,0.004101809461521698,8.757742306410393,9.669757738029103,0.019665548272414124,0.017739028996778154
8.317144990733652,0.009171590537446777,0.011041098877139338,0.004102256622697051,10.015355599999996,8.297991788888902,0.015837944444444394,0.020774822222222232
8.338359119706595,0.007591752806491078,0.009694453706791104,0.003965988662887579,9.61225817313034,8.737390110012212,0.01926037337481941,0.01736874097121906
6.921594579584607,0.008410640897478585,0.010495168277240736,0.003192269243585569,10.49957949071619,11.25016764986737,0.02097126790450932,0.019914005305039784
6.77267496388488,0.008414379375486131,0.012432159128792062,0.003197244138237584,10.500693622665546,11.069674734719873,0.019066702037351408,0.022445044567062873
6.774180504612653,0.008171057019006188,0.010223185506279982,0.0035372902078470102,10.058820522071313,9.627736566213931,0.02016350806451615,0.020248578098472008
7.022116260975874,0.00674724908302753,0.010629876625541844,0.0032134044681559433,10.750695096582488,10.0351167268096,0.02016778815538104,0.020151040118870745
6.901266333333347,0.008349888888888855,0.010626333333333331,0.0032123333333332247,10.748413539898158,10.032987033106966,0.02080922113752122,0.020146763582342974
8.3104261912696,0.008352993446628801,0.010947239808952637,0.003409863378873737,10.921983946949602,9.967529740053049,0.019241188328912497,0.020555342175066337
6.930318333333364,0.008906888888888848,0.009649333333333251,0.003378111111111082,9.814411374005306,9.789522397877983,0.019662185676392607,0.02187553315649871
7.289014999999988,0.007351000000000083,0.010564333333333547,0.003378111111111082,9.96986195225463,9.789522397877983,0.02317466312997351,0.018978514588859463
7.005322888888865,0.009029777777777743,0.010564333333333547,0.0031954444444443437,10.075591745358105,10.194011034482763,0.019908604774535807,0.021516000000000035
7.769180060019996,0.0082394131377126,0.010194286984550428,0.003914304768256017,10.075591745358105,9.86560627055702,0.020899872679045084,0.02235369761273207
6.678579555555543,0.008236666666666696,0.009722888888889022,0.00312466666666664,9.227225252749697,7.57884145094988,0.021087212531940902,0.016389845572714133
7.675758222222208,0.00788633333333344,0.009722888888889022,0.0031972222222221725,9.606348461282089,9.22416725919341,0.02012991889790024,0.018755293856238208
6.345959444444462,0.008946333333333377,0.009236111111111,0.00361044444444462,7.684068592378619,8.72030783246305,0.02012991889790024,0.015387923564048488
6.904208333333322,0.007341444444444376,0.01098255555555541,0.00361044444444462,8.997704888345732,8.72030783246305,0.0203918453505166,0.0194722919675592
6.409559853284397,0.008065132822051747,0.010223630098922036,0.004068022674224738,8.73387061437617,8.829879113431849,0.020901410954338413,0.019133085212754128
7.61047577777774,0.00784155555555562,0.010220222222222396,0.003584111111111257,9.93998238888888,8.795052400000001,0.021336144444444455,0.01589699999999999
6.259759666666671,0.008891444444444514,0.009757888888888684,0.004233555555555589,8.521497710856764,10.16679152128015,0.01765976219579954,0.01937757528614286
6.612131666666655,0.008611777777777935,0.009757888888888684,0.004347555555555537,8.400970339924449,8.173792890468794,0.02039782270606531,0.016714396800710917
6.6097787777777945,0.007622888888888982,0.010102444444444735,0.0036299999999999484,10.29209001000111,8.519533037004113,0.021853450383375946,0.01578413157017446
7.633513000000019,0.008985555555555655,0.00974422222222218,0.00448599999999999,8.579321833333331,9.810707055555554,0.019358711111111093,0.017968733333333303
6.6363343333333535,0.00915600000000004,0.010912888888888578,0.004074222222222288,8.762456406267354,9.340120124458277,0.020521180131125697,0.018648105345038295
7.680512666666649,0.008096000000000103,0.009265777777777769,0.0033743333333331707,9.837271474608281,9.442558306478485,0.020521180131125697,0.021356661851316742
8.204352558699554,0.010380614087898915,0.010025888019265601,0.004357856712823574,9.543210145571724,9.442558306478485,0.01883563729303253,0.01727138570952322
7.210887564704453,0.008555675935957735,0.010011195377392437,0.0035198025761404455,8.106675533333336,9.059920888888882,0.018436866666666652,0.015495566666666665
7.1882624924744585,0.00891992775436467,0.011426490066225113,0.0035206502107162775,8.361311188888907,9.292024033333336,0.017517644444444383,0.018070522222222177
8.258609271523197,0.007782179409993806,0.011233473810957281,0.003368332329921781,9.417179535607167,9.116081002110864,0.0175156982557493,0.01459047883568491
7.742184587597837,0.008223841059602608,0.012759542444310745,0.003418061408789932,9.720063762640304,10.17834278253139,0.01765515057228579,0.01785147238582064
8.024031426851229,0.008223841059602608,0.010302709211318239,0.003418061408789932,7.830004532829687,8.664689490056666,0.016072980779913357,0.017342073102988534
6.914626490066157,0.008289704996989628,0.010845514750150423,0.0032472004816375805,9.204871496832968,8.926619968885431,0.016076552950327824,0.018463407045227254
7.9849291992775315,0.008456592414208184,0.010834196267309104,0.0037435279951837123,8.863152533333334,9.329818066666665,0.015681611111111056,0.015418344444444442
8.15828693558105,0.009409151113786752,0.012635761589404298,0.0033444912703192217,10.518208316098846,10.536257581364985,0.021245477304887316,0.019910852291281162
7.221177738280356,0.007197956009775539,0.009925461008664975,0.003248055987558174,9.520247920748973,11.73773762246898,0.021336893098192904,0.019913019812758545
7.224387863969746,0.008744387641698022,0.010562236052456087,0.003324961102467252,11.25462411540555,10.414980805661399,0.01943749591725639,0.022659531845400118
7.586651999999959,0.008571000000000082,0.009256111111111033,0.0033242222222222596,11.444620010887297,10.59625970604245,0.01937002721829076,0.02013643984757762
6.598959777777762,0.009630222222222233,0.00931011111111128,0.0036543333333334265,10.408993195427314,10.645688688078394,0.021670081654872102,0.023926064235166095
7.0876425555555524,0.007823555555555473,0.009623444444444592,0.003129222222222339,10.752823070223187,10.948453892215557,0.02168869896570501,0.023164169842133972
6.068646000000021,0.009202555555555492,0.01083588888888877,0.004719333333333372,10.752823070223187,10.948453892215557,0.021593935764833944,0.021292955906369135
7.429013555555584,0.00875266666666678,0.01059322222222213,0.004021000000000028,10.690371263742255,10.886739523239356,0.02158923478828778,0.02187630347229781
6.441361999999977,0.008740222222222175,0.00943499999999986,0.004118777777777657,9.356624327854586,10.36972513334059,0.022706988135408758,0.02187630347229781
6.4026816666665685,0.007861222222222174,0.009646666666666607,0.004118777777777657,10.312113291966023,11.41213739386021,0.020213204876986753,0.02309259743087303
6.875183464829475,0.009221246805200515,0.010904767196355112,0.004250472274697349,9.69354875555554,9.01070778888889,0.019185677777777774,0.01828822222222225
6.8744195555556065,0.007677333333333339,0.00908233333333344,0.004579111111111089,9.337050033333343,10.130540388888917,0.022432744444444406,0.017553711111111075
6.471830333333351,0.007801555555555556,0.011272999999999991,0.004579111111111089,7.6825180535496145,8.640935296078244,0.02258197978002437,0.020185646039328934
7.522545555555554,0.00785922222222229,0.00961977777777771,0.004381999999999862,9.224745055555559,9.191076211111094,0.020237155555555525,0.018948455555555518
6.102968777777783,0.009341333333333424,0.010179777777777826,0.004728555555555403,8.67578922222222,8.920207822222237,0.020240755555555517,0.01646862222222218
7.581134888888907,0.007962333333333405,0.008967333333333648,0.003820111111111086,9.703786388888894,8.920207822222237,0.01957894444444449,0.019373422222222197
7.017483111111082,0.008287999999999901,0.009871000000000013,0.003820111111111086,8.3931046560729,8.725255028336482,0.02336689632181355,0.017912312479164333
7.01670347739137,0.008172425286079381,0.010954005110543449,0.003932451949783405,10.26722365818424,7.6748212690298825,0.018916624069341043,0.02082200244471607
7.183812777777853,0.008173333333333392,0.009081111111111146,0.0043933333333333975,9.473000533333328,8.462157966666673,0.022102444444444463,0.017247844444444434
7.081868652072478,0.007947438604289403,0.009627958662073305,0.003452939215468301,8.392999477777778,7.159979355555556,0.017796955555555594,0.019746633333333326
7.081081777777804,0.008853555555555559,0.011286999999999776,0.0035048888888889154,8.35331997777777,8.019211544444431,0.017564755555555627,0.01601603333333332
7.025781468725645,0.00857149205643816,0.010283301855349277,0.0035044995000555754,10.126223102566968,9.657275208356474,0.018932381375708452,0.017165362818090918
6.763372666666733,0.0074555555555555495,0.010284444444444318,0.0035777777777779266,8.583724577777799,7.86089700000003,0.01893027777777782,0.016710455555555555
7.924315211540534,0.0073637635913444905,0.010612337173000306,0.004279255032834507,8.614222386401508,8.581861070992103,0.018657282524163987,0.016708599044550604
7.281193586570524,0.008970945873237822,0.010607769288711915,0.003968686107823205,8.827464377777783,8.582814611111102,0.019448699999999975,0.018030088888888882
7.973025511302569,0.00771517761033367,0.009956189451022718,0.004262970936490808,10.307695888888905,8.865903244444471,0.01788042222222222,0.018817266666666672
7.974742355727916,0.008110249784668469,0.010758182601205795,0.0044911714039621775,8.432848139095679,9.969938884568393,0.0178784357293634,0.015906132651927564
7.6460648008611,0.008108503767492005,0.0107558665231431,0.004044133476856894,8.875208166666685,8.120053944444452,0.01787428888888888,0.019123311111111086
6.40424510226045,0.008451560818084092,0.0111346609257266,0.00438266953713676,8.875208166666685,10.056116411111121,0.020322799999999988,0.01662452222222219
7.881652922811867,0.009033049843901495,0.009527397997631587,0.00430347723113361,8.912925722222239,9.132470444444436,0.01967914444444442,0.01992956666666665
8.187903434169515,0.0077744644202820765,0.010274518247389383,0.004701474862740965,9.655058206374916,10.343525532144776,0.020248741220961656,0.021073625067531028
8.180783961248611,0.0090288482238967,0.010273412271259415,0.004008503767491882,11.269411075094538,11.389992803889784,0.022226969205834654,0.021312015126958413
8.180783961248611,0.008787082884822477,0.01061291711517745,0.003432400430570625,11.135821720337171,10.807761789496427,0.019669829263021358,0.021314318132699385
7.326590040017819,0.007410738105824889,0.009610938194753098,0.003181525122276494,11.217666061588323,10.806594014046455,0.021028622366288486,0.02059499729875742
6.993466111111048,0.008463777777777775,0.010124999999999792,0.0034643333333333162,9.777162467588573,10.994431882022452,0.02229140017286087,0.01745406222990495
6.992689145650418,0.008061215420508836,0.010099211198755786,0.0030422175313854433,11.38116343202937,11.12540122109357,0.02229621785173981,0.02163711908363954
7.072991555555544,0.008062111111111115,0.010100333333333428,0.0034378888888889256,9.766497082658018,11.124199124797396,0.021396196650459155,0.02149472717450029
7.9490447777777975,0.008253666666666604,0.00941577777777801,0.0030884444444444865,11.31219696380333,10.611065834683952,0.02263362506753107,0.02149472717450029
7.4862750000000045,0.008032999999999884,0.011225111111111219,0.0032258888888888992,9.94055146407345,10.59908640734737,0.020327747163695318,0.02088371690977847
6.083533614846044,0.008033892654739298,0.009266918546505272,0.0028154239359928167,10.184174586709878,11.774452890329561,0.0239872393300918,0.023598098325229598
6.560620486612561,0.008126874791689819,0.011482613042995284,0.003434729474502778,8.981453544444435,8.974988988888882,0.0174765111111111,0.01899857777777777
6.5613494444444065,0.007858777777777782,0.011037333333333442,0.0037454444444444436,7.768227352516377,9.22932196422621,0.021477980224419522,0.018996467059215632
6.844283444444451,0.007858777777777784,0.011037333333333444,0.003745444444444444,8.05498603333334,9.230347444444458,0.020335822222222227,0.018948055555555555
7.035766196244072,0.008704856095121784,0.010771863540393318,0.0035617290810090224,9.44335340593399,8.97487466385155,0.016819579953328126,0.021122269141015684
7.035766196244072,0.00736437381931322,0.008886654072674399,0.0030803422602509872,7.7952074111111145,8.977208755555575,0.02029101111111108,0.016822688888888902
6.957776864096007,0.00917257473052546,0.011146571841315511,0.003760306700744374,9.583481502055335,8.976211398733493,0.020146828130207756,0.016552471947561414
7.2483565555556,0.00865088888888879,0.011336222222222069,0.004180999999999892,9.575820286634848,9.095506677035894,0.01830511054327292,0.01898597933562941
7.14042906343744,0.007364515053882915,0.00952583046328183,0.003980668814576235,9.576884266666696,9.262274266666674,0.020890455555555527,0.018831800000000017
7.141222444444491,0.008866111111111194,0.011828111111111326,0.003981111111111189,9.507650833333338,9.478806033333337,0.01712727777777781,0.016040511111111107
7.074261724827795,0.008607468326294611,0.009612247166037154,0.003932096021337988,8.199679199999991,9.559888022222216,0.020648766666666672,0.01657376666666662
7.923349666666683,0.007497333333333246,0.010033666666666522,0.0036043333333333452,9.892033900000015,8.08430209999999,0.019218388888888913,0.019221522222222176
6.528438555555518,0.008716999999999964,0.011114555555555308,0.003604333333333346,9.60803655149427,9.751174269525603,0.020267881346516997,0.01578319075658256
6.659850666666596,0.008410111111111009,0.009271222222222285,0.0038072222222223697,8.220872569714473,9.54228302410842,0.020267881346516997,0.016926585934896092
7.911798111111038,0.008410111111111009,0.01083966666666688,0.004224666666666643,9.802412154205085,8.301723775136082,0.02036337073658478,0.019292123097433587
8.068570192307673,0.008961538461538528,0.00971249999999999,0.0035929487179487706,9.187236022222224,10.303080211111093,0.018248833333333332,0.018760833333333303
7.702713324073012,0.007849663425579715,0.009445880970189186,0.003188374826370348,7.605403377777773,8.77538127777776,0.019219777777777787,0.016327055555555522
6.784358119658078,0.00920897435897447,0.010527243589743784,0.0034184829059827693,9.503319799999986,9.264279488888892,0.02011105555555553,0.01800042222222225
7.832533276359339,0.007765089199871858,0.009773848947761975,0.0034181177224654126,7.673708422222225,7.839079188888876,0.02011105555555553,0.02067594444444449
7.638616493964346,0.008165580600363353,0.009773848947761975,0.0035356265356266954,9.404027196978122,8.112781657593619,0.020211154316187127,0.017465903788467997
6.82149027777784,0.00905897435897438,0.010023290598290475,0.003528311965811998,9.316871744444422,9.131706666666673,0.017639922222222215,0.018439977777777814
8.146015491453042,0.009200641025641111,0.009986111111111104,0.003528311965811998,7.988223388888887,9.295814711111115,0.018273311111111093,0.018439977777777814
7.833841987179568,0.0076674145299146625,0.009986111111111104,0.0034743589743589614,9.763758677777787,7.988118388888894,0.018273311111111093,0.018746044444444415
6.630046367521452,0.009126816239316349,0.010291559829059911,0.0036176282051281964,10.717789676041305,10.364642102764934,0.021950741663700063,0.021246647680075934
7.926040380301333,0.009409785279350448,0.00882811665420376,0.0036172417476765225,10.568715794470151,9.839018381393167,0.021950741663700063,0.021065480004746673
5.982541777777847,0.008842666666666728,0.009688777777777585,0.0036940000000000124,12.287795669197907,11.73793257000476,0.0234827123872805,0.023722520170859084
7.445826000000024,0.007428111111111117,0.01083455555555525,0.0032845555555556733,10.261069542002852,9.924952444233512,0.019772306597057445,0.019244091124822053
6.3548535555555645,0.008841666666666687,0.009315777777777454,0.003665555555555737,12.189579781680122,11.885047971048888,0.023324074513526367,0.0200281086853346
6.844405489498756,0.008439604400488784,0.011345816201799927,0.00347771974663844,10.341937273050911,10.3487132906135,0.023296523080574328,0.020030485344725294
8.09350383375928,0.008895543949327811,0.009157795310590116,0.0029114346038447976,10.54768930817611,11.245219212056488,0.023296523080574328,0.019950836596653636
6.714352294189521,0.007526719253416279,0.009515720475502962,0.0034767248083545214,10.54393568208779,9.285277485172006,0.02028612099644134,0.019943736654804287
6.616658111111065,0.008953777777777778,0.010918222222222261,0.0033607777777776944,10.365538008781295,11.04600763023614,0.023454859380562527,0.019344630354811994
7.387974333333255,0.007436000000000023,0.009032111111110908,0.0027943333333334173,9.004807911111111,10.286189155555551,0.018529900000000012,0.016857655555555556
7.395527888888865,0.00795755555555565,0.010989444444444274,0.0032944444444444644,9.054651299999996,8.77791414444443,0.018529900000000012,0.014757711111111092
7.394706254860547,0.007072658593489585,0.010857015887123992,0.002775247194756065,7.44448136459606,8.586566518502057,0.017932125791754655,0.015301433492610273
7.166240502110665,0.008469229060208876,0.009685736502999408,0.003127971561875079,9.015806433333323,8.585612455555559,0.01993832222222225,0.01813594444444448
7.168629514390511,0.008677741971330014,0.011052894766085357,0.0030018890987886905,8.535433188888886,8.6991553,0.01910874444444445,0.016612900000000007
7.053507888888918,0.008446444444444584,0.009022888888889075,0.003140444444444452,10.034543966666668,10.094285555555562,0.01764013333333333,0.016612900000000007
6.894144444444465,0.008090444444444364,0.010961333333333477,0.003140444444444452,8.237737122222226,8.236833588888897,0.01764013333333333,0.015773788888888883
6.894144444444465,0.008090444444444364,0.010686333333333034,0.003513000000000075,9.738047704790494,9.822537734800498,0.018856518839613225,0.01577904857174613
7.275026552605296,0.007557049216753682,0.009283857349183324,0.0036950338851237936,8.129820733333343,8.17372832222224,0.015890000000000036,0.01672727777777774
7.537662926341529,0.008887901344295087,0.010992334185090656,0.004013554049549988,8.667215011111125,8.256919899999984,0.016879822222222198,0.017525833333333327
6.182232444444405,0.007182777777777835,0.010200555555555645,0.0035138888888888906,9.057533977777787,8.256919899999984,0.02021452222222221,0.020460644444444436
7.187192269243569,0.008470620904143128,0.009995001666111147,0.004109741197378742,10.143293611111107,8.529380599999987,0.016527222222222224,0.01742811111111108
7.137162813958594,0.008553456323627303,0.008899199822182794,0.0033674149811069613,8.57114137777778,9.72565389999998,0.018247411111111094,0.01716076666666661
7.1355767777777155,0.006932333333333319,0.008725777777777685,0.004427111111111159,9.080465944444454,7.776590488888872,0.018357077777777755,0.015274099999999983
7.054908565714879,0.00759415620486617,0.009941895344961486,0.004362070881013227,9.045695344444452,8.212658155555555,0.016230244444444444,0.01912902222222214
7.215883222222147,0.007904666666666671,0.00968777777777774,0.004643666666666688,9.045695344444452,8.212658155555555,0.01978030000000006,0.016422822222222147
8.626505550913144,0.009627909752894815,0.009197206637221178,0.004311209263459328,8.64973841111111,8.61310685555555,0.018389955555555525,0.019828566666666648
7.057890069228874,0.008666746240152682,0.010887085223203901,0.00414717116256874,10.364533655555546,8.61310685555555,0.018389955555555525,0.01877956666666668
7.364587799928355,0.009120448848036273,0.010601647367792615,0.0038054196012893325,8.67454985555554,8.878081066666692,0.018654344444444436,0.018053655555555555
8.613495284708105,0.010287811865823069,0.00935072221559014,0.0041798973379493076,9.155407466666665,10.591640477777787,0.015319644444444423,0.015118844444444448
7.533920468115546,0.008904346787676112,0.00970706950083588,0.0040962502985431425,8.069647833333345,9.786079711111118,0.018616688888888865,0.01798788888888889
7.932654530261463,0.009126059448489938,0.009703593171779833,0.004436910588516107,11.838062466631097,9.832469225840917,0.020344580886278676,0.020956892685531255
7.93170768679879,0.00912497015994273,0.010781809501074428,0.003024468846980053,10.073607601964557,11.478977162075617,0.019992301943198832,0.02095465513559686
7.463569416258849,0.009021487405992427,0.01083741196132271,0.003309179897337909,10.413279797116905,11.171057074212497,0.01999443673251471,0.020572226374799878
6.120104917641478,0.008569228932919497,0.010569348293148895,0.0030068035330627256,10.413279797116905,12.159098996262681,0.018533828083288777,0.020572226374799878
6.360971558715719,0.006919453394067296,0.011335629374514081,0.0031357626930342,10.696460747463957,10.25350284036306,0.016838729311265333,0.019760106780565966
7.726119417907167,0.00838558098200408,0.009760608753610392,0.002672295045545418,10.349827570742118,11.47852968499734,0.020774554191137207,0.02065973304858514
6.407035654781791,0.008146506719982172,0.010353326668888167,0.0041428412751304934,10.349827570742118,10.498624004271225,0.02062774159103042,0.018419604911906057
6.423718871487301,0.007060313228923638,0.010353326668888167,0.0037944018660445653,10.283824196476239,10.028056540309679,0.02062774159103042,0.022144794447410555
7.622953222222249,0.00825666666666653,0.01041277777777773,0.003844555555555592,11.701394105712772,10.324593507741602,0.020381665776828647,0.019387570742124917
6.067730999999994,0.007595333333333325,0.011755999999999904,0.00411122222222223,9.987442231713828,11.378993400961026,0.017768104644954666,0.0230044634276562
7.366917444444476,0.008991111111111198,0.010783777777777776,0.004679666666666786,9.75899131014556,8.48543513723746,0.01635918435381707,0.017551583509278795
6.519598777777801,0.008840000000000082,0.01094544444444444,0.003836555555555658,7.941238300000016,9.061831744444445,0.02012476666666668,0.016894722222222214
7.863571603155175,0.007921342073103079,0.00950949894456148,0.004575158315742686,9.73632012222224,8.033719233333336,0.018094555555555603,0.019931644444444424
7.8251886876319166,0.009326258473163792,0.009991554617179715,0.0044369374374930255,8.340546977777782,9.516441922222214,0.020447533333333368,0.017370955555555543
6.459596688152865,0.008911980440097798,0.009992665036674847,0.004437430540119998,8.921400600000002,8.241733433333323,0.016352088888888915,0.01682288888888887
7.494776703345527,0.007398355007224672,0.010015560742469629,0.0035468489496499845,8.921400600000002,9.144457800000005,0.016372422222222276,0.01872965555555554
6.315239413137716,0.008655551850616823,0.011752584194731837,0.004099699899966638,9.012929200000006,9.75491109999999,0.01998217777777779,0.016923511111111136
6.571466888888912,0.009093000000000018,0.00976944444444467,0.003917888888888715,9.018428141317631,8.391496411509818,0.016939306743695117,0.016921630929896705
7.335183312965206,0.008068325741584281,0.0101398733474059,0.0033324075102765865,10.051236533333313,8.589505044444449,0.019107933333333323,0.015360700000000007
7.1720101111110734,0.008161777777777799,0.01036055555555551,0.003335888888888879,8.220766366666656,10.136237744444449,0.0154356888888889,0.017714566666666674
8.034319964448395,0.006833685146094898,0.008930118875680668,0.0033355182757471295,10.213650344444458,9.181636077777759,0.014938844444444451,0.017710411111111084
6.691109567729799,0.008356595177241898,0.011032892543616162,0.0033378153128125446,8.418568522222232,9.181636077777759,0.0170546888888889,0.01669657777777783
6.639985111111148,0.006952666666666632,0.010237444444444164,0.0028318888888888933,10.012290166666668,9.423467033333345,0.019155366666666656,0.01669657777777783
7.562606734081622,0.007573397044115878,0.01023858206467357,0.0033154794977219163,8.077332377777793,9.423467033333345,0.019155366666666656,0.016481855555555605
7.453686000000037,0.008702222222222193,0.010240555555555711,0.003824999999999869,9.868576655555557,9.1547673111111,0.019992422222222257,0.014575088888888935
7.452857904677296,0.0074446172647484226,0.009532163092989442,0.003271969781135418,7.891217477777768,7.320406188888891,0.018552333333333382,0.016792866666666684
7.012988946125804,0.0074477355655721625,0.011068362309508285,0.004193281820133091,8.30068186465163,9.282213490387832,0.018554394932770352,0.01865390598955442
7.534658366426977,0.00938145325748639,0.011208650853279137,0.004193731887946779,8.682622088888909,9.015764366666671,0.018715088888888905,0.016451066666666663
7.169350391588935,0.008934663662697163,0.00980914065014484,0.004135715052033015,8.682622088888909,8.528352122222215,0.018715088888888905,0.017862277777777765
7.506187614038881,0.010082966620156644,0.01168251583127614,0.004713641730170511,8.520497022222193,8.867982633333334,0.019393477777777755,0.01761987777777779
7.505382056235271,0.009722579952779612,0.0111813693925732,0.003997746297488676,8.520497022222193,8.867982633333334,0.01727763333333331,0.018767466666666573
7.270390427130311,0.009722579952779612,0.01003809830435708,0.004653144451599009,10.68199540846751,10.8230918783542,0.016974585569469364,0.023847883124627257
7.615681188968742,0.0094416782916622,0.011521515184032842,0.004646206674535901,11.805450739327465,12.037208728833761,0.020383997138087317,0.020484092535177658
7.460379802532754,0.009469843314015966,0.011096479931315848,0.003927130285468971,11.303059976147908,10.297002456768043,0.018426368515205665,0.024503613595706613
7.461180530213609,0.009470859718793686,0.011457228721691762,0.003927551787055906,11.303059976147908,12.292676457960674,0.016097567084078685,0.02193387000596299
7.464756600128747,0.009179330328396637,0.011455999141446894,0.003942262288044745,10.495918795468102,10.188086893261797,0.019403172331544444,0.022893834227787697
7.406137065422627,0.008716094635121671,0.010292680217705234,0.003156947684105391,10.635655813953463,11.092699391771006,0.01954429338103756,0.022893834227787697
6.650612982105081,0.007691786150939192,0.011549516505501844,0.0032480826942314104,11.863799618411623,9.954495623658477,0.019541962795134742,0.022245277844025774
6.636144666666648,0.007665555555555494,0.009610666666666707,0.0030913333333333843,9.898997543524933,10.26097070116863,0.019651371333174388,0.021895468638206524
7.7563261135177015,0.007841719426857673,0.009954570698656122,0.003493613240031194,11.58387540846752,11.547230459153255,0.019653714967203386,0.02101929636255217
7.467032444444461,0.007844333333333293,0.01139744444444446,0.0028162222222223067,7.767026911111102,8.87260857777777,0.018839977777777708,0.016132166666666614
6.187601400155625,0.007869985553950604,0.009861429047671668,0.002840093343704877,8.513437604178225,7.740979019891096,0.018821746860762312,0.019262806978553135
6.537035111111032,0.0067113333333333166,0.010129444444444463,0.003049666666666716,8.823450844444437,9.369311266666653,0.01626991111111113,0.015518088888888839
7.762434999999945,0.008550888888888825,0.010605111111111004,0.003049666666666716,10.038119408954545,8.617220219975534,0.018767759137873558,0.016882401955338345
6.495382666666653,0.008399777777777711,0.010605111111111004,0.0035964444444444394,8.90111796666665,8.618177688888863,0.015690122222222165,0.018026166666666676
7.042564111111157,0.007183444444444397,0.010318222222222081,0.004000333333333236,8.930385133333345,8.345219922222233,0.016500077777777733,0.018026166666666676
7.977713222222216,0.00905388888888877,0.01033555555555547,0.003397999999999889,7.784846288888894,9.751933622222225,0.020254799999999983,0.017063666666666664
6.779740502110573,0.00789102421684072,0.011691068651410572,0.003515774272383894,9.69321784642739,9.385436859651078,0.01620571174574947,0.018563718190910114
7.061843392241817,0.007988107146826667,0.010872957652550768,0.0037093475602977895,9.591622375291626,8.186259215642721,0.018315153871792004,0.016207910232196473
6.938073333333301,0.009094444444444369,0.009429777777777797,0.0037081111111110236,9.592688111111102,8.409374744444468,0.018512500000000032,0.021045277777777847
6.938073333333301,0.009009888888888738,0.01137066666666679,0.004246444444444503,9.226723941784243,8.408440473280772,0.015352416398177983,0.017914787245861628
6.8891255555556405,0.009009888888888738,0.00948222222222207,0.003691111111111114,8.77325221111111,8.648103188888905,0.018872077777777725,0.02130601111111114
6.701518777777792,0.008747111111111039,0.009777000000000098,0.004449888888888864,8.757512333333365,9.514678100000014,0.016372144444444424,0.020504988888888853
7.917496612240423,0.007296789958902539,0.00977374208597144,0.0036608908141730493,8.756539384512864,9.513621030996571,0.019885001666481543,0.016607921342073083
6.391194286984576,0.008972546404357042,0.009466711125930869,0.0032593086584417914,8.773603766666668,9.758173611111122,0.019875277777777832,0.019987566666666654
6.392450888888966,0.0070991111111112165,0.009295000000000029,0.003956333333333401,10.277310477777778,8.35145991111113,0.016120555555555582,0.017786755555555533
7.530729495443438,0.008842187152700713,0.00955645699044248,0.003910091131362521,8.369086045994887,8.708956693700694,0.019254005110543263,0.01684477280302191
7.049412735849109,0.00952905231560889,0.009846162092624662,0.0037817324185250236,7.952470874541617,8.710892232470266,0.017144771641293428,0.019538993221469084
7.234319682675811,0.009441788164665675,0.011108276157804554,0.0037817324185250236,9.184151355555553,8.958177577777754,0.01655111111111111,0.014701255555555572
8.348721067295372,0.008162451778825701,0.009231675953707665,0.0033482640377196136,8.776011912434699,8.959173041449024,0.020054683853761482,0.018307456384042672
7.324194575471705,0.009576114922813204,0.011205617495711825,0.0036718481989707727,7.5958587268081095,9.07731293189644,0.018448239084546188,0.01725792689701147
6.707748740486643,0.03726530174723992,0.009950262621931475,0.0034482795583663487,9.716657634408575,9.700070913978484,0.020048580645161292,0.017342247311827978
5.534480965147399,0.03728128686327092,0.011032386058981174,0.0031537801608578393,11.421457070652714,11.417595580169891,0.020135821056027497,0.02066129691364663
5.542587951548937,0.0368493943616678,0.009464787222639161,0.014317718940936931,9.880248059348444,10.628499451671857,0.0193195785399419,0.019895839157079907
4.637908028727543,0.0368493943616678,0.015165398220602349,0.019040411619680602,10.155024967741944,10.629642301075261,0.022248397849462326,0.019897978494623676
3.5426338299924924,0.03668185228856253,0.01497352342158855,0.018546253617751182,11.221467311827956,10.76008160215054,0.01921395698924731,0.02054938709677416
3.5426338299924924,0.036555579376138965,0.01497352342158855,0.019429628041590815,11.457832888936677,10.75892472852382,0.022788012041715988,0.020179819374260752
1.573011333333347,0.03688911111111103,0.014779333333333257,0.02034488888888891,10.265157176647682,11.05001488012042,0.02162806149876356,0.020179819374260752
0.4144698755001831,0.037886282792352025,0.01478590484659841,0.019763005780346975,11.116283087840028,12.412458241049361,0.01824002795398347,0.019534544672615756
0.415572269747749,0.03760882124208415,0.014075324963893123,0.019952338629041246,12.212955801699128,10.490987353478893,0.019656683514356368,0.020327411549628954
0.016932666666636783,0.007333777777777724,0.014598555555555573,0.019427111111111138,10.266429365591414,10.397448569892486,0.02280308602150535,0.020325225806451575
0.016932666666636783,0.009205111111111108,0.014605999999999774,0.02080600000000013,8.743987179202323,8.619935140539939,0.017691667592489697,0.01703289634485057
0.007463718190889604,0.0088456495166131,0.014607623069229688,0.009875875097232974,8.745930503389275,9.092012623624864,0.017524558284253818,0.014445060562284662
0.006677777777844717,0.00884466666666681,0.00885988888888889,0.0049224444444444515,8.614664811111084,9.091002400000018,0.016930011111111143,0.0185555888888889
0.006833351849833023,0.008789578935673796,0.009322186423730526,0.004921897566937014,9.230927377777752,8.50356907777776,0.019244444444444536,0.01708428888888891
0.0068341111111496705,0.008676111111111082,0.00932322222222205,0.0048356666666666825,7.9355283142571125,9.806945571730184,0.017609723302589118,0.017116524058228756
0.0067602488611828914,0.007585712698589092,0.008789801133207431,0.004024886123763968,9.577548772085782,7.980934203800419,0.017472708078675372,0.017116524058228756
0.007930777777801268,0.00829855555555565,0.00879077777777779,0.00463733333333316,7.678337581953551,8.311323624847189,0.017472708078675372,0.01771086787420827
0.006598733192617942,0.007094232692521396,0.009130792310256623,0.0046174019335483,8.410005266666644,8.31040014444443,0.017336311111111127,0.0165652888888889
0.006717333333350932,0.00870088888888887,0.007736333333333395,0.00574966666666674,9.551899744472802,8.835297355849361,0.016775347183646306,0.016563448505721598
0.007596645190012166,0.00844479004665627,0.008061208620306924,0.004369806709620054,8.022455088888863,9.204437477777782,0.01919777777777786,0.017485544444444442
0.006204310632136753,0.007567048105766029,0.009843906232640944,0.004582490834351766,9.921183635151634,7.704266525941534,0.016946983668481345,0.020285357182535317
0.007497610845581348,0.009285365040559981,0.008584731636848532,0.004610178908767647,9.312110311111125,9.444557744444436,0.017423255555555562,0.019255688888888883
0.006922760613490399,0.007772727272727245,0.00802378306290289,0.0046106912647255,8.9188447777778,8.148829466666694,0.016886544444444398,0.01726874444444445
0.008622555555525145,0.008260444444444442,0.009757666666666628,0.004649111111111006,8.917853905121675,8.531590467725817,0.0165975224975003,0.017449194533940598
0.006977333333351352,0.00928055555555554,0.007966999999999934,0.004649111111111006,9.252699355627145,9.814476824797248,0.014809965559382311,0.020566048216864762
0.006809999999960484,0.007588222222222206,0.0094211111111113,0.0052010000000001595,9.253727433333324,8.077205088888896,0.018078933333333387,0.017036744444444474
0.006809999999960484,0.008946222222222152,0.007742777777777753,0.004687222222222213,8.611805077213656,9.956370247750263,0.014836284857238114,0.017380546605932704
0.007451666666687137,0.008765222222222214,0.009561555555555639,0.004282222222222151,8.97360337815315,8.009709667740863,0.01564421602400268,0.019944171574619415
0.008123501199059961,0.007713788968824884,0.008752517985611491,0.005393405275779369,10.236564011111108,8.244153333333335,0.016387388888888837,0.016442855555555594
0.009212204771645005,0.009215561683251411,0.009017503896415301,0.00517479918475001,8.3367331111111,9.645617244444466,0.016387388888888837,0.016852077777777766
0.007819304556446924,0.00847338129496397,0.011008872901678585,0.0044547961630695436,9.201725433333321,8.95801824444445,0.01709007777777779,0.013771866666666658
0.008113429256584821,0.00847338129496397,0.009584292565947299,0.005317146282973604,10.446783250486288,10.930570445212872,0.01953951804625027,0.020557823643829704
0.007104461501606369,0.008489565843127852,0.009247181578316268,0.004381146557927662,10.446783250486288,10.525952852820426,0.017816284849794715,0.02016626323751898
0.008463780283065485,0.008332813624370283,0.011000359798513227,0.005029143679539485,10.291803349902754,10.920487756645787,0.021577825805057283,0.017134622865787794
0.007380861014511767,0.008331814366230893,0.01043566374865074,0.004560139105408274,11.386361458671006,10.91930780118856,0.021534046461372205,0.020325975148568372
0.008871822541991072,0.008859712230215882,0.011635131894484445,0.005172901678657023,11.490577090987685,10.509363475253958,0.021536373460125324,0.022188048411497727
0.007036215373572515,0.0073212615421513515,0.009673581964264218,0.0043880561218372265,10.027941534305787,11.843366709886554,0.0210322096164235,0.019696693679092395
0.007045782864748876,0.008395710634514868,0.010577508612067922,0.004147683075897229,10.297109844391649,11.252291960233409,0.021374821698724882,0.022169429435919596
0.00693231829287479,0.008370860191153464,0.008549677706157017,0.004128806401422506,10.297109844391649,9.889294856278344,0.02311906202723147,0.02241818673006266
0.008275333333282713,0.007341333333333348,0.00860422222222231,0.004127888888888857,9.953205349038274,10.386955640803981,0.019609336503133755,0.02241818673006266
0.007130236692940917,0.008894432714746233,0.01007300811201251,0.004117013001444568,11.864981078452555,10.942697687486474,0.022186751674951356,0.020720531661983996
0.007792356404785214,0.007252416398178015,0.008649705588268037,0.005262637484723895,9.334960499999973,9.783097411111083,0.021596677777777743,0.019322933333333337
0.006533888888851733,0.007877333333333465,0.008317111111110937,0.0046628888888889325,9.253751166666657,8.094398955555544,0.017728977777777762,0.019322933333333337
0.007738999999977144,0.009535333333333304,0.007385000000000099,0.004830777777777703,8.127037044444428,9.94237927777775,0.018761877777777825,0.0186052777777778
0.007388777777729653,0.00768722222222213,0.008031111111111027,0.004939888888888868,8.102038322222226,8.484834977777743,0.018761877777777825,0.017288944444444402
0.007388777777729653,0.009007555555555572,0.00937577777777755,0.005753555555555481,9.33404034444445,8.8800629222222,0.019215166666666724,0.017288944444444402
0.007298155965378656,0.00865585425461016,0.008615529882248254,0.004955343257054011,8.998288655555548,7.83371301111111,0.015699744444444465,0.018215122222222237
0.0064048227581726324,0.007291699077675366,0.01016968552061336,0.005354261584620498,8.998288655555548,9.801182988888893,0.017088033333333336,0.014748055555555585
0.0070405555555529045,0.009287777777777883,0.008267777777777813,0.005353666666666652,9.045268122222222,9.578995788888873,0.01960176666666674,0.018672111111111136
0.008215999999972863,0.0077356666666666355,0.008892333333333528,0.005529222222222272,8.355501855555543,7.997900988888906,0.019470944444444454,0.018888733333333324
0.006788198688747992,0.009771530170018762,0.010079231025669664,0.004728636515168334,9.43246523333334,8.877206944444444,0.0159085666666667,0.015165388888888841
0.008229726727479063,0.009919906687402651,0.008785492112863945,0.005914352366140843,8.969190299999992,10.031588166666666,0.019017155555555575,0.017761555555555537
0.007025663815202516,0.008263192978557954,0.010348072436396103,0.005017331407621402,10.229447477777772,8.18360784444446,0.017984877777777734,0.015195533333333296
0.007432333333377352,0.009185444444444555,0.009759333333333429,0.005123333333333394,8.926362844444423,9.277671522222269,0.020156777777777777,0.016552966666666665
0.007432333333377352,0.007865111111111113,0.01019188888888915,0.004872000000000062,9.128164722222216,9.037179855555577,0.016720633333333353,0.019617011111111127
0.008052906524333664,0.008992775369567533,0.009340113371123884,0.0048736245415139,7.9243080888888935,10.070665433333362,0.020360133333333346,0.01615049999999997
0.008050222222158886,0.01057588888888894,0.00922599999999976,0.004984666666666687,9.586156617401938,9.095964229358831,0.017180286698522094,0.01799319924436048
0.007653333333312024,0.00974377777777787,0.00922599999999976,0.0052661111111110956,9.056799177777743,7.753598700000005,0.01866148888888886,0.017716666666666603
0.006477888888892065,0.00974377777777787,0.009151444444444145,0.004882333333333359,9.107864100000011,9.49826042222222,0.016142155555555576,0.015464544444444426
0.009211842667855132,0.00873364685763161,0.008957460453185032,0.004905194527575835,8.031793143682622,8.681590321146762,0.020112368040893457,0.019307978664296076
0.007823516835887685,0.008547407803313827,0.010726777124532103,0.0048337787279530186,8.40484915555556,8.520131222222233,0.01700154444444449,0.016709666666666685
0.008912987707051073,0.00966499198289697,0.010496739711384177,0.004833778727953018,10.397482257548322,10.08253387389307,0.020345833777872607,0.02139770617731784
0.0086950293959909,0.008778621058257649,0.010795831106359968,0.0047570283270977655,10.397482257548322,10.529787570681705,0.020137746719300062,0.019934642056972176
0.0086950293959909,0.010307749866381671,0.009086050240512806,0.004216034206306794,10.762369657526959,10.088265891390161,0.0235785234183292,0.01699253174010456
0.007614068847604133,0.008013042548642478,0.011073765234124214,0.0049533889245242544,10.762369657526959,10.831577392510388,0.020083857889683098,0.02003414061666489
0.008930846515597257,0.008007588713125024,0.009686083796494311,0.00463681060282165,10.906394602090886,9.878232547471725,0.023620364838916084,0.0220928525709409
0.007408595253379522,0.007939918751336166,0.011133632670515455,0.005031537310241598,9.874238866958311,10.99513506881467,0.019785095487037167,0.018590920729755742
0.008710025651978889,0.009107310816588065,0.009190359127832498,0.005182342881573182,10.066187197268787,10.877698538354867,0.022504182225541406,0.022096191187453387
0.008083823372190959,0.007791831497914926,0.009334651983320768,0.0051840051320430555,11.63704464476214,10.825857339449593,0.022255045871559607,0.021179176445487526
0.006905423427442289,0.00867259390975782,0.009063680817959724,0.004537675038897499,11.128417209004603,10.959636690493975,0.022257420249653232,0.021181436039688473
0.0071697966440983155,0.008709745527280608,0.007739859984442754,0.00535315035003892,11.129604620145129,10.96080609261631,0.02175038412291933,0.021618939393939475
0.0069966662962894725,0.008709745527280608,0.008322258028670069,0.004649961106789682,9.824989599999968,9.616930544444466,0.017009422222222237,0.017002533333333385
0.0069966662962894725,0.008928214246027076,0.010030225580620371,0.005263473719302171,8.011175744444422,8.549046866666668,0.01650555555555554,0.020024988888888904
0.00748322222221355,0.01016422222222207,0.00796422222222246,0.004915333333333334,9.411008511111081,8.12251944444443,0.018812066666666696,0.016857322222222238
0.00681977777781463,0.00858200000000014,0.009719000000000083,0.004100333333333398,8.769335573825108,10.014414231752012,0.015124686145983845,0.01578989001222081
0.0076670369959449675,0.009079435618264776,0.009383624041772969,0.004267970225530473,8.769335573825108,8.852448994556148,0.019281335407177053,0.01803462948561269
0.007378819868916569,0.007865985109456805,0.01061929103233676,0.0035313923769307947,9.029795077777763,9.100481100000007,0.019017144444444467,0.014386088888888865
0.006430333333304993,0.009746222222222262,0.00912511111111098,0.004344888888888892,8.928728355555538,8.01869654444445,0.015306155555555553,0.014158899999999988
0.0079514498388506,0.00886512609710001,0.009439728919008879,0.003519942228641178,9.182585355555565,8.64168232222221,0.017823111111111064,0.016426966666666678
0.0065547777777384105,0.00891655555555578,0.01108511111111099,0.0035758888888888724,9.182585355555565,8.64168232222221,0.0168686,0.015809655555555545
0.007409000000027138,0.00891655555555578,0.009022999999999904,0.004102111111111029,8.359055544444441,8.814408433333345,0.01914286666666666,0.015809655555555545
0.00850188888893576,0.008733555555555562,0.008901666666666586,0.004739666666666685,9.526467933333317,10.123402855555545,0.016063355555555568,0.015866200000000028
0.007127444444449794,0.008575111111111275,0.010139444444444479,0.004321333333333399,8.126635166666658,8.742327066666677,0.017717233333333367,0.01833512222222221
0.007604733859332804,0.008576064007112064,0.00838559839982239,0.005092565840648983,8.880566318479865,8.503860451161234,0.01771920213357043,0.01812219135459502
0.006755027219194194,0.008665370514387278,0.009251972003111043,0.005298855682702026,10.588384333333359,9.641593422222224,0.016032111111111087,0.015875188888888923
0.007356143079282699,0.009700844256831636,0.008017773828038487,0.005298267051766378,8.801966733333334,7.772186822222182,0.01736181111111114,0.01902331111111116
0.008489609956678947,0.009095677297477648,0.009808312034670892,0.0053748194243804824,9.210290866666654,9.41915846666664,0.019538122222222263,0.016361877777777808
0.007923666666708112,0.009094888888888875,0.009268333333333583,0.006113333333333415,7.840603033333303,9.101918177777799,0.017021166666666754,0.01731695555555551
0.008901111111097433,0.00879888888888895,0.009329777777777635,0.005241888888888843,9.424172611111128,9.101918177777799,0.018536744444444482,0.014625755555555515
0.007853888888853867,0.00879888888888895,0.009329777777777635,0.005615222222222253,9.552867270303297,9.12871736473725,0.019066959226752573,0.018754116209310067
0.007826019331104894,0.008795911565381603,0.009201977558048908,0.004363737362515219,9.685285588888917,7.820737244444464,0.019069077777777766,0.015677199999999985
0.008914050822084655,0.00901601537475953,0.009792333973948015,0.0059163997437539735,9.685285588888917,9.468599166666676,0.019135199999999984,0.016707722222222228
0.007778406663787752,0.009017941050832737,0.011143421614694265,0.005176954293037175,10.40609869367212,11.081868384467915,0.024291167305848536,0.017532538350910783
0.009139271600941783,0.009260066218092378,0.009187226316351356,0.004991242123251061,9.971984719558963,9.85366840843723,0.02409144295302018,0.020931495685522498
0.009019333475774645,0.009403225806451546,0.010937406537064605,0.005511749626148236,11.827275107861963,11.785330488974148,0.019890064717162047,0.017535870086289502
0.007930478427995647,0.008177915420760127,0.009216894489534166,0.005294959419051785,9.729887691754604,11.339023729626087,0.02092550335570468,0.021838842281879153
0.007801772936046027,0.008475168215315724,0.009548862544056047,0.005135640286233085,11.761285642377809,9.788235366730571,0.02092550335570468,0.02098434803451587
0.007664922584088061,0.00841206620395059,0.009146182594767932,0.00513454351308066,11.34540576462125,11.360115520134174,0.020634947267497636,0.023205548897411308
0.00685316104226347,0.008412964545065921,0.010399935924818747,0.005348782571550652,10.024871616924369,10.77451935754527,0.02158658755843231,0.018752618962004034
0.007163284921038944,0.008339171294318779,0.010187206322084728,0.00534878257155065,10.022473370086251,10.77322806807289,0.02158400047938648,0.022670505752636547
0.007883584321297803,0.008340061945957603,0.01018829435010161,0.005278329595215083,10.022473370086251,10.680410234899337,0.020438638542665404,0.021871057046979833
0.008139444444471641,0.008910222222222252,0.008622111111111429,0.005357666666666619,9.232966807423042,9.073727780864514,0.015565207245249447,0.018025447271919088
0.006725302811460755,0.0076482942549170865,0.008623069229914753,0.0044857206356261605,9.23512061340153,9.073727780864514,0.01659726636292919,0.017700877875319484
0.006783222222212418,0.007867111111111392,0.0090590000000002,0.004786111111111108,7.514034155555572,9.118768933333298,0.01847057777777771,0.01996115555555553
0.006783222222212418,0.007867111111111392,0.00987988888888896,0.004778888888888963,9.309347066666653,8.905988111111078,0.01753371111111108,0.015971822222222192
0.007228777777729394,0.008338111111111208,0.00855977777777797,0.005214777777777692,7.426015455555539,8.905988111111078,0.020011788888888847,0.01647949999999997
0.0077628625403655515,0.008913212579175576,0.009258584287142844,0.005959106567396323,8.179060288888897,8.9410357666667,0.016522522222222145,0.015962177777777767
0.007761137651455348,0.008911232085323963,0.009361959782246475,0.004836018220197698,8.178151605377188,9.279775713809514,0.016220053327408005,0.01757561382068652
0.007343260362192371,0.008686631847983232,0.008125569507723243,0.005220357817535204,8.8287446555556,9.280806799999937,0.018509077777777713,0.01712492222222225
0.008269029892241021,0.008686631847983232,0.009851761306811901,0.005024002666963009,10.449666500000035,9.307691533333292,0.018349033333333264,0.01613452222222224
0.006879026882911997,0.008430348811375374,0.009780048878027043,0.004319484558986833,9.627486101544257,7.676925797133636,0.018346994778357894,0.016132729696700383
0.008306444444416331,0.007761777777777942,0.009782222222222163,0.005136444444444364,8.320069399999966,9.369282211111125,0.017459422222222225,0.016670099999999962
0.006706888888907594,0.008002666666666554,0.009574111111111073,0.004294666666666558,10.062171577777741,8.587977911111125,0.01795062222222224,0.01697702222222223
0.008261999999983043,0.009238999999999702,0.008753222222222313,0.004729555555555444,8.265940228863453,7.566722297522522,0.018978613487390328,0.016975136095989343
0.00807322222226503,0.00836666666666651,0.010587111111111054,0.004386000000000026,10.181210698811238,9.510929163426313,0.018993667370292212,0.0172077102544162
0.006701732948223793,0.006900577649411146,0.008598533659186997,0.004338480337702665,9.602416933333366,8.019630722222221,0.0189957777777778,0.01898788888888893
0.008245194978295744,0.00871280968781267,0.00928263526274841,0.004338962337517987,9.60348398710971,8.080636192910376,0.018794554950550067,0.017374430492277017
0.007276302633085096,0.007393400733251964,0.009282635262748409,0.004731363181868797,9.021850888888885,9.231930166666682,0.016505244444444456,0.016949511111111145
0.006887777777794529,0.008868222222222106,0.009521111111111067,0.005130222222222258,8.711939544444439,9.320987188888921,0.016662166666666707,0.017975455555555575
0.0068893087352912595,0.007225161146921471,0.007939542120471111,0.00559302067126029,7.706496533333331,9.320987188888921,0.020983322222222274,0.017975455555555575
0.006899222222273239,0.008983111111111065,0.009727666666666579,0.004775777777777811,9.512643833333339,9.539731577777768,0.018554166666666674,0.017911355555555626
0.00828977777776648,0.0073379999999999435,0.009421999999999918,0.005468000000000078,7.770541655555563,9.505705911111136,0.018774066666666714,0.019264622222222288
0.00673466666669103,0.007970555555555592,0.009421999999999918,0.00437600000000001,11.817764564404097,11.430903548904327,0.01821734901122396,0.021668412613575674
0.007486741519309813,0.009090539894887641,0.00974390826564762,0.005475633062589629,9.976035706649595,11.073802362625614,0.019220697028009468,0.02193562112465255
0.00863576633616848,0.00909162585115271,0.011564448691912654,0.005401027356349437,9.871369548952513,11.071435153911926,0.021943565626336054,0.021743266353142377
0.006977777777818037,0.009002150537634195,0.009316248506571163,0.005401672640382454,11.562065943345761,10.866103345804348,0.018884179583110648,0.021745590593265644
0.00832417582420739,0.008999999999999784,0.011464524605828752,0.005470974677496341,11.327305429670783,10.993704093629756,0.021881092347156884,0.02220864685763149
0.008399259524597132,0.009124567060790586,0.009352681237310203,0.004304789203391903,10.066179467721241,9.379792047883697,0.019032268063274866,0.019521141513467316
0.009566770186285087,0.010510869565217563,0.011012064022933796,0.005016364070711931,11.229568209513637,10.766852485301996,0.019003345804382683,0.022300630678781408
0.008021619684603106,0.009688963210702521,0.010849259436216006,0.005016364070711931,11.155420585720398,10.606127565198815,0.02148903377511757,0.01912558785805898
0.008055303392304924,0.009688963210702521,0.009969302436693537,0.005028189202102341,11.155420585720398,9.623414568191517,0.021105408294142796,0.018918587002992725
0.008054341335289242,0.009412874716350324,0.00996811178788944,0.005831362713483821,10.679583805451625,10.741949930518395,0.023573981827899472,0.02217300908605023
0.0076497055883168255,0.008716920342184287,0.00975847128096871,0.004041995333851759,9.980809987779097,8.3267100544384,0.01757660259971107,0.016340784357293647
0.006583398155354502,0.008718857650850181,0.009444271585731771,0.004204578286476239,8.71835451716857,9.580399677741996,0.018155550616735194,0.01697546394043783
0.008163426285932586,0.008250416620375617,0.0094421730918787,0.0050161093211864875,8.906044472836346,7.993600777691403,0.018151516498166875,0.01985223864015116
0.008146777777761195,0.009227222222222053,0.009230888888888938,0.0045023333333333365,7.783017922222207,8.666881766666696,0.01896828888888892,0.016611888888888947
0.006791865762895981,0.007637181909100911,0.00923191465718418,0.005613845982886936,9.051360573397032,8.667844860540088,0.018970396710745668,0.01925622846982995
0.006971444444489963,0.008164777777777726,0.009597444444444313,0.0044902222222222106,9.115324977777744,8.9129576333333,0.01700003333333333,0.018131833333333337
0.006970669925609339,0.008244639484501413,0.009465392734140465,0.004881346517053624,8.839314785603158,8.2003866251944,0.01441070873139302,0.02049201288602528
0.0072372222222030465,0.009308888888888589,0.008542333333333357,0.005404999999999858,8.842261551283434,9.960612668074209,0.015674152683631502,0.019348538726525148
0.00836577777772618,0.007695777777777598,0.009984444444444624,0.004657222222222165,9.0814027,9.888927688888899,0.015546055555555674,0.015965699999999985
0.006900544504880913,0.00728358706522949,0.008023558173130267,0.005649627736415173,7.472303255555568,8.778863722222203,0.01767502222222232,0.018473644444444427
0.008435840462104235,0.008418953449616786,0.00913042995222759,0.00560193311854242,9.146021699999993,8.804294033333312,0.01690571111111113,0.01678101111111109
0.008173241471319806,0.008555172796977449,0.010731525725080493,0.0047905322813646435,8.200023502611444,9.702730836759637,0.01690758973219248,0.013901689076563984
0.006935888888923122,0.007578333333333613,0.008942222222222383,0.006402777777777758,8.612567600000034,7.743212711111116,0.014724022222222195,0.015508188888888757
0.007987668036863462,0.009012443061882357,0.011428507943561919,0.027134985001666462,7.4222004111111355,7.919271655555551,0.03404216666666666,0.03273261111111112
0.00672236418171007,0.007195644928341386,0.009519608932340743,0.027134985001666462,6.14907080000003,6.2324657222222495,0.03172144444444442,0.030967911111111107
0.00800855650625942,0.007433603733748457,0.009819868874319385,0.0328458717635294,4.694744032007167,5.201156090242251,0.03369104245387863,0.03068981995999114
0.007088333333336374,0.006369444444444699,0.039804444444444684,0.03963411111111113,4.694112431952045,3.443289667814706,0.03084382846350407,0.029192289745583803
0.005960440048929787,0.007571507945327552,0.03836659628847658,0.03963851539059897,3.16429905576539,2.3521417018440527,0.029103499222394934,0.02918904687847142
0.007507832463075167,0.007891234307299115,0.04062615264970564,0.04059437840239969,3.1654654965563243,2.3532434236836397,0.02766333037102862,0.02775363252610528
0.005972330258935736,0.007666629625514112,0.03919802200244435,0.040233692632514625,1.4921189069095977,1.0763969117973733,0.025023405909797836,0.025690590979782255
0.006249777777763181,0.006270555555555606,0.03759477777777755,0.04257755555555558,0.4943988445728068,0.18044351738693284,0.025857093656260394,0.026689290078880115
0.007155555555477299,0.007524333333333368,0.03928500000000036,0.044801333333333325,0.14041160637383515,0.1767389427217735,0.043585777347114545,0.026776216623600368
0.007214224872271326,0.006622231686541752,0.037081878194207725,0.02321720613287893,0.06584268791732045,0.006839091104867273,0.02487200086151193,0.008145261684255858
0.00815300255539613,0.008168654173764707,0.037081878194207725,0.02321720613287893,0.0670748492678849,0.006837618432364071,0.025941096037898327,0.008143507751937973
0.00692132439050615,0.009418822527413863,0.04083200255509443,0.02163227935696791,0.06720786129655787,0.0068190932586988705,0.02404500323066978,0.007084266637949628
0.04023954008299266,0.009418822527413863,0.01321665069732792,0.01394953688917285,0.06713338718362351,0.006653408723764616,0.02452972536348943,0.00604826063543353
0.040230973922251195,0.04027876530069157,0.013213837147418958,0.02357285790314002,0.06714061826798193,0.007445142180093164,0.024594538991813852,0.007272231796639428
0.09112083466409,0.038935058021931236,0.01574821675715945,0.021703183221547996,0.06698329383885945,0.006376884963380546,0.023927121930202452,0.00623281990521332
0.09195315660596617,0.0391522410305544,0.014744384115831092,0.024129777493878648,0.06752033606202164,0.007202498922853523,0.024904696251615614,0.011428360620422236
0.09041494570997269,0.039148073238236894,0.01637800723866298,0.02815616350862241,0.06650001076772588,0.0777896198987909,0.025447937977818486,0.03018503284160651
0.09052832197619622,0.03945315161839852,0.01476181856899433,0.024172380749574066,0.04998631420262241,0.07788788629268627,0.01748698180251974,0.03018503284160652
0.0919734937194112,0.039800191611666945,0.02131796891632931,0.03025207579305943,0.006265826019310948,0.07934272858571458,0.006171525386068233,0.028872836351516516
0.09358426841458331,0.039924341739806836,0.021480057771358876,0.030299855571603355,0.005582231359025898,0.07936036226247548,0.010184109345482884,0.02964549394377158
0.16849489002444032,0.060482226171961986,0.015755387691623948,0.030859253499222517,0.06981871111109841,0.07883709999997437,0.010182977777777831,0.02922361111111106
0.1329761137651984,0.06933362959671167,0.015944783912898317,0.03086268192423077,0.06896976666665625,0.07903908888886235,0.026127544444444428,0.02922361111111106
0.1343231829296223,0.035931651478106515,0.01711213603022844,0.022236719270948974,0.07248116666666092,0.07822311111110342,0.026166877777777785,0.029055455555555422
0.07965018335378084,0.037380042226914253,0.01219924436048429,0.05779997777530835,0.0724356999999903,0.07929759999999281,0.026166877777777785,0.029055455555555422
0.09419875569385242,0.06531240973225225,0.021527052549716597,0.054882235307187895,0.0832323297411871,0.0792493834018494,0.034886334851683166,0.02461830907676923
0.21762255555555993,0.06662288888888905,0.020860000000000573,0.07272455555555545,0.08325082786981056,0.005749627736392899,0.05006968552061335,0.010925869541060139
0.3461581111111324,0.06554622222222209,0.020860000000000573,0.07272455555555545,0.2487234777778061,0.004901666666632486,0.050064122222222174,0.02995363333333338
0.5301491111111116,0.0648269999999999,0.015085555555555649,0.06702166666666662,0.24813185909546892,0.12500431159017053,0.04993994888320923,0.02904190465607289
0.6185320591176859,0.07158784309367702,0.014814868318702098,0.0672593621513503,0.5320385153905662,0.2989587509723398,0.04577864207134124,0.029212690298922043
0.5435860651183141,0.048400600066674,0.02307134126014014,0.08453172574730497,0.6309582111111165,0.29831311111113085,0.04577355555555554,0.029745100000000007
0.5446121791309939,0.058585398377597526,0.02171907989776653,0.08453172574730496,0.6309582111111165,0.6288961444444617,0.044729100000000105,0.029745100000000007
0.5442615264969962,0.05962826352627486,0.021744583935118432,0.1100716587045884,0.6814212690298934,0.7053394377153049,0.04540857873097007,0.04106517390821213
0.5442615264969962,0.05899122319742247,0.09723141873125213,0.0886165981557604,0.6813726525169503,0.7042648294254944,0.04540857873097007,0.04797274141571289
0.529605999999957,0.029916555555555394,0.21473133333333375,0.08862644444444435,0.6699370777777429,0.7045141888889046,0.036637622222222235,0.04770844444444447
0.40704677777779985,0.029384777777777694,0.21369399999999988,0.07634155555555586,0.6711671185686879,0.7047056339593126,0.020066074008223148,0.04105482831425715
0.2775072222221853,0.028898000000000066,0.3303825555555551,0.07634155555555586,0.5045095523714008,0.7051379651227544,0.022924203043429917,0.022812073753193378
0.12047755555552916,0.04750133333333335,0.3310831111111112,0.10959733333333334,0.5057222864125974,0.5843335518275901,0.02324039551160985,0.023915909343406296
0.2139913333333728,0.04074844444444439,0.3313637777777774,0.1093671111111109,0.22211833129655462,0.4115666925897098,0.03000827685812686,0.022979091212087573
0.2139913333333728,0.041844333333333206,0.3239396666666663,0.09715722222222252,0.0616950661184646,0.4147036781864823,0.030014946105122772,0.022491054561617985
0.41155199999997827,0.023761999999999815,0.3239396666666663,0.0975784444444447,0.5173404457831379,0.5463524337349427,0.03602359036144567,0.053604746987951875
0.41047922222221844,0.022705999999999844,0.3238480000000005,0.07060244444444466,0.45889602409639024,0.46487437349400984,0.035502060240963876,0.040953216867469916
0.41470830092233263,0.022842982553616952,0.24977075230581164,0.05716324036004001,0.4601448969755511,0.46606262200264553,0.03642260513314865,0.03346794794553573
0.41694488888889386,0.02363788888888902,0.12292233333333277,0.05758888888888889,0.4602003494818147,0.46488248975656554,0.03604587852494581,0.0334982525909858
0.4161370152238898,0.022868985442827144,0.1242428047560837,0.045488943215912646,0.461144692131578,0.466712640077163,0.036041535124713864,0.034495324737920253
0.46804422222218517,0.024076000000000087,0.008514444444444614,0.0461308888888886,0.4629152399324564,0.46618484446588776,0.033803785869303264,0.03364977091873645
0.44723677777781434,0.004999444444444458,0.007808666666666082,0.012226777777777661,0.46149821643766287,0.46743114003375763,0.033331465413352614,0.03314772234273319
0.26540877777774263,0.00610022222222205,0.00666955555555562,0.012941444444444353,0.8177029284164912,0.7890743191130217,0.03286026753434567,0.03373581585924317
0.2694878888888626,0.005659888888888847,0.00773633333333379,0.018885222222222196,0.887886661043507,0.785676840583164,0.032856307988914375,0.041889613206410395
0.07264881679810731,0.004712365292745178,0.007735473836240875,0.01846194867236975,0.40331551111112024,0.39356024444445364,0.016325044444444492,0.01420765555555549
0.07265688888886265,0.005912444444444671,0.011013666666666528,0.024246666666666528,0.4043872985887622,0.39237979775530085,0.015329858873208148,0.014187131903544833
0.10704822222224822,0.00496288888888922,0.010628444444445034,0.02358788888888894,0.4029947561381725,0.3924942339740013,0.015082390845461651,0.014860737695811461
0.10521469052124312,0.011491276808534305,0.010629625513946582,0.02469418824313808,0.40392446666663145,0.3935312222222365,0.015425200000000017,0.014172055555555478
0.10581688888891627,0.012031666666666515,0.1190526666666669,0.04287300000000016,0.4018470777777642,0.39116137777777266,0.015425200000000017,0.014329377777777813
0.053857460282231366,0.010820908787912384,0.11806554827241426,0.04222130874347317,0.4016773666667051,0.39205417777775947,0.015772099999999907,0.01527225555555557
0.12887620846764686,0.03214679408823204,0.13308723191465774,0.05545216135126153,0.4016773666667051,0.394626888888878,0.020866922222222195,0.014621300000000023
0.12884757249198472,0.037224086212643386,0.13445417175869367,0.055922675258304716,0.07562378888888412,0.09692282222224297,0.01357397777777774,0.03464278888888891
0.24168733333337716,0.03657266666666696,0.13257088888888863,0.039917333333333166,0.008019922222198755,0.2982244444444859,0.027390255555555548,0.026511244444444467
0.241085453939366,0.03825669518835427,0.13418157573063627,0.04144004889432154,0.033940184423924526,0.28920467725805415,0.027112298633485167,0.026985512720808805
0.241085453939366,0.03705700633403683,0.12980331147905272,0.042140237804200474,0.03292075786193531,0.2892689521057612,0.02711832425825091,0.030144327147460737
0.20348022222222226,0.03846211111111113,0.20261699999999966,0.05340644444444465,0.3278029447716483,0.2891022446938634,0.034315368374263716,0.03104196021780208
0.2034705032773306,0.03213409621153188,0.2025944895011662,0.05186512609710063,0.3268815888888968,0.28881896666664236,0.03335596666666659,0.031038511111111212
0.20285668259078693,0.03159248972336408,0.15432374180646616,0.03409310076658133,0.32774719475616004,0.28878687923561613,0.034180124430618714,0.03098057993556265
0.2200824536059381,0.045210578953217256,0.15528047560840066,0.08408834314923871,0.3265778555555446,0.2886686666666694,0.03375235555555555,0.030859999999999926
0.13737711111106263,0.03606555555555562,0.14051211111111114,0.07085899999999987,0.327823955555535,0.2847396777777678,0.042465511111111104,0.04254911111111109
1.2715896210689328,0.02988309812201348,0.1401786865207246,0.07025025002778089,1.4859726555555428,0.286163222222222,0.051738722222222214,0.021985399999999995
2.3952456666665967,0.03127477777777759,0.14161255555555544,0.0710222222222221,1.484986511111111,1.07334714444442,0.03792244444444441,0.0433707
3.266284984451367,0.03054853398489587,0.1399545757441138,0.06947323411816946,2.829378350744622,1.9807420204489887,0.035906179150922445,0.04037469437652814
3.267373625152773,0.03139695589378989,0.14193645150538878,0.063711365403844,4.054546572603064,3.085826785912682,0.03589421175424955,0.039096544828352446
4.543119653371806,0.02998789023441841,0.0681115431618712,0.05277469170092198,5.176140111111118,3.0850906555555566,0.03326742222222231,0.040718133333333295
5.705189132125819,0.03057917546394054,0.07010990110012208,0.05332014668296451,6.56330734269483,6.140016496945037,0.03885697288026589,0.04421161968056596
5.705189132125819,0.031541393488165224,0.008648294254916615,0.05334326036226268,8.277916541595205,7.2452089729845754,0.03806229631217847,0.04322646869639798
6.7109631111110915,0.01792833333333298,0.009426444444444194,0.003355222222222349,8.275255117350772,8.284954806558773,0.04007946629514529,0.045621133854892366
6.7109631111110915,0.006799444444444211,0.008116999999999387,0.0038135555555555024,9.97455271733307,9.555737174402413,0.02624135491478194,0.03435403580233682
7.015749583379705,0.008162759693367393,0.00912954116209304,0.0035020553271857507,9.813937045771272,9.554363833208278,0.020740626004930894,0.037570704255547205
6.784562000000026,0.006768666666666769,0.00875344444444437,0.0036885555555556952,9.812885176848896,10.137588595927134,0.024381468381564922,0.01982689174705253
7.119016118274832,0.007325589150733683,0.008757336594041721,0.003690195642507921,10.139471679708425,10.112463018544352,0.021541976632007763,0.019829017043627408
7.113480950794223,0.006481839386871027,0.0088223925358214,0.004007330889703413,8.956469503698129,9.975520441633611,0.02456802443991853,0.019446403687426252
7.2604681111111455,0.007985666666666447,0.010542555555555094,0.004210555555555434,9.379131039657011,9.97445125401929,0.01958184351554121,0.019197041800643105
6.9024190645484405,0.006400288856793618,0.008558604599488909,0.0036764803910676485,10.490584916380811,10.02849450042884,0.021323788593481996,0.022380435248713554
6.903186000000056,0.00683133333333351,0.010720888888888978,0.00369266666666669,7.468545933333341,9.073214200000015,0.01668324444444442,0.01808641111111109
7.373880830741965,0.007743558418481043,0.00901543758329651,0.004092625499777611,9.266952555555552,7.9920712555555795,0.01845206666666662,0.017628333333333333
7.376338517942523,0.008015109432285474,0.01086423730696655,0.00413631818686835,7.506129033333322,7.8336562111111085,0.0215715888888888,0.019723766666666618
7.4226866318479905,0.006652516946327317,0.010388820980108696,0.003867318590954846,8.342987690256594,7.83278590156649,0.019723152983001837,0.01638769025663814
6.413127111111155,0.008267888888888643,0.009315333333333342,0.0033431111111110255,9.399252628069773,8.144295566174016,0.015950472274697088,0.016966951883542573
6.6471174313965085,0.007597378069103236,0.010802799688923712,0.0033427396955892936,8.975306888123558,8.627921519831126,0.018541150983224005,0.02067083657371399
6.650811916407289,0.008661182747887764,0.010256336149399185,0.0030830369052912234,8.97630414444446,7.6649609666666905,0.018884255555555497,0.021239000000000022
6.139475052783682,0.007156461829092137,0.009443493721525021,0.004008112012445965,8.920398299811106,9.319569941104543,0.018886354039337642,0.01830576730747855
5.334957333333276,0.013854555555555396,0.009442444444444852,0.004007666666666804,7.769531199999986,7.493176611111077,0.018291899999999993,0.017017833333333288
5.334957333333276,0.012462111111110927,0.009228333333333517,0.0045805555555552425,9.344800566666626,7.860608122222239,0.018291899999999993,0.017017833333333288
3.83993763895057,0.013156069364161629,0.01033648288128066,0.00474977767896858,8.965502578064216,9.220615790643397,0.01720068896544061,0.018032003555950613
3.8394528888888497,0.011828999999999942,0.008485888888888522,0.00424699999999984,10.129316277777788,9.495409633333326,0.014079255555555609,0.01911032222222226
2.3560208865681225,0.013281746472614072,0.009303188534607697,0.005047550272191887,9.325281542393618,9.496464796088446,0.01657583064784979,0.021402366929658852
2.3562826666666297,0.012642888888889007,0.009304222222222653,0.005577000000000018,8.269951822222211,9.048212155555538,0.016573988888888922,0.017829377777777784
0.917908444444442,0.011791777777777748,0.009514444444444653,0.005577000000000018,8.82233568174241,8.611702666962971,0.017529292143571518,0.017048516501833522
0.9189486723697177,0.012601710921008664,0.010296411509832962,0.005339295633818695,9.85513541111109,8.610745811111087,0.014049633333333374,0.01616552222222228
0.006613487390264735,0.012601710921008664,0.009388623486279538,0.004987445839351275,8.05617755555554,8.475660755555623,0.017727666666666697,0.01616552222222228
0.00758311111116604,0.008198222222222601,0.011103333333333392,0.004988000000000091,9.632646850349946,9.721833707365876,0.017375413842906338,0.017743928452394222
0.00758311111116604,0.008996444444444683,0.009156111111111266,0.004812777777778147,8.05844777777779,9.266430999999987,0.018951055555555568,0.020672111111111165
0.008014000000002852,0.008564888888888808,0.009910444444444347,0.004861222222222258,8.278063055555537,7.907447844444455,0.01835107777777778,0.016802022222222244
0.008207666666647937,0.008564888888888808,0.009910444444444347,0.004861222222222258,10.070373405172399,9.126118469827585,0.023521142241379314,0.01924446120689648
0.007036888888857599,0.00824611111111098,0.009272333333332957,0.004797333333333222,9.754917974137959,10.48060561422414,0.019428577586206926,0.01949092672413797
0.008065340593401077,0.007271141237915183,0.010854206022891137,0.005487387487498648,9.75386691089325,9.066886779441873,0.0315243400495636,0.022783169917034832
0.007858999999977339,0.008772222222222108,0.01072155555555554,0.007496999999999964,7.9754139008620575,9.491752122844833,0.02808691810344826,0.01994857758620695
0.007688187576366012,0.008376041782420502,0.008484276030669842,0.006979108789865244,6.973721379310368,9.492849579741417,0.02954818965517245,0.0219038038793104
0.008525280586696793,0.009315923991554563,0.016178686520723802,0.006995555061673547,6.973721379310368,8.02017762931034,0.026885150862069027,0.0219038038793104
0.0065714444443882615,0.007020888888888522,0.014463222222221678,0.00925544444444447,5.445406153680374,6.812244034917556,0.024511024894924058,0.019362064877680787
0.007403555555558544,0.007052555555555371,0.048381444444444026,0.008411333333333302,5.44481936422416,5.606368200431041,0.024118868534482755,0.01760345905172414
0.006928222222288443,0.006928444444444577,0.046523555555555485,0.009156888888889055,3.8576744935344958,5.606368200431041,0.021324924568965505,0.01827690732758624
0.0064473333334010225,0.007720777777778034,0.04794244444444473,0.009156888888889055,2.417301605776492,4.241974846427413,0.02239855587886627,0.01570114236447902
0.007308256472947077,0.006586065118346814,0.058393710412268394,0.009723747083009127,0.006191388888876443,1.4506698222222543,0.0179846333333333,0.01086457777777773
0.006279191200950212,0.007807910232196742,0.05771569825574973,0.00905688256860373,0.0073122680297601755,1.4508310256695507,0.006694788309812218,0.008489387709745517
0.006359444444468763,0.0074656666666667905,0.05615466666666673,0.007047666666666983,0.005556544444453317,0.0060462555555507915,0.006694044444444461,0.008488444444444434
0.006509777777763601,0.00599233333333318,0.0684787777777779,0.008000555555555641,0.005556727030316605,0.005802777469165777,0.0061203532940784485,0.0055728919008998035
0.006545939340117591,0.006584490612154424,0.06155027219197892,0.006874347294744812,0.006330307743562677,0.005802777469165777,0.0060481613154093825,0.0055728919008998035
0.006547394154950375,0.006585953994888537,0.06156395155017248,0.006133903767085033,0.006199522222219559,0.005811288888922819,0.006048833333333318,0.005698599999999986
0.007125430507717168,0.007404621708699227,0.041165203866237114,0.0070537718031328835,0.006199522222219559,0.004914344444462889,0.005885788888888861,0.0055110333333332736
