dockerfiles-laptop-clientapp-0-1,dockerfiles-laptop-clientapp-1-1,dockerfiles-laptop-supernode-0-1,dockerfiles-laptop-supernode-1-1,dockerfiles-serverapp-1,dockerfiles-superlink-1,dockerfiles-desktop-clientapp-0-1,dockerfiles-desktop-clientapp-1-1,dockerfiles-desktop-clientapp-2-1,dockerfiles-desktop-supernode-0-1,dockerfiles-desktop-supernode-1-1,dockerfiles-desktop-supernode-2-1
0,0,4096,4096,4096,4096,0,4096,0,4096,4096,4096
0,0,4096,4096,4096,4096,0,4096,0,4096,4096,4096
0,0,4096,4096,4096,4096,0,4096,0,4096,4096,4096
0,0,4096,4096,4096,4096,0,4096,0,4096,4096,4096
0,0,4096,4096,122880,4096,0,4096,0,4096,4096,4096
0,0,4096,4096,151552,114688,0,4096,0,4096,4096,4096
0,0,4096,4096,151552,114688,0,4096,0,4096,4096,4096
0,0,4096,4096,155648,114688,0,4096,0,4096,4096,4096
0,0,4096,4096,155648,114688,0,4096,0,4096,4096,4096
0,0,4096,4096,155648,114688,0,126976,118784,4096,114688,114688
0,0,4096,4096,155648,114688,118784,126976,118784,114688,114688,114688
0,0,114688,114688,155648,114688,118784,155648,147456,114688,114688,114688
118784,0,114688,114688,155648,114688,118784,155648,147456,114688,114688,114688
147456,118784,114688,114688,155648,114688,147456,159744,155648,114688,114688,114688
147456,151552,114688,114688,155648,114688,151552,176128,167936,114688,114688,114688
151552,151552,114688,114688,155648,114688,151552,176128,10653696,114688,114688,114688
167936,167936,114688,114688,155648,114688,167936,39653376,10653696,114688,114688,114688
167936,167936,114688,114688,155648,114688,167936,39653376,39657472,114688,114688,114688
167936,167936,114688,114688,155648,114688,167936,39653376,39657472,114688,114688,114688
167936,167936,114688,114688,155648,114688,39645184,39653376,39657472,114688,114688,114688
15736832,167936,114688,114688,155648,114688,39645184,39653376,39657472,114688,114688,114688
39645184,15736832,114688,114688,155648,114688,39645184,39653376,39657472,114688,114688,114688
39645184,39645184,114688,114688,155648,114688,39645184,39653376,39657472,114688,114688,114688
39645184,39645184,114688,114688,155648,114688,39645184,39653376,39657472,114688,114688,114688
39645184,39645184,114688,114688,155648,114688,39645184,39653376,39657472,114688,114688,114688
39645184,39645184,114688,114688,155648,114688,39645184,39653376,39657472,114688,114688,114688
39645184,39645184,114688,114688,155648,114688,39645184,39653376,39657472,114688,114688,114688
39645184,39645184,114688,114688,155648,114688,39645184,39653376,39657472,114688,114688,114688
39645184,39645184,114688,114688,155648,114688,39645184,39653376,39657472,114688,114688,114688
39645184,39645184,114688,114688,155648,114688,39645184,39653376,39657472,114688,114688,114688
39645184,39645184,114688,114688,155648,114688,39645184,39653376,39657472,114688,114688,114688
39645184,39645184,114688,114688,155648,114688,39645184,39653376,39657472,114688,114688,114688
39645184,39645184,114688,114688,155648,114688,39645184,39653376,39657472,114688,114688,114688
39645184,39645184,114688,114688,155648,114688,39645184,39653376,39657472,114688,114688,114688
39645184,39645184,114688,114688,155648,114688,39645184,39653376,39657472,114688,114688,114688
39645184,39645184,114688,114688,155648,114688,39645184,39653376,39657472,114688,114688,114688
39645184,39645184,114688,114688,155648,114688,39645184,39653376,39657472,114688,114688,114688
39645184,39645184,114688,114688,155648,114688,39645184,39653376,39657472,114688,114688,114688
39645184,39645184,114688,114688,155648,114688,39645184,39653376,39657472,114688,114688,114688
39645184,39645184,114688,114688,155648,114688,39645184,39653376,39657472,114688,114688,114688
39645184,39645184,114688,114688,155648,114688,39645184,39653376,39657472,114688,114688,114688
39645184,39645184,114688,114688,155648,114688,39645184,39653376,39657472,114688,114688,114688
39645184,39645184,114688,114688,155648,114688,39645184,39653376,39657472,114688,114688,114688
39645184,39645184,114688,114688,155648,114688,39645184,39653376,39657472,114688,114688,114688
39645184,39645184,114688,114688,155648,114688,39645184,39653376,39657472,114688,114688,114688
39645184,39645184,114688,114688,155648,114688,39645184,39653376,39657472,114688,114688,114688
39645184,39645184,114688,114688,155648,114688,39645184,39653376,39657472,114688,114688,114688
39645184,39645184,114688,114688,155648,114688,39645184,39653376,39657472,114688,114688,114688
39645184,39645184,114688,114688,155648,114688,39645184,39653376,39657472,114688,114688,114688
39645184,39645184,114688,114688,155648,114688,39645184,39653376,39657472,114688,114688,114688
39645184,39645184,114688,114688,155648,114688,39645184,39653376,39657472,114688,114688,114688
39645184,39645184,114688,114688,155648,114688,39645184,39653376,39657472,114688,114688,114688
39645184,39645184,114688,114688,155648,114688,39645184,39653376,39657472,114688,114688,114688
39645184,39645184,114688,114688,155648,114688,39645184,39653376,39657472,114688,114688,114688
39645184,39645184,114688,114688,155648,114688,39645184,39653376,39657472,114688,114688,114688
39645184,39645184,114688,114688,155648,114688,39645184,39653376,39657472,114688,114688,114688
39645184,39645184,114688,114688,155648,114688,39645184,39653376,39657472,114688,114688,114688
39645184,39645184,114688,114688,155648,114688,39645184,39653376,39657472,114688,114688,114688
39645184,39645184,114688,114688,155648,114688,39645184,39653376,39657472,114688,114688,114688
39645184,39645184,114688,114688,155648,114688,39645184,39653376,39657472,114688,114688,114688
39645184,39645184,114688,114688,155648,114688,39645184,39653376,39657472,114688,114688,114688
39645184,39645184,114688,114688,155648,114688,39645184,39653376,39657472,114688,114688,114688
39645184,39645184,114688,114688,155648,114688,39645184,39653376,39657472,114688,114688,114688
39645184,39645184,114688,114688,155648,114688,39645184,39653376,39657472,114688,114688,114688
39645184,39645184,114688,114688,155648,114688,39645184,39653376,39657472,114688,114688,114688
39645184,39645184,114688,114688,155648,114688,39645184,39653376,39657472,114688,114688,114688
39645184,39645184,114688,114688,155648,114688,39645184,39653376,39657472,114688,114688,114688
39645184,39645184,114688,114688,155648,114688,39645184,39653376,39657472,114688,114688,114688
39645184,39645184,114688,114688,155648,114688,39645184,39653376,39657472,114688,114688,114688
39645184,39645184,114688,114688,155648,114688,39645184,39653376,39657472,114688,114688,114688
39645184,39645184,114688,114688,155648,114688,39645184,39653376,39657472,114688,114688,114688
39645184,39645184,114688,114688,155648,114688,39645184,39653376,39657472,114688,114688,114688
39645184,39645184,114688,114688,155648,114688,39645184,39653376,39657472,114688,114688,114688
39645184,39645184,114688,114688,155648,114688,39645184,39653376,39657472,114688,114688,114688
39645184,39645184,114688,114688,155648,114688,39645184,39653376,39657472,114688,114688,114688
39645184,39645184,114688,114688,155648,114688,39645184,39653376,39657472,114688,114688,114688
39645184,39645184,114688,114688,155648,114688,39645184,39653376,39657472,114688,114688,114688
39645184,39645184,114688,114688,155648,114688,39645184,39653376,39657472,114688,114688,114688
39645184,39645184,114688,114688,155648,114688,39645184,39653376,39657472,114688,114688,114688
39645184,39645184,114688,114688,155648,114688,39645184,39653376,39657472,114688,114688,114688
39645184,39645184,114688,114688,155648,114688,39645184,39653376,39657472,114688,114688,114688
39645184,39645184,114688,114688,155648,114688,39645184,39653376,39657472,114688,114688,114688
39645184,39645184,114688,114688,155648,114688,39645184,39653376,39657472,114688,114688,114688
39645184,39645184,114688,114688,155648,114688,39645184,39653376,39657472,114688,114688,114688
39645184,39645184,114688,114688,155648,114688,39645184,39653376,39657472,114688,114688,114688
39645184,39645184,114688,114688,155648,114688,39645184,39653376,39657472,114688,114688,114688
39645184,39645184,114688,114688,155648,114688,39645184,39653376,39657472,114688,114688,114688
39645184,39645184,114688,114688,155648,114688,39645184,39653376,39657472,114688,114688,114688
39645184,39645184,114688,114688,155648,114688,39645184,39653376,39657472,114688,114688,114688
39645184,39645184,114688,114688,155648,114688,39645184,39653376,39657472,114688,114688,114688
39645184,39645184,114688,114688,155648,114688,39645184,39653376,39657472,114688,114688,114688
39645184,39645184,114688,114688,155648,114688,39645184,39653376,39657472,114688,114688,114688
39645184,39645184,114688,114688,155648,114688,39645184,39653376,39657472,114688,114688,114688
39645184,39645184,114688,114688,155648,114688,39645184,39653376,39657472,114688,114688,114688
39645184,39645184,114688,114688,155648,114688,39645184,39653376,39657472,114688,114688,114688
39645184,39645184,114688,114688,155648,114688,39645184,39653376,39657472,114688,114688,114688
39645184,39645184,114688,114688,155648,114688,39645184,39653376,39657472,114688,114688,114688
39645184,39645184,114688,114688,155648,114688,39645184,39653376,39657472,114688,114688,114688
39645184,39645184,114688,114688,155648,114688,39645184,39653376,39657472,114688,114688,114688
39645184,39645184,114688,114688,155648,114688,39645184,39653376,39657472,114688,114688,114688
39645184,39645184,114688,114688,155648,114688,39645184,39653376,39657472,114688,114688,114688
39645184,39645184,114688,114688,155648,114688,39645184,39653376,39657472,114688,114688,114688
39645184,39645184,114688,114688,155648,114688,39645184,39653376,39657472,114688,114688,114688
39645184,39645184,114688,114688,155648,114688,39645184,39653376,39657472,114688,114688,114688
39645184,39645184,114688,114688,155648,114688,39645184,39653376,39657472,114688,114688,114688
39645184,39645184,114688,114688,155648,114688,39645184,39653376,39657472,114688,114688,114688
39645184,39645184,114688,114688,155648,114688,39645184,39653376,39657472,114688,114688,114688
39645184,39645184,114688,114688,155648,114688,39645184,39653376,39657472,114688,114688,114688
39645184,39645184,114688,114688,155648,114688,39645184,39653376,39657472,114688,114688,114688
39645184,39645184,114688,114688,155648,114688,39645184,39653376,39657472,114688,114688,114688
39645184,39645184,114688,114688,155648,114688,39645184,39653376,39657472,114688,114688,114688
39645184,39645184,114688,114688,155648,114688,39645184,39653376,39657472,114688,114688,114688
39645184,39645184,114688,114688,155648,114688,39645184,39653376,39657472,114688,114688,114688
39645184,39645184,114688,114688,155648,114688,39645184,39653376,39657472,114688,114688,114688
39645184,39645184,114688,114688,155648,114688,39645184,39653376,39657472,114688,114688,114688
39645184,39645184,114688,114688,155648,114688,39645184,39653376,39657472,114688,114688,114688
39645184,39645184,114688,114688,155648,114688,39645184,39653376,39657472,114688,114688,114688
39645184,39645184,114688,114688,155648,114688,39645184,39653376,39657472,114688,114688,114688
39645184,39645184,114688,114688,155648,114688,39645184,39653376,39657472,114688,114688,114688
39645184,39645184,114688,114688,155648,114688,39645184,39653376,39657472,114688,114688,114688
39645184,39645184,114688,114688,155648,114688,39645184,39653376,39657472,114688,114688,114688
39645184,39645184,114688,114688,155648,114688,39645184,39653376,39657472,114688,114688,114688
39645184,39645184,114688,114688,155648,114688,39645184,39653376,39657472,114688,114688,114688
39645184,39645184,114688,114688,155648,114688,39645184,39653376,39657472,114688,114688,114688
39645184,39645184,114688,114688,155648,114688,39645184,39653376,39657472,114688,114688,114688
39645184,39645184,114688,114688,155648,114688,39645184,39653376,39657472,114688,114688,114688
39645184,39645184,114688,114688,155648,114688,39645184,39653376,39657472,114688,114688,114688
39645184,39645184,114688,114688,155648,114688,39645184,39653376,39657472,114688,114688,114688
39645184,39645184,114688,114688,155648,114688,39645184,39653376,39657472,114688,114688,114688
39645184,39645184,114688,114688,155648,114688,39645184,39653376,39657472,114688,114688,114688
39645184,39645184,114688,114688,155648,114688,39645184,39653376,39657472,114688,114688,114688
39645184,39645184,114688,114688,155648,114688,39645184,39653376,39657472,114688,114688,114688
39645184,39645184,114688,114688,155648,114688,39645184,39653376,39657472,114688,114688,114688
39645184,39645184,114688,114688,155648,114688,39645184,39653376,39657472,114688,114688,114688
39645184,39645184,114688,114688,155648,114688,39645184,39653376,39657472,114688,114688,114688
39645184,39645184,114688,114688,155648,114688,39645184,39653376,39657472,114688,114688,114688
39645184,39645184,114688,114688,155648,114688,39645184,39653376,39657472,114688,114688,114688
39645184,39645184,114688,114688,155648,114688,39645184,39653376,39657472,114688,114688,114688
39645184,39645184,114688,114688,155648,114688,39645184,39653376,39657472,114688,114688,114688
39645184,39645184,114688,114688,155648,114688,39645184,39653376,39657472,114688,114688,114688
39645184,39645184,114688,114688,155648,114688,39645184,39653376,39657472,114688,114688,114688
39645184,39645184,114688,114688,155648,114688,39645184,39653376,39657472,114688,114688,114688
39645184,39645184,114688,114688,155648,114688,39645184,39657472,39657472,114688,114688,114688
39645184,39645184,114688,114688,155648,114688,39645184,39657472,39657472,114688,114688,114688
39645184,39645184,114688,114688,155648,114688,39645184,39657472,39657472,114688,114688,114688
39645184,39645184,114688,114688,155648,114688,39649280,39657472,39661568,114688,114688,114688
39645184,39645184,114688,114688,155648,114688,39649280,39657472,39661568,114688,114688,114688
39645184,39645184,114688,114688,155648,114688,39649280,39657472,39661568,114688,114688,114688
39645184,39645184,114688,114688,155648,114688,39649280,39657472,39661568,114688,114688,114688
39645184,39645184,114688,114688,155648,114688,39649280,39657472,39661568,114688,114688,114688
39645184,39645184,114688,114688,155648,114688,39649280,39657472,39661568,114688,114688,114688
39645184,39645184,114688,114688,155648,114688,39649280,39657472,39661568,114688,114688,114688
39645184,39645184,114688,114688,155648,114688,39649280,39657472,39661568,114688,114688,114688
39645184,39645184,114688,114688,155648,114688,39649280,39657472,39661568,114688,114688,114688
39645184,39645184,114688,114688,155648,114688,39649280,39657472,39661568,114688,114688,114688
39645184,39645184,114688,114688,155648,114688,39649280,39657472,39661568,114688,114688,114688
39645184,39645184,114688,114688,155648,114688,39649280,39657472,39661568,114688,114688,114688
39645184,39645184,114688,114688,155648,114688,39649280,39657472,39661568,114688,114688,114688
39645184,39645184,114688,114688,155648,114688,39649280,39657472,39661568,114688,114688,114688
39645184,39645184,114688,114688,155648,114688,39649280,39657472,39661568,114688,114688,114688
39645184,39645184,114688,114688,155648,114688,39649280,39657472,39661568,114688,114688,114688
39645184,39645184,114688,114688,155648,114688,39649280,39657472,39661568,114688,114688,114688
39645184,39645184,114688,114688,155648,114688,39649280,39657472,39661568,114688,114688,114688
39645184,39645184,114688,114688,155648,114688,39649280,39657472,39661568,114688,114688,114688
39645184,39645184,114688,114688,155648,114688,39649280,39657472,39661568,114688,114688,114688
39645184,39645184,114688,114688,155648,114688,39649280,39657472,39661568,114688,114688,114688
39645184,39645184,114688,114688,155648,114688,39649280,39657472,39661568,114688,114688,114688
39645184,39645184,114688,114688,155648,114688,39649280,39657472,39661568,114688,114688,114688
39645184,39645184,114688,114688,155648,114688,39649280,39657472,39661568,114688,114688,114688
39645184,39645184,114688,114688,155648,114688,39649280,39657472,39661568,114688,114688,114688
39645184,39645184,114688,114688,155648,114688,39649280,39657472,39661568,114688,114688,114688
39645184,39645184,114688,114688,155648,114688,39649280,39657472,39661568,114688,114688,114688
39645184,39645184,114688,114688,155648,114688,39649280,39657472,39661568,114688,114688,114688
39645184,39645184,114688,114688,155648,114688,39649280,39657472,39661568,114688,114688,114688
39645184,39645184,114688,114688,155648,114688,39649280,39657472,39661568,114688,114688,114688
39645184,39645184,114688,114688,155648,114688,39649280,39657472,39661568,114688,114688,114688
39645184,39645184,114688,114688,155648,114688,39649280,39657472,39661568,114688,114688,114688
39645184,39645184,114688,114688,155648,114688,39649280,39657472,39661568,114688,114688,114688
39645184,39645184,114688,114688,155648,114688,39649280,39657472,39661568,114688,114688,114688
39645184,39645184,114688,114688,155648,114688,39649280,39657472,39661568,114688,114688,114688
39645184,39645184,114688,114688,155648,114688,39649280,39657472,39661568,114688,114688,114688
39645184,39645184,114688,114688,155648,114688,39649280,39657472,39661568,114688,114688,114688
39645184,39645184,114688,114688,155648,114688,39649280,39657472,39661568,114688,114688,114688
39645184,39645184,114688,114688,155648,114688,39649280,39657472,39661568,114688,114688,114688
39645184,39645184,114688,114688,155648,114688,39649280,39657472,39661568,114688,114688,114688
39645184,39645184,114688,114688,155648,114688,39649280,39657472,39661568,114688,114688,114688
39645184,39645184,114688,114688,155648,114688,39649280,39657472,39661568,114688,114688,114688
39645184,39645184,114688,114688,155648,114688,39649280,39657472,39661568,114688,114688,114688
39645184,39645184,114688,114688,155648,114688,39649280,39657472,39661568,114688,114688,114688
39645184,39645184,114688,114688,155648,114688,39649280,39657472,39661568,114688,114688,114688
39645184,39645184,114688,114688,155648,114688,39649280,39657472,39661568,114688,114688,114688
39645184,39645184,114688,114688,155648,114688,39649280,39657472,39661568,114688,114688,114688
39645184,39645184,114688,114688,155648,114688,39649280,39657472,39661568,114688,114688,114688
39645184,39645184,114688,114688,155648,114688,39649280,39657472,39661568,114688,114688,114688
39645184,39645184,114688,114688,155648,114688,39649280,39657472,39661568,114688,114688,114688
39645184,39645184,114688,114688,155648,114688,39649280,39657472,39661568,114688,114688,114688
39645184,39645184,114688,114688,155648,114688,39649280,39657472,39661568,114688,114688,114688
39645184,39645184,114688,114688,155648,114688,39649280,39657472,39661568,114688,114688,114688
39645184,39645184,114688,114688,155648,114688,39649280,39657472,39661568,114688,114688,114688
39645184,39645184,114688,114688,155648,114688,39649280,39657472,39661568,114688,114688,114688
39645184,39645184,114688,114688,155648,114688,39649280,39657472,39661568,114688,114688,114688
39645184,39645184,114688,114688,155648,114688,39649280,39657472,39661568,114688,114688,114688
39645184,39645184,114688,114688,155648,114688,39649280,39657472,39661568,114688,114688,114688
39645184,39645184,114688,114688,155648,114688,39649280,39657472,39661568,114688,114688,114688
39645184,39645184,114688,114688,155648,114688,39649280,39657472,39661568,114688,114688,114688
39645184,39645184,114688,114688,155648,114688,39649280,39657472,39661568,114688,114688,114688
39645184,39645184,114688,114688,155648,114688,39649280,39657472,39661568,114688,114688,114688
39645184,39645184,114688,114688,155648,114688,39649280,39657472,39661568,114688,114688,114688
39645184,39645184,114688,114688,155648,114688,39649280,39657472,39661568,114688,114688,114688
39645184,39645184,114688,114688,155648,114688,39649280,39657472,39661568,114688,114688,114688
39645184,39645184,114688,114688,155648,114688,39649280,39657472,39661568,114688,114688,114688
39645184,39645184,114688,114688,155648,114688,39649280,39657472,39661568,114688,114688,114688
39645184,39645184,114688,114688,155648,114688,39649280,39657472,39661568,114688,114688,114688
39645184,39645184,114688,114688,155648,114688,39649280,39657472,39661568,114688,114688,114688
39645184,39645184,114688,114688,155648,114688,39649280,39657472,39661568,114688,114688,114688
39645184,39645184,114688,114688,155648,114688,39649280,39657472,39661568,114688,114688,114688
39645184,39645184,114688,114688,155648,114688,39649280,39657472,39661568,114688,114688,114688
39645184,39645184,114688,114688,155648,114688,39649280,39657472,39661568,114688,114688,114688
39645184,39645184,114688,114688,155648,114688,39649280,39657472,39661568,114688,114688,114688
39645184,39645184,114688,114688,155648,114688,39649280,39657472,39661568,114688,114688,114688
39645184,39645184,114688,114688,155648,114688,39649280,39657472,39661568,114688,114688,114688
39645184,39645184,114688,114688,155648,114688,39649280,39657472,39661568,114688,114688,114688
39645184,39645184,114688,114688,155648,114688,39649280,39657472,39661568,114688,114688,114688
39645184,39645184,114688,114688,155648,114688,39649280,39657472,39661568,114688,114688,114688
39645184,39645184,114688,114688,155648,114688,39649280,39657472,39661568,114688,114688,114688
39645184,39645184,114688,114688,155648,114688,39649280,39657472,39661568,114688,114688,114688
39645184,39645184,114688,114688,155648,114688,39649280,39657472,39661568,114688,114688,114688
39645184,39645184,114688,114688,155648,114688,39649280,39657472,39661568,114688,114688,114688
39645184,39645184,114688,114688,155648,114688,39649280,39657472,39661568,114688,114688,114688
39645184,39645184,114688,114688,155648,114688,39649280,39657472,39661568,114688,114688,114688
39645184,39645184,114688,114688,155648,114688,39649280,39657472,39661568,114688,114688,114688
39645184,39645184,114688,114688,155648,114688,39649280,39657472,39661568,114688,114688,114688
39645184,39645184,114688,114688,155648,114688,39649280,39657472,39661568,114688,114688,114688
39645184,39645184,114688,114688,155648,114688,39649280,39657472,39661568,114688,114688,114688
39645184,39645184,114688,114688,155648,114688,39649280,39657472,39661568,114688,114688,114688
39645184,39645184,114688,114688,155648,114688,39649280,39657472,39661568,114688,114688,114688
39645184,39645184,114688,114688,155648,114688,39649280,39657472,39661568,114688,114688,114688
39645184,39645184,114688,114688,155648,114688,39649280,39657472,39661568,114688,114688,114688
39645184,39645184,114688,114688,155648,114688,39649280,39657472,39661568,114688,114688,114688
39645184,39645184,114688,114688,155648,114688,39649280,39657472,39661568,114688,114688,114688
39645184,39645184,114688,114688,155648,114688,39649280,39657472,39661568,114688,114688,114688
39645184,39645184,114688,114688,155648,114688,39649280,39657472,39661568,114688,114688,114688
39645184,39645184,114688,114688,155648,114688,39649280,39657472,39661568,114688,114688,114688
39645184,39645184,114688,114688,155648,114688,39649280,39657472,39661568,114688,114688,114688
39645184,39645184,114688,114688,155648,114688,39649280,39657472,39661568,114688,114688,114688
39645184,39645184,114688,114688,155648,114688,39649280,39657472,39661568,114688,114688,114688
39645184,39645184,114688,114688,155648,114688,39649280,39657472,39661568,114688,114688,114688
39649280,39649280,114688,114688,155648,114688,39649280,39657472,39661568,114688,114688,114688
39649280,39649280,114688,114688,155648,114688,39649280,39657472,39661568,114688,114688,114688
39649280,39649280,114688,114688,155648,114688,39649280,39657472,39661568,114688,114688,114688
39649280,39649280,114688,114688,155648,114688,39649280,39657472,39661568,114688,114688,114688
39649280,39649280,114688,114688,155648,114688,39649280,39657472,39661568,114688,114688,114688
39649280,39649280,114688,114688,155648,114688,39919616,39657472,39661568,114688,114688,114688
39649280,39649280,114688,114688,155648,114688,39919616,39657472,39661568,114688,114688,114688
39649280,39649280,114688,114688,159744,114688,39919616,39657472,39661568,114688,114688,114688
39649280,39649280,114688,114688,159744,114688,39919616,39927808,39661568,114688,114688,114688
39649280,39649280,114688,114688,159744,114688,39919616,39927808,39661568,114688,114688,114688
39649280,39649280,114688,114688,159744,114688,39919616,39927808,39661568,114688,114688,114688
39649280,39649280,114688,114688,159744,114688,39919616,39927808,39661568,114688,114688,114688
39649280,39649280,114688,114688,159744,114688,39919616,39927808,39661568,114688,114688,114688
39649280,39919616,114688,114688,159744,114688,39919616,39927808,39661568,114688,114688,114688
39649280,39919616,114688,114688,159744,114688,39919616,39927808,39661568,114688,114688,114688
39649280,39919616,114688,114688,159744,114688,39919616,39927808,39661568,114688,114688,114688
39649280,39919616,114688,114688,159744,114688,39919616,39927808,39661568,114688,114688,114688
39649280,39919616,114688,114688,159744,114688,39919616,39927808,39661568,114688,114688,114688
39649280,39919616,114688,114688,159744,114688,39919616,39927808,39661568,114688,114688,114688
39649280,39919616,114688,114688,159744,114688,39919616,39927808,39931904,114688,114688,114688
39649280,39919616,114688,114688,159744,114688,39919616,39927808,39931904,114688,114688,114688
39649280,39919616,114688,114688,159744,114688,39919616,39927808,39931904,114688,114688,114688
39649280,39919616,114688,114688,159744,114688,39919616,39927808,39931904,114688,114688,114688
39649280,39919616,114688,114688,159744,114688,39919616,39927808,39931904,114688,114688,114688
40448000,39919616,114688,114688,159744,114688,39919616,39927808,39931904,114688,114688,114688
40448000,40448000,114688,114688,159744,114688,39919616,39927808,39931904,114688,114688,114688
40448000,40448000,114688,114688,159744,114688,39919616,40456192,40460288,114688,114688,114688
40448000,40448000,114688,114688,159744,114688,39919616,40456192,40460288,114688,114688,114688
40448000,40448000,114688,114688,159744,114688,40448000,40456192,40460288,114688,114688,114688
40448000,40448000,114688,114688,159744,114688,40448000,40456192,40460288,114688,114688,114688
40448000,40448000,114688,114688,159744,114688,40448000,40456192,40460288,114688,114688,114688
40448000,40448000,114688,114688,159744,114688,40448000,40456192,40460288,114688,114688,114688
40448000,40448000,114688,114688,159744,114688,40448000,40456192,40460288,114688,114688,114688
40448000,40448000,114688,114688,159744,114688,40448000,40456192,40460288,114688,114688,114688
40448000,40448000,114688,114688,159744,114688,40448000,40456192,40460288,114688,114688,114688
40448000,40448000,114688,114688,159744,114688,40448000,40456192,40460288,114688,114688,114688
40448000,40448000,114688,114688,159744,114688,40448000,40456192,40460288,114688,114688,114688
40448000,40448000,114688,114688,159744,114688,40448000,40456192,40460288,114688,114688,114688
40448000,40448000,114688,114688,159744,114688,40448000,40456192,40460288,114688,114688,114688
40448000,40448000,114688,114688,159744,114688,40448000,40456192,40460288,114688,114688,114688
40448000,40448000,114688,114688,159744,114688,40448000,40456192,40460288,114688,114688,114688
40448000,40448000,114688,114688,159744,114688,40448000,40456192,40460288,114688,114688,114688
40509440,40448000,114688,114688,159744,114688,40448000,40456192,40460288,114688,114688,114688
40509440,40448000,114688,114688,159744,114688,40448000,40456192,40460288,114688,114688,114688
40509440,40448000,114688,114688,159744,114688,40448000,40456192,40460288,114688,114688,114688
40509440,40448000,114688,114688,159744,114688,40448000,40456192,40460288,114688,114688,114688
40509440,40448000,114688,114688,159744,114688,40448000,40456192,40460288,114688,114688,114688
40509440,40448000,114688,114688,159744,114688,40448000,40456192,40460288,114688,114688,114688
40509440,40448000,114688,114688,159744,114688,40448000,40456192,40460288,114688,114688,114688
40509440,40448000,114688,114688,159744,114688,40448000,40456192,40460288,114688,114688,114688
40509440,40448000,114688,114688,159744,114688,40448000,40456192,40460288,114688,114688,114688
40509440,40448000,114688,114688,159744,114688,40448000,40456192,40460288,114688,114688,114688
40509440,40448000,114688,114688,159744,114688,40509440,40456192,40460288,114688,114688,114688
40509440,40448000,114688,114688,159744,114688,40509440,40456192,40488960,114688,114688,114688
40509440,40509440,114688,114688,159744,114688,40509440,40517632,40521728,114688,114688,114688
40509440,40509440,114688,114688,159744,114688,40509440,40517632,40521728,114688,114688,114688
40509440,40509440,114688,114688,159744,114688,40509440,40517632,40521728,114688,114688,114688
40509440,40509440,114688,114688,159744,114688,40509440,40517632,40521728,114688,114688,114688
40509440,40509440,114688,114688,159744,114688,40509440,40517632,40521728,114688,114688,114688
40509440,40509440,114688,114688,159744,114688,40509440,40517632,40521728,114688,114688,114688
40509440,40509440,114688,114688,159744,114688,40509440,40517632,40521728,114688,114688,114688
40509440,40509440,114688,114688,159744,114688,40509440,40517632,40525824,114688,114688,114688
40509440,40509440,114688,114688,159744,114688,40509440,40517632,40525824,114688,114688,114688
40509440,40509440,114688,114688,159744,114688,40509440,40517632,40525824,114688,114688,114688
40509440,40509440,114688,114688,159744,114688,40509440,40517632,40525824,114688,114688,114688
40509440,40509440,114688,114688,159744,114688,40509440,40517632,40525824,114688,114688,114688
40509440,40509440,114688,114688,159744,114688,40509440,40517632,40525824,114688,114688,114688
40509440,40509440,114688,114688,159744,114688,40509440,40517632,40525824,114688,114688,114688
40509440,40509440,114688,114688,159744,114688,40509440,40517632,40525824,114688,114688,114688
40509440,40509440,114688,114688,159744,114688,40509440,40517632,40525824,114688,114688,114688
40509440,40509440,114688,114688,159744,114688,39981056,40517632,40525824,114688,114688,114688
40509440,40509440,114688,114688,159744,114688,39981056,40517632,40525824,114688,114688,114688
40509440,40509440,114688,114688,159744,114688,39981056,39989248,40525824,114688,114688,114688
40509440,40509440,114688,114688,163840,114688,39981056,39989248,40525824,114688,114688,114688
40509440,40509440,114688,114688,163840,114688,39981056,39989248,40525824,114688,114688,114688
40509440,40509440,114688,114688,163840,114688,39981056,39989248,40525824,114688,114688,114688
40509440,40509440,114688,114688,163840,114688,39981056,39989248,40525824,114688,114688,114688
40509440,39981056,114688,114688,163840,114688,39981056,39989248,40525824,114688,114688,114688
40509440,39981056,114688,114688,163840,114688,39981056,39989248,40525824,114688,114688,114688
40509440,39981056,114688,114688,163840,114688,39981056,39989248,40525824,114688,114688,114688
40509440,39981056,114688,114688,163840,114688,39981056,39989248,39997440,114688,114688,114688
40509440,39981056,114688,114688,163840,114688,39981056,39989248,39997440,114688,114688,114688
40509440,39981056,114688,114688,163840,114688,39981056,39989248,39997440,114688,114688,114688
40509440,39981056,114688,114688,163840,114688,39981056,39989248,39997440,114688,114688,114688
40509440,39981056,114688,114688,163840,114688,39981056,39989248,39997440,114688,114688,114688
40509440,39981056,114688,114688,163840,114688,39981056,39989248,39997440,114688,114688,114688
40509440,39981056,114688,114688,163840,114688,39981056,39989248,39997440,114688,114688,114688
40509440,39981056,114688,114688,163840,114688,39981056,39989248,39997440,114688,114688,114688
40509440,39981056,114688,114688,163840,114688,39981056,39989248,39997440,114688,114688,114688
40509440,39981056,114688,114688,163840,114688,40509440,39989248,39997440,114688,114688,114688
40509440,40509440,114688,114688,163840,114688,40509440,39989248,40525824,114688,114688,114688
40509440,40509440,114688,114688,163840,114688,40509440,39989248,40525824,114688,114688,114688
40509440,40509440,114688,114688,163840,114688,40509440,40517632,40525824,114688,114688,114688
40509440,40509440,114688,114688,163840,114688,40509440,40517632,40525824,114688,114688,114688
40509440,40509440,114688,114688,167936,114688,40509440,40517632,40525824,114688,114688,114688
40509440,40509440,114688,114688,167936,114688,40509440,40517632,40525824,114688,114688,114688
40509440,40509440,114688,114688,167936,114688,40509440,40517632,40525824,114688,114688,114688
40509440,40509440,114688,114688,167936,114688,40509440,40517632,40525824,114688,114688,114688
40509440,40509440,114688,114688,167936,114688,40509440,40517632,40525824,114688,114688,114688
40509440,40509440,114688,114688,167936,114688,40509440,40517632,40525824,114688,114688,114688
40509440,40509440,114688,114688,167936,114688,40509440,40517632,40525824,114688,114688,114688
40509440,40509440,114688,114688,167936,114688,40509440,40517632,40525824,114688,114688,114688
40509440,40509440,114688,114688,167936,114688,40509440,40517632,40525824,114688,114688,114688
40509440,40509440,114688,114688,167936,114688,40509440,40517632,40525824,114688,114688,114688
40509440,40509440,114688,114688,167936,114688,40509440,40517632,40525824,114688,114688,114688
40509440,40509440,114688,114688,167936,114688,40509440,40517632,40525824,114688,114688,114688
40534016,40509440,114688,114688,167936,114688,40509440,40517632,40525824,114688,114688,114688
40566784,40509440,114688,114688,167936,114688,40509440,40517632,40550400,114688,114688,114688
40566784,40509440,114688,114688,167936,114688,40566784,40517632,40583168,114688,114688,114688
40566784,40509440,114688,114688,167936,114688,40566784,40517632,40583168,114688,114688,114688
40566784,40566784,114688,114688,167936,114688,40566784,40574976,40583168,114688,114688,114688
40566784,40566784,114688,114688,167936,114688,40566784,40574976,40583168,114688,114688,114688
40566784,40566784,114688,114688,167936,114688,40566784,40574976,40583168,114688,114688,114688
40566784,40566784,114688,114688,167936,114688,40566784,40574976,40583168,114688,114688,114688
40566784,40566784,114688,114688,167936,114688,40566784,40574976,40583168,114688,114688,114688
40566784,40566784,114688,114688,167936,114688,40566784,40574976,40583168,114688,114688,114688
40566784,40566784,114688,114688,167936,114688,40566784,40574976,40583168,114688,114688,114688
40566784,40566784,114688,114688,167936,114688,40566784,40574976,40583168,114688,114688,114688
40566784,40566784,114688,114688,172032,114688,40566784,40574976,40583168,114688,114688,114688
40570880,40566784,114688,114688,172032,114688,40566784,40583168,40583168,114688,114688,114688
40570880,40566784,114688,114688,176128,114688,40566784,40583168,40583168,114688,114688,114688
40570880,40570880,114688,114688,176128,114688,40566784,40583168,40587264,114688,114688,114688
40570880,40570880,114688,114688,176128,114688,40570880,40583168,40587264,114688,114688,114688
40570880,40570880,114688,114688,176128,114688,40570880,40583168,40587264,114688,114688,114688
40570880,40570880,114688,114688,176128,114688,40570880,40583168,40587264,114688,114688,114688
40570880,40570880,114688,114688,212992,114688,40570880,40583168,40587264,114688,114688,114688
40570880,40570880,114688,114688,212992,114688,40570880,40583168,40587264,114688,114688,114688
40570880,40570880,114688,114688,212992,114688,40570880,40583168,40587264,114688,114688,114688
40570880,40570880,114688,114688,212992,114688,40570880,40583168,40587264,114688,114688,114688
40570880,40570880,114688,114688,212992,114688,40570880,40583168,40587264,114688,114688,114688
40570880,40570880,114688,114688,212992,114688,40570880,40583168,40587264,114688,114688,114688
40570880,40570880,114688,114688,212992,114688,40570880,40583168,40587264,114688,114688,114688
40570880,40570880,114688,114688,212992,114688,40570880,40583168,40587264,114688,114688,114688
40570880,40570880,114688,114688,212992,114688,40570880,40583168,40587264,114688,114688,114688
40570880,40570880,114688,114688,212992,114688,40570880,40583168,40587264,114688,114688,114688
40570880,40570880,114688,114688,212992,114688,40570880,40583168,40587264,114688,114688,114688
40570880,40570880,114688,114688,212992,114688,40570880,40583168,40587264,114688,114688,114688
40570880,40570880,114688,114688,212992,114688,40570880,40583168,40587264,114688,114688,114688
40570880,40570880,114688,114688,212992,114688,40570880,40583168,40587264,114688,114688,114688
40570880,40570880,114688,114688,212992,114688,40570880,40583168,40587264,114688,114688,114688
40570880,40570880,114688,114688,212992,114688,40570880,40583168,40587264,114688,114688,114688
40570880,40570880,114688,114688,212992,114688,40570880,40583168,40587264,114688,114688,114688
40570880,40570880,114688,114688,212992,114688,40570880,40583168,40587264,114688,114688,114688
40570880,40570880,114688,114688,212992,114688,40570880,40583168,40587264,114688,114688,114688
40570880,40570880,114688,114688,212992,114688,40570880,40583168,40587264,114688,114688,114688
40570880,40570880,114688,114688,212992,114688,40570880,40583168,40587264,114688,114688,114688
40570880,40570880,114688,114688,212992,114688,40570880,40583168,40587264,114688,114688,114688
40570880,40570880,114688,114688,212992,114688,40570880,40583168,40587264,114688,114688,114688
40570880,40570880,114688,114688,212992,114688,40570880,40583168,40587264,114688,114688,114688
40570880,40570880,114688,114688,212992,114688,40570880,40583168,40587264,114688,114688,114688
40570880,40570880,114688,114688,212992,114688,40570880,40583168,40587264,114688,114688,114688
40570880,40570880,114688,114688,212992,114688,40570880,40583168,40587264,114688,114688,114688
40570880,40570880,114688,114688,212992,114688,40570880,40583168,40587264,114688,114688,114688
40570880,40570880,114688,114688,212992,114688,40570880,40583168,40587264,114688,114688,114688
40570880,40570880,114688,114688,212992,114688,40570880,40583168,40587264,114688,114688,114688
40570880,40570880,114688,114688,212992,114688,40570880,40583168,40587264,114688,114688,114688
40570880,40570880,114688,114688,212992,114688,40570880,40583168,40587264,114688,114688,114688
40570880,40570880,114688,114688,212992,114688,40570880,40583168,40587264,114688,114688,114688
40570880,40570880,114688,114688,212992,114688,40570880,40583168,40587264,114688,114688,114688
40570880,40570880,114688,114688,212992,114688,40570880,40583168,40587264,114688,114688,114688
40570880,40570880,114688,114688,212992,114688,40570880,40583168,40587264,114688,114688,114688
40570880,40570880,114688,114688,212992,114688,40570880,40583168,40587264,114688,114688,114688
40570880,40570880,114688,114688,212992,114688,40570880,40583168,40587264,114688,114688,114688
40570880,40570880,114688,114688,212992,114688,40570880,40583168,40587264,114688,114688,114688
40570880,40570880,114688,114688,212992,114688,40570880,40583168,40587264,114688,114688,114688
40570880,40570880,114688,114688,212992,114688,40570880,40583168,40587264,114688,114688,114688
40570880,40570880,114688,114688,212992,114688,40570880,40583168,40587264,114688,114688,114688
40570880,40570880,114688,114688,212992,114688,40570880,40583168,40587264,114688,114688,114688
40570880,40570880,114688,114688,212992,114688,40570880,40583168,40587264,114688,114688,114688
40570880,40570880,114688,114688,212992,114688,40570880,40583168,40587264,114688,114688,114688
40570880,40570880,114688,114688,212992,114688,40570880,40583168,40587264,114688,114688,114688
40570880,40570880,114688,114688,212992,114688,40570880,40583168,40587264,114688,114688,114688
40570880,40570880,114688,114688,212992,114688,40570880,40583168,40587264,114688,114688,114688
40570880,40570880,114688,114688,212992,114688,40570880,40583168,40587264,114688,114688,114688
40570880,40570880,114688,114688,212992,114688,40570880,40583168,40587264,114688,114688,114688
40570880,40570880,114688,114688,212992,114688,40570880,40583168,40587264,114688,114688,114688
40570880,40570880,114688,114688,212992,114688,40570880,40583168,40587264,114688,114688,114688
40570880,40570880,114688,114688,212992,114688,40570880,40583168,40587264,114688,114688,114688
40570880,40570880,114688,114688,212992,114688,40570880,40583168,40587264,114688,114688,114688
40570880,40570880,114688,114688,212992,114688,40570880,40583168,40587264,114688,114688,114688
40570880,40570880,114688,114688,212992,114688,40570880,40583168,40587264,114688,114688,114688
40570880,40570880,114688,114688,212992,114688,40570880,40583168,40587264,114688,114688,114688
40570880,40570880,114688,114688,212992,114688,40570880,40583168,40587264,114688,114688,114688
40570880,40570880,114688,114688,212992,114688,40570880,40583168,40587264,114688,114688,114688
40570880,40570880,114688,114688,212992,114688,40570880,40583168,40587264,114688,114688,114688
40570880,40570880,114688,114688,212992,114688,40570880,40583168,40587264,114688,114688,114688
40570880,40570880,114688,114688,212992,114688,40570880,40583168,40587264,114688,114688,114688
40570880,40570880,114688,114688,212992,114688,40570880,40583168,40587264,114688,114688,114688
40570880,40570880,114688,114688,212992,114688,40570880,40583168,40587264,114688,114688,114688
40570880,40570880,114688,114688,212992,114688,40570880,40583168,40587264,114688,114688,114688
40570880,40570880,114688,114688,212992,114688,40570880,40583168,40587264,114688,114688,114688
40570880,40570880,114688,114688,212992,114688,40570880,40583168,40587264,114688,114688,114688
40570880,40570880,114688,114688,212992,114688,40570880,40583168,40587264,114688,114688,114688
40570880,40570880,114688,114688,212992,114688,40570880,40583168,40587264,114688,114688,114688
40570880,40570880,114688,114688,212992,114688,40570880,40583168,40587264,114688,114688,114688
40570880,40570880,114688,114688,212992,114688,40570880,40583168,40587264,114688,114688,114688
40570880,40570880,114688,114688,212992,114688,40570880,40583168,40587264,114688,114688,114688
40570880,40570880,114688,114688,212992,114688,40570880,40583168,40587264,114688,114688,114688
40570880,40570880,114688,114688,212992,114688,40570880,40583168,40587264,114688,114688,114688
40570880,40570880,114688,114688,212992,114688,40570880,40583168,40587264,114688,114688,114688
40570880,40570880,114688,114688,212992,114688,40570880,40583168,40587264,114688,114688,114688
40570880,40570880,114688,114688,212992,114688,40570880,40583168,40587264,114688,114688,114688
40570880,40570880,114688,114688,212992,114688,40570880,40583168,40587264,114688,114688,114688
40570880,40570880,114688,114688,212992,114688,40570880,40583168,40587264,114688,114688,114688
40570880,40570880,114688,114688,212992,114688,40570880,40583168,40587264,114688,114688,114688
40570880,40570880,114688,114688,212992,114688,40570880,40583168,40587264,114688,114688,114688
40570880,40570880,114688,114688,212992,114688,40570880,40583168,40587264,114688,114688,114688
40570880,40570880,114688,114688,212992,114688,40570880,40583168,40587264,114688,114688,114688
40570880,40570880,114688,114688,212992,114688,40570880,40583168,40587264,114688,114688,114688
40570880,40570880,114688,114688,212992,114688,40570880,40583168,40587264,114688,114688,114688
40570880,40570880,114688,114688,212992,114688,40570880,40583168,40587264,114688,114688,114688
40570880,40570880,114688,114688,212992,114688,40570880,40583168,40587264,114688,114688,114688
40570880,40570880,114688,114688,212992,114688,40570880,40583168,40587264,114688,114688,114688
40570880,40570880,114688,114688,212992,114688,40570880,40583168,40587264,114688,114688,114688
40570880,40570880,114688,114688,212992,114688,40570880,40583168,40587264,114688,114688,114688
40570880,40570880,114688,114688,212992,114688,40570880,40583168,40587264,114688,114688,114688
40570880,40570880,114688,114688,212992,114688,40570880,40583168,40587264,114688,114688,114688
40570880,40570880,114688,114688,212992,114688,40570880,40583168,40587264,114688,114688,114688
40570880,40570880,114688,114688,212992,114688,40570880,40583168,40587264,114688,114688,114688
40570880,40570880,114688,114688,212992,114688,40570880,40583168,40587264,114688,114688,114688
40570880,40570880,114688,114688,212992,114688,40570880,40583168,40587264,114688,114688,114688
40570880,40570880,114688,114688,212992,114688,40570880,40583168,40587264,114688,114688,114688
40570880,40570880,114688,114688,212992,114688,40570880,40583168,40587264,114688,114688,114688
40570880,40570880,114688,114688,212992,114688,40570880,40583168,40587264,114688,114688,114688
40570880,40570880,114688,114688,212992,114688,40570880,40583168,40587264,114688,114688,114688
40570880,40570880,114688,114688,212992,114688,40570880,40583168,40587264,114688,114688,114688
40570880,40570880,114688,114688,212992,114688,40570880,40583168,40587264,114688,114688,114688
40570880,40570880,114688,114688,212992,114688,40570880,40583168,40587264,114688,114688,114688
40570880,40570880,114688,114688,212992,114688,40570880,40583168,40587264,114688,114688,114688
40570880,40570880,114688,114688,212992,114688,40570880,40583168,40587264,114688,114688,114688
40570880,40570880,114688,114688,212992,114688,40570880,40583168,40587264,114688,114688,114688
40570880,40570880,114688,114688,212992,114688,40570880,40583168,40587264,114688,114688,114688
40570880,40570880,114688,114688,212992,114688,40570880,40583168,40587264,114688,114688,114688
40570880,40570880,114688,114688,212992,114688,40570880,40583168,40587264,114688,114688,114688
40570880,40570880,114688,114688,212992,114688,40570880,40583168,40587264,114688,114688,114688
40570880,40570880,114688,114688,212992,114688,40570880,40583168,40587264,114688,114688,114688
40570880,40570880,114688,114688,212992,114688,40570880,40583168,40587264,114688,114688,114688
40570880,40570880,114688,114688,212992,114688,40570880,40583168,40587264,114688,114688,114688
40570880,40570880,114688,114688,212992,114688,40570880,40583168,40587264,114688,114688,114688
40570880,40570880,114688,114688,212992,114688,40570880,40583168,40587264,114688,114688,114688
40570880,40570880,114688,114688,212992,114688,40570880,40583168,40587264,114688,114688,114688
40570880,40570880,114688,114688,212992,114688,40570880,40583168,40587264,114688,114688,114688
40570880,40570880,114688,114688,212992,114688,40570880,40583168,40587264,114688,114688,114688
40570880,40570880,114688,114688,212992,114688,40570880,40583168,40587264,114688,114688,114688
40570880,40570880,114688,114688,212992,114688,40570880,40583168,40587264,114688,114688,114688
40570880,40570880,114688,114688,212992,114688,40570880,40583168,40587264,114688,114688,114688
40570880,40570880,114688,114688,212992,114688,40570880,40583168,40587264,114688,114688,114688
40570880,40570880,114688,114688,212992,114688,40570880,40583168,40587264,114688,114688,114688
40570880,40570880,114688,114688,212992,114688,40570880,40583168,40587264,114688,114688,114688
40570880,40570880,114688,114688,212992,114688,40570880,40583168,40587264,114688,114688,114688
40570880,40570880,114688,114688,212992,114688,40570880,40583168,40587264,114688,114688,114688
40570880,40570880,114688,114688,212992,114688,40570880,40583168,40587264,114688,114688,114688
40570880,40570880,114688,114688,212992,114688,40570880,40583168,40587264,114688,114688,114688
40570880,40570880,114688,114688,212992,114688,40570880,40583168,40587264,114688,114688,114688
40570880,40570880,114688,114688,212992,114688,40570880,40583168,40587264,114688,114688,114688
40570880,40570880,114688,114688,212992,114688,40570880,40583168,40587264,114688,114688,114688
40570880,40570880,114688,114688,212992,114688,40570880,40583168,40587264,114688,114688,114688
40570880,40570880,114688,114688,212992,114688,40570880,40583168,40587264,114688,114688,114688
40570880,40570880,114688,114688,212992,114688,40570880,40583168,40587264,114688,114688,114688
40570880,40570880,114688,114688,212992,114688,40570880,40583168,40587264,114688,114688,114688
40570880,40570880,114688,114688,212992,114688,40570880,40583168,40587264,114688,114688,114688
40570880,40570880,114688,114688,212992,114688,40570880,40583168,40587264,114688,114688,114688
40570880,40570880,114688,114688,212992,114688,40570880,40583168,40591360,114688,114688,114688
40570880,40570880,114688,114688,212992,114688,40570880,40583168,40591360,114688,114688,114688
40570880,40570880,114688,114688,212992,114688,40574976,40583168,40591360,114688,114688,114688
40570880,40570880,114688,114688,212992,114688,40574976,40587264,40591360,114688,114688,114688
40570880,40570880,114688,114688,212992,114688,40574976,40587264,40591360,114688,114688,114688
40570880,40570880,114688,114688,212992,114688,40574976,40587264,40591360,114688,114688,114688
40570880,40570880,114688,114688,212992,114688,40574976,40587264,40591360,114688,114688,114688
40570880,40570880,114688,114688,212992,114688,40574976,40587264,40591360,114688,114688,114688
40570880,40570880,114688,114688,212992,114688,40574976,40587264,40591360,114688,114688,114688
40570880,40570880,114688,114688,212992,114688,40574976,40587264,40591360,114688,114688,114688
40570880,40570880,114688,114688,212992,114688,40574976,40587264,40591360,114688,114688,114688
40570880,40570880,114688,114688,212992,114688,40574976,40587264,40591360,114688,114688,114688
40570880,40570880,114688,114688,212992,114688,40574976,40587264,40591360,114688,114688,114688
40570880,40570880,114688,114688,212992,114688,40574976,40587264,40591360,114688,114688,114688
40570880,40570880,114688,114688,212992,114688,40574976,40587264,40591360,114688,114688,114688
40570880,40570880,114688,114688,212992,114688,40574976,40587264,40591360,114688,114688,114688
40570880,40570880,114688,114688,212992,114688,40574976,40587264,40591360,114688,114688,114688
40570880,40570880,114688,114688,212992,114688,40574976,40587264,40591360,114688,114688,114688
40570880,40570880,114688,114688,212992,114688,40574976,40587264,40591360,114688,114688,114688
40570880,40570880,114688,114688,212992,114688,40574976,40587264,40591360,114688,114688,114688
40570880,40570880,114688,114688,212992,114688,40574976,40587264,40591360,114688,114688,114688
40570880,40570880,114688,114688,212992,114688,40574976,40587264,40591360,114688,114688,114688
40570880,40570880,114688,114688,212992,114688,40574976,40587264,40591360,114688,114688,114688
40570880,40570880,114688,114688,212992,114688,40574976,40587264,40591360,114688,114688,114688
40570880,40570880,114688,114688,212992,114688,40574976,40587264,40591360,114688,114688,114688
40570880,40570880,114688,114688,212992,114688,40574976,40587264,40591360,114688,114688,114688
40570880,40570880,114688,114688,212992,114688,40574976,40587264,40591360,114688,114688,114688
40570880,40570880,114688,114688,212992,114688,40574976,40587264,40591360,114688,114688,114688
40570880,40570880,114688,114688,212992,114688,40574976,40587264,40591360,114688,114688,114688
40570880,40570880,114688,114688,212992,114688,40574976,40587264,40591360,114688,114688,114688
40570880,40570880,114688,114688,212992,114688,40574976,40587264,40591360,114688,114688,114688
40570880,40570880,114688,114688,212992,114688,40574976,40587264,40591360,114688,114688,114688
40570880,40570880,114688,114688,212992,114688,40574976,40587264,40591360,114688,114688,114688
40570880,40570880,114688,114688,212992,114688,40574976,40587264,40591360,114688,114688,114688
40570880,40570880,114688,114688,212992,114688,40574976,40587264,40591360,114688,114688,114688
40570880,40570880,114688,114688,212992,114688,40574976,40587264,40591360,114688,114688,114688
40570880,40570880,114688,114688,212992,114688,40574976,40587264,40591360,114688,114688,114688
40570880,40570880,114688,114688,212992,114688,40574976,40587264,40591360,114688,114688,114688
40570880,40570880,114688,114688,212992,114688,40574976,40587264,40591360,114688,114688,114688
40570880,40570880,114688,114688,212992,114688,40574976,40587264,40591360,114688,114688,114688
40570880,40570880,114688,114688,212992,114688,40574976,40587264,40591360,114688,114688,114688
40570880,40570880,114688,114688,212992,114688,40574976,40587264,40591360,114688,114688,114688
40570880,40570880,114688,114688,212992,114688,40574976,40587264,40591360,114688,114688,114688
40570880,40570880,114688,114688,212992,114688,40574976,40587264,40591360,114688,114688,114688
40570880,40570880,114688,114688,212992,114688,40574976,40587264,40591360,114688,114688,114688
40570880,40570880,114688,114688,212992,114688,40574976,40587264,40591360,114688,114688,114688
40570880,40570880,114688,114688,212992,114688,40574976,40587264,40591360,114688,114688,114688
40570880,40570880,114688,114688,212992,114688,40574976,40587264,40591360,114688,114688,114688
40570880,40570880,114688,114688,212992,114688,40574976,40587264,40591360,114688,114688,114688
40570880,40570880,114688,114688,212992,114688,40574976,40587264,40591360,114688,114688,114688
40570880,40570880,114688,114688,212992,114688,40574976,40587264,40591360,114688,114688,114688
40570880,40570880,114688,114688,212992,114688,40574976,40587264,40591360,114688,114688,114688
40570880,40570880,114688,114688,212992,114688,40574976,40587264,40591360,114688,114688,114688
40570880,40570880,114688,114688,212992,114688,40574976,40587264,40591360,114688,114688,114688
40570880,40570880,114688,114688,212992,114688,40574976,40587264,40591360,114688,114688,114688
40570880,40570880,114688,114688,212992,114688,40574976,40587264,40591360,114688,114688,114688
40570880,40570880,114688,114688,212992,114688,40574976,40587264,40591360,114688,114688,114688
40570880,40570880,114688,114688,212992,114688,40574976,40587264,40591360,114688,114688,114688
40570880,40570880,114688,114688,212992,114688,40574976,40587264,40591360,114688,114688,114688
40570880,40570880,114688,114688,212992,114688,40574976,40587264,40591360,114688,114688,114688
40570880,40570880,114688,114688,212992,114688,40574976,40587264,40591360,114688,114688,114688
40574976,40570880,114688,114688,212992,114688,40574976,40587264,40591360,114688,114688,114688
40574976,40570880,114688,114688,212992,114688,40574976,40587264,40591360,114688,114688,114688
40574976,40574976,114688,114688,212992,114688,40574976,40587264,40591360,114688,114688,114688
40574976,40574976,114688,114688,208896,114688,40574976,40587264,40591360,114688,114688,114688
40574976,40574976,114688,114688,208896,114688,40574976,40587264,40591360,114688,114688,114688
40574976,40574976,114688,114688,208896,114688,40574976,40587264,40591360,114688,114688,114688
40574976,40574976,114688,114688,208896,114688,40574976,40587264,40591360,114688,114688,114688
40574976,40574976,114688,114688,208896,114688,40574976,40587264,40591360,114688,114688,114688
40574976,40574976,114688,114688,208896,114688,40574976,40587264,40591360,114688,114688,114688
40574976,40574976,114688,114688,208896,114688,40046592,40587264,40591360,114688,114688,114688
40574976,40574976,114688,114688,208896,114688,40046592,40587264,40591360,114688,114688,114688
40574976,40574976,114688,114688,208896,114688,40046592,40587264,40591360,114688,114688,114688
40574976,40574976,114688,114688,212992,114688,40046592,40058880,40591360,114688,114688,114688
40574976,40574976,114688,114688,212992,114688,40046592,40058880,40591360,114688,114688,114688
40574976,40574976,114688,114688,212992,114688,40046592,40058880,40591360,114688,114688,114688
40574976,40574976,114688,114688,212992,114688,40046592,40058880,40591360,114688,114688,114688
40574976,40574976,114688,114688,212992,114688,40046592,40058880,40591360,114688,114688,114688
40574976,40574976,114688,114688,212992,114688,40046592,40058880,40591360,114688,114688,114688
40574976,40046592,114688,114688,212992,114688,40046592,40058880,40591360,114688,114688,114688
40574976,40046592,114688,114688,212992,114688,40046592,40058880,40591360,114688,114688,114688
40574976,40046592,114688,114688,212992,114688,40046592,40058880,40591360,114688,114688,114688
40574976,40046592,114688,114688,212992,114688,40046592,40058880,40591360,114688,114688,114688
40574976,40046592,114688,114688,212992,114688,40046592,40058880,40062976,114688,114688,114688
40574976,40046592,114688,114688,212992,114688,40046592,40058880,40062976,114688,114688,114688
40574976,40046592,114688,114688,212992,114688,40046592,40058880,40062976,114688,114688,114688
40574976,40046592,114688,114688,212992,114688,40046592,40058880,40062976,114688,114688,114688
40574976,40046592,114688,114688,212992,114688,40046592,40058880,40062976,114688,114688,114688
40574976,40046592,114688,114688,212992,114688,40046592,40058880,40062976,114688,114688,114688
40574976,40046592,114688,114688,212992,114688,40046592,40058880,40062976,114688,114688,114688
40574976,40046592,114688,114688,212992,114688,40046592,40058880,40062976,114688,114688,114688
40574976,40574976,114688,114688,212992,114688,40579072,40058880,40591360,114688,114688,114688
40574976,40574976,114688,114688,212992,114688,40579072,40058880,40591360,114688,114688,114688
40574976,40574976,114688,114688,212992,114688,40579072,40591360,40591360,114688,114688,114688
40574976,40574976,114688,114688,212992,114688,40579072,40591360,40591360,114688,114688,114688
40574976,40574976,114688,114688,212992,114688,40579072,40591360,40591360,114688,114688,114688
40574976,40574976,114688,114688,212992,114688,40579072,40591360,40591360,114688,114688,114688
40574976,40574976,114688,114688,212992,114688,40579072,40591360,40591360,114688,114688,114688
40574976,40574976,114688,114688,212992,114688,40579072,40591360,40591360,114688,114688,114688
40574976,40574976,114688,114688,212992,114688,40579072,40591360,40591360,114688,114688,114688
40574976,40574976,114688,114688,212992,114688,40579072,40591360,40591360,114688,114688,114688
40574976,40574976,114688,114688,212992,114688,40579072,40591360,40591360,114688,114688,114688
40574976,40574976,114688,114688,212992,114688,40583168,40595456,40591360,114688,114688,114688
40574976,40574976,114688,114688,212992,114688,40583168,40595456,40591360,114688,114688,114688
40574976,40574976,114688,114688,212992,114688,40583168,40595456,40591360,114688,114688,114688
40574976,40574976,114688,114688,212992,114688,40583168,40595456,40591360,114688,114688,114688
40574976,40574976,114688,114688,212992,114688,40583168,40595456,40591360,114688,114688,114688
40574976,40574976,114688,114688,212992,114688,40583168,40595456,40591360,114688,114688,114688
40574976,40574976,114688,114688,212992,114688,40583168,40595456,40591360,114688,114688,114688
40574976,40574976,114688,114688,212992,114688,40583168,40595456,40591360,114688,114688,114688
40574976,40574976,114688,114688,212992,114688,40583168,40595456,40591360,114688,114688,114688
40574976,40574976,114688,114688,212992,114688,40583168,40599552,40591360,114688,114688,114688
40574976,40574976,114688,114688,212992,114688,40587264,40599552,40591360,114688,114688,114688
40574976,40574976,114688,114688,212992,114688,40587264,40599552,40595456,114688,114688,114688
40574976,40574976,114688,114688,212992,114688,40587264,40599552,40595456,114688,114688,114688
40574976,40574976,114688,114688,212992,114688,40587264,40599552,40595456,114688,114688,114688
40574976,40574976,114688,114688,212992,114688,40587264,40599552,40595456,114688,114688,114688
40574976,40574976,114688,114688,212992,114688,40587264,40599552,40599552,114688,114688,114688
40574976,40574976,114688,114688,212992,114688,40587264,40599552,40599552,114688,114688,114688
40574976,40574976,114688,114688,212992,114688,40587264,40599552,40599552,114688,114688,114688
40574976,40574976,114688,114688,212992,114688,40587264,40599552,40599552,114688,114688,114688
40574976,40574976,114688,114688,212992,114688,40587264,40599552,40599552,114688,114688,114688
40574976,40574976,114688,114688,212992,114688,40587264,40599552,40599552,114688,114688,114688
40574976,40574976,114688,114688,212992,114688,40587264,40599552,40599552,114688,114688,114688
40574976,40574976,114688,114688,212992,114688,40587264,40599552,40599552,114688,114688,114688
40574976,40574976,114688,114688,212992,114688,40587264,40599552,40599552,114688,114688,114688
40574976,40574976,114688,114688,212992,114688,40587264,40599552,40599552,114688,114688,114688
40574976,40574976,114688,114688,212992,114688,40587264,40599552,40599552,114688,114688,114688
40574976,40574976,114688,114688,212992,114688,40587264,40599552,40599552,114688,114688,114688
40574976,40574976,114688,114688,212992,114688,40062976,40599552,40599552,114688,114688,114688
40574976,40574976,114688,114688,212992,114688,40062976,40599552,40599552,114688,114688,114688
40574976,40574976,114688,114688,212992,114688,40062976,40599552,40599552,114688,114688,114688
40574976,40574976,114688,114688,212992,114688,40062976,40599552,40599552,114688,114688,114688
40574976,40574976,114688,114688,217088,114688,40062976,40599552,40599552,114688,114688,114688
40574976,40574976,114688,114688,217088,114688,40062976,40599552,40599552,114688,114688,114688
40574976,40574976,114688,114688,217088,114688,40062976,40079360,40599552,114688,114688,114688
40574976,40574976,114688,114688,217088,114688,40062976,40079360,40599552,114688,114688,114688
40574976,40574976,114688,114688,217088,114688,40062976,40079360,40599552,114688,114688,114688
40574976,40046592,114688,114688,217088,114688,40062976,40079360,40599552,114688,114688,114688
40574976,40046592,114688,114688,217088,114688,40062976,40079360,40071168,114688,114688,114688
40574976,40046592,114688,114688,217088,114688,40062976,40079360,40071168,114688,114688,114688
40574976,40046592,114688,114688,217088,114688,40062976,40079360,40071168,114688,114688,114688
40574976,40046592,114688,114688,217088,114688,40062976,40079360,40071168,114688,114688,114688
40574976,40046592,114688,114688,217088,114688,40062976,40079360,40071168,114688,114688,114688
40574976,40046592,114688,114688,217088,114688,40062976,40079360,40071168,114688,114688,114688
40574976,40046592,114688,114688,217088,114688,40062976,40079360,40071168,114688,114688,114688
40574976,40046592,114688,114688,217088,114688,40062976,40079360,40071168,114688,114688,114688
40574976,40046592,114688,114688,217088,114688,40062976,40079360,40071168,114688,114688,114688
40574976,40046592,114688,114688,217088,114688,40591360,40079360,40071168,114688,114688,114688
40574976,40046592,114688,114688,217088,114688,40591360,40079360,40071168,114688,114688,114688
40574976,40574976,114688,114688,217088,114688,40591360,40079360,40599552,114688,114688,114688
40574976,40574976,114688,114688,217088,114688,40591360,40607744,40599552,114688,114688,114688
40574976,40574976,114688,114688,217088,114688,40591360,40607744,40599552,114688,114688,114688
40574976,40574976,114688,114688,221184,114688,40591360,40607744,40599552,114688,114688,114688
40574976,40574976,114688,114688,221184,114688,40591360,40607744,40599552,114688,114688,114688
40574976,40574976,114688,114688,221184,114688,40591360,40607744,40599552,114688,114688,114688
40574976,40574976,114688,114688,221184,114688,40591360,40607744,40599552,114688,114688,114688
40574976,40574976,114688,114688,221184,114688,40591360,40607744,40599552,114688,114688,114688
40574976,40574976,114688,114688,221184,114688,40591360,40607744,40599552,114688,114688,114688
40574976,40574976,114688,114688,221184,114688,40591360,40607744,40599552,114688,114688,114688
40574976,40574976,114688,114688,221184,114688,40591360,40607744,40599552,114688,114688,114688
40574976,40574976,114688,114688,221184,114688,40595456,40607744,40599552,114688,114688,114688
40574976,40574976,114688,114688,221184,114688,40595456,40607744,40599552,114688,114688,114688
40574976,40574976,114688,114688,221184,114688,40595456,40607744,40599552,114688,114688,114688
40574976,40574976,114688,114688,221184,114688,40595456,40607744,40599552,114688,114688,114688
40574976,40574976,114688,114688,221184,114688,40595456,40607744,40599552,114688,114688,114688
40574976,40574976,114688,114688,221184,114688,40595456,40607744,40599552,114688,114688,114688
40574976,40574976,114688,114688,221184,114688,40595456,40607744,40599552,114688,114688,114688
40574976,40574976,114688,114688,221184,114688,40595456,40607744,40599552,114688,114688,114688
40574976,40574976,114688,114688,221184,114688,40595456,40607744,40599552,114688,114688,114688
40574976,40574976,114688,114688,221184,114688,40595456,40607744,40599552,114688,114688,114688
40574976,40574976,114688,114688,221184,114688,40595456,40607744,40599552,114688,114688,114688
40574976,40574976,114688,114688,221184,114688,40595456,40607744,40599552,114688,114688,114688
40574976,40574976,114688,114688,221184,114688,40595456,40607744,40599552,114688,114688,114688
40574976,40574976,114688,114688,221184,114688,40595456,40607744,40599552,114688,114688,114688
40574976,40574976,114688,114688,221184,114688,40595456,40607744,40599552,114688,114688,114688
40574976,40574976,114688,114688,221184,114688,40595456,40607744,40599552,114688,114688,114688
40574976,40574976,114688,114688,221184,114688,40595456,40607744,40599552,114688,114688,114688
40574976,40574976,114688,114688,221184,114688,40595456,40607744,40599552,114688,114688,114688
40574976,40574976,114688,114688,221184,114688,40595456,40607744,40599552,114688,114688,114688
40574976,40574976,114688,114688,229376,114688,40595456,40607744,40599552,114688,114688,114688
40574976,40574976,114688,114688,229376,114688,40595456,40607744,40599552,114688,114688,114688
40574976,40574976,114688,114688,229376,114688,40595456,40611840,40599552,114688,114688,114688
40579072,40574976,114688,114688,229376,114688,40599552,40611840,40607744,114688,114688,114688
40579072,40574976,114688,114688,229376,114688,40599552,40611840,40607744,114688,114688,114688
40579072,40579072,114688,114688,229376,114688,40599552,40611840,40607744,114688,114688,114688
40579072,40579072,114688,114688,266240,114688,40603648,40611840,40607744,114688,114688,114688
40579072,40579072,114688,114688,266240,114688,40603648,40611840,40607744,114688,114688,114688
40579072,40579072,114688,114688,266240,114688,40603648,40611840,40607744,114688,114688,114688
40579072,40579072,114688,114688,266240,114688,40603648,40620032,40607744,114688,114688,114688
40579072,40579072,114688,114688,266240,114688,40603648,40620032,40607744,114688,114688,114688
40579072,40579072,114688,114688,266240,114688,40603648,40620032,40607744,114688,114688,114688
40579072,40579072,114688,114688,266240,114688,40603648,40620032,40607744,114688,114688,114688
40579072,40579072,114688,114688,266240,114688,40603648,40620032,40607744,114688,114688,114688
40579072,40579072,114688,114688,266240,114688,40603648,40620032,40607744,114688,114688,114688
40579072,40579072,114688,114688,266240,114688,40603648,40620032,40607744,114688,114688,114688
40579072,40579072,114688,114688,266240,114688,40603648,40620032,40607744,114688,114688,114688
40579072,40579072,114688,114688,266240,114688,40603648,40620032,40607744,114688,114688,114688
40579072,40579072,114688,114688,266240,114688,40603648,40620032,40607744,114688,114688,114688
40579072,40579072,114688,114688,266240,114688,40603648,40620032,40607744,114688,114688,114688
40579072,40579072,114688,114688,266240,114688,40603648,40620032,40607744,114688,114688,114688
40579072,40579072,114688,114688,266240,114688,40603648,40620032,40607744,114688,114688,114688
40579072,40579072,114688,114688,266240,114688,40603648,40620032,40607744,114688,114688,114688
40579072,40579072,114688,114688,266240,114688,40603648,40620032,40607744,114688,114688,114688
40579072,40579072,114688,114688,266240,114688,40603648,40620032,40607744,114688,114688,114688
40579072,40579072,114688,114688,266240,114688,40603648,40620032,40607744,114688,114688,114688
40579072,40579072,114688,114688,266240,114688,40603648,40620032,40607744,114688,114688,114688
40579072,40579072,114688,114688,266240,114688,40603648,40620032,40607744,114688,114688,114688
40579072,40579072,114688,114688,266240,114688,40603648,40620032,40607744,114688,114688,114688
40579072,40579072,114688,114688,266240,114688,40603648,40620032,40607744,114688,114688,114688
40579072,40579072,114688,114688,266240,114688,40603648,40620032,40607744,114688,114688,114688
40579072,40579072,114688,114688,266240,114688,40603648,40620032,40607744,114688,114688,114688
40579072,40579072,114688,114688,266240,114688,40603648,40620032,40607744,114688,114688,114688
40579072,40579072,114688,114688,266240,114688,40603648,40620032,40607744,114688,114688,114688
40579072,40579072,114688,114688,266240,114688,40603648,40620032,40607744,114688,114688,114688
40579072,40579072,114688,114688,266240,114688,40603648,40620032,40607744,114688,114688,114688
40579072,40579072,114688,114688,266240,114688,40603648,40620032,40607744,114688,114688,114688
40579072,40579072,114688,114688,266240,114688,40603648,40620032,40607744,114688,114688,114688
40579072,40579072,114688,114688,266240,114688,40603648,40620032,40607744,114688,114688,114688
40579072,40579072,114688,114688,266240,114688,40603648,40620032,40607744,114688,114688,114688
40579072,40579072,114688,114688,266240,114688,40603648,40620032,40607744,114688,114688,114688
40579072,40579072,114688,114688,266240,114688,40603648,40620032,40607744,114688,114688,114688
40579072,40579072,114688,114688,266240,114688,40603648,40620032,40607744,114688,114688,114688
40579072,40579072,114688,114688,266240,114688,40603648,40620032,40607744,114688,114688,114688
40579072,40579072,114688,114688,266240,114688,40603648,40620032,40607744,114688,114688,114688
40579072,40579072,114688,114688,266240,114688,40603648,40620032,40607744,114688,114688,114688
40579072,40579072,114688,114688,266240,114688,40603648,40620032,40607744,114688,114688,114688
40579072,40579072,114688,114688,266240,114688,40603648,40620032,40607744,114688,114688,114688
40579072,40579072,114688,114688,266240,114688,40603648,40620032,40607744,114688,114688,114688
40579072,40579072,114688,114688,266240,114688,40603648,40620032,40607744,114688,114688,114688
40579072,40579072,114688,114688,266240,114688,40603648,40620032,40607744,114688,114688,114688
40579072,40579072,114688,114688,266240,114688,40603648,40620032,40607744,114688,114688,114688
40579072,40579072,114688,114688,266240,114688,40603648,40620032,40607744,114688,114688,114688
40579072,40579072,114688,114688,266240,114688,40603648,40620032,40607744,114688,114688,114688
40579072,40579072,114688,114688,266240,114688,40603648,40620032,40607744,114688,114688,114688
40579072,40579072,114688,114688,266240,114688,40603648,40620032,40607744,114688,114688,114688
40579072,40579072,114688,114688,266240,114688,40603648,40620032,40607744,114688,114688,114688
40579072,40579072,114688,114688,266240,114688,40603648,40620032,40607744,114688,114688,114688
40579072,40579072,114688,114688,266240,114688,40603648,40620032,40607744,114688,114688,114688
40579072,40579072,114688,114688,266240,114688,40603648,40620032,40607744,114688,114688,114688
40579072,40579072,114688,114688,266240,114688,40603648,40620032,40607744,114688,114688,114688
40579072,40579072,114688,114688,266240,114688,40603648,40620032,40607744,114688,114688,114688
40579072,40579072,114688,114688,266240,114688,40603648,40620032,40607744,114688,114688,114688
40579072,40579072,114688,114688,266240,114688,40603648,40620032,40607744,114688,114688,114688
40579072,40579072,114688,114688,266240,114688,40603648,40620032,40607744,114688,114688,114688
40579072,40579072,114688,114688,266240,114688,40603648,40620032,40607744,114688,114688,114688
40579072,40579072,114688,114688,266240,114688,40603648,40620032,40607744,114688,114688,114688
40579072,40579072,114688,114688,266240,114688,40603648,40620032,40607744,114688,114688,114688
40579072,40579072,114688,114688,266240,114688,40603648,40620032,40607744,114688,114688,114688
40579072,40579072,114688,114688,266240,114688,40603648,40620032,40607744,114688,114688,114688
40579072,40579072,114688,114688,266240,114688,40603648,40620032,40607744,114688,114688,114688
40579072,40579072,114688,114688,266240,114688,40603648,40620032,40607744,114688,114688,114688
40579072,40579072,114688,114688,266240,114688,40603648,40620032,40607744,114688,114688,114688
40579072,40579072,114688,114688,266240,114688,40603648,40620032,40607744,114688,114688,114688
40579072,40579072,114688,114688,266240,114688,40603648,40620032,40607744,114688,114688,114688
40579072,40579072,114688,114688,266240,114688,40603648,40620032,40607744,114688,114688,114688
40579072,40579072,114688,114688,266240,114688,40603648,40620032,40607744,114688,114688,114688
40579072,40579072,114688,114688,266240,114688,40603648,40620032,40607744,114688,114688,114688
40579072,40579072,114688,114688,266240,114688,40603648,40620032,40607744,114688,114688,114688
40579072,40579072,114688,114688,266240,114688,40603648,40620032,40607744,114688,114688,114688
40579072,40579072,114688,114688,266240,114688,40603648,40620032,40607744,114688,114688,114688
40579072,40579072,114688,114688,266240,114688,40603648,40620032,40607744,114688,114688,114688
40579072,40579072,114688,114688,266240,114688,40603648,40620032,40607744,114688,114688,114688
40579072,40579072,114688,114688,266240,114688,40603648,40620032,40607744,114688,114688,114688
40579072,40579072,114688,114688,266240,114688,40603648,40620032,40607744,114688,114688,114688
40579072,40579072,114688,114688,266240,114688,40603648,40620032,40607744,114688,114688,114688
40579072,40579072,114688,114688,266240,114688,40603648,40620032,40607744,114688,114688,114688
40579072,40579072,114688,114688,266240,114688,40603648,40620032,40607744,114688,114688,114688
40579072,40579072,114688,114688,266240,114688,40603648,40620032,40607744,114688,114688,114688
40579072,40579072,114688,114688,266240,114688,40603648,40620032,40607744,114688,114688,114688
40579072,40579072,114688,114688,266240,114688,40603648,40620032,40607744,114688,114688,114688
40579072,40579072,114688,114688,266240,114688,40603648,40620032,40607744,114688,114688,114688
40579072,40579072,114688,114688,266240,114688,40603648,40620032,40607744,114688,114688,114688
40579072,40579072,114688,114688,266240,114688,40603648,40620032,40607744,114688,114688,114688
40579072,40579072,114688,114688,266240,114688,40603648,40620032,40607744,114688,114688,114688
40579072,40579072,114688,114688,266240,114688,40603648,40620032,40607744,114688,114688,114688
40579072,40579072,114688,114688,266240,114688,40603648,40620032,40607744,114688,114688,114688
40579072,40579072,114688,114688,266240,114688,40603648,40620032,40607744,114688,114688,114688
40579072,40579072,114688,114688,266240,114688,40603648,40620032,40607744,114688,114688,114688
40579072,40579072,114688,114688,266240,114688,40603648,40620032,40607744,114688,114688,114688
40579072,40579072,114688,114688,266240,114688,40603648,40620032,40607744,114688,114688,114688
40579072,40579072,114688,114688,266240,114688,40603648,40620032,40607744,114688,114688,114688
40579072,40579072,114688,114688,266240,114688,40603648,40620032,40607744,114688,114688,114688
40579072,40579072,114688,114688,266240,114688,40603648,40620032,40607744,114688,114688,114688
40579072,40579072,114688,114688,266240,114688,40603648,40620032,40607744,114688,114688,114688
40579072,40579072,114688,114688,266240,114688,40603648,40620032,40607744,114688,114688,114688
40579072,40579072,114688,114688,266240,114688,40603648,40620032,40607744,114688,114688,114688
40579072,40579072,114688,114688,266240,114688,40603648,40620032,40607744,114688,114688,114688
40579072,40579072,114688,114688,266240,114688,40603648,40620032,40607744,114688,114688,114688
40579072,40579072,114688,114688,266240,114688,40603648,40620032,40607744,114688,114688,114688
40579072,40579072,114688,114688,266240,114688,40603648,40620032,40607744,114688,114688,114688
40579072,40579072,114688,114688,266240,114688,40603648,40620032,40607744,114688,114688,114688
40579072,40579072,114688,114688,266240,114688,40603648,40620032,40607744,114688,114688,114688
40579072,40579072,114688,114688,266240,114688,40603648,40620032,40607744,114688,114688,114688
40579072,40579072,114688,114688,266240,114688,40603648,40620032,40607744,114688,114688,114688
40579072,40579072,114688,114688,266240,114688,40603648,40620032,40607744,114688,114688,114688
40579072,40579072,114688,114688,266240,114688,40603648,40620032,40607744,114688,114688,114688
40579072,40579072,114688,114688,266240,114688,40603648,40620032,40607744,114688,114688,114688
40579072,40579072,114688,114688,266240,114688,40603648,40620032,40607744,114688,114688,114688
40579072,40579072,114688,114688,266240,114688,40603648,40620032,40607744,114688,114688,114688
40579072,40579072,114688,114688,266240,114688,40603648,40620032,40607744,114688,114688,114688
40579072,40579072,114688,114688,266240,114688,40603648,40620032,40607744,114688,114688,114688
40579072,40579072,114688,114688,266240,114688,40603648,40620032,40607744,114688,114688,114688
40579072,40579072,114688,114688,266240,114688,40603648,40620032,40607744,114688,114688,114688
40579072,40579072,114688,114688,266240,114688,40603648,40620032,40607744,114688,114688,114688
40579072,40579072,114688,114688,266240,114688,40603648,40620032,40607744,114688,114688,114688
40579072,40579072,114688,114688,266240,114688,40603648,40620032,40607744,114688,114688,114688
40579072,40579072,114688,114688,266240,114688,40603648,40620032,40607744,114688,114688,114688
40579072,40579072,114688,114688,266240,114688,40603648,40620032,40607744,114688,114688,114688
40579072,40579072,114688,114688,266240,114688,40603648,40620032,40607744,114688,114688,114688
40579072,40579072,114688,114688,266240,114688,40603648,40620032,40607744,114688,114688,114688
40579072,40579072,114688,114688,266240,114688,40603648,40620032,40607744,114688,114688,114688
40579072,40579072,114688,114688,266240,114688,40603648,40620032,40607744,114688,114688,114688
40579072,40579072,114688,114688,266240,114688,40603648,40620032,40607744,114688,114688,114688
40579072,40579072,114688,114688,266240,114688,40603648,40620032,40607744,114688,114688,114688
40579072,40579072,114688,114688,266240,114688,40603648,40620032,40607744,114688,114688,114688
40579072,40579072,114688,114688,266240,114688,40603648,40620032,40607744,114688,114688,114688
40579072,40579072,114688,114688,266240,114688,40603648,40620032,40607744,114688,114688,114688
40579072,40579072,114688,114688,266240,114688,40603648,40620032,40607744,114688,114688,114688
40579072,40579072,114688,114688,266240,114688,40603648,40620032,40607744,114688,114688,114688
40579072,40579072,114688,114688,266240,114688,40603648,40620032,40607744,114688,114688,114688
40579072,40579072,114688,114688,266240,114688,40603648,40620032,40607744,114688,114688,114688
40579072,40579072,114688,114688,266240,114688,40607744,40620032,40607744,114688,114688,114688
40579072,40579072,114688,114688,266240,114688,40607744,40620032,40607744,114688,114688,114688
40579072,40579072,114688,114688,266240,114688,40607744,40620032,40607744,114688,114688,114688
40579072,40579072,114688,114688,266240,114688,40607744,40624128,40611840,114688,114688,114688
40579072,40579072,114688,114688,266240,114688,40607744,40624128,40611840,114688,114688,114688
40579072,40579072,114688,114688,266240,114688,40607744,40624128,40611840,114688,114688,114688
40579072,40579072,114688,114688,266240,114688,40607744,40624128,40611840,114688,114688,114688
40579072,40579072,114688,114688,266240,114688,40607744,40624128,40611840,114688,114688,114688
40579072,40579072,114688,114688,266240,114688,40607744,40624128,40611840,114688,114688,114688
40579072,40579072,114688,114688,266240,114688,40607744,40624128,40611840,114688,114688,114688
40579072,40579072,114688,114688,266240,114688,40607744,40624128,40611840,114688,114688,114688
40579072,40579072,114688,114688,266240,114688,40607744,40624128,40611840,114688,114688,114688
40579072,40579072,114688,114688,266240,114688,40607744,40624128,40611840,114688,114688,114688
40579072,40579072,114688,114688,266240,114688,40607744,40624128,40611840,114688,114688,114688
40579072,40579072,114688,114688,266240,114688,40607744,40624128,40611840,114688,114688,114688
40579072,40579072,114688,114688,266240,114688,40607744,40624128,40611840,114688,114688,114688
40579072,40579072,114688,114688,266240,114688,40607744,40624128,40611840,114688,114688,114688
40579072,40579072,114688,114688,266240,114688,40607744,40624128,40611840,114688,114688,114688
40579072,40579072,114688,114688,266240,114688,40607744,40624128,40611840,114688,114688,114688
40579072,40579072,114688,114688,266240,114688,40607744,40624128,40611840,114688,114688,114688
40579072,40579072,114688,114688,266240,114688,40607744,40624128,40611840,114688,114688,114688
40579072,40579072,114688,114688,266240,114688,40607744,40624128,40611840,114688,114688,114688
40579072,40579072,114688,114688,266240,114688,40607744,40624128,40611840,114688,114688,114688
40579072,40579072,114688,114688,266240,114688,40607744,40624128,40611840,114688,114688,114688
40579072,40579072,114688,114688,266240,114688,40607744,40624128,40611840,114688,114688,114688
40579072,40579072,114688,114688,266240,114688,40607744,40624128,40611840,114688,114688,114688
40579072,40579072,114688,114688,266240,114688,40607744,40624128,40611840,114688,114688,114688
40579072,40579072,114688,114688,266240,114688,40607744,40624128,40611840,114688,114688,114688
40579072,40579072,114688,114688,266240,114688,40607744,40624128,40611840,114688,114688,114688
40579072,40579072,114688,114688,266240,114688,40607744,40624128,40611840,114688,114688,114688
40579072,40579072,114688,114688,266240,114688,40607744,40624128,40611840,114688,114688,114688
40579072,40579072,114688,114688,266240,114688,40607744,40624128,40611840,114688,114688,114688
40579072,40579072,114688,114688,266240,114688,40607744,40624128,40611840,114688,114688,114688
40579072,40579072,114688,114688,266240,114688,40607744,40624128,40611840,114688,114688,114688
40579072,40579072,114688,114688,266240,114688,40607744,40624128,40611840,114688,114688,114688
40579072,40579072,114688,114688,266240,114688,40607744,40624128,40611840,114688,114688,114688
40579072,40579072,114688,114688,266240,114688,40607744,40624128,40611840,114688,114688,114688
40579072,40579072,114688,114688,266240,114688,40607744,40624128,40611840,114688,114688,114688
40579072,40579072,114688,114688,266240,114688,40607744,40624128,40611840,114688,114688,114688
40579072,40579072,114688,114688,266240,114688,40607744,40624128,40611840,114688,114688,114688
40579072,40579072,114688,114688,266240,114688,40607744,40624128,40611840,114688,114688,114688
40579072,40579072,114688,114688,266240,114688,40607744,40624128,40611840,114688,114688,114688
40579072,40579072,114688,114688,266240,114688,40607744,40624128,40611840,114688,114688,114688
40579072,40579072,114688,114688,266240,114688,40607744,40624128,40611840,114688,114688,114688
40579072,40579072,114688,114688,266240,114688,40607744,40624128,40611840,114688,114688,114688
40579072,40579072,114688,114688,266240,114688,40607744,40624128,40611840,114688,114688,114688
40579072,40579072,114688,114688,266240,114688,40607744,40624128,40611840,114688,114688,114688
40579072,40579072,114688,114688,266240,114688,40607744,40624128,40611840,114688,114688,114688
40579072,40579072,114688,114688,266240,114688,40607744,40624128,40611840,114688,114688,114688
40579072,40579072,114688,114688,266240,114688,40607744,40624128,40611840,114688,114688,114688
40579072,40579072,114688,114688,266240,114688,40607744,40624128,40611840,114688,114688,114688
40579072,40579072,114688,114688,266240,114688,40607744,40624128,40611840,114688,114688,114688
40579072,40579072,114688,114688,266240,114688,40607744,40624128,40611840,114688,114688,114688
40579072,40579072,114688,114688,266240,114688,40607744,40624128,40611840,114688,114688,114688
40579072,40579072,114688,114688,266240,114688,40607744,40624128,40611840,114688,114688,114688
40579072,40579072,114688,114688,266240,114688,40607744,40624128,40611840,114688,114688,114688
40579072,40579072,114688,114688,266240,114688,40607744,40624128,40611840,114688,114688,114688
40579072,40579072,114688,114688,266240,114688,40607744,40624128,40611840,114688,114688,114688
40579072,40579072,114688,114688,266240,114688,40607744,40624128,40611840,114688,114688,114688
40579072,40579072,114688,114688,266240,114688,40607744,40624128,40611840,114688,114688,114688
40579072,40579072,114688,114688,266240,114688,40607744,40624128,40611840,114688,114688,114688
40579072,40579072,114688,114688,266240,114688,40607744,40624128,40611840,114688,114688,114688
40579072,40579072,114688,114688,266240,114688,40607744,40624128,40611840,114688,114688,114688
40579072,40579072,114688,114688,266240,114688,40607744,40624128,40611840,114688,114688,114688
40579072,40579072,114688,114688,266240,114688,40607744,40624128,40611840,114688,114688,114688
40579072,40579072,114688,114688,266240,114688,40607744,40624128,40611840,114688,114688,114688
40579072,40579072,114688,114688,266240,114688,40607744,40624128,40611840,114688,114688,114688
40579072,40579072,114688,114688,266240,114688,40607744,40624128,40611840,114688,114688,114688
40579072,40579072,114688,114688,266240,114688,40607744,40624128,40611840,114688,114688,114688
40579072,40579072,114688,114688,266240,114688,40607744,40624128,40611840,114688,114688,114688
40579072,40579072,114688,114688,266240,114688,40607744,40624128,40611840,114688,114688,114688
40579072,40579072,114688,114688,266240,114688,40607744,40624128,40611840,114688,114688,114688
40579072,40579072,114688,114688,266240,114688,40607744,40624128,40611840,114688,114688,114688
40579072,40579072,114688,114688,266240,114688,40607744,40624128,40611840,114688,114688,114688
40579072,40579072,114688,114688,266240,114688,40607744,40624128,40611840,114688,114688,114688
40579072,40579072,114688,114688,266240,114688,40607744,40624128,40611840,114688,114688,114688
40579072,40579072,114688,114688,266240,114688,40607744,40624128,40611840,114688,114688,114688
40579072,40579072,114688,114688,266240,114688,40607744,40624128,40611840,114688,114688,114688
40579072,40579072,114688,114688,266240,114688,40607744,40624128,40611840,114688,114688,114688
40579072,40579072,114688,114688,266240,114688,40607744,40624128,40611840,114688,114688,114688
40579072,40579072,114688,114688,266240,114688,40607744,40624128,40611840,114688,114688,114688
40579072,40579072,114688,114688,266240,114688,40607744,40624128,40611840,114688,114688,114688
40579072,40579072,114688,114688,266240,114688,40607744,40624128,40611840,114688,114688,114688
40579072,40579072,114688,114688,266240,114688,40607744,40624128,40611840,114688,114688,114688
40579072,40579072,114688,114688,266240,114688,40607744,40624128,40611840,114688,114688,114688
40579072,40579072,114688,114688,266240,114688,40607744,40624128,40611840,114688,114688,114688
40579072,40579072,114688,114688,266240,114688,40607744,40624128,40611840,114688,114688,114688
40579072,40579072,114688,114688,266240,114688,40607744,40624128,40611840,114688,114688,114688
40579072,40579072,114688,114688,266240,114688,40607744,40624128,40611840,114688,114688,114688
40579072,40579072,114688,114688,266240,114688,40607744,40624128,40611840,114688,114688,114688
40579072,40579072,114688,114688,266240,114688,40607744,40624128,40611840,114688,114688,114688
40579072,40579072,114688,114688,266240,114688,40607744,40624128,40611840,114688,114688,114688
40579072,40579072,114688,114688,266240,114688,40607744,40624128,40611840,114688,114688,114688
40579072,40579072,114688,114688,266240,114688,40607744,40624128,40611840,114688,114688,114688
40579072,40579072,114688,114688,266240,114688,40607744,40624128,40611840,114688,114688,114688
40579072,40579072,114688,114688,266240,114688,40607744,40624128,40611840,114688,114688,114688
40579072,40579072,114688,114688,266240,114688,40607744,40624128,40611840,114688,114688,114688
40579072,40579072,114688,114688,266240,114688,40607744,40624128,40611840,114688,114688,114688
40579072,40579072,114688,114688,266240,114688,40607744,40624128,40611840,114688,114688,114688
40579072,40579072,114688,114688,266240,114688,40607744,40624128,40611840,114688,114688,114688
40579072,40579072,114688,114688,266240,114688,40607744,40624128,40611840,114688,114688,114688
40579072,40579072,114688,114688,266240,114688,40607744,40624128,40611840,114688,114688,114688
40579072,40579072,114688,114688,266240,114688,40607744,40624128,40611840,114688,114688,114688
40579072,40579072,114688,114688,266240,114688,40607744,40624128,40611840,114688,114688,114688
40579072,40579072,114688,114688,266240,114688,40607744,40624128,40611840,114688,114688,114688
40579072,40579072,114688,114688,266240,114688,40607744,40624128,40611840,114688,114688,114688
40579072,40579072,114688,114688,266240,114688,40607744,40624128,40611840,114688,114688,114688
40579072,40579072,114688,114688,266240,114688,40607744,40624128,40611840,114688,114688,114688
40583168,40583168,114688,114688,266240,114688,40607744,40624128,40611840,114688,114688,114688
40583168,40583168,114688,114688,266240,114688,40607744,40624128,40611840,114688,114688,114688
40583168,40583168,114688,114688,262144,114688,40607744,40624128,40611840,114688,114688,114688
40583168,40583168,114688,114688,262144,114688,40607744,40624128,40611840,114688,114688,114688
40583168,40583168,114688,114688,262144,114688,40607744,40624128,40611840,114688,114688,114688
40583168,40583168,114688,114688,262144,114688,40607744,40624128,40611840,114688,114688,114688
40583168,40583168,114688,114688,262144,114688,40607744,40624128,40611840,114688,114688,114688
40583168,40583168,114688,114688,262144,114688,40607744,40624128,40611840,114688,114688,114688
40583168,40583168,114688,114688,262144,114688,40079360,40624128,40611840,114688,114688,114688
40583168,40583168,114688,114688,262144,114688,40079360,40624128,40611840,114688,114688,114688
40583168,40583168,114688,114688,266240,114688,40079360,40095744,40611840,114688,114688,114688
40583168,40583168,114688,114688,266240,114688,40079360,40095744,40611840,114688,114688,114688
40583168,40583168,114688,114688,266240,114688,40079360,40095744,40611840,114688,114688,114688
40583168,40583168,114688,114688,266240,114688,40079360,40095744,40611840,114688,114688,114688
40583168,40583168,114688,114688,266240,114688,40079360,40095744,40611840,114688,114688,114688
40583168,40583168,114688,114688,266240,114688,40079360,40095744,40611840,114688,114688,114688
40583168,40583168,114688,114688,266240,114688,40079360,40095744,40611840,114688,114688,114688
40583168,40054784,114688,114688,266240,114688,40079360,40095744,40611840,114688,114688,114688
40583168,40054784,114688,114688,266240,114688,40079360,40095744,40611840,114688,114688,114688
40583168,40054784,114688,114688,266240,114688,40079360,40095744,40611840,114688,114688,114688
40583168,40054784,114688,114688,266240,114688,40079360,40095744,40611840,114688,114688,114688
40583168,40054784,114688,114688,266240,114688,40079360,40095744,40083456,114688,114688,114688
40583168,40054784,114688,114688,266240,114688,40079360,40095744,40083456,114688,114688,114688
40583168,40054784,114688,114688,266240,114688,40079360,40095744,40083456,114688,114688,114688
40583168,40054784,114688,114688,266240,114688,40079360,40095744,40083456,114688,114688,114688
40583168,40054784,114688,114688,266240,114688,40079360,40095744,40083456,114688,114688,114688
40583168,40054784,114688,114688,266240,114688,40079360,40095744,40083456,114688,114688,114688
40583168,40054784,114688,114688,266240,114688,40079360,40095744,40083456,114688,114688,114688
40583168,40054784,114688,114688,266240,114688,40079360,40095744,40083456,114688,114688,114688
40583168,40054784,114688,114688,266240,114688,40079360,40095744,40083456,114688,114688,114688
40583168,40054784,114688,114688,266240,114688,40079360,40095744,40083456,114688,114688,114688
40583168,40054784,114688,114688,266240,114688,40087552,40095744,40083456,114688,114688,114688
40583168,40583168,114688,114688,266240,114688,40087552,40095744,40611840,114688,114688,114688
40583168,40583168,114688,114688,266240,114688,40615936,40628224,40611840,114688,114688,114688
40583168,40583168,114688,114688,266240,114688,40615936,40628224,40611840,114688,114688,114688
40583168,40583168,114688,114688,266240,114688,40615936,40628224,40611840,114688,114688,114688
40583168,40583168,114688,114688,266240,114688,40615936,40628224,40611840,114688,114688,114688
40583168,40583168,114688,114688,266240,114688,40615936,40628224,40611840,114688,114688,114688
40583168,40583168,114688,114688,266240,114688,40615936,40628224,40611840,114688,114688,114688
40583168,40583168,114688,114688,266240,114688,40615936,40628224,40611840,114688,114688,114688
40583168,40583168,114688,114688,266240,114688,40615936,40628224,40615936,114688,114688,114688
40583168,40583168,114688,114688,266240,114688,40615936,40628224,40615936,114688,114688,114688
40583168,40583168,114688,114688,266240,114688,40615936,40628224,40615936,114688,114688,114688
40583168,40583168,114688,114688,266240,114688,40615936,40640512,40624128,114688,114688,114688
40583168,40583168,114688,114688,266240,114688,40620032,40640512,40624128,114688,114688,114688
40583168,40583168,114688,114688,266240,114688,40620032,40640512,40624128,114688,114688,114688
40583168,40583168,114688,114688,266240,114688,40620032,40640512,40624128,114688,114688,114688
40583168,40583168,114688,114688,266240,114688,40620032,40640512,40624128,114688,114688,114688
40583168,40583168,114688,114688,266240,114688,40620032,40640512,40624128,114688,114688,114688
40583168,40583168,114688,114688,266240,114688,40620032,40640512,40624128,114688,114688,114688
40583168,40583168,114688,114688,266240,114688,40620032,40640512,40624128,114688,114688,114688
40583168,40583168,114688,114688,266240,114688,40620032,40640512,40628224,114688,114688,114688
40583168,40583168,114688,114688,266240,114688,40620032,40640512,40628224,114688,114688,114688
40583168,40583168,114688,114688,266240,114688,40620032,40640512,40628224,114688,114688,114688
40583168,40583168,114688,114688,266240,114688,40620032,40640512,40628224,114688,114688,114688
40583168,40583168,114688,114688,266240,114688,40620032,40640512,40628224,114688,114688,114688
40583168,40583168,114688,114688,266240,114688,40620032,40640512,40628224,114688,114688,114688
40583168,40583168,114688,114688,266240,114688,40620032,40640512,40628224,114688,114688,114688
40583168,40583168,114688,114688,266240,114688,40620032,40640512,40628224,114688,114688,114688
40583168,40583168,114688,114688,266240,114688,40620032,40640512,40628224,114688,114688,114688
40583168,40583168,114688,114688,266240,114688,40620032,40640512,40628224,114688,114688,114688
40583168,40583168,114688,114688,266240,114688,40620032,40640512,40628224,114688,114688,114688
40583168,40583168,114688,114688,266240,114688,40620032,40640512,40628224,114688,114688,114688
40583168,40583168,114688,114688,266240,114688,40620032,40640512,40628224,114688,114688,114688
40583168,40583168,114688,114688,270336,114688,40091648,40640512,40628224,114688,114688,114688
40583168,40583168,114688,114688,270336,114688,40091648,40640512,40628224,114688,114688,114688
40583168,40583168,114688,114688,270336,114688,40091648,40112128,40628224,114688,114688,114688
40583168,40583168,114688,114688,270336,114688,40091648,40112128,40628224,114688,114688,114688
40583168,40583168,114688,114688,270336,114688,40091648,40112128,40628224,114688,114688,114688
40583168,40583168,114688,114688,270336,114688,40091648,40112128,40628224,114688,114688,114688
40583168,40054784,114688,114688,270336,114688,40091648,40112128,40628224,114688,114688,114688
40583168,40054784,114688,114688,270336,114688,40091648,40112128,40628224,114688,114688,114688
40583168,40054784,114688,114688,270336,114688,40091648,40112128,40628224,114688,114688,114688
40583168,40054784,114688,114688,270336,114688,40091648,40112128,40628224,114688,114688,114688
40583168,40054784,114688,114688,270336,114688,40091648,40112128,40099840,114688,114688,114688
40583168,40054784,114688,114688,270336,114688,40091648,40112128,40099840,114688,114688,114688
40583168,40054784,114688,114688,270336,114688,40091648,40112128,40099840,114688,114688,114688
40583168,40054784,114688,114688,270336,114688,40091648,40112128,40099840,114688,114688,114688
40583168,40054784,114688,114688,270336,114688,40091648,40112128,40099840,114688,114688,114688
40583168,40054784,114688,114688,270336,114688,40091648,40112128,40099840,114688,114688,114688
40583168,40054784,114688,114688,270336,114688,40091648,40112128,40099840,114688,114688,114688
40583168,40583168,114688,114688,270336,114688,40091648,40112128,40628224,114688,114688,114688
40583168,40583168,114688,114688,270336,114688,40091648,40112128,40628224,114688,114688,114688
40583168,40583168,114688,114688,270336,114688,40620032,40640512,40628224,114688,114688,114688
40583168,40583168,114688,114688,270336,114688,40620032,40640512,40628224,114688,114688,114688
40583168,40583168,114688,114688,274432,114688,40620032,40640512,40628224,114688,114688,114688
40583168,40583168,114688,114688,274432,114688,40620032,40640512,40628224,114688,114688,114688
40583168,40583168,114688,114688,274432,114688,40620032,40640512,40628224,114688,114688,114688
40583168,40583168,114688,114688,274432,114688,40620032,40640512,40628224,114688,114688,114688
40583168,40583168,114688,114688,274432,114688,40620032,40640512,40628224,114688,114688,114688
40583168,40583168,114688,114688,274432,114688,40620032,40640512,40628224,114688,114688,114688
40583168,40583168,114688,114688,274432,114688,40620032,40640512,40628224,114688,114688,114688
40583168,40583168,114688,114688,274432,114688,40620032,40640512,40628224,114688,114688,114688
40583168,40583168,114688,114688,274432,114688,40620032,40640512,40628224,114688,114688,114688
40583168,40583168,114688,114688,274432,114688,40620032,40640512,40628224,114688,114688,114688
40583168,40583168,114688,114688,274432,114688,40620032,40640512,40628224,114688,114688,114688
40583168,40583168,114688,114688,274432,114688,40620032,40640512,40628224,114688,114688,114688
40583168,40583168,114688,114688,274432,114688,40620032,40640512,40628224,114688,114688,114688
40583168,40583168,114688,114688,274432,114688,40620032,40640512,40628224,114688,114688,114688
40583168,40583168,114688,114688,274432,114688,40620032,40640512,40628224,114688,114688,114688
40583168,40583168,114688,114688,274432,114688,40620032,40640512,40628224,114688,114688,114688
40583168,40583168,114688,114688,274432,114688,40620032,40640512,40628224,114688,114688,114688
40583168,40583168,114688,114688,274432,114688,40620032,40640512,40628224,114688,114688,114688
40583168,40583168,114688,114688,274432,114688,40620032,40640512,40628224,114688,114688,114688
40583168,40583168,114688,114688,274432,114688,40620032,40640512,40628224,114688,114688,114688
40583168,40583168,114688,114688,274432,114688,40620032,40640512,40628224,114688,114688,114688
40583168,40583168,114688,114688,274432,114688,40620032,40640512,40628224,114688,114688,114688
40583168,40583168,114688,114688,274432,114688,40620032,40640512,40628224,114688,114688,114688
40583168,40583168,114688,114688,274432,114688,40620032,40640512,40628224,114688,114688,114688
40583168,40583168,114688,114688,274432,114688,40620032,40640512,40628224,114688,114688,114688
40583168,40583168,114688,114688,274432,114688,40620032,40640512,40628224,114688,114688,114688
40583168,40583168,114688,114688,274432,114688,40620032,40640512,40628224,114688,114688,114688
40583168,40583168,114688,114688,274432,114688,40620032,40640512,40628224,114688,114688,114688
40583168,40583168,114688,114688,274432,114688,40620032,40640512,40628224,114688,114688,114688
40583168,40583168,114688,114688,274432,114688,40620032,40640512,40628224,114688,114688,114688
40583168,40583168,114688,114688,274432,114688,40620032,40640512,40628224,114688,114688,114688
40583168,40583168,114688,114688,274432,114688,40620032,40640512,40628224,114688,114688,114688
40583168,40583168,114688,114688,282624,114688,40624128,40640512,40632320,114688,114688,114688
40583168,40583168,114688,114688,282624,114688,40624128,40640512,40632320,114688,114688,114688
40583168,40583168,114688,114688,282624,114688,40624128,40644608,40632320,114688,114688,114688
40583168,40583168,114688,114688,282624,114688,40624128,40644608,40632320,114688,114688,114688
40587264,40587264,114688,114688,282624,114688,40624128,40644608,40632320,114688,114688,114688
40587264,40587264,114688,114688,282624,114688,40624128,40644608,40632320,114688,114688,114688
40587264,40587264,114688,114688,319488,114688,-,-,-,-,-,-
