dockerfiles-laptop-clientapp-0-1,dockerfiles-laptop-clientapp-1-1,dockerfiles-laptop-supernode-0-1,dockerfiles-laptop-supernode-1-1,dockerfiles-serverapp-1,dockerfiles-superlink-1,dockerfiles-desktop-clientapp-0-1,dockerfiles-desktop-clientapp-1-1,dockerfiles-desktop-clientapp-2-1,dockerfiles-desktop-supernode-0-1,dockerfiles-desktop-supernode-1-1,dockerfiles-desktop-supernode-2-1
39288832,39297024,46215168,46223360,40677376,47235072,45907968,47988736,45903872,46473216,46465024,46477312
39292928,39297024,46215168,46235648,40677376,47235072,45912064,47992832,45903872,46473216,46465024,46477312
39297024,39301120,46227456,46235648,40677376,47235072,45912064,47992832,45907968,46473216,46465024,46477312
39297024,39301120,46227456,46235648,40779776,47235072,45912064,47992832,45907968,46477312,46469120,46477312
39297024,39301120,46227456,46235648,40779776,47235072,45912064,47992832,45907968,46477312,46469120,46477312
39301120,39305216,46227456,46239744,40779776,47235072,45912064,47996928,45912064,46477312,46469120,46481408
39301120,39305216,46227456,46239744,235986944,47443968,45916160,47996928,45912064,46477312,46469120,46481408
39301120,39305216,46227456,46239744,327266304,47443968,45916160,47996928,45912064,46477312,46469120,46481408
39301120,39305216,46227456,46239744,327266304,47443968,45916160,47996928,45912064,46477312,46469120,46481408
39301120,39305216,46227456,46239744,394387456,47443968,45920256,47996928,45912064,46477312,46469120,46481408
39301120,39305216,46227456,46243840,465584128,47443968,45920256,48001024,45912064,46477312,46469120,46481408
39301120,39305216,46227456,46243840,465584128,47443968,45920256,48001024,45916160,46485504,46493696,46489600
39305216,39305216,46231552,46252032,472924160,47443968,45920256,48001024,45916160,46485504,46493696,46489600
39305216,39305216,46239744,48902144,472924160,51429376,122232832,214233088,45916160,47431680,47419392,50024448
39305216,39305216,46239744,48902144,499007488,54181888,321441792,214233088,288063488,47431680,47419392,47525888
226381824,346783744,47153152,47206400,499007488,54181888,321441792,360251392,379719680,47431680,47419392,47525888
352968704,346783744,47153152,47206400,499007488,49549312,425881600,454623232,379719680,47431680,47419392,47525888
352968704,484012032,47153152,47206400,499007488,49549312,481464320,454623232,467099648,47431680,47419392,47525888
482217984,484012032,47153152,47206400,499007488,49549312,515608576,507850752,511102976,47431680,47419392,47525888
482881536,484077568,47153152,47206400,499007488,49549312,516464640,515153920,511102976,47431680,47419392,47525888
482881536,484077568,47153152,47206400,499007488,49553408,516464640,515153920,513175552,47431680,47419392,47525888
494874624,492281856,47153152,47206400,499007488,49553408,521863168,524865536,519430144,47431680,47419392,47525888
498081792,1208332288,47153152,47206400,499007488,49553408,523927552,1039167488,519430144,47431680,47419392,47525888
827596800,1208332288,47153152,47206400,499007488,49553408,523927552,1039167488,1312407552,47431680,47419392,47525888
827596800,1314824192,47153152,47206400,499007488,49553408,900751360,1295310848,1312407552,47431680,47419392,47525888
1208029184,995848192,47153152,47206400,499007488,49553408,900751360,1295310848,1312407552,47431680,47419392,47525888
1270738944,995848192,47153152,47206400,499007488,49553408,900751360,1295310848,1312407552,47431680,47419392,47525888
1270738944,1274880000,47153152,47206400,499011584,49553408,1264467968,1113120768,1442897920,47431680,47419392,47525888
972587008,1274880000,47153152,47206400,499011584,49553408,1264467968,1113120768,1442897920,47431680,47419392,47525888
972587008,1274880000,47153152,47206400,499011584,49553408,1230946304,1435283456,1244778496,47431680,47419392,47525888
1376419840,1351639040,47153152,47206400,499011584,49553408,1230946304,1435283456,1244778496,47431680,47419392,47525888
1376419840,1351639040,47153152,47206400,499011584,49553408,1432850432,1435283456,1184956416,47431680,47419392,47525888
1326989312,1199636480,47153152,47206400,499011584,49553408,1383419904,1138036736,1305264128,47431680,47419392,47525888
1326989312,1199636480,47153152,47206400,499011584,49553408,1383419904,1138036736,1305264128,47431680,47419392,47525888
928669696,1260277760,47153152,47206400,499011584,49553408,1259454464,1333481472,1256591360,47431680,47419392,47525888
928669696,1223524352,47153152,47206400,499011584,49553408,1294348288,1187467264,1319014400,47431680,47419392,47525888
1226842112,1223524352,47153152,47206400,499011584,49553408,1294348288,1187467264,1319014400,47431680,47419392,47525888
1226842112,1013432320,47153152,47206400,499011584,49553408,1294348288,1336160256,1243754496,47431680,47419392,47525888
1237917696,1013432320,47153152,47206400,499011584,49553408,1009819648,1336160256,1342885888,47431680,47419392,47525888
1249112064,1262931968,47153152,47206400,499011584,49553408,1283272704,1237028864,1342885888,47431680,47419392,47525888
1249112064,1262931968,47153152,47206400,499011584,49553408,1283272704,1336160256,1342885888,47431680,47419392,47525888
978100224,1286819840,47153152,47206400,499011584,49553408,1160323072,1286594560,1293328384,47431680,47419392,47525888
1251622912,1286819840,47153152,47206400,499011584,49553408,1284169728,1286594560,1293328384,47431680,47419392,47525888
1251622912,1086750720,47153152,47206400,499011584,49553408,1284169728,1138040832,1269571584,47431680,47419392,47525888
1275510784,1273085952,47153152,47206400,499011584,49557504,1185038336,1286602752,1269571584,47431680,47419392,47525888
1025875968,1273085952,47153152,47206400,499011584,49557504,1185038336,1286602752,1368563712,47431680,47419392,47525888
1025875968,1273085952,47153152,47206400,499011584,49557504,1259458560,1187471360,1368563712,47431680,47419392,47525888
1275514880,1273085952,47153152,47206400,499011584,49557504,1258131456,1286602752,1345044480,47431680,47419392,47525888
1275514880,1111531520,47153152,47206400,499011584,49557504,1258131456,1138040832,1318109184,47431680,47419392,47525888
1275514880,1311604736,47153152,47206400,499011584,49557504,1332858880,1138040832,1318109184,47431680,47419392,47525888
1275514880,1311604736,47153152,47206400,499011584,49557504,1059315712,1310494720,1244655616,47431680,47419392,47525888
1275514880,1311604736,47153152,47206400,499011584,49557504,1059315712,1127555072,1244655616,47431680,47419392,47525888
953458688,1311604736,47153152,47206400,499011584,49561600,1333731328,1127555072,1343782912,47431680,47419392,47525888
953458688,1251127296,47153152,47206400,499011584,49561600,1333731328,1284816896,1343782912,47431680,47419392,47525888
1203093504,1251127296,47153152,47206400,499015680,49561600,1084096512,1263628288,1244651520,47431680,47419392,47525888
1236189184,951930880,47153152,47206400,499015680,49561600,1084096512,1162690560,1094148096,47431680,47419392,47525888
1237925888,1273098240,47153152,47206400,499011584,49561600,1333731328,1162690560,1343782912,47431680,47419392,47525888
1237925888,1273098240,47153152,47206400,499011584,49561600,1333731328,1263243264,1044586496,47431680,47419392,47525888
928677888,1273098240,47153152,47206400,499011584,49561600,1333731328,1263243264,1044586496,47431680,47419392,47525888
928677888,1281667072,47153152,47206400,499011584,49561600,1333731328,1297678336,1343782912,47431680,47419392,47525888
1178312704,1050034176,47153152,47206400,499011584,49561600,1333731328,1297678336,1343782912,47431680,47419392,47525888
1235296256,1050034176,47153152,47206400,499011584,49561600,1033773056,1286733824,1343782912,47431680,47419392,47525888
1213276160,1250103296,47153152,47206400,499011584,49561600,1357619200,1286733824,1343782912,47431680,47419392,47525888
928677888,1250103296,47153152,47206400,499011584,49561600,1357619200,987537408,1343782912,47431680,47419392,47525888
1128747008,1139027968,47153152,47206400,499011584,49561600,1357619200,1284816896,1094148096,47431680,47419392,47525888
1128747008,1038090240,47153152,47206400,499011584,49561600,1308188672,1284816896,1343782912,47431680,47419392,47525888
1238818816,1038090240,47153152,47206400,499011584,49561600,1308188672,1284816896,1343782912,47431680,47419392,47525888
1238818816,1249210368,47153152,47206400,499011584,49561600,1308188672,1036075008,1343782912,47431680,47419392,47525888
1227874304,1249210368,47153152,47206400,499011584,49561600,1308188672,1285709824,1244655616,47431680,47419392,47525888
978239488,1249210368,47153152,47206400,499011584,49565696,1058553856,1285709824,1244655616,47431680,47419392,47525888
978239488,1249210368,47153152,47206400,499011584,49565696,1058553856,1286602752,1343782912,47431680,47419392,47525888
1227874304,976715776,47153152,47206400,499011584,49565696,1357619200,1187471360,1343782912,47431680,47419392,47525888
1227874304,1226215424,47153152,47206400,499011584,49565696,1208922112,1187471360,1343782912,47431680,47419392,47525888
1238818816,1226215424,47153152,47206400,499011584,49565696,1208922112,1311383552,1094148096,47431680,47419392,47525888
1227874304,1248366592,47153152,47206400,499011584,49565696,1308053504,1311383552,1343782912,47431680,47419392,47525888
928677888,1250103296,47153152,47206400,499011584,49565696,985104384,1311383552,1343782912,47431680,47419392,47525888
928677888,1250103296,47153152,47206400,499011584,49565696,985104384,1311383552,995155968,47431680,47419392,47525888
1178312704,1050927104,47153152,47206400,499011584,49565696,1295245312,1212260352,995155968,47431680,47419392,47525888
1225089024,1249206272,47153152,47206400,499011584,49565696,1259384832,1286602752,1318109184,47431680,47419392,47525888
1225089024,1296982016,47153152,47206400,499011584,49565696,1034534912,1332105216,1318109184,47431680,47419392,47525888
1190121472,1296982016,47153152,47206400,499011584,49565696,1034534912,1332105216,1318109184,47431680,47419392,47525888
940621824,1320869888,47153152,47206400,499011584,49565696,1295245312,1336164352,1318109184,47431680,47419392,47525888
940621824,1170366464,47153152,47206400,499011584,49565696,985104384,1336164352,1269452800,47431680,47419392,47525888
1252524032,1170366464,47153152,47206400,499011584,49565696,985104384,1286598656,1343782912,47431680,47419392,47525888
1252524032,1271304192,47153152,47206400,499011584,49565696,1308057600,1237168128,1343782912,47431680,47419392,47525888
1252524032,1271304192,47153152,47206400,499011584,49565696,1282379776,1286733824,995155968,47431680,47419392,47525888
1252524032,1271304192,47153152,47206400,499011584,49565696,1282379776,1286733824,1293328384,47431680,47419392,47525888
1002889216,1221808128,47153152,47206400,499011584,49565696,1232814080,1187471360,1293328384,47431680,47419392,47525888
1002889216,1221808128,47153152,47206400,499011584,49565696,1232814080,1187471360,1317216256,47431680,47419392,47525888
1202958336,1026277376,47153152,47206400,499011584,49565696,1358512128,1187471360,1317216256,47431680,47419392,47525888
1272045568,1250996224,47153152,47206400,499011584,49565696,1308946432,1460068352,1068474368,47431680,47419392,47525888
1272045568,1250996224,47153152,47206400,499011584,49565696,1308946432,1311510528,1068474368,47431680,47419392,47525888
1225957376,1250996224,47153152,47206400,499011584,49565696,1358512128,1237172224,1355726848,47431680,47419392,47525888
953327616,1250996224,47153152,47206400,499011584,49565696,1358512128,1237172224,1355726848,47431680,47419392,47525888
953327616,1179664384,47153152,47206400,499011584,49565696,1358512128,1237172224,1355726848,47431680,47419392,47525888
1227743232,1001496576,47153152,47206400,499011584,49565696,1358512128,1237172224,1379614720,47431680,47419392,47525888
1238818816,1001496576,47153152,47206400,499011584,49565696,1358512128,1283080192,1330049024,47431680,47419392,47525888
1238818816,1250103296,47153152,47206400,499011584,49569792,1358512128,1138040832,1353936896,47431680,47419392,47525888
1251631104,1250103296,47153152,47206400,499011584,49569792,1135607808,1138040832,1353936896,47431680,47419392,47525888
953327616,1250103296,47153152,47206400,499011584,49569792,1259458560,1311383552,995155968,47431680,47419392,47525888
1144049664,1050927104,47153152,47206400,499011584,49569792,1259458560,1212252160,1294221312,47431680,47419392,47525888
1144049664,1050927104,47153152,47206400,499011584,49569792,1307164672,1212252160,1294221312,47431680,47419392,47525888
1252524032,1201430528,47153152,47206400,499011584,49569792,1307164672,1311383552,1318109184,47431680,47419392,47525888
1252524032,1275777024,47153152,47206400,499011584,49569792,1034534912,1311383552,1319002112,47431680,47419392,47525888
1252524032,1275777024,47153152,47206400,499011584,49569792,1034534912,1311383552,1319002112,47431680,47419392,47525888
1178177536,1275777024,47153152,47206400,499011584,49569792,1333731328,1237172224,1319002112,47431680,47419392,47525888
1002889216,1075707904,47153152,47206400,499011584,49569792,1333731328,1237172224,995155968,47431680,47419392,47525888
1252524032,1075707904,47153152,47206400,499011584,49569792,1234599936,1294155776,1294221312,47431680,47419392,47525888
1252524032,1075707904,47153152,47206400,499011584,49569792,1308950528,1197654016,1318109184,47431680,47419392,47525888
1252524032,1249206272,47153152,47206400,499011584,49569792,1308950528,1197654016,1318109184,47431680,47419392,47525888
1252524032,1249206272,47153152,47206400,499011584,49569792,1333735424,1285709824,1277698048,47431680,47419392,47525888
990052352,1249206272,47153152,47206400,499011584,49569792,1333735424,1296785408,1319018496,47431680,47419392,47525888
1140555776,1175887872,47153152,47206400,499011584,49569792,1284169728,1296785408,1319018496,47431680,47419392,47525888
1140555776,1074946048,47153152,47206400,499011584,49569792,1308057600,1286238208,1319018496,47431680,47419392,47525888
1250738176,1175883776,47153152,47206400,499011584,49569792,1308057600,1286238208,1093255168,47431680,47419392,47525888
1250742272,1175883776,47153152,47206400,499011584,49569792,1209819136,1286602752,1342889984,47431680,47419392,47525888
1250742272,1275015168,47153152,47206400,499011584,49569792,1333731328,1310490624,1342889984,47431680,47419392,47525888
1147420672,1275015168,47153152,47206400,499011584,49569792,1333731328,1310490624,1246461952,47431680,47419392,47525888
953458688,1275015168,47153152,47206400,499011584,49569792,1084096512,1060855808,1246461952,47431680,47419392,47525888
953458688,1074946048,47153152,47206400,499011584,49569792,1333731328,1310490624,1343782912,47431680,47419392,47525888
1302085632,1074946048,47153152,47206400,499011584,49569792,1333731328,1310490624,1294217216,47431680,47419392,47525888
1302085632,1226215424,47153152,47206400,499011584,49569792,1333731328,1332592640,995155968,47431680,47419392,47525888
1302085632,1275777024,47153152,47206400,499011584,49569792,1021829120,1332592640,995155968,47431680,47419392,47525888
1302085632,1275777024,47153152,47206400,499011584,49569792,1021829120,1012187136,1293328384,47431680,47419392,47525888
1052450816,1275777024,47153152,47206400,499011584,49569792,1284169728,1261821952,1329160192,47431680,47419392,47525888
1052450816,1176645632,47153152,47206400,499011584,49569792,1284169728,1296785408,1329160192,47431680,47419392,47525888
1226113024,1275777024,47153152,47206400,499011584,49573888,1308057600,1296785408,1055768576,47431680,47419392,47525888
1165471744,1275777024,47153152,47206400,499019776,49573888,1308057600,1296785408,1055768576,47431680,47419392,47525888
1165471744,1275777024,47153152,47206400,499019776,49573888,1009885184,1189412864,1055768576,47431680,47419392,47525888
965402624,1275777024,47153152,47206400,499019776,49573888,1009885184,1310490624,1329156096,47431680,47419392,47525888
965402624,1001496576,47153152,47206400,499019776,49573888,1333731328,1334407168,1303478272,47431680,47419392,47525888
1252524032,1152000000,47153152,47206400,499019776,49573888,1333731328,1334407168,1303478272,47431680,47419392,47525888
1252524032,1152000000,47153152,47206400,499019776,49573888,1333731328,1084772352,1253912576,47431680,47419392,47525888
1252524032,1275781120,47153152,47206400,499019776,49573888,1333731328,1084772352,1253912576,47431680,47419392,47525888
1202147328,1275781120,47153152,47206400,499019776,49573888,1333731328,1334407168,1379610624,47431680,47419392,47525888
928677888,1275781120,47153152,47206400,499019776,49573888,1021829120,1248980992,1231048704,47431680,47419392,47525888
928677888,976715776,47153152,47206400,499019776,49573888,1021829120,1048911872,1231048704,47431680,47419392,47525888
1214013440,976715776,47153152,47206400,499019776,49573888,1308950528,1048911872,1328259072,47431680,47419392,47525888
1225089024,1275781120,47153152,47206400,499019776,49573888,1308950528,1333485568,1317208064,47431680,47419392,47525888
1225089024,1275781120,47153152,47206400,499019776,49573888,1308950528,1012318208,1416339456,47431680,47419392,47525888
965271552,1275781120,47153152,47206400,499019776,49573888,1059315712,1286602752,1416339456,47431680,47419392,47525888
965271552,1275781120,47153152,47206400,499019776,49573888,1059315712,1286602752,1293455360,47431680,47419392,47525888
965271552,1026146304,47153152,47206400,499019776,49573888,1308950528,1286733824,1293455360,47431680,47419392,47525888
1226850304,1026146304,47153152,47206400,499019776,49573888,1308950528,1286733824,1318998016,47431680,47419392,47525888
1237925888,1275781120,47153152,47206400,499019776,49573888,1354321920,1037099008,1342885888,47431680,47419392,47525888
1178177536,1275781120,47153152,47206400,499019776,49573888,1354321920,1037099008,1142816768,47431680,47419392,47525888
928677888,1275781120,47153152,47206400,499019776,49573888,1308950528,1286733824,1142816768,47431680,47419392,47525888
1153396736,1275781120,47153152,47206400,499019776,49573888,1308950528,1259724800,1340383232,47431680,47419392,47525888
1153396736,963747840,47153152,47206400,499019776,49573888,1308950528,1286602752,1393344512,47431680,47419392,47525888
1238818816,1064685568,47153152,47206400,499019776,49573888,1363275776,1286602752,1343778816,47431680,47419392,47525888
1227874304,1237266432,47153152,47206400,499019776,49573888,1259458560,1286602752,1343778816,47431680,47419392,47525888
1227874304,1237266432,47153152,47206400,499019776,49573888,1259458560,1286733824,1318993920,47431680,47419392,47525888
953458688,1248342016,47153152,47206400,499019776,49573888,1308950528,987537408,1318993920,47431680,47419392,47525888
1252524032,1248342016,47153152,47206400,499019776,49573888,1059315712,987537408,1269428224,47431680,47419392,47525888
1252524032,1013440512,47153152,47206400,499019776,49573888,1059315712,1237172224,1393340416,47431680,47419392,47525888
1252524032,1013440512,47153152,47206400,499019776,49573888,1259384832,1261006848,1294209024,47431680,47419392,47525888
1079181312,1263075328,47153152,47206400,499019776,49528832,1308950528,1283080192,1294209024,47431680,47419392,47525888
1079181312,1263075328,47153152,47206400,499019776,49528832,1308950528,1283080192,1343774720,47431680,47419392,47525888
928677888,1263075328,47153152,47206400,499019776,49528832,1308950528,1036075008,1318993920,47431680,47419392,47525888
1225117696,1213509632,47153152,47206400,499019776,49528832,1160388608,1285709824,1168490496,47431680,47419392,47525888
1225117696,1013440512,47153152,47206400,499019776,49528832,1160388608,1285709824,1168490496,47431680,47419392,47525888
1237925888,1013440512,47153152,47206400,499019776,49528832,1160388608,1285709824,1168490496,47431680,47419392,47525888
928677888,1287725056,47153152,47206400,499019776,49528832,1160388608,1321541632,1168490496,47431680,47419392,47525888
928677888,1287725056,47153152,47206400,499019776,49528832,1331945472,1321541632,1418125312,47431680,47419392,47525888
1104084992,1287725056,47153152,47206400,499019776,49528832,1331945472,1250787328,1069498368,47431680,47419392,47525888
1251631104,1038090240,47153152,47206400,499019776,49528832,1106292736,1298546688,1069498368,47431680,47419392,47525888
1251631104,1038090240,47153152,47206400,499019776,49528832,1106292736,1236144128,1343782912,47431680,47419392,47525888
1251631104,1139027968,47153152,47206400,499019776,49528832,1332834304,1236144128,1343782912,47431680,47419392,47525888
928677888,1249234944,47153152,47206400,499019776,49528832,1332834304,1285709824,1343782912,47431680,47419392,47525888
1051779072,1249234944,47153152,47206400,499019776,49528832,1332834304,1285709824,1145655296,47431680,47419392,47525888
1051779072,1262047232,47153152,47206400,499019776,49528832,1332969472,1285709824,1318109184,47431680,47419392,47525888
1249845248,1262047232,47153152,47206400,499019776,49528832,1332969472,1261060096,1318109184,47431680,47419392,47525888
1249845248,1001496576,47153152,47206400,499019776,49528832,1356726272,1261060096,1269452800,47431680,47419392,47525888
1273733120,1001496576,47153152,47206400,499019776,49528832,1284165632,1283080192,1269452800,47431680,47419392,47525888
928677888,1226215424,47153152,47206400,499019776,49532928,1284165632,1036075008,1319018496,47431680,47419392,47525888
928677888,1248366592,47153152,47206400,499019776,49532928,1367891968,1036075008,1343782912,47431680,47419392,47525888
928677888,1248366592,47153152,47206400,499019776,49537024,1308950528,1297653760,1343782912,47431680,47419392,47525888
1226850304,951934976,47153152,47206400,499019776,49537024,1308950528,1248980992,1244651520,47431680,47419392,47525888
1237925888,951934976,47153152,47206400,499019776,49537024,1308950528,1248980992,1244651520,47431680,47419392,47525888
1237925888,951934976,47153152,47206400,499019776,49537024,1059315712,1298546688,1294217216,47431680,47419392,47525888
1252524032,1262047232,47153152,47206400,499019776,49537024,1059315712,1138040832,1318105088,47431680,47419392,47525888
978108416,1262047232,47153152,47206400,499019776,49537024,1308950528,1237172224,1341992960,47431680,47419392,47525888
978108416,1262047232,47153152,47206400,499019776,49537024,1308950528,1237172224,1341992960,47431680,47419392,47525888
1227743232,1139159040,47153152,47206400,499019776,49537024,985104384,1332592640,1141923840,47431680,47419392,47525888
1238818816,1139159040,47153152,47206400,499019776,49537024,1135607808,1036075008,1141923840,47431680,47419392,47525888
1238818816,1139159040,47153152,47206400,499019776,49537024,1135607808,1285709824,1342885888,47431680,47419392,47525888
1167556608,1287720960,47153152,47206400,499019776,49537024,1308057600,1285709824,1317208064,47431680,47419392,47525888
953327616,1287720960,47153152,47206400,499019776,49537024,1208926208,1285709824,1267642368,47431680,47419392,47525888
953327616,1287720960,47153152,47206400,499019776,49537024,1208926208,1261953024,1267642368,47431680,47419392,47525888
1227743232,1087651840,47153152,47206400,499019776,49537024,1308950528,1261953024,1317208064,47431680,47419392,47525888
1251631104,1238155264,47153152,47206400,499019776,49537024,1332858880,1212387328,1318100992,47431680,47419392,47525888
1251631104,1238155264,47153152,47206400,499019776,49537024,1332858880,1212387328,1269432320,47431680,47419392,47525888
953458688,1249230848,47153152,47206400,499019776,49537024,1083224064,1308704768,1269432320,47431680,47419392,47525888
1153527808,1249230848,47153152,47206400,499019776,49537024,1332858880,1036075008,1368563712,47431680,47419392,47525888
1153527808,1201561600,47153152,47206400,499019776,49537024,1356726272,1285709824,1343057920,47431680,47419392,47525888
1237925888,1051058176,47153152,47206400,499019776,49537024,1356726272,1285709824,1343057920,47431680,47419392,47525888
1187786752,1051058176,47153152,47206400,499023872,49537024,1107091456,1295024128,1343057920,47431680,47419392,47525888
1187786752,1275777024,47153152,47206400,499023872,49537024,1107091456,1295024128,1343782912,47431680,47419392,47525888
953327616,1275777024,47153152,47206400,499019776,49537024,1308946432,1023369216,1294352384,47431680,47419392,47525888
953327616,1303736320,47153152,47206400,499019776,49537024,1183301632,1023369216,1294352384,47431680,47419392,47525888
1236189184,1303736320,47153152,47206400,499019776,49537024,1183301632,1273004032,1044717568,47431680,47419392,47525888
1236189184,1026277376,47153152,47206400,499019776,49537024,1308057600,1284075520,1343782912,47431680,47419392,47525888
1236189184,1237262336,47153152,47206400,499019776,49537024,1208926208,1284075520,1221812224,47431680,47419392,47525888
1105399808,1237262336,47153152,47206400,499019776,49537024,1308057600,1162821632,1221812224,47431680,47419392,47525888
1105399808,1248337920,47153152,47206400,499019776,49537024,1308057600,1012318208,1293332480,47431680,47419392,47525888
1126129664,1248337920,47153152,47206400,499019776,49537024,1308057600,1336164352,1293332480,47431680,47419392,47525888
1251631104,1063002112,47153152,47206400,499019776,49541120,1234735104,1336164352,1330946048,47431680,47419392,47525888
1251631104,1063002112,47153152,47206400,499019776,49545216,1234735104,1336164352,1044586496,47431680,47419392,47525888
1251631104,1163939840,47153152,47206400,499019776,49545216,1209892864,1237032960,1044586496,47431680,47419392,47525888
1001996288,1261150208,47153152,47206400,499019776,49545216,1308950528,1237032960,1343782912,47431680,47419392,47525888
1001996288,1261150208,47153152,47206400,499019776,49545216,1308950528,1286598656,1367670784,47431680,47419392,47525888
1001996288,1273139200,47153152,47206400,499019776,49545216,1261191168,1286598656,1367670784,47431680,47419392,47525888
1252524032,1074946048,47153152,47206400,499019776,49545216,1308950528,1286598656,1118035968,47431680,47419392,47525888
1252524032,1074946048,47153152,47206400,499019776,49545216,1234604032,987537408,1367670784,47431680,47419392,47525888
1252524032,1275015168,47153152,47206400,499019776,49545216,1234604032,1138040832,1318105088,47431680,47419392,47525888
928677888,1275015168,47153152,47206400,499019776,49549312,1209896960,1138040832,1318105088,47431680,47419392,47525888
1128747008,1275015168,47153152,47206400,499019776,49549312,1355927552,1296785408,1318109184,47431680,47419392,47525888
1214013440,1074946048,47153152,47206400,499019776,49549312,1355927552,1333485568,1292521472,47431680,47419392,47525888
1225089024,1074946048,47153152,47206400,499019776,49549312,1110827008,1333485568,1292521472,47431680,47419392,47525888
1225089024,1074946048,47153152,47206400,499019776,49549312,1110827008,1036967936,1342087168,47431680,47419392,47525888
1190121472,1274880000,47153152,47206400,499019776,49549312,1308950528,1036967936,1342087168,47431680,47419392,47525888
940621824,1274880000,47153152,47206400,499019776,49549312,1259384832,1311383552,1342889984,47431680,47419392,47525888
940621824,1274880000,47153152,47206400,499019776,49549312,1234739200,1311383552,1342889984,47431680,47419392,47525888
1277304832,1075838976,47153152,47206400,499019776,49549312,1234739200,1311383552,1343782912,47431680,47419392,47525888
1277304832,1075838976,47153152,47206400,499019776,49549312,1294352384,1061748736,1343782912,47431680,47419392,47525888
1295282176,1075838976,47153152,47206400,499019776,49549312,1185038336,1061748736,1343782912,47431680,47419392,47525888
1295282176,1248362496,47153152,47206400,499019776,49549312,1284169728,1311383552,1244651520,47431680,47419392,47525888
1027670016,1248362496,47153152,47206400,499019776,49549312,1284169728,1311383552,1244651520,47431680,47419392,47525888
1227739136,1249206272,47153152,47206400,499019776,49549312,1284169728,1311383552,1244651520,47431680,47419392,47525888
1227739136,1249206272,47153152,47206400,499019776,49549312,1284169728,1311383552,1244651520,47431680,47419392,47525888
1237921792,1098702848,47153152,47206400,499019776,49549312,1308057600,1328984064,1343782912,47431680,47419392,47525888
1178308608,1298771968,47153152,47206400,499019776,49549312,1221767168,1186578432,1343782912,47431680,47419392,47525888
978239488,1298771968,47153152,47206400,499019776,49549312,1221767168,1186578432,1019936768,47431680,47419392,47525888
978239488,1298771968,47153152,47206400,499019776,49549312,1308057600,1335271424,1318109184,47431680,47419392,47525888
1227874304,1298771968,47153152,47206400,499019776,49549312,1308057600,1335271424,1391652864,47431680,47419392,47525888
1227874304,976715776,47153152,47206400,499019776,49549312,1185169408,1335271424,1391652864,47431680,47419392,47525888
1251631104,1226215424,47153152,47206400,499019776,49549312,1358512128,1335271424,1294221312,47431680,47419392,47525888
1152634880,1226215424,47153152,47206400,499019776,49549312,1358512128,1335271424,1294221312,47431680,47419392,47525888
1152634880,1248366592,47153152,47206400,499019776,49549312,1358512128,987537408,1294221312,47431680,47419392,47525888
952565760,1248366592,47153152,47206400,499019776,49549312,1209819136,987537408,1294352384,47431680,47419392,47525888
952565760,1102434304,47153152,47206400,499019776,49549312,1209819136,1237172224,995155968,47431680,47419392,47525888
1237032960,1102434304,47153152,47206400,499019776,49549312,1308946432,1283080192,995155968,47431680,47419392,47525888
1269112832,1102434304,47153152,47206400,499019776,49549312,1308946432,1283080192,1343782912,47431680,47419392,47525888
1269112832,1250103296,47153152,47206400,499019776,49549312,1209815040,1236144128,1343782912,47431680,47419392,47525888
972595200,1250103296,47153152,47206400,499019776,49549312,1209815040,1236144128,1367670784,47431680,47419392,47525888
1123098624,1226346496,47153152,47206400,499019776,49549312,1284169728,1286602752,1367670784,47431680,47419392,47525888
1249845248,1226346496,47153152,47206400,499019776,49549312,1295245312,1286602752,1218973696,47431680,47419392,47525888
1249845248,1001365504,47153152,47206400,499019776,49549312,1295245312,1310490624,1368563712,47431680,47419392,47525888
1273733120,1001365504,47153152,47206400,499019776,49553408,1308950528,987537408,1318998016,47431680,47419392,47525888
1273733120,1249210368,47153152,47206400,499019776,49553408,1308950528,987537408,1318998016,47431680,47419392,47525888
953458688,1273098240,47153152,47206400,499019776,49553408,1308950528,1297653760,1294221312,47431680,47419392,47525888
1226850304,1273098240,47153152,47206400,499019776,49553408,1308950528,1273896960,1294221312,47431680,47419392,47525888
1226850304,1025384448,47153152,47206400,499019776,49553408,1059315712,1273896960,1330053120,47431680,47419392,47525888
1237925888,1184223232,47153152,47206400,499019776,49553408,1308950528,1199415296,1377828864,47431680,47419392,47525888
1103831040,1299668992,47153152,47206400,499019776,49553408,1308950528,1323327488,1377828864,47431680,47419392,47525888
1069117440,1299668992,47153152,47206400,499019776,49553408,1358516224,1323327488,1330946048,47431680,47419392,47525888
1069117440,976715776,47153152,47206400,499019776,49553408,1209958400,1073692672,1353940992,47431680,47419392,47525888
1238818816,976715776,47153152,47206400,499019776,49553408,1209958400,1073692672,1353940992,47431680,47419392,47525888
1238818816,976715776,47153152,47206400,499019776,49553408,1308950528,1323327488,1269440512,47431680,47419392,47525888
1251631104,976715776,47153152,47206400,499019776,49557504,1308950528,1323327488,1318109184,47431680,47419392,47525888
978108416,1258553344,47153152,47206400,499019776,49557504,1333731328,1323327488,1318109184,47431680,47419392,47525888
978108416,1260290048,47153152,47206400,499019776,49557504,1284165632,987537408,1391652864,47431680,47419392,47525888
1227743232,951934976,47153152,47206400,499019776,49557504,1284165632,987537408,1391652864,47431680,47419392,47525888
1227743232,951934976,47153152,47206400,499019776,49557504,1284165632,1237172224,1391652864,47431680,47419392,47525888
1249001472,951934976,47153152,47206400,499019776,49557504,1084096512,1295892480,1342087168,47431680,47419392,47525888
1152499712,1251000320,47153152,47206400,499019776,49557504,1333731328,1295892480,1294356480,47431680,47419392,47525888
940621824,1251000320,47153152,47206400,499019776,49557504,1333731328,1337077760,1269452800,47431680,47419392,47525888
940621824,1251000320,47153152,47206400,499019776,49557504,1333731328,1337077760,1269452800,47431680,47419392,47525888
1214906368,1201434624,47153152,47206400,499019776,49557504,1084096512,1310490624,1343782912,47431680,47419392,47525888
1237057536,1001365504,47153152,47206400,499019776,49557504,1319997440,1310490624,1244651520,47431680,47419392,47525888
1215037440,1001365504,47153152,47206400,499019776,49557504,1319997440,1310490624,1244651520,47431680,47419392,47525888
990052352,1262047232,47153152,47206400,499019776,49561600,1244024832,1211359232,1368563712,47431680,47419392,47525888
990052352,1262047232,47153152,47206400,499019776,49561600,1244024832,1310490624,1368563712,47431680,47419392,47525888
1140555776,1238290432,47153152,47206400,499019776,49561600,1296240640,1187606528,1368563712,47431680,47419392,47525888
1140555776,1038221312,47153152,47206400,499019776,49561600,1296240640,1187606528,1318998016,47431680,47419392,47525888
1264467968,1038221312,47153152,47206400,499019776,49561600,1296240640,1286602752,1318998016,47431680,47419392,47525888
1264467968,1188724736,47153152,47206400,499019776,49561600,1096040448,1286602752,1366773760,47431680,47419392,47525888
1214902272,1248313344,47153152,47206400,499019776,49561600,1271324672,1256439808,1317208064,47431680,47419392,47525888
1214902272,1248313344,47153152,47206400,499019776,49561600,1345671168,1256439808,1317208064,47431680,47419392,47525888
958996480,1272201216,47153152,47206400,499019776,49561600,1345671168,1261006848,1318993920,47431680,47419392,47525888
1258061824,1121697792,47153152,47206400,499019776,49561600,1345671168,1261006848,1342881792,47431680,47419392,47525888
1258061824,1121697792,47153152,47206400,499019776,49561600,1296105472,1285709824,1192378368,47431680,47419392,47525888
1258061824,1284145152,47153152,47206400,499019776,49561600,1296105472,1311383552,1192378368,47431680,47419392,47525888
1232384000,1284145152,47153152,47206400,499019776,49561600,1370451968,1311383552,1342881792,47431680,47419392,47525888
1032314880,1308033024,47153152,47206400,499019776,49561600,1370451968,1311383552,1342881792,47431680,47419392,47525888
1032314880,1308033024,47153152,47206400,499019776,49561600,1170382848,1311383552,1342881792,47431680,47419392,47525888
1232384000,1109884928,47153152,47206400,499019776,49561600,1370451968,1162821632,1394253824,47431680,47419392,47525888
1232384000,1250504704,47153152,47206400,499019776,49561600,1370451968,1284075520,1394253824,47431680,47419392,47525888
1232384000,1250504704,47153152,47206400,499019776,49561600,1370451968,1284075520,1318998016,47431680,47419392,47525888
928677888,1297874944,47153152,47206400,499019776,49561600,1135607808,1313857536,1318998016,47431680,47419392,47525888
928677888,1297874944,47153152,47206400,499019776,49561600,1306320896,1313857536,1170321408,47431680,47419392,47525888
928677888,1147371520,47153152,47206400,499019776,49561600,1306320896,1311383552,1343782912,47431680,47419392,47525888
1202962432,1147371520,47153152,47206400,499019776,49561600,1185169408,1311383552,1343782912,47431680,47419392,47525888
1236189184,1248309248,47153152,47206400,499019776,49561600,1185169408,1311383552,1343782912,47431680,47419392,47525888
1236189184,1248309248,47153152,47206400,499019776,49561600,1333731328,1162686464,1294217216,47431680,47419392,47525888
1237925888,1297874944,47153152,47206400,499019776,49561600,1333731328,1162686464,1294217216,47431680,47419392,47525888
928677888,1226342400,47153152,47206400,499019776,49561600,1333731328,1162686464,1294217216,47431680,47419392,47525888
928677888,1226342400,47153152,47206400,499019776,49561600,1333731328,1311383552,1318998016,47431680,47419392,47525888
1202962432,1100488704,47153152,47206400,499019776,49561600,1333731328,1138040832,1318998016,47431680,47419392,47525888
1202962432,1100488704,47153152,47206400,499019776,49561600,1284165632,1138040832,1318998016,47431680,47419392,47525888
1236189184,1300557824,47153152,47206400,499019776,49561600,1284165632,1296760832,1318998016,47431680,47419392,47525888
1263599616,1300557824,47153152,47206400,499019776,49561600,1333731328,1260924928,1243754496,47431680,47419392,47525888
928677888,1176649728,47153152,47206400,499019776,49561600,1333731328,1260924928,1243754496,47431680,47419392,47525888
928677888,1176649728,47153152,47206400,499019776,49561600,1246547968,1285709824,1392451584,47431680,47419392,47525888
1237901312,976715776,47153152,47206400,499019776,49561600,985104384,1335406592,1392451584,47431680,47419392,47525888
1237901312,1250996224,47153152,47206400,499019776,49561600,1332858880,1335406592,1342087168,47431680,47419392,47525888
1237901312,1274884096,47153152,47206400,499019776,49565696,1332858880,1322434560,1224884224,47431680,47419392,47525888
977215488,1274884096,47153152,47206400,499019776,49565696,1356726272,1322434560,1318109184,47431680,47419392,47525888
977215488,1127215104,47153152,47206400,499019776,49565696,1034665984,1322434560,1318109184,47431680,47419392,47525888
1252524032,1127215104,47153152,47206400,499019776,49565696,1034665984,1322434560,1342087168,47431680,47419392,47525888
1252524032,1026277376,47153152,47206400,499019776,49565696,1333731328,1322434560,1294221312,47431680,47419392,47525888
1252524032,1297879040,47153152,47206400,499019776,49565696,1333731328,1322434560,1294221312,47431680,47419392,47525888
1202958336,1297879040,47153152,47206400,499019776,49565696,1333731328,987537408,1318109184,47431680,47419392,47525888
1202958336,1297879040,47153152,47206400,499019776,49565696,1284165632,1286602752,1318109184,47431680,47419392,47525888
928677888,1321766912,47153152,47206400,499019776,49565696,1084096512,1286602752,1170440192,47431680,47419392,47525888
928677888,1321766912,47153152,47206400,499019776,49565696,1084096512,1237168128,1319018496,47431680,47419392,47525888
1249001472,951934976,47153152,47206400,499019776,49565696,1284165632,1237168128,1170309120,47431680,47419392,47525888
1298513920,1224429568,47153152,47206400,499019776,49569792,1318211584,1286602752,1170309120,47431680,47419392,47525888
1001996288,1257656320,47153152,47206400,499019776,49569792,1221763072,1138040832,1170309120,47431680,47419392,47525888
1001996288,1161154560,47153152,47206400,499019776,49569792,1221763072,1138040832,1318109184,47431680,47419392,47525888
1277304832,976715776,47153152,47206400,499019776,49569792,1320894464,1285709824,1318109184,47431680,47419392,47525888
1277304832,976715776,47153152,47206400,499019776,49569792,1320894464,1285709824,1342087168,47431680,47419392,47525888
1277304832,1275781120,47153152,47206400,499019776,49569792,1009885184,1309597696,1242955776,47431680,47419392,47525888
1128742912,1275781120,47153152,47206400,499019776,49569792,1284169728,1059962880,1242955776,47431680,47419392,47525888
1128742912,1275781120,47153152,47206400,499019776,49569792,1284169728,1309597696,1392455680,47431680,47419392,47525888
987287552,1308127232,47153152,47206400,499019776,49569792,1331945472,1309597696,1392455680,47431680,47419392,47525888
1227874304,1308127232,47153152,47206400,499019776,49569792,1331945472,1237172224,1294221312,47431680,47419392,47525888
1227874304,1026146304,47153152,47206400,499019776,49569792,985104384,1237172224,1294221312,47431680,47419392,47525888
1238818816,1275781120,47153152,47206400,499019776,49569792,985104384,987537408,1318109184,47431680,47419392,47525888
1238818816,1275781120,47153152,47206400,499019776,49569792,985104384,1138040832,1318109184,47431680,47419392,47525888
1238818816,1275781120,47153152,47206400,499019776,49569792,985104384,1138040832,1318109184,47431680,47419392,47525888
963641344,1275781120,47153152,47206400,499019776,49569792,1129316352,1320648704,1318109184,47431680,47419392,47525888
1114144768,1026146304,47153152,47206400,499019776,49569792,1259458560,1320648704,1371766784,47431680,47419392,47525888
1114144768,1026146304,47157248,47206400,499019776,49569792,1259458560,1320648704,1019805696,47431680,47419392,47525888
1227743232,1026146304,47157248,47206400,499019776,49569792,1294352384,1296891904,1019805696,47431680,47419392,47525888
1272045568,1262047232,47157248,47206400,499019776,49569792,1307164672,1047257088,1319018496,47431680,47419392,47525888
1272045568,1262047232,47157248,47206400,499019776,49569792,1307164672,1296891904,1319018496,47431680,47419392,47525888
953458688,1262047232,47157248,47206400,499019776,49569792,1308950528,1296891904,1319018496,47431680,47419392,47525888
953458688,1061978112,47157248,47206400,499019776,49569792,1308950528,1296891904,1293324288,47431680,47419392,47525888
1226850304,1061978112,47157248,47206400,499019776,49569792,1308950528,1296891904,1243758592,47431680,47419392,47525888
1226850304,1061978112,47157248,47206400,499019776,49569792,1259384832,1012318208,1343782912,47431680,47419392,47525888
1249001472,1262047232,47157248,47206400,499019776,49569792,1259384832,1261953024,1343782912,47431680,47419392,47525888
1249001472,1262047232,47157248,47206400,499019776,49569792,1259384832,1283080192,1293328384,47431680,47419392,47525888
928677888,1262047232,47157248,47206400,499019776,49569792,1308950528,1283080192,1317216256,47431680,47419392,47525888
928677888,1126322176,47157248,47206400,499019776,49569792,1308950528,1161928704,1317216256,47431680,47419392,47525888
1251631104,951934976,47157248,47206400,499019776,49569792,1059315712,1011425280,1293324288,47431680,47419392,47525888
1251631104,951934976,47157248,47206400,499019776,49569792,1308950528,1285709824,1293324288,47431680,47419392,47525888
1251631104,1249210368,47157248,47206400,499019776,49569792,1294372864,1285709824,1306161152,47431680,47419392,47525888
1251631104,1249210368,47157248,47206400,499019776,49569792,1294372864,1309597696,1355726848,47431680,47419392,47525888
953458688,1296986112,47157248,47206400,499019776,49569792,1320894464,1288724480,1355726848,47431680,47419392,47525888
953458688,1025384448,47157248,47206400,499019776,49569792,1320894464,1288724480,1106092032,47431680,47419392,47525888
1226850304,1025384448,47157248,47206400,499019776,49569792,1320894464,1060855808,1106092032,47431680,47419392,47525888
1226850304,1299668992,47157248,47206400,499019776,49569792,1021829120,1321566208,1330941952,47431680,47419392,47525888
1249001472,1299668992,47157248,47206400,499019776,49569792,1283276800,1321566208,1330941952,47431680,47419392,47525888
1249001472,1299668992,47157248,47206400,499019776,49569792,1316503552,1222434816,1130872832,47431680,47419392,47525888
928677888,1299668992,47157248,47206400,499019776,49569792,1316503552,1222434816,1130872832,47431680,47419392,47525888
1153396736,1250103296,47157248,47206400,499019776,49569792,1269567488,1321566208,1317208064,47431680,47419392,47525888
1153396736,1250103296,47157248,47206400,499019776,49569792,1069264896,1321566208,1317208064,47431680,47419392,47525888
1251631104,1050034176,47157248,47206400,499019776,49569792,1069264896,1226010624,1317208064,47431680,47419392,47525888
1251631104,1250103296,47157248,47206400,499019776,49569792,1283276800,1226010624,1268535296,47431680,47419392,47525888
1225953280,1250103296,47157248,47206400,499019776,49573888,1283276800,1284841472,1367666688,47431680,47419392,47525888
1025884160,1250103296,47157248,47206400,499019776,49573888,1259520000,1024262144,1367666688,47431680,47419392,47525888
1025884160,1250103296,47157248,47206400,499019776,49573888,1185038336,1024262144,1367666688,47431680,47419392,47525888
1277304832,1050034176,47157248,47206400,499019776,49573888,1185038336,1024262144,1367666688,47431680,47419392,47525888
1277304832,1050034176,47157248,47206400,499019776,49573888,1185038336,1024262144,1367666688,47431680,47419392,47525888
1277304832,1274884096,47157248,47206400,499019776,49573888,1185038336,1273896960,1167597568,47431680,47419392,47525888
965402624,1274884096,47157248,47206400,499019776,49573888,1308950528,1273896960,1167597568,47431680,47419392,47525888
979947520,1324449792,47157248,47206400,499019776,49573888,1234739200,1335275520,1368559616,47431680,47419392,47525888
979947520,988659712,47157248,47206400,499019776,49573888,1135607808,1335275520,1368559616,47431680,47419392,47525888
1238818816,988659712,47157248,47206400,499019776,49573888,1135607808,1236144128,1368559616,47431680,47419392,47525888
1238818816,1139163136,47157248,47206400,499019776,49573888,1294352384,1285709824,1319133184,47431680,47419392,47525888
1227874304,1262047232,47157248,47206400,499019776,49573888,1294352384,1285709824,1342087168,47431680,47419392,47525888
1227874304,1262047232,47157248,47206400,499019776,49573888,985104384,1113124864,1342087168,47431680,47419392,47525888
928677888,1262047232,47157248,47206400,499019776,49573888,1135607808,1113124864,1044586496,47431680,47419392,47525888
1225957376,1038221312,47157248,47206400,499019776,49573888,1284169728,1286602752,1044586496,47431680,47419392,47525888
1225957376,1038221312,47157248,47206400,499019776,49573888,1284169728,1286602752,1343782912,47431680,47419392,47525888
1225957376,1262047232,47157248,47206400,499019776,49573888,1259384832,1286602752,1343782912,47431680,47419392,47525888
1225957376,1262047232,47157248,47206400,499019776,49573888,1259384832,1237037056,1343782912,47431680,47419392,47525888
1056526336,1262047232,47157248,47206400,499019776,49573888,1209954304,1237037056,1094148096,47431680,47419392,47525888
977215488,1250103296,47157248,47206400,499019776,49573888,1294352384,1286602752,1329156096,47431680,47419392,47525888
1226850304,1050034176,47157248,47206400,499019776,49573888,1294352384,1333166080,1329156096,47431680,47419392,47525888
1237057536,1275777024,47157248,47206400,499019776,49573888,1176649728,1333166080,1330053120,47431680,47419392,47525888
1115906048,1299664896,47157248,47206400,499019776,49573888,1176649728,1187147776,1330053120,47431680,47419392,47525888
1115906048,1299664896,47157248,47206400,499019776,49573888,1332858880,1036644352,1230917632,47431680,47419392,47525888
965402624,1385627648,47157248,47206400,499019776,49573888,1332858880,1036644352,1379610624,47431680,47419392,47525888
1215037440,1099595776,47157248,47206400,499019776,49573888,1034665984,1309241344,1379610624,47431680,47419392,47525888
1237925888,1299664896,47157248,47206400,499019776,49573888,1234608128,1309241344,1280479232,47431680,47419392,47525888
1250738176,1299664896,47157248,47206400,499019776,49573888,1234608128,1083383808,1379610624,47431680,47419392,47525888
1250738176,1250234368,47157248,47206400,499019776,49573888,1135607808,1083383808,1379610624,47431680,47419392,47525888
978108416,1200668672,47157248,47206400,499019776,49573888,1284169728,1333018624,1379610624,47431680,47419392,47525888
1106468864,1200668672,47157248,47206400,499019776,49573888,1284169728,1283452928,1125257216,47431680,47419392,47525888
1106468864,1050165248,47157248,47206400,499019776,49577984,1308057600,1283452928,1368559616,47431680,47419392,47525888
1277304832,1261150208,47157248,47206400,499019776,49577984,1058422784,1224331264,1368559616,47431680,47419392,47525888
1277304832,1261150208,47157248,47206400,499019776,49577984,1058422784,1297653760,1368559616,47431680,47419392,47525888
1277304832,1285038080,47157248,47206400,499019776,49577984,1308057600,1297653760,1368559616,47431680,47419392,47525888
978239488,1285038080,47157248,47206400,499019776,49577984,1342996480,1285709824,1069498368,47431680,47419392,47525888
1188151296,1086889984,47157248,47206400,499019776,49577984,1342996480,1236144128,1292345344,47431680,47419392,47525888
1188151296,1086889984,47157248,47206400,499019776,49577984,1342996480,1236144128,1292345344,47431680,47419392,47525888
1249894400,1286959104,47157248,47206400,499019776,49577984,1128583168,1236144128,1318105088,47431680,47419392,47525888
1249894400,1286959104,47157248,47206400,499019776,49577984,1345675264,1285709824,1318105088,47431680,47419392,47525888
1178177536,1286959104,47157248,47206400,499019776,49577984,1345675264,1285709824,1069383680,47431680,47419392,47525888
928677888,1237393408,47157248,47206400,499019776,49577984,1296109568,1224200192,1069383680,47431680,47419392,47525888
928677888,1086889984,47157248,47206400,499019776,49577984,1169756160,1224200192,1368563712,47431680,47419392,47525888
1227743232,1086889984,47157248,47206400,499019776,49577984,1169756160,1273004032,1318998016,47431680,47419392,47525888
1238818816,1237393408,47157248,47206400,499019776,49577984,1296109568,1198522368,1318998016,47431680,47419392,47525888
1251631104,1250099200,47157248,47206400,499019776,49577984,1296109568,1321541632,1368563712,47431680,47419392,47525888
1251631104,1250099200,47157248,47206400,499019776,49577984,1304555520,1321541632,1368563712,47431680,47419392,47525888
1001996288,1224421376,47157248,47206400,499019776,49582080,1242763264,1321541632,1145659392,47431680,47419392,47525888
1001996288,1224421376,47157248,47206400,499019776,49582080,1242763264,987537408,1343782912,47431680,47419392,47525888
1251631104,951934976,47157248,47206400,499019776,49582080,1307189248,1310490624,1343782912,47431680,47419392,47525888
1251631104,1251000320,47157248,47206400,499019776,49582080,1271328768,1310490624,1244651520,47431680,47419392,47525888
1237426176,1251000320,47157248,47206400,499019776,49582080,1284169728,1237168128,1244651520,47431680,47419392,47525888
953327616,951934976,47157248,47206400,499019776,49582080,1295245312,1187606528,1368563712,47435776,47419392,47525888
1202962432,951934976,47157248,47206400,499019776,49582080,1259462656,1187606528,1368563712,47435776,47419392,47525888
1202962432,1126178816,47157248,47206400,499019776,49582080,1259462656,1283080192,1219870720,47435776,47419392,47525888
1238794240,1250107392,47157248,47206400,499019776,49582080,1308950528,1283080192,1318998016,47435776,47419392,47525888
1238794240,1250107392,47157248,47206400,499019776,49582080,1308950528,1185521664,1318998016,47435776,47419392,47525888
1213116416,1261182976,47157248,47206400,499019776,49582080,1308950528,1333485568,1342885888,47435776,47419392,47525888
1013047296,1261182976,47157248,47206400,499019776,49582080,1160253440,1333485568,1220001792,47435776,47419392,47525888
1163550720,1011548160,47157248,47206400,499019776,49582080,1160253440,1286602752,1220001792,47435776,47419392,47525888
1264467968,1261182976,47157248,47206400,499019776,49582080,1284169728,1286602752,1319133184,47435776,47419392,47525888
1264467968,1261182976,47157248,47206400,499019776,49582080,1295245312,1311383552,1319133184,47435776,47419392,47525888
1264467968,1261182976,47157248,47206400,499019776,49582080,1185173504,1311383552,1269571584,47435776,47419392,47525888
1165336576,1152004096,47157248,47206400,499019776,49582080,1135607808,1311514624,1269571584,47435776,47419392,47525888
1165336576,1152004096,47157248,47206400,499019776,49582080,1283276800,1061879808,1120874496,47435776,47419392,47525888
1115770880,951934976,47157248,47206400,499019776,49582080,1283276800,1311514624,1319018496,47435776,47419392,47525888
1264463872,1250103296,47157248,47206400,499019776,49582080,1259520000,1311514624,1392455680,47435776,47419392,47525888
1264463872,1250103296,47157248,47206400,499019776,49582080,1185038336,1311514624,1392455680,47435776,47419392,47525888
1264463872,1250103296,47157248,47206400,499019776,49582080,1185038336,1187471360,1294221312,47435776,47419392,47525888
1165467648,1273991168,47157248,47206400,499019776,49582080,1308950528,1187471360,1294221312,47435776,47419392,47525888
1014964224,1073922048,47157248,47206400,499019776,49582080,1308950528,1187471360,1294221312,47435776,47419392,47525888
1014964224,1073922048,47157248,47206400,499019776,49582080,1308950528,1187471360,1294221312,47435776,47419392,47525888
1264599040,1224425472,47157248,47206400,499019776,49582080,1308950528,1286602752,1318109184,47435776,47419392,47525888
1264599040,1323556864,47157248,47206400,499019776,49582080,1059315712,1286602752,1244786688,47435776,47419392,47525888
1261789184,1323556864,47157248,47206400,499019776,49582080,1333731328,1113124864,1244786688,47435776,47419392,47525888
965271552,1213513728,47157248,47206400,499019776,49582080,1333731328,1272872960,1244790784,47435776,47419392,47525888
965271552,987635712,47157248,47206400,499019776,49582080,1009885184,1272872960,1343782912,47435776,47419392,47525888
1165340672,1088573440,47157248,47206400,499019776,49582080,1009885184,1284075520,1094148096,47435776,47419392,47525888
1165340672,1088573440,47157248,47206400,499019776,49582080,1259384832,1249116160,1094148096,47435776,47419392,47525888
1249001472,1250103296,47157248,47206400,499019776,49582080,1259384832,1174634496,1343782912,47435776,47419392,47525888
1249001472,1250103296,47157248,47206400,499019776,49582080,1259384832,1174634496,1343782912,47435776,47419392,47525888
1128611840,1224425472,47157248,47206400,499019776,49582080,1308950528,1308704768,1271377920,47435776,47419392,47525888
1128611840,1224425472,47157248,47206400,499019776,49582080,1308950528,1308704768,1294221312,47435776,47419392,47525888
1029615616,1073922048,47157248,47206400,499019776,49582080,1308950528,1036075008,1019805696,47435776,47419392,47525888
1237925888,1273991168,47157248,47206400,499019776,49582080,1271463936,1236144128,1019805696,47435776,47419392,47525888
1237925888,1273991168,47157248,47206400,499019776,49586176,1271463936,1236144128,1219874816,47435776,47419392,47525888
1250738176,1274884096,47157248,47206400,499019776,49586176,1046478848,1212256256,1318109184,47435776,47419392,47525888
1276116992,1274884096,47157248,47206400,499019776,49586176,1296113664,1261821952,1389555712,47435776,47419392,47525888
1119494144,988659712,47157248,47206400,499019776,49586176,1296113664,1283080192,1389555712,47435776,47419392,47525888
1119494144,988659712,47157248,47206400,499019776,49586176,1296113664,1283080192,1318109184,47435776,47419392,47525888
1252524032,1238159360,47157248,47206400,499019776,49586176,1236541440,1161928704,1318109184,47435776,47419392,47525888
1252524032,1262047232,47157248,47206400,499019776,49586176,1236541440,1290567680,1318109184,47435776,47419392,47525888
1252524032,1262047232,47157248,47206400,499019776,49586176,1307164672,1290567680,1242955776,47435776,47419392,47525888
928677888,1061978112,47157248,47206400,499019776,49586176,1307164672,1308704768,1343782912,47435776,47419392,47525888
928677888,1061978112,47157248,47206400,499019776,49586176,1135607808,1185816576,1343782912,47435776,47419392,47525888
1128747008,1262940160,47157248,47206400,499019776,49586176,1356726272,1284947968,1409617920,47435776,47419392,47525888
1249845248,1286828032,47157248,47206400,499019776,49586176,1356726272,1284947968,1409617920,47435776,47419392,47525888
1249845248,1286828032,47157248,47206400,499019776,49586176,1380614144,1308704768,1293328384,47435776,47419392,47525888
1224167424,1286828032,47157248,47206400,499019776,49586176,1331048448,1308704768,1293328384,47435776,47419392,47525888
928677888,1228128256,47157248,47206400,499019776,49586176,1331048448,1223307264,1317216256,47435776,47419392,47525888
928677888,1001496576,47157248,47206400,499019776,49586176,1331048448,1261953024,1293459456,47435776,47419392,47525888
1202069504,1001496576,47157248,47206400,499019776,49586176,1331048448,1261953024,1195515904,47435776,47419392,47525888
1236164608,1250996224,47157248,47206400,499019776,49586176,1331048448,1286602752,1195515904,47435776,47419392,47525888
1285677056,1250996224,47157248,47206400,499019776,49586176,1059446784,1286602752,1318109184,47435776,47419392,47525888
1135202304,1274884096,47157248,47206400,499019776,49586176,1059446784,1310490624,1195225088,47435776,47419392,47525888
1135202304,1074814976,47157248,47206400,499019776,49586176,1059446784,1310490624,1195225088,47435776,47419392,47525888
928677888,1175752704,47157248,47206400,499019776,49586176,1059446784,1310490624,1195225088,47435776,47419392,47525888
1277304832,1175752704,47157248,47206400,499019776,49586176,1283293184,1060855808,1195225088,47435776,47419392,47525888
1277304832,1248342016,47157248,47206400,499019776,49586176,1283293184,1060855808,1319018496,47435776,47419392,47525888
1277304832,1261150208,47157248,47206400,499019776,49586176,1283293184,1310490624,1319018496,47435776,47419392,47525888
1227739136,1261150208,47157248,47206400,499019776,49586176,1059315712,1176313856,1342889984,47435776,47419392,47525888
1027670016,951934976,47157248,47206400,499019776,49586176,1059315712,1162690560,1342889984,47435776,47419392,47525888
1027670016,1127088128,47157248,47206400,499019776,49586176,1308950528,1162690560,1166245888,47435776,47419392,47525888
1277304832,1127088128,47157248,47206400,499019776,49590272,1234604032,1333485568,1294221312,47435776,47419392,47525888
1277304832,1250103296,47157248,47206400,499019776,49590272,1234604032,1263628288,1318109184,47435776,47419392,47525888
1251631104,1250103296,47157248,47206400,499019776,49590272,1331052544,1261821952,1318109184,47435776,47419392,47525888
953327616,1073922048,47157248,47206400,499019776,49590272,1331052544,1261821952,1019805696,47435776,47419392,47525888
1153396736,1073922048,47157248,47206400,499019776,49590272,1356746752,1295048704,1019805696,47435776,47419392,47525888
1153396736,1189515264,47157248,47206400,499019776,49590272,1356746752,1273028608,1341104128,47435776,47419392,47525888
1236164608,1273991168,47157248,47206400,499019776,49590272,1284169728,1122234368,1341104128,47435776,47419392,47525888
1237901312,1274884096,47157248,47206400,499019776,49594368,1284169728,1122234368,1292521472,47435776,47419392,47525888
1240600576,1274884096,47157248,47206400,499019776,49594368,1209892864,1273028608,1342164992,47435776,47419392,47525888
1240600576,1013440512,47157248,47206400,499019776,49594368,1209892864,1305231360,1342164992,47435776,47419392,47525888
928677888,1013440512,47157248,47206400,499019776,49594368,1294352384,987537408,1342889984,47435776,47419392,47525888
1277304832,1262047232,47157248,47206400,499019776,49594368,1294352384,987537408,1093255168,47435776,47419392,47525888
1277304832,1285935104,47157248,47206400,499019776,49594368,1185038336,1286602752,1093255168,47435776,47419392,47525888
1277304832,1309822976,47157248,47206400,499019776,49594368,1308950528,1286733824,1342889984,47435776,47419392,47525888
1211215872,1309822976,47157248,47206400,499019776,49594368,1308950528,1037099008,1293324288,47435776,47419392,47525888
1211215872,1062109184,47157248,47206400,499019776,49594368,1358516224,1037099008,1293324288,47435776,47419392,47525888
1150099456,1062109184,47157248,47206400,499019776,49594368,1284165632,1286733824,1319018496,47435776,47419392,47525888
1277304832,1249206272,47157248,47206400,499019776,49594368,1383292928,1309597696,1342889984,47435776,47419392,47525888
1277304832,1249206272,47157248,47206400,499019776,49594368,1383292928,1309597696,1019936768,47435776,47419392,47525888
1277304832,1249206272,47157248,47206400,499019776,49594368,1385099264,1012187136,1019936768,47435776,47419392,47525888
1227739136,1225449472,47157248,47206400,499019776,49594368,1385099264,1284075520,1343782912,47435776,47419392,47525888
1227739136,1074946048,47157248,47206400,499019776,49594368,1358508032,1273765888,1318105088,47435776,47419392,47525888
1218256896,1074946048,47157248,47206400,499019776,49594368,1358508032,1273765888,1318105088,47435776,47419392,47525888
1218256896,1250099200,47157248,47206400,499019776,49594368,1308942336,1265377280,1195220992,47435776,47419392,47525888
1264463872,1250099200,47157248,47206400,499019776,49594368,1308942336,1298546688,1343782912,47435776,47419392,47525888
1264463872,1283325952,47157248,47206400,499019776,49594368,1308942336,1322434560,1294217216,47435776,47423488,47525888
1264463872,1283325952,47157248,47206400,499019776,49594368,1308942336,1322434560,1294217216,47435776,47423488,47525888
1014964224,976715776,47157248,47206400,499019776,49598464,1308942336,1322434560,1294217216,47435776,47423488,47525888
1115901952,976715776,47157248,47206400,499019776,49598464,1308942336,1322434560,1294217216,47435776,47423488,47525888
1115901952,1250996224,47157248,47206400,499019776,49598464,1308942336,1272868864,1244651520,47435776,47423488,47525888
1238790144,1250996224,47157248,47206400,499019776,49598464,1175519232,1272868864,1330049024,47435776,47423488,47525888
1190252544,1250996224,47157248,47206400,499019776,49598464,1175519232,1295048704,1330049024,47435776,47423488,47525888
1190252544,1152000000,47157248,47206400,499019776,49598464,1309081600,1311383552,1106223104,47435776,47423488,47525888
1014833152,1001496576,47157248,47206400,499019776,49598464,1309081600,1311383552,1306157056,47435776,47423488,47525888
1014833152,1226215424,47157248,47206400,499019776,49598464,1185038336,1311383552,1306157056,47435776,47423488,47525888
1264467968,1226215424,47157248,47206400,499019776,49598464,1185038336,1311383552,1353932800,47435776,47423488,47525888
1214144512,1259442176,47157248,47206400,499019776,49598464,1284169728,1012318208,1405304832,47435776,47423488,47525888
1214144512,1261178880,47157248,47206400,499019776,49598464,1295245312,1012318208,1131003904,47435776,47423488,47525888
940621824,1261178880,47157248,47206400,499019776,49598464,1295245312,1295048704,1131003904,47435776,47423488,47525888
1042243584,976715776,47157248,47206400,499019776,49598464,1160327168,1295048704,1331073024,47435776,47423488,47525888
1042243584,1250996224,47157248,47206400,499019776,49598464,1259458560,1297678336,1331073024,47435776,47423488,47525888
1238794240,1250996224,47157248,47206400,499019776,49598464,1305427968,1237037056,1331073024,47435776,47423488,47525888
1238794240,1262071808,47157248,47206400,499019776,49598464,1305427968,1237037056,1154760704,47435776,47423488,47525888
1249869824,1262071808,47157248,47206400,499019776,49598464,1233842176,1336164352,1305264128,47435776,47423488,47525888
953327616,1074814976,47157248,47206400,499019776,49598464,1233842176,1336164352,1305264128,47435776,47423488,47525888
953327616,1074814976,47157248,47206400,499019776,49598464,1308950528,1336164352,1354829824,47435776,47423488,47525888
953327616,1225318400,47157248,47206400,499019776,49598464,1308950528,1037099008,1354829824,47435776,47423488,47525888
1252524032,1274884096,47157248,47206400,499019776,49598464,1308950528,1286733824,1170436096,47435776,47423488,47525888
1252524032,1274884096,47157248,47206400,499019776,49598464,1209819136,1286733824,1170436096,47435776,47423488,47525888
1204899840,1285935104,47157248,47206400,499019776,49598464,1209819136,1285713920,1368559616,47435776,47423488,47525888
1204899840,1085865984,47157248,47206400,499019776,49598464,1270439936,1286602752,1368559616,47435776,47423488,47525888
1103962112,1085865984,47157248,47206400,499019776,49598464,1233711104,1286602752,1368559616,47435776,47423488,47525888
1103962112,1237262336,47157248,47206400,499019776,49598464,1233711104,1310490624,1418125312,47435776,47423488,47525888
1237925888,1237262336,47157248,47206400,499019776,49598464,1308057600,1310490624,1367801856,47435776,47423488,47525888
1267134464,1248337920,47157248,47206400,499019776,49598464,1331945472,1037099008,1367801856,47435776,47423488,47525888
928677888,1248337920,47157248,47206400,499019776,49602560,1082310656,1037099008,1019936768,47435776,47423488,47525888
928677888,1001496576,47157248,47206400,499019776,49602560,1082310656,1261006848,1343782912,47435776,47423488,47525888
928677888,1001496576,47157248,47206400,499019776,49602560,1331945472,1346351104,1343782912,47435776,47423488,47525888
1227743232,1152000000,47157248,47206400,499019776,49602560,1331945472,1346351104,1343782912,47435776,47423488,47525888
1238818816,1152000000,47157248,47206400,499019776,49602560,1331945472,987537408,1318105088,47435776,47423488,47525888
1227874304,1248366592,47157248,47206400,499019776,49602560,1331945472,987537408,1318105088,47435776,47423488,47525888
1227874304,1250103296,47157248,47206400,499019776,49602560,1034534912,987537408,1318105088,47435776,47423488,47525888
978239488,976715776,47157248,47206400,499019776,49602560,1284169728,1311383552,1341992960,47435776,47423488,47525888
978239488,976715776,47157248,47206400,499019776,49602560,1295245312,1088479232,1141923840,47435776,47423488,47525888
1252524032,1077653504,47157248,47206400,499019776,49602560,1295245312,1088479232,1343778816,47435776,47423488,47525888
1252524032,1275777024,47157248,47206400,499019776,49602560,1209892864,1308704768,1343778816,47435776,47423488,47525888
1177280512,1176780800,47157248,47206400,499019776,49602560,1308057600,1308704768,1343778816,47435776,47423488,47525888
1177280512,1176780800,47157248,47206400,499019776,49602560,1308057600,1035313152,1343778816,47435776,47423488,47525888
1177280512,1026277376,47157248,47206400,499019776,49602560,1082310656,1284947968,1019936768,47435776,47423488,47525888
1276411904,1250996224,47157248,47206400,499019776,49602560,1082310656,1284947968,1019936768,47435776,47423488,47525888
1276411904,1250996224,47157248,47206400,499019776,49602560,1333731328,1223438336,1319018496,47435776,47423488,47525888
1276411904,1250996224,47157248,47206400,499019776,49602560,1333731328,1223438336,1319022592,47435776,47423488,47525888
1276411904,1274884096,47157248,47206400,499019776,49602560,1333731328,1286602752,1319022592,47435776,47423488,47525888
990052352,1001365504,47157248,47206400,499019776,49602560,1333731328,1310490624,1293324288,47435776,47423488,47525888
990052352,1001365504,47157248,47206400,499019776,49602560,1084096512,1286733824,1293324288,47435776,47423488,47525888
1239687168,1275777024,47157248,47206400,499019776,49602560,1084096512,1286733824,1342889984,47435776,47423488,47525888
1239687168,1275777024,47157248,47206400,499019776,49602560,1292611584,1286733824,1342889984,47435776,47423488,47525888
1239687168,1275777024,47157248,47206400,499019776,49602560,1095172096,1286733824,1218080768,47435776,47423488,47525888
953327616,1275777024,47157248,47206400,499019776,49602560,1095172096,1212256256,1317212160,47435776,47423488,47525888
953327616,1099595776,47157248,47206400,499019776,49602560,1258733568,1113128960,1317212160,47435776,47423488,47525888
1227743232,1099595776,47157248,47206400,499019776,49602560,1258733568,1297678336,1317212160,47435776,47423488,47525888
1238818816,1099595776,47157248,47206400,499019776,49602560,1294352384,1358266368,1367670784,47435776,47423488,47525888
1238818816,1250099200,47157248,47206400,499019776,49602560,1294352384,1358266368,1319018496,47435776,47423488,47525888
1260466176,1250099200,47157248,47206400,499019776,49602560,1185038336,1037099008,1343782912,47435776,47423488,47525888
978239488,1200533504,47157248,47206400,499019776,49602560,1308950528,1037099008,1343782912,47435776,47423488,47525888
1252524032,1099595776,47157248,47206400,499019776,49602560,1332858880,1286733824,1343782912,47435776,47423488,47525888
1252524032,1099595776,47157248,47206400,499019776,49602560,1332858880,1309597696,1343782912,47435776,47423488,47525888
1252524032,1312501760,47157248,47206400,499019776,49602560,1332858880,1309597696,1170440192,47435776,47423488,47525888
1252524032,1312501760,47157248,47206400,499019776,49602560,1332858880,1012187136,1318109184,47435776,47423488,47525888
1002889216,1312501760,47157248,47206400,499019776,49602560,1083224064,1212256256,1318109184,47435776,47423488,47525888
1002889216,1312501760,47157248,47206400,499019776,49606656,1258487808,1286602752,1092456448,47435776,47423488,47525888
1252524032,1112432640,47157248,47206400,499019776,49606656,1357615104,1286602752,1092456448,47435776,47423488,47525888
1252524032,1112432640,47157248,47206400,499019776,49606656,1357615104,1138036736,1342087168,47435776,47423488,47525888
1252524032,1312501760,47157248,47206400,499019776,49606656,1357615104,1138036736,1342087168,47435776,47423488,47525888
978108416,1312501760,47157248,47206400,499019776,49606656,1357615104,1138036736,1342087168,47435776,47423488,47525888
978108416,1312501760,47157248,47206400,499019776,49606656,1108115456,1138036736,1342087168,47435776,47423488,47525888
1128611840,1262936064,47157248,47206400,499019776,49606656,1357750272,1297653760,1342087168,47435776,47423488,47525888
1128611840,1112432640,47157248,47206400,499019776,49606656,1357750272,1297653760,1170440192,47435776,47423488,47525888
1277304832,1262936064,47157248,47206400,499019776,49610752,1160327168,1298546688,1230372864,47435776,47423488,47525888
1277304832,1262936064,47157248,47206400,499019776,49610752,1160327168,1285963776,1230372864,47435776,47423488,47525888
1178173440,1262936064,47157248,47206400,499019776,49610752,1160327168,1285963776,1467686912,47435776,47423488,47525888
1178173440,1201561600,47157248,47206400,499019776,49610752,1305427968,1236144128,1467686912,47435776,47423488,47525888
978239488,1201561600,47157248,47206400,499019776,49610752,1307164672,1236144128,1467686912,47435776,47423488,47525888
1227874304,1001496576,47157248,47206400,499019776,49610752,1307164672,1285709824,1467686912,47435776,47423488,47525888
1227874304,1250103296,47157248,47206400,499019776,49610752,1258491904,1285709824,1269571584,47435776,47423488,47525888
1238818816,1250103296,47157248,47206400,499019776,49610752,1308057600,1236144128,1341104128,47435776,47423488,47525888
989159424,1262047232,47157248,47206400,499019776,49610752,1308057600,1101361152,1243893760,47435776,47423488,47525888
989159424,1262047232,47157248,47206400,499019776,49610752,1211699200,1101361152,1243893760,47435776,47423488,47525888
1139662848,1240096768,47157248,47206400,499019776,49614848,1211699200,1286602752,1330946048,47435776,47423488,47525888
1238794240,1139159040,47157248,47206400,499019776,49614848,1284169728,1286602752,1330946048,47435776,47423488,47525888
1238794240,1250099200,47157248,47206400,499019776,49614848,1284169728,1261821952,1305268224,47435776,47423488,47525888
1237811200,1250099200,47157248,47206400,499019776,49614848,1284300800,1333485568,1305268224,47435776,47423488,47525888
1237811200,1250099200,47157248,47206400,499019776,49614848,1135607808,987537408,1306161152,47435776,47423488,47525888
958865408,1250099200,47157248,47206400,499019776,49614848,1135607808,1138040832,1306292224,47435776,47423488,47525888
958865408,1051058176,47157248,47206400,499019776,49614848,1305427968,1138040832,1355857920,47435776,47423488,47525888
1226850304,1151995904,47157248,47206400,499019776,49614848,1234739200,1297653760,1355857920,47435776,47423488,47525888
1249001472,1151995904,47157248,47206400,499019776,49614848,1234739200,1321541632,1355857920,47435776,47423488,47525888
1177415680,1275777024,47157248,47206400,499019776,49614848,1283276800,1321541632,1306292224,47435776,47423488,47525888
1177415680,1275777024,47157248,47206400,499019776,49614848,1316503552,1273896960,1306292224,47435776,47423488,47525888
977346560,1176780800,47157248,47206400,499019776,49614848,1316503552,1273896960,1318998016,47435776,47423488,47525888
977346560,1176780800,47157248,47206400,499019776,49614848,1318240256,1305231360,1318998016,47435776,47423488,47525888
1250738176,1026277376,47157248,47206400,499019776,49614848,1318240256,1305231360,1166704640,47435776,47423488,47525888
1250738176,1250099200,47157248,47206400,499019776,49614848,1021829120,987537408,1166704640,47435776,47423488,47525888
1250738176,1250099200,47157248,47206400,499019776,49614848,1021829120,1261821952,1318100992,47435776,47423488,47525888
1024991232,1250099200,47157248,47206400,499019776,49614848,1246547968,1261821952,1191485440,47435776,47423488,47525888
928677888,1151995904,47157248,47206400,499019776,49614848,1296113664,1284075520,1191485440,47435776,47423488,47525888
928677888,1151995904,47157248,47206400,499019776,49614848,1296113664,1012318208,1341988864,47435776,47423488,47525888
1202069504,1051058176,47157248,47206400,499019776,49614848,985104384,1261953024,1294213120,47435776,47423488,47525888
1237032960,1225318400,47157248,47206400,499019776,49614848,985104384,1261953024,1294213120,47435776,47423488,47525888
977215488,1247469568,47157248,47206400,499019776,49614848,985104384,1261953024,1294213120,47435776,47423488,47525888
1178177536,1127215104,47157248,47206400,499019776,49614848,985104384,1261953024,1294213120,47435776,47423488,47525888
1178177536,1127215104,47157248,47206400,499019776,49614848,1292591104,1295892480,1368559616,47435776,47423488,47525888
1252524032,1026277376,47157248,47206400,499019776,49614848,1221005312,1246326784,1368559616,47435776,47423488,47525888
1252524032,1300557824,47157248,47206400,499019776,49614848,1221005312,1246326784,1368559616,47435776,47423488,47525888
1252524032,1300557824,47157248,47206400,499019776,49614848,1171439616,1296760832,1368559616,47435776,47423488,47525888
1002889216,1300561920,47157248,47206400,499019776,49614848,1320001536,1297653760,1019936768,47435776,47423488,47525888
1002889216,1124376576,47157248,47206400,499019776,49614848,1320001536,1297653760,1319018496,47435776,47423488,47525888
1302085632,1124376576,47157248,47206400,499019776,49614848,1294323712,1187610624,1319018496,47435776,47423488,47525888
1302085632,1225314304,47157248,47206400,499019776,49614848,1246543872,1283080192,1319018496,47435776,47423488,47525888
1302085632,1247440896,47157248,47206400,499019776,49614848,1246543872,1036075008,1319018496,47435776,47423488,47525888
1202954240,1247440896,47157248,47206400,499019776,49614848,1320890368,1036075008,1269456896,47435776,47423488,47525888
1202954240,1260253184,47157248,47206400,499019776,49614848,1320890368,1285709824,1319018496,47435776,47423488,47525888
1252519936,1260253184,47157248,47206400,499019776,49614848,1221758976,1332592640,1319018496,47435776,47423488,47525888
1252519936,1111670784,47157248,47206400,499019776,49614848,1221758976,1332592640,1019936768,47435776,47423488,47525888
1252519936,1262174208,47157248,47206400,499019776,49614848,1370456064,1036075008,1305272320,47435776,47423488,47525888
1252519936,1262174208,47157248,47206400,499019776,49614848,1370456064,1310490624,1305272320,47435776,47423488,47525888
978239488,1262174208,47157248,47206400,499019776,49614848,1172328448,1310490624,1353048064,47435776,47423488,47525888
978239488,1275772928,47157248,47206400,499019776,49614848,1306361856,1310490624,1056530432,47435776,47423488,47525888
1178308608,1275772928,47157248,47206400,499019776,49614848,1271459840,1211359232,1056530432,47435776,47423488,47525888
1238818816,1100488704,47157248,47206400,499019776,49618944,1271459840,1283080192,1330053120,47435776,47423488,47525888
1238818816,1201426432,47157248,47206400,499019776,49618944,1059315712,1283080192,1330053120,47435776,47423488,47525888
1250738176,1201426432,47157248,47206400,499019776,49618944,1059315712,1237950464,1104306176,47435776,47423488,47525888
928677888,1275772928,47157248,47206400,499019776,49618944,1333731328,1237950464,1330941952,47435776,47423488,47525888
928677888,1275772928,47157248,47206400,499019776,49618944,1333731328,1285709824,1330941952,47435776,47423488,47525888
1202962432,1051058176,47157248,47206400,499019776,49618944,1282383872,1247219712,1231810560,47435776,47423488,47525888
1202962432,1051058176,47157248,47206400,499019776,49618944,1282383872,1247219712,1305264128,47435776,47423488,47525888
1226850304,1051058176,47157248,47206400,499019776,49618944,1109929984,1047150592,1305264128,47435776,47423488,47525888
1250738176,1051058176,47157248,47206400,499019776,49618944,1456742400,1335271424,1329152000,47435776,47423488,47525888
1250738176,1262043136,47157248,47206400,499019776,49618944,1456742400,1335271424,995155968,47435776,47423488,47525888
928677888,1262043136,47157248,47206400,499019776,49618944,1258622976,1410240512,1342889984,47435776,47423488,47525888
1220214784,1099726848,47157248,47206400,499019776,49618944,1234739200,1260027904,1342889984,47435776,47423488,47525888
1252524032,1099726848,47157248,47206400,499019776,49618944,1234739200,1260027904,1342889984,47435776,47423488,47525888
1252524032,1099730944,47157248,47206400,499019776,49618944,1234739200,1260027904,1342889984,47435776,47423488,47525888
1252524032,1099730944,47157248,47206400,499019776,49618944,1234739200,1260027904,1342889984,47435776,47423488,47525888
1252524032,1262043136,47157248,47206400,499019776,49618944,1291722752,1359159296,1320521728,47435776,47423488,47525888
953458688,1225449472,47157248,47206400,499019776,49618944,1291722752,1359159296,1320521728,47435776,47423488,47525888
953458688,1225449472,47157248,47206400,499019776,49618944,1294364672,1024262144,1319018496,47435776,47423488,47525888
1226850304,971202560,47157248,47206400,499019776,49618944,1333731328,1323327488,1219874816,47435776,47423488,47525888
1237925888,971202560,47157248,47206400,499019776,49618944,1333731328,1323327488,1219874816,47435776,47423488,47525888
1237925888,1269370880,47157248,47206400,499019776,49623040,1333731328,1323327488,1319018496,47435776,47423488,47525888
1178177536,1269370880,47157248,47206400,499019776,49623040,1234599936,1323327488,1319018496,47435776,47423488,47525888
953327616,1269370880,47157248,47206400,499019776,49623040,1234599936,1273761792,1319018496,47435776,47423488,47525888
953327616,1069301760,47157248,47206400,499019776,49623040,1333731328,1247191040,1342889984,47435776,47423488,47525888
1226850304,1069301760,47157248,47206400,499019776,49623040,1284165632,1247191040,1093255168,47435776,47423488,47525888
1226850304,1170239488,47157248,47206400,499019776,49623040,1284165632,1346322432,1093255168,47435776,47423488,47525888
1274626048,1269370880,47157248,47206400,499019776,49623040,1160327168,1346322432,1342889984,47435776,47423488,47525888
953458688,1269370880,47157248,47206400,499019776,49623040,1284169728,1096687616,1342889984,47435776,47423488,47525888
953458688,1293258752,47157248,47206400,499019776,49623040,1355927552,1096687616,1342889984,47435776,47423488,47525888
953458688,1293258752,47157248,47206400,499019776,49623040,1355927552,1296756736,1221681152,47435776,47423488,47525888
1250738176,1045544960,47157248,47206400,499019776,49623040,985104384,1296756736,1319018496,47435776,47423488,47525888
1250738176,1045544960,47157248,47206400,499019776,49623040,1282383872,1224196096,1319018496,47435776,47423488,47525888
1250738176,1295179776,47157248,47206400,499019776,49623040,1306271744,1224200192,1293324288,47435776,47423488,47525888
1253437440,1295179776,47157248,47206400,499019776,49623040,1033641984,1296756736,1293324288,47435776,47423488,47525888
1001996288,1295179776,47157248,47206400,499019776,49623040,1033641984,1296756736,1368563712,47435776,47423488,47525888
1264467968,1045544960,47157248,47206400,499019776,49623040,1246547968,1223299072,1368563712,47435776,47423488,47525888
1264467968,1045544960,47157248,47206400,499019776,49623040,1345675264,1199042560,1368563712,47435776,47423488,47525888
1264467968,1201434624,47157248,47206400,499019776,49623040,1345675264,1199042560,1118928896,47435776,47423488,47525888
1264467968,1247473664,47157248,47206400,499019776,49623040,1246543872,1322430464,1343778816,47435776,47423488,47525888
1014833152,1247473664,47157248,47206400,499019776,49623040,1345675264,1322430464,1343778816,47435776,47423488,47525888
1014833152,1296986112,47157248,47206400,499019776,49623040,1345675264,1212383232,1343778816,47435776,47423488,47525888
1214902272,1296986112,47157248,47206400,499019776,49623040,1345675264,1212383232,1343778816,47435776,47423488,47525888
1214902272,1050034176,47157248,47206400,499019776,49623040,1295351808,1311514624,995155968,47435776,47423488,47525888
1225084928,1250103296,47157248,47206400,499019776,49623040,1160327168,1212387328,995155968,47435776,47423488,47525888
1029615616,1250103296,47157248,47206400,499019776,49623040,1284169728,1212387328,1318109184,47435776,47423488,47525888
1079181312,1174859776,47157248,47206400,499019776,49623040,1333731328,1286602752,1342087168,47435776,47423488,47525888
1079181312,1174859776,47157248,47206400,499019776,49623040,1333731328,1286602752,1120874496,47435776,47423488,47525888
1227743232,951934976,47157248,47206400,499019776,49623040,1333731328,1286602752,1120874496,47435776,47423488,47525888
1227743232,951934976,47157248,47206400,499019776,49623040,1333731328,1286602752,1120874496,47435776,47423488,47525888
1202958336,1250103296,47157248,47206400,499019776,49623040,1234599936,1286602752,1120874496,47435776,47423488,47525888
928677888,1273991168,47157248,47206400,499019776,49623040,1333731328,1323716608,1343782912,47435776,47423488,47525888
1153396736,1073922048,47157248,47206400,499019776,49623040,1333731328,1162690560,1195089920,47435776,47423488,47525888
1153396736,1073922048,47157248,47206400,499019776,49623040,1333731328,1162690560,1195089920,47435776,47423488,47525888
1238818816,1224425472,47157248,47206400,499019776,49623040,1021829120,1285709824,1343782912,47435776,47423488,47525888
1251631104,1299664896,47157248,47206400,499019776,49623040,1021829120,1285709824,1220005888,47435776,47423488,47525888
1251631104,1299664896,47157248,47206400,499019776,49623040,1284169728,1296785408,1220005888,47435776,47423488,47525888
1001996288,1323552768,47157248,47206400,499019776,49623040,1295245312,1187471360,1319018496,47435776,47423488,47525888
1178943488,1051058176,47157248,47206400,499019776,49623040,1267232768,1187471360,1319018496,47435776,47423488,47525888
1178943488,1051058176,47157248,47206400,499019776,49623040,1284300800,1311383552,1319018496,47435776,47423488,47525888
1277304832,1250992128,47157248,47206400,499019776,49623040,1284300800,1311383552,1069383680,47435776,47423488,47525888
1277304832,1250992128,47157248,47206400,499019776,49623040,1331945472,1311383552,1069383680,47435776,47423488,47525888
1279111168,1250992128,47157248,47206400,499019776,49623040,1331945472,1311383552,1368563712,47435776,47423488,47525888
1027670016,1225318400,47157248,47206400,499019776,49623040,1082310656,1311383552,1318998016,47435776,47423488,47525888
1027670016,1225318400,47157248,47206400,499019776,49623040,1331945472,1311383552,1318998016,47435776,47423488,47525888
1238790144,1124376576,47157248,47206400,499019776,49623040,1331945472,1298546688,1293320192,47435776,47423488,47525888
1238790144,1297874944,47157248,47206400,499019776,49627136,1331945472,1024131072,1318998016,47435776,47423488,47525888
1260797952,1297874944,47157248,47206400,499019776,49627136,1135607808,1024131072,1318998016,47435776,47423488,47525888
1260797952,1321762816,47157248,47206400,499019776,49627136,1295245312,1348108288,1368563712,47435776,47423488,47525888
928677888,1171259392,47157248,47206400,499019776,49631232,1236410368,1098473472,1220001792,47435776,47423488,47525888
1277304832,1171259392,47157248,47206400,499019776,49631232,1236410368,1098473472,1220001792,47435776,47423488,47525888
1277304832,1171259392,47157248,47206400,499019776,49631232,1333731328,1348108288,1319133184,47435776,47423488,47525888
1277304832,1321762816,47157248,47206400,499019776,49635328,1357619200,1348108288,1319133184,47435776,47423488,47525888
1277304832,1321762816,47157248,47206400,499019776,49635328,1357619200,1068179456,1343893504,47435776,47423488,47525888
978239488,1286823936,47157248,47206400,499019776,49635328,1258487808,1317814272,1242955776,47435776,47423488,47525888
978239488,1286823936,47157248,47206400,499019776,49635328,1357619200,1317814272,1242955776,47435776,47423488,47525888
978239488,1136320512,47157248,47206400,499019776,49635328,1207324672,1317814272,1343782912,47435776,47423488,47525888
1238818816,1299660800,47157248,47206400,499019776,49635328,1231974400,1317814272,1019936768,47435776,47423488,47525888
1238818816,1299660800,47157248,47206400,499019776,49635328,1231974400,1270054912,1319018496,47435776,47423488,47525888
1215041536,1315287040,47157248,47206400,499019776,49635328,1355927552,1286602752,1319018496,47435776,47423488,47525888
953327616,1315287040,47157248,47206400,499019776,49635328,1379721216,1286602752,1366487040,47435776,47423488,47525888
953327616,1173045248,47157248,47206400,499019776,49635328,1379721216,1248112640,1267343360,47435776,47423488,47525888
1202962432,1173045248,47157248,47206400,499019776,49635328,1379721216,1248112640,1267343360,47435776,47423488,47525888
1237925888,1273982976,47157248,47206400,499019776,49635328,1379721216,1248112640,1267343360,47435776,47423488,47525888
1237925888,1273982976,47157248,47206400,499019776,49635328,1331941376,1248112640,1267343360,47435776,47423488,47525888
1128611840,1224552448,47157248,47206400,499019776,49635328,1331941376,1285709824,1319018496,47435776,47423488,47525888
978108416,1224552448,47157248,47206400,499019776,49635328,1331941376,1265340416,1293324288,47435776,47423488,47525888
978108416,1087782912,47157248,47206400,499019776,49635328,1131872256,1265340416,1243758592,47435776,47423488,47525888
1227743232,1087782912,47157248,47206400,499019776,49635328,1131872256,1261821952,1243758592,47435776,47423488,47525888
1227743232,1312501760,47157248,47206400,499019776,49635328,1356722176,1297653760,1342889984,47435776,47423488,47525888
1237925888,1312501760,47157248,47206400,499019776,49635328,1356722176,1297653760,1342889984,47435776,47423488,47525888
1248849920,1312501760,47157248,47206400,499019776,49635328,1356722176,1248980992,1244655616,47435776,47423488,47525888
1248849920,1362067456,47157248,47206400,499019776,49635328,1197109248,987537408,1044586496,47435776,47423488,47525888
1153396736,1362067456,47157248,47206400,499019776,49635328,1197109248,987537408,1319018496,47435776,47423488,47525888
1153396736,1051058176,47157248,47206400,499019776,49635328,1284300800,1272872960,1319018496,47435776,47423488,47525888
1238818816,1250992128,47157248,47206400,499019776,49635328,1307164672,1320648704,1243758592,47435776,47423488,47525888
1238818816,1250992128,47157248,47206400,499019776,49635328,1307164672,1012187136,1342889984,47435776,47423488,47525888
1238818816,1250992128,47157248,47206400,499019776,49635328,1182941184,1012187136,1342889984,47435776,47423488,47525888
928677888,1235156992,47157248,47206400,499019776,49635328,1182941184,1261821952,1342889984,47435776,47423488,47525888
928677888,1235156992,47157248,47206400,499019776,49635328,1333731328,1286602752,1044586496,47435776,47423488,47525888
1226850304,1124376576,47157248,47206400,499019776,49635328,1333731328,1311383552,1044586496,47435776,47423488,47525888
1226850304,1274880000,47157248,47206400,499019776,49635328,1333731328,1311383552,1319018496,47435776,47423488,47525888
1274626048,1274880000,47157248,47206400,499019776,49635328,1333731328,1311383552,1319018496,47435776,47423488,47525888
1274626048,1274880000,47157248,47206400,499019776,49635328,1333731328,1335271424,1269452800,47435776,47423488,47525888
978108416,1201561600,47157248,47206400,499019776,49635328,1254121472,1236140032,1219887104,47435776,47423488,47525888
978108416,1051058176,47157248,47206400,499019776,49635328,1320894464,1335271424,1368563712,47435776,47423488,47525888
1277304832,1051058176,47157248,47206400,499019776,49635328,1320894464,1335271424,1368563712,47435776,47423488,47525888
1277304832,1251127296,47157248,47206400,499019776,49635328,1320894464,1162821632,1418129408,47435776,47423488,47525888
928677888,1251127296,47157248,47206400,499019776,49635328,1140781056,1261953024,1418129408,47435776,47423488,47525888
928677888,1251127296,47157248,47206400,499019776,49635328,1140781056,1261953024,1269567488,47435776,47423488,47525888
1214013440,951934976,47157248,47206400,499019776,49635328,1295216640,1261060096,1269567488,47435776,47423488,47525888
1214013440,1251000320,47157248,47206400,499019776,49635328,1342992384,1088475136,1306165248,47435776,47423488,47525888
1236164608,1251000320,47157248,47206400,499019776,49635328,1342992384,1297653760,1069383680,47435776,47423488,47525888
1139662848,1251000320,47157248,47206400,499019776,49635328,1246543872,1321541632,1069383680,47435776,47423488,47525888
1139662848,1251000320,47157248,47206400,499019776,49635328,1246543872,1321541632,1368563712,47435776,47423488,47525888
928677888,1225322496,47157248,47206400,499019776,49635328,1370456064,1048911872,1118928896,47435776,47423488,47525888
1252524032,1171312640,47157248,47206400,499019776,49635328,1370456064,1311383552,1118928896,47435776,47423488,47525888
1252524032,1262047232,47157248,47206400,499019776,49635328,1370456064,1311383552,1118928896,47435776,47423488,47525888
1252524032,1262047232,47157248,47206400,499019776,49635328,1370456064,1311383552,1118928896,47435776,47423488,47525888
978108416,1262047232,47157248,47206400,499019776,49639424,1370456064,1311383552,1118928896,47435776,47423488,47525888
978108416,1201430528,47157248,47206400,499019776,49639424,1221758976,1311383552,1318998016,47435776,47423488,47525888
1178177536,1201430528,47157248,47206400,499019776,49639424,1320890368,1311383552,1269452800,47435776,47423488,47525888
1178177536,1050927104,47157248,47206400,499019776,49639424,1320890368,1311383552,995155968,47435776,47423488,47525888
1227743232,1250996224,47157248,47206400,499019776,49639424,1320890368,1311383552,995155968,47435776,47423488,47525888
1227743232,1250996224,47157248,47206400,499019776,49639424,1221758976,1311383552,1319018496,47435776,47423488,47525888
1193185280,1262071808,47157248,47206400,499019776,49643520,1221758976,1311383552,1319018496,47435776,47423488,47525888
965271552,1262071808,47157248,47206400,499019776,49643520,1320890368,1311383552,1392455680,47435776,47423488,47525888
965271552,1013440512,47157248,47206400,499019776,49643520,1320890368,1335271424,1392455680,47435776,47423488,47525888
1227743232,1013440512,47157248,47206400,499019776,49643520,1120821248,1036967936,1150193664,47435776,47423488,47525888
1238818816,1237266432,47157248,47206400,499019776,49643520,1120821248,1286602752,1343782912,47435776,47423488,47525888
1238818816,1248342016,47157248,47206400,499019776,49643520,1320890368,1286602752,1343782912,47435776,47423488,47525888
1001996288,1248342016,47157248,47206400,499019776,49643520,1320890368,1237172224,1319911424,47435776,47423488,47525888
1001996288,1077522432,47157248,47206400,499019776,49643520,1221758976,987537408,1319911424,47435776,47423488,47525888
1202069504,1077522432,47157248,47206400,499019776,49643520,1221758976,987537408,1318998016,47435776,47423488,47525888
1202069504,976584704,47157248,47206400,499019776,49643520,1284300800,1261821952,1368563712,47435776,47423488,47525888
1252528128,1251000320,47157248,47206400,499019776,49643520,1249890304,1284075520,1145659392,47435776,47423488,47525888
1226850304,1251000320,47157248,47206400,499019776,49643520,1249890304,1284075520,1145659392,47435776,47423488,47525888
928681984,1251000320,47157248,47206400,499019776,49643520,1308057600,1214193664,1317216256,47435776,47423488,47525888
928681984,1175756800,47157248,47206400,499019776,49643520,1308057600,1214193664,1317216256,47435776,47423488,47525888
1252528128,1025253376,47157248,47206400,499019776,49643520,1232814080,1297653760,1268543488,47435776,47423488,47525888
1252528128,1025253376,47157248,47206400,499019776,49643520,1358512128,1297653760,1342087168,47435776,47423488,47525888
1252528128,1250996224,47157248,47206400,499019776,49643520,1358512128,1024262144,1342087168,47435776,47423488,47525888
1252528128,1250996224,47157248,47206400,499019776,49643520,1108877312,1304084480,1219874816,47435776,47423488,47525888
1252528128,1250996224,47157248,47206400,499019776,49643520,1108877312,1230761984,1342889984,47435776,47423488,47525888
953462784,1225318400,47157248,47206400,499019776,49643520,1308946432,1230761984,1342889984,47435776,47423488,47525888
1203097600,951934976,47157248,47206400,499019776,49643520,1234735104,1280327680,1093255168,47435776,47423488,47525888
1203097600,1236373504,47157248,47206400,499019776,49643520,1234735104,1345429504,1343782912,47435776,47423488,47525888
1236193280,1236373504,47157248,47206400,499019776,49643520,1059315712,1345429504,1343782912,47435776,47423488,47525888
1139691520,1258524672,47157248,47206400,499019776,49643520,1059315712,1199415296,1343782912,47435776,47423488,47525888
1139691520,1255010304,47157248,47206400,499019776,49643520,1331945472,1048911872,1343782912,47435776,47423488,47525888
928681984,1037197312,47157248,47206400,499019776,49643520,1209954304,1298546688,1118777344,47435776,47423488,47525888
1227747328,1037197312,47157248,47206400,499019776,49643520,1209954304,1298546688,1118777344,47435776,47423488,47525888
1238822912,1274884096,47157248,47206400,499019776,49643520,1209954304,1298546688,1118777344,47435776,47423488,47525888
1238822912,1274884096,47157248,47206400,499019776,49643520,1209954304,1298546688,1118777344,47435776,47423488,47525888
1251635200,1274884096,47157248,47206400,499019776,49643520,1270194176,1261953024,1319018496,47435776,47423488,47525888
928681984,1274884096,47157248,47206400,499019776,49643520,1308950528,1261953024,1392455680,47435776,47423488,47525888
928681984,1025384448,47157248,47206400,499019776,49643520,1308950528,1297653760,1093255168,47435776,47423488,47525888
1202966528,1225318400,47157248,47206400,499019776,49643520,1059315712,1297653760,1343782912,47435776,47423488,47525888
1237929984,1225318400,47157248,47206400,499019776,49643520,1308950528,1297653760,1343782912,47435776,47423488,47525888
1237929984,1247469568,47157248,47206400,499019776,49643520,1308950528,987537408,1343782912,47435776,47423488,47525888
1203097600,1247469568,47157248,47206400,499019776,49643520,1354141696,987537408,1170440192,47435776,47423488,47525888
953331712,1299525632,47157248,47206400,499019776,49643520,1230897152,1294155776,1318109184,47435776,47423488,47525888
953331712,951934976,47157248,47206400,499019776,49643520,1230897152,1295892480,1318109184,47435776,47423488,47525888
1202966528,951934976,47157248,47206400,499019776,49643520,1308950528,1295892480,1367674880,47435776,47423488,47525888
1225117696,1296986112,47157248,47206400,499019776,49643520,1308950528,1203314688,1068474368,47435776,47423488,47525888
1227747328,1296986112,47157248,47206400,499019776,49643520,1308950528,1311383552,1068474368,47435776,47423488,47525888
1227747328,1296986112,47157248,47206400,499019776,49643520,1308950528,1311383552,1368563712,47435776,47423488,47525888
953331712,976715776,47157248,47206400,499019776,49643520,1308950528,1061748736,1318998016,47435776,47423488,47525888
1202966528,976715776,47157248,47206400,499019776,49643520,1308950528,1061748736,1318998016,47435776,47423488,47525888
1202966528,976715776,47157248,47206400,499019776,49643520,1211703296,1311383552,1318998016,47435776,47423488,47525888
1237929984,1262047232,47157248,47206400,499019776,49643520,1211703296,1199550464,1341992960,47435776,47423488,47525888
1151610880,1285935104,47157248,47206400,499019776,49643520,1284169728,1199550464,1341992960,47435776,47423488,47525888
1001107456,1001496576,47157248,47206400,499019776,49643520,1328472064,1261821952,1244786688,47435776,47423488,47525888
1001107456,1001496576,47157248,47206400,499019776,49643520,1328472064,1261953024,1244786688,47435776,47423488,47525888
1250742272,1001496576,47157248,47206400,499019776,49643520,1059315712,1214193664,1219874816,47435776,47423488,47525888
1250742272,1250103296,47157248,47206400,499019776,49643520,1354117120,1214193664,1342087168,47435776,47423488,47525888
1202966528,1250103296,47157248,47206400,499019776,49643520,1354117120,1296785408,1342087168,47435776,47423488,47525888
1202966528,1250103296,47157248,47206400,499019776,49643520,1357619200,1261953024,1319018496,47435776,47423488,47525888
953331712,1127215104,47157248,47206400,499019776,49643520,1357619200,1261953024,1342889984,47435776,47423488,47525888
1227747328,1026277376,47157248,47206400,499019776,49647616,1185169408,1285709824,1342889984,47435776,47423488,47525888
1272049664,1275777024,47157248,47206400,499019776,49647616,1284300800,1285709824,1243758592,47435776,47423488,47525888
1272049664,1275777024,47157248,47206400,499019776,49647616,1284300800,1260032000,1243758592,47435776,47423488,47525888
1272049664,1275777024,47157248,47206400,499019776,49647616,1135607808,1260032000,1342889984,47435776,47423488,47525888
1022414848,1275777024,47157248,47206400,499019776,49647616,1333731328,1309597696,1392455680,47435776,47423488,47525888
1132044288,1099595776,47157248,47206400,499019776,49647616,1333731328,1311383552,1019805696,47435776,47423488,47525888
1132044288,1099595776,47157248,47206400,499019776,49651712,1034665984,1311383552,1019805696,47435776,47423488,47525888
1302089728,1099595776,47157248,47206400,499019776,49651712,1034665984,1311383552,1019805696,47435776,47423488,47525888
1302089728,1250234368,47157248,47206400,499019776,49651712,1034665984,1311383552,1019805696,47435776,47423488,47525888
1296932864,1250234368,47157248,47206400,499019776,49651712,1034665984,1311383552,1019805696,47435776,47423488,47525888
1296932864,1310261248,47157248,47206400,499019776,49651712,1034665984,1311383552,1343782912,47435776,47423488,47525888
940625920,1310261248,47157248,47206400,499019776,49651712,1308950528,1261817856,1343782912,47435776,47423488,47525888
940625920,1073922048,47157248,47206400,499019776,49651712,1271332864,1311383552,1343782912,47435776,47423488,47525888
1237037056,1323556864,47157248,47206400,499019776,49651712,1271332864,1311383552,1094148096,47435776,47423488,47525888
1273737216,1323556864,47157248,47206400,499019776,49651712,1258930176,1273765888,1094148096,47435776,47423488,47525888
1273737216,1323556864,47157248,47206400,499019776,49651712,1333731328,1273765888,1343782912,47435776,47423488,47525888
952569856,1175592960,47157248,47206400,499019776,49651712,1333731328,1162690560,1219878912,47435776,47423488,47525888
1251635200,1175592960,47157248,47206400,499019776,49651712,1333731328,1261821952,1219878912,47435776,47423488,47525888
1251635200,1114378240,47157248,47206400,499019776,49651712,1333731328,1284075520,1318109184,47435776,47423488,47525888
1251635200,1262047232,47157248,47206400,499019776,49651712,1333731328,1284075520,1092452352,47435776,47423488,47525888
1301065728,1262047232,47157248,47206400,499019776,49651712,1333731328,1285709824,1092452352,47435776,47423488,47525888
1301065728,1238290432,47157248,47206400,499019776,49651712,1333731328,1285709824,1343782912,47435776,47423488,47525888
1002000384,1238290432,47157248,47206400,499019776,49651712,1084096512,1335275520,1373888512,47435776,47423488,47525888
1002000384,976715776,47157248,47206400,499019776,49651712,1084096512,1036075008,1094148096,47435776,47423488,47525888
1251635200,1262047232,47157248,47206400,499019776,49651712,1345675264,1036075008,1094148096,47435776,47423488,47525888
1251635200,1262047232,47157248,47206400,499019776,49651712,1347481600,1285709824,1343782912,47435776,47423488,47525888
1251635200,1262047232,47157248,47206400,499019776,49651712,1347481600,1285709824,1219887104,47435776,47423488,47525888
928681984,1309822976,47157248,47206400,499019776,49651712,1345675264,1285709824,1219887104,47435776,47423488,47525888
928681984,1062871040,47157248,47206400,499019776,49651712,1345675264,1036075008,1343782912,47435776,47423488,47525888
1125666816,1062871040,47157248,47206400,499019776,49651712,1345675264,1286602752,1294217216,47435776,47423488,47525888
1214017536,1213374464,47157248,47206400,499019776,49651712,1185173504,1211359232,1294217216,47435776,47423488,47525888
1237905408,1262940160,47157248,47206400,499019776,49651712,1283276800,1211359232,1242861568,47435776,47423488,47525888
1237905408,1262940160,47157248,47206400,499019776,49651712,1283276800,1310490624,1242861568,47435776,47423488,47525888
989163520,1262940160,47157248,47206400,499019776,49651712,1150119936,1334407168,1319018496,47435776,47423488,47525888
989163520,1176649728,47157248,47206400,499019776,49651712,1308950528,1334407168,1342889984,47435776,47423488,47525888
1264472064,976715776,47157248,47206400,499019776,49651712,1332858880,1235275776,1342889984,47435776,47423488,47525888
1264472064,1225322496,47157248,47206400,499019776,49651712,1332858880,1334407168,1093255168,47435776,47423488,47525888
1264472064,1225322496,47157248,47206400,499019776,49651712,1283293184,1334407168,1093255168,47435776,47423488,47525888
1264472064,1248342016,47157248,47206400,499019776,49651712,1233727488,1334407168,1093255168,47435776,47423488,47525888
965406720,1285042176,47157248,47206400,499019776,49651712,1233727488,1334407168,1093255168,47435776,47423488,47525888
1215041536,1013440512,47157248,47206400,499019776,49651712,1333731328,1036967936,1342889984,47435776,47423488,47525888
1238798336,1013440512,47157248,47206400,499019776,49651712,1333731328,1311383552,1342889984,47435776,47423488,47525888
1238798336,1013440512,47157248,47206400,499019776,49651712,1333731328,1311383552,1342889984,47435776,47423488,47525888
1238798336,1261178880,47157248,47206400,499019776,49651712,1333731328,1311383552,1342889984,47435776,47423488,47525888
928681984,1261178880,47157248,47206400,499019776,49651712,1333731328,1311383552,1342889984,47435776,47423488,47525888
928681984,1176780800,47157248,47206400,499019776,49651712,1234599936,1311383552,1294356480,47435776,47423488,47525888
1079185408,1176780800,47157248,47206400,499019776,49651712,1138937856,1311383552,995160064,47435776,47423488,47525888
1252528128,976715776,47161344,47206400,499019776,49651712,1138937856,1311383552,995160064,47435776,47423488,47525888
1252528128,1249210368,47161344,47206400,499019776,49651712,1333731328,1311383552,1294221312,47435776,47423488,47525888
1252528128,1249210368,47161344,47206400,499019776,49651712,1333731328,1212252160,1342087168,47435776,47423488,47525888
1252528128,1249210368,47161344,47206400,499019776,49651712,1333731328,1311383552,1342087168,47435776,47423488,47525888
953462784,1225453568,47161344,47206400,499019776,49651712,1034665984,1284816896,1294327808,47435776,47423488,47525888
1226854400,1025384448,47161344,47206400,499019776,49651712,1284300800,1284816896,1244655616,47435776,47423488,47525888
1238798336,1025384448,47161344,47206400,499019776,49651712,1284300800,1186578432,1244655616,47435776,47423488,47525888
1238798336,1297879040,47161344,47206400,499019776,49651712,1304559616,1308704768,1319018496,47435776,47423488,47525888
1286574080,1297879040,47161344,47206400,499019776,49651712,1160327168,1236144128,1319006208,47435776,47423488,47525888
965406720,1198747648,47161344,47206400,499019776,49651712,1308950528,1186578432,1319006208,47435776,47423488,47525888
1215041536,1097809920,47161344,47206400,499019776,49651712,1308950528,1186578432,1170309120,47435776,47423488,47525888
1249873920,1248313344,47161344,47206400,499019776,49655808,1356726272,1310490624,1318109184,47435776,47423488,47525888
1203097600,1249206272,47161344,47206400,499019776,49655808,1356726272,1310490624,1318109184,47435776,47423488,47525888
953331712,1249206272,47161344,47206400,499019776,49655808,1107091456,1155522560,1343893504,47435776,47423488,47525888
953331712,1201430528,47161344,47210496,499019776,49655808,1107091456,1155522560,1092452352,47435776,47423488,47525888
953331712,1001496576,47161344,47210496,499019776,49655808,1356726272,1284075520,1368563712,47435776,47423488,47525888
1251635200,1001496576,47161344,47210496,499019776,49655808,1033773056,1323331584,1368563712,47435776,47423488,47525888
1251635200,1250103296,47161344,47210496,499019776,49655808,1308950528,1323331584,1368563712,47435776,47423488,47525888
1275523072,1250103296,47161344,47210496,499019776,49655808,1308950528,1311383552,1145659392,47435776,47423488,47525888
1275523072,1250103296,47161344,47210496,499019776,49655808,1308950528,1311383552,1294221312,47435776,47423488,47525888
1025888256,1273991168,47161344,47210496,499019776,49659904,1110822912,1311383552,1318109184,47435776,47423488,47525888
1275523072,976715776,47161344,47210496,499019776,49659904,1110822912,1162821632,1218981888,47435776,47423488,47525888
1275523072,976715776,47161344,47210496,499019776,49659904,1295245312,1162821632,1218981888,47435776,47423488,47525888
1237061632,1261154304,47161344,47210496,499019776,49659904,1295245312,1285709824,1343782912,47435776,47423488,47525888
1262686208,1261154304,47161344,47210496,499019776,49659904,1009823744,1285709824,1326714880,47435776,47423488,47525888
928681984,1308930048,47161344,47210496,499019776,49659904,1308057600,1181958144,1326714880,47435776,47423488,47525888
928681984,1308930048,47161344,47210496,499019776,49659904,1308057600,1309597696,1294217216,47435776,47423488,47525888
928681984,1037328384,47161344,47210496,499019776,49659904,1284300800,1309597696,1318105088,47435776,47423488,47525888
1277308928,1237397504,47161344,47210496,499019776,49659904,1284300800,1260032000,1318105088,47435776,47423488,47525888
1277308928,1237397504,47161344,47210496,499019776,49659904,1284300800,1260032000,1341992960,47435776,47423488,47525888
1277308928,1259417600,47161344,47210496,499019776,49659904,1284300800,1260032000,1341992960,47435776,47423488,47525888
1277308928,1259417600,47161344,47210496,499019776,49659904,1284300800,1260032000,1341992960,47435776,47423488,47525888
953462784,1271889920,47161344,47210496,499019776,49659904,1333731328,1309597696,1368559616,47435776,47423488,47525888
953462784,1061978112,47161344,47210496,499019776,49659904,1333731328,1309597696,1368559616,47435776,47423488,47525888
1227747328,1162915840,47161344,47210496,499019776,49659904,1284165632,987537408,1368559616,47435776,47423488,47525888
1238822912,1262940160,47161344,47210496,499019776,49659904,1084096512,1296150528,1368559616,47435776,47423488,47525888
1128747008,1262940160,47161344,47210496,499019776,49659904,1084096512,1311383552,1269428224,47435776,47423488,47525888
1128747008,1262940160,47161344,47210496,499019776,49659904,1333731328,1311383552,1318993920,47435776,47423488,47525888
1079185408,1194565632,47161344,47210496,499019776,49659904,1333731328,1335271424,1318993920,47435776,47423488,47525888
1079185408,1086758912,47161344,47210496,499019776,49659904,1333731328,1287512064,1170436096,47435776,47423488,47525888
1225117696,1238155264,47161344,47210496,499019776,49659904,1345671168,1287512064,1170436096,47435776,47423488,47525888
1203097600,1249230848,47161344,47210496,499019776,49659904,1345671168,1237172224,1269440512,47435776,47423488,47525888
928681984,1249230848,47161344,47210496,499019776,49659904,1246543872,1283080192,1293328384,47435776,47423488,47525888
928681984,1262043136,47161344,47210496,499019776,49659904,1395236864,1283080192,1293328384,47435776,47423488,47525888
1274630144,1111539712,47161344,47210496,499019776,49659904,1395236864,1186578432,1195089920,47435776,47423488,47525888
1274630144,1262043136,47161344,47210496,499019776,49659904,1395236864,1186578432,1319018496,47435776,47423488,47525888
1298518016,1262043136,47161344,47210496,499019776,49659904,1135607808,1296785408,1319018496,47435776,47423488,47525888
1298518016,1262043136,47161344,47210496,499019776,49659904,1333731328,1296785408,1319018496,47435776,47423488,47525888
1048883200,1262043136,47161344,47210496,499019776,49659904,1333731328,1247219712,1243758592,47435776,47423488,47525888
1248952320,951934976,47161344,47210496,499019776,49659904,1234599936,1247219712,1293328384,47435776,47423488,47525888
1259159552,1102438400,47161344,47210496,499019776,49659904,1234599936,1296785408,1293328384,47435776,47423488,47525888
1259159552,1102438400,47161344,47210496,499019776,49659904,1333731328,1296785408,1342889984,47435776,47423488,47525888
1237139456,1242222592,47161344,47210496,499019776,49659904,1234604032,1296785408,1342889984,47435776,47423488,47525888
1237139456,1259393024,47161344,47210496,499019776,49659904,1234604032,1212256256,1318109184,47435776,47423488,47525888
1061720064,1262096384,47161344,47210496,499019776,49659904,1308950528,1261821952,1292521472,47435776,47423488,47525888
1311354880,1262096384,47161344,47210496,499019776,49659904,1259384832,1296785408,1342087168,47435776,47423488,47525888
1311354880,1101541376,47161344,47210496,499019776,49659904,1259384832,1296785408,1342087168,47435776,47423488,47525888
1260965888,1274884096,47161344,47210496,499019776,49664000,1284169728,1113255936,1342889984,47435776,47423488,47525888
1277308928,1274884096,47161344,47210496,499019776,49668096,1295245312,1261953024,1170313216,47435776,47423488,47525888
928681984,1274884096,47161344,47210496,499019776,49668096,1295245312,1261953024,1170313216,47435776,47423488,47525888
1003737088,1249206272,47161344,47210496,499019776,49668096,1009823744,1237172224,1319018496,47435776,47423488,47525888
1003737088,1098702848,47161344,47210496,499019776,49668096,1308950528,987537408,1319018496,47435776,47423488,47525888
1252528128,1098702848,47161344,47210496,499019776,49668096,1308950528,987537408,1319018496,47435776,47423488,47525888
1252528128,1249206272,47161344,47210496,499019776,49668096,1332858880,1283080192,1069383680,47435776,47423488,47525888
1276416000,1249206272,47161344,47210496,499019776,49668096,1332858880,1283080192,1069383680,47435776,47423488,47525888
1026781184,1249206272,47161344,47210496,499019776,49668096,1332858880,1283080192,1069383680,47435776,47423488,47525888
1276416000,1074053120,47161344,47210496,499019776,49668096,1332858880,1283080192,1069383680,47435776,47423488,47525888
1276416000,1174990848,47161344,47210496,499019776,49668096,1332858880,1284816896,1069383680,47435776,47476736,47525888
1276416000,1174990848,47161344,47210496,499023872,49668096,1333731328,1284816896,1368563712,47435776,47476736,47525888
1202561024,1274122240,47161344,47210496,499023872,49668096,1333731328,1036075008,1368563712,47435776,47476736,47525888
1202561024,1274122240,47161344,47210496,499019776,49668096,1333731328,1285709824,1368563712,47435776,47476736,47525888
952569856,1188589568,47161344,47210496,499019776,49668096,1284165632,1296785408,1368563712,47435776,47476736,47525888
952569856,1087651840,47161344,47210496,499019776,49668096,1284165632,1296785408,1118928896,47435776,47476736,47525888
1237905408,1087651840,47161344,47210496,499019776,49668096,1308053504,1220104192,1318998016,47435776,47476736,47525888
1237905408,1297874944,47161344,47210496,499019776,49668096,1059315712,1187606528,1318998016,47435776,47476736,47525888
1237905408,1297874944,47161344,47210496,499019776,49668096,1059315712,1187606528,1318998016,47435776,47476736,47525888
988270592,1321762816,47161344,47210496,499019776,49672192,1284165632,1296785408,1318998016,47435776,47476736,47525888
988270592,1171259392,47161344,47210496,499019776,49672192,1284165632,987537408,1096093696,47435776,47476736,47525888
1237905408,1171259392,47161344,47210496,499019776,49672192,1185034240,987537408,1096093696,47435776,47476736,47525888
1237905408,1321762816,47161344,47210496,499019776,49672192,1333727232,1261821952,1319018496,47435776,47480832,47525888
1237905408,1321762816,47161344,47210496,499019776,49672192,1333727232,1261821952,1319018496,47439872,47480832,47525888
1178181632,1248362496,47161344,47210496,499019776,49672192,1333727232,1162821632,1319018496,47439872,47480832,47525888
1047523328,1201426432,47161344,47210496,499019776,49672192,1133658112,1212391424,1093255168,47439872,47480832,47525888
1047523328,1051058176,47161344,47210496,499019776,49672192,1284161536,1212391424,1343782912,47439872,47480832,47525888
1277308928,1051058176,47161344,47210496,499019776,49672192,1333727232,1294155776,1145659392,47439872,47480832,47525888
1277308928,1275777024,47161344,47210496,499019776,49672192,1008992256,1345458176,1145659392,47439872,47480832,47525888
1277308928,1275777024,47161344,47210496,499019776,49672192,1008992256,1246326784,1318109184,47439872,47480832,47525888
1027674112,1275777024,47161344,47210496,499019776,49672192,1296113664,1246326784,1318109184,47439872,47480832,47525888
1027674112,1127215104,47161344,47210496,499019776,49672192,1342328832,1295892480,1342087168,47439872,47480832,47525888
1178177536,1026277376,47161344,47210496,499019776,49672192,1342328832,1273765888,1092452352,47439872,47480832,47525888
1277308928,1026277376,47161344,47210496,499019776,49672192,1343889408,1024131072,1368563712,47439872,47480832,47525888
1277308928,1249206272,47161344,47210496,499019776,49672192,1343889408,1273765888,1368563712,47439872,47480832,47525888
1178177536,1249206272,47161344,47210496,499019776,49672192,1135607808,1273765888,1318998016,47439872,47480832,47525888
1178177536,1260281856,47161344,47210496,499019776,49672192,1135607808,1308704768,1318998016,47439872,47480832,47525888
1027674112,1074946048,47161344,47210496,499019776,49672192,1292615680,1308704768,1318998016,47439872,47480832,47525888
1027674112,1074946048,47161344,47210496,499019776,49672192,1292615680,1233756160,1318998016,47439872,47480832,47525888
1227747328,1175883776,47161344,47210496,499019776,49672192,985104384,1233756160,1318998016,47439872,47480832,47525888
1227747328,1285931008,47161344,47210496,499019776,49672192,1331052544,1335271424,1294217216,47439872,47480832,47525888
1227747328,1285931008,47161344,47210496,499019776,49672192,1331052544,1085636608,1294217216,47439872,47480832,47525888
928681984,1285931008,47161344,47210496,499019776,49672192,1331052544,1085636608,1294217216,47439872,47480832,47525888
1202966528,1337303040,47161344,47210496,499019776,49672192,1331052544,1085636608,1294217216,47439872,47480832,47525888
1202966528,1001193472,47161344,47210496,499019776,49672192,1208164352,1085636608,1316196352,47439872,47480832,47525888
1249005568,1001193472,47161344,47210496,499019776,49672192,1199775744,1285705728,1319018496,47439872,47480832,47525888
1202069504,1262047232,47161344,47210496,499019776,49672192,1199775744,1285705728,1319018496,47439872,47480832,47525888
1202069504,1262047232,47161344,47210496,499019776,49672192,1308950528,1162686464,1319018496,47439872,47480832,47525888
1002000384,1001496576,47161344,47210496,499019776,49672192,1308950528,1336164352,1319018496,47439872,47480832,47525888
1002000384,1001496576,47161344,47210496,499019776,49672192,985104384,1336164352,1294221312,47439872,47480832,47525888
1251635200,1152000000,47161344,47210496,499019776,49672192,1330159616,1286598656,1294221312,47439872,47480832,47525888
1275523072,1250996224,47161344,47210496,499019776,49672192,1330159616,1336164352,1318109184,47439872,47480832,47525888
1235030016,1250996224,47161344,47210496,499019776,49672192,1304481792,1336164352,1342087168,47439872,47480832,47525888
1235030016,1250996224,47161344,47210496,499019776,49672192,985104384,1336164352,1342087168,47439872,47480832,47525888
997380096,1074814976,47161344,47210496,499019776,49672192,985104384,1037099008,1318109184,47439872,47480832,47525888
1225961472,1074814976,47161344,47210496,499019776,49672192,1284169728,1037099008,1342087168,47439872,47480832,47525888
1237037056,1274884096,47161344,47210496,499019776,49672192,1328472064,1297678336,1342087168,47439872,47480832,47525888
1237037056,1274884096,47161344,47210496,499019776,49672192,1328472064,1286602752,1242955776,47439872,47480832,47525888
977219584,1274884096,47161344,47210496,499019776,49672192,1179774976,1286602752,1343782912,47439872,47480832,47525888
977219584,1274884096,47161344,47210496,499019776,49672192,1331945472,1187606528,1343782912,47439872,47480832,47525888
1226854400,1074814976,47161344,47210496,499019776,49672192,1355927552,1187606528,1244655616,47439872,47480832,47525888
1226854400,1074814976,47161344,47210496,499019776,49672192,1355927552,1285709824,1244655616,47439872,47480832,47525888
1237061632,1238159360,47161344,47210496,499019776,49672192,1256796160,1012318208,1318105088,47439872,47480832,47525888
1237061632,1262047232,47161344,47210496,499019776,49672192,1306361856,1261953024,1341992960,47439872,47480832,47525888
1115910144,1285935104,47161344,47210496,499019776,49672192,1306361856,1261953024,1341992960,47439872,47480832,47525888
965406720,1287741440,47161344,47210496,499019776,49672192,1261191168,1296785408,1292427264,47439872,47480832,47525888
965406720,1287741440,47161344,47210496,499019776,49676288,1333731328,1162690560,1343778816,47439872,47480832,47525888
1238822912,1285935104,47161344,47210496,499019776,49676288,1333731328,1261268992,1343778816,47439872,47480832,47525888
1238822912,1285935104,47161344,47210496,499019776,49676288,1333731328,1294155776,1294213120,47439872,47480832,47525888
928681984,1285935104,47161344,47210496,499019776,49676288,1234599936,1294155776,1294213120,47439872,47480832,47525888
928681984,1285935104,47161344,47210496,499019776,49676288,1234599936,1345458176,1169547264,47439872,47480832,47525888
1129508864,1263013888,47161344,47210496,499019776,49676288,1284165632,1187606528,1169547264,47439872,47480832,47525888
1129508864,1026277376,47161344,47210496,499019776,49676288,1284165632,1187606528,1318109184,47439872,47480832,47525888
1226854400,1176780800,47161344,47210496,499019776,49676288,1284165632,1284075520,1068605440,47439872,47480832,47525888
1250742272,1176780800,47161344,47210496,499019776,49676288,1234599936,1284075520,1068605440,47439872,47480832,47525888
1168269312,1250996224,47161344,47210496,499019776,49676288,1209819136,1273413632,1365884928,47439872,47480832,47525888
1168269312,1274884096,47161344,47210496,499019776,49676288,1209819136,1273413632,1365884928,47439872,47480832,47525888
1098866688,1274884096,47161344,47210496,499019776,49676288,1209819136,1273413632,1365884928,47439872,47480832,47525888
1098866688,1074814976,47161344,47210496,499019776,49676288,1209819136,1273413632,1365884928,47439872,47480832,47525888
1277308928,1274884096,47161344,47210496,499019776,49676288,1308950528,1024131072,1230077952,47439872,47480832,47525888
1320280064,1274884096,47161344,47210496,499019776,49676288,1378230272,1297993728,1230077952,47439872,47480832,47525888
1320280064,1274884096,47161344,47210496,499019776,49676288,1378230272,1298546688,1294221312,47439872,47480832,47525888
928681984,1176649728,47161344,47210496,499019776,49676288,1034534912,1298546688,1294221312,47439872,47480832,47525888
1202966528,1176649728,47161344,47210496,499019776,49676288,1284169728,1298546688,1019805696,47439872,47480832,47525888
1202966528,951934976,47161344,47210496,499019776,49676288,1284169728,1322434560,1294221312,47439872,47480832,47525888
1237929984,1262051328,47161344,47210496,499019776,49676288,1308057600,1072799744,1367674880,47439872,47480832,47525888
1237929984,1262051328,47161344,47210496,499019776,49676288,1331945472,1072799744,1367674880,47439872,47480832,47525888
1103966208,1262051328,47161344,47210496,499019776,49676288,1331945472,1322434560,1145659392,47439872,47480832,47525888
953462784,1239388160,47161344,47210496,499019776,49676288,1233244160,1211494400,1330053120,47439872,47480832,47525888
1226854400,1239388160,47161344,47210496,499019776,49676288,1304068096,1211494400,1256730624,47439872,47480832,47525888
1226854400,988659712,47161344,47210496,499019776,49676288,1135607808,1310490624,1256730624,47439872,47480832,47525888
1237929984,1248317440,47161344,47210496,499019776,49676288,1135607808,1334407168,1355726848,47439872,47480832,47525888
1178181632,1248317440,47161344,47210496,499019776,49676288,1295245312,1334407168,1355726848,47439872,47480832,47525888
978112512,1248317440,47161344,47210496,499019776,49676288,1259384832,1334407168,1355726848,47439872,47480832,47525888
978112512,1125429248,47161344,47210496,499019776,49676288,1185173504,1334407168,1256595456,47439872,47480832,47525888
1252528128,951934976,47161344,47210496,499019776,49676288,1185173504,1283211264,1256595456,47439872,47480832,47525888
1252528128,951934976,47161344,47210496,499019776,49676288,1294352384,1283211264,1330941952,47439872,47480832,47525888
1252528128,1251000320,47161344,47210496,499019776,49676288,1294352384,1288396800,1305264128,47439872,47480832,47525888
1202962432,1251000320,47161344,47210496,499019776,49676288,1308950528,1288396800,1319133184,47439872,47480832,47525888
1002893312,1274888192,47161344,47210496,499019776,49676288,1009823744,1231523840,1319133184,47439872,47480832,47529984
1002893312,1025253376,47161344,47210496,499019776,49676288,1295245312,1231523840,1195089920,47439872,47480832,47529984
1252528128,1025253376,47161344,47210496,499019776,49676288,1295245312,1286602752,1195089920,47439872,47497216,47529984
1252528128,1274888192,47161344,47210496,499019776,49676288,1333731328,1237037056,1294221312,47439872,47497216,47529984
1252528128,1274888192,47161344,47210496,499019776,49676288,985104384,1237037056,1294221312,47439872,47480832,47529984
1291362304,1274888192,47161344,47210496,499019776,49676288,985104384,1297653760,1318109184,47439872,47480832,47529984
953462784,1274888192,47161344,47210496,499019776,49676288,1284169728,1297653760,1292521472,47439872,47480832,47529984
953462784,1274888192,47161344,47210496,499019776,49676288,1160327168,1321541632,1368563712,47439872,47480832,47529984
1203097600,976584704,47161344,47210496,499019776,49676288,1284169728,1224331264,1368563712,47439872,47480832,47529984
1203097600,1226219520,47161344,47210496,499019776,49676288,1284169728,1224331264,1368563712,47439872,47480832,47529984
1236193280,1250107392,47161344,47210496,499019776,49676288,1309085696,1036075008,1368563712,47439872,47480832,47529984
928681984,1273995264,47161344,47210496,499019776,49676288,1309085696,1036075008,1118928896,47439872,47480832,47529984
928681984,1138868224,47161344,47210496,499019776,49676288,1284169728,1285709824,1118928896,47439872,47480832,47529984
1226854400,976715776,47161344,47210496,499019776,49676288,1284169728,1285709824,1118928896,47439872,47480832,47529984
1226854400,976715776,47161344,47210496,499019776,49676288,1308057600,1036075008,1318998016,47439872,47480832,47529984
1249005568,1251000320,47161344,47210496,499019776,49676288,1034665984,1036075008,1318998016,47439872,47480832,47529984
1177419776,1251000320,47161344,47210496,499019776,49676288,1034665984,1286602752,1341992960,47439872,47480832,47529984
1177419776,1274888192,47161344,47210496,499019776,49676288,1333731328,1286602752,995155968,47439872,47480832,47529984
977350656,976584704,47161344,47210496,499019776,49606656,1333731328,1037099008,995155968,47439872,47480832,47529984
977350656,976584704,47161344,47210496,499019776,49606656,1333731328,1286733824,1319018496,47439872,47480832,47529984
1238798336,1250107392,47161344,47210496,499019776,49606656,1333731328,1286733824,1093255168,47439872,47480832,47529984
1238798336,1250107392,47161344,47210496,499019776,49606656,1084096512,1212256256,1093255168,47439872,47480832,47529984
1238798336,1273995264,47161344,47210496,499019776,49606656,1333731328,1336164352,1342889984,47439872,47480832,47529984
928681984,1273995264,47161344,47210496,499019776,49606656,1333731328,1336164352,1342889984,47439872,47480832,47529984
928681984,1024360448,47161344,47210496,499019776,49610752,1333731328,1336164352,1221681152,47439872,47480832,47529984
1227747328,1024360448,47161344,47210496,499019776,49610752,1160388608,1286307840,1221681152,47439872,47480832,47529984
1238822912,1250103296,47161344,47210496,499019776,49610752,1284169728,1286307840,1318109184,47439872,47480832,47529984
1238822912,1250103296,47161344,47210496,499019776,49610752,1284169728,1172787200,1318109184,47439872,47480832,47529984
1153400832,1250103296,47161344,47210496,499019776,49610752,1295245312,1345429504,995155968,47439872,47480832,47529984
1153400832,1250103296,47161344,47210496,499019776,49614848,1355927552,1345429504,995155968,47439872,47480832,47529984
953331712,951934976,47161344,47210496,499019776,49614848,1034665984,1174765568,1318109184,47439872,47480832,47529984
953331712,951934976,47161344,47210496,499019776,49614848,1034665984,1174765568,1318109184,47439872,47480832,47529984
1260081152,1262047232,47161344,47210496,499019776,49614848,1331945472,1323327488,1391652864,47439872,47480832,47529984
1261817856,1262047232,47161344,47210496,499019776,49614848,1331945472,1174589440,1294221312,47439872,47480832,47529984
953462784,1262047232,47161344,47210496,499019776,49614848,1331945472,1284075520,1294221312,47439872,47480832,47529984
953462784,976715776,47161344,47210496,499019776,49614848,1306361856,1284075520,1343782912,47439872,47480832,47529984
1103970304,976715776,47161344,47210496,499019776,49614848,1207230464,1034571776,1343782912,47439872,47480832,47529984
1103970304,976715776,47161344,47210496,499019776,49614848,1308053504,1034571776,1296023552,47439872,47480832,47529984
1273737216,1249210368,47161344,47210496,499019776,49614848,1208922112,1296785408,1368563712,47439872,47480832,47529984
1273737216,1249210368,47161344,47210496,499019776,49614848,1208922112,1187471360,1368563712,47439872,47480832,47529984
1198493696,1273098240,47161344,47210496,499019776,49614848,1308053504,1297678336,1368563712,47439872,47480832,47529984
928681984,1025384448,47161344,47210496,499019776,49614848,1234599936,1297678336,1118928896,47439872,47480832,47529984
1252528128,1025384448,47161344,47210496,499019776,49614848,1084096512,1297678336,1318100992,47439872,47480832,47529984
1252528128,1175887872,47161344,47210496,499019776,49614848,1084096512,1162690560,1318100992,47439872,47480832,47529984
1263603712,1175887872,47161344,47210496,499019776,49614848,1333731328,1162690560,1318100992,47439872,47480832,47529984
1265410048,1261178880,47161344,47210496,499019776,49614848,1333731328,1296785408,1341988864,47456256,47480832,47529984
1013968896,1261178880,47161344,47210496,499019776,49614848,1333731328,1296785408,1341988864,47456256,47480832,47529984
1013968896,1089597440,47161344,47210496,499019776,49614848,1333731328,1296785408,1341988864,47456256,47480832,47529984
1263603712,1089597440,47161344,47210496,499019776,49614848,1209892864,1333485568,1341988864,47439872,47480832,47529984
1263603712,1089597440,47161344,47210496,499019776,49614848,1209892864,1036967936,1319129088,47439872,47480832,47529984
1263603712,1250103296,47161344,47210496,499019776,49614848,1259388928,1036967936,1341992960,47439872,47480832,47529984
1226985472,1250103296,47161344,47226880,499019776,49614848,1308950528,1297653760,1341992960,47439872,47480832,47529984
977350656,1224425472,47161344,47226880,499019776,49614848,1009885184,1297653760,1343799296,47439872,47480832,47529984
977350656,1224425472,47161344,47226880,499019776,49614848,1284169728,1273896960,1341992960,47439872,47480832,47529984
1247014912,1174859776,47161344,47226880,499019776,49614848,1284169728,1125199872,1341992960,47439872,47480832,47529984
1247014912,1174859776,47161344,47226880,499019776,49614848,1355927552,1294155776,1341992960,47439872,47480832,47529984
1247014912,1272201216,47161344,47226880,499019776,49614848,1355927552,1261060096,1157599232,47439872,47480832,47529984
1204617216,1272201216,47161344,47226880,499019776,49614848,1185173504,1261060096,1355722752,47439872,47480832,47529984
928681984,1272201216,47161344,47226880,499019776,49614848,1295220736,1186578432,1355722752,47439872,47480832,47529984
928681984,1122590720,47161344,47226880,499019776,49614848,1295220736,1309597696,1256726528,47439872,47480832,47529984
1227747328,1122590720,47161344,47226880,499019776,49614848,1328173056,1309597696,1256726528,47439872,47480832,47529984
1238822912,1273094144,47161344,47226880,499019776,49614848,1328173056,1333485568,1330049024,47439872,47480832,47529984
1238822912,1273094144,47161344,47226880,499019776,49614848,1393143808,1149984768,1353936896,47439872,47480832,47529984
1152503808,1273094144,47161344,47226880,499019776,49614848,1393143808,1261821952,1353936896,47439872,47480832,47529984
1002000384,1246523392,47161344,47226880,499019776,49614848,1320890368,1261821952,1044717568,47439872,47480832,47529984
1251635200,1145585664,47161344,47226880,499019776,49614848,1120821248,1285709824,1342889984,47439872,47480832,47529984
1251635200,1145585664,47161344,47226880,499019776,49614848,1120821248,1285709824,1342889984,47439872,47480832,47529984
1251635200,1296089088,47161344,47226880,499019776,49614848,1320890368,1186578432,1342889984,47439872,47480832,47529984
1251635200,1253875712,47161344,47226880,499023872,49614848,1009885184,1285709824,1269571584,47439872,47480832,47529984
940625920,1253875712,47161344,47226880,499023872,49614848,1009885184,1236144128,1170440192,47439872,47480832,47529984
940625920,1313415168,47161344,47226880,499023872,49614848,1308950528,1236144128,1170440192,47439872,47480832,47529984
1214910464,1051058176,47161344,47226880,499023872,49614848,1308950528,1236144128,1342087168,47439872,47480832,47529984
1238798336,1051058176,47161344,47226880,499023872,49614848,1059315712,1285709824,1242955776,47439872,47480832,47529984
1238798336,1275777024,47161344,47226880,499023872,49614848,1059315712,1285709824,1242955776,47439872,47480832,47529984
940494848,1226211328,47161344,47226880,499023872,49614848,1308950528,1285709824,1368563712,47439872,47480832,47529984
1202966528,1226211328,47161344,47226880,499023872,49614848,1009823744,1285709824,1368563712,47439872,47480832,47529984
1202966528,1075707904,47161344,47226880,499023872,49614848,1009823744,1186578432,1219866624,47439872,47480832,47529984
1249005568,1275777024,47161344,47226880,499023872,49614848,1308057600,1285709824,1219866624,47439872,47480832,47529984
1251635200,1275777024,47161344,47226880,499023872,49614848,1308057600,1285709824,1341992960,47439872,47480832,47529984
1251635200,1275777024,47161344,47226880,499023872,49614848,1220231168,1162821632,995155968,47439872,47480832,47529984
1002000384,1201430528,47161344,47226880,499023872,49614848,1220231168,1162821632,995155968,47439872,47480832,47529984
1002000384,1201430528,47161344,47226880,499023872,49614848,1220231168,1162821632,995155968,47439872,47480832,47529984
1301196800,963878912,47161344,47226880,499023872,49614848,1220231168,1162821632,995155968,47439872,47480832,47529984
1301196800,1242136576,47161344,47226880,499023872,49614848,1220231168,1261953024,995155968,47439872,47480832,47529984
1301196800,1242136576,47161344,47226880,499023872,49614848,1331945472,1261953024,1343782912,47439872,47480832,47529984
1051561984,1249214464,47161344,47226880,499023872,49614848,1221898240,1339527168,1343782912,47439872,47480832,47529984
1051561984,1237401600,47161344,47226880,499023872,49614848,1221898240,1048018944,1094148096,47439872,47480832,47529984
1210028032,1000472576,47161344,47226880,499023872,49614848,1331052544,1048018944,1094148096,47439872,47480832,47529984
1262682112,1200541696,47161344,47226880,499023872,49614848,1331052544,1297653760,1343782912,47439872,47480832,47529984
1262682112,1200541696,47161344,47226880,499023872,49614848,1009885184,1297653760,1343782912,47439872,47480832,47529984
1286569984,1273995264,47161344,47226880,499023872,49614848,1295220736,1297653760,1244790784,47439872,47480832,47529984
1286569984,1297883136,47161344,47226880,499023872,49614848,1196982272,1297653760,1244790784,47439872,47480832,47529984
928681984,1297883136,47161344,47226880,499023872,49614848,1046478848,987537408,1244790784,47439872,47480832,47529984
1250742272,951934976,47161344,47226880,499023872,49614848,1308950528,1261060096,1244790784,47439872,47480832,47529984
1250742272,1151868928,47161344,47226880,499023872,49614848,1308950528,1261060096,1317216256,47439872,47480832,47529984
1250742272,1151868928,47161344,47226880,499023872,49614848,1332858880,1186578432,1364992000,47439872,47480832,47529984
1255563264,1261154304,47161344,47226880,499023872,49614848,1332858880,1296785408,1250304000,47439872,47480832,47529984
1255563264,1285042176,47161344,47226880,499023872,49614848,1332858880,1296785408,1250304000,47439872,47480832,47529984
953331712,951934976,47161344,47226880,499023872,49614848,1234604032,1130176512,1442906112,47439872,47480832,47529984
1226854400,951934976,47161344,47226880,499023872,49614848,1234604032,1283080192,1442906112,47439872,47480832,47529984
1237929984,1052872704,47161344,47226880,499023872,49618944,1295245312,1283080192,1442906112,47439872,47480832,47529984
1203097600,1052872704,47161344,47226880,499023872,49618944,1160327168,1275277312,1442906112,47439872,47480832,47529984
1203097600,1274884096,47161344,47226880,499023872,49618944,1009823744,1310490624,1214930944,47439872,47480832,47529984
978112512,1274884096,47161344,47226880,499023872,49618944,1282908160,1310490624,1305272320,47439872,47480832,47529984
1227747328,1269682176,47161344,47226880,499023872,49618944,1282908160,1310490624,1305272320,47439872,47480832,47529984
1227747328,1269682176,47161344,47226880,499023872,49618944,1307164672,1310490624,1221812224,47439872,47480832,47529984
1236193280,1102434304,47161344,47226880,499023872,49618944,1185038336,1310490624,1244659712,47439872,47480832,47529984
1236193280,1250996224,47161344,47226880,499023872,49618944,1185038336,1310490624,1244659712,47439872,47480832,47529984
1139691520,1250996224,47161344,47226880,499023872,49618944,1185038336,1138040832,1318109184,47439872,47480832,47529984
989188096,1307856896,47161344,47226880,499023872,49618944,1333731328,1138040832,1318109184,47439872,47480832,47529984
989188096,1307856896,47161344,47226880,499023872,49549312,1333731328,1261821952,1342087168,47439872,47480832,47529984
1247592448,976715776,47161344,47226880,499023872,49549312,1285971968,1261821952,1092452352,47439872,47480832,47529984
1249005568,1226215424,47161344,47226880,499023872,49549312,1333731328,1261821952,1343782912,47439872,47480832,47529984
1249005568,1250103296,47161344,47226880,499023872,49549312,1184276480,1311518720,1294217216,47439872,47480832,47529984
953462784,1250103296,47161344,47226880,499023872,49549312,1033773056,1311518720,1294217216,47439872,47480832,47529984
1103966208,1273995264,47161344,47226880,499023872,49549312,1033773056,1311518720,1294217216,47439872,47480832,47529984
1103966208,1273995264,47161344,47226880,499023872,49549312,1033773056,1311518720,1294217216,47439872,47480832,47529984
1252528128,951934976,47161344,47226880,499023872,49549312,1033773056,1311383552,1343782912,47439872,47480832,47529984
1252528128,1102438400,47161344,47226880,499023872,49549312,1283407872,1285705728,1343782912,47439872,47480832,47529984
1252528128,1102438400,47161344,47226880,499023872,49549312,1295220736,1285705728,1343782912,47439872,47480832,47529984
928681984,1249210368,47161344,47226880,499023872,49549312,1295220736,1335271424,1294356480,47439872,47480832,47529984
928681984,1175887872,47161344,47226880,499023872,49549312,1021829120,1296785408,1294356480,47439872,47480832,47529984
1202966528,1175887872,47161344,47226880,499023872,49549312,1271463936,1296785408,1195089920,47439872,47480832,47529984
1236193280,1025384448,47161344,47226880,499023872,49549312,1271463936,1298591744,1343782912,47439872,47480832,47529984
1237929984,1025384448,47161344,47226880,499023872,49549312,1234604032,1296785408,1343782912,47439872,47480832,47529984
1191063552,1274884096,47161344,47226880,499023872,49549312,1234604032,1296785408,1343782912,47439872,47480832,47529984
1191063552,1274884096,47161344,47226880,499023872,49549312,1284169728,1249116160,1094148096,47439872,47480832,47529984
1189257216,1274884096,47161344,47226880,499023872,49549312,1308057600,1199550464,1094148096,47439872,47480832,47529984
1189257216,951934976,47161344,47226880,499023872,49549312,1058422784,1199550464,1343782912,47439872,47480832,47529984
1249005568,951934976,47161344,47226880,499023872,49549312,1258491904,1261821952,1343782912,47439872,47480832,47529984
1249005568,951934976,47161344,47226880,499023872,49549312,1258491904,1295048704,1343782912,47439872,47480832,47529984
1103835136,1224429568,47161344,47226880,499023872,49549312,1308950528,1295048704,1467686912,47439872,47480832,47529984
953331712,1297227776,47161344,47226880,499023872,49549312,1259384832,1173897216,1467686912,47439872,47480832,47529984
953331712,1297227776,47161344,47226880,499023872,49549312,1259384832,1173897216,1467686912,47439872,47480832,47529984
1238822912,1035567104,47161344,47226880,499023872,49549312,1308950528,1284075520,995155968,47439872,47480832,47529984
1238822912,1285066752,47161344,47226880,499023872,49549312,1356726272,1284075520,995155968,47439872,47480832,47529984
1268596736,1285066752,47161344,47226880,499023872,49549312,1356726272,1224200192,1294221312,47439872,47480832,47529984
978243584,1285066752,47161344,47226880,499023872,49553408,1009885184,1224200192,1342087168,47439872,47480832,47529984
1178312704,1176780800,47161344,47226880,499023872,49553408,1259520000,1283080192,1342087168,47439872,47480832,47529984
1178312704,951934976,47161344,47226880,499023872,49553408,1259520000,1212256256,1223733248,47439872,47480832,47529984
1236193280,951934976,47161344,47226880,499023872,49553408,1300054016,1012187136,1343782912,47439872,47480832,47529984
1236193280,1248317440,47161344,47226880,499023872,49553408,1009827840,1311383552,1343782912,47439872,47480832,47529984
1239351296,1259393024,47161344,47226880,499023872,49553408,1009827840,1311383552,1294217216,47439872,47480832,47529984
989188096,1259393024,47161344,47226880,499023872,49553408,1308057600,1311383552,1269440512,47439872,47480832,47529984
1238822912,1049141248,47161344,47226880,499023872,49553408,1308057600,1311383552,1269440512,47439872,47480832,47529984
1238822912,1049141248,47161344,47226880,499023872,49553408,1034534912,1261953024,1329160192,47439872,47480832,47529984
1248980992,1049141248,47161344,47226880,499023872,49553408,1034534912,1261953024,1206272000,47439872,47480832,47529984
1263714304,1298771968,47161344,47226880,499023872,49553408,1308950528,1285709824,1206272000,47439872,47480832,47529984
1263714304,1298771968,47161344,47226880,499023872,49553408,1259384832,987537408,1343782912,47439872,47480832,47529984
964513792,1298771968,47161344,47226880,499023872,49553408,1209819136,987537408,1343782912,47439872,47480832,47529984
964513792,1098702848,47161344,47226880,499023872,49553408,1209819136,987537408,1343782912,47439872,47480832,47529984
1251635200,1098702848,47161344,47226880,499023872,49553408,1209819136,987537408,1343782912,47439872,47480832,47529984
1251635200,1249206272,47161344,47226880,499023872,49553408,1209819136,1311383552,1343782912,47439872,47480832,47529984
1225957376,1284145152,47161344,47226880,499023872,49553408,1358512128,1311383552,1145659392,47439872,47480832,47529984
1225957376,1284145152,47161344,47226880,499023872,49553408,1358512128,1311383552,1319018496,47439872,47480832,47529984
952438784,1260388352,47161344,47226880,499023872,49553408,1358512128,1212252160,1319018496,47439872,47480832,47529984
1252528128,1260388352,47161344,47226880,499023872,49553408,1358512128,1212252160,1170440192,47439872,47480832,47529984
1252528128,1109884928,47161344,47226880,499023872,49553408,1358512128,1311383552,1343782912,47439872,47480832,47529984
1252528128,1260388352,47161344,47226880,499023872,49553408,1358512128,1311383552,1343782912,47439872,47480832,47529984
1252528128,1260388352,47161344,47226880,499023872,49553408,1175330816,1261817856,1343782912,47439872,47480832,47529984
1002893312,1260388352,47161344,47226880,499023872,49553408,1308950528,1311383552,1195220992,47439872,47480832,47529984
1002893312,1198411776,47161344,47226880,499023872,49553408,1308950528,1311383552,1195220992,47439872,47480832,47529984
1277308928,1097474048,47161344,47226880,499023872,49553408,1209819136,1261821952,1294352384,47439872,47480832,47529984
1277308928,1097474048,47161344,47226880,499023872,49553408,1308950528,1261821952,1294352384,47439872,47480832,47529984
1277308928,1297543168,47161344,47226880,499023872,49553408,1308950528,1261821952,1294352384,47439872,47480832,47529984
1027674112,1297543168,47161344,47226880,499023872,49557504,1308950528,1285709824,1145659392,47439872,47480832,47529984
1027674112,1297543168,47161344,47226880,499023872,49557504,1160327168,1130721280,1319018496,47439872,47480832,47529984
1227743232,1097474048,47161344,47226880,499023872,49557504,1160327168,1285709824,1342889984,47439872,47480832,47529984
1227743232,1038221312,47161344,47226880,499023872,49557504,1308950528,1285709824,1342889984,47439872,47480832,47529984
1237925888,1248382976,47161344,47226880,499023872,49557504,1308950528,1261957120,1393344512,47439872,47480832,47529984
1237925888,1248382976,47161344,47226880,499023872,49557504,1308950528,1310490624,1393344512,47439872,47480832,47529984
928681984,1249206272,47161344,47226880,499023872,49557504,1261191168,1310490624,1343778816,47439872,47480832,47529984
1079185408,1249206272,47161344,47226880,499023872,49557504,1308950528,1334407168,1343778816,47439872,47480832,47529984
1079185408,1286959104,47161344,47226880,499023872,49557504,1308950528,1261953024,1143709696,47439872,47480832,47529984
1252528128,951934976,47161344,47226880,499023872,49557504,1308950528,1306124288,1343778816,47439872,47480832,47529984
1252528128,951934976,47161344,47226880,499023872,49557504,1033175040,1306124288,1343778816,47439872,47480832,47529984
1252528128,1251000320,47161344,47226880,499023872,49557504,1033175040,1285709824,1343778816,47439872,47480832,47529984
928681984,1251000320,47161344,47226880,499023872,49557504,1259384832,1285709824,1094279168,47439872,47480832,47529984
928681984,1251000320,47161344,47226880,499023872,49557504,1308950528,1237037056,1318998016,47439872,47480832,47529984
1202073600,1025253376,47161344,47226880,499023872,49557504,1308950528,1286602752,1318998016,47439872,47480832,47529984
1202073600,1025253376,47161344,47226880,499023872,49557504,1059315712,1286602752,1318998016,47439872,47480832,47529984
1237905408,1225322496,47161344,47226880,499023872,49557504,1308950528,1296785408,1069498368,47439872,47480832,47529984
1237905408,1225322496,47161344,47226880,499023872,49557504,1308950528,1149984768,1343782912,47439872,47480832,47529984
977219584,1274888192,47161344,47226880,499023872,49557504,1354940416,1149984768,1343782912,47439872,47480832,47529984
977219584,1201569792,47161344,47226880,499023872,49557504,1354940416,1149984768,1343782912,47439872,47480832,47529984
1239691264,1201569792,47161344,47226880,499023872,49557504,1354940416,1149984768,1343782912,47439872,47480832,47529984
1239691264,951934976,47161344,47226880,499023872,49557504,1354940416,1283080192,1343782912,47439872,47480832,47529984
1239691264,1226215424,47161344,47226880,499023872,49557504,985104384,1237037056,1338863616,47439872,47480832,47529984
928681984,1262047232,47161344,47226880,499023872,49557504,1333731328,1336164352,1338863616,47439872,47480832,47529984
928681984,1285935104,47161344,47226880,499023872,49557504,1333731328,1336164352,1343782912,47439872,47480832,47529984
928681984,1285935104,47161344,47226880,499023872,49557504,1234599936,1336164352,1343782912,47439872,47480832,47529984
1227747328,1038221312,47161344,47226880,499023872,49557504,1333731328,1086529536,995155968,47439872,47480832,47529984
1227747328,1038221312,47161344,47226880,499023872,49557504,1333731328,1086529536,1318109184,47439872,47480832,47529984
1227878400,1238290432,47161344,47226880,499023872,49561600,1333731328,1336164352,1318109184,47439872,47480832,47529984
1227878400,1250103296,47161344,47226880,499023872,49561600,1252884480,1336164352,1318109184,47439872,47480832,47529984
978243584,1250103296,47161344,47226880,499023872,49561600,1252884480,1157308416,1342087168,47439872,47480832,47529984
1277308928,1273991168,47161344,47226880,499023872,49561600,1284169728,1292165120,1342087168,47439872,47480832,47529984
1277308928,951934976,47161344,47226880,499023872,49561600,1260298240,1292165120,1343782912,47439872,47480832,47529984
1277308928,951934976,47161344,47226880,499023872,49561600,1260298240,1031585792,1343782912,47439872,47480832,47529984
1326874624,1248317440,47161344,47226880,499023872,49561600,1308950528,1031585792,1195085824,47439872,47480832,47529984
1326874624,1248317440,47161344,47226880,499023872,49561600,1308950528,1281220608,1195085824,47439872,47480832,47529984
940625920,1296093184,47165440,47226880,499023872,49561600,1259384832,1298546688,1318998016,47439872,47480832,47529984
1237905408,1049141248,47165440,47226880,499023872,49561600,1259384832,1298546688,1293320192,47439872,47480832,47529984
1237905408,1298771968,47165440,47226880,499023872,49561600,1284169728,1298546688,1293320192,47439872,47480832,47529984
1237905408,1298771968,47165440,47226880,499023872,49561600,1295245312,1298546688,1342885888,47439872,47480832,47529984
1178333184,1298771968,47165440,47226880,499023872,49561600,1295245312,1072799744,1170436096,47439872,47480832,47529984
976457728,1298771968,47165440,47226880,499023872,49561600,1258491904,1322434560,1319133184,47439872,47480832,47529984
1238798336,1098702848,47165440,47226880,499023872,49561600,1258491904,1322434560,1319133184,47439872,47480832,47529984
1238798336,1098702848,47165440,47226880,499023872,49561600,1308950528,1212387328,1319133184,47439872,47480832,47529984
1238798336,1098702848,47165440,47226880,499023872,49561600,1302659072,1012318208,1342889984,47439872,47480832,47529984
1172668416,1260257280,47165440,47226880,499023872,49561600,1302659072,1012318208,1242058752,47439872,47480832,47529984
1172668416,1271332864,47165440,47226880,499023872,49561600,1209819136,1311383552,1242058752,47439872,47480832,47529984
1123102720,1271332864,47165440,47226880,499023872,49561600,1308950528,1364561920,1305272320,47439872,47480832,47529984
1123102720,1133641728,47165440,47226880,499023872,49561600,1308950528,1364561920,1337430016,47439872,47480832,47529984
1225961472,1242542080,47165440,47226880,499023872,49561600,1308950528,1311383552,1319018496,47439872,47480832,47529984
1237037056,1242542080,47165440,47226880,499023872,49561600,1234604032,1311383552,1319018496,47439872,47480832,47529984
1127723008,1284145152,47165440,47226880,499023872,49561600,1234604032,1334407168,1342889984,47439872,47480832,47529984
977219584,1284145152,47165440,47226880,499023872,49561600,1358512128,1012187136,1145659392,47439872,47480832,47529984
977219584,1223663616,47165440,47226880,499023872,49561600,1358512128,1012187136,1145659392,47439872,47480832,47529984
1273737216,1073160192,47165440,47226880,499023872,49561600,1358512128,1012187136,1145659392,47439872,47480832,47529984
1273737216,1073160192,47181824,47226880,499023872,49561600,1358512128,1012187136,1145659392,47439872,47480832,47529984
1273737216,1235333120,47181824,47226880,499023872,49561600,1358512128,1297678336,1293324288,47439872,47480832,47529984
1125040128,1260257280,47181824,47226880,499023872,49565696,1295216640,1297678336,1293324288,47439872,47480832,47529984
1024102400,1260257280,47181824,47226880,499023872,49565696,1319104512,1297678336,1342889984,47439872,47480832,47529984
1024102400,1260257280,47181824,47226880,499023872,49565696,1319104512,987537408,1170440192,47439872,47480832,47529984
1249845248,1133641728,47181824,47226880,499023872,49565696,1271324672,1285709824,1317216256,47439872,47480832,47529984
1249845248,1133641728,47181824,47226880,499023872,49565696,1271324672,1296785408,1317216256,47439872,47480832,47529984
1249845248,1133641728,47181824,47226880,499023872,49565696,1345671168,1333485568,1317216256,47439872,47480832,47529984
1150713856,1285931008,47181824,47226880,499023872,49565696,1145602048,1333485568,1174560768,47439872,47480832,47529984
1049776128,1285931008,47181824,47226880,499023872,49565696,1145602048,1162821632,1174560768,47439872,47480832,47529984
1049776128,1285931008,47181824,47226880,499023872,49565696,1345671168,1162821632,1355726848,47439872,47480832,47529984
1299410944,1135427584,47181824,47226880,499023872,49565696,1345671168,1285709824,1157599232,47439872,47480832,47529984
1299410944,1285931008,47181824,47226880,499023872,49565696,1345671168,1296785408,1317212160,47439872,47480832,47529984
1299410944,1285931008,47181824,47226880,499023872,49565696,1034665984,1296785408,1317212160,47439872,47480832,47529984
1299410944,1285931008,47181824,47226880,499023872,49565696,1234739200,1162690560,1293455360,47439872,47480832,47529984
997511168,1285931008,47181824,47226880,499023872,49565696,1306320896,1311383552,1196453888,47439872,47480832,47529984
1247145984,1358794752,47181824,47226880,499023872,49565696,1306320896,1261817856,1196453888,47439872,47480832,47529984
1247145984,1135427584,47181824,47226880,499023872,49565696,1306320896,1212252160,1244655616,47439872,47480832,47529984
1247145984,1135427584,47181824,47226880,499023872,49565696,1284165632,1212252160,1244655616,47439872,47480832,47529984
1251635200,1285931008,47181824,47226880,499023872,49565696,1333731328,1311383552,1319018496,47439872,47480832,47529984
1204551680,1285931008,47181824,47226880,499023872,49565696,1371848704,1222569984,1319018496,47439872,47480832,47529984
953331712,1285931008,47181824,47226880,499023872,49565696,1234599936,1272135680,1342889984,47439872,47480832,47529984
953331712,1051058176,47181824,47226880,499023872,49565696,1234599936,1272135680,1093255168,47439872,47480832,47529984
1251635200,1051058176,47181824,47226880,499023872,49565696,1332973568,1308704768,1093255168,47439872,47480832,47529984
1251635200,1051058176,47181824,47226880,499023872,49565696,1332973568,1308704768,1343782912,47439872,47480832,47529984
1251635200,1250099200,47181824,47226880,499023872,49565696,1033773056,1036075008,1343782912,47439872,47480832,47529984
1103966208,1250099200,47181824,47226880,499023872,49565696,1358512128,1036075008,1367674880,47439872,47480832,47529984
953462784,1264181248,47181824,47226880,499023872,49565696,1358512128,1310490624,1367674880,47439872,47480832,47529984
1227747328,1264181248,47181824,47226880,499023872,49565696,1059446784,1310490624,1319018496,47439872,47497216,47529984
1227747328,1075838976,47181824,47226880,499023872,49565696,1309081600,1138040832,1319018496,47439872,47497216,47529984
1238822912,1075838976,47181824,47226880,499023872,49565696,1309081600,1284947968,1342889984,47439872,47497216,47529984
1238822912,1250992128,47181824,47226880,499023872,49565696,1209892864,1284947968,1019936768,47439872,47497216,47529984
1103835136,1250992128,47181824,47226880,499023872,49569792,1209892864,1284947968,1019936768,47439872,47497216,47529984
953331712,1274880000,47181824,47226880,499023872,49569792,1209892864,1284947968,1019936768,47439872,47497216,47529984
953331712,1274880000,47181824,47226880,499023872,49569792,1308057600,1059962880,1019936768,47439872,47497216,47529984
1225093120,1063002112,47181824,47226880,499023872,49569792,1308057600,1309597696,1342889984,47439872,47497216,47529984
1237905408,1263071232,47181824,47226880,499023872,49569792,1308950528,1016963072,1342889984,47439872,47497216,47529984
1237905408,1263071232,47181824,47226880,499023872,49569792,1308950528,1016963072,1342889984,47439872,47497216,47529984
965275648,1263071232,47181824,47226880,499023872,49569792,1308950528,1266597888,1244651520,47439872,47497216,47529984
1088946176,1304059904,47181824,47226880,499023872,49569792,1308950528,1266597888,1393344512,47439872,47497216,47529984
1264472064,1304059904,47181824,47226880,499023872,49569792,1209892864,1285709824,995155968,47439872,47497216,47529984
1264472064,1013440512,47181824,47226880,499023872,49569792,1209892864,1186578432,1312731136,47439872,47497216,47529984
1264472064,1287725056,47181824,47226880,499023872,49569792,1333731328,1186578432,1312731136,47439872,47497216,47529984
1165340672,1287725056,47181824,47226880,499023872,49573888,1234735104,1311383552,1329160192,47439872,47497216,47529984
1014837248,1287725056,47181824,47226880,499023872,49573888,1135603712,1219309568,1055768576,47439872,47497216,47529984
1014837248,1287725056,47181824,47226880,499023872,49573888,1135603712,1311383552,1055768576,47439872,47497216,47529984
1238794240,976715776,47181824,47226880,499023872,49573888,1304559616,1311383552,1330049024,47439872,47497216,47529984
1238794240,1176784896,47181824,47226880,499023872,49573888,1234604032,1212256256,1330049024,47439872,47497216,47529984
1238794240,1176784896,47181824,47226880,499023872,49573888,1333731328,1212256256,1330049024,47439872,47497216,47529984
1163550720,1250107392,47181824,47226880,499023872,49573888,1333731328,1162690560,1080549376,47439872,47497216,47529984
1062612992,1273995264,47181824,47226880,499023872,49573888,1107984384,1333485568,1080549376,47439872,47497216,47529984
1062612992,1273995264,47181824,47226880,499023872,49573888,1107984384,1187471360,1280618496,47439872,47497216,47529984
1312247808,976584704,47181824,47226880,499023872,49573888,1357619200,1187471360,1349087232,47439872,47497216,47529984
1312247808,1151868928,47181824,47226880,499023872,49573888,1296244736,1335271424,1349087232,47439872,47497216,47529984
1312247808,1274884096,47181824,47226880,499023872,49573888,985104384,1335271424,1170440192,47439872,47497216,47529984
1312247808,1274884096,47181824,47226880,499023872,49573888,985104384,1061748736,1319018496,47439872,47497216,47529984
953462784,1274884096,47181824,47226880,499023872,49573888,1294352384,1336164352,1319018496,47439872,47497216,47529984
1103966208,1001496576,47181824,47226880,499023872,49573888,1234604032,1336164352,1221681152,47439872,47497216,47529984
1252528128,1001496576,47181824,47226880,499023872,49573888,1234604032,1336164352,1319018496,47443968,47497216,47529984
1252528128,1176649728,47181824,47226880,499023872,49573888,1333731328,1212387328,1319018496,47443968,47497216,47529984
1276416000,1274884096,47181824,47226880,499023872,49573888,1333731328,1212387328,1019936768,47443968,47497216,47529984
1026781184,1274884096,47181824,47226880,499023872,49577984,1333731328,1261821952,1019936768,47443968,47497216,47529984
1026781184,1074814976,47181824,47226880,499023872,49577984,1084096512,1261821952,1330053120,47443968,47497216,47529984
1276416000,1074814976,47181824,47226880,499023872,49577984,1333731328,1286602752,1219887104,47443968,47497216,47529984
1276416000,1274884096,47181824,47226880,499023872,49577984,1333731328,1286602752,1393344512,47443968,47497216,47529984
1276416000,1274884096,47181824,47226880,499023872,49577984,1207795712,1286602752,1393344512,47443968,47497216,47529984
977219584,1201434624,47181824,47226880,499023872,49577984,1259458560,1336299520,1393344512,47443968,47497216,47529984
977219584,1201434624,47181824,47226880,499023872,49577984,1259458560,1336299520,1393344512,47443968,47497216,47529984
1226854400,1001365504,47181824,47226880,499023872,49577984,1259458560,1336299520,1393344512,47443968,47497216,47529984
1226854400,1201434624,47181824,47226880,499023872,49577984,1294352384,1037099008,1343778816,47443968,47497216,47529984
1237929984,1201434624,47181824,47226880,499023872,49577984,1294352384,1037099008,1294213120,47443968,47497216,47529984
1273016320,1262047232,47181824,47226880,499023872,49577984,1331052544,1310490624,1343778816,47443968,47497216,47529984
977350656,1285935104,47181824,47226880,499023872,49577984,985104384,1310490624,1293455360,47443968,47497216,47529984
977350656,1256906752,47181824,47226880,499023872,49577984,985104384,1212260352,1293455360,47443968,47497216,47529984
1226985472,1062871040,47181824,47226880,499023872,49577984,1432854528,1212260352,995155968,47443968,47497216,47529984
1243492352,1262940160,47181824,47226880,499023872,49577984,1432854528,1292591104,1338863616,47443968,47497216,47529984
1245229056,1262940160,47181824,47226880,499023872,49577984,1432854528,1292591104,1360297984,47443968,47497216,47529984
1245229056,1262940160,47181824,47226880,499023872,49577984,1041100800,992935936,1360297984,47443968,47497216,47529984
940625920,1262940160,47181824,47226880,499023872,49577984,1092792320,1047289856,1055199232,78733312,47497216,47529984
940625920,1262940160,47181824,47226880,499023872,49577984,1092792320,1047289856,1117880320,81027072,47497216,47529984
1202966528,951934976,47181824,47226880,499023872,49577984,1077010432,1077522432,1117880320,81027072,151547904,80912384
1237929984,1201434624,47181824,47226880,499023872,49577984,1077010432,1077522432,1117880320,81027072,151547904,80912384
1237929984,1201434624,47181824,47226880,499023872,49577984,1077010432,1077522432,1117880320,81027072,80384000,80920576
1250742272,1249210368,47181824,47226880,499023872,115638272,1077010432,1077522432,1117880320,81027072,80388096,80920576
1250742272,1296986112,47181824,47226880,499023872,132087808,1077010432,1077522432,1117880320,81027072,80388096,80920576
1001107456,1025384448,47181824,47226880,821280768,52633600,1077010432,1077522432,1117880320,81031168,80396288,80924672
1302089728,1025384448,47181824,47226880,821280768,52633600,1077010432,1077522432,1117880320,81031168,80396288,80924672
1302089728,1188593664,47181824,47226880,821280768,52637696,1077010432,1077522432,1117880320,81031168,80396288,80924672
1302089728,1188593664,47181824,47226880,821280768,52637696,1077010432,1077522432,1117880320,81031168,80396288,80924672
1302089728,1262940160,47181824,47226880,821280768,52637696,1077010432,1077526528,1117880320,81031168,80396288,80924672
978243584,1262940160,47181824,47226880,821280768,52637696,1077010432,1077526528,1117884416,81031168,80396288,80924672
1227878400,988659712,47181824,47226880,821280768,52637696,1077010432,1077526528,1117884416,81031168,80396288,80924672
1238822912,988659712,47181824,47226880,821280768,52637696,1077010432,1077526528,1117884416,81031168,80396288,80924672
1238822912,1226215424,47181824,47226880,821280768,52637696,1077010432,1077526528,1117884416,81031168,80396288,80924672
1238822912,1273991168,47181824,47226880,821280768,52637696,1077010432,1077526528,1117884416,81031168,80396288,80924672
928681984,1273991168,47181824,47226880,821280768,52637696,1077010432,1077526528,1117884416,81035264,80396288,80924672
928681984,1262288896,47181824,47226880,821280768,52637696,1077010432,1077526528,1117884416,81035264,80396288,80924672
1037131776,1262288896,47181824,47226880,821280768,52637696,1077010432,1077526528,1117884416,81035264,80396288,80924672
1225961472,1175752704,47181824,47226880,821280768,52637696,1077010432,1077526528,1117884416,81035264,80396288,80924672
1225961472,1274884096,47181824,47226880,821280768,52637696,1077010432,1077526528,1117884416,81035264,80396288,80924672
1249849344,1274884096,47181824,47226880,821280768,52641792,1077010432,1077526528,1117884416,81035264,80396288,80924672
1000214528,1274884096,47181824,47226880,821280768,52641792,1077010432,1077526528,1117884416,81035264,80396288,80924672
1000214528,1274884096,47181824,47226880,821280768,52641792,1077010432,1077526528,1117884416,81035264,80396288,80924672
1000214528,1001365504,47181824,47226880,821280768,52641792,1077010432,1077526528,1117884416,81035264,80400384,80945152
1276416000,1102303232,47181824,47226880,821280768,52641792,1077010432,1077526528,1117884416,81035264,80400384,80953344
1276416000,1297879040,47181824,47226880,821280768,52645888,1077010432,1077526528,1117884416,81035264,80400384,80953344
1276416000,1297879040,47181824,47226880,821280768,52645888,1077010432,1077526528,1117884416,81035264,80400384,80953344
977350656,1297879040,47181824,47226880,821280768,52645888,1077010432,1077526528,1117884416,81035264,80400384,80953344
977350656,1222635520,47181824,47226880,821280768,52645888,1077010432,1077526528,1117884416,81035264,80400384,80953344
1127854080,1222635520,47181824,47226880,821280768,52645888,1077010432,1077526528,1117884416,81035264,80400384,80961536
1250742272,1102434304,47181824,47226880,821280768,52645888,1077010432,1077526528,1117884416,81035264,80400384,80961536
1250742272,1102434304,47181824,47226880,821280768,52645888,1077010432,1077526528,1117884416,81035264,80400384,80961536
1250742272,1258549248,47181824,47226880,821280768,52645888,1077010432,1077526528,1117884416,81035264,80400384,80961536
1250742272,1260285952,47181824,47226880,821280768,52645888,1077010432,1077526528,1117884416,81035264,80400384,80961536
953331712,1357053952,47181824,47226880,821280768,52645888,1077010432,1077526528,1117884416,81043456,80400384,80961536
953331712,951934976,47181824,47226880,821280768,52645888,1077014528,1077526528,1117884416,81043456,80400384,80969728
1214017536,951934976,47181824,47226880,821280768,52645888,1077014528,1077526528,1117884416,81043456,80400384,80969728
1247244288,1251000320,47181824,47226880,821280768,52645888,1077014528,1077526528,1117884416,81043456,80400384,80969728
1247244288,1251000320,47181824,47226880,821280768,52645888,1077014528,1077526528,1117884416,81043456,80400384,80969728
928681984,1251000320,47181824,47226880,821280768,52645888,1077014528,1077526528,1117884416,81047552,80400384,80969728
928681984,1227128832,47181824,47226880,821280768,52645888,1077014528,1077526528,1117884416,81047552,80400384,80969728
1227747328,1227128832,47181824,47226880,821280768,52645888,1077014528,1077526528,1117884416,81047552,80400384,80969728
1227747328,1126191104,47181824,47226880,821280768,52645888,1077014528,1077526528,1117884416,81047552,80400384,80969728
1238822912,1126191104,47181824,47226880,821280768,52645888,1077014528,1077526528,1117884416,81047552,80400384,80969728
1251635200,1250103296,47181824,47226880,821280768,52645888,1077014528,1077526528,1117884416,81047552,80400384,80969728
1002000384,1250103296,47181824,47226880,821280768,52645888,1077014528,1077526528,1117884416,81047552,80400384,80969728
1002000384,1224425472,47181824,47226880,821280768,52645888,1077014528,1077526528,1117884416,81051648,80789504,80969728
1002000384,1073922048,47181824,47226880,821280768,52645888,1077014528,1077526528,1117884416,81051648,80789504,80969728
1251635200,1323556864,47181824,47226880,821280768,52645888,1077014528,1077526528,1117884416,81051648,80789504,80969728
1251635200,1323556864,47181824,47226880,821280768,52645888,1077014528,1077526528,1117884416,81051648,80789504,80969728
1251635200,1323556864,47181824,47226880,821280768,52645888,1077014528,1077526528,1117884416,81051648,80789504,80969728
1025888256,1323556864,47181824,47226880,821280768,52645888,1077014528,1077526528,1117884416,81051648,80789504,80969728
1040547840,1151844352,47181824,47226880,821280768,52645888,1077014528,1077526528,1117884416,81051648,80789504,80969728
1040547840,1151844352,47181824,47226880,821280768,52645888,1077014528,1077526528,1117884416,81051648,80793600,80969728
1236168704,1151844352,47181824,47226880,821280768,52645888,1077014528,1077526528,1117884416,81051648,80793600,80969728
1236168704,1151844352,47181824,47226880,821280768,52645888,1077014528,1077526528,1117884416,81051648,80793600,80969728
1285681152,1275781120,47181824,47226880,821280768,52645888,1077014528,1077526528,1117884416,81051648,80793600,80969728
989163520,1275781120,47181824,47226880,821280768,52649984,1077014528,1077526528,1117884416,81051648,80793600,80969728
989163520,1026146304,47181824,47226880,821280768,52649984,1077014528,1077526528,1117884416,81051648,80793600,80969728
1189232640,1026146304,47181824,47226880,821280768,52649984,1077014528,1077526528,1117884416,81051648,80797696,80969728
1239691264,1275781120,47181824,47226880,821280768,52654080,1077014528,1077526528,1117884416,81051648,80797696,80969728
1239691264,1275781120,47181824,47226880,821280768,52654080,1077014528,1077526528,1117884416,81051648,80797696,80969728
1263579136,1275781120,47181824,47226880,821280768,52654080,1077014528,1077526528,1117884416,81051648,80797696,80973824
1013944320,1275781120,47181824,47226880,821280768,52654080,1077014528,1077526528,1117884416,81051648,80797696,80973824
1013944320,1201434624,47181824,47226880,821280768,52654080,1077014528,1077526528,1117884416,81051648,80797696,80973824
1164447744,1001365504,47181824,47226880,821280768,52654080,1077014528,1077526528,1117884416,81051648,80797696,80973824
1164447744,1001365504,47181824,47226880,821280768,52654080,1077014528,1077526528,1117884416,81051648,80797696,80973824
1264472064,1275781120,47181824,47226880,821280768,52654080,1077014528,1077526528,1117884416,85348352,80797696,80973824
1264472064,1275781120,47181824,47226880,821280768,52654080,1077014528,1077526528,1117884416,85348352,80797696,80977920
1264472064,1275781120,47181824,47226880,821280768,52654080,1077014528,1077526528,1117884416,85348352,80797696,80977920
1014837248,1275781120,47181824,47226880,821280768,52654080,1077014528,1077526528,1117884416,85348352,80797696,80977920
1014837248,1026146304,47181824,47226880,821280768,52658176,1077014528,1077526528,1117884416,85348352,80797696,80977920
1214906368,1176649728,47181824,47226880,821280768,52658176,1077014528,1077526528,1117884416,85348352,80801792,80977920
1237032960,1176649728,47181824,47226880,821280768,52662272,1077014528,1077526528,1117884416,85348352,80801792,80977920
1249849344,1275781120,47181824,47226880,821280768,52662272,1077014528,1077526528,1117884416,85348352,80801792,80977920
928681984,1208197120,47181824,47226880,821280768,52662272,1077014528,1077526528,1117884416,85348352,80801792,80977920
928681984,1208197120,47181824,47226880,821280768,52662272,1077014528,1077526528,1117884416,85348352,80801792,80977920
1214017536,1127219200,47181824,47226880,821280768,52662272,1077014528,1077526528,1117884416,85348352,80801792,80977920
1214017536,1251000320,47181824,47226880,821280768,52662272,1077014528,1077526528,1117884416,85401600,80801792,80977920
1236168704,1251000320,47181824,47226880,821280768,52662272,1077014528,1077526528,1117884416,85401600,80801792,80977920
1109831680,1251000320,47181824,47226880,821280768,52662272,1077014528,1077526528,1117884416,85401600,80801792,80977920
1109831680,1274888192,47181824,47226880,821280768,52662272,1077014528,1077526528,1117884416,85401600,80801792,80977920
1189232640,1274888192,47181824,47226880,821280768,52662272,1077014528,1077526528,1117884416,85401600,80801792,80977920
1189232640,976584704,47181824,47226880,821280768,52662272,1077014528,1077526528,1117884416,85401600,80801792,80977920
1263579136,1200541696,47181824,47226880,821280768,52662272,1077014528,1077526528,1117884416,85401600,80801792,80977920
1287467008,1200541696,47181824,47226880,821280768,52662272,1077014528,1077526528,1117884416,85401600,80801792,80977920
1287467008,1296093184,47181824,47226880,821280768,52662272,1077014528,1077526528,1117884416,85401600,80801792,80977920
1037832192,1319981056,47181824,47226880,821280768,52662272,1077014528,1077526528,1117884416,85401600,80801792,80977920
1188335616,1119911936,47181824,47226880,821280768,52662272,1077014528,1077526528,1117884416,85401600,80801792,80977920
1287467008,1119911936,47181824,47226880,821280768,52662272,1077014528,1077526528,1117884416,85401600,80801792,80977920
1287467008,1270415360,47181824,47226880,821280768,52662272,1077014528,1077526528,1117884416,85401600,80801792,80977920
1287467008,1270415360,47181824,47226880,821280768,52662272,1077014528,1077526528,1117884416,85401600,80801792,80977920
953331712,1270415360,47181824,47226880,821280768,52662272,1077014528,1077526528,1117884416,85401600,80801792,80977920
953331712,1285038080,47181824,47226880,821280768,52662272,1077014528,1077526528,1117884416,85401600,80801792,80977920
953331712,1063002112,47181824,47226880,821280768,52662272,1077014528,1077526528,1117884416,85401600,80801792,80977920
1252528128,1063002112,47181824,47226880,821280768,52662272,1077014528,1077526528,1117884416,85401600,80801792,80977920
1252528128,1063002112,47181824,47226880,821280768,52662272,1077014528,1077526528,1117884416,85401600,80801792,80977920
1252528128,1287720960,47181824,47226880,821280768,52662272,1077014528,1077526528,1117884416,85401600,80801792,80977920
978112512,1287720960,47181824,47226880,821280768,52662272,1077014528,1077526528,1117884416,85401600,80801792,80977920
978112512,1238155264,47181824,47226880,821280768,52662272,1077014528,1077526528,1117884416,85401600,80801792,80977920
978112512,1238155264,47181824,47226880,821280768,52662272,1077014528,1077526528,1117884416,85401600,80801792,80977920
978112512,976715776,47181824,47226880,821280768,52666368,1077014528,1077526528,1117884416,85401600,80801792,80977920
1252528128,1226215424,47181824,47226880,821280768,52666368,1077014528,1077526528,1117884416,85401600,80801792,80977920
1252528128,1226215424,47181824,47226880,821280768,52670464,1077014528,1077526528,1117884416,85401600,80801792,80977920
1204203520,1273991168,47181824,47226880,821280768,52670464,1077014528,1077526528,1117884416,85401600,80785408,80977920
1204203520,1250234368,47181824,47226880,821280768,52670464,1077014528,1077526528,1117884416,85401600,80785408,80977920
1002893312,1074814976,47181824,47226880,821280768,52670464,1077014528,1077526528,1117884416,85401600,80801792,80977920
1002893312,1074814976,47181824,47226880,821280768,52670464,1077014528,1077526528,1117884416,85401600,80801792,80977920
1252528128,1238155264,47181824,47226880,821280768,52670464,1077014528,1077526528,1117884416,85401600,80801792,80977920
1275523072,1238155264,47181824,47226880,821280768,52670464,1077014528,1077526528,1117884416,85401600,80801792,80977920
1275523072,1249230848,47181824,47226880,821280768,52670464,1077014528,1077526528,1117888512,85405696,80801792,80977920
976457728,1262043136,47181824,47226880,821280768,52670464,1077014528,1077526528,1117888512,85405696,80801792,80977920
976457728,1262043136,47181824,47226880,821280768,52670464,1077014528,1077526528,1117888512,85405696,80801792,80977920
1126961152,1111539712,47181824,47226880,821280768,52670464,1077014528,1077526528,1117888512,85405696,80801792,80977920
1226854400,1311608832,47181824,47226880,821280768,52670464,1077014528,1077526528,1117888512,85405696,80801792,80977920
1226854400,1311608832,47181824,47226880,821280768,52674560,1077014528,1077526528,1117888512,85405696,80801792,80977920
1250742272,1311608832,47181824,47226880,821280768,52674560,1077014528,1077526528,1117888512,85405696,80801792,80977920
978112512,1311608832,47181824,47226880,821280768,52674560,1077014528,1077526528,1117888512,85405696,80801792,80977920
978112512,1051058176,47181824,47226880,821280768,52674560,1077014528,1077526528,1117888512,85405696,80801792,80977920
1227747328,1051058176,47181824,47226880,821280768,52678656,1077014528,1077526528,1117888512,85405696,80801792,80977920
1238798336,1201561600,47181824,47226880,821280768,52678656,1077014528,1077526528,1117888512,85405696,80801792,80977920
1238798336,1251127296,47181824,47226880,821280768,52678656,1077014528,1077526528,1117888512,85405696,80801792,80977920
1262686208,1251127296,47181824,47226880,821280768,52678656,1077014528,1077526528,1117888512,85405696,80801792,80977920
1262686208,1273991168,47181824,47226880,821280768,52678656,1077014528,1077526528,1117888512,85405696,80801792,80977920
990056448,976715776,47181824,47226880,821280768,52678656,1077014528,1077526528,1117888512,85405696,80801792,80977920
1228259328,976715776,47181824,47226880,821280768,52678656,1077014528,1077526528,1117888512,85405696,80801792,80977920
1228259328,1201434624,47181824,47226880,821280768,52678656,1077014528,1077526528,1117888512,85405696,80801792,80977920
1239691264,1249210368,47181824,47226880,821280768,52678656,1077014528,1077526528,1117888512,85405696,80801792,80977920
1224134656,1249210368,47181824,47226880,821280768,52682752,1077014528,1077526528,1117888512,85405696,80801792,80977920
1224134656,1273098240,47181824,47226880,821280768,52686848,1077014528,1077526528,1117888512,85405696,80801792,80977920
928681984,1025384448,47181824,47226880,821280768,52686848,1077014528,1077526528,1117888512,85405696,80801792,80977920
1227747328,1025384448,47181824,47226880,821280768,52686848,1077014528,1077526528,1117888512,85405696,80801792,80977920
1227747328,1226215424,47181824,47226880,821280768,52686848,1077014528,1077526528,1117892608,85405696,80801792,80977920
1238822912,1226215424,47181824,47226880,821280768,52686848,1077014528,1077526528,1117892608,85405696,80801792,80977920
1227878400,1248366592,47181824,47226880,821280768,52686848,1077014528,1077526528,1117892608,85405696,80801792,80977920
1227878400,1250103296,47181824,47226880,821280768,52686848,1077014528,1077526528,1117892608,85405696,80801792,80986112
978112512,1250103296,47181824,47226880,821280768,52686848,1077014528,1077526528,1117892608,85405696,80801792,80986112
1227747328,951934976,47181824,47226880,821280768,52686848,1077014528,1077526528,1117892608,85405696,80801792,80986112
1227747328,1257656320,47181824,47226880,821280768,52686848,1077014528,1077530624,1117892608,85405696,80801792,80986112
1227747328,1257656320,47181824,47226880,821280768,52690944,1077014528,1077530624,1117892608,85405696,80801792,80986112
1103835136,1257656320,47181824,47226880,821280768,52690944,1077014528,1077530624,1117892608,85405696,80801792,80986112
953331712,1136504832,47181824,47226880,821280768,52690944,1077014528,1077530624,1117892608,85405696,80801792,80986112
953331712,1035567104,47181824,47226880,821280768,52690944,1077014528,1077530624,1117892608,85405696,80801792,80986112
1227747328,1035567104,47181824,47226880,821280768,52690944,1077014528,1077530624,1117892608,85405696,80801792,80986112
1238822912,1238159360,47181824,47226880,821280768,52690944,1077014528,1077530624,1117892608,85405696,80801792,80986112
1251635200,1249234944,47181824,47226880,821280768,52690944,1077014528,1077530624,1117892608,85405696,80801792,80986112
1002000384,1249234944,47181824,47226880,821280768,52690944,1077018624,1077534720,1117892608,85405696,80801792,80986112
1002000384,1162915840,47181824,47226880,821280768,52690944,1077018624,1077534720,1117892608,85405696,80801792,80986112
1202069504,951934976,47181824,47226880,821280768,52690944,1077018624,1077534720,1117892608,85405696,80801792,80990208
1252528128,1225322496,47181824,47226880,821280768,52690944,1077018624,1077534720,1117892608,85405696,80805888,80990208
1252528128,1225322496,47181824,47226880,821280768,52690944,1077018624,1077534720,1117892608,85405696,80805888,80990208
1252528128,1258549248,47181824,47226880,821280768,52690944,1077018624,1077534720,1117892608,85405696,80805888,80990208
1002893312,1236529152,47181824,47226880,821280768,52690944,1077018624,1077534720,1117892608,85405696,80805888,80990208
1002893312,1236529152,47181824,47226880,821280768,52695040,1077018624,1077534720,1117892608,85405696,80805888,80990208
1252528128,1001496576,47181824,47226880,821280768,52695040,1077018624,1077534720,1117892608,85405696,80805888,80990208
1252528128,1001496576,47181824,47226880,821280768,52699136,1077018624,1077534720,1117892608,85405696,80805888,80990208
1252528128,1250103296,47181824,47226880,821280768,52699136,1077018624,1077534720,1117892608,85405696,80805888,80990208
1252528128,1250103296,47181824,47226880,821280768,52699136,1077018624,1077534720,1117892608,85405696,80805888,80990208
978112512,1250103296,47181824,47226880,821280768,52699136,1077018624,1077534720,1117892608,85405696,80805888,80990208
978112512,1073922048,47181824,47226880,821280768,52699136,1077018624,1077534720,1117892608,85405696,80805888,80990208
978112512,1125687296,47181824,47226880,821280768,52699136,1077018624,1077534720,1117892608,85405696,80805888,80990208
1252528128,1125687296,47181824,47226880,821280768,52699136,1077018624,1077534720,1117892608,85405696,80805888,80990208
1252528128,1273991168,47181824,47226880,821280768,52699136,1077018624,1077534720,1117892608,85405696,80805888,80990208
1252528128,1273991168,47181824,47226880,821280768,52699136,1077018624,1077534720,1117892608,85405696,80805888,80990208
1002893312,1274884096,47181824,47226880,821280768,52699136,1077018624,1077534720,1117892608,85405696,80805888,80973824
1153396736,1274884096,47181824,47226880,821280768,52699136,1077018624,1077534720,1117892608,85405696,80805888,80973824
1252528128,976584704,47181824,47226880,821280768,52703232,1077018624,1077534720,1117892608,85405696,80805888,80973824
1252528128,1176653824,47181824,47226880,821280768,52703232,1077018624,1077534720,1117892608,85405696,80805888,80990208
1252528128,1273995264,47181824,47226880,821280768,52703232,1077018624,1077534720,1117892608,85405696,80805888,80990208
1252528128,1273995264,47181824,47226880,821280768,52703232,1077018624,1077534720,1117892608,85405696,80805888,80990208
1229553664,1321771008,47181824,47226880,821280768,52707328,1077018624,1077534720,1117892608,85405696,80805888,80990208
978112512,1000603648,47181824,47226880,821280768,52707328,1077018624,1077534720,1117892608,85405696,80805888,80990208
1252528128,1000603648,47181824,47226880,821280768,52707328,1077018624,1077534720,1117892608,85405696,80805888,80990208
1252528128,1000603648,47181824,47226880,821280768,52707328,1077018624,1077534720,1117892608,85405696,80805888,80990208
1252528128,1262944256,47181824,47226880,821280768,52707328,1077018624,1077534720,1117892608,85405696,80805888,80990208
1153396736,1262944256,47181824,47226880,821280768,52707328,1077018624,1077534720,1117892608,85405696,80805888,80990208
1153396736,1176653824,47181824,47226880,821280768,52707328,1077018624,1077534720,1117892608,85405696,80805888,80990208
1002893312,1176653824,47181824,47226880,821280768,52707328,1077018624,1077534720,1117892608,85405696,80805888,80990208
1002893312,976584704,47181824,47226880,821280768,52707328,1077018624,1077534720,1117892608,85405696,80805888,80990208
1252528128,1250996224,47181824,47226880,821280768,52707328,1077018624,1077534720,1117892608,85405696,80805888,80990208
1252528128,1250996224,47181824,47226880,821280768,52707328,1077018624,1077534720,1117892608,85409792,80805888,80990208
1252528128,1250996224,47181824,47226880,821280768,52707328,1077018624,1077534720,1117892608,85409792,80805888,80990208
1193037824,1225318400,47181824,47226880,821280768,52711424,1077018624,1077534720,1117892608,85409792,80805888,80990208
1193037824,1225318400,47181824,47226880,821280768,52711424,1077018624,1077534720,1117892608,85409792,80805888,80990208
1138798592,1001496576,47181824,47226880,821280768,52711424,1077018624,1077534720,1117892608,85409792,80805888,80990208
1262710784,1001496576,47181824,47226880,821280768,52711424,1077018624,1077534720,1117892608,85409792,80805888,80990208
1262710784,1274884096,47181824,47226880,821280768,52711424,1077018624,1077534720,1117892608,85409792,80805888,80990208
1262710784,1298771968,47181824,47226880,821280768,52711424,1077018624,1077534720,1117892608,85409792,80805888,80990208
953462784,1298771968,47181824,47226880,821280768,52711424,1077018624,1077534720,1117892608,85409792,80805888,80990208
953462784,1300578304,47181824,47226880,821280768,52715520,1077018624,1077534720,1117892608,85409792,80805888,80990208
1203097600,1127215104,47181824,47226880,821280768,52715520,1077018624,1077534720,1117892608,85409792,80805888,80990208
1237929984,1127215104,47181824,47226880,821280768,52715520,1077018624,1077534720,1117892608,85409792,80805888,80990208
1237929984,1250099200,47181824,47226880,821280768,52715520,1077018624,1077534720,1117892608,85409792,80805888,80990208
1178181632,1273987072,47181824,47226880,821280768,52715520,1077018624,1077534720,1117892608,85409792,80805888,80990208
1178181632,1123483648,47181824,47226880,821280768,52719616,1077018624,1077534720,1117892608,85409792,80805888,80990208
1159618560,1123483648,47181824,47226880,821280768,52719616,1077018624,1077534720,1117892608,85409792,80805888,80990208
1159618560,1123483648,47181824,47226880,821280768,52719616,1077018624,1077534720,1117892608,85409792,80805888,80990208
1238822912,1273987072,47181824,47226880,821280768,52719616,1077018624,1077534720,1117892608,85409792,80805888,80990208
1238822912,1273987072,47181824,47226880,821280768,52719616,1077018624,1077534720,1117892608,85409792,80805888,80990208
1251635200,1273987072,47181824,47226880,821280768,52723712,1077018624,1077534720,1117892608,85409792,80805888,80990208
953331712,1213509632,47181824,47226880,821280768,52723712,1077018624,1077534720,1117892608,85409792,80805888,80990208
953331712,1063002112,47181824,47226880,821280768,52723712,1077018624,1077534720,1117892608,85409792,80805888,80990208
1237929984,1262043136,47181824,47226880,821280768,52723712,1077018624,1077534720,1117892608,85409792,80805888,80990208
1237929984,1262043136,47181824,47226880,821280768,52727808,1077018624,1077534720,1117892608,85409792,80805888,80990208
1250742272,1285931008,47181824,47226880,821280768,52727808,1077018624,1077534720,1117892608,85409792,80805888,80990208
978112512,1285931008,47181824,47226880,821280768,52727808,1077018624,1077534720,1117892608,85409792,80805888,80990208
1128615936,1001496576,47181824,47226880,821280768,52727808,1077018624,1077534720,1117892608,85409792,80805888,80990208
1128615936,1250103296,47181824,47226880,821280768,52727808,1077018624,1077534720,1117892608,85409792,80805888,80990208
1227747328,1250103296,47181824,47226880,821280768,52727808,1077018624,1077534720,1117892608,85409792,80805888,80990208
1251635200,1262047232,47181824,47226880,821280768,52727808,1077018624,1077534720,1117892608,85409792,80805888,80990208
1128747008,1188724736,47181824,47226880,821280768,52727808,1077018624,1077534720,1117892608,85409792,80805888,80994304
1128747008,1188724736,47181824,47226880,821280768,52731904,1077018624,1077534720,1117892608,85409792,80805888,80994304
928681984,1038221312,47181824,47226880,821280768,52731904,1077018624,1077534720,1117892608,85409792,80805888,80994304
928681984,1309818880,47181824,47226880,821280768,52731904,1077018624,1077534720,1117892608,85409792,80805888,80994304
1236168704,1309818880,47181824,47226880,821280768,52736000,1077018624,1077534720,1117892608,85409792,80805888,80994304
1237905408,1309818880,47181824,47226880,821280768,52736000,1077018624,1077534720,1117892608,85409792,80805888,80994304
1237905408,1333706752,47181824,47226880,821280768,52736000,1077018624,1077534720,1117892608,85409792,80805888,80994304
988270592,1333706752,47181824,47226880,821280768,52736000,1077018624,1077534720,1117892608,85409792,80805888,80994304
988270592,1183203328,47181824,47226880,821280768,52736000,1077018624,1077534720,1117892608,85409792,80805888,80994304
1237905408,1284141056,47181824,47226880,821280768,52736000,1077018624,1077534720,1117892608,85409792,80805888,80994304
1237905408,1284141056,47181824,47226880,821280768,52736000,1077018624,1077534720,1117892608,85409792,80805888,80994304
1237905408,1284141056,47181824,47226880,821280768,52736000,1077018624,1077534720,1117892608,85409792,80805888,80994304
1237905408,1237389312,47181824,47226880,821280768,52736000,1077018624,1077534720,1117892608,85409792,80805888,80994304
984543232,1237389312,47181824,47226880,821280768,52736000,1077018624,1077534720,1117892608,85409792,80805888,80994304
984543232,1136451584,47181824,47226880,821280768,52736000,1077018624,1077534720,1117892608,85413888,80805888,80994304
1298518016,1286955008,47181824,47226880,821280768,52736000,1077018624,1077534720,1117896704,85413888,80805888,80994304
1298518016,1286955008,47181824,47226880,821280768,52736000,1077018624,1077534720,1117896704,85413888,80805888,80994304
1298518016,1286955008,47181824,47226880,821280768,52736000,1077018624,1077534720,1117896704,85413888,80805888,80994304
1200279552,1250099200,47181824,47226880,821280768,52736000,1077018624,1077534720,1117896704,85413888,80805888,80994304
1200279552,1099595776,47181824,47226880,821280768,52736000,1077018624,1077534720,1117896704,85413888,80805888,80994304
1079185408,1099595776,47181824,47226880,821280768,52736000,1077018624,1077534720,1117896704,85413888,80805888,80994304
1226854400,1250992128,47181824,47226880,821280768,52736000,1077018624,1077534720,1117896704,85413888,80805888,80994304
1226854400,1250992128,47181824,47226880,821280768,52736000,1077018624,1077534720,1117896704,85413888,80805888,80994304
1237929984,1250992128,47181824,47226880,821280768,52740096,1077018624,1077534720,1117896704,85413888,80805888,80994304
1166032896,1220878336,47181824,47226880,821280768,52740096,1077018624,1077534720,1117896704,85413888,80805888,80994304
953462784,1220878336,47181824,47226880,821280768,52740096,1077018624,1077534720,1117896704,85413888,80805888,80994304
1227747328,1001340928,47181824,47226880,821280768,52740096,1077018624,1077534720,1117896704,85413888,80805888,80994304
1227747328,1274888192,47181824,47226880,821280768,52740096,1077018624,1077534720,1117896704,85397504,80805888,80994304
1227747328,1274888192,47181824,47226880,821280768,52744192,1077018624,1077534720,1117896704,85397504,80805888,80994304
1227747328,1274888192,47181824,47226880,821280768,52744192,1077018624,1077534720,1117896704,85413888,80805888,80994304
1251635200,1274888192,47181824,47226880,821280768,52744192,1077018624,1077534720,1117896704,85413888,80805888,80994304
1251635200,1025253376,47181824,47226880,821280768,52744192,1077018624,1077534720,1117896704,85413888,80805888,80994304
928681984,1025253376,47181824,47226880,821280768,52744192,1077018624,1077534720,1117896704,85413888,80805888,80994304
1202966528,1275777024,47181824,47226880,821280768,52744192,1077018624,1077534720,1117896704,85413888,80805888,80994304
1226858496,1275777024,47181824,47226880,821280768,52744192,1077018624,1077534720,1117896704,85413888,80805888,80994304
1250742272,1299664896,47181824,47226880,821280768,52748288,1077018624,1077534720,1117896704,85413888,80805888,80994304
1250742272,1299664896,47181824,47226880,821280768,52748288,1077018624,1077534720,1117896704,85413888,80805888,80994304
1002000384,1026277376,47181824,47226880,821280768,52748288,1077018624,1077534720,1117896704,85413888,80789504,80994304
1002000384,1026277376,47181824,47226880,821280768,52748288,1077018624,1077534720,1117896704,85413888,80789504,80994304
1251635200,1226346496,47181824,47226880,821280768,52748288,1077018624,1077534720,1117896704,85413888,80805888,80994304
1251635200,1261178880,47181824,47226880,821280768,52748288,1077018624,1077534720,1117896704,85413888,80809984,80994304
1251635200,1273991168,47181824,47226880,821284864,52748288,1077018624,1077534720,1117896704,85413888,80809984,80994304
1251635200,1273991168,47181824,47226880,821280768,52748288,1077018624,1077534720,1117896704,85413888,80809984,80994304
953331712,1026146304,47181824,47226880,821280768,52748288,1077018624,1077534720,1117896704,85413888,80809984,80994304
1153400832,1127084032,47181824,47226880,821280768,52748288,1077018624,1077534720,1117896704,85413888,80809984,80994304
1153400832,1127084032,47181824,47226880,821280768,52748288,1077018624,1077534720,1117896704,85413888,80809984,80994304
1237037056,1250103296,47181824,47226880,821280768,52748288,1077018624,1077534720,1117896704,85413888,80809984,80994304
1237037056,1250103296,47181824,47226880,821280768,52748288,1077018624,1077534720,1117896704,85413888,80809984,80994304
1276420096,1203142656,47181824,47226880,821280768,52748288,1077018624,1077534720,1117896704,85413888,80809984,80994304
977219584,1203142656,47181824,47226880,821280768,52752384,1077018624,1077534720,1117896704,85413888,80809984,80994304
977219584,1001365504,47181824,47226880,821280768,52752384,1077018624,1077534720,1117896704,85413888,80809984,80994304
1251635200,1250996224,47181824,47226880,821280768,52752384,1077018624,1077534720,1117896704,85413888,80809984,80994304
1251635200,1250996224,47181824,47226880,821280768,52756480,1077018624,1077534720,1117896704,85413888,80809984,80994304
1251635200,1250996224,47181824,47226880,821280768,52756480,1077018624,1077534720,1117896704,85413888,80809984,80994304
1152503808,1274884096,47181824,47226880,821280768,52756480,1077018624,1077538816,1117896704,85413888,80809984,80994304
1251635200,1269411840,47181824,47226880,821280768,52760576,1077018624,1077538816,1117896704,85413888,80809984,80994304
1251635200,1274884096,47181824,47226880,821280768,52760576,1077018624,1077538816,1117896704,85413888,80809984,80994304
1251635200,1274884096,47181824,47226880,821280768,52760576,1077018624,1077538816,1117900800,85413888,80809984,80994304
1276227584,1201565696,47181824,47226880,821280768,52760576,1077018624,1077538816,1117900800,85413888,80809984,80994304
977027072,951934976,47181824,47226880,821280768,52760576,1077018624,1077538816,1117900800,85413888,80809984,80994304
977027072,951934976,47181824,47226880,821280768,52760576,1077018624,1077538816,1117900800,85413888,80809984,80994304
1226661888,1250996224,47181824,47226880,821280768,52760576,1077022720,1077538816,1117900800,85413888,80809984,80994304
1236570112,1250996224,47181824,47226880,821280768,52760576,1077022720,1077542912,1117900800,85413888,80809984,80994304
1238798336,1250996224,47181824,47226880,821280768,52760576,1077022720,1077542912,1117900800,85413888,80809984,80994304
1238798336,1201561600,47181824,47226880,821280768,52760576,1077022720,1077542912,1117900800,85413888,80809984,80994304
928681984,1201561600,47181824,47226880,821280768,52760576,1077022720,1077542912,1117900800,85413888,80809984,80994304
928681984,1151995904,47181824,47226880,821280768,52760576,1077022720,1077542912,1117900800,85413888,80814080,80994304
1226854400,1251127296,47181824,47226880,821280768,52764672,1077022720,1077542912,1117900800,85413888,80814080,80994304
1237929984,1251127296,47181824,47226880,821280768,52764672,1077022720,1077542912,1117900800,85413888,80814080,80994304
1274630144,1273991168,47181824,47226880,821280768,52764672,1077022720,1077542912,1117900800,85413888,80814080,80994304
1274630144,1273991168,47181824,47226880,821280768,52764672,1077022720,1077542912,1117900800,85413888,80814080,80994304
978112512,951934976,47181824,47226880,821280768,52768768,1077022720,1077542912,1117900800,85413888,80814080,80994304
1227747328,951934976,47181824,47226880,821280768,52768768,1077022720,1077542912,1117900800,85413888,80814080,80994304
1227747328,1248317440,47181824,47226880,821280768,52768768,1077022720,1077542912,1117900800,85413888,80814080,80994304
1237929984,1259393024,47181824,47226880,821280768,52768768,1077022720,1077542912,1117900800,85413888,80814080,80994304
1210843136,1194041344,47181824,47226880,821280768,52768768,1077022720,1077542912,1117900800,85413888,80814080,80994304
1210843136,1194041344,47181824,47226880,821280768,52768768,1077022720,1077542912,1117900800,85413888,80814080,80994304
953159680,1037197312,47181824,47226880,821280768,52768768,1077022720,1077542912,1117900800,85417984,80814080,80994304
953159680,1037197312,47181824,47226880,821280768,52768768,1077022720,1077542912,1117900800,85417984,80814080,80994304
1225961472,1286832128,47181824,47226880,821280768,52768768,1077022720,1077542912,1117900800,85417984,80814080,80994304
1249849344,1286832128,47181824,47226880,821280768,52768768,1077022720,1077542912,1117900800,85417984,80814080,80994304
1249849344,1286832128,47181824,47226880,821280768,52772864,1077022720,1077542912,1117900800,85417984,80814080,80994304
977219584,1286832128,47181824,47226880,821280768,52772864,1077022720,1077542912,1117900800,85417984,80814080,80994304
977219584,951934976,47181824,47226880,821280768,52772864,1077022720,1077542912,1117900800,85417984,80814080,80994304
1182420992,951934976,47181824,47226880,821280768,52772864,1077022720,1077542912,1117900800,85417984,80814080,80994304
1249005568,1251000320,47181824,47226880,821280768,52772864,1077022720,1077542912,1117900800,85417984,80814080,80994304
1250742272,1251000320,47181824,47226880,821280768,52772864,1077022720,1077542912,1117900800,85417984,80814080,80994304
1250742272,1251000320,47181824,47226880,821280768,52772864,1077022720,1077542912,1117900800,85417984,80814080,80994304
1002000384,951934976,47181824,47230976,821280768,52772864,1077022720,1077542912,1117900800,85417984,80814080,80994304
1002000384,951934976,47181824,47230976,821280768,52772864,1077022720,1077542912,1117900800,85417984,80814080,80994304
1276416000,1201434624,47181824,47230976,821280768,52772864,1077022720,1077542912,1117900800,85417984,80814080,80994304
1276416000,1201434624,47181824,47230976,821280768,52776960,1077022720,1077542912,1117900800,85417984,80814080,80994304
1276416000,1259417600,47181824,47230976,821280768,52776960,1077022720,1077542912,1117900800,85417984,80814080,80994304
1276416000,1259417600,47181824,47230976,821280768,52776960,1077022720,1077542912,1117900800,85417984,80814080,80994304
1276416000,1237397504,47181824,47230976,821280768,52776960,1077022720,1077542912,1117900800,85417984,80814080,80994304
928681984,976715776,47181824,47230976,821280768,52776960,1077022720,1077542912,1117900800,85417984,80814080,80994304
928681984,1226350592,47181824,47230976,821280768,52776960,1077022720,1077542912,1117900800,85417984,80814080,80994304
1227747328,1226350592,47181824,47230976,821280768,52776960,1077022720,1077542912,1117900800,85417984,80814080,80994304
1238822912,1250107392,47181824,47230976,821280768,52776960,1077022720,1077542912,1117900800,85417984,80814080,80994304
1238822912,1273995264,47181824,47230976,821280768,52776960,1077022720,1077542912,1117900800,85417984,80814080,80977920
928681984,1273995264,47181824,47230976,821280768,52776960,1077022720,1077542912,1117900800,85417984,80814080,80977920
928681984,976715776,47181824,47230976,821280768,52776960,1077022720,1077542912,1117900800,85417984,80814080,80994304
928681984,1275781120,47181824,47230976,821280768,52776960,1077022720,1077542912,1117900800,85417984,80814080,80994304
1252528128,1275781120,47181824,47230976,821280768,52781056,1077022720,1077542912,1117900800,85417984,80814080,80994304
1252528128,1275781120,47181824,47230976,821280768,52781056,1077022720,1077542912,1117900800,85417984,80814080,80994304
1252528128,1275781120,47181824,47230976,821280768,52781056,1077022720,1077542912,1117900800,85417984,80814080,80994304
1002893312,976715776,47181824,47235072,821280768,52781056,1077022720,1077542912,1117900800,85417984,80814080,80994304
1002893312,1127219200,47181824,47235072,821280768,52785152,1077022720,1077542912,1117900800,85417984,80814080,80994304
1133998080,1127219200,47181824,47235072,821280768,52785152,1077022720,1077542912,1117900800,85422080,80814080,80994304
1252528128,1260285952,47181824,47235072,821280768,52785152,1077022720,1077542912,1117900800,85422080,80814080,80994304
1252528128,1260285952,47181824,47235072,821280768,52785152,1077022720,1077542912,1117900800,85422080,80814080,80994304
1252528128,1225457664,47181824,47235072,821280768,52785152,1077022720,1077542912,1117900800,85422080,80814080,80994304
977936384,1025384448,47181824,47235072,821280768,52785152,1077022720,1077542912,1117900800,85422080,80814080,80994304
977936384,1025384448,47181824,47235072,821280768,52785152,1077022720,1077542912,1117900800,85422080,80814080,80994304
1227571200,1175887872,47181824,47235072,821280768,52789248,1077022720,1077542912,1117900800,85422080,80818176,80994304
1243492352,1297879040,47181824,47235072,821280768,52789248,1077022720,1077542912,1117900800,85422080,80818176,80994304
1243492352,1297879040,47181824,47235072,821280768,52789248,1077022720,1077542912,1117900800,85422080,80818176,80994304
1245229056,1248313344,47181824,47235072,821280768,52789248,1077022720,1077542912,1117900800,85422080,80818176,80994304
928681984,1097809920,47181824,47235072,821280768,52789248,1077022720,1077542912,1117900800,85422080,80818176,80994304
982441984,1248313344,47181824,47235072,821280768,52793344,1077022720,1077542912,1117900800,85422080,80818176,80994304
1226854400,1260281856,47181824,47235072,821280768,52793344,1077022720,1077542912,1117900800,85422080,80818176,80994304
1226854400,1296982016,47181824,47235072,821280768,52793344,1077022720,1077542912,1117900800,85422080,80818176,80994304
1298518016,1192357888,47181824,47235072,821280768,52797440,1077022720,1077542912,1117900800,85422080,80818176,80994304
1298518016,1192357888,47181824,47235072,821280768,52797440,1077022720,1077542912,1117900800,85422080,80818176,80994304
928681984,1074946048,47181824,47235072,821280768,52797440,1077022720,1077542912,1117900800,85422080,80818176,80994304
1238798336,1274880000,47181824,47235072,821280768,52797440,1077022720,1077542912,1117900800,85422080,80818176,80994304
1238798336,1274880000,47181824,47235072,821280768,52797440,1077022720,1077542912,1117900800,85422080,80818176,80994304
1238798336,1274880000,47181824,47235072,821280768,52797440,1077022720,1077542912,1117900800,85422080,80818176,80994304
1175183360,1298767872,47181824,47235072,821280768,52797440,1077022720,1077542912,1117900800,85422080,80818176,80994304
990056448,1074946048,47181824,47235072,821280768,52797440,1077022720,1077542912,1117900800,85422080,80818176,80994304
990056448,1074946048,47181824,47235072,821280768,52797440,1077022720,1077542912,1117900800,85422080,80818176,80994304
1140559872,1274880000,47181824,47235072,821280768,52797440,1077022720,1077542912,1117900800,85422080,80818176,80994304
1252528128,1274880000,47181824,47235072,821280768,52801536,1077022720,1077542912,1117900800,85422080,80818176,80994304
1252528128,1274880000,47181824,47235072,821280768,52801536,1077022720,1077542912,1117900800,85422080,80818176,80994304
1153396736,1274880000,47181824,47235072,821280768,52801536,1077022720,1077542912,1117900800,85422080,80818176,80994304
1153396736,1074946048,47181824,47235072,821280768,52801536,1077022720,1077542912,1117900800,85422080,80818176,80994304
1002893312,1200533504,47181824,47235072,821280768,52801536,1077022720,1077542912,1117900800,85422080,80818176,80994304
1252528128,1200533504,47181824,47235072,821280768,52801536,1077022720,1077542912,1117904896,85422080,80818176,80994304
1252528128,1274880000,47181824,47235072,821280768,52801536,1077022720,1077542912,1117904896,85422080,80818176,80994304
1252528128,1274880000,47181824,47235072,821280768,52801536,1077022720,1077542912,1117904896,85422080,80818176,80994304
1213280256,1274880000,47181824,47235072,821280768,52801536,1077022720,1077542912,1117904896,85422080,80818176,80994304
1213280256,951934976,47181824,47235072,821280768,52801536,1077022720,1077542912,1117904896,85422080,80818176,80994304
928681984,1052872704,47181824,47235072,821280768,52801536,1077022720,1077542912,1117904896,85422080,80818176,80994304
1252528128,1052872704,47181824,47235072,821280768,52801536,1077022720,1077542912,1117904896,85422080,80818176,80994304
1252528128,1248342016,47181824,47235072,821280768,52801536,1077022720,1077542912,1117904896,85422080,80818176,80994304
1252528128,1213509632,47181824,47235072,821280768,52805632,1077022720,1077542912,1117904896,85422080,80818176,80994304
1153396736,1213509632,47181824,47235072,821280768,52805632,1077022720,1077542912,1117904896,85422080,80818176,80994304
1153396736,1013440512,47181824,47235072,821280768,52805632,1077022720,1077542912,1117904896,85422080,80818176,80994304
1153396736,1163948032,47181824,47235072,821280768,52805632,1077022720,1077542912,1117904896,85422080,80818176,80994304
1153396736,1163948032,47181824,47235072,821280768,52805632,1077022720,1077542912,1117904896,85422080,80818176,80994304
1252528128,1262940160,47181824,47235072,821280768,52805632,1077022720,1077542912,1117904896,85422080,80818176,80994304
1252528128,1262940160,47181824,47235072,821280768,52805632,1077022720,1077542912,1117904896,85422080,80818176,80998400
1214148608,1262940160,47181824,47235072,821280768,52805632,1077022720,1077542912,1117904896,85422080,80818176,80998400
1214148608,1062871040,47181824,47235072,821280768,52805632,1077022720,1077542912,1117904896,85422080,80818176,80998400
964513792,1062871040,47181824,47235072,821280768,52805632,1077022720,1077542912,1117904896,85422080,80818176,80998400
1214148608,1213374464,47181824,47235072,821280768,52805632,1077022720,1077542912,1117904896,85422080,80818176,80998400
1235836928,1248337920,47181824,47235072,821280768,52805632,1077022720,1077542912,1117904896,85422080,80818176,80998400
1235836928,1248337920,47181824,47235072,821280768,52805632,1077022720,1077542912,1117904896,85422080,80818176,80998400
1226985472,1188589568,47181824,47235072,821280768,52805632,1077022720,1077542912,1117904896,85422080,80818176,80998400
1226985472,1087651840,47181824,47235072,821280768,52805632,1077022720,1077542912,1117904896,85422080,80818176,80998400
953462784,1188589568,47181824,47235072,821280768,52805632,1077022720,1077542912,1117904896,85422080,80818176,80998400
953462784,1249206272,47181824,47235072,821280768,52805632,1077022720,1077542912,1117904896,85422080,80818176,80998400
1226854400,1249206272,47181824,47235072,821280768,52809728,1077022720,1077542912,1117904896,85422080,80818176,80998400
1237929984,1260281856,47181824,47235072,821280768,52809728,1077022720,1077542912,1117904896,85422080,80818176,80998400
1188364288,1225588736,47181824,47235072,821280768,52809728,1077022720,1077542912,1117904896,85422080,80818176,80998400
1188364288,1099595776,47181824,47235072,821280768,52809728,1077022720,1077542912,1117904896,85422080,80818176,80998400
928681984,1099595776,47181824,47235072,821280768,52809728,1077022720,1077542912,1117904896,85422080,80818176,80998400
1252528128,1324445696,47181824,47235072,821280768,52809728,1077022720,1077542912,1117904896,85422080,80818176,80998400
1252528128,1324445696,47181824,47235072,821280768,52809728,1077022720,1077542912,1117904896,85422080,80818176,80998400
1252528128,1324445696,47181824,47235072,821280768,52809728,1077022720,1077542912,1117904896,85422080,80818176,80998400
1252528128,1324445696,47181824,47235072,821280768,52809728,1077022720,1077542912,1117904896,85422080,80818176,80998400
1002893312,1074946048,47181824,47235072,821280768,52809728,1077022720,1077542912,1117904896,85405696,80818176,80998400
1155702784,1074946048,47181824,47235072,821280768,52813824,1077022720,1077542912,1117904896,85405696,80818176,80998400
1155702784,1225449472,47181824,47235072,821280768,52744192,1077022720,1077542912,1117904896,85422080,80818176,80998400
1252528128,1225449472,47181824,47235072,821280768,52744192,1077022720,1077542912,1117904896,85422080,80818176,80998400
1252528128,1249206272,47181824,47235072,821280768,52744192,1077022720,1077542912,1117904896,85422080,80818176,80998400
1131651072,1276821504,47181824,47235072,821280768,52744192,1077022720,1077542912,1117904896,85422080,80818176,80998400
1131651072,1276821504,47185920,47235072,821280768,52744192,1077022720,1077542912,1117904896,85422080,80818176,80998400
1073995776,1175883776,47185920,47235072,821280768,52752384,1077022720,1077542912,1117904896,85422080,80818176,80998400
1073995776,1175883776,47185920,47235072,821280768,52752384,1077022720,1077542912,1117904896,85422080,80818176,80998400
1235300352,1324445696,47185920,47239168,821280768,52752384,1077022720,1077542912,1117904896,85422080,80818176,80998400
1284812800,1324445696,47185920,47239168,821280768,52752384,1077022720,1077542912,1117904896,85422080,80818176,80998400
953331712,1124376576,47185920,47239168,821280768,52752384,1077022720,1077542912,1117904896,85422080,80818176,80998400
953331712,1124376576,47185920,47239168,821280768,52752384,1077022720,1077547008,1117904896,85422080,80818176,80998400
1227747328,1274880000,47185920,47239168,821280768,52752384,1077022720,1077551104,1117904896,85422080,80801792,80998400
1238822912,1274880000,47185920,47239168,821280768,52752384,1077022720,1077551104,1117908992,85422080,80801792,80998400
1277308928,1225449472,47185920,47239168,821280768,52752384,1077022720,1077551104,1117908992,85422080,80818176,80998400
1277308928,1225449472,47185920,47239168,821280768,52752384,1077022720,1077551104,1117908992,85422080,80818176,80998400
978112512,1074946048,47185920,47239168,821280768,52752384,1077026816,1077551104,1117908992,85422080,80818176,80998400
1227747328,1074946048,47185920,47239168,821280768,52752384,1077026816,1077551104,1117908992,85422080,80818176,80998400
1249898496,1274880000,47185920,47239168,821280768,52756480,1077026816,1077551104,1117908992,85422080,80818176,80998400
1249898496,1274880000,47185920,47239168,821280768,52756480,1077026816,1077551104,1117908992,85422080,80818176,80998400
1251635200,1225314304,47185920,47239168,821280768,52756480,1077026816,1077551104,1117908992,85422080,80818176,80998400
1251635200,1225314304,47185920,47239168,821280768,52756480,1077026816,1077551104,1117908992,85422080,80818176,80998400
953331712,1001496576,47185920,47239168,821280768,52756480,1077026816,1077551104,1117908992,85422080,80818176,80998400
1178304512,1001496576,47185920,47239168,821280768,52756480,1077026816,1077551104,1117908992,85422080,80818176,80998400
1178304512,1251131392,47185920,47239168,821280768,52756480,1077026816,1077551104,1117908992,85422080,80818176,80998400
1237929984,1262075904,47185920,47239168,821280768,52756480,1077026816,1077551104,1117908992,85422080,80818176,80998400
1237929984,1262075904,47185920,47239168,821280768,52756480,1077026816,1077551104,1117908992,85426176,80818176,80998400
978112512,1024360448,47185920,47239168,821280768,52756480,1077026816,1077551104,1117908992,85426176,80818176,80998400
978112512,1024360448,47185920,47239168,821280768,52756480,1077026816,1077551104,1117908992,85426176,80818176,80998400
1227747328,1250996224,47185920,47239168,821280768,52756480,1077026816,1077551104,1117908992,85426176,80818176,80998400
1227747328,1250996224,47185920,47239168,821280768,52756480,1077026816,1077551104,1117908992,85426176,80818176,80998400
1237929984,1274884096,47185920,47239168,821280768,52756480,1077026816,1077551104,1117908992,85426176,80818176,80998400
1237929984,1274884096,47185920,47239168,821280768,52756480,1077026816,1077551104,1117908992,85426176,80818176,80998400
1087705088,1175752704,47185920,47239168,821280768,52756480,1077026816,1077551104,1117908992,85426176,80818176,80998400
965275648,1074814976,47185920,47239168,821280768,52756480,1077026816,1077551104,1117908992,85426176,80818176,80998400
965275648,1074814976,47185920,47239168,821280768,52756480,1077026816,1077551104,1117908992,85426176,80818176,80998400
1263579136,1274884096,47185920,47239168,821280768,52756480,1077026816,1077551104,1117908992,85426176,80818176,80998400
1263579136,1274884096,47185920,47239168,821280768,52760576,1077026816,1077551104,1117908992,85426176,80818176,80998400
1263579136,1297879040,47185920,47239168,821280768,52760576,1077026816,1077551104,1117908992,85426176,80818176,80998400
1313144832,1074814976,47185920,47239168,821280768,52760576,1077026816,1077551104,1117908992,85426176,80818176,80998400
1013944320,1121701888,47185920,47239168,821280768,52760576,1077026816,1077551104,1117908992,85426176,80818176,80998400
1013944320,1121701888,47185920,47239168,821280768,52760576,1077026816,1077551104,1117908992,85426176,80818176,80998400
1238794240,1255661568,47185920,47239168,821280768,52760576,1077026816,1077551104,1117908992,85426176,80818176,80998400
1249869824,1255661568,47185920,47239168,821280768,52760576,1077026816,1077551104,1117908992,85426176,80818176,80998400
1249869824,1245483008,47185920,47239168,821280768,52764672,1077026816,1077551104,1117908992,85426176,80818176,80998400
1039618048,1245483008,47185920,47239168,821280768,52764672,1077026816,1077551104,1117908992,85426176,80818176,80998400
1039618048,1094975488,47185920,47239168,821280768,52764672,1077026816,1077551104,1117908992,85426176,80818176,80998400
1190121472,1295044608,47185920,47239168,821280768,52768768,1077026816,1077551104,1117908992,85426176,80818176,80998400
1289252864,1295044608,47185920,47239168,821280768,52768768,1077026816,1077551104,1117908992,85426176,80818176,80998400
1289252864,1295044608,47185920,47239168,821280768,52768768,1077026816,1077551104,1117908992,85426176,80822272,80998400
1289252864,1226346496,47185920,47239168,821280768,52768768,1077026816,1077551104,1117908992,85426176,80822272,80998400
1248395264,1226346496,47185920,47239168,821280768,52768768,1077026816,1077551104,1117908992,85426176,80822272,80998400
1139822592,1127215104,47185920,47239168,821280768,52768768,1077026816,1077551104,1117908992,85426176,80822272,80998400
1139822592,1250996224,47185920,47239168,821280768,52768768,1077026816,1077551104,1117908992,85426176,80822272,80998400
1274630144,1250996224,47185920,47239168,821280768,52768768,1077026816,1077551104,1117908992,85426176,80822272,80998400
1298518016,1262071808,47185920,47239168,821280768,52768768,1077026816,1077551104,1117908992,85426176,80822272,80998400
1298518016,1051058176,47185920,47239168,821280768,52768768,1077026816,1077551104,1117908992,85426176,80822272,80998400
928681984,1051058176,47185920,47239168,821280768,52772864,1077026816,1077551104,1117908992,85426176,80826368,80998400
1079185408,1051058176,47185920,47239168,821280768,52772864,1077026816,1077551104,1117908992,85426176,80826368,80998400
1079185408,1287720960,47185920,47239168,821280768,52772864,1077026816,1077551104,1117908992,85426176,80826368,80998400
1236168704,1287720960,47185920,47239168,821280768,52772864,1077026816,1077551104,1117908992,85426176,80826368,80998400
1285681152,1287720960,47185920,47239168,821280768,52772864,1077026816,1077551104,1117908992,85426176,80826368,80998400
964513792,1287720960,47185920,47239168,821280768,52772864,1077026816,1077551104,1117908992,85426176,80826368,80998400
1007484928,1087651840,47185920,47239168,821280768,52772864,1077026816,1077551104,1117908992,85426176,80826368,80998400
1007484928,1087651840,47185920,47239168,821280768,52772864,1077026816,1077551104,1117908992,85426176,80826368,80998400
1238798336,1249206272,47185920,47239168,821280768,52772864,1077026816,1077551104,1117908992,85426176,80826368,80998400
1249873920,1249206272,47185920,47239168,821280768,52772864,1077026816,1077551104,1117908992,85426176,80826368,80998400
1288495104,1249206272,47185920,47239168,821280768,52772864,1077026816,1077551104,1117908992,85426176,80826368,81002496
1288495104,1276825600,47185920,47239168,821280768,52772864,1077026816,1077551104,1117908992,85426176,80826368,81002496
989294592,1276825600,47185920,47239168,821280768,52772864,1077026816,1077551104,1117908992,85426176,80826368,81002496
1252528128,1075875840,47185920,80420864,821280768,52776960,1077026816,1077551104,1117908992,85426176,80826368,81002496
1252528128,1043824640,47185920,80420864,821280768,52776960,1077026816,1077551104,1117908992,85426176,80826368,81002496
1032376320,1043824640,107012096,80416768,823705600,84783104,1077026816,1077551104,1117908992,85426176,80826368,81002496
1031356416,1043824640,80240640,80416768,823783424,84783104,1077026816,1077551104,1117908992,85426176,80826368,80986112
1031356416,1043824640,80240640,80433152,823783424,84783104,1077026816,1077551104,1117908992,85426176,80826368,80986112
1031356416,1043824640,80240640,80433152,758333440,55676928,1077026816,1077551104,1117908992,85426176,80826368,81002496
1031356416,1043824640,80244736,80433152,758333440,55676928,1077026816,1077551104,1117908992,85426176,82669568,81002496
1031356416,1043824640,80244736,80433152,758333440,55681024,1077026816,1099649024,1117908992,85426176,82669568,81002496
1031356416,1043824640,80244736,80433152,758333440,55681024,1077026816,1099649024,1117908992,85426176,82141184,81002496
1031356416,1043824640,80244736,80433152,758333440,55685120,1077026816,1099649024,1117908992,85426176,82141184,81002496
1031356416,1043824640,80248832,80433152,758333440,55685120,1077026816,1099649024,1117908992,85426176,82141184,81002496
1031356416,1043824640,80248832,80437248,758333440,55685120,1077026816,1099649024,1117908992,85426176,82141184,81002496
1031356416,1043824640,80248832,80437248,758333440,54149120,1077026816,1099649024,1117908992,85426176,82141184,81002496
1031356416,1043824640,80248832,80437248,758333440,53628928,1077026816,1099649024,1117908992,85426176,82141184,81002496
1041756160,1043824640,83103744,80437248,758333440,53628928,1077026816,1099649024,1137672192,85426176,82141184,81399808
1043869696,1043824640,83103744,80437248,758333440,54648832,1077026816,1099649024,1137672192,85426176,82141184,81399808
1043869696,1043824640,82575360,80437248,758333440,54648832,1077026816,1099649024,1137672192,85426176,82141184,81399808
1043869696,1043824640,82575360,80437248,758333440,54648832,1077026816,1099649024,1139138560,85426176,82141184,81399808
1043869696,1043824640,82575360,80437248,758333440,54648832,1077026816,1099649024,1139138560,85426176,82141184,82972672
1043869696,1043824640,82575360,80437248,758333440,54124544,1077026816,1099649024,1139138560,85426176,82141184,82972672
1043869696,1043824640,82575360,80437248,758333440,55078912,1077026816,1099649024,1139138560,85426176,82141184,82972672
1043869696,1043824640,82575360,80437248,758333440,55083008,1077026816,1099649024,1139138560,85426176,82141184,82976768
1043869696,1043824640,82575360,80437248,758333440,55083008,1077026816,1099649024,1139138560,85426176,82141184,82980864
1043869696,1043824640,82575360,80437248,758333440,55083008,1077026816,1099649024,1139138560,85426176,82145280,82980864
1043869696,1043824640,82575360,81403904,758333440,55083008,1077026816,1099649024,1139138560,85430272,82145280,82980864
1043869696,1092755456,82575360,81170432,758333440,54562816,1077026816,1099649024,1139138560,85430272,82145280,82980864
1043869696,1092755456,82575360,81170432,758333440,55590912,1077026816,1099649024,1139138560,85430272,82145280,82980864
1043869696,1092755456,82575360,81170432,758333440,55590912,1077026816,1099649024,1139138560,85430272,82145280,82980864
1043869696,1092755456,82575360,81170432,758333440,55590912,1077026816,1099649024,1139138560,82583552,82145280,82980864
1043869696,1092755456,82575360,81170432,758333440,55590912,1091633152,1099649024,1139138560,82583552,82145280,82980864
1043869696,1092755456,82575360,81170432,758333440,55590912,1091633152,1099649024,1139138560,82583552,82673664,82980864
1043869696,1092755456,82575360,81170432,758333440,55590912,1091633152,1099649024,1139138560,82583552,82579456,82980864
1043869696,1092755456,82575360,81170432,758333440,56090624,1091633152,1100562432,1139138560,82583552,82579456,82505728
1043869696,1092755456,82575360,81170432,760406016,57192448,1091633152,1100562432,1144553472,82583552,82579456,82505728
1043869696,1092755456,82575360,81170432,760406016,56668160,1091633152,1100562432,1144553472,82583552,82579456,82579456
1043869696,1092755456,82976768,84000768,760406016,55619584,1091633152,1100562432,1144553472,82583552,82579456,82579456
1048879104,1092755456,81403904,84004864,760406016,55619584,1091633152,1100562432,1144553472,82583552,82579456,82579456
1048879104,1092755456,81403904,84004864,760406016,55619584,1091633152,1100562432,1144553472,82583552,82579456,83222528
1048879104,1092755456,81403904,84004864,760406016,55668736,1091633152,1105526784,1147400192,82624512,82034688,83222528
1048879104,1092755456,81403904,84004864,760406016,55668736,1097609216,1105526784,1147400192,82624512,82034688,82694144
1048879104,1092755456,81403904,84004864,760406016,55672832,1097609216,1105526784,1147400192,83410944,82034688,82694144
1066385408,1094156288,82300928,84004864,760406016,56217600,1097609216,1105526784,1147400192,83640320,82034688,82698240
1066385408,1094156288,82300928,84004864,760406016,56217600,1138569216,1105526784,1147400192,82444288,82034688,82698240
1066385408,1094156288,82300928,81948672,760406016,57970688,1148170240,1105526784,1147400192,82444288,82034688,82698240
1066385408,1094156288,82300928,81948672,760406016,57970688,1148182528,1105526784,1147400192,82444288,82046976,83226624
1066385408,1094156288,82300928,81948672,763965440,58576896,1148280832,1159352320,1204555776,82444288,82046976,82702336
1066385408,1141698560,82300928,81973248,763965440,58052608,1148280832,1159352320,1204555776,82444288,82046976,82702336
1122873344,1141698560,82337792,81973248,763965440,57016320,1148280832,1159352320,1204555776,82444288,82046976,82702336
1122983936,1141739520,82337792,81973248,763965440,57016320,1148301312,1159356416,1204555776,82444288,82046976,82702336
1173008384,1141739520,82337792,81973248,763965440,57016320,1148301312,1159356416,1204555776,82444288,82046976,82702336
1173008384,1141739520,82337792,81973248,763965440,57016320,1148301312,1159356416,1204555776,82444288,82046976,82702336
1173008384,1141739520,82337792,81973248,763965440,57016320,1148301312,1159356416,1204559872,82444288,82046976,82702336
1173008384,1141739520,82337792,81973248,763965440,57016320,1148301312,1159356416,1204559872,82444288,82046976,82702336
1173032960,1141739520,82337792,81973248,763965440,57016320,1182109696,1159356416,1204580352,82444288,82046976,82702336
1173032960,1141829632,82337792,81973248,763965440,57020416,1182109696,1161465856,1204580352,82444288,82046976,82702336
1173065728,1141829632,82337792,81973248,763965440,57020416,1150668800,1161465856,1204584448,82444288,82046976,82702336
1175592960,1141829632,82337792,81973248,763965440,57020416,1150668800,1161465856,1256009728,82444288,82046976,82702336
1175592960,1144168448,82337792,81973248,763965440,57020416,1150668800,1163845632,1256009728,82444288,82046976,82702336
1180221440,1144168448,82337792,81973248,763965440,57020416,1150668800,1163845632,1207058432,82444288,82046976,82702336
1180221440,1144168448,82337792,81973248,763965440,57020416,1150668800,1163845632,1207058432,82444288,82046976,82702336
1180962816,1144168448,82337792,81973248,763965440,57020416,1150668800,1164058624,1207058432,82444288,82046976,82702336
1180962816,1144168448,82337792,81973248,763965440,57020416,1097666560,1164058624,1153998848,83075072,82825216,81883136
1187827712,1168527360,82337792,81973248,763965440,57020416,1097666560,1108779008,1153998848,83075072,82825216,81883136
1198567424,1168527360,82337792,81973248,763965440,57024512,1097666560,1108779008,1153998848,83357696,82825216,81883136
1198567424,1099870208,82337792,83865600,763965440,57024512,1097666560,1108779008,1153998848,83357696,82825216,81883136
1080537088,1099870208,83316736,83865600,763965440,57024512,1097666560,1108779008,1153998848,83357696,82825216,81883136
1080537088,1099870208,83316736,83865600,763965440,57028608,1097666560,1108779008,1153998848,83357696,82825216,81883136
1080537088,1099870208,83316736,83865600,763965440,57028608,1097666560,1110798336,1153998848,83357696,83357696,81883136
1080537088,1099870208,83316736,83865600,763965440,57028608,1097666560,1110798336,1153998848,83357696,83357696,81883136
1080537088,1099870208,83316736,83865600,763965440,57028608,1097666560,1110798336,1153998848,83357696,83357696,81883136
1080537088,1099870208,83316736,83865600,763965440,57028608,1097666560,1110798336,1154002944,83357696,83357696,81883136
1080537088,1099870208,83845120,83865600,763969536,57028608,1097666560,1110798336,1154002944,83357696,83357696,81883136
1087594496,1099870208,83845120,83865600,763969536,56033280,1097666560,1110798336,1154002944,83357696,83357696,81883136
1081729024,1099870208,84144128,83865600,763969536,56078336,1097666560,1110798336,1154002944,83357696,83357696,82411520
1081729024,1099870208,84144128,83865600,764907520,56078336,1097666560,1110798336,1155735552,83357696,83357696,82411520
1081729024,1099870208,84144128,83865600,764907520,56078336,1097666560,1110798336,1156460544,83357696,83357696,82046976
1081729024,1099870208,84144128,83865600,764907520,56078336,1097666560,1110798336,1156460544,83357696,83357696,82046976
1081729024,1099870208,84144128,83865600,764907520,55549952,1097666560,1110798336,1156460544,83357696,83357696,82046976
1081729024,1099870208,84144128,83865600,764907520,55549952,1097666560,1110798336,1156460544,83357696,83357696,82046976
1081729024,1099874304,84144128,83865600,764907520,56086528,1102901248,1110798336,1156460544,83402752,83357696,82046976
1081729024,1099874304,84144128,83873792,764907520,56123392,1102901248,1110798336,1156460544,83333120,83357696,82046976
1081729024,1109192704,84148224,83873792,764907520,56123392,1102901248,1110798336,1156460544,83333120,83357696,82046976
1081729024,1111216128,84148224,82112512,764907520,56619008,1102901248,1110798336,1156460544,83333120,83357696,82046976
1081729024,1111216128,84148224,82112512,764907520,56090624,1102901248,1112076288,1156460544,83333120,83357696,82046976
1081729024,1111216128,84148224,82112512,764907520,56090624,1102901248,1112076288,1156460544,83333120,83357696,82046976
1081729024,1111216128,84148224,82112512,764907520,56631296,1102901248,1112076288,1156460544,83333120,83357696,82046976
1081729024,1111216128,84148224,82112512,764907520,57290752,1102901248,1112076288,1156460544,83333120,83357696,82583552
1081729024,1111216128,84148224,82116608,765800448,57290752,1102901248,1112076288,1156460544,83333120,84590592,83275776
1081729024,1111216128,115159040,84979712,765800448,55181312,1102901248,1112076288,1156460544,83333120,84590592,83275776
1081729024,1111216128,115159040,84979712,765800448,55189504,1102901248,1115860992,1156460544,83333120,85999616,83275776
1081729024,1111216128,83570688,84979712,765800448,55189504,1102901248,1115860992,1160286208,83333120,86286336,86167552
1081729024,1111216128,83570688,84979712,765800448,55189504,1102901248,1115054080,1158754304,85028864,83795968,86167552
1081729024,1111216128,85184512,84979712,766685184,59002880,1113665536,1115889664,1158754304,85028864,83795968,83668992
1086787584,1111216128,85184512,84979712,766685184,59002880,1113665536,1115889664,1178783744,82612224,83795968,83668992
1086787584,1111318528,82898944,84979712,766685184,57053184,1132007424,1133031424,1178783744,88956928,82350080,82415616
1108103168,1111318528,82309120,83505152,766685184,63725568,1132007424,1133031424,1178783744,83632128,82354176,85979136
1108103168,1114464256,82309120,83505152,766685184,63725568,1132007424,1133031424,1178783744,83632128,82354176,85979136
1102237696,1132445696,82309120,83832832,766685184,63725568,1132007424,1133031424,1188470784,83632128,82354176,87265280
1102237696,1132445696,82313216,84193280,820965376,58286080,1132007424,1195106304,1239109632,84639744,83218432,87265280
1102237696,1132445696,82313216,84193280,880451584,82006016,1191809024,1195106304,1239109632,84639744,83218432,87265280
1102237696,1132445696,82313216,88096768,880451584,77307904,1191809024,1195151360,1239113728,84639744,83218432,87265280
1159745536,1181978624,83615744,88096768,880451584,58376192,1191813120,1195216896,1239113728,84639744,83218432,87265280
1159745536,1181978624,83615744,83369984,880451584,58376192,1191813120,1195216896,1239113728,84639744,83218432,87265280
1214623744,1181978624,83615744,83369984,880451584,58376192,1191813120,1196462080,1239113728,84639744,83218432,87265280
1209016320,1181986816,83615744,83369984,880451584,58380288,1191833600,1142489088,1258233856,84639744,86294528,87265280
1227890688,1181986816,83615744,83369984,880451584,58380288,1150078976,1142489088,1197367296,84639744,86290432,94629888
1235140608,1182003200,83615744,83369984,880451584,58380288,1150078976,1142489088,1197367296,86683648,86290432,87408640
1235140608,1196437504,83615744,83369984,880451584,60944384,1150078976,1142489088,1197367296,86683648,86290432,87408640
1252999168,1196437504,83615744,86573056,880451584,65220608,1150078976,1142489088,1197367296,86683648,86290432,87408640
1252999168,1140031488,83615744,84201472,880451584,65220608,1150078976,1142489088,1197367296,86683648,86290432,87408640
1252999168,1140031488,83615744,84201472,880451584,58331136,1150078976,1142489088,1197367296,86683648,86290432,87408640
1116352512,1140031488,137236480,84201472,880451584,58331136,1150078976,1142489088,1197367296,86683648,87158784,87408640
1116352512,1140031488,86589440,84201472,880451584,58331136,1150078976,1162846208,1225560064,88485888,87158784,96206848
1116352512,1140031488,86589440,84201472,880451584,58335232,1152376832,1163014144,1225560064,88485888,138813440,86736896
1116352512,1140031488,86589440,84201472,862191616,68362240,1198952448,1163014144,1225572352,88485888,86073344,85925888
1130643456,1140031488,86061056,94433280,862191616,87371776,1198952448,1163014144,1225572352,87265280,86073344,85925888
1145917440,1153347584,86061056,84955136,862191616,58912768,1152380928,1163014144,1225572352,87265280,86073344,85925888
1145917440,1153331200,85397504,86491136,862191616,58912768,1152380928,1163014144,1225572352,87265280,85442560,88768512
1130684416,1153363968,85397504,86491136,862191616,59527168,1152380928,1163014144,1225572352,87265280,85442560,88768512
1130684416,1153363968,85397504,86491136,862191616,61755392,1152380928,1163014144,1225572352,87265280,85442560,88768512
1130684416,1153363968,86294528,89923584,831807488,61755392,1152380928,1164513280,1230168064,87265280,85442560,88768512
1136750592,1157013504,86294528,87367680,831807488,62885888,1158148096,1186111488,1230127104,86638592,85544960,86302720
1183170560,1161220096,86294528,87367680,831807488,67764224,1158107136,1179312128,1230127104,86638592,85544960,86302720
1136508928,1161220096,89329664,87367680,845271040,62451712,1158107136,1179312128,1245859840,86683648,85540864,85225472
1136508928,1161134080,89329664,88580096,845271040,62451712,1175707648,1179312128,1245859840,86683648,85540864,85225472
1136508928,1161134080,89329664,88580096,845271040,74166272,1175707648,1179312128,1245859840,86683648,85540864,85221376
1136508928,1161134080,89329664,88580096,845271040,74166272,1175707648,1179312128,1245859840,86683648,85540864,90636288
1136508928,1161134080,89329664,88580096,873631744,64430080,1183215616,1179312128,1258352640,92053504,90779648,90636288
1136508928,1161134080,89333760,88580096,904511488,77832192,1183215616,1179312128,1258352640,87330816,90779648,85909504
1178992640,1161134080,89317376,88580096,904511488,68370432,1233842176,1179312128,1301876736,87330816,86044672,85909504
1178992640,1161134080,89317376,88580096,904511488,58912768,1233842176,1229946880,1301876736,87330816,86044672,85909504
1239330816,1203093504,89317376,87400448,904511488,58912768,1233842176,1229946880,1301880832,87330816,86044672,85909504
1228976128,1203093504,89317376,87400448,904511488,58912768,1233846272,1229946880,1301880832,87330816,86044672,85909504
1228980224,1203093504,89317376,87400448,904515584,58912768,1233862656,1179312128,1301897216,87330816,93519872,85909504
1228992512,1203097600,89317376,87400448,904515584,58912768,1265487872,1179312128,1339535360,87330816,86290432,85909504
1228992512,1203113984,89317376,87400448,904515584,58912768,1265487872,1179312128,1253326848,87748608,86290432,86482944
1246384128,1218232320,89317376,87400448,904515584,58912768,1183215616,1179312128,1253326848,87748608,86290432,86487040
1246384128,1218232320,89317376,167317504,904515584,58912768,1183215616,1179783168,1253326848,87748608,86720512,86487040
1257771008,1167974400,89317376,86491136,904515584,63209472,1183215616,1179783168,1273536512,97112064,86720512,86487040
1257771008,1167974400,90103808,86491136,904515584,69382144,1205440512,1179856896,1273536512,97112064,86679552,86065152
1136508928,1167974400,90103808,86491136,904515584,69382144,1205473280,1179856896,1273569280,87650304,86679552,86487040
1136508928,1167974400,90103808,94294016,931319808,69394432,1205473280,1179856896,1273577472,87957504,86679552,86487040
1136508928,1167974400,97898496,84819968,931319808,59957248,1205481472,1196208128,1273577472,87957504,87695360,86487040
1162080256,1178939392,97898496,85417984,931319808,59957248,1205481472,1196208128,1273577472,87957504,87695360,86487040
1162080256,1178972160,88428544,85417984,931319808,60694528,1205481472,1189609472,1273577472,89706496,86294528,88150016
1162096640,1178972160,87810048,85417984,931319808,60694528,1228439552,914956288,1277939712,89706496,86294528,88150016
1162096640,1178972160,87810048,85417984,931704832,60112896,1205850112,903389184,1277882368,87494656,86294528,85929984
1162096640,1179103232,87810048,88854528,931704832,63848448,1205850112,903389184,1277882368,87494656,86523904,85929984
1162096640,1179103232,89485312,88854528,931704832,64589824,1205866496,903389184,943042560,87597056,86523904,99762176
1167634432,1178988544,88039424,85356544,931704832,64589824,1205866496,903389184,943042560,87597056,86523904,84877312
1165029376,1190879232,88039424,83927040,931704832,61280256,1205866496,903389184,943042560,87597056,86523904,84877312
1180913664,1190879232,88039424,83927040,931704832,71991296,1205866496,903389184,943042560,87597056,86523904,84877312
1180913664,1190879232,87351296,83927040,931704832,71991296,1205866496,903389184,943042560,87597056,86523904,84877312
1180913664,1190879232,87351296,83927040,931704832,73797632,1205866496,903389184,943042560,87597056,86523904,84877312
1180913664,1190879232,87351296,83927040,931704832,69582848,1205866496,903389184,943042560,87597056,86523904,84877312
1180913664,1190879232,87351296,83927040,931704832,69582848,1205866496,903389184,943042560,87597056,86523904,84877312
1180913664,1190879232,87351296,83927040,931696640,69582848,1205866496,1053659136,943042560,87597056,87334912,84877312
1180913664,1190879232,87351296,83927040,931696640,98746368,1205866496,1104408576,943042560,92958720,87334912,84877312
1192697856,1190879232,88649728,83927040,936509440,98746368,1212104704,1104408576,1054482432,92958720,87334912,85245952
1224105984,1190879232,88649728,83927040,936509440,79810560,1262739456,1104408576,1087332352,88244224,87334912,85245952
1224105984,1190879232,88649728,85417984,936509440,65675264,1262739456,1104412672,1087336448,88244224,87334912,85245952
1273376768,1232838656,88649728,85417984,936509440,65675264,1262739456,1104429056,1087336448,88244224,87334912,85245952
1273380864,1232838656,88649728,85417984,936509440,65675264,1312014336,1104429056,1037045760,88244224,87334912,85245952
1308426240,828919808,88649728,85413888,936509440,65675264,1212104704,1133625344,1037045760,86626304,87334912,85708800
1319776256,828919808,88649728,85413888,936509440,70348800,1212104704,1064476672,1037045760,86626304,87265280,85708800
1319800832,828919808,88649728,85413888,936509440,70348800,1212104704,1064476672,1037045760,86626304,87265280,85708800
1319800832,828919808,88649728,85417984,936509440,67227648,1212108800,1064476672,1037045760,86626304,87265280,85708800
1319800832,828919808,88649728,85417984,936509440,67227648,1212108800,1064476672,1037045760,86626304,87265280,85708800
1180925952,828919808,88649728,85417984,936509440,67227648,1212108800,1064476672,1037045760,86626304,87265280,85708800
1180925952,828919808,91467776,85417984,936509440,64815104,1212108800,1064476672,1037045760,86626304,87265280,85708800
1180925952,828919808,91467776,85417984,936509440,64815104,1212108800,1064476672,1037045760,86626304,87453696,85708800
1180925952,828919808,91467776,85417984,954384384,64815104,1212108800,1092706304,1037045760,86626304,87453696,85708800
1180925952,828919808,91467776,95862784,954384384,75100160,1212108800,1092706304,1076781056,95236096,87236608,87257088
1180925952,916643840,91467776,86392832,954384384,75100160,770777088,1093324800,1076781056,95236096,87478272,87257088
1180925952,919306240,91467776,86392832,954384384,75141120,787660800,1093324800,1077518336,85766144,87478272,85954560
1181495296,926957568,88358912,86507520,954384384,65687552,787660800,1093324800,1077518336,85766144,87478272,85954560
860119040,926957568,89542656,86507520,954384384,66306048,939610112,1093324800,1077518336,88580096,87478272,85954560
860119040,926957568,89542656,86507520,954384384,65720320,939610112,1093324800,1077518336,88580096,87478272,85962752
860119040,926957568,89542656,86507520,954384384,65720320,1032450048,1093324800,1077518336,88580096,87478272,85962752
860119040,926957568,89542656,86507520,954384384,65720320,1032450048,1093324800,1077518336,88580096,86810624,85962752
860119040,926957568,89542656,86507520,954384384,65720320,1027227648,1121132544,1085579264,88137728,86810624,85962752
860119040,927502336,89542656,89927680,954384384,65720320,1027227648,1121910784,1083842560,88137728,86810624,87715840
860119040,928616448,89542656,89927680,954400768,71270400,1068662784,1138163712,1083842560,87498752,86810624,87715840
1006571520,928616448,88723456,89935872,954400768,71270400,1068662784,1138163712,1083850752,87498752,87883776,85258240
1007550464,928595968,88723456,86257664,954400768,68890624,1048547328,1138163712,1083850752,87494656,87883776,96124928
1007550464,928505856,87080960,86257664,954400768,74948608,1048547328,1138163712,1092739072,87494656,87883776,96124928
1025777664,946561024,87080960,86257664,954400768,91508736,1048547328,1138163712,1092739072,87494656,87883776,86155264
1025777664,946561024,87080960,86212608,954400768,91508736,1048547328,1138163712,1092739072,87494656,87883776,86155264
1025777664,946561024,87085056,86212608,954400768,77443072,1048547328,1138163712,1092739072,87494656,87883776,86155264
1025777664,946561024,87085056,86212608,954400768,77443072,1048547328,1138163712,1092739072,87494656,87883776,86155264
1025777664,946561024,87085056,86212608,954400768,77443072,1048547328,1138163712,1126379520,87494656,87883776,87097344
1025777664,946561024,86814720,86212608,958631936,105455616,1048686592,1138163712,1126379520,88174592,88510464,87097344
1072312320,970997760,86814720,113901568,958631936,81780736,1099317248,1186983936,1143873536,88174592,88510464,87097344
1073053696,990273536,86814720,87474176,958631936,72318976,1099317248,1186988032,1143873536,88174592,88510464,87097344
1073053696,990273536,86814720,87474176,958631936,72318976,1099317248,1186988032,1143873536,88174592,88510464,87097344
1122295808,990273536,86814720,87474176,958631936,72318976,1113735168,1206231040,1143873536,88174592,89894912,87097344
1122299904,990285824,86814720,87474176,958631936,72318976,1113735168,1138442240,1143894016,91000832,89894912,87097344
1148411904,990285824,86814720,87474176,958631936,72318976,1048698880,1138442240,1143894016,88629248,87523328,87097344
1157251072,990302208,86814720,87474176,958631936,72318976,1048698880,1138442240,1093226496,88629248,87523328,86220800
1157251072,948400128,86814720,85696512,958631936,76091392,1048698880,1138442240,1093226496,88633344,87523328,86220800
1166229504,948400128,86814720,85696512,958631936,73887744,1048698880,1138442240,1093226496,88633344,87523328,86220800
1166229504,948400128,86814720,85696512,958631936,73887744,1048698880,1138442240,1095270400,88633344,87523328,86220800
1094209536,948400128,87670784,85696512,958631936,73887744,1048698880,1138442240,1095270400,88633344,88256512,86630400
1029935104,948400128,87670784,85696512,972566528,73887744,1067229184,1138987008,1095311360,88633344,88256512,86630400
1029935104,948400128,87670784,85696512,972566528,82067456,1069477888,1138987008,1095311360,88330240,86769664,87777280
1029935104,948400128,97959936,85696512,972566528,101056512,1069477888,1139363840,1095311360,153276416,87801856,87777280
1029935104,948400128,97959936,96280576,972566528,72613888,1073831936,1139363840,1095311360,88670208,87801856,87777280
1038622720,982564864,88494080,86806528,972566528,72613888,1073831936,1139363840,1095311360,88670208,87801856,87777280
1038893056,982564864,88494080,86806528,972566528,72613888,1073831936,1139363840,1097199616,88981504,88182784,87027712
1038893056,982585344,88494080,86736896,972566528,72654848,1098805248,1139363840,1097199616,90615808,88182784,110845952
1038925824,982585344,88449024,86740992,873431040,72654848,1098805248,1139363840,1105276928,87900160,87158784,110845952
1038925824,982585344,88449024,86740992,873431040,77197312,1098715136,1151033344,1105276928,102879232,87158784,88100864
1040097280,982585344,141549568,89284608,873431040,77197312,1099522048,1158565888,1105276928,102879232,86474752,88104960
1041178624,982585344,90632192,89284608,873431040,75235328,1099522048,1158565888,1105276928,87994368,86474752,88104960
1040027648,985948160,89923584,87105536,873431040,79495168,1099522048,1158565888,1105276928,87994368,86474752,88104960
1040027648,985964544,89923584,87977984,873431040,79495168,1099522048,1158565888,1105276928,87994368,86474752,88104960
1040027648,985964544,89923584,87977984,873431040,92291072,1099522048,1158565888,1105276928,87994368,86474752,92377088
1040027648,985964544,89923584,87977984,905129984,73392128,1099522048,1158565888,1155977216,87994368,86474752,92377088
1040027648,985964544,89923584,87977984,905129984,73392128,1099522048,1158565888,1155977216,92041216,91803648,87654400
1040027648,985964544,89923584,87982080,905129984,73392128,1099522048,1160949760,1155977216,87314432,87076864,87654400
1040027648,985964544,89923584,87982080,914288640,82087936,1151709184,1207422976,1155981312,87314432,87076864,87654400
1085407232,985964544,86810624,85843968,937656320,82087936,1151713280,1207422976,1155981312,87314432,87076864,87654400
1085407232,1027911680,86810624,85843968,937656320,67899392,1151713280,1207422976,1155981312,87314432,87076864,87654400
1086144512,1027911680,86810624,85843968,937656320,67899392,1151713280,1207422976,1155981312,87314432,87076864,87654400
1135394816,1027911680,86810624,85843968,937656320,67899392,1151713280,1207422976,1155981312,87314432,87076864,87654400
1135415296,1027919872,86810624,85843968,937656320,67899392,1151713280,1207427072,1159475200,87314432,87076864,87654400
1135419392,1027919872,86810624,85843968,937656320,67899392,1151713280,1207443456,1105346560,87314432,87076864,87654400
1154154496,1051328512,86810624,85843968,937656320,69246976,1151733760,1207443456,1105346560,87314432,87076864,86503424
1154519040,994902016,86810624,85843968,937656320,69246976,1103147008,1160953856,1105346560,87314432,88657920,86503424
1154519040,994902016,86810624,86102016,937656320,69296128,1103147008,1160953856,1105346560,87584768,88657920,86503424
1163382784,994902016,86810624,86102016,937656320,69296128,1103147008,1160953856,1105346560,87584768,88657920,86503424
1163382784,994902016,86810624,86102016,937656320,74280960,1103147008,1160953856,1105346560,87584768,88657920,86503424
1163382784,994902016,86810624,86102016,937656320,74280960,1103147008,1160953856,1105346560,87584768,88657920,86503424
1042788352,994902016,86257664,86102016,937656320,67166208,1103147008,1160953856,1105416192,87584768,88657920,86540288
1042788352,994902016,86257664,86102016,937656320,86028288,1103147008,1160953856,1114255360,87584768,88657920,86540288
1042788352,994902016,86257664,86102016,966832128,86028288,1103147008,1160953856,1114255360,87584768,95739904,86540288
1043767296,994902016,86257664,86102016,966832128,77791232,1109803008,1166753792,1114263552,96673792,95739904,87384064
1043767296,1004851200,87785472,86532096,966832128,77791232,1103998976,1166753792,1114263552,87199744,88391680,87384064
1044811776,1004851200,87523328,86532096,966832128,96841728,1104072704,1162833920,1114263552,87199744,137920512,87384064
1044811776,1004892160,87523328,86532096,966832128,68337664,1104072704,1162874880,1114263552,86585344,137920512,87384064
1044844544,1004892160,87519232,87089152,966832128,68337664,1104072704,1162874880,1114263552,86585344,87805952,87384064
1044844544,1004892160,87519232,87089152,966832128,68337664,1104072704,1162874880,1114263552,86585344,89202688,87384064
1044844544,1004892160,87519232,87089152,966832128,68018176,1104072704,1163431936,1116364800,89276416,89202688,89112576
1044844544,1004892160,87519232,87089152,966832128,68018176,1104551936,1163431936,1116364800,86933504,87375872,89112576
1044844544,1004892160,87519232,87089152,967159808,67411968,1104551936,1164251136,1116303360,86933504,87375872,86765568
1044844544,1005088768,87519232,87089152,967159808,72617984,1109635072,1163337728,1116278784,87707648,89354240,100220928
1044844544,1006501888,87519232,87343104,967159808,72634368,1109635072,1163337728,1116278784,87703552,86577152,85336064
1044844544,1006411776,87613440,87343104,967159808,72634368,1109635072,1163337728,1116278784,87703552,86577152,85336064
1047191552,1006428160,87613440,87343104,967159808,69160960,1109635072,1163337728,1116278784,92844032,86577152,90480640
1046937600,1006428160,87613440,86454272,967159808,86028288,1134338048,1211969536,1116278784,88125440,87724032,85762048
1046937600,1006428160,87613440,86454272,967229440,70283264,1134338048,1211969536,1166921728,88125440,87724032,85762048
1046937600,1006428160,86970368,86454272,967229440,70283264,1160355840,1211969536,1166921728,88125440,87724032,85762048
1052360704,1006428160,86970368,86454272,970620928,89628672,1160355840,1211973632,1166925824,88125440,87724032,85762048
1052360704,1006428160,88330240,87130112,970620928,89628672,1160355840,1211973632,1166925824,88125440,87724032,85762048
1089449984,1048309760,88330240,87130112,970620928,70709248,1160355840,1211973632,1166925824,88125440,87724032,85762048
1089449984,1048412160,88330240,87130112,970620928,70709248,1160355840,1211973632,1166942208,88125440,87724032,85762048
1139462144,1048412160,88330240,87130112,970620928,70709248,1160355840,1211973632,1166942208,88125440,87724032,85762048
1139474432,1048412160,88330240,87130112,970620928,70709248,1160355840,1211973632,1166942208,88125440,87724032,85762048
1139474432,1048412160,88326144,87130112,970620928,70709248,1160355840,1211973632,1166942208,88125440,87724032,85762048
1163866112,1006432256,88326144,87130112,970620928,70709248,1164316672,1233289216,1182035968,88125440,155328512,85762048
1163866112,1006432256,88326144,88182784,970620928,72323072,1116475392,1163419648,1182035968,88125440,155328512,86933504
1171251200,1006432256,88326144,88182784,970620928,69922816,1116475392,1163419648,1116278784,88014848,88215552,86933504
1171251200,1006432256,88326144,88182784,970620928,69922816,1116475392,1163419648,1116278784,88014848,88215552,86937600
1171251200,1006432256,88326144,88182784,970620928,76124160,1116475392,1163419648,1116278784,88014848,88215552,86937600
1171251200,1006432256,88240128,88182784,970620928,68964352,1116475392,1163419648,1116278784,88014848,88215552,86937600
1046941696,1006432256,88240128,88182784,970620928,68964352,1116475392,1163419648,1116278784,88014848,88215552,86937600
1046941696,1006432256,88240128,88182784,970620928,68972544,1116475392,1163419648,1122127872,88014848,97624064,96976896
1046941696,1006432256,89010176,88182784,988758016,79417344,1116475392,1172226048,1130967040,87572480,97624064,96976896
1047363584,1006432256,89010176,88223744,988758016,79417344,1142329344,1172226048,1130999808,87572480,88150016,87498752
1047363584,1006718976,89010176,88223744,988758016,69947392,1142337536,1172299776,1131008000,87572480,88150016,88805376
1047371776,1006718976,88551424,88223744,988758016,69947392,1142337536,1172299776,1131008000,88907776,88670208,88805376
1047371776,1006751744,88551424,89001984,988758016,69971968,1142337536,1172299776,1131008000,88907776,88670208,88805376
1047371776,1006751744,88551424,89001984,988758016,70053888,1142337536,1172299776,1134735360,90234880,88670208,90472448
1047371776,1006751744,88551424,89001984,988770304,70053888,1142337536,1172299776,1133137920,88416256,90214400,90472448
1047371776,1006886912,88555520,92442624,988770304,74608640,1144053760,1173368832,1133137920,88416256,90214400,87973888
1057673216,1006788608,88555520,89071616,988770304,75100160,1143963648,1173368832,1133088768,88416256,88129536,87973888
1057673216,1006788608,89690112,89071616,988770304,75100160,1143971840,1172520960,1133088768,87920640,87748608,102105088
1090011136,1006698496,89690112,86724608,988770304,72458240,1143971840,1172520960,1133064192,87920640,87748608,102105088
1090011136,1015746560,94928896,86724608,988770304,83824640,1143971840,1172520960,1133064192,87920640,87748608,87203840
1088839680,1015746560,90648576,86724608,989450240,84742144,1143971840,1172520960,1133064192,87920640,87748608,87203840
1088839680,1015746560,90648576,86724608,989450240,84742144,1143971840,1172520960,1133064192,87920640,87748608,87203840
1088839680,1015746560,90648576,86724608,991789056,83271680,1143971840,1172520960,1133064192,87920640,87748608,87203840
1088839680,1015746560,90648576,86724608,991789056,83275776,1143971840,1172525056,1133064192,93679616,87748608,87207936
1088839680,1015746560,90648576,86728704,991789056,73277440,1143971840,1172525056,1133064192,93679616,93663232,87207936
1088839680,1015746560,90648576,86728704,991789056,73277440,1192550400,1253867520,1169747968,88952832,88932352,88850432
1131331584,1015746560,90267648,86728704,991789056,90681344,1192550400,1253871616,1183698944,88952832,88932352,88850432
1131331584,1015746560,90267648,86728704,991789056,81227776,1192554496,1253871616,1183698944,88952832,88932352,88850432
1170366464,1015746560,90267648,85991424,991789056,81227776,1192554496,1253871616,1183698944,88952832,88932352,88850432
1181294592,1083203584,90267648,85991424,991789056,71774208,1192554496,952832000,973504512,88952832,88604672,89407488
1181310976,1083207680,90267648,85991424,991789056,71774208,1192570880,952832000,973504512,88952832,88604672,89407488
1181310976,1083215872,90267648,85991424,991789056,71774208,1222176768,952832000,973504512,88952832,88604672,89407488
1207472128,1083232256,90267648,85991424,991789056,71872512,1222176768,952832000,973504512,88952832,88604672,89407488
1216409600,1083232256,90267648,85991424,991789056,71098368,1222176768,952832000,973504512,88952832,88604672,89407488
1216409600,1041264640,90267648,85774336,991789056,74715136,1222176768,952832000,973504512,88952832,88604672,89403392
1216442368,1041264640,90267648,85774336,991789056,74715136,1143992320,952832000,973504512,87711744,88604672,89403392
1216442368,1041264640,90267648,85774336,991789056,72392704,1143992320,952832000,973504512,87711744,88604672,89403392
1216442368,1041264640,90505216,85774336,991789056,72392704,1143992320,952832000,973504512,87711744,88604672,89403392
1088860160,1041264640,90505216,85774336,991789056,72392704,1143992320,952832000,973504512,87711744,88604672,89403392
1088860160,1041264640,90505216,85778432,991789056,72392704,1143992320,952832000,973504512,87711744,88604672,89403392
1088860160,1045250048,90505216,85778432,991789056,83152896,1143992320,952832000,973504512,92532736,88690688,99545088
1088868352,1045258240,90505216,89165824,991789056,83156992,1143992320,1114009600,1050374144,88559616,88449024,90075136
1088880640,1045258240,89116672,87314432,991789056,73715712,1144029184,1115533312,1051885568,88559616,88449024,90075136
1088880640,1045291008,89116672,87314432,991789056,73715712,1144037376,1115533312,1051885568,88047616,189456384,88150016
1088913408,1045291008,88375296,87314432,991789056,73715712,1144037376,1115611136,1058615296,88047616,89006080,88150016
1088913408,1045291008,88375296,87314432,991789056,73719808,1144037376,1115611136,1058615296,88047616,89006080,88150016
1088913408,1045291008,88375296,87314432,991789056,73355264,1152290816,1126481920,1058615296,89739264,122802176,88150016
1088913408,1045291008,88375296,87314432,991789056,73355264,1152290816,1121017856,1087733760,87166976,88363008,89874432
1088913408,1045291008,88375296,87314432,991793152,73355264,826019840,1121017856,1087733760,87166976,88363008,89874432
1088913408,1045291008,91828224,87314432,894058496,75976704,826019840,1120911360,1088778240,160038912,88363008,87527424
1092014080,1045291008,88387584,87666688,894058496,75997184,975106048,1120911360,1106034688,160038912,89112576,87552000
1093107712,1045291008,88387584,87666688,894058496,73924608,975106048,1126170624,1106034688,87060480,89112576,87556096
1093107712,795074560,88387584,87445504,894058496,73924608,975106048,1126170624,1106034688,87060480,89112576,87556096
887791616,910106624,88420352,99184640,894058496,86659072,975106048,1126170624,1106079744,92311552,89235456,93073408
887791616,886759424,88420352,87961600,894058496,77258752,1072754688,1126170624,1106079744,87584768,89645056,88346624
887791616,886759424,88420352,87961600,894058496,77258752,1072754688,1193000960,1156726784,87584768,89645056,88346624
991272960,886759424,89550848,87961600,961314816,99639296,1123393536,1193000960,1156726784,87584768,89645056,88346624
1033764864,886759424,89546752,93655040,961314816,80728064,1123401728,1193005056,1156730880,87584768,89645056,88346624
1069867008,997953536,89546752,93655040,961314816,80728064,1123401728,1205145600,1106108416,87584768,89645056,88346624
1083723776,1030324224,89546752,88928256,961314816,80728064,1073639424,1142366208,1106108416,88264704,89645056,87261184
1083723776,1030328320,89546752,88928256,961314816,80728064,1073639424,1142366208,1106108416,88264704,88887296,87261184
1102528512,1030328320,89546752,88928256,961314816,80728064,1073639424,1142366208,1106108416,88264704,88887296,87261184
1122938880,1055490048,89546752,168378368,961314816,80732160,1073639424,1142366208,1106108416,88264704,88887296,94859264
1122938880,988471296,89546752,168378368,961314816,92254208,1083699200,1155092480,1108090880,88604672,90783744,88092672
1122938880,988471296,90771456,89030656,961314816,92254208,1083699200,1155092480,1108267008,88604672,90783744,88092672
1001361408,988471296,90771456,99295232,988389376,88399872,1084473344,1155149824,1108267008,88604672,90783744,87445504
1001361408,1001193472,90771456,99295232,988389376,88399872,1084473344,1155149824,1108267008,88604672,90783744,87445504
1014968320,1001193472,90771456,89833472,988389376,78942208,1084473344,1155149824,1108267008,88604672,90783744,87445504
1014968320,1013121024,91156480,89833472,988389376,78942208,1085300736,1155149824,1108267008,89636864,89075712,87445504
1015808000,1002512384,90275840,90124288,988389376,78942208,1085300736,1155149824,1108267008,89636864,89075712,87445504
1015865344,1002512384,90275840,90124288,988389376,79511552,1085300736,1155149824,1108267008,89636864,89075712,89059328
1015865344,1002512384,90275840,92381184,988389376,83714048,1121771520,1164980224,1108267008,89636864,90734592,89059328
1015865344,1005527040,90275840,92381184,988635136,83714048,1113808896,1164980224,1118240768,88956928,88285184,86859776
1055514624,1005527040,89624576,90243072,988635136,85250048,1113808896,1157869568,1123688448,88956928,88285184,86859776
1056415744,1005436928,89624576,90243072,988635136,82817024,1113841664,1157013504,1117110272,88956928,103030784,88031232
1055780864,1023795200,93736960,88432640,988635136,82817024,1113841664,1157013504,1117110272,88068096,103030784,88027136
1055780864,1023795200,88412160,88432640,988635136,93519872,1113841664,1157013504,1117110272,88068096,88104960,88027136
1055780864,1023795200,88412160,88432640,988692480,85311488,1113841664,1157013504,1117110272,88068096,88104960,88027136
1055780864,1023795200,94433280,92536832,988692480,85311488,1119690752,1191571456,1117216768,89661440,89120768,89616384
1076879360,1023795200,94433280,92536832,963567616,99889152,1119690752,1191571456,1167851520,89665536,89120768,89616384
1076879360,1065766912,89710592,87810048,963567616,128356352,1164488704,1205751808,1167851520,89665536,89120768,89616384
1099173888,1065766912,89710592,87810048,963567616,128356352,1164492800,1205751808,1167851520,89665536,89120768,89616384
1148473344,1065771008,89710592,87810048,963567616,85671936,1164492800,1205760000,1167855616,89665536,89120768,89616384
1148473344,1065775104,89710592,87810048,963567616,85671936,1164492800,1205760000,1167855616,89665536,89120768,89616384
1148473344,1065775104,89710592,87810048,963567616,85671936,1164492800,1205760000,1169956864,89665536,89120768,89616384
1148481536,1065791488,89710592,87810048,963567616,85671936,1176006656,1157201920,1169956864,146350080,89120768,96124928
1148481536,1065795584,89710592,87810048,963567616,85671936,1176006656,1157201920,1117220864,146350080,87945216,96124928
1167323136,1065795584,89710592,87810048,963567616,85671936,1113870336,1157201920,1117220864,89174016,87945216,88891392
1174528000,1065795584,89710592,87810048,963567616,85671936,1113870336,1157201920,1117220864,89174016,87945216,88891392
1174528000,1023819776,89710592,87810048,963567616,85671936,1113870336,1157201920,1117220864,89174016,87949312,88891392
1185943552,1023819776,89710592,87470080,963567616,85671936,1113870336,1157201920,1117220864,89174016,87949312,88891392
1185943552,1023819776,89710592,87470080,963567616,80900096,1113870336,1157201920,1117220864,89174016,87949312,88891392
1185943552,1023819776,89710592,87470080,963567616,80900096,1113870336,1157201920,1117286400,98033664,90333184,95084544
1055997952,1023819776,89796608,87470080,936390656,91357184,1124896768,1159041024,1117286400,88563712,88719360,88051712
1055997952,1023819776,89796608,87470080,936390656,91357184,1124896768,1159041024,1117331456,88563712,88719360,88051712
1055997952,1023819776,89796608,97345536,936390656,148348928,1124892672,1159114752,1117339648,89391104,88915968,88961024
1057837056,1023819776,89202688,97345536,936390656,148348928,1124892672,1159114752,1117339648,89391104,88915968,88961024
1057832960,1026211840,89202688,87846912,936390656,81899520,1124892672,1159114752,1117339648,89391104,88915968,88961024
1057832960,1026211840,88195072,89214976,936390656,81899520,1124892672,1159114752,1117339648,90910720,88915968,88961024
1057832960,1026244608,88195072,89214976,936390656,81903616,1154097152,1183199232,1117339648,90910720,88236032,88961024
1057832960,1026244608,88195072,89214976,936390656,81903616,1154002944,1183199232,1117339648,88797184,88236032,88961024
1057832960,1026244608,88195072,89214976,936390656,82513920,1154002944,1183199232,1117339648,88797184,88236032,88961024
1057832960,1026244608,88195072,89214976,936390656,85581824,1154002944,1183199232,1117339648,88797184,88236032,88961024
1057832960,1026244608,88195072,89214976,936402944,85581824,1154002944,1183199232,1117339648,88797184,88236032,88961024
1057832960,1050791936,88195072,90779648,936402944,86450176,1154002944,1183129600,1117339648,61132800,88236032,90730496
1057832960,1051922432,92114944,89329664,936402944,84176896,1154023424,1183129600,1120305152,55791616,55791616,88289280
1071304704,1051922432,92114944,89329664,936402944,84176896,1154023424,1183129600,1120305152,55791616,55791616,88289280
1071304704,1051828224,89362432,89329664,936402944,94248960,1154023424,1183129600,1121222656,55791616,55791616,55005184
1070145536,1056571392,56946688,56025088,936402944,80941056,1154023424,1183129600,1121222656,55791616,55791616,55005184
1070145536,1056571392,56946688,56025088,936402944,80941056,1154023424,1183129600,1121222656,55791616,55791616,55005184
1070145536,1056571392,56946688,56025088,936402944,86114304,1154023424,1183129600,1121222656,55791616,55791616,55001088
1070145536,1056571392,56946688,56025088,937861120,86114304,1154023424,1183129600,1121226752,55541760,56135680,54702080
1070145536,1056571392,56946688,56025088,937861120,103661568,1204576256,1231605760,1121226752,55541760,56135680,54702080
1070145536,1056571392,56950784,61689856,965156864,90591232,1204576256,1231646720,1171804160,55541760,56135680,54702080
1070145536,1068445696,61042688,61689856,965156864,90591232,1204690944,1231646720,1171804160,55541760,56135680,54702080
1112543232,1098555392,61042688,56958976,965156864,80031744,1204690944,1231720448,1171853312,55541760,56135680,54702080
1113395200,1098555392,56324096,56958976,965156864,80031744,1204690944,1231720448,1171853312,55541760,56135680,54702080
1174683648,1098555392,56324096,56958976,965156864,80031744,1204707328,1233825792,1171857408,55541760,56135680,54702080
1162629120,1098555392,56324096,56958976,965156864,80031744,1204711424,1233825792,1171857408,55541760,56135680,54702080
1162629120,1098571776,56324096,56958976,965156864,80031744,1204711424,1233825792,1171857408,55541760,56135680,54702080
1162633216,1098571776,56324096,56958976,965156864,80031744,1204711424,1233825792,1171857408,55541760,56135680,54702080
1162641408,1098571776,56324096,56958976,965156864,80031744,1204711424,1233825792,1171947520,55541760,56135680,54702080
1162657792,1098575872,56324096,56958976,965156864,80031744,1204711424,1233825792,1171951616,55541760,56135680,54702080
1162657792,1098575872,56324096,56958976,965156864,80031744,1204711424,1233829888,1171951616,55541760,56135680,54702080
1162678272,1098575872,56324096,56958976,965156864,80035840,1204715520,1233829888,1171951616,55541760,56135680,54702080
1162690560,1098579968,56324096,56958976,965156864,80035840,1205055488,1233829888,1171951616,55541760,56135680,54702080
1162702848,1098579968,56324096,56958976,965156864,80035840,1205055488,1259118592,1171951616,55541760,56135680,54702080
1162702848,1098579968,56324096,56958976,965156864,80035840,1154023424,1183129600,1121226752,54771712,56135680,53719040
1188679680,1056571392,56324096,56958976,965156864,80035840,1154023424,1183129600,1121226752,54775808,54734848,53719040
1197613056,1056571392,56324096,55357440,965156864,81592320,1154023424,1183129600,1121226752,54775808,54734848,53719040
1197613056,1056571392,56324096,55357440,965156864,79220736,1154023424,1183129600,1121226752,54775808,54734848,53719040
1206513664,1056571392,56324096,55357440,965156864,79220736,1154023424,1183129600,1121226752,54775808,54738944,53719040
1206513664,1056571392,56324096,55357440,965156864,86478848,1154023424,1183129600,1121226752,54775808,54738944,53719040
1134456832,1056571392,56324096,55357440,965156864,86478848,1154023424,1183129600,1121226752,64163840,55709696,63545344
1134456832,1056571392,55611392,55357440,965156864,79368192,1159880704,1187123200,1121230848,64163840,54460416,63545344
1070145536,1056571392,55611392,55357440,965156864,79368192,1159954432,1187155968,1121230848,54689792,54460416,54067200
1070145536,1056571392,55615488,55357440,991408128,79368192,1159954432,1187155968,1121230848,54689792,54460416,54067200
1070145536,1056571392,55615488,55357440,991408128,91275264,1159954432,1187155968,1121230848,54689792,54460416,54067200
1070157824,1056571392,56782848,54743040,991408128,80809984,1159954432,1187155968,1121280000,54689792,55328768,54067200
1070157824,1056583680,56963072,54292480,991408128,80809984,1159954432,1187196928,1121280000,55037952,54734848,54177792
1070190592,1056616448,56963072,54292480,991408128,80809984,1159954432,1187196928,1121280000,55037952,54734848,54177792
1070190592,1056616448,56971264,54292480,991408128,81428480,1159954432,1187196928,1121280000,55037952,54734848,59478016
1070190592,1056616448,56971264,54292480,991412224,86630400,1327751168,1214152704,1121280000,54616064,54734848,53927936
1070190592,1056616448,56971264,54292480,991412224,86630400,1228619776,1214152704,1167343616,54611968,54390784,53927936
1070190592,1056616448,56971264,54292480,918904832,87494656,1228619776,1215311872,1249771520,54611968,54390784,53927936
1070321664,1056616448,64901120,63107072,918908928,87494656,1228619776,1215365120,1249771520,54611968,54390784,53927936
1070321664,1059639296,64901120,63107072,918908928,82837504,1228619776,1215365120,1202302976,54611968,54390784,53927936
1112571904,1059639296,59514880,56586240,918908928,82837504,1228619776,1215365120,1290698752,54611968,54390784,53927936
1112571904,1158762496,59514880,56586240,918908928,82837504,1228619776,1215365120,1202302976,54611968,54390784,53927936
1112571904,1121083392,59514880,56586240,918908928,82837504,1228619776,1215365120,1202302976,54611968,54390784,53927936
1112571904,1121083392,59514880,56586240,918908928,82837504,1278185472,1215365120,1296515072,54611968,54390784,53927936
1112571904,1121296384,59514880,56586240,918908928,82837504,1278185472,1215365120,1202302976,54611968,54390784,53927936
1112571904,1121296384,59514880,56586240,918908928,82837504,1228619776,1215365120,1202302976,54611968,54390784,53927936
1112571904,1120264192,59514880,56586240,918908928,82837504,1228619776,1215365120,1202302976,54611968,54390784,53927936
1112571904,1120264192,59514880,56586240,918908928,82837504,1228619776,1215365120,1202302976,54611968,54390784,53927936
1112571904,1120264192,59514880,56586240,918908928,82837504,1228619776,1215365120,1202302976,54611968,54390784,53927936
1112571904,1120264192,59514880,56586240,918908928,82841600,1228619776,1215365120,1202302976,54611968,54390784,53927936
1112571904,1120264192,59514880,56586240,918908928,82841600,1228619776,1264930816,1202302976,54611968,54390784,53927936
1112571904,1120264192,59514880,56586240,918908928,82841600,1228619776,1264930816,1202302976,54611968,54390784,53927936
1112571904,1120264192,59514880,56586240,918908928,82841600,1228619776,1215365120,1202302976,54611968,54390784,53927936
1112571904,1120264192,59514880,56586240,918908928,82841600,1228619776,1215365120,1202302976,54611968,54390784,53927936
1112571904,1120264192,59514880,56586240,918908928,82841600,1228619776,1215365120,1202302976,54611968,54390784,53927936
1112571904,1120264192,59514880,56586240,918908928,82841600,1277882368,1215365120,1202302976,54611968,54390784,53927936
1112571904,1120264192,59514880,56586240,918908928,82841600,1228619776,1215365120,1202302976,54611968,54390784,53927936
1112571904,1120264192,59514880,56586240,918908928,82841600,1228619776,1215365120,1202302976,54611968,54390784,53927936
1112571904,1120264192,59514880,56586240,918908928,82841600,1228619776,1215365120,1251868672,54611968,54390784,53927936
1112571904,1120264192,59514880,56586240,918908928,82841600,1228619776,1215365120,1251872768,54611968,54390784,53858304
1112571904,1120264192,59514880,56586240,918908928,82841600,1228619776,1214316544,1251872768,54611968,54390784,53858304
1112571904,1120264192,59514880,56586240,918908928,82841600,1278185472,1214316544,1202302976,54611968,54390784,53858304
1112571904,1120264192,59514880,56586240,918908928,82841600,1278185472,1214316544,1202302976,54611968,54390784,53858304
1112571904,1120264192,59514880,56586240,918908928,82841600,1278185472,1214316544,1202302976,54611968,54390784,53858304
1112571904,1120264192,59514880,56586240,918908928,82841600,1278185472,1214316544,1202302976,54611968,54390784,53858304
1112571904,1120264192,59514880,56586240,918908928,82841600,1228619776,1214316544,1202302976,54611968,54390784,53858304
1112571904,1120264192,59514880,56586240,918908928,82841600,1228619776,1214316544,1202302976,54611968,54390784,53858304
1112571904,1120264192,59514880,56586240,918908928,82841600,1228619776,1214316544,1202307072,54611968,54390784,53858304
1112571904,1311281152,59514880,56586240,918908928,82841600,1228619776,1214316544,1202302976,54611968,54390784,53858304
1112571904,1120264192,59514880,56586240,918908928,82841600,1379123200,1214316544,1202302976,54611968,54390784,53858304
1112571904,1120264192,59514880,56586240,918908928,82841600,1379123200,1214316544,1202302976,54611968,54390784,53858304
1112571904,1120264192,59514880,56586240,918908928,82845696,1228619776,1214316544,1202302976,54611968,54390784,53858304
1112571904,1120264192,59514880,56586240,918908928,82845696,1278185472,1302962176,1202302976,54611968,54390784,53858304
1112571904,1120264192,59514880,56586240,918908928,82845696,1278185472,1302962176,1202302976,54611968,54390784,53858304
1112571904,1120264192,59514880,56586240,918908928,82845696,1228619776,1263882240,1202302976,54611968,54390784,53858304
1112571904,1120264192,59514880,56586240,918908928,82845696,1228619776,1263882240,1202302976,54611968,54390784,53858304
1112571904,1120264192,59514880,56586240,918908928,82845696,1228619776,1214316544,1202302976,54611968,54390784,53858304
1137475584,1120264192,59514880,56586240,918908928,82845696,1323556864,1309253632,1202302976,54611968,54390784,53858304
1137475584,1120264192,59514880,56586240,918908928,82845696,1228619776,1309253632,1202302976,54611968,54390784,53858304
1112571904,1120264192,59514880,56586240,918908928,82845696,1228619776,1214316544,1202302976,54611968,54390784,53858304
1112571904,1120264192,59514880,56586240,918908928,82845696,1228619776,1313447936,1202302976,54611968,54390784,53858304
1112571904,1120264192,59514880,56586240,918908928,82845696,1228619776,1313447936,1202302976,54611968,54390784,53858304
1137475584,1120264192,59514880,56586240,918908928,82845696,1228619776,1401511936,1202302976,54611968,54390784,53858304
1112571904,1120264192,59514880,56586240,918908928,82845696,1228619776,1315254272,1332875264,54611968,54390784,53858304
1112571904,1120264192,59514880,56586240,918908928,82845696,1278185472,1214316544,1332875264,54611968,54390784,53858304
1112571904,1120264192,59514880,56586240,918908928,82845696,1228619776,1214316544,1202302976,54611968,54390784,53858304
1112571904,1120264192,59514880,56586240,918908928,82845696,1228619776,1263882240,1202302976,54611968,54390784,53858304
1112571904,1120264192,59514880,56586240,918908928,82845696,1228619776,1214316544,1202302976,54611968,54390784,53858304
1112571904,1120264192,59514880,56586240,918908928,82845696,1228619776,1214316544,1201270784,54611968,54390784,53858304
1112571904,1120264192,59514880,56586240,918908928,82845696,1278185472,1214316544,1201270784,54611968,54390784,53858304
1112571904,1120264192,59514880,56586240,918908928,82845696,1228619776,1214316544,1302208512,54611968,54390784,53858304
1112571904,1120264192,59514880,56586240,918908928,82845696,1228619776,1214316544,1201270784,54611968,54390784,53858304
1112571904,1120264192,59514880,56586240,918908928,82845696,1228619776,1214316544,1201270784,54611968,54390784,53858304
1112571904,1120264192,59514880,56586240,918908928,82845696,1228619776,1214316544,1351774208,54611968,54390784,53858304
1112571904,1120264192,59514880,56586240,918908928,82845696,1228619776,1214316544,1201270784,54611968,54390784,53858304
1112571904,1120264192,59514880,56586240,918908928,82845696,1228619776,1214316544,1201270784,54611968,54390784,53858304
1112571904,1120264192,59514880,56586240,918908928,82845696,1228619776,1214316544,1201270784,54611968,54390784,53858304
1112571904,1120264192,59514880,56586240,918908928,82845696,1228619776,1214316544,1201270784,54611968,54390784,53858304
1112571904,1221201920,59514880,56586240,918908928,82845696,1228619776,1214316544,1201270784,54611968,54390784,53858304
1112571904,1221201920,59514880,56586240,918908928,82845696,1228619776,1214316544,1201270784,54611968,54390784,53858304
1112571904,1120264192,59514880,56586240,918908928,82845696,1228619776,1214316544,1201270784,54611968,54390784,53858304
1112571904,1120264192,59514880,56586240,918908928,82845696,1228619776,1214316544,1201270784,54611968,54390784,53858304
1112571904,1120264192,59514880,56586240,918908928,82845696,1228619776,1214316544,1201270784,54611968,54390784,53858304
1112571904,1120264192,59514880,56586240,918908928,82845696,1228619776,1313447936,1201270784,54611968,54390784,53858304
1112571904,1120264192,59514880,56586240,918908928,82845696,1228619776,1313447936,1201270784,54611968,54390784,53858304
1112571904,1120264192,59514880,56586240,918908928,82845696,1228619776,1214316544,1201270784,54611968,54390784,53858304
1112571904,1120264192,59514880,56586240,918908928,82845696,1228619776,1214316544,1201270784,54611968,54390784,53858304
1252134912,1120264192,59514880,56586240,918908928,82845696,1228619776,1214316544,1201270784,54611968,54390784,53858304
1252134912,1120264192,59514880,56586240,918908928,82845696,1228619776,1214316544,1201270784,54611968,54390784,53858304
1112571904,1120264192,59514880,56586240,918908928,82845696,1228619776,1214316544,1201270784,54611968,54390784,53858304
1162137600,1120264192,59514880,56586240,918908928,82845696,1228619776,1214316544,1201270784,54611968,54390784,53858304
1112571904,1120264192,59514880,56586240,918908928,82845696,1228619776,1214316544,1201270784,54611968,54390784,53858304
1112571904,1120264192,59514880,56586240,918908928,82845696,1228619776,1214316544,1201270784,54611968,54390784,53858304
1112571904,1120264192,59514880,56586240,918908928,82845696,1228619776,1214316544,1250836480,54611968,54390784,53858304
1112571904,1120264192,59514880,56586240,918908928,82845696,1228619776,1214316544,1201270784,54611968,54390784,53858304
1112571904,1120264192,59514880,56586240,918908928,82845696,1301860352,1214316544,1201270784,54611968,54390784,53858304
1112571904,1120264192,59514880,56586240,918908928,82845696,1301860352,1214316544,1201270784,54611968,54390784,53858304
1112571904,1120264192,59514880,56586240,918908928,82845696,1228619776,1214316544,1201270784,54611968,54390784,53858304
1112571904,1120264192,59514880,56586240,918908928,82845696,1278185472,1214316544,1201270784,54611968,54390784,53858304
1112571904,1120264192,59514880,56586240,918908928,82845696,1278185472,1214316544,1201270784,54611968,54390784,53858304
1112571904,1120264192,59514880,56586240,918908928,82845696,1278185472,1214316544,1201270784,54611968,54390784,53858304
1112571904,1120264192,59514880,56586240,918908928,82845696,1228619776,1214316544,1201270784,54611968,54390784,53858304
1112571904,1165004800,59514880,56586240,918908928,82845696,1228619776,1214316544,1201270784,54611968,54390784,53858304
1112571904,1165004800,59514880,56586240,918908928,82845696,1327026176,1214316544,1201270784,54611968,54390784,53858304
1112571904,1120264192,59514880,56586240,918908928,82845696,1228619776,1214316544,1351774208,54611968,54390784,53858304
1112571904,1120264192,59514880,56586240,918908928,82845696,1379123200,1214316544,1201270784,54611968,54390784,53858304
1112571904,1120264192,59514880,56586240,918908928,82845696,1379123200,1214316544,1201270784,54611968,54390784,53858304
1112571904,1120264192,59514880,56586240,918908928,82845696,1228619776,1214316544,1201270784,54611968,54390784,53858304
1112571904,1120264192,59514880,56586240,918908928,82845696,1228619776,1214316544,1201270784,54611968,54390784,53858304
1112571904,1120264192,59514880,56586240,918908928,82849792,1228619776,1214316544,1201270784,54611968,54390784,53858304
1112571904,1120268288,59514880,56586240,918908928,82849792,1228619776,1214316544,1201270784,54611968,54390784,53858304
1159135232,1120264192,59514880,56586240,918908928,82849792,1228619776,1214316544,1201270784,54611968,54390784,53858304
1159135232,1120264192,59514880,56586240,918908928,82849792,1228619776,1214316544,1201270784,54611968,54390784,53858304
1112571904,1120264192,59514880,56586240,918908928,82849792,1228619776,1214316544,1201270784,54611968,54390784,53858304
1112571904,1120264192,59514880,56586240,918908928,82849792,1228619776,1214316544,1201270784,54611968,54390784,53858304
1112571904,1120264192,59514880,56586240,918908928,82849792,1373560832,1214316544,1201270784,54611968,54390784,53858304
1112571904,1120264192,59514880,56586240,918908928,82849792,1228619776,1214316544,1342328832,54611968,54390784,53858304
1112571904,1120264192,59514880,56586240,918908928,82849792,1228619776,1214316544,1201270784,54611968,54390784,53858304
1112571904,1120264192,59514880,56586240,918908928,82849792,1228619776,1214316544,1201270784,54611968,54390784,53858304
1112571904,1120264192,59514880,56586240,918908928,82849792,1228619776,1214316544,1201270784,54611968,54390784,53858304
1112571904,1120264192,59514880,56586240,918908928,82849792,1303957504,1214316544,1201270784,54611968,54390784,53858304
1112571904,1120264192,59514880,56586240,918908928,82849792,1303957504,1214316544,1201270784,54611968,54390784,53858304
1162137600,1120264192,59514880,56586240,918908928,82849792,1228619776,1214316544,1201270784,54611968,54390784,53858304
1112571904,1120264192,59514880,56586240,918908928,82849792,1228619776,1214316544,1398951936,54611968,54390784,53858304
1112571904,1120264192,59514880,56586240,918908928,82849792,1228619776,1214316544,1201274880,54611968,54390784,53858304
1112571904,1120264192,59514880,56586240,918908928,82849792,1228619776,1214316544,1201274880,54611968,54390784,53858304
1112571904,1120264192,59514880,56586240,918908928,82849792,1228619776,1214316544,1250836480,54611968,54390784,53858304
1112571904,1120264192,59514880,56586240,918908928,82849792,1228619776,1214316544,1201270784,54611968,54390784,53858304
1112571904,1120264192,59514880,56586240,918908928,82849792,1228619776,1214316544,1201270784,54611968,54390784,53858304
1162137600,1120264192,59514880,56586240,918908928,82849792,1228619776,1214316544,1201270784,54611968,54390784,53858304
1162137600,1120264192,59514880,56586240,918908928,82849792,1228619776,1214316544,1201270784,54611968,54390784,53858304
1112571904,1120264192,59514880,56586240,918908928,82849792,1228619776,1214316544,1248964608,54611968,54390784,53858304
1112571904,1120264192,59514880,56586240,918908928,82849792,1228636160,1341071360,1201270784,53989376,54390784,53858304
1112571904,1120264192,59514880,56586240,918908928,82849792,1228636160,1214328832,1201287168,53989376,56078336,54272000
1112571904,1120264192,59514880,56586240,918908928,82849792,1228636160,1214328832,1201287168,53989376,53682176,54272000
1162137600,1120264192,59514880,56586240,918908928,82849792,1228636160,1214328832,1201287168,53993472,53682176,54272000
1112571904,1120264192,59514880,56586240,918908928,82849792,1228636160,1214328832,1201287168,53993472,53682176,54272000
1112571904,1120264192,59514880,56586240,918908928,82849792,1228636160,1214328832,1201287168,53993472,53682176,54272000
1112571904,1120264192,59514880,56586240,918908928,82853888,1228636160,1214328832,1201287168,53993472,53682176,54272000
1112571904,1120264192,59514880,56586240,918908928,82853888,1228636160,1214328832,1201287168,53993472,53682176,54272000
1112571904,1120264192,59514880,56586240,918908928,82857984,1228636160,1214328832,1201287168,53993472,53682176,54272000
1112571904,1120264192,59514880,56586240,918908928,82857984,1228636160,1214328832,1201287168,53993472,53682176,54272000
1112571904,1120264192,59514880,56586240,918908928,82857984,1228636160,1214328832,1201287168,53993472,53682176,54272000
1112571904,1120264192,59514880,56586240,918908928,82857984,1228636160,1214328832,1201287168,53993472,53682176,54276096
1112571904,1120264192,59514880,56586240,918908928,82857984,1228636160,1214328832,1201287168,53993472,53682176,54276096
1112571904,1120264192,59514880,56586240,918908928,82857984,1228636160,1214328832,1201287168,53993472,53682176,54276096
1112571904,1120264192,59514880,56586240,918908928,82857984,1228636160,1214328832,1201287168,53993472,53682176,54276096
1112571904,1120264192,59514880,56586240,918908928,82857984,1228636160,1214328832,1201287168,53993472,53682176,54276096
1112571904,1120264192,59514880,56586240,918908928,82857984,1228636160,1214328832,1201287168,53993472,53682176,54276096
1112571904,1120264192,59514880,56586240,918908928,82857984,1228636160,1214328832,1201287168,53993472,53682176,54276096
1112571904,1120264192,59514880,56586240,918908928,82857984,1228636160,1214328832,1201287168,53993472,53682176,54276096
1112571904,1120264192,59514880,56586240,918908928,82857984,1228636160,1214328832,1201287168,53993472,53682176,54718464
1213513728,1120264192,59514880,56586240,918908928,82857984,1228636160,1214328832,1201287168,53993472,53682176,54718464
1112571904,1120264192,59514880,56586240,918908928,82862080,1228636160,1214328832,1201287168,53993472,53682176,54718464
1112571904,1120264192,59514880,56586240,918908928,82862080,1228636160,1214328832,1201287168,53993472,53682176,54718464
1112571904,1120264192,59514880,56586240,918908928,82862080,1228636160,1214328832,1201287168,53993472,53682176,54718464
1112571904,1120264192,59514880,56586240,918908928,82862080,1228636160,1214328832,1201287168,53993472,53682176,54718464
1112571904,1120264192,59514880,56586240,918908928,82862080,1228636160,1214328832,1201287168,53993472,53682176,54718464
1112571904,1120264192,59514880,56586240,918908928,82862080,1228636160,1214328832,1201287168,53993472,53682176,54718464
1112571904,1120264192,59514880,56586240,918908928,82862080,1228636160,1214328832,1201287168,53993472,53682176,54718464
1112571904,1120264192,59514880,56586240,918908928,82862080,1228636160,1214328832,1201287168,53993472,53682176,54718464
1112571904,1120264192,59514880,56586240,918908928,82862080,1228636160,1214328832,1201287168,53993472,53682176,54718464
1112571904,1120264192,59514880,56586240,918908928,82862080,1228636160,1214328832,1201287168,53993472,53682176,54718464
1112571904,1120264192,59514880,56586240,918908928,82866176,1228636160,1214328832,1201287168,53993472,53682176,54718464
1112571904,1120264192,59514880,56586240,918908928,82866176,1228636160,1214328832,1201287168,53993472,53682176,54718464
1112571904,1120264192,59514880,56586240,918908928,82866176,1228636160,1214328832,1201287168,53993472,53682176,54718464
1112571904,1120264192,59514880,56586240,918908928,82866176,1228640256,1214328832,1201287168,53993472,53682176,54718464
1162137600,1120264192,59514880,56586240,918908928,82866176,1228640256,1214328832,1201287168,53993472,53686272,54718464
1112571904,1120264192,59514880,56586240,918908928,82866176,1228640256,1214328832,1201287168,53993472,53686272,54718464
1112571904,1120264192,59514880,56586240,918908928,82866176,1228640256,1214328832,1201287168,53993472,53686272,54718464
1112571904,1120264192,59514880,56586240,918908928,82866176,1228640256,1214328832,1201287168,53993472,53690368,54718464
1112571904,1221201920,59514880,56586240,918908928,82866176,1228640256,1214328832,1201287168,53993472,53690368,54718464
1112571904,1221201920,59514880,56586240,918908928,82866176,1228640256,1214328832,1201287168,53993472,53690368,54718464
1112571904,1120264192,59514880,56586240,918908928,82866176,1228640256,1214328832,1201287168,53993472,53690368,54718464
1112571904,1122955264,59514880,56586240,918908928,82866176,1228640256,1214328832,1201287168,53993472,53690368,54718464
1112571904,1122955264,59514880,56586240,918908928,82866176,1228640256,1214328832,1201287168,53993472,53690368,54718464
1112571904,1120264192,59514880,56586240,918908928,82866176,1228640256,1214328832,1201287168,53993472,53690368,54718464
1112571904,1120264192,59514880,56586240,918908928,82866176,1228640256,1214328832,1201287168,53993472,53690368,54718464
1112571904,1120264192,59514880,56586240,918908928,82866176,1228640256,1214328832,1201287168,53993472,53690368,54702080
1112571904,1120264192,59514880,56586240,918908928,82866176,1228640256,1214328832,1201287168,53993472,53690368,54702080
1112571904,1120264192,59514880,56586240,918908928,82866176,1228640256,1214328832,1201287168,53993472,53694464,54702080
1112571904,1120264192,59514880,56586240,918908928,82866176,1228640256,1214328832,1201287168,53993472,53694464,54702080
1112571904,1169829888,59514880,56586240,918908928,82870272,1228640256,1214328832,1201287168,53993472,53694464,54702080
1112571904,1120264192,59514880,56586240,918908928,82870272,1228640256,1214328832,1201287168,53993472,53694464,54702080
1112571904,1120264192,59514880,56586240,918908928,82870272,1228640256,1214328832,1201287168,53993472,53694464,54718464
1112571904,1120264192,59514880,56590336,918908928,82870272,1228640256,1214328832,1201287168,53993472,53694464,54718464
1112571904,1120264192,59514880,56590336,918908928,82870272,1228640256,1214328832,1201287168,53993472,53694464,54718464
1137475584,1120264192,59514880,56590336,918908928,82870272,1228640256,1214328832,1201287168,53993472,53694464,54718464
1112571904,1120264192,59514880,56590336,918908928,82870272,1228640256,1214328832,1201287168,53993472,53694464,54718464
1112571904,1135476736,59514880,56590336,918908928,82870272,1228640256,1214328832,1201287168,53993472,53694464,54718464
1112571904,1120264192,59514880,56590336,918908928,82870272,1228640256,1214328832,1201287168,53993472,53694464,54718464
1112571904,1120264192,59514880,56590336,918908928,82870272,1228640256,1214328832,1201287168,53993472,53694464,54718464
1112571904,1120264192,59514880,56590336,918908928,82870272,1228640256,1214328832,1201287168,53993472,53694464,54718464
1112571904,1120264192,59514880,56590336,918908928,82870272,1228640256,1214328832,1201287168,53993472,53694464,54718464
1112571904,1120264192,59514880,56590336,918908928,82870272,1228640256,1214328832,1201287168,53993472,53694464,54718464
1112571904,1120264192,59514880,56590336,918908928,82870272,1228640256,1214328832,1201287168,53993472,53694464,54718464
1112571904,1120264192,59514880,56590336,918908928,82870272,1228640256,1214328832,1201287168,53993472,53694464,54718464
1112571904,1120264192,59514880,56590336,918908928,82870272,1228640256,1214328832,1201287168,53993472,53694464,54718464
1112571904,1120264192,59514880,56590336,918908928,82870272,1228640256,1214328832,1201287168,53993472,53694464,54718464
1112571904,1120264192,59514880,56590336,918908928,82874368,1228640256,1214328832,1201287168,53993472,53694464,54718464
1112571904,1120264192,59514880,56590336,918908928,82874368,1228640256,1214328832,1201287168,53993472,53694464,54718464
1112571904,1120264192,59514880,56590336,918908928,82874368,1228640256,1214328832,1201287168,53993472,53694464,54718464
1112571904,1120264192,57290752,56590336,918908928,82874368,1228640256,1214328832,1534439424,53993472,59662336,60284928
1112571904,1120264192,57290752,56811520,918908928,82878464,1228640256,1495322624,1534439424,55894016,54030336,54968320
1112571904,1120264192,62824448,56811520,924696576,82878464,1228640256,1495322624,1635475456,55894016,54030336,54968320
1112571904,1120264192,62824448,61190144,924696576,89718784,1231392768,1507799040,1511870464,60301312,54030336,54968320
1381261312,1123524608,57704448,61190144,924696576,89706496,1510621184,1549504512,1511870464,54222848,54030336,54968320
1131683840,1224462336,57704448,55955456,924696576,84443136,1510621184,1549504512,1561300992,54218752,54030336,54968320
1131683840,1441869824,57704448,55955456,924696576,84443136,1476415488,1495126016,1561300992,54218752,54030336,54968320
1232629760,1441869824,57704448,55955456,924696576,84443136,1375543296,1495126016,1511866368,54218752,54030336,54968320
1451229184,1450016768,57704448,55955456,924696576,84443136,1540952064,1529946112,1611169792,54218752,54030336,54968320
1451229184,1450016768,57704448,55955456,924696576,84443136,1540952064,1529946112,1262411776,54218752,54030336,54968320
1381249024,1154453504,57704448,55955456,924696576,84443136,1474928640,1258344448,1262411776,54218752,54030336,54968320
1181339648,1354391552,57704448,55955456,924696576,84443136,1557872640,1508061184,1609342976,54218752,54030336,54968320
1181339648,1354391552,57704448,55955456,924696576,84443136,1557872640,1508061184,1609342976,54218752,54030336,54968320
1456152576,1455935488,57704448,55955456,924696576,84443136,1537642496,1554305024,1415397376,54218752,54030336,54968320
1456152576,1455935488,57704448,55955456,924696576,84443136,1537642496,1554305024,1415397376,54218752,54030336,54968320
1456418816,1385078784,57704448,55955456,924696576,84443136,1537642496,1554305024,1415397376,54218752,54030336,54968320
1456418816,1234583552,57704448,55955456,924696576,84443136,1512083456,1385439232,1611038720,54218752,54030336,54968320
1206923264,1461379072,57704448,55955456,924696576,84443136,1512083456,1385439232,1611038720,54218752,54030336,54968320
1275953152,1461379072,57704448,55955456,924696576,84443136,1571696640,1550893056,1611038720,54218752,54030336,54968320
1275953152,1461379072,57704448,55955456,924696576,84443136,1584553984,1457156096,1361403904,54218752,54030336,54968320
1442045952,1488261120,57704448,55955456,924696576,84443136,1584553984,1504624640,1585360896,54218752,54030336,54968320
1442045952,1164558336,57704448,55955456,924696576,84443136,1551077376,1504624640,1585360896,54218752,54030336,54968320
1464496128,1164558336,57704448,55955456,924696576,84443136,1551077376,1482649600,1510117376,54218752,54030336,54968320
1464496128,1463853056,57704448,55955456,924696576,84447232,1547116544,1482096640,1510117376,54218752,54030336,54968320
1195335680,1463853056,57704448,55955456,924696576,84447232,1549213696,1482096640,1611034624,54218752,54030336,54968320
1444970496,1464578048,57704448,55955456,924696576,84447232,1550118912,1550893056,1561468928,54218752,54030336,54968320
1453416448,1465057280,57704448,55955456,924696576,84447232,1550118912,1550893056,1583951872,54218752,54030336,54968320
1453441024,1465057280,57704448,55955456,924696576,84447232,1475768320,1506721792,1583951872,54218752,54030336,54968320
1453441024,1215422464,57704448,55955456,924696576,84447232,1475768320,1530478592,1609244672,54218752,54030336,54968320
1203818496,1465057280,57704448,55955456,924696576,84447232,1574895616,1530478592,1609244672,54218752,54030336,54968320
1354350592,1465057280,57704448,55955456,924696576,84447232,1574895616,1409327104,1363349504,54218752,54030336,54968320
1453481984,1465057280,57704448,55955456,924696576,84447232,1453056000,1409327104,1363349504,54218752,54030336,54968320
1453481984,1365929984,57704448,55955456,924696576,84447232,1571504128,1508704256,1585364992,54218752,54030336,54968320
1453973504,1365929984,57704448,55955456,924696576,84447232,1571504128,1508704256,1585364992,54218752,54030336,54968320
1453973504,1165860864,57704448,55955456,924696576,84447232,1450352640,1235181568,1536827392,54218752,54030336,54968320
1179328512,1165860864,57704448,55955456,924696576,84447232,1450352640,1235181568,1287192576,54218752,54030336,54968320
1179328512,1464033280,57704448,55955456,924696576,84447232,1547386880,1508651008,1586274304,54218752,54030336,54968320
1432690688,1464033280,57704448,55955456,924696576,84447232,1547386880,1530724352,1586274304,54218752,54030336,54968320
1443766272,1464033280,57704448,55955456,924696576,84447232,1558667264,1530724352,1536708608,54218752,54030336,54968320
1456578560,1266798592,57704448,55955456,924696576,84447232,1463193600,1482895360,1536708608,54218752,54030336,54968320
1183948800,1165897728,57704448,55955456,924696576,84447232,1463193600,1532461056,1586274304,54218752,54030336,54968320
1183948800,1165897728,57704448,55955456,924696576,84447232,1524572160,1360011264,1586274304,54218752,54030336,54968320
1184104448,1460543488,57704448,55955456,924696576,84447232,1524572160,1360011264,1560580096,54218752,54030336,54968320
1433739264,1462280192,57704448,55955456,924696576,84447232,1275899904,1541799936,1462480896,54218752,54030336,54968320
1433739264,1462280192,57704448,55955456,924696576,84447232,1573240832,1493983232,1548771328,54218752,54030336,54968320
1443921920,1238454272,57704448,55955456,924696576,84447232,1500680192,1484828672,1548771328,54218752,54030336,54968320
1159319552,1339392000,57704448,55955456,924696576,84447232,1451114496,1484828672,1323909120,54218752,54030336,54968320
1159319552,1339392000,57704448,55955456,924696576,84447232,1451114496,1530736640,1611161600,54218752,54030336,54968320
1159323648,1462276096,57704448,55955456,924696576,84447232,1596231680,1530736640,1611161600,54218752,54030336,54968320
1159323648,1486163968,57704448,55955456,924696576,84447232,1596231680,1530736640,1611161600,54218752,54030336,54968320
1505406976,1287884800,57704448,55955456,924696576,84447232,1596231680,1530736640,1611161600,54218752,54030336,54968320
1505406976,1487953920,57704448,55955456,924696576,84447232,1596231680,1530736640,1611161600,54218752,54030336,54968320
1135570944,1487953920,57704448,55955456,924696576,84447232,1596231680,1400414208,1611358208,54218752,54030336,54968320
1135570944,1487953920,57704448,55955456,924696576,84447232,1251180544,1542705152,1613164544,54218752,54030336,54968320
1432850432,1487953920,57704448,55955456,924696576,84447232,1525534720,1544441856,1613164544,54218752,54030336,54968320
1443962880,1189859328,57704448,55955456,924696576,84447232,1558691840,1235193856,1512226816,54218752,54030336,54968320
1443962880,1189859328,57704448,55955456,924696576,84447232,1558691840,1235193856,1611358208,54218752,54030336,54968320
1458696192,1429684224,57704448,55955456,924696576,84447232,1587908608,1484828672,1611358208,54218752,54030336,54968320
1458696192,1429684224,57704448,55955456,924696576,84447232,1587908608,1484828672,1438015488,54218752,54030336,54968320
1159544832,1464143872,57704448,55955456,924696576,84447232,1558667264,1519796224,1438015488,54218752,54030336,54968320
1444012032,1438466048,57704448,55955456,924696576,84447232,1558667264,1508667392,1585684480,54218752,54030336,54968320
1444012032,1165971456,57704448,55955456,924696576,84447232,1310769152,1517060096,1262731264,54218752,54030336,54968320
1456824320,1165971456,57704448,55955456,924696576,84447232,1536512000,1494880256,1262731264,54218752,54030336,54968320
1334697984,1316474880,57704448,55955456,924696576,84447232,1536512000,1494880256,1585684480,54218752,54030336,54968320
1184194560,1464143872,57704448,55955456,924696576,84447232,1584287744,1336135680,1655033856,54218752,54030336,54968320
1184194560,1488171008,57704448,55955456,924696576,84447232,1487839232,1530740736,1655033856,54218752,54030336,54968320
1433829376,1488171008,57704448,55955456,924696576,84447232,1487839232,1530740736,1611358208,54218752,54030336,54968320
1444110336,1238536192,57704448,55955456,924696576,84447232,1569738752,1580253184,1611358208,54218752,54030336,54968320
1444110336,1238536192,57704448,55955456,924696576,84447232,1521909760,1360027648,1611358208,54218752,54030336,54968320
1160564736,1438605312,57704448,55955456,924696576,84447232,1521909760,1360027648,1561792512,54218752,54030336,54968320
1160564736,1511161856,57704448,55955456,924696576,84447232,1571500032,1557258240,1561792512,54218752,54030336,54968320
1360633856,1535594496,57704448,55955456,924696576,84447232,1373167616,1557258240,1586573312,54218752,54030336,54968320
1456238592,1535594496,57704448,55955456,924696576,84447232,1573236736,1544675328,1586573312,54218752,54030336,54968320
1457975296,1335627776,57704448,55955456,924696576,84447232,1573236736,1557258240,1511329792,54218752,54030336,54968320
1335889920,1335627776,57704448,55955456,924696576,84447232,1573236736,1557258240,1511329792,54218752,54030336,54968320
1335889920,1487917056,57704448,55955456,924696576,84447232,1573236736,1557258240,1586593792,54218752,54030336,54968320
1286459392,1487917056,57704448,55955456,924696576,84447232,1512620032,1458126848,1530433536,54218752,54030336,54968320
1286459392,1487917056,57704448,55955456,924696576,84447232,1573232640,1385701376,1530433536,54218752,54030336,54968320
1445203968,1487917056,57704448,55955456,924696576,84447232,1573232640,1385701376,1437884416,54218752,54030336,54968320
1445203968,1265881088,57704448,55955456,924696576,84447232,1573232640,1552891904,1572847616,54218752,54030336,54968320
1385627648,1265881088,57704448,55955456,924696576,84447232,1423642624,1235202048,1598717952,54218752,54030336,54968320
1385627648,1465815040,57704448,55955456,924696576,84447232,1423642624,1235202048,1598717952,54218752,54030336,54968320
1160642560,1465815040,57704448,55955456,924696576,84447232,1574146048,1552896000,1348947968,54218752,54030336,54968320
1160642560,1465966592,57704448,55955456,924696576,84447232,1446637568,1575071744,1623359488,54218752,54030336,54968320
1431535616,1465995264,57704448,55955456,924696576,84447232,1446637568,1575071744,1623359488,54218752,54030336,54968320
1481048064,1465995264,57704448,55955456,924696576,84447232,1446637568,1575071744,1623359488,54218752,54030336,54968320
1481048064,1166942208,57704448,55955456,924696576,84447232,1446637568,1575071744,1623359488,54218752,54030336,54968320
1184530432,1475268608,57704448,55955456,924696576,84447232,1597140992,1525506048,1623359488,54218752,54030336,54968320
1184530432,1475268608,57704448,55955456,924696576,84447232,1597140992,1525506048,1349079040,54218752,54030336,54968320
1434165248,1451511808,57704448,55955456,924696576,84447232,1597140992,1484861440,1499582464,54218752,54030336,54968320
1466499072,1451511808,57704448,55955456,924696576,84447232,1610973184,1551183872,1596792832,54218752,54030336,54968320
1466499072,1203748864,57704448,55955456,924696576,84447232,1476042752,1551183872,1596792832,54218752,54030336,54968320
1466499072,1203748864,57704448,55955456,924696576,84447232,1476042752,1282129920,1596792832,54218752,54030336,54968320
1218600960,1475350528,57704448,55955456,924696576,84447232,1562202112,1531764736,1670246400,54218752,54030336,54968320
1468235776,1475350528,57704448,55955456,924696576,84447232,1562202112,1531764736,1670246400,54218752,54030336,54968320
1468235776,1523126272,57704448,55955456,924696576,84447232,1536524288,1519824896,1635303424,54218752,54030336,54968320
1468235776,1523126272,57704448,55955456,924696576,84447232,1536524288,1519824896,1635303424,54218752,54030336,54968320
1409384448,1251524608,57704448,55955456,924696576,84447232,1586089984,1520562176,1536172032,54222848,54030336,54968320
1409384448,1251524608,57704448,55955456,924696576,84447232,1586089984,1520562176,1635303424,54222848,54030336,54968320
1172586496,1474453504,57704448,55955456,924696576,84447232,1325412352,1271820288,1635303424,54222848,54030336,54968320
1172586496,1474453504,57704448,55955456,924696576,84447232,1575047168,1521455104,1585737728,54222848,54030336,54968320
1433272320,1474453504,57704448,55955456,924696576,84447232,1575047168,1503395840,1512427520,54222848,54030336,54968320
1433272320,1401131008,57704448,55955456,924696576,84447232,1624612864,1503395840,1611419648,54222848,54030336,54968320
1455423488,1300193280,57704448,55955456,924696576,84447232,1525489664,1507880960,1611419648,54222848,54030336,54968320
1135992832,1498341376,57704448,55955456,924696576,84447232,1525489664,1507880960,1611419648,54222848,54030336,54968320
1135992832,1498341376,57704448,55955456,924696576,84447232,1498071040,1282129920,1561853952,54222848,54030336,54968320
1433272320,1498341376,57704448,55955456,924696576,84447232,1498071040,1531764736,1561853952,54222848,54030336,54968320
1433272320,1474584576,57704448,55955456,924696576,84447232,1571528704,1531764736,1611419648,54222848,54030336,54968320
1457160192,1474584576,57704448,55955456,924696576,84447232,1545846784,1551183872,1611419648,54222848,54030336,54968320
1421459456,1241366528,57704448,55955456,924696576,84447232,1545846784,1235226624,1361784832,54222848,54030336,54968320
1421459456,1440407552,57704448,55955456,924696576,84447232,1595412480,1235226624,1611415552,54222848,54030336,54968320
1171824640,1440407552,57704448,55955456,924696576,84447232,1595412480,1519804416,1611415552,54222848,54030336,54968320
1421459456,1462558720,57704448,55955456,924696576,84447232,1596309504,1508859904,1312088064,54222848,54030336,54968320
1444667392,1216585728,57704448,55955456,924696576,84447232,1375121408,1508859904,1312088064,54222848,54030336,54968320
1160962048,1216585728,57704448,55955456,924696576,84447232,1547644928,1259225088,1561722880,54222848,54030336,54968320
1160962048,1317523456,57704448,55955456,924696576,84447232,1547644928,1508859904,1572909056,54222848,54030336,54968320
1160962048,1490866176,57704448,55955456,924696576,84447232,1512652800,1508859904,1572909056,54222848,54030336,54968320
1410596864,1490866176,57704448,55955456,924696576,84447232,1512652800,1508859904,1636204544,54222848,54030336,54968320
1443823616,1490866176,57704448,55955456,924696576,84447232,1512652800,1508859904,1636204544,54222848,54030336,54968320
1443823616,1290797056,57704448,55955456,924696576,84447232,1512652800,1508859904,1636204544,54222848,54030336,54968320
1395994624,1290797056,57704448,55955456,924696576,84447232,1574162432,1575182336,1636204544,54222848,54030336,54968320
1136312320,1441300480,57704448,55955456,924696576,84447232,1574162432,1575182336,1666170880,54222848,54030336,54968320
1136312320,1465188352,57704448,55955456,924696576,84447232,1598054400,1235755008,1666170880,54222848,54030336,54968320
1433591808,1465188352,57704448,55955456,924696576,84447232,1598058496,1235755008,1636204544,54222848,54030336,54968320
1433591808,1489076224,57704448,55955456,924696576,84447232,1548492800,1485389824,1636204544,54222848,54030336,54968320
1457541120,1167024128,57704448,55955456,924696576,84447232,1548492800,1553448960,1636204544,54222848,54030336,54968320
1184911360,1167024128,57704448,55955456,924696576,84447232,1647620096,1503883264,1464676352,54222848,54030336,54968320
1184911360,1439518720,57704448,55955456,924696576,84447232,1525497856,1484836864,1585754112,54222848,54030336,54968320
1434546176,1439518720,57704448,55955456,924696576,84447232,1525497856,1484836864,1585754112,54222848,54030336,54968320
1434546176,1461669888,57704448,55955456,924696576,84447232,1537581056,1509224448,1585754112,54222848,54030336,54968320
1458434048,1390145536,57704448,55955456,924696576,84447232,1537581056,1470787584,1287581696,54222848,54030336,54968320
1458434048,1239642112,57704448,55955456,924696576,84447232,1572413440,1470787584,1287581696,54222848,54030336,54968320
1232687104,1239642112,57704448,55955456,924696576,84447232,1525575680,1551712256,1611427840,54222848,54030336,54968320
1232687104,1464360960,57704448,55955456,924696576,84447232,1488596992,1551712256,1611427840,54222848,54030336,54968320
1482321920,1464360960,57704448,55955456,924696576,84447232,1488596992,1408561152,1611427840,54222848,54030336,54968320
1443860480,1512136704,57704448,55955456,924696576,84447232,1618931712,1408561152,1561862144,54222848,54030336,54968320
1493372928,1512136704,57704448,55955456,924696576,84447232,1618931712,1507692544,1561862144,54222848,54030336,54968320
1493372928,1240535040,57704448,55955456,924696576,84447232,1524613120,1531449344,1512296448,54222848,54030336,54968320
1196855296,1440604160,57704448,55955456,924696576,84447232,1557839872,1385381888,1572913152,54222848,54030336,54968320
1196855296,1440604160,57704448,55955456,924696576,84447232,1607364608,1385381888,1496473600,54222848,54030336,54968320
1446490112,1463492608,57704448,55955456,924696576,84447232,1411772416,1534078976,1496473600,54222848,54030336,54968320
1456672768,1428660224,57704448,55955456,924696576,84447232,1411772416,1534078976,1648480256,54222848,54030336,54968320
1456672768,1228591104,57704448,55955456,924696576,84447232,1561358336,1534078976,1648480256,54222848,54030336,54968320
1386786816,1228591104,57704448,55955456,924696576,84447232,1621946368,1410297856,1648480256,54222848,54030336,54968320
1386786816,1452412928,57704448,55955456,924696576,84447232,1621946368,1509466112,1562185728,54222848,54030336,54968320
1184911360,1452412928,57704448,55955456,924696576,84447232,1350213632,1553637376,1560395776,54222848,54030336,54968320
1445597184,1475432448,57704448,55955456,924696576,84447232,1550282752,1553637376,1560395776,54222848,54030336,54968320
1445597184,1465249792,57704448,55955456,924696576,84447232,1550282752,1386446848,1586991104,54222848,54030336,54968320
1445597184,1465249792,57704448,55955456,924696576,84447232,1561358336,1386446848,1635975168,54222848,54030336,54968320
1398730752,1314746368,57704448,55955456,924696576,84447232,1561358336,1485578240,1635975168,54222848,54030336,54968320
1398730752,1465249792,57704448,55955456,924696576,84447232,1477210112,1485578240,1611751424,54222848,54030336,54968320
1136373760,1465249792,57704448,55955456,924696576,84447232,1477210112,1507729408,1611751424,54222848,54030336,54968320
1418461184,1453436928,57704448,55955456,924696576,84447232,1477210112,1507729408,1611751424,54222848,54030336,54968320
1443885056,1453436928,57704448,55955456,924696576,84447232,1477210112,1507729408,1611751424,54222848,54030336,54968320
1443885056,1241427968,57704448,55955456,924696576,84447232,1561337856,1458163712,1611751424,54222848,54030336,54968320
1196879872,1241427968,57704448,55955456,924696576,84447232,1561337856,1458163712,1661317120,54222848,54030336,54968320
1196879872,1477197824,57704448,55955456,924696576,84447232,1611796480,1507885056,1661317120,54222848,54030336,54968320
1446514688,1477197824,57704448,55955456,924696576,84447232,1611796480,1517395968,1611751424,54222848,54030336,54968320
1446514688,1501085696,57704448,55955456,924696576,84447232,1525501952,1517395968,1611751424,54222848,54030336,54968320
1446514688,1203810304,57704448,55955456,924696576,84447232,1571540992,1532637184,1561415680,54222848,54030336,54968320
1470402560,1203810304,57704448,55955456,924696576,84447232,1525739520,1532637184,1561415680,54222848,54030336,54968320
1136373760,1304748032,57704448,55955456,924696576,84447232,1525739520,1509621760,1610059776,54222848,54030336,54968320
1136373760,1304748032,57704448,55955456,924696576,84447232,1350320128,1509621760,1659625472,54222848,54030336,54968320
1136373760,1462599680,57704448,55955456,924696576,84447232,1350320128,1509621760,1659625472,54222848,54030336,54968320
1459326976,1462599680,57704448,55955456,924696576,84447232,1599954944,1553793024,1514725376,54222848,54030336,54968320
1459326976,1353285632,57704448,55955456,924696576,84447232,1500827648,1504227328,1586991104,54222848,54030336,54968320
1459326976,1353285632,57704448,55955456,924696576,84447232,1449390080,1504227328,1511731200,54222848,54030336,54968320
1311657984,1488650240,57704448,55955456,924696576,84447232,1449390080,1533390848,1511731200,54222848,54030336,54968320
1161154560,1501995008,57704448,55955456,924696576,84447232,1560571904,1533390848,1610862592,54222848,54030336,54968320
1410789376,1501995008,57704448,55955456,924696576,84447232,1560571904,1410560000,1512628224,54222848,54030336,54968320
1446490112,1549983744,57704448,55955456,924696576,84447232,1525612544,1410560000,1512628224,54222848,54030336,54968320
1446490112,1549983744,57704448,55955456,924696576,84447232,1549508608,1545396224,1312559104,54222848,54030336,54968320
1470377984,1252360192,57704448,55955456,924696576,84447232,1549508608,1545396224,1312559104,54222848,54030336,54968320
1220743168,1501995008,57704448,55955456,924696576,84447232,1550401536,1236172800,1562189824,54222848,54030336,54968320
1371246592,1501995008,57704448,55955456,924696576,84447232,1498013696,1541099520,1512755200,54222848,54030336,54968320
1371246592,1503379456,57704448,55955456,924696576,84447232,1498013696,1541099520,1512755200,54222848,54030336,54968320
1470377984,1503379456,57704448,55955456,924696576,84447232,1558818816,1483169792,1611886592,54222848,54030336,54968320
1435439104,1217912832,57704448,55955456,924696576,84447232,1558818816,1433604096,1512628224,54222848,54030336,54968320
1136373760,1467547648,57704448,55955456,924696576,84447232,1451401216,1532735488,1512628224,54222848,54030336,54968320
1136373760,1467547648,57704448,55955456,924696576,84447232,1451401216,1532735488,1611755520,54222848,54030336,54968320
1433653248,1467547648,57704448,55955456,924696576,84447232,1561477120,1460154368,1611755520,54222848,54030336,54968320
1444728832,1467547648,57704448,55955456,924696576,84447232,1609228288,1460154368,1611755520,54222848,54030336,54968320
1444728832,1217912832,57704448,55955456,924696576,84447232,1300766720,1410588672,1611755520,54222848,54030336,54968320
1409761280,1217912832,57704448,55955456,924696576,84447232,1300766720,1509720064,1611755520,54222848,54030336,54968320
1184911360,1442762752,57704448,55955456,924696576,84447232,1550401536,1551298560,1538617344,54222848,54030336,54968320
1184911360,1464913920,57704448,55955456,924696576,84447232,1558847488,1551298560,1538617344,54222848,54030336,54968320
1434546176,1464913920,57704448,55955456,924696576,84447232,1558847488,1260154880,1636536320,54222848,54030336,54968320
1443860480,1417084928,57704448,55955456,924696576,84447232,1558847488,1260154880,1636536320,54222848,54030336,54968320
1443860480,1168482304,57704448,55955456,924696576,84447232,1558847488,1260154880,1636536320,54222848,54030336,54968320
1447464960,1168482304,57704448,55955456,924696576,84447232,1558847488,1260154880,1636536320,54222848,54030336,54968320
1196855296,1441869824,57704448,55955456,924696576,84447232,1462345728,1260154880,1636536320,54222848,54030336,54968320
1196855296,1441869824,57704448,55955456,924696576,84447232,1511911424,1509789696,1636536320,54222848,54030336,54968320
1446490112,1465757696,57704448,55955456,924696576,84447232,1572593664,1509789696,1686102016,54222848,54030336,54968320
1446490112,1368412160,57704448,55955456,924696576,84447232,1499176960,1458487296,1537404928,54222848,54030336,54968320
1454936064,1193263104,57704448,55955456,924696576,84447232,1348673536,1458491392,1537404928,54222848,54030336,54968320
1183281152,1193263104,57704448,55955456,924696576,84447232,1348673536,1458491392,1636536320,54222848,54030336,54968320
1183281152,1442766848,57704448,55955456,924696576,84447232,1560555520,1529458688,1462890496,54222848,54030336,54968320
1432915968,1464918016,57704448,55955456,924696576,84447232,1438429184,1533546496,1462890496,54222848,54030336,54968320
1460219904,1468456960,57704448,55955456,924696576,84447232,1587126272,1533546496,1562193920,54222848,54030336,54968320
1460219904,1468456960,57704448,55955456,924696576,84447232,1587126272,1410658304,1586081792,54222848,54030336,54968320
1460219904,1266581504,57704448,55955456,924696576,84447232,1300815872,1460224000,1586081792,54222848,54030336,54968320
1210585088,1467543552,57704448,55955456,924696576,84447232,1300815872,1460224000,1287909376,54222848,54030336,54968320
1210585088,1467543552,57704448,55955456,924696576,84447232,1558867968,1553960960,1487982592,54222848,54030336,54968320
1460219904,1467543552,57704448,55955456,924696576,84447232,1560604672,1485901824,1487982592,54222848,54030336,54968320
1460219904,1467543552,57704448,55955456,924696576,84447232,1560604672,1553960960,1610059776,54222848,54030336,54968320
1460219904,1193263104,57704448,55955456,924696576,84447232,1251385344,1553960960,1610059776,54222848,54030336,54968320
1359302656,1294200832,57704448,55955456,924696576,84447232,1251385344,1405263872,1562193920,54222848,54030336,54968320
1359302656,1294200832,57704448,55955456,924696576,84447232,1569947648,1531809792,1610059776,54222848,54030336,54968320
1208799232,1464913920,57704448,55955456,924696576,84447232,1571729408,1509789696,1463193600,54222848,54030336,54968320
1458434048,1464913920,57704448,55955456,924696576,84447232,1571729408,1509789696,1463193600,54222848,54030336,54968320
1458434048,1367519232,57704448,55955456,924696576,84447232,1312440320,1387335680,1586077696,54222848,54030336,54968320
1458434048,1367519232,57704448,55955456,924696576,84447232,1562968064,1387335680,1586077696,54222848,54030336,54968320
1458434048,1168482304,57704448,55955456,924696576,84447232,1562968064,1531809792,1609965568,54222848,54030336,54968320
1184776192,1488752640,57704448,55955456,924696576,84447232,1487724544,1410658304,1609965568,54222848,54030336,54968320
1184776192,1488752640,57704448,55955456,924696576,84447232,1487724544,1260154880,1487974400,54222848,54030336,54968320
1434411008,1512640512,57704448,55955456,924696576,84447232,1586855936,1509789696,1487974400,54222848,54030336,54968320
1434411008,1558413312,57704448,55955456,924696576,84447232,1513402368,1509789696,1587105792,54222848,54030336,54968320
1444728832,1289576448,57704448,55955456,924696576,84447232,1513402368,1448280064,1587105792,54222848,54030336,54968320
1160261632,1289576448,57704448,55955456,924696576,84447232,1313333248,1448280064,1512628224,54222848,54030336,54968320
1160261632,1489645568,57704448,55955456,924696576,84447232,1512677376,1248210944,1411399680,54222848,54030336,54968320
1160261632,1489645568,57704448,55955456,924696576,84447232,1573363712,1248210944,1411399680,54222848,54030336,54968320
1433653248,1489645568,57704448,55955456,924696576,84447232,1573363712,1521602560,1586081792,54222848,54030336,54968320
1433653248,1440079872,57704448,55955456,924696576,84447232,1573363712,1521602560,1586081792,54222848,54030336,54968320
1455804416,1289576448,57704448,55955456,924696576,84447232,1573363712,1521602560,1586081792,54222848,54030336,54968320
1155641344,1289576448,57704448,55955456,924696576,84447232,1552101376,1557434368,1586081792,54222848,54030336,54968320
1155641344,1463967744,57704448,55955456,924696576,84447232,1451163648,1557434368,1562193920,54222848,54030336,54968320
1155641344,1475043328,57704448,55955456,924696576,84447232,1561350144,1436336128,1562193920,54222848,54030336,54968320
1442992128,1475043328,57704448,55955456,924696576,84447232,1561350144,1509736448,1611890688,54222848,54030336,54968320
1442992128,1412001792,57704448,55955456,924696576,84447232,1550405632,1509736448,1512624128,54222848,54030336,54968320
1456672768,1289711616,57704448,55955456,924696576,84447232,1532555264,1260154880,1512624128,54222848,54030336,54968320
1183281152,1289711616,57704448,55955456,924696576,84447232,1532555264,1520738304,1562189824,54222848,54030336,54968320
1183281152,1489780736,57704448,55955456,924696576,84447232,1551167488,1584005120,1562189824,54222848,54030336,54968320
1445621760,1489780736,57704448,55955456,924696576,84447232,1526427648,1584005120,1564127232,54222848,54030336,54968320
1445621760,1489780736,57704448,55955456,924696576,84447232,1526427648,1534439424,1609965568,54222848,54026240,54968320
1469509632,1192562688,57704448,55955456,924696576,84447232,1488052224,1534439424,1609965568,54222848,54026240,54968320
1469509632,1293520896,57704448,55955456,924696576,84447232,1488052224,1534439424,1487847424,54222848,54026240,54968320
1419943936,1465970688,57704448,55955456,924696576,84447232,1562292224,1453142016,1487847424,54222848,54026240,54968320
1136373760,1465970688,57704448,55955456,924696576,84447232,1526431744,1453142016,1586991104,54222848,54026240,54968320
1410658304,1477046272,57704448,55955456,924696576,84447232,1526431744,1531809792,1511731200,54222848,54026240,54968320
1410658304,1342951424,57704448,55955456,924696576,84447232,1326362624,1460224000,1445703680,54222848,54026240,54968320
1409761280,1242013696,57704448,55955456,924696576,84447232,1326362624,1460224000,1445703680,54222848,54026240,54968320
1409761280,1242013696,57704448,55955456,924696576,84447232,1562263552,1535332352,1612193792,54222848,54026240,54968320
1209692160,1491648512,57704448,55955456,924696576,84447232,1488867328,1546407936,1612193792,54222848,54026240,54968320
1459326976,1514643456,57704448,55955456,924696576,84447232,1488867328,1559220224,1463607296,54222848,54026240,54968320
1459326976,1514643456,57704448,55955456,924696576,84447232,1488867328,1559220224,1586626560,54222848,54026240,54968320
1459326976,1193476096,57704448,55955456,924696576,84447232,1560584192,1242562560,1586626560,54222848,54026240,54968320
1459326976,1294413824,57704448,55955456,924696576,84447232,1560584192,1485901824,1288458240,54222848,54026240,54968320
1459326976,1466863616,57704448,55955456,924696576,84447232,1301774336,1485901824,1288458240,54222848,54026240,54968320
1136373760,1466863616,57704448,55955456,924696576,84447232,1301774336,1552224256,1587539968,54222848,54026240,54968320
1459326976,1514639360,57704448,55955456,924696576,84447232,1576058880,1552224256,1632911360,54222848,54026240,54968320
1459326976,1514639360,57704448,55955456,924696576,84447232,1576058880,1552224256,1632911360,54222848,54026240,54968320
1459326976,1243037696,57704448,55955456,924696576,84447232,1501851648,1236267008,1537978368,54222848,54026240,54968320
1409761280,1443106816,57704448,55955456,924696576,84447232,1353154560,1485901824,1612718080,54222848,54026240,54968320
1209692160,1490751488,57704448,55955456,924696576,84447232,1353154560,1552224256,1612718080,54222848,54026240,54968320
1209692160,1490751488,57704448,55955456,924696576,84447232,1549492224,1552224256,1612718080,54222848,54026240,54968320
1459326976,1466994688,57704448,55955456,924696576,84447232,1524707328,1283170304,1513586688,54222848,54026240,54968320
1459326976,1266925568,57704448,55955456,924696576,84447232,1524707328,1283170304,1513586688,54222848,54026240,54968320
1459326976,1266925568,57704448,55955456,924696576,84447232,1524707328,1283170304,1513586688,54222848,54026240,54968320
1459326976,1466994688,57704448,55955456,924696576,84447232,1524707328,1283170304,1513586688,54222848,54026240,54968320
1148317696,1466994688,57704448,55955456,924696576,84447232,1324638208,1283170304,1612718080,54222848,54026240,54968320
1298821120,1477939200,57704448,55955456,924696576,84447232,1599967232,1532805120,1464020992,54222848,54026240,54968320
1445621760,1477939200,57704448,55955456,924696576,84447232,1599967232,1544622080,1464020992,54222848,54026240,54968320
1445621760,1240350720,57704448,55955456,924696576,84447232,1500835840,1421733888,1611022336,54222848,54026240,54968320
1458577408,1240350720,57704448,55955456,924696576,84451328,1350332416,1421733888,1562263552,54222848,54026240,54968320
1458577408,1466863616,57704448,55955456,924696576,84451328,1350332416,1576112128,1562263552,54222848,54026240,54968320
1161297920,1466863616,57704448,55955456,924696576,84451328,1599967232,1576112128,1586302976,54222848,54026240,54968320
1459470336,1490751488,57704448,55955456,924696576,84451328,1501847552,1236267008,1513742336,54222848,54026240,54968320
1459470336,1442971648,57704448,55955456,924696576,84451328,1501847552,1236267008,1513742336,54222848,54026240,54968320
1459470336,1442971648,57704448,55955456,924696576,84451328,1499324416,1531809792,1563308032,54222848,54026240,54968320
1483358208,1218256896,57704448,55955456,924696576,84451328,1499324416,1531809792,1563308032,54222848,54026240,54968320
1233723392,1492537344,57704448,55955456,924696576,84451328,1561456640,1483980800,1563439104,54222848,54026240,54968320
1233723392,1492537344,57704448,55955456,924696576,84451328,1561456640,1553960960,1439395840,54222848,54026240,54968320
1384226816,1492537344,57704448,55955456,924696576,84451328,1452281856,1553960960,1439395840,54222848,54026240,54968320
1483358208,1417293824,57704448,55955456,924696576,84451328,1452281856,1504395264,1611976704,54222848,54026240,54968320
1421115392,1417293824,57704448,55955456,924696576,84455424,1585324032,1386770432,1611976704,54222848,54026240,54968320
1421115392,1417293824,57704448,55955456,924696576,84455424,1562329088,1543753728,1264242688,54222848,54026240,54968320
1171480576,1417293824,57704448,55955456,924696576,84455424,1562329088,1543753728,1563308032,54222848,54026240,54968320
1171480576,1516425216,57704448,55955456,924696576,84455424,1585324032,1595056128,1563308032,54222848,54026240,54968320
1433530368,1516425216,57704448,55955456,924696576,84455424,1288806400,1595056128,1563308032,54222848,54026240,54968320
1433530368,1368760320,57704448,55955456,924696576,84455424,1546530816,1485901824,1513873408,54222848,54026240,54968320
1444872192,1368760320,57704448,55955456,924696576,84455424,1546530816,1521602560,1464307712,54222848,54026240,54968320
1409908736,1218256896,57704448,55955456,924696576,84455424,1601150976,1532805120,1464307712,54222848,54026240,54968320
1409908736,1218256896,57704448,55955456,924696576,84455424,1402712064,1532805120,1588105216,54222848,54026240,54968320
1160409088,1465098240,57704448,55955456,924696576,84455424,1402712064,1384112128,1588105216,54222848,54026240,54968320
1433800704,1465098240,57704448,55955456,924696576,84455424,1570770944,1283170304,1588105216,54222848,54026240,54968320
1433800704,1405349888,57704448,55955456,924696576,84455424,1570770944,1483239424,1588105216,54222848,54026240,54968320
1444876288,1304813568,57704448,55955456,924696576,84455424,1526566912,1532805120,1538658304,54222848,54026240,54968320
1444876288,1304813568,57704448,55955456,924696576,84455424,1598160896,1532805120,1464176640,54222848,54026240,54968320
1136521216,1504882688,57704448,55955456,924696576,84455424,1598160896,1541005312,1464176640,54222848,54026240,54968320
1336590336,1504882688,57704448,55955456,924696576,84455424,1252212736,1392308224,1587191808,54222848,54026240,54968320
1336590336,1504882688,57704448,55955456,924696576,84455424,1252212736,1392308224,1587191808,54222848,54026240,54968320
1455083520,1405751296,57704448,55955456,924696576,84455424,1252212736,1392308224,1587191808,54222848,54026240,54968320
1455083520,1405751296,57704448,55955456,924696576,84455424,1402716160,1552224256,1587191808,54222848,54026240,54968320
1398099968,1304813568,57704448,55955456,924696576,84455424,1576058880,1552224256,1511948288,54222848,54026240,54968320
1161170944,1468153856,57704448,55955456,924696576,84455424,1576058880,1431605248,1561513984,54222848,54026240,54968320
1385537536,1479229440,57704448,55955456,924696576,84455424,1576058880,1535361024,1588219904,54222848,54026240,54968320
1385537536,1492041728,57704448,55955456,924696576,84455424,1477058560,1535361024,1588224000,54222848,54026240,54968320
1460367360,1492041728,57704448,55955456,924696576,84455424,1477058560,1386799104,1588224000,54222848,54026240,54968320
1460367360,1341538304,57704448,55955456,924696576,84455424,1625620480,1386799104,1563299840,54222848,54026240,54968320
1460367360,1341538304,57704448,55955456,924696576,84455424,1625620480,1485930496,1563299840,54222848,54026240,54968320
1361235968,1541607424,57704448,55955456,924696576,84455424,1375985664,1485930496,1637646336,54222848,54026240,54968320
1361235968,1541607424,57704448,55955456,924696576,84455424,1576054784,1552252928,1439522816,54222848,54026240,54968320
1460367360,1442615296,57704448,55955456,924696576,84455424,1576054784,1552252928,1439522816,54222848,54026240,54968320
1460367360,1242546176,57704448,55955456,924696576,84455424,1576054784,1236295680,1612890112,54222848,54026240,54968320
1185189888,1343483904,57704448,55955456,924696576,84455424,1351204864,1236295680,1574359040,54222848,54026240,54968320
1385259008,1443377152,57704448,55955456,924696576,84455424,1351204864,1531838464,1574359040,54222848,54026240,54968320
1385259008,1465528320,57704448,55955456,924696576,84455424,1562349568,1531838464,1500901376,54222848,54026240,54968320
1444007936,1393946624,57704448,55955456,924696576,84455424,1454059520,1260183552,1500901376,54222848,54026240,54968320
1444007936,1393946624,57704448,55955456,924696576,84455424,1454059520,1509818368,1575247872,54222848,54026240,54968320
1471418368,1193877504,57704448,55955456,924696576,84455424,1525604352,1509818368,1575247872,54222848,54026240,54968320
1161170944,1466372096,57704448,55955456,924696576,84455424,1525604352,1581350912,1500004352,54222848,54026240,54968320
1161170944,1466372096,57704448,55955456,924696576,84455424,1558831104,1581350912,1488961536,54222848,54026240,54968320
1410805760,1466372096,57704448,55955456,924696576,84455424,1511895040,1509818368,1587195904,54222848,54026240,54968320
1456844800,1466372096,57704448,55955456,924696576,84455424,1511895040,1543782400,1587195904,54222848,54026240,54968320
1458581504,1267195904,57704448,55955456,924696576,84455424,1551273984,1496846336,1611173888,54222848,54026240,54968320
1458581504,1435557888,57704448,55955456,924696576,84455424,1562349568,1496846336,1361539072,54222848,54026240,54968320
1209839616,1435557888,57704448,55955456,924696576,84455424,1501839360,1386799104,1611173888,54222848,54026240,54968320
1209839616,1468157952,57704448,55955456,924696576,84455424,1501839360,1386799104,1611976704,54222848,54026240,54968320
1459474432,1492045824,57704448,55955456,924696576,84455424,1551405056,1552252928,1611976704,54222848,54026240,54968320
1459474432,1492045824,57704448,55955456,924696576,84455424,1551405056,1552252928,1414610944,54222848,54026240,54968320
1459474432,1193877504,57704448,55955456,924696576,84455424,1551405056,1458515968,1414610944,54222848,54026240,54968320
1459474432,1193877504,57704448,55955456,924696576,84455424,1476030464,1503887360,1588105216,54222848,54026240,54968320
1209839616,1193877504,57704448,55955456,924696576,84455424,1562329088,1553989632,1488961536,54222848,54026240,54968320
1459474432,1454428160,57704448,55955456,924696576,84455424,1562329088,1405292544,1538527232,54222848,54026240,54968320
1459474432,1526091776,57704448,55955456,924696576,84455424,1562329088,1405292544,1538527232,54222848,54026240,54968320
1459474432,1444687872,57704448,55955456,924696576,84455424,1562329088,1405292544,1538527232,54222848,54026240,54968320
1459474432,1444687872,57704448,55955456,924696576,84455424,1562329088,1405292544,1538527232,54222848,54026240,54968320
1445769216,1254490112,57704448,55955456,924696576,84455424,1635782656,1436364800,1562415104,54222848,54026240,54968320
1136521216,1492045824,57704448,55955456,924696576,84455424,1550385152,1553989632,1588105216,54222848,54026240,54968320
1287024640,1492045824,57704448,55955456,924696576,84455424,1574273024,1553989632,1588105216,54222848,54026240,54968320
1459474432,1515933696,57704448,55955456,924696576,84455424,1574273024,1384701952,1612865536,54222848,54026240,54968320
1459474432,1515933696,57704448,55955456,924696576,84455424,1402580992,1510580224,1612865536,54222848,54026240,54968320
1483374592,1268232192,57704448,55955456,924696576,84455424,1551273984,1532833792,1612865536,54222848,54026240,54968320
1483374592,1268232192,57704448,55955456,924696576,84459520,1575161856,1532833792,1513734144,54222848,54026240,54968320
1233739776,1443389440,57704448,55955456,924696576,84459520,1575161856,1534468096,1513734144,54222848,54026240,54968320
1273421824,1467277312,57704448,55955456,924696576,84459520,1499922432,1534468096,1634070528,54222848,54026240,54968320
1483374592,1443520512,57704448,55955456,924696576,84459520,1648615424,1534468096,1412034560,54222848,54026240,54968320
1483374592,1443520512,57704448,55955456,924696576,84459520,1648615424,1552252928,1612103680,54222848,54026240,54968320
1410056192,1293025280,57704448,55955456,924696576,84459520,1276932096,1552252928,1612103680,54222848,54026240,54968320
1160421376,1393983488,57704448,55955456,924696576,84459520,1276932096,1258446848,1612103680,54222848,54026240,54968320
1160421376,1393983488,57704448,55955456,924696576,84459520,1526566912,1258446848,1513734144,54222848,54026240,54968320
1410056192,1467305984,57704448,55955456,924696576,84459520,1593679872,1532833792,1513734144,54222848,54026240,54968320
1410056192,1514188800,57704448,55955456,924696576,84459520,1300750336,1532833792,1587187712,54222848,54026240,54968320
1455095808,1514188800,57704448,55955456,924696576,84459520,1300750336,1272889344,1611075584,54222848,54026240,54968320
1504608256,1243484160,57704448,55955456,924696576,84459520,1561436160,1530970112,1611075584,54222848,54026240,54968320
1172365312,1243484160,57704448,55955456,924696576,84459520,1561436160,1283072000,1460572160,54222848,54026240,54968320
1172365312,1467305984,57704448,55955456,924696576,84459520,1413632000,1283072000,1460572160,54222848,54026240,54968320
1422000128,1467305984,57704448,55955456,924696576,84459520,1549488128,1532706816,1563308032,54222848,54026240,54968320
1422000128,1393983488,57704448,55955456,924696576,84459520,1549488128,1532706816,1313673216,54222848,54026240,54968320
1444020224,1293045760,57704448,55955456,924696576,84459520,1499918336,1552252928,1313673216,54222848,54026240,54968320
1422000128,1293045760,57704448,55955456,924696576,84463616,1499918336,1386799104,1612869632,54222848,54026240,54968320
1197015040,1393983488,57704448,55955456,924696576,84463616,1563353088,1386799104,1586794496,54222848,54026240,54968320
1197015040,1467305984,57704448,55955456,924696576,84463616,1563353088,1497784320,1586794496,54222848,54026240,54968320
1446649856,1467305984,57704448,55955456,924696576,84463616,1475141632,1497784320,1587191808,54222848,54026240,54968320
1446649856,1467305984,57704448,55955456,924696576,84467712,1475141632,1485930496,1611079680,54222848,54026240,54968320
1446649856,1317695488,57704448,55955456,924696576,84467712,1576058880,1552252928,1264242688,54222848,54026240,54968320
1357365248,1317695488,57704448,55955456,924696576,84467712,1526493184,1552252928,1563308032,54222848,54026240,54968320
1357365248,1317695488,57704448,55955456,924696576,84467712,1526493184,1458515968,1563308032,54222848,54026240,54968320
1197019136,1468198912,57704448,55955456,924696576,84467712,1576058880,1408950272,1537630208,54222848,54026240,54968320
1446653952,1468198912,57704448,55955456,924696576,84467712,1576058880,1408950272,1537630208,54222848,54026240,54968320
1446653952,1468198912,57704448,55955456,924696576,84467712,1576058880,1408950272,1537630208,54222848,54026240,54968320
1456836608,1169141760,57704448,55955456,924696576,84467712,1576058880,1408950272,1337561088,54222848,54026240,54968320
1154019328,1169141760,57704448,55955456,924696576,84467712,1525600256,1531838464,1337561088,54222848,54026240,54968320
1154019328,1479258112,57704448,55955456,924696576,84467712,1525600256,1531838464,1612869632,54222848,54026240,54968320
1154019328,1479258112,57704448,55955456,924696576,84467712,1452281856,1460252672,1612869632,54222848,54026240,54968320
1456861184,1479258112,57704448,55955456,924696576,84467712,1550385152,1460252672,1612869632,54222848,54026240,54968320
1456861184,1480151040,57704448,55955456,924696576,84467712,1550385152,1509818368,1464172544,54222848,54026240,54968320
1434841088,1504927744,57704448,55955456,924696576,84467712,1598160896,1531838464,1588084736,54222848,54026240,54968320
1185206272,1504927744,57704448,55955456,924696576,84467712,1402580992,1531838464,1588084736,54222848,54026240,54968320
1434841088,1504927744,57704448,55955456,924696576,84467712,1537675264,1435336704,1562406912,54222848,54026240,54968320
1434841088,1504927744,57704448,55955456,924696576,84467712,1452281856,1435336704,1411903488,54222848,54026240,54968320
1446653952,1504927744,57704448,55955456,924696576,84467712,1558831104,1534468096,1411903488,54222848,54026240,54968320
1470541824,1304858624,57704448,55955456,924696576,84467712,1558831104,1552252928,1662427136,54222848,54026240,54968320
1136537600,1455362048,57704448,55955456,924696576,84467712,1511895040,1552252928,1662427136,54222848,54026240,54968320
1136537600,1455362048,57704448,55955456,924696576,84467712,1511895040,1408950272,1662427136,54222848,54026240,54968320
1336606720,1465544704,57704448,55955456,924696576,84467712,1561460736,1521631232,1462358016,54222848,54026240,54968320
1336606720,1405931520,57704448,55955456,924696576,84467712,1585348608,1556594688,1563295744,54222848,54026240,54968320
1476382720,1169141760,57704448,55955456,924696576,84467712,1468264448,1556594688,1563299840,54222848,54026240,54968320
1408712704,1169141760,57704448,55955456,924696576,84467712,1468264448,1386803200,1588215808,54222848,54026240,54968320
1408712704,1443422208,57704448,55955456,924696576,84467712,1550401536,1509765120,1588215808,54222848,54026240,54968320
1407295488,1443422208,57704448,55955456,924696576,84467712,1574268928,1509765120,1637781504,54222848,54026240,54968320
1407295488,1465573376,57704448,55955456,924696576,84467712,1402716160,1470959616,1637781504,54222848,54026240,54968320
1456861184,1467310080,57704448,55955456,924696576,84467712,1576058880,1470959616,1637781504,54222848,54026240,54968320
1456861184,1267240960,57704448,55955456,924696576,84467712,1576058880,1531838464,1511186432,54222848,54026240,54968320
1351954432,1267240960,57704448,55955456,924696576,84467712,1576058880,1484902400,1511186432,54222848,54026240,54968320
1201451008,1467310080,57704448,55955456,924696576,84467712,1526493184,1484902400,1464008704,54222848,54026240,54968320
1201451008,1467310080,57704448,55955456,924696576,84467712,1526493184,1484902400,1464008704,54222848,54026240,54968320
1451085824,1468203008,57704448,55955456,924696576,84467712,1561456640,1534468096,1574363136,54222848,54026240,54968320
1451085824,1492090880,57704448,55955456,924696576,84467712,1561456640,1260183552,1350402048,54222848,54026240,54968320
1451085824,1292021760,57704448,55955456,924696576,84467712,1639337984,1260183552,1500905472,54222848,54026240,54968320
1446653952,1392959488,57704448,55955456,924696576,84467712,1452142592,1410686976,1600032768,54222848,54026240,54968320
1197019136,1392959488,57704448,55955456,924696576,84467712,1564565504,1531838464,1600032768,54222848,54026240,54968320
1197019136,1492090880,57704448,55955456,924696576,84467712,1595576320,1531838464,1600032768,54222848,54026240,54968320
1446653952,1492090880,57704448,55955456,924696576,84467712,1595576320,1531838464,1600032768,54222848,54026240,54968320
1446653952,1492090880,57704448,55955456,924696576,84467712,1595576320,1531838464,1600032768,54222848,54026240,54968320
1455968256,1292021760,57704448,55955456,924696576,84467712,1595576320,1581043712,1598504960,54222848,54026240,54968320
1408139264,1392959488,57704448,55955456,924696576,84467712,1252212736,1533575168,1598504960,54222848,54026240,54968320
1408139264,1392959488,57704448,55955456,924696576,84467712,1252212736,1553989632,1423851520,54222848,54026240,54968320
1155805184,1479249920,57704448,55955456,924696576,84467712,1501847552,1553989632,1623920640,54222848,54026240,54968320
1457704960,1479249920,57704448,55955456,924696576,84467712,1276932096,1504423936,1623920640,54222848,54026240,54968320
1457704960,1503137792,57704448,55955456,924696576,84467712,1276932096,1509765120,1439526912,54222848,54026240,54968320
1457704960,1352634368,57704448,55955456,924696576,84467712,1550385152,1509765120,1588224000,54222848,54026240,54968320
1433948160,1453572096,57704448,55955456,924696576,84467712,1550385152,1522524160,1588224000,54222848,54026240,54968320
1433948160,1453572096,57704448,55955456,924696576,84467712,1526493184,1522524160,1588224000,54222848,54026240,54968320
1184313344,1503137792,57704448,55955456,924696576,84467712,1476927488,1522524160,1538662400,54222848,54026240,54968320
1433948160,1515081728,57704448,55955456,924696576,84467712,1476927488,1522524160,1538662400,54222848,54026240,54968320
1433948160,1515081728,57704448,55955456,924696576,84467712,1501708288,1557471232,1574363136,54222848,54026240,54968320
1455099904,1364578304,57704448,55955456,924696576,84467712,1252212736,1557471232,1574363136,54222848,54026240,54968320
1397088256,1364578304,57704448,55955456,924696576,84467712,1252212736,1411457024,1574363136,54222848,54026240,54968320
1136537600,1364578304,57704448,55955456,924696576,84467712,1550385152,1543790592,1550471168,54222848,54026240,54968320
1136537600,1515081728,57704448,55955456,924696576,84467712,1576194048,1595092992,1575383040,54222848,54026240,54968320
1434710016,1515081728,57704448,55955456,924696576,84467712,1576194048,1408557056,1575383040,54222848,54026240,54968320
1456861184,1515081728,57704448,55955456,924696576,84467712,1516777472,1408557056,1414750208,54222848,54026240,54968320
1456861184,1293045760,57704448,55955456,924696576,84467712,1576054784,1509826560,1563312128,54222848,54026240,54968320
1508343808,1393983488,57704448,55955456,924696576,84467712,1576054784,1509826560,1563443200,54222848,54026240,54968320
1209856000,1466413056,57704448,55955456,924696576,84467712,1550376960,1509826560,1563443200,54222848,54026240,54968320
1209856000,1466413056,57704448,55955456,924696576,84467712,1550376960,1531846656,1466408960,54222848,54026240,54968320
1459490816,1466413056,57704448,55955456,924696576,84467712,1599942656,1484910592,1637654528,54222848,54026240,54968320
1459490816,1292152832,57704448,55955456,924696576,84467712,1599942656,1284841472,1588088832,54222848,54026240,54968320
1459490816,1292152832,57704448,55955456,924696576,84467712,1599942656,1284841472,1588088832,54222848,54026240,54968320
1410822144,1393090560,57704448,55955456,924696576,84467712,1464221696,1534476288,1313808384,54222848,54026240,54968320
1161187328,1393090560,57704448,55955456,924696576,84467712,1464221696,1552261120,1587195904,54222848,54026240,54968320
1161187328,1466413056,57704448,55955456,924696576,84467712,1563353088,1504501760,1587195904,54222848,54026240,54968320
1435602944,1490300928,57704448,55955456,924696576,84467712,1563353088,1504501760,1657278464,54222848,54026240,54968320
1459490816,1217957888,57704448,55955456,924696576,84467712,1414656000,1386807296,1637654528,54222848,54026240,54968320
1459490816,1217957888,57704448,55955456,924696576,84467712,1562324992,1531846656,1637654528,54222848,54026240,54968320
1459490816,1387933696,57704448,55955456,924696576,84467712,1562324992,1531846656,1559072768,54222848,54026240,54968320
1209856000,1464655872,57704448,55955456,924696576,84467712,1562324992,1531846656,1559072768,54222848,54026240,54968320
1459490816,1464655872,57704448,55955456,924696576,84467712,1562324992,1531846656,1559072768,54222848,54026240,54968320
1459490816,1477468160,57704448,55955456,924696576,84467712,1538568192,1553997824,1559072768,54222848,54026240,54968320
1459490816,1477468160,57704448,55955456,924696576,84467712,1439436800,1553997824,1414615040,54222848,54026240,54968320
1410060288,1254404096,57704448,55955456,924696576,84467712,1550401536,1236303872,1612869632,54222848,54026240,54968320
1161187328,1490305024,57704448,55955456,924696576,84467712,1550401536,1509773312,1612869632,54222848,54026240,54968320
1161187328,1490305024,57704448,55955456,924696576,84467712,1476927488,1592434688,1412800512,54222848,54026240,54968320
1410822144,1490305024,57704448,55955456,924696576,84467712,1501847552,1421770752,1412800512,54222848,54026240,54968320
1410822144,1416982528,57704448,55955456,924696576,84467712,1501847552,1421770752,1588084736,54222848,54026240,54968320
1443155968,1266479104,57704448,55955456,924696576,84467712,1476034560,1545527296,1588084736,54222848,54026240,54968320
1346654208,1367416832,57704448,55955456,924696576,84467712,1325531136,1545527296,1538519040,54222848,54026240,54968320
1136537600,1367416832,57704448,55955456,924696576,84467712,1599942656,1272897536,1538519040,54222848,54026240,54968320
1410822144,1475727360,57704448,55955456,924696576,84467712,1599942656,1553997824,1661538304,54222848,54026240,54968320
1410822144,1453707264,57704448,55955456,924696576,84467712,1599942656,1553997824,1388150784,54222848,54026240,54968320
1456861184,1453707264,57704448,55955456,924696576,84467712,1599942656,1454866432,1388150784,54222848,54026240,54968320
1458597888,1303203840,57704448,55955456,924696576,84467712,1584971776,1454866432,1612869632,54222848,54026240,54968320
1458597888,1303203840,57704448,55955456,924696576,84467712,1584971776,1552261120,1614675968,54222848,54026240,54968320
1209856000,1479249920,57704448,55955456,924696576,84467712,1572528128,1258455040,1614675968,54222848,54026240,54968320
1209856000,1503137792,57704448,55955456,924696576,84467712,1572528128,1258455040,1587195904,54222848,54026240,54968320
1459490816,1503137792,57704448,55955456,924696576,84467712,1462001664,1508089856,1587195904,54222848,54026240,54968320
1459490816,1329639424,57704448,55955456,924696576,84467712,1548619776,1531846656,1561518080,54222848,54026240,54968320
1459490816,1329639424,57704448,55955456,924696576,84467712,1548619776,1531846656,1414750208,54222848,54026240,54968320
1422004224,1329639424,57704448,55955456,924696576,84467712,1501708288,1435344896,1414750208,54222848,54026240,54968320
1422004224,1529708544,57704448,55955456,924696576,84467712,1452281856,1534476288,1587200000,54222848,54026240,54968320
1172369408,1529708544,57704448,55955456,924696576,84467712,1558831104,1534476288,1289027584,54222848,54026240,54968320
1426542592,1529708544,57704448,55955456,924696576,84467712,1511895040,1534476288,1289027584,54222848,54026240,54968320
1455968256,1243484160,57704448,55955456,924696576,84467712,1511895040,1584041984,1588109312,54222848,54026240,54968320
1457704960,1169141760,57704448,55955456,924696576,84467712,1412763648,1584041984,1588109312,54222848,54026240,54968320
1457704960,1453580288,57704448,55955456,924696576,84467712,1576054784,1534476288,1588109312,54222848,54026240,54968320
1208963072,1453580288,57704448,55955456,924696576,84467712,1576054784,1534476288,1338474496,54222848,54026240,54968320
1208963072,1464655872,57704448,55955456,924696576,84467712,1476923392,1581359104,1538543616,54222848,54026240,54968320
1458597888,1355341824,57704448,55955456,924696576,84467712,1525604352,1581359104,1538543616,54222848,54026240,54968320
1481592832,1355341824,57704448,55955456,924696576,84467712,1558831104,1410695168,1612873728,54222848,54026240,54968320
1481592832,1254404096,57704448,55955456,924696576,84467712,1558831104,1509826560,1612873728,54222848,54026240,54968320
1481592832,1254404096,57704448,55955456,924696576,84467712,1550409728,1509826560,1612873728,54222848,54026240,54968320
1231958016,1478361088,57704448,55955456,924696576,84467712,1550409728,1509826560,1612873728,54222848,54026240,54968320
1231958016,1478361088,57704448,55955456,924696576,84467712,1550409728,1553997824,1513742336,54222848,54026240,54968320
1432027136,1418092544,57704448,55955456,924696576,84467712,1451278336,1386807296,1513742336,54222848,54026240,54968320
1432027136,1418092544,57704448,55955456,924696576,84467712,1561485312,1386807296,1563308032,54222848,54026240,54968320
1452441600,1403117568,57704448,55955456,924696576,84467712,1598185472,1534476288,1439412224,54222848,54026240,54968320
1325527040,1403117568,57704448,55955456,924696576,84467712,1598185472,1534476288,1439412224,54222848,54026240,54968320
1325527040,1474834432,57704448,55955456,924696576,84467712,1497821184,1436372992,1588109312,54222848,54026240,54968320
1136537600,1476571136,57704448,55955456,924696576,84467712,1575186432,1531846656,1588109312,54222848,54026240,54968320
1433817088,1476571136,57704448,55955456,924696576,84467712,1575186432,1533583360,1588109312,54222848,54026240,54968320
1433817088,1303072768,57704448,55955456,924696576,84467712,1476055040,1283948544,1338474496,54222848,54026240,54968320
1444892672,1404010496,57704448,55955456,924696576,84467712,1624752128,1283948544,1587195904,54222848,54026240,54968320
1195257856,1404010496,57704448,55955456,924696576,84467712,1550540800,1533583360,1587195904,54222848,54026240,54968320
1195257856,1489408000,57704448,55955456,924696576,84467712,1550540800,1553997824,1561518080,54222848,54026240,54968320
1345761280,1465651200,57704448,55955456,924696576,84467712,1324662784,1553997824,1411014656,54222848,54026240,54968320
1345761280,1465651200,57704448,55955456,924696576,84467712,1324662784,1485938688,1612869632,54222848,54026240,54968320
1444917248,1492586496,57704448,55955456,924696576,84467712,1574297600,1531846656,1612869632,54222848,54026240,54968320
1446653952,1515216896,57704448,55955456,924696576,84467712,1551433728,1531846656,1513738240,54222848,54026240,54968320
1446653952,1515216896,57704448,55955456,924696576,84467712,1477025792,1484910592,1531293696,54222848,54026240,54968320
1136537600,1515216896,57704448,55955456,924696576,84467712,1477025792,1484910592,1531293696,54222848,54026240,54968320
1323094016,1416847360,57704448,55955456,924696576,84467712,1526591488,1534476288,1563303936,54222848,54026240,54968320
1444024320,1169141760,57704448,55955456,924696576,84467712,1561485312,1534476288,1588084736,54222848,54026240,54968320
1444024320,1169141760,57704448,55955456,924696576,84467712,1511919616,1534476288,1611972608,54222848,54026240,54968320
1444024320,1443422208,57704448,55955456,924696576,84467712,1511919616,1484910592,1611972608,54222848,54026240,54968320
1496219648,1443422208,57704448,55955456,924696576,84467712,1558851584,1435344896,1635860480,54222848,54026240,54968320
1496219648,1465573376,57704448,55955456,924696576,84467712,1560588288,1435344896,1612873728,54222848,54026240,54968320
1348509696,1268133888,57704448,55955456,924696576,84467712,1560588288,1534476288,1612873728,54222848,54026240,54968320
1470541824,1268133888,57704448,55955456,924696576,84467712,1360519168,1534476288,1612873728,54222848,54026240,54968320
1470541824,1418637312,57704448,55955456,924696576,84467712,1576079360,1284841472,1612873728,54222848,54026240,54968320
1470541824,1468203008,57704448,55955456,924696576,84467712,1576079360,1534476288,1563312128,54222848,54026240,54968320
1470541824,1468203008,57704448,55955456,924696576,84467712,1576079360,1579622400,1563312128,54222848,54026240,54968320
1220907008,1468203008,57704448,55955456,924696576,84467712,1576079360,1433710592,1612873728,54222848,54026240,54968320
1220907008,1420578816,57704448,55955456,924696576,84467712,1288962048,1433710592,1563308032,54222848,54026240,54968320
1421873152,1418772480,57704448,55955456,924696576,84467712,1288962048,1532841984,1563308032,54222848,54026240,54968320
1445761024,1418772480,57704448,55955456,924696576,84467712,1288962048,1532841984,1563308032,54222848,54026240,54968320
1172369408,1464680448,57704448,55955456,924696576,84467712,1288962048,1532841984,1563308032,54222848,54026240,54968320
1172369408,1464680448,57704448,55955456,924696576,84467712,1587134464,1509826560,1563308032,54222848,54026240,54968320
1457704960,1218572288,57704448,55955456,924696576,84467712,1587134464,1509826560,1612873728,54222848,54026240,54968320
1457704960,1319510016,57704448,55955456,924696576,84467712,1504759808,1473368064,1464180736,54222848,54026240,54968320
1457704960,1319510016,57704448,55955456,924696576,84467712,1504759808,1473368064,1464180736,54222848,54026240,54968320
1457704960,1468203008,57704448,55955456,924696576,84467712,1559724032,1553997824,1588109312,54222848,54026240,54968320
1208070144,1468203008,57704448,55955456,924696576,84467712,1559724032,1260191744,1588109312,54222848,54026240,54968320
1408139264,1442525184,57704448,55955456,924696576,84467712,1288830976,1260191744,1563312128,54222848,54026240,54968320
1408139264,1442525184,57704448,55955456,924696576,84467712,1551302656,1542922240,1563312128,54222848,54026240,54968320
1457704960,1292021760,57704448,55955456,924696576,84467712,1551302656,1544658944,1489096704,54222848,54026240,54968320
1457704960,1292021760,57704448,55955456,924696576,84467712,1575190528,1386807296,1289027584,54222848,54026240,54968320
1415262208,1492090880,57704448,55955456,924696576,84467712,1402740736,1386807296,1289027584,54222848,54026240,54968320
1196150784,1492090880,57704448,55955456,924696576,84467712,1572507648,1535369216,1588109312,54222848,54026240,54968320
1196150784,1492090880,57704448,55955456,924696576,84467712,1572507648,1485803520,1611980800,54222848,54026240,54968320
1469673472,1169141760,57704448,55955456,924696576,84467712,1526591488,1485803520,1512849408,54222848,54026240,54968320
1469673472,1169141760,57704448,55955456,924696576,84467712,1559748608,1485938688,1562415104,54222848,54026240,54968320
1469673472,1169141760,57704448,55955456,924696576,84467712,1559748608,1542922240,1562415104,54222848,54026240,54968320
1527185408,1454473216,57704448,55955456,924696576,84467712,1312743424,1542922240,1611980800,54222848,54026240,54968320
1527185408,1465548800,57704448,55955456,924696576,84467712,1312743424,1271267328,1289027584,54222848,54026240,54968320
1167749120,1465548800,57704448,55955456,924696576,84467712,1587159040,1271267328,1588109312,54222848,54026240,54968320
1457704960,1457172480,57704448,55955456,924696576,84467712,1587159040,1520902144,1588109312,54222848,54026240,54968320
1457704960,1255297024,57704448,55955456,924696576,84467712,1452621824,1532841984,1264246784,54222848,54026240,54968320
1481592832,1504927744,57704448,55955456,924696576,84467712,1452621824,1486716928,1410555904,54222848,54026240,54968320
1481592832,1504927744,57704448,55955456,924696576,84467712,1558855680,1486716928,1563312128,54222848,54026240,54968320
1184313344,1504927744,57704448,55955456,924696576,84467712,1558855680,1534476288,1563312128,54222848,54026240,54968320
1381007360,1504927744,57704448,55955456,924696576,84467712,1311850496,1534476288,1563312128,54222848,54026240,54968320
1381007360,1169141760,57704448,55955456,924696576,84467712,1460482048,1545527296,1613008896,54222848,54026240,54968320
1457704960,1369210880,57704448,55955456,924696576,84467712,1562374144,1573613568,1612873728,54222848,54026240,54968320
1457704960,1369210880,57704448,55955456,924696576,84467712,1562374144,1573613568,1612873728,54222848,54026240,54968320
1451298816,1465552896,57704448,55955456,924696576,84467712,1376010240,1522532352,1612873728,54222848,54026240,54968320
1386176512,1394495488,57704448,55955456,924696576,84467712,1477246976,1532841984,1388019712,54222848,54026240,54968320
1386176512,1181085696,57704448,55955456,924696576,84467712,1526513664,1532841984,1388019712,54222848,54026240,54968320
1444024320,1282023424,57704448,55955456,924696576,84467712,1526513664,1436372992,1588088832,54222848,54026240,54968320
1397088256,1282023424,57704448,55955456,924696576,84467712,1526513664,1436372992,1588088832,54222848,54026240,54968320
1397088256,1490305024,57704448,55955456,924696576,84467712,1526513664,1436372992,1588088832,54222848,54026240,54968320
1136537600,1514192896,57704448,55955456,924696576,84467712,1559740416,1436372992,1588088832,54222848,54026240,54968320
1136537600,1514192896,57704448,55955456,924696576,84467712,1559740416,1436372992,1289027584,54222848,54026240,54968320
1457704960,1291128832,57704448,55955456,924696576,84467712,1513811968,1531846656,1588109312,54222848,54026240,54968320
1457704960,1455362048,57704448,55955456,924696576,84467712,1525755904,1533583360,1588109312,54222848,54026240,54968320
1457704960,1455362048,57704448,55955456,924696576,84467712,1525755904,1384886272,1611980800,54222848,54026240,54968320
1208070144,1479249920,57704448,55955456,924696576,84467712,1375117312,1384886272,1611980800,54222848,54026240,54968320
1208070144,1479249920,57704448,55955456,924696576,84467712,1476055040,1544663040,1611980800,54222848,54026240,54968320
1408143360,1453572096,57704448,55955456,924696576,84467712,1476055040,1470783488,1464180736,54222848,54026240,54968320
1458597888,1229901824,57704448,55955456,924696576,84467712,1560584192,1470783488,1464180736,54222848,54026240,54968320
1458597888,1229901824,57704448,55955456,924696576,84467712,1560584192,1581359104,1588088832,54222848,54026240,54968320
1532051456,1453576192,57704448,55955456,924696576,84467712,1402740736,1260953600,1411907584,54222848,54026240,54968320
1532051456,1464651776,57704448,55955456,924696576,84467712,1525628928,1553997824,1411907584,54222848,54026240,54968320
1136537600,1464651776,57704448,55955456,924696576,84467712,1610158080,1553997824,1661542400,54222848,54026240,54968320
1386172416,1429684224,57704448,55955456,924696576,84467712,1610158080,1510588416,1661542400,54222848,54026240,54968320
1386172416,1328746496,57704448,55955456,924696576,84467712,1411895296,1510588416,1338589184,54222848,54026240,54968320
1457704960,1328746496,57704448,55955456,924696576,84467712,1411895296,1435344896,1338589184,54222848,54026240,54968320
1531158528,1465516032,57704448,55955456,924696576,84467712,1558851584,1435344896,1612873728,54222848,54026240,54968320
1531158528,1476591616,57704448,55955456,924696576,84467712,1503674368,1534476288,1464176640,54222848,54026240,54968320
1136537600,1476591616,57704448,55955456,924696576,84467712,1525624832,1534476288,1464176640,54222848,54026240,54968320
1421873152,1340821504,57704448,55955456,924696576,84467712,1525624832,1558364160,1587195904,54222848,54026240,54968320
1421873152,1340821504,57704448,55955456,924696576,84467712,1501868032,1485803520,1587195904,54222848,54026240,54968320
1444024320,1340821504,57704448,55955456,924696576,84467712,1402740736,1485803520,1587195904,54222848,54026240,54968320
1398894592,1491324928,57704448,55955456,924696576,84467712,1402740736,1535369216,1511952384,54222848,54026240,54968320
1398894592,1491324928,57704448,55955456,924696576,84467712,1575190528,1535369216,1612873728,54222848,54026240,54968320
1197019136,1491324928,57704448,55955456,924696576,84467712,1648644096,1260138496,1612873728,54222848,54026240,54968320
1446653952,1169141760,57704448,55955456,924696576,84467712,1648644096,1509773312,1612873728,54222848,54026240,54968320
1446653952,1344294912,57704448,55955456,924696576,84467712,1277018112,1527185408,1612873728,54222848,54026240,54968320
1446653952,1344294912,57704448,55955456,924696576,84467712,1548673024,1527185408,1464176640,54222848,54026240,54968320
1136537600,1464655872,57704448,55955456,924696576,84467712,1548673024,1236303872,1464176640,54222848,54026240,54968320
1136537600,1464655872,57704448,55955456,924696576,84467712,1276956672,1236303872,1586307072,54222848,54026240,54968320
1287041024,1429823488,57704448,55955456,924696576,84471808,1570799616,1576148992,1610194944,54222848,54026240,54968320
1443155968,1169141760,57704448,55955456,924696576,84471808,1570799616,1477017600,1610194944,54222848,54026240,54968320
1443155968,1169141760,57704448,55955456,924696576,84471808,1570799616,1477017600,1610194944,54222848,54026240,54968320
1443155968,1453006848,57704448,55955456,924696576,84471808,1570799616,1477017600,1610194944,54222848,54026240,54968320
1185075200,1465548800,57704448,55955456,924696576,84471808,1620312064,1485938688,1513746432,54222848,54026240,54968320
1185075200,1465548800,57704448,55955456,924696576,84471808,1620312064,1553997824,1612873728,54222848,54026240,54968320
1385144320,1455366144,57704448,55955456,924696576,84471808,1299144704,1603563520,1612873728,54222848,54026240,54968320
1446653952,1455366144,57704448,55955456,924696576,84471808,1299144704,1603563520,1464176640,54222848,54026240,54968320
1446653952,1169141760,57704448,55955456,924696576,84471808,1559724032,1436372992,1464176640,54222848,54026240,54968320
1446653952,1441636352,57704448,55955456,924696576,84471808,1559724032,1542922240,1586302976,54222848,54026240,54968320
1197019136,1441636352,57704448,55955456,924696576,84471808,1526038528,1542922240,1661095936,54222848,54026240,54968320
1197019136,1465540608,57704448,55955456,924696576,84475904,1512787968,1544658944,1661095936,54222848,54026240,54968320
1446653952,1428262912,57704448,55955456,924696576,84475904,1512787968,1236303872,1611976704,54222848,54026240,54968320
1446653952,1428262912,57704448,55955456,924696576,84475904,1551298560,1236303872,1611976704,54222848,54026240,54968320
1446653952,1194000384,57704448,55955456,924696576,84475904,1551298560,1494331392,1611976704,54222848,54026240,54968320
1446653952,1443500032,57704448,55955456,924696576,84475904,1501863936,1552261120,1411907584,54222848,54026240,54968320
1446653952,1443500032,57704448,55955456,924696576,84475904,1551429632,1552261120,1411907584,54222848,54026240,54968320
1173131264,1465651200,57704448,55955456,924696576,84475904,1551429632,1386807296,1611976704,54222848,54026240,54968320
1304211456,1390641152,57704448,55955456,924696576,84475904,1575186432,1509773312,1611976704,54222848,54026240,54968320
1471434752,1390641152,57704448,55955456,924696576,84475904,1287200768,1509773312,1611976704,54222848,54026240,54968320
1471434752,1270157312,57704448,55955456,924696576,84475904,1487269888,1553997824,1411907584,54222848,54026240,54968320
1471434752,1441714176,57704448,55955456,924696576,84475904,1487269888,1553997824,1411907584,54222848,54026240,54968320
1221799936,1463865344,57704448,55955456,924696576,84475904,1536835584,1436372992,1607950336,54222848,54026240,54968320
1221799936,1463865344,57704448,55955456,924696576,84475904,1560592384,1542922240,1607950336,54222848,54026240,54968320
1471434752,1406242816,57704448,55955456,924696576,84475904,1560592384,1542922240,1612869632,54222848,54026240,54968320
1418240000,1242537984,57704448,55955456,924696576,84475904,1451278336,1592434688,1614675968,54222848,54026240,54968320
1418240000,1443500032,57704448,55955456,924696576,84475904,1451278336,1421770752,1614675968,54222848,54026240,54968320
1457704960,1443500032,57704448,55955456,924696576,84475904,1551302656,1421770752,1587191808,54222848,54026240,54968320
1136537600,1417822208,57704448,55955456,924696576,84475904,1573453824,1520902144,1587191808,54222848,54026240,54968320
1433817088,1417822208,57704448,55955456,924696576,84475904,1575190528,1553997824,1611079680,54222848,54026240,54968320
1433817088,1267318784,57704448,55955456,924696576,84475904,1575190528,1553997824,1561513984,54222848,54026240,54968320
1455968256,1267318784,57704448,55955456,924696576,84475904,1525628928,1504432128,1561513984,54222848,54026240,54968320
1457704960,1516953600,57704448,55955456,924696576,84475904,1573404672,1530109952,1611079680,54222848,54026240,54968320
1136537600,1516953600,57704448,55955456,924696576,84475904,1549651968,1530109952,1611079680,54222848,54026240,54968320
1136537600,1415397376,57704448,55955456,924696576,84475904,1549651968,1552261120,1388019712,54222848,54026240,54968320
1433817088,1194000384,57704448,55955456,924696576,84475904,1549647872,1502695424,1612869632,54222848,54026240,54968320
1433817088,1194000384,57704448,55955456,924696576,84475904,1570799616,1509773312,1563303936,54222848,54026240,54968320
1455968256,1467392000,57704448,55955456,924696576,84475904,1548947456,1531846656,1264246784,54222848,54026240,54968320
1359466496,1467392000,57704448,55955456,924696576,84475904,1548947456,1531846656,1264246784,54222848,54026240,54968320
1359466496,1467392000,57704448,55955456,924696576,84475904,1551470592,1534476288,1588109312,54222848,54026240,54968320
1148481536,1467392000,57704448,55955456,924696576,84475904,1562546176,1534476288,1611980800,54222848,54026240,54968320
1445761024,1421320192,57704448,55955456,924696576,84480000,1562546176,1534476288,1512849408,54222848,54026240,54968320
1445761024,1169879040,57704448,55955456,924696576,84480000,1525792768,1581359104,1512849408,54222848,54026240,54968320
1445761024,1455210496,57704448,55955456,924696576,84480000,1575358464,1581359104,1587200000,54222848,54026240,54968320
1172369408,1455210496,57704448,55955456,924696576,84480000,1575358464,1435344896,1513877504,54222848,54026240,54968320
1172369408,1479098368,57704448,55955456,924696576,84480000,1500114944,1534476288,1513877504,54222848,54026240,54968320
1172369408,1479098368,57704448,55955456,924696576,84480000,1599246336,1534476288,1588109312,54222848,54026240,54968320
1446653952,1256034304,57704448,55955456,924696576,84480000,1599246336,1260191744,1338474496,54222848,54026240,54968320
1446653952,1356972032,57704448,55955456,924696576,84480000,1599246336,1509826560,1338474496,54222848,54026240,54968320
1446653952,1356972032,57704448,55955456,924696576,84480000,1277186048,1509826560,1588109312,54222848,54026240,54968320
1361256448,1479991296,57704448,55955456,924696576,84480000,1277186048,1557471232,1588109312,54222848,54026240,54968320
1161187328,1479991296,57704448,55955456,924696576,84480000,1561628672,1435344896,1313677312,54222848,54026240,54968320
1410822144,1503879168,57704448,55955456,924696576,84480000,1561628672,1435344896,1588109312,54222848,54026240,54968320
1410822144,1503879168,57704448,55955456,924696576,84480000,1561628672,1545527296,1588109312,54222848,54026240,54968320
1443155968,1219440640,57704448,55955456,924696576,84484096,1300942848,1517285376,1611980800,54222848,54026240,54968320
1443155968,1219440640,57704448,55955456,924696576,84484096,1575358464,1517285376,1611980800,54222848,54026240,54968320
1396219904,1468047360,57704448,55955456,924696576,84484096,1575358464,1521770496,1563312128,54222848,54026240,54968320
1136537600,1468047360,57704448,55955456,924696576,84484096,1575358464,1543790592,1587200000,54222848,54026240,54968320
1409929216,1345028096,57704448,55955456,924696576,84484096,1402908672,1472204800,1611177984,54222848,54026240,54968320
1409929216,1345028096,57704448,55955456,924696576,84484096,1402908672,1272135680,1611177984,54222848,54026240,54968320
1443155968,1244090368,57704448,55955456,924696576,84484096,1559023616,1272135680,1612873728,54222848,54026240,54968320
1492668416,1455210496,57704448,55955456,924696576,84484096,1536868352,1532841984,1612873728,54222848,54026240,54968320
1171501056,1455210496,57704448,55955456,924696576,84484096,1536868352,1532841984,1612873728,54222848,54026240,54968320
1171501056,1466286080,57704448,55955456,924696576,84484096,1437736960,1411457024,1612873728,54222848,54026240,54968320
1171501056,1481019392,57704448,55955456,924696576,84484096,1437736960,1411457024,1439399936,54222848,54026240,54968320
1421873152,1231384576,57704448,55955456,924696576,84484096,1572724736,1531846656,1587200000,54222848,54026240,54968320
1444024320,1231384576,57704448,55955456,924696576,84484096,1572724736,1553997824,1611177984,54222848,54026240,54968320
1445761024,1332502528,57704448,55955456,924696576,84484096,1585537024,1553997824,1611177984,54222848,54026240,54968320
1445761024,1465413632,57704448,55955456,924696576,84484096,1585537024,1553997824,1611177984,54222848,54026240,54968320
1136549888,1465413632,57704448,55955456,924696576,84484096,1585537024,1553997824,1611177984,54222848,54026240,54968320
1421885440,1393827840,57704448,55955456,924696576,84484096,1585537024,1236303872,1561612288,54222848,54026240,54968320
1444036608,1393827840,57704448,55955456,924696576,84488192,1486405632,1436372992,1612873728,54222848,54026240,54968320
1444036608,1219440640,57704448,55955456,924696576,84488192,1586429952,1485938688,1612873728,54222848,54026240,54968320
1445773312,1467154432,57704448,55955456,924696576,84488192,1586429952,1485938688,1464315904,54222848,54026240,54968320
1197031424,1467154432,57704448,55955456,924696576,84488192,1586429952,1552261120,1464315904,54222848,54026240,54968320
1197031424,1467154432,57704448,55955456,924696576,84488192,1487298560,1557655552,1464315904,54222848,54026240,54968320
1446666240,1390882816,57704448,55955456,924696576,84488192,1493098496,1408958464,1574363136,54222848,54026240,54968320
1446666240,1390882816,57704448,55955456,924696576,84488192,1619611648,1408958464,1574363136,54222848,54026240,54968320
1456848896,1243328512,57704448,55955456,924696576,84488192,1619611648,1509695488,1598251008,54222848,54026240,54968320
1456848896,1492828160,57704448,55955456,924696576,84488192,1448947712,1581359104,1598251008,54222848,54026240,54968320
1136549888,1492828160,57704448,55955456,924696576,84492288,1448947712,1581359104,1325621248,54222848,54026240,54968320
1136549888,1492828160,57704448,55955456,924696576,84492288,1622290432,1435344896,1575256064,54222848,54026240,54968320
1386184704,1492828160,57704448,55955456,924696576,84492288,1622290432,1534476288,1575256064,54222848,54026240,54968320
1443168256,1219440640,57704448,55955456,924696576,84492288,1372655616,1534476288,1598251008,54222848,54026240,54968320
1443168256,1219440640,57704448,55955456,924696576,84492288,1372655616,1260191744,1313677312,54222848,54026240,54968320
1470472192,1479094272,57704448,55955456,924696576,84492288,1572724736,1260191744,1313677312,54222848,54026240,54968320
1470472192,1479094272,57704448,55955456,924696576,84492288,1572724736,1533583360,1562415104,54222848,54026240,54968320
1171513344,1479094272,57704448,55955456,924696576,84492288,1572724736,1260191744,1538658304,54222848,54026240,54968320
1433829376,1492824064,57704448,55955456,924696576,84492288,1402904576,1260191744,1538658304,54222848,54026240,54968320
1444904960,1244221440,57704448,55955456,924696576,84492288,1601032192,1484910592,1388019712,54222848,54026240,54968320
1444904960,1244221440,57704448,55955456,924696576,84492288,1601032192,1484910592,1388019712,54222848,54026240,54968320
1360506880,1444290560,57704448,55955456,924696576,84492288,1477255168,1542922240,1637650432,54222848,54026240,54968320
1434722304,1418616832,57704448,55955456,924696576,84492288,1573572608,1570467840,1637650432,54222848,54026240,54968320
1434722304,1418616832,57704448,55955456,924696576,84492288,1573572608,1372205056,1637650432,54222848,54026240,54968320
1445797888,1219309568,57704448,55955456,924696576,84492288,1597460480,1372205056,1538519040,54222848,54026240,54968320
1445797888,1419374592,57704448,55955456,924696576,84492288,1597460480,1521639424,1588109312,54222848,54026240,54968320
1136549888,1465413632,57704448,55955456,924696576,84492288,1500250112,1398751232,1588109312,54222848,54026240,54968320
1287053312,1465413632,57704448,55955456,924696576,84492288,1561653248,1448316928,1588109312,54222848,54026240,54968320
1287053312,1467150336,57704448,55955456,924696576,84492288,1561653248,1448316928,1563312128,54222848,54026240,54968320
1444036608,1293651968,57704448,55955456,924696576,84492288,1452339200,1530978304,1599143936,54222848,54026240,54968320
1444036608,1293651968,57704448,55955456,924696576,84492288,1537736704,1530978304,1476255744,54222848,54026240,54968320
1372450816,1460555776,57704448,55955456,924696576,84492288,1537736704,1433583616,1588109312,54222848,54026240,54968320
1172381696,1460555776,57704448,55955456,924696576,84492288,1537736704,1433583616,1588109312,54222848,54026240,54968320
1172381696,1493721088,57704448,55955456,924696576,84492288,1537736704,1433583616,1588109312,54222848,54026240,54968320
1434722304,1493721088,57704448,55955456,924696576,84492288,1548943360,1483149312,1588109312,54222848,54026240,54968320
1434722304,1194659840,57704448,55955456,924696576,84492288,1449811968,1553997824,1588109312,54222848,54026240,54968320
1445797888,1194659840,57704448,55955456,924696576,84492288,1449811968,1553997824,1588109312,54222848,54026240,54968320
1185980416,1444159488,57704448,55955456,924696576,84492288,1572700160,1386807296,1562419200,54222848,54026240,54968320
1185980416,1444159488,57704448,55955456,924696576,84492288,1427554304,1386807296,1598251008,54222848,54026240,54968320
1435615232,1466310656,57704448,55955456,924696576,84492288,1427554304,1531846656,1598251008,54222848,54026240,54968320
1435615232,1418481664,57704448,55955456,924696576,84492288,1402908672,1410695168,1489747968,54222848,54026240,54968320
1445797888,1267978240,57704448,55955456,924696576,84492288,1610297344,1410695168,1575256064,54222848,54026240,54968320
1445797888,1267978240,57704448,55955456,924696576,84492288,1414717440,1509826560,1575256064,54222848,54026240,54968320
1432834048,1419374592,57704448,55955456,924696576,84492288,1414717440,1552261120,1476255744,54222848,54026240,54968320
1161199616,1491038208,57704448,55955456,924696576,84492288,1560760320,1552261120,1476038656,54222848,54026240,54968320
1161199616,1491038208,57704448,55955456,924696576,84492288,1560760320,1258455040,1476038656,54222848,54026240,54968320
1434722304,1467281408,57704448,55955456,924696576,84492288,1621344256,1509695488,1599139840,54222848,54026240,54968320
1434722304,1316777984,57704448,55955456,924696576,84492288,1500110848,1553997824,1500008448,54222848,54026240,54968320
1434853376,1467281408,57704448,55955456,924696576,84492288,1648803840,1553997824,1500008448,54222848,54026240,54968320
1209868288,1467281408,57704448,55955456,924696576,84492288,1648803840,1553997824,1573462016,54222848,54026240,54968320
1209868288,1477357568,57704448,55955456,924696576,84492288,1648803840,1236303872,1625726976,54222848,54026240,54968320
1385975808,1477357568,57704448,55955456,924696576,84492288,1489195008,1485938688,1625726976,54222848,54026240,54968320
1459503104,1477357568,57704448,55955456,924696576,84492288,1489195008,1553997824,1623920640,54222848,54026240,54968320
1459503104,1326854144,57704448,55955456,924696576,84492288,1598349312,1386807296,1623920640,54222848,54026240,54968320
1507278848,1326854144,57704448,55955456,924696576,84492288,1598349312,1386807296,1574354944,54222848,54026240,54968320
1173143552,1493716992,57704448,55955456,924696576,84492288,1576251392,1534476288,1623920640,54222848,54026240,54968320
1173143552,1493716992,57704448,55955456,924696576,84492288,1576251392,1534476288,1623920640,54222848,54026240,54968320
1434722304,1493716992,57704448,55955456,924696576,84492288,1477120000,1308729344,1623920640,54222848,54026240,54968320
1434722304,1468039168,57704448,55955456,924696576,84492288,1550594048,1558364160,1338589184,54222848,54026240,54968320
1445797888,1468039168,57704448,55955456,924696576,84492288,1550594048,1558364160,1563308032,54222848,54026240,54968320
1336483840,1268256768,57704448,55955456,924696576,84492288,1501003776,1497882624,1563308032,54222848,54026240,54968320
1336483840,1268256768,57704448,55955456,924696576,84492288,1522761728,1432580096,1563308032,54222848,54026240,54968320
1287053312,1468325888,57704448,55955456,924696576,84492288,1522761728,1533583360,1264246784,54222848,54026240,54968320
1433829376,1491935232,57704448,55955456,924696576,84492288,1600131072,1533583360,1588109312,54222848,54026240,54968320
1433829376,1491935232,57704448,55955456,924696576,84492288,1550565376,1581359104,1588109312,54222848,54026240,54968320
1444904960,1219309568,57704448,55955456,924696576,84492288,1550565376,1534476288,1611980800,54222848,54026240,54968320
1411878912,1320247296,57704448,55955456,924696576,84492288,1550565376,1534476288,1611980800,54222848,54026240,54968320
1160437760,1320247296,57704448,55955456,924696576,84492288,1550565376,1534476288,1611980800,54222848,54026240,54968320
1360506880,1468940288,57704448,55955456,924696576,84492288,1600131072,1534476288,1536737280,54222848,54026240,54968320
1433829376,1492828160,57704448,55955456,924696576,84492288,1600131072,1557471232,1536737280,54222848,54026240,54968320
1433829376,1492828160,57704448,55955456,924696576,84492288,1600131072,1236303872,1487171584,54222848,54026240,54968320
1444904960,1219440640,57704448,55955456,924696576,84492288,1550565376,1236303872,1586302976,54222848,54026240,54968320
1408151552,1394593792,57704448,55955456,924696576,84492288,1550565376,1403584512,1622134784,54222848,54026240,54968320
1208082432,1394593792,57704448,55955456,924696576,84492288,1649696768,1403584512,1622134784,54222848,54026240,54968320
1358585856,1478201344,57704448,55955456,924696576,84492288,1468547072,1533583360,1375182848,54222848,54026240,54968320
1457717248,1478201344,57704448,55955456,924696576,84492288,1468547072,1435344896,1575251968,54222848,54026240,54968320
1457717248,1479094272,57704448,55955456,924696576,84492288,1550577664,1534476288,1575251968,54222848,54026240,54968320
1457717248,1328590848,57704448,55955456,924696576,84492288,1572728832,1534476288,1575256064,54222848,54026240,54968320
1184550912,1429528576,57704448,55955456,924696576,84492288,1572728832,1260191744,1375182848,54222848,54026240,54968320
1184550912,1429528576,57704448,55955456,924696576,84492288,1598177280,1260191744,1624817664,54222848,54026240,54968320
1184550912,1528659968,57704448,55955456,924696576,84492288,1452474368,1520775168,1624817664,54222848,54026240,54968320
1434185728,1528659968,57704448,55955456,924696576,84492288,1452474368,1520775168,1575251968,54222848,54026240,54968320
1444036608,1429528576,57704448,55955456,924696576,84492288,1571835904,1544658944,1575251968,54222848,54026240,54968320
1444036608,1328590848,57704448,55955456,924696576,84492288,1571835904,1544658944,1588109312,54222848,54026240,54968320
1172381696,1328590848,57704448,55955456,924696576,84492288,1524916224,1376321536,1588109312,54222848,54026240,54968320
1322885120,1479094272,57704448,55955456,924696576,84492288,1538646016,1576148992,1562415104,54222848,54026240,54968320
1422016512,1479094272,57704448,55955456,924696576,84492288,1538646016,1576148992,1562415104,54222848,54026240,54968320
1444036608,1169879040,57704448,55955456,924696576,84492288,1560797184,1576148992,1562415104,54222848,54026240,54968320
1395339264,1169879040,57704448,55955456,924696576,84492288,1464295424,1436372992,1657352192,54222848,54026240,54968320
1195270144,1292607488,57704448,55955456,924696576,84492288,1464295424,1436372992,1657352192,54222848,54026240,54968320
1345773568,1465393152,57704448,55955456,924696576,84492288,1571844096,1553997824,1588109312,54222848,54026240,54968320
1345773568,1465393152,57704448,55955456,924696576,84492288,1571844096,1485938688,1588109312,54222848,54026240,54968320
1456848896,1430560768,57704448,55955456,924696576,84492288,1501020160,1507680256,1588109312,54222848,54026240,54968320
1469661184,1279922176,57704448,55955456,924696576,84492288,1575366656,1507680256,1588109312,54222848,54026240,54968320
1469661184,1279922176,57704448,55955456,924696576,84492288,1575366656,1552261120,1264246784,54222848,54026240,54968320
1197031424,1455206400,57704448,55955456,924696576,84492288,1424863232,1236303872,1264246784,54222848,54026240,54968320
1197031424,1504772096,57704448,55955456,924696576,84492288,1424863232,1236303872,1563312128,54222848,54026240,54968320
1469661184,1504772096,57704448,55955456,924696576,84492288,1624932352,1516068864,1571233792,54222848,54026240,54968320
1469661184,1528659968,57704448,55955456,924696576,84492288,1575366656,1516068864,1337565184,54222848,54026240,54968320
1469661184,1528659968,57704448,55955456,924696576,84492288,1575366656,1520902144,1337565184,54222848,54026240,54968320
1220026368,1169879040,57704448,55955456,924696576,84492288,1624932352,1271267328,1587200000,54222848,54026240,54968320
1220026368,1454317568,57704448,55955456,924696576,84492288,1624932352,1271267328,1587200000,54222848,54026240,54968320
1220026368,1454317568,57704448,55955456,924696576,84492288,1624932352,1271267328,1587200000,54222848,54026240,54968320
1469661184,1465393152,57704448,55955456,924696576,84492288,1624932352,1520902144,1587200000,54222848,54026240,54968320
1469661184,1430425600,57704448,55955456,924696576,84492288,1624932352,1520902144,1611177984,54222848,54026240,54968320
1469661184,1430425600,57704448,55955456,924696576,84492288,1424863232,1533583360,1489018880,54222848,54026240,54968320
1197031424,1320382464,57704448,55955456,924696576,84492288,1424863232,1434451968,1489018880,54222848,54026240,54968320
1197031424,1464524800,57704448,55955456,924696576,84492288,1537744896,1533583360,1611177984,54222848,54026240,54968320
1397100544,1464524800,57704448,55955456,924696576,84492288,1513988096,1533583360,1611177984,54222848,54026240,54968320
1397100544,1466261504,57704448,55955456,924696576,84492288,1513988096,1458524160,1439531008,54222848,54026240,54968320
1482498048,1243197440,57704448,55955456,924696576,84496384,1326632960,1458524160,1588109312,54222848,54026240,54968320
1383366656,1243197440,57704448,55955456,924696576,84496384,1576267776,1451532288,1588109312,54222848,54026240,54968320
1383366656,1243197440,57704448,55955456,924696576,84496384,1576267776,1451532288,1659449344,54222848,54026240,54968320
1172246528,1443266560,57704448,55955456,924696576,84496384,1477136384,1533583360,1488965632,54222848,54026240,54968320
1433829376,1465417728,57704448,55955456,924696576,84496384,1502056448,1410695168,1488965632,54222848,54026240,54968320
1433829376,1465417728,57704448,55955456,924696576,84496384,1502056448,1410695168,1587200000,54222848,54026240,54968320
1455980544,1169879040,57704448,55955456,924696576,84496384,1573588992,1553997824,1561612288,54222848,54026240,54968320
1336619008,1169879040,57704448,55955456,924696576,84496384,1451462656,1553997824,1561612288,54222848,54026240,54968320
1336619008,1169879040,57704448,55955456,924696576,84496384,1451462656,1485938688,1611251712,54222848,54026240,54968320
1136549888,1468047360,57704448,55955456,924696576,84496384,1575374848,1484910592,1611251712,54222848,54026240,54968320
1433829376,1468047360,57704448,55955456,924696576,84496384,1575374848,1284841472,1611251712,54222848,54026240,54968320
1455980544,1468047360,57704448,55955456,924696576,84496384,1575374848,1284841472,1611251712,54222848,54026240,54968320
1455980544,1320378368,57704448,55955456,924696576,84496384,1575374848,1534476288,1439473664,54222848,54026240,54968320
1384394752,1320378368,57704448,55955456,924696576,84496384,1252421632,1534476288,1587273728,54222848,54026240,54968320
1184325632,1320378368,57704448,55955456,924696576,84496384,1561669632,1460260864,1587273728,54222848,54026240,54968320
1433960448,1468047360,57704448,55955456,924696576,84496384,1561669632,1509826560,1361616896,54222848,54026240,54968320
1433960448,1468047360,57704448,55955456,924696576,84496384,1561669632,1509826560,1611251712,54222848,54026240,54968320
1455980544,1442369536,57704448,55939072,924696576,84496384,1301852160,1509826560,1611251712,54222848,54026240,54968320
1455980544,1206603776,57704448,55939072,924696576,84496384,1576267776,1509826560,1611251712,54222848,54026240,54968320
1334829056,1206603776,57704448,55939072,924696576,84500480,1576267776,1258455040,1429508096,54222848,54026240,54968320
1334829056,1479995392,57704448,55939072,924696576,84500480,1587343360,1258455040,1611251712,54222848,54026240,54968320
1334829056,1479995392,57704448,55939072,924696576,84500480,1488211968,1542922240,1289101312,54222848,54026240,54968320
1458634752,1479995392,57704448,55939072,924696576,84500480,1488211968,1595117568,1289101312,54222848,54026240,54968320
1458634752,1169879040,57704448,55939072,924696576,84500480,1587343360,1369489408,1587273728,54222848,54026240,54968320
1471447040,1169879040,57704448,55939072,924696576,84500480,1608564736,1369489408,1489039360,54222848,54026240,54968320
1471447040,1317339136,57704448,55939072,924696576,84500480,1608564736,1369489408,1489039360,54222848,54026240,54968320
1136549888,1466290176,57704448,55939072,924696576,84500480,1608564736,1553997824,1489039360,54222848,54026240,54968320
1287053312,1466290176,57704448,55939072,924696576,84500480,1462538240,1236303872,1538605056,54222848,54026240,54968320
1444036608,1489158144,57704448,55939072,924696576,84500480,1462538240,1236303872,1598324736,54222848,54026240,54968320
1444036608,1489158144,57704448,55939072,924696576,84500480,1621360640,1236303872,1598324736,54222848,54026240,54968320
1444036608,1206472704,57704448,55939072,924696576,84500480,1621360640,1552261120,1365262336,54222848,54026240,54968320
1172381696,1406541824,57704448,55939072,924696576,84500480,1387245568,1552261120,1588183040,54222848,54026240,54968320
1172381696,1475600384,57704448,55939072,924696576,84500480,1587314688,1236303872,1588183040,54222848,54026240,54968320
1172381696,1475600384,57704448,55939072,924696576,84500480,1587314688,1236303872,1562488832,54222848,54026240,54968320
1456873472,1453584384,57704448,55939072,924696576,84500480,1525813248,1530109952,1562488832,54222848,54026240,54968320
1456873472,1453584384,57704448,55939072,924696576,84500480,1561645056,1552261120,1489170432,54222848,54026240,54968320
1434853376,1253511168,57704448,55939072,924696576,84500480,1561645056,1236303872,1588183040,54222848,54026240,54968320
1185218560,1455210496,57704448,55939072,924696576,84500480,1289015296,1485938688,1588183040,54222848,54026240,54968320
1185218560,1455210496,57704448,55955456,924696576,84500480,1549889536,1485938688,1504280576,54222848,54026240,54968320
1457717248,1466286080,57704448,55955456,924696576,84500480,1572745216,1435344896,1599217664,54222848,54026240,54968320
1457717248,1169879040,57704448,55955456,924696576,84500480,1572745216,1435344896,1599217664,54222848,54026240,54968320
1231970304,1270816768,57704448,55955456,924696576,84500480,1324847104,1534476288,1575460864,54222848,54026240,54968320
1231970304,1270816768,57704448,55955456,924696576,84500480,1576267776,1534476288,1414823936,54222848,54026240,54968320
1481605120,1468047360,57704448,55955456,924696576,84500480,1576267776,1582592000,1414823936,54222848,54026240,54968320
1481605120,1468047360,57704448,55955456,924696576,84500480,1576267776,1510588416,1563385856,54222848,54026240,54968320
1481605120,1394724864,57704448,55955456,924696576,84500480,1477136384,1510588416,1563516928,54222848,54026240,54968320
1457717248,1394724864,57704448,55955456,924696576,84500480,1476485120,1534476288,1563516928,54222848,54026240,54968320
1161199616,1244221440,57704448,55955456,924696576,84500480,1576267776,1553756160,1586376704,54222848,54026240,54968320
1161199616,1244221440,57704448,55955456,924696576,84500480,1576267776,1553756160,1586376704,54222848,54026240,54968320
1161199616,1468940288,57704448,55955456,924696576,84500480,1600176128,1435348992,1500082176,54222848,54026240,54968320
1435615232,1468940288,57704448,55955456,924696576,84500480,1451479040,1552261120,1500082176,54222848,54026240,54968320
1457766400,1468940288,57704448,55955456,924696576,84500480,1469050880,1552261120,1599213568,54222848,54026240,54968320
1409937408,1292759040,57704448,55955456,924696576,84500480,1469050880,1552261120,1623101440,54222848,54026240,54968320
1409937408,1292759040,57704448,55955456,924696576,84500480,1600176128,1534476288,1573535744,54222848,54026240,54968320
1136549888,1492828160,57704448,55955456,924696576,84500480,1537753088,1534476288,1573535744,54222848,54026240,54968320
1457717248,1492828160,57704448,55955456,924696576,84500480,1488191488,1534476288,1587273728,54222848,54026240,54968320
1457717248,1492828160,57704448,55955456,924696576,84500480,1488191488,1236303872,1587273728,54222848,54026240,54968320
1457717248,1219440640,57704448,55955456,924696576,84500480,1559904256,1488035840,1462558720,54222848,54026240,54968320
1531170816,1219440640,57704448,55955456,924696576,84500480,1559904256,1488035840,1462558720,54222848,54026240,54968320
1531170816,1419509760,57704448,55955456,924696576,84500480,1559904256,1488035840,1462558720,54222848,54026240,54968320
1136549888,1419509760,57704448,55955456,924696576,84500480,1562533888,1488035840,1462558720,54222848,54026240,54968320
1421885440,1469075456,57704448,55955456,924696576,84500480,1378140160,1553997824,1611251712,54222848,54026240,54968320
1421885440,1491939328,57704448,55955456,924696576,84500480,1378140160,1386807296,1563385856,54222848,54026240,54968320
1455112192,1169879040,57704448,55955456,924696576,84500480,1526837248,1436372992,1563385856,54222848,54026240,54968320
1455112192,1169879040,57704448,55955456,924696576,84500480,1526837248,1436372992,1587273728,54222848,54026240,54968320
1183457280,1419378688,57704448,55955456,924696576,84500480,1477210112,1553997824,1587273728,54222848,54026240,54968320
1183457280,1419378688,57704448,55955456,924696576,84500480,1526775808,1236303872,1587273728,54222848,54026240,54968320
1433092096,1465417728,57704448,55955456,924696576,84500480,1526775808,1236303872,1561686016,54222848,54026240,54968320
1433092096,1419374592,57704448,55955456,924696576,84500480,1549832192,1521639424,1611251712,54222848,54026240,54968320
1456848896,1419374592,57704448,55955456,924696576,84500480,1525809152,1510588416,1611251712,54222848,54026240,54968320
1455865856,1219440640,57704448,55955456,924696576,84500480,1525809152,1510588416,1611251712,54222848,54026240,54968320
1455865856,1219440640,57704448,55955456,924696576,84500480,1571848192,1411457024,1611251712,54222848,54026240,54968320
1206231040,1468940288,57704448,55955456,924696576,84500480,1571848192,1534476288,1464254464,54222848,54026240,54968320
1455865856,1480015872,57704448,55955456,924696576,84500480,1525805056,1534476288,1586376704,54222848,54026240,54968320
1455865856,1345163264,57704448,55955456,924696576,84500480,1452490752,1284841472,1586376704,54222848,54026240,54968320
1455865856,1194659840,57704448,55955456,924696576,84504576,1551486976,1284841472,1612185600,54222848,54026240,54968320
1311703040,1194659840,57704448,55955456,924696576,84504576,1551486976,1554890752,1612185600,54222848,54026240,54968320
1161199616,1476087808,57704448,55955456,924696576,84504576,1502052352,1554890752,1525755904,54222848,54026240,54968320
1161199616,1491935232,57704448,55955456,924696576,84504576,1551618048,1554890752,1600200704,54222848,54026240,54968320
1435615232,1515823104,57704448,55955456,924696576,84504576,1562562560,1236303872,1600200704,54222848,54026240,54968320
1446690816,1515823104,57704448,55955456,924696576,84504576,1562562560,1521639424,1550671872,54222848,54026240,54968320
1435746304,1469984768,57704448,55955456,924696576,84508672,1403248640,1521639424,1550671872,54222848,54026240,54968320
1435746304,1268109312,57704448,55955456,924696576,84508672,1403248640,1386807296,1600237568,54222848,54026240,54968320
1136549888,1454313472,57704448,55955456,924696576,84508672,1559035904,1386807296,1590099968,54222848,54026240,54968320
1136549888,1465389056,57704448,55955456,924696576,84508672,1559035904,1557798912,1590099968,54222848,54026240,54968320
1433829376,1465389056,57704448,55955456,924696576,84508672,1559035904,1485938688,1464385536,54222848,54026240,54968320
1444904960,1405640704,57704448,55955456,924696576,84508672,1501044736,1509773312,1464385536,54222848,54026240,54968320
1385156608,1304702976,57704448,55955456,924696576,84508672,1600176128,1509773312,1575329792,54222848,54026240,54968320
1185087488,1455206400,57704448,55955456,924696576,84508672,1600176128,1533583360,1575329792,54222848,54026240,54968320
1185087488,1455206400,57704448,55955456,924696576,84508672,1600176128,1533583360,1599217664,54222848,54026240,54968320
1434722304,1477332992,57704448,55955456,924696576,84508672,1514778624,1533583360,1599217664,54222848,54026240,54968320
1434722304,1490145280,57704448,55955456,924696576,84508672,1514778624,1553997824,1474068480,54222848,54026240,54968320
1444904960,1490145280,57704448,55955456,924696576,84508672,1514778624,1553997824,1474068480,54222848,54026240,54968320
1457717248,1316646912,57704448,55955456,924696576,84508672,1514778624,1553997824,1474068480,54222848,54026240,54968320
1160437760,1417584640,57704448,55955456,924696576,84508672,1574506496,1454866432,1474068480,54222848,54026240,54968320
1160437760,1417584640,57704448,55955456,924696576,84508672,1635094528,1454866432,1588183040,54222848,54026240,54968320
1310941184,1467150336,57704448,55955456,924696576,84508672,1635094528,1542922240,1588183040,54222848,54026240,54968320
1421885440,1467150336,57704448,55955456,924696576,84508672,1313927168,1542922240,1588183040,54222848,54026240,54968320
1445773312,1491038208,57704448,55955456,924696576,84508672,1563561984,1542922240,1439604736,54222848,54026240,54968320
1445773312,1491038208,57704448,55955456,924696576,84508672,1563561984,1520902144,1587273728,54222848,54026240,54968320
1172381696,1270816768,57704448,55955456,924696576,84508672,1563561984,1421770752,1611251712,54222848,54026240,54968320
1172381696,1479098368,57704448,55955456,924696576,84508672,1452355584,1542922240,1611251712,54222848,54026240,54968320
1446666240,1455341568,57704448,55955456,924696576,84508672,1452355584,1542922240,1489039360,54222848,54026240,54968320
1457741824,1455341568,57704448,55955456,924696576,84508672,1621360640,1271267328,1660817408,54222848,54026240,54968320
1457741824,1169879040,57704448,55955456,924696576,84508672,1349758976,1531846656,1660817408,54222848,54026240,54968320
1345880064,1419378688,57704448,55955456,924696576,84508672,1349758976,1533583360,1611251712,54222848,54026240,54968320
1323778048,1419378688,57704448,55955456,924696576,84508672,1500262400,1533583360,1611251712,54222848,54026240,54968320
1323778048,1466286080,57704448,55955456,924696576,84508672,1562533888,1426063360,1562177536,54222848,54026240,54968320
1422909440,1466286080,57704448,55955456,924696576,84508672,1562533888,1426063360,1313751040,54222848,54026240,54968320
1444036608,1231384576,57704448,55955456,924696576,84508672,1402925056,1533583360,1313751040,54222848,54026240,54968320
1372450816,1231384576,57704448,55955456,924696576,84508672,1402925056,1533583360,1563381760,54222848,54026240,54968320
1172381696,1419374592,57704448,55955456,924696576,84508672,1572745216,1509826560,1563381760,54222848,54026240,54968320
1172381696,1465413632,57704448,55955456,924696576,84508672,1574481920,1260191744,1588183040,54222848,54026240,54968320
1446666240,1467150336,57704448,55955456,924696576,84508672,1574481920,1509826560,1588183040,54222848,54026240,54968320
1446666240,1467150336,57704448,55955456,924696576,84508672,1252421632,1509826560,1588183040,54222848,54026240,54968320
1457741824,1317539840,57704448,55955456,924696576,84508672,1252421632,1283207168,1439604736,54222848,54026240,54968320
1397231616,1418477568,57704448,55955456,924696576,84508672,1525813248,1532841984,1439604736,54222848,54026240,54968320
1397231616,1418477568,57704448,55955456,924696576,84508672,1608564736,1532841984,1612947456,54222848,54026240,54968320
1287053312,1517608960,57704448,55955456,924696576,84508672,1402925056,1544658944,1612947456,54222848,54026240,54968320
1409941504,1444290560,57704448,55955456,924696576,84508672,1572745216,1546465280,1395085312,54222848,54026240,54968320
1409941504,1444290560,57704448,55955456,924696576,84508672,1572745216,1485938688,1395085312,54222848,54026240,54968320
1443168256,1169879040,57704448,55955456,924696576,84508672,1574481920,1531846656,1587269632,54222848,54026240,54968320
1421148160,1169879040,57704448,55955456,924696576,84508672,1353363456,1531846656,1587269632,54222848,54026240,54968320
1196163072,1443266560,57704448,55955456,924696576,84508672,1353363456,1260191744,1512026112,54222848,54026240,54968320
1346666496,1465417728,57704448,55955456,924696576,84508672,1601048576,1260191744,1512026112,54222848,54026240,54968320
1346666496,1465417728,57704448,55955456,924696576,84508672,1601048576,1552261120,1512026112,54222848,54026240,54968320
1445797888,1443397632,57704448,55955456,924696576,84508672,1553289216,1552261120,1611157504,54222848,54026240,54968320
1434722304,1267978240,57704448,55955456,924696576,84508672,1553289216,1552261120,1611157504,54222848,54026240,54968320
1160437760,1468940288,57704448,55955456,924696576,84508672,1553289216,1552261120,1611157504,54222848,54026240,54968320
1360506880,1468940288,57704448,55955456,924696576,84508672,1525813248,1436372992,1660723200,54222848,54026240,54968320
1360506880,1468940288,57704448,55955456,924696576,84512768,1621364736,1553997824,1563385856,54222848,54026240,54968320
1456873472,1492828160,57704448,55955456,924696576,84512768,1621364736,1553997824,1563385856,54222848,54026240,54968320
1456873472,1169879040,57704448,55955456,924696576,84512768,1576267776,1386807296,1563385856,54222848,54026240,54968320
1385287680,1169879040,57704448,55955456,924696576,84512768,1576267776,1436372992,1538617344,54222848,54026240,54968320
1185218560,1169879040,57704448,55955456,924696576,84512768,1627348992,1485938688,1538617344,54222848,54026240,54968320
1185218560,1455210496,57704448,55955456,924696576,84512768,1627348992,1485938688,1572216832,54222848,54026240,54968320
1434853376,1466286080,57704448,55955456,924696576,84512768,1576267776,1433710592,1588183040,54222848,54026240,54968320
1443168256,1466286080,57704448,55955456,924696576,84512768,1538646016,1433710592,1588183040,54222848,54026240,54968320
1492680704,1231384576,57704448,55955456,924696576,84512768,1538646016,1433710592,1489051648,54222848,54026240,54968320
1492680704,1332322304,57704448,55955456,924696576,84512768,1402925056,1532841984,1588183040,54222848,54026240,54968320
1196163072,1332322304,57704448,55955456,924696576,84512768,1402925056,1532841984,1588183040,54222848,54026240,54968320
1445797888,1466257408,57704448,55955456,924696576,84512768,1572745216,1398751232,1612054528,54222848,54026240,54968320
1445797888,1490145280,57704448,55955456,924696576,84512768,1501921280,1398751232,1612054528,54222848,54026240,54968320
1445797888,1490145280,57704448,55955456,924696576,84512768,1501921280,1485938688,1489051648,54222848,54026240,54968320
1445797888,1291997184,57704448,55955456,924696576,84512768,1452355584,1485938688,1586376704,54222848,54026240,54968320
1398038528,1291997184,57704448,55955456,924696576,84512768,1452355584,1509773312,1586376704,54222848,54026240,54968320
1398038528,1466257408,57704448,55955456,924696576,84512768,1561669632,1531846656,1464250368,54222848,54026240,54968320
1396232192,1477332992,57704448,55955456,924696576,84512768,1301852160,1531846656,1363312640,54222848,54026240,54968320
1455980544,1477332992,57704448,55955456,924696576,84512768,1301852160,1435344896,1363312640,54222848,54026240,54968320
1455980544,1427767296,57704448,55955456,924696576,84512768,1537753088,1534476288,1612947456,54222848,54026240,54968320
1457717248,1326829568,57704448,55955456,924696576,84512768,1512968192,1534476288,1540542464,54222848,54026240,54968320
1208975360,1326829568,57704448,55955456,924696576,84512768,1512968192,1534476288,1540542464,54222848,54026240,54968320
1208975360,1493716992,57704448,55955456,924696576,84512768,1463402496,1534476288,1587273728,54222848,54026240,54968320
1458610176,1493716992,57704448,55955456,924696576,84512768,1463402496,1534476288,1587273728,54222848,54026240,54968320
1458610176,1493716992,57704448,55955456,924696576,84512768,1572716544,1576148992,1561686016,54222848,54026240,54968320
1469661184,1343213568,57704448,55955456,924696576,84512768,1572716544,1386807296,1361616896,54222848,54026240,54968320
1469661184,1343213568,57704448,55955456,924696576,84512768,1463398400,1386807296,1361616896,54222848,54026240,54968320
1158803456,1493716992,57704448,55955456,924696576,84512768,1463398400,1386807296,1637728256,54222848,54026240,54968320
1158803456,1493716992,57704448,55955456,924696576,84512768,1612095488,1531846656,1637728256,54222848,54026240,54968320
1421885440,1493716992,57704448,55955456,924696576,84512768,1252421632,1534476288,1637728256,54222848,54026240,54968320
1444036608,1507471360,57704448,55955456,924696576,84512768,1252421632,1534476288,1588162560,54222848,54026240,54968320
1444036608,1305595904,57704448,55955456,924696576,84512768,1252421632,1534476288,1588162560,54222848,54026240,54968320
1397100544,1456099328,57704448,55955456,924696576,84512768,1252421632,1534476288,1588162560,54222848,54026240,54968320
1397100544,1456099328,57704448,55955456,924696576,84512768,1575374848,1527631872,1588162560,54222848,54026240,54968320
1136549888,1466281984,57704448,55955456,924696576,84512768,1575374848,1553997824,1513816064,54222848,54026240,54968320
1434722304,1418612736,57704448,55955456,924696576,84512768,1575374848,1436082176,1588183040,54222848,54026240,54968320
1445797888,1292759040,57704448,55955456,924696576,84512768,1549697024,1436082176,1588183040,54222848,54026240,54968320
1336483840,1292759040,57704448,55955456,924696576,84512768,1397809152,1509773312,1612054528,54222848,54026240,54968320
1336483840,1467150336,57704448,55955456,924696576,84512768,1562537984,1509773312,1439604736,54222848,54026240,54968320
1287053312,1514926080,57704448,55955456,924696576,84512768,1538781184,1559392256,1439604736,54222848,54026240,54968320
1445773312,1514926080,57704448,55955456,924696576,84512768,1565237248,1260191744,1588183040,54222848,54026240,54968320
1445773312,1292890112,57704448,55955456,924696576,84512768,1414733824,1509826560,1588183040,54222848,54026240,54968320
1445773312,1393827840,57704448,55955456,924696576,84512768,1414733824,1509826560,1365262336,54222848,54026240,54968320
1197031424,1393827840,57704448,55955456,924696576,84512768,1537753088,1576148992,1586380800,54222848,54026240,54968320
1347534848,1492959232,57704448,55955456,924696576,84512768,1537753088,1436372992,1586380800,54222848,54026240,54968320
1347534848,1492959232,57704448,55955456,924696576,84512768,1609416704,1532841984,1313751040,54222848,54026240,54968320
1457717248,1443393536,57704448,55955456,924696576,84512768,1513996288,1532841984,1513816064,54222848,54026240,54968320
1457717248,1219440640,57704448,55955456,924696576,84512768,1563561984,1248247808,1513816064,54222848,54026240,54968320
1457717248,1357762560,57704448,55955456,924696576,84512768,1563561984,1531846656,1588162560,54222848,54026240,54968320
1208082432,1357762560,57704448,55955456,924696576,84512768,1549832192,1557721088,1612050432,54222848,54026240,54968320
1358585856,1464520704,57704448,55955456,924696576,84512768,1404514304,1527287808,1612050432,54222848,54026240,54968320
1358585856,1464520704,57704448,55955456,924696576,84512768,1559908352,1527287808,1512919040,54222848,54026240,54968320
1457717248,1442500608,57704448,55955456,924696576,84512768,1559908352,1521639424,1512919040,54222848,54026240,54968320
1457717248,1442500608,57704448,55955456,924696576,84512768,1301852160,1521639424,1587265536,54222848,54026240,54968320
1323778048,1291997184,57704448,55955456,924696576,84512768,1452355584,1543790592,1588293632,54222848,54026240,54968320
1323778048,1478201344,57704448,55955456,924696576,84512768,1551482880,1543790592,1588293632,54222848,54026240,54968320
1173274624,1478201344,57704448,55955456,924696576,84512768,1551482880,1272135680,1637859328,54222848,54026240,54968320
1434722304,1502089216,57704448,55955456,924696576,84512768,1375301632,1472204800,1637859328,54222848,54026240,54968320
1434722304,1502089216,57704448,55955456,924696576,84512768,1375301632,1472204800,1637859328,54222848,54026240,54968320
1458610176,1328590848,57704448,55955456,924696576,84512768,1575370752,1581359104,1538727936,54222848,54026240,54968320
1458610176,1429528576,57704448,55955456,924696576,84512768,1575370752,1484910592,1563385856,54222848,54026240,54968320
1160437760,1429528576,57704448,55955456,924696576,84512768,1501155328,1484910592,1563385856,54222848,54026240,54968320
1360506880,1479987200,57704448,55955456,924696576,84512768,1501155328,1534476288,1587273728,54222848,54026240,54968320
1360506880,1479987200,57704448,55955456,924696576,84512768,1402925056,1534476288,1414823936,54222848,54026240,54968320
1444036608,1553440768,57704448,55955456,924696576,84512768,1525813248,1509826560,1414823936,54222848,54026240,54968320
1410072576,1553440768,57704448,55955456,924696576,84512768,1525813248,1509826560,1414823936,54222848,54026240,54968320
1410072576,1169879040,57704448,55955456,924696576,84512768,1525813248,1509826560,1414823936,54222848,54026240,54968320
1410072576,1479102464,57704448,55955456,924696576,84512768,1549701120,1509826560,1563385856,54222848,54026240,54968320
1410072576,1479102464,57704448,55955456,924696576,84512768,1549701120,1460260864,1635049472,54222848,54026240,54968320
1443168256,1479102464,57704448,55955456,924696576,84512768,1301852160,1460260864,1313882112,54222848,54026240,54968320
1443168256,1253355520,57704448,55955456,924696576,84512768,1573679104,1532841984,1313882112,54222848,54026240,54968320
1196163072,1354293248,57704448,55955456,924696576,84512768,1573679104,1435414528,1588183040,54222848,54026240,54968320
1196163072,1467154432,57704448,55955456,924696576,84512768,1573785600,1435414528,1562488832,54222848,54026240,54968320
1196163072,1467154432,57704448,55955456,924696576,84512768,1573785600,1534545920,1562488832,54222848,54026240,54968320
1445797888,1467154432,57704448,55955456,924696576,84512768,1551618048,1534545920,1612947456,54222848,54026240,54968320
1445797888,1181822976,57704448,55955456,924696576,84512768,1551618048,1284911104,1612947456,54222848,54026240,54968320
1445797888,1181822976,57704448,55955456,924696576,84512768,1574481920,1534545920,1363312640,54222848,54026240,54968320
1335721984,1181822976,57704448,55955456,924696576,84512768,1501921280,1534545920,1587269632,54222848,54026240,54968320
1185218560,1465421824,57704448,55955456,924696576,84512768,1501921280,1534545920,1587269632,54222848,54026240,54968320
1185218560,1465421824,57704448,55955456,924696576,84512768,1550241792,1458593792,1264320512,54222848,54026240,54968320
1434853376,1443401728,57704448,55955456,924696576,84512768,1574477824,1508159488,1587273728,54222848,54026240,54968320
1434853376,1218416640,57704448,55955456,924696576,84512768,1351413760,1508159488,1587273728,54222848,54026240,54968320
1458610176,1218416640,57704448,55955456,924696576,84512768,1351413760,1542991872,1512120320,54222848,54026240,54968320
1185218560,1468944384,57704448,55955456,924696576,84512768,1551482880,1372274688,1512120320,54222848,54026240,54968320
1185218560,1468944384,57704448,55955456,924696576,84512768,1502052352,1372274688,1611251712,54222848,54026240,54968320
1435615232,1468944384,57704448,55955456,924696576,84512768,1502052352,1520971776,1611251712,54222848,54026240,54968320
1446690816,1468944384,57704448,55955456,924696576,84512768,1452351488,1520971776,1439604736,54222848,54026240,54968320
1459503104,1169879040,57704448,55955456,924696576,84512768,1452351488,1504501760,1587273728,54222848,54026240,54968320
1459503104,1369817088,57704448,55955456,924696576,84512768,1562558464,1509842944,1587273728,54222848,54026240,54968320
1209868288,1369817088,57704448,55955456,924696576,84512768,1562558464,1576218624,1361616896,54222848,54026240,54968320
1209868288,1466286080,57704448,55955456,924696576,84512768,1264365568,1576218624,1361616896,54222848,54026240,54968320
1459503104,1431453696,57704448,55955456,924696576,84512768,1560801280,1477087232,1611251712,54222848,54026240,54968320
1459503104,1431453696,57704448,55955456,924696576,84512768,1560801280,1485455360,1611251712,54222848,54026240,54968320
1459503104,1231384576,57704448,55955456,924696576,84512768,1526702080,1485455360,1611251712,54222848,54026240,54968320
1311703040,1231384576,57704448,55955456,924696576,84512768,1537908736,1554067456,1463361536,54222848,54026240,54968320
1311703040,1431453696,57704448,55955456,924696576,84512768,1537908736,1504501760,1536520192,54222848,54026240,54968320
1161199616,1466286080,57704448,55955456,924696576,84512768,1387270144,1504501760,1536520192,54222848,54026240,54968320
1434722304,1479098368,57704448,55955456,924696576,84512768,1576259584,1436442624,1612947456,54222848,54026240,54968320
1434722304,1194528768,57704448,55955456,924696576,84512768,1576259584,1436442624,1612947456,54222848,54026240,54968320
1445797888,1194528768,57704448,55955456,924696576,84512768,1425756160,1552330752,1612947456,54222848,54026240,54968320
1336483840,1444159488,57704448,55955456,924696576,84512768,1425756160,1552330752,1612947456,54222848,54026240,54968320
1336483840,1444159488,57704448,55955456,924696576,84512768,1425756160,1552330752,1612947456,54222848,54026240,54968320
1185980416,1468047360,57704448,55955456,924696576,84512768,1526693888,1502765056,1513816064,54222848,54026240,54968320
1185980416,1468047360,57704448,55955456,924696576,84512768,1526693888,1502765056,1637728256,54222848,54026240,54968320
1456873472,1291866112,57704448,55955456,924696576,84512768,1561632768,1486008320,1637728256,54222848,54026240,54968320
1456873472,1291866112,57704448,55955456,924696576,84512768,1452482560,1544728576,1588162560,54222848,54026240,54951936
1469661184,1442373632,57704448,55955456,924696576,84512768,1452482560,1544728576,1588162560,54222848,54026240,54951936
1161199616,1541500928,57704448,55955456,924696576,84512768,1573679104,1411354624,1562484736,54222848,54026240,54951936
1374720000,1541500928,57704448,55955456,924696576,84512768,1573679104,1552330752,1586372608,54222848,54026240,54951936
1374720000,1541500928,57704448,55955456,924696576,84512768,1645350912,1552330752,1610260480,54222848,54026240,54951936
1444904960,1394728960,57704448,55955456,924696576,84512768,1551486976,1552330752,1610260480,54222848,54026240,54951936
1481605120,1194659840,57704448,55955456,924696576,84512768,1551486976,1258524672,1537699840,54222848,54026240,54951936
1481605120,1194659840,57704448,55955456,924696576,84512768,1575374848,1531916288,1537699840,54222848,54026240,54951936
1160450048,1468944384,57704448,55955456,924696576,84512768,1575374848,1531916288,1587265536,54222848,54026240,54951936
1160450048,1468944384,57704448,55955456,924696576,84512768,1370365952,1409982464,1587265536,54222848,54026240,54951936
1469673472,1468944384,57704448,55955456,924696576,84512768,1547964416,1531916288,1563377664,54222848,54026240,54951936
1469673472,1219309568,57704448,55955456,924696576,84512768,1547964416,1531916288,1612943360,54222848,54026240,54951936
1469673472,1219309568,57704448,55955456,924696576,84512768,1300959232,1533652992,1612943360,54222848,54026240,54951936
1469673472,1369808896,57704448,55955456,924696576,84512768,1300959232,1533652992,1612943360,54222848,54026240,54951936
1220038656,1466281984,57704448,55955456,924696576,84512768,1550594048,1533652992,1289109504,54222848,54026240,54951936
1220038656,1466281984,57704448,55955456,924696576,84512768,1550594048,1454936064,1289109504,54222848,54026240,54951936
1469673472,1431449600,57704448,55955456,924696576,84512768,1585532928,1454936064,1612955648,54222848,54026240,54951936
1469673472,1431449600,57704448,55955456,924696576,84512768,1439518720,1542991872,1612955648,54222848,54026240,54951936
1469673472,1280946176,57704448,55955456,924696576,84512768,1439518720,1520971776,1612955648,54222848,54026240,54951936
1220038656,1431449600,57704448,55955456,924696576,84512768,1570983936,1271336960,1612955648,54222848,54026240,54951936
1220038656,1478225920,57704448,55955456,924696576,84512768,1252421632,1271336960,1612955648,54222848,54026240,54951936
1370542080,1478225920,57704448,55955456,924696576,84512768,1252421632,1520971776,1439612928,54222848,54026240,54968320
1469673472,1478225920,57704448,55955456,924696576,84512768,1537757184,1520971776,1439612928,54222848,54026240,54968320
1416515584,1169879040,57704448,55955456,924696576,84512768,1620496384,1579692032,1439612928,54222848,54026240,54968320
1416515584,1169879040,57704448,55955456,924696576,84512768,1620496384,1458593792,1588191232,54222848,54026240,54968320
1287065600,1478205440,57704448,55955456,924696576,84512768,1299329024,1458593792,1612062720,54222848,54026240,54968320
1409953792,1478205440,57704448,55955456,924696576,84512768,1299329024,1531916288,1362427904,54222848,54026240,54968320
1409953792,1442369536,57704448,55955456,924696576,84512768,1562562560,1484087296,1362427904,54222848,54026240,54968320
1443180544,1291866112,57704448,55955456,924696576,84512768,1547001856,1384955904,1612062720,54222848,54026240,54968320
1445810176,1291866112,57704448,55955456,924696576,84512768,1547001856,1384955904,1612062720,54222848,54026240,54968320
1196175360,1516716032,57704448,55955456,924696576,84512768,1547001856,1533652992,1612062720,54222848,54026240,54968320
1196175360,1516716032,57704448,55955456,924696576,84512768,1402789888,1533652992,1612062720,54222848,54026240,54968320
1470590976,1516716032,57704448,55955456,924696576,84512768,1592262656,1496055808,1313759232,54222848,54026240,54968320
1470590976,1316646912,57704448,55955456,924696576,84512768,1592262656,1496055808,1513828352,54222848,54026240,54968320
1470590976,1316646912,57704448,55955456,924696576,84512768,1592262656,1509842944,1611259904,54222848,54026240,54968320
1421025280,1417584640,57704448,55955456,924696576,84512768,1452486656,1531916288,1611259904,54222848,54026240,54968320
1155829760,1516716032,57704448,55955456,924696576,84512768,1452486656,1531916288,1414832128,54222848,54026240,54968320
1155829760,1516716032,57704448,55955456,924696576,84512768,1562562560,1509896192,1414832128,54222848,54026240,54968320
1405464576,1516716032,57704448,55955456,924696576,84512768,1524916224,1509896192,1588191232,54222848,54026240,54968320
1405464576,1169879040,57704448,55955456,924696576,84512768,1524916224,1410764800,1338556416,54222848,54026240,54968320
1440296960,1169879040,57704448,55955456,924696576,84512768,1502056448,1410764800,1489059840,54222848,54026240,54968320
1323659264,1468940288,57704448,55955456,924696576,84512768,1502056448,1592504320,1587277824,54222848,54026240,54968320
1173155840,1468940288,57704448,55955456,924696576,84512768,1452355584,1372274688,1587277824,54222848,54026240,54968320
1173155840,1468940288,57704448,55955456,924696576,84512768,1452355584,1372274688,1512034304,54222848,54026240,54968320
1422790656,1492828160,57704448,55955456,924696576,84512768,1576263680,1533652992,1512034304,54222848,54026240,54968320
1422790656,1292759040,57704448,55955456,924696576,84512768,1576263680,1410764800,1612951552,54222848,54026240,54968320
1445785600,1292759040,57704448,55955456,924696576,84512768,1576263680,1532911616,1612951552,54222848,54026240,54968320
1172393984,1472950272,57704448,55955456,924696576,84512768,1501761536,1532911616,1563385856,54222848,54026240,54968320
1172393984,1472950272,57704448,55955456,924696576,84512768,1575374848,1461092352,1563385856,54222848,54026240,54968320
1372463104,1464520704,57704448,55955456,924696576,84512768,1427705856,1261023232,1414832128,54222848,54026240,54968320
1455992832,1466257408,57704448,55955456,924696576,84512768,1526837248,1531916288,1563394048,54222848,54026240,54968320
1455992832,1316646912,57704448,55955456,924696576,84512768,1526837248,1460330496,1563394048,54222848,54026240,54968320
1455992832,1316646912,57704448,55955456,924696576,84512768,1560776704,1410764800,1561694208,54222848,54026240,54968320
1406427136,1417584640,57704448,55955456,924696576,84512768,1462538240,1410764800,1361625088,54222848,54026240,54968320
1348575232,1417584640,57704448,55955456,924696576,84512768,1462538240,1533652992,1612955648,54222848,54026240,54968320
1348575232,1468043264,57704448,55955456,924696576,84512768,1561669632,1260261376,1612955648,54222848,54026240,54968320
1455124480,1491931136,57704448,55955456,924696576,84512768,1561669632,1260261376,1563389952,54222848,54026240,54968320
1407295488,1341427712,57704448,55955456,924696576,84512768,1451593728,1509896192,1363320832,54222848,54026240,54968320
1407295488,1491779584,57704448,55955456,924696576,84512768,1576267776,1509896192,1363320832,54222848,54026240,54968320
1136562176,1491779584,57704448,55955456,924696576,84512768,1576267776,1384488960,1464258560,54222848,54026240,54968320
1409953792,1541496832,57704448,55955456,924696576,84512768,1576267776,1532911616,1588170752,54222848,54026240,54968320
1444917248,1541496832,57704448,55955456,924696576,84512768,1427570688,1532911616,1588170752,54222848,54026240,54968320
1444917248,1478914048,57704448,55955456,924696576,84512768,1427570688,1532911616,1588170752,54222848,54026240,54968320
1287065600,1269002240,57704448,55955456,924696576,84512768,1427570688,1532911616,1588170752,54222848,54026240,54968320
1287065600,1269002240,57704448,55955456,924696576,84512768,1427570688,1534545920,1513963520,54222848,54026240,54968320
1136562176,1444155392,57704448,55955456,924696576,84512768,1550610432,1284911104,1611259904,54222848,54026240,54968320
1446678528,1444155392,57704448,55955456,924696576,84512768,1550610432,1284911104,1611259904,54222848,54026240,54968320
1446678528,1468043264,57704448,55955456,924696576,84512768,1575370752,1534545920,1439612928,54222848,54026240,54968320
1457754112,1457909760,57704448,55955456,924696576,84512768,1252421632,1484980224,1587281920,54222848,54026240,54968320
1457754112,1457909760,57704448,55955456,924696576,84512768,1252421632,1484980224,1587281920,54222848,54026240,54968320
1173286912,1256034304,57704448,55955456,924696576,84512768,1526775808,1534545920,1611259904,54222848,54026240,54968320
1173286912,1468940288,57704448,55955456,924696576,84512768,1488211968,1545621504,1612955648,54222848,54026240,54968320
1173286912,1468940288,57704448,55955456,924696576,84512768,1488211968,1545621504,1612955648,54222848,54026240,54968320
1455124480,1468940288,57704448,55955456,924696576,84512768,1525813248,1461223424,1612955648,54222848,54026240,54968320
1455124480,1443262464,57704448,55955456,924696576,84512768,1542701056,1261154304,1612955648,54222848,54026240,54968320
1168396288,1169879040,57704448,55955456,924696576,84512768,1542701056,1543884800,1363320832,54222848,54026240,54968320
1168396288,1169879040,57704448,55955456,924696576,84512768,1396215808,1543884800,1637736448,54222848,54026240,54968320
1299009536,1455210496,57704448,55955456,924696576,84516864,1600176128,1316339712,1538605056,54222848,54026240,54968320
1299009536,1455210496,57704448,55955456,924696576,84516864,1550610432,1316339712,1538605056,54222848,54026240,54968320
1457754112,1466286080,57704448,55955456,924696576,84516864,1550610432,1509842944,1562492928,54222848,54026240,54968320
1457754112,1466286080,57704448,55955456,924696576,84516864,1596751872,1536647168,1562492928,54222848,54026240,54968320
1457754112,1231384576,57704448,55955456,924696576,84516864,1600176128,1536647168,1574436864,54222848,54026240,54968320
1220931584,1467150336,57704448,55955456,924696576,84516864,1600176128,1534545920,1574436864,54222848,54026240,54968320
1421000704,1467150336,57704448,55955456,924696576,84516864,1439649792,1473036288,1400176640,54222848,54026240,54968320
1421000704,1479094272,57704448,55955456,924696576,84516864,1559040000,1473036288,1400176640,54222848,54026240,54968320
1470566400,1479094272,57704448,55955456,924696576,84516864,1537019904,1473036288,1600245760,54222848,54026240,54968320
1470566400,1410662400,57704448,55955456,924696576,84516864,1537019904,1522601984,1561600000,54222848,54026240,54968320
1161342976,1304834048,57704448,55955456,924696576,84516864,1412972544,1532784640,1411096576,54222848,54009856,54968320
1161342976,1468043264,57704448,55955456,924696576,84516864,1551482880,1532784640,1411096576,54222848,54009856,54968320
1415680000,1468043264,57704448,55955456,924696576,84516864,1540403200,1433653248,1561600000,54222848,54009856,54968320
1415680000,1491931136,57704448,55955456,924696576,84516864,1540403200,1384087552,1611165696,54222848,54009856,54968320
1421160448,1491931136,57704448,55955456,924696576,84516864,1551613952,1532784640,1439608832,54222848,54009856,54968320
1171525632,1341427712,57704448,55955456,924696576,84516864,1575370752,1532784640,1612955648,54222848,54009856,54968320
1171525632,1442365440,57704448,55955456,924696576,84516864,1575370752,1581428736,1612955648,54222848,54009856,54968320
1171525632,1465384960,57704448,55955456,924696576,84516864,1377247232,1460330496,1439612928,54222848,54009856,54968320
1457729536,1465384960,57704448,55955456,924696576,84516864,1377247232,1509896192,1439612928,54222848,54009856,54968320
1457729536,1480118272,57704448,55955456,924696576,84516864,1377247232,1509896192,1439612928,54222848,54009856,54968320
1457729536,1329614848,57704448,55955456,924696576,84516864,1377247232,1509896192,1439612928,54222848,54009856,54968320
1462951936,1491767296,57704448,55955456,924696576,84516864,1550594048,1509896192,1588191232,54222848,54009856,54968320
1231982592,1491767296,57704448,55955456,924696576,84516864,1598369792,1553268736,1588191232,54222848,54009856,54968320
1231982592,1503875072,57704448,55955456,924696576,84516864,1598369792,1436442624,1588191232,54222848,54009856,54968320
1450557440,1503875072,57704448,55955456,924696576,84516864,1277202432,1436442624,1338556416,54222848,54009856,54968320
1455124480,1503875072,57704448,55955456,924696576,84516864,1277202432,1531916288,1563394048,54222848,54009856,54968320
1455124480,1194659840,57704448,55955456,924696576,84516864,1587343360,1509896192,1587281920,54222848,54009856,54968320
1362194432,1295597568,57704448,55955456,924696576,84516864,1587343360,1509896192,1587281920,54222848,54009856,54968320
1160318976,1295597568,57704448,55955456,924696576,84516864,1561669632,1509896192,1587281920,54222848,54009856,54968320
1421897728,1493721088,57704448,55955456,924696576,84516864,1572745216,1554067456,1289109504,54222848,54009856,54968320
1421897728,1493721088,57704448,55955456,924696576,84516864,1585557504,1436442624,1289109504,54222848,54009856,54968320
1444048896,1444155392,57704448,55955456,924696576,84516864,1585557504,1386876928,1563394048,54222848,54009856,54968320
1444048896,1293651968,57704448,55955456,924696576,84516864,1252421632,1509842944,1563394048,54222848,54009856,54968320
1148506112,1444155392,57704448,55955456,924696576,84516864,1252421632,1509842944,1563394048,54222848,54009856,54968320
1392148480,1444155392,57704448,55955456,924696576,84516864,1570115584,1509842944,1563394048,54222848,54026240,54968320
1392148480,1477357568,57704448,55955456,924696576,84516864,1526775808,1509896192,1611259904,54222848,54026240,54968320
1445810176,1477357568,57704448,55955456,924696576,84516864,1277140992,1260261376,1611259904,54222848,54026240,54968320
1445810176,1380859904,57704448,55955456,924696576,84516864,1277140992,1509343232,1512128512,54222848,54026240,54968320
1185992704,1380859904,57704448,55955456,924696576,84516864,1526775808,1509896192,1612955648,54222848,54026240,54968320
1185992704,1169879040,57704448,55955456,924696576,84516864,1574481920,1509896192,1612955648,54222848,54026240,54968320
1185992704,1491042304,57704448,55955456,924696576,84516864,1501921280,1410764800,1612955648,54222848,54026240,54968320
1185992704,1491042304,57704448,55955456,924696576,84516864,1501921280,1531916288,1563389952,54222848,54026240,54968320
1435627520,1491042304,57704448,55955456,924696576,84516864,1526702080,1484980224,1563389952,54226944,54026240,54968320
1458622464,1469091840,57704448,55955456,924696576,84516864,1572741120,1435414528,1637736448,54226944,54026240,54968320
1458622464,1469091840,57704448,55955456,924696576,84516864,1452351488,1435414528,1439612928,54226944,54026240,54968320
1160450048,1270816768,57704448,55955456,924696576,84516864,1452351488,1534545920,1439612928,54226944,54026240,54968320
1398530048,1442373632,57704448,55955456,924696576,84516864,1452351488,1435414528,1574445056,54226944,54026240,54968320
1398530048,1442373632,57704448,55955456,924696576,84516864,1452351488,1435414528,1574445056,54226944,54026240,54968320
1444917248,1477337088,57704448,55955456,924696576,84516864,1551482880,1554067456,1500987392,54226944,54026240,54968320
1457729536,1169879040,57704448,55955456,924696576,84516864,1512992768,1554067456,1500987392,54226944,54026240,54968320
1457729536,1169879040,57704448,55955456,924696576,84516864,1491570688,1462136832,1538613248,54226944,54026240,54968320
1185099776,1369948160,57704448,55955456,924696576,84516864,1491570688,1509896192,1562501120,54226944,54026240,54968320
1185099776,1369948160,57704448,55955456,924696576,84516864,1572745216,1509896192,1313759232,54226944,54026240,54968320
1434734592,1465417728,57704448,55955456,924696576,84516864,1572745216,1509896192,1313759232,54226944,54026240,54968320
1434734592,1492828160,57704448,55955456,924696576,84516864,1572745216,1509896192,1313759232,54226944,54026240,54968320
1443180544,1492828160,57704448,55955456,924696576,84516864,1572745216,1531916288,1563394048,54226944,54026240,54968320
1443180544,1243328512,57704448,55955456,924696576,84516864,1572745216,1484984320,1563394048,54226944,54026240,54968320
1171525632,1468940288,57704448,55955456,924696576,84516864,1350541312,1435414528,1587281920,54226944,54026240,54968320
1171525632,1468940288,57704448,55955456,924696576,84516864,1550594048,1435414528,1587281920,54226944,54026240,54968320
1171525632,1468940288,57704448,55955456,924696576,84516864,1550594048,1534545920,1264328704,54226944,54026240,54968320
1434734592,1443262464,57704448,55955456,924696576,84516864,1475350528,1579692032,1264328704,54226944,54026240,54968320
1445810176,1443262464,57704448,55955456,924696576,84516864,1402925056,1579692032,1563394048,54226944,54026240,54968320
1445810176,1169879040,57704448,55955456,924696576,84516864,1402925056,1258524672,1587281920,54226944,54026240,54968320
1136562176,1442373632,57704448,55955456,924696576,84516864,1562537984,1508159488,1587281920,54226944,54026240,54968320
1316204544,1442373632,57704448,55955456,924696576,84516864,1610313728,1530179584,1264328704,54226944,54026240,54968320
1316204544,1464524800,57704448,55955456,924696576,84516864,1610313728,1530179584,1574445056,54226944,54026240,54968320
1421897728,1242435584,57704448,55955456,924696576,84516864,1489215488,1557725184,1574445056,54226944,54026240,54968320
1444048896,1242435584,57704448,55955456,924696576,84516864,1538781184,1483345920,1574445056,54226944,54026240,54968320
1444048896,1242435584,57704448,55955456,924696576,84516864,1538781184,1483345920,1476206592,54226944,54026240,54968320
1173155840,1468047360,57704448,55955456,924696576,84516864,1526837248,1554067456,1476206592,54226944,54026240,54968320
1173155840,1468047360,57704448,55955456,924696576,84516864,1277202432,1559461888,1507061760,54226944,54026240,54968320
1173155840,1479122944,57704448,55955456,924696576,84516864,1526837248,1559461888,1507061760,54226944,54026240,54968320
1445785600,1320247296,57704448,55955456,924696576,84516864,1571852288,1462136832,1588170752,54226944,54026240,54968320
1422028800,1219309568,57704448,55955456,924696576,84516864,1571852288,1410764800,1588170752,54226944,54026240,54968320
1422028800,1442369536,57704448,55955456,924696576,84516864,1621364736,1509896192,1588170752,54226944,54026240,54968320
1172393984,1464520704,57704448,55955456,924696576,84516864,1426812928,1509896192,1589977088,54226944,54026240,54968320
1459515392,1514033152,57704448,55955456,924696576,84516864,1377247232,1532911616,1637736448,54226944,54026240,54968320
1459515392,1514033152,57704448,55955456,924696576,84516864,1550594048,1532911616,1637736448,54226944,54026240,54968320
1459515392,1316646912,57704448,55955456,924696576,84516864,1550594048,1236373504,1637736448,54226944,54026240,54968320
1384271872,1516716032,57704448,55955456,924696576,84516864,1574481920,1557868544,1637736448,54226944,54026240,54968320
1233768448,1516716032,57704448,55955456,924696576,84516864,1598369792,1557868544,1338273792,54226944,54026240,54968320
1233768448,1516716032,57704448,55955456,924696576,84516864,1598369792,1508302848,1736859648,54226944,54026240,54968320
1483403264,1516716032,57704448,55955456,924696576,84516864,1598369792,1436442624,1736859648,54226944,54026240,54968320
1433104384,1169879040,57704448,55955456,924696576,84516864,1598369792,1436442624,1736859648,54226944,54026240,54968320
1422028800,1169879040,57704448,55955456,924696576,84516864,1598369792,1520971776,1736859648,54226944,54026240,54968320
1172393984,1429037056,57704448,55955456,924696576,84516864,1276309504,1520971776,1387610112,54226944,54026240,54968320
1172393984,1429037056,57704448,55955456,924696576,84516864,1276309504,1271336960,1586388992,54226944,54026240,54968320
1420468224,1464524800,57704448,55955456,924696576,84516864,1426812928,1271336960,1586388992,54226944,54026240,54968320
1455992832,1417588736,57704448,55955456,924696576,84516864,1426812928,1271336960,1586388992,54226944,54026240,54968320
1457729536,1267085312,57704448,55955456,924696576,84516864,1426812928,1271336960,1586388992,54226944,54026240,54968320
1457729536,1516716032,57704448,55955456,924696576,84516864,1575374848,1552330752,1605906432,54226944,54026240,54968320
1160450048,1516716032,57704448,55955456,924696576,84516864,1525809152,1532911616,1605906432,54226944,54026240,54968320
1310953472,1516716032,57704448,55955456,924696576,84516864,1325740032,1283276800,1523363840,54226944,54026240,54968320
1310953472,1516716032,57704448,55955456,924696576,84516864,1325740032,1532911616,1575337984,54226944,54026240,54968320
1472352256,1417584640,57704448,55955456,924696576,84516864,1525813248,1552330752,1575337984,54226944,54026240,54968320
1472352256,1417584640,57704448,55955456,924696576,84516864,1525813248,1552330752,1426771968,54226944,54026240,54968320
1472352256,1316646912,57704448,55955456,924696576,84516864,1525809152,1508159488,1574440960,54226944,54026240,54968320
1222717440,1491038208,57704448,55955456,924696576,84516864,1551486976,1508159488,1574440960,54226944,54026240,54968320
1222717440,1491038208,57704448,55955456,924696576,84516864,1551486976,1455943680,1500983296,54226944,54026240,54968320
1422786560,1491038208,57704448,55955456,924696576,84520960,1551486976,1508159488,1500983296,54226944,54026240,54968320
1446674432,1341427712,57704448,55955456,924696576,84520960,1526837248,1409028096,1500983296,54226944,54026240,54968320
1446674432,1341427712,57704448,55955456,924696576,84520960,1277202432,1506062336,1500983296,54226944,54026240,54968320
1424728064,1442365440,57704448,55955456,924696576,84520960,1551486976,1506062336,1600114688,54226944,54026240,54968320
1424728064,1491931136,57704448,55955456,924696576,84520960,1551486976,1435414528,1649774592,54226944,54026240,54968320
1222848512,1491931136,57704448,55955456,924696576,84520960,1562562560,1435414528,1439612928,54226944,54026240,54968320
1458642944,1491931136,57704448,55955456,924696576,84520960,1551618048,1534545920,1439612928,54226944,54026240,54968320
1458642944,1269002240,57704448,55955456,924696576,84520960,1551618048,1534545920,1587281920,54226944,54026240,54968320
1458642944,1269002240,57704448,55955456,924696576,84520960,1551618048,1473036288,1587281920,54226944,54026240,54968320
1235554304,1518637056,57704448,55955456,924696576,84520960,1571876864,1272967168,1588178944,54226944,54026240,54968320
1235554304,1518637056,57704448,55955456,924696576,84520960,1573613568,1272967168,1587281920,54226944,54026240,54968320
1433190400,1518637056,57704448,55955456,924696576,84520960,1573613568,1531916288,1587281920,54226944,54026240,54968320
1435623424,1394728960,57704448,55955456,924696576,84520960,1252421632,1284911104,1611259904,54226944,54026240,54968320
1435623424,1194659840,57704448,55955456,924696576,84520960,1549701120,1284911104,1611259904,54226944,54026240,54968320
1445806080,1341947904,57704448,55955456,924696576,84520960,1573588992,1534545920,1561694208,54226944,54026240,54968320
1445916672,1341947904,57704448,55955456,924696576,84520960,1475350528,1534545920,1611259904,54226944,54026240,54968320
1198067712,1468047360,57704448,55955456,924696576,84520960,1475350528,1284911104,1611259904,54226944,54026240,54968320
1198067712,1468047360,57704448,55955456,924696576,84520960,1600176128,1284911104,1512931328,54226944,54026240,54968320
1447702528,1392803840,57704448,55955456,924696576,84520960,1501044736,1534545920,1538625536,54226944,54026240,54968320
1447702528,1392803840,57704448,55955456,924696576,84520960,1402929152,1435418624,1538625536,54226944,54026240,54968320
1447702528,1169879040,57704448,55955456,924696576,84520960,1402929152,1534545920,1588191232,54226944,54026240,54968320
1472356352,1466310656,57704448,55955456,924696576,84520960,1572745216,1552330752,1588191232,54226944,54026240,54968320
1173155840,1466310656,57704448,55955456,924696576,84520960,1572745216,1552330752,1365266432,54226944,54026240,54968320
1422790656,1466310656,57704448,55955456,924696576,84520960,1572745216,1552330752,1365266432,54226944,54026240,54968320
1422790656,1469853696,57704448,55955456,924696576,84520960,1572745216,1552330752,1365266432,54226944,54026240,54968320
1444917248,1169879040,57704448,55955456,924696576,84520960,1501921280,1502765056,1365266432,54226944,54026240,54968320
1444917248,1169879040,57704448,55955456,924696576,84520960,1601048576,1486008320,1562501120,54226944,54026240,54968320
1160450048,1466261504,57704448,55955456,924696576,84520960,1351413760,1486008320,1562501120,54226944,54026240,54968320
1354522624,1466261504,57704448,55955456,924696576,84520960,1351413760,1544728576,1513828352,54226944,54026240,54968320
1354522624,1466261504,57704448,55955456,924696576,84520960,1562558464,1544728576,1513828352,54226944,54026240,54968320
1421897728,1356079104,57704448,55955456,924696576,84520960,1562558464,1260261376,1588191232,54226944,54026240,54968320
1444048896,1356079104,57704448,55955456,924696576,84520960,1463427072,1509896192,1588191232,54226944,54026240,54968320
1471594496,1455210496,57704448,55955456,924696576,84520960,1575370752,1509896192,1612062720,54226944,54026240,54968320
1172393984,1455210496,57704448,55955456,924696576,84520960,1551613952,1569484800,1464397824,54226944,54026240,54968320
1322897408,1479098368,57704448,55955456,924696576,84520960,1551613952,1443901440,1563394048,54226944,54026240,54968320
1322897408,1504792576,57704448,55955456,924696576,84520960,1287385088,1443901440,1563394048,54226944,54026240,54968320
1456861184,1504792576,57704448,55955456,924696576,84520960,1550594048,1584111616,1513959424,54226944,54026240,54968320
1397112832,1307541504,57704448,55955456,924696576,84520960,1550594048,1584111616,1588170752,54226944,54026240,54968320
1397112832,1307541504,57704448,55955456,924696576,84520960,1598369792,1534545920,1588170752,54226944,54026240,54968320
1239236608,1467154432,57704448,55955456,924696576,84520960,1402925056,1504501760,1512927232,54226944,54026240,54968320
1239236608,1490874368,57704448,55955456,924696576,84520960,1465073664,1504501760,1611161600,54226944,54026240,54968320
1444917248,1490874368,57704448,55955456,924696576,84520960,1465073664,1436442624,1611161600,54226944,54026240,54968320
1444917248,1243328512,57704448,55955456,924696576,84520960,1559040000,1581428736,1555988480,54226944,54026240,54968320
1410084864,1243328512,57704448,55955456,924696576,84520960,1487454208,1581428736,1555988480,54226944,54026240,54968320
1160450048,1444159488,57704448,55955456,924696576,84520960,1487454208,1260261376,1660727296,54226944,54026240,54968320
1160450048,1477386240,57704448,55955456,924696576,84520960,1551486976,1509896192,1563521024,54226944,54026240,54968320
1433845760,1477386240,57704448,55955456,924696576,84520960,1551486976,1552330752,1563521024,54226944,54026240,54968320
1481617408,1169879040,57704448,55955456,924696576,84520960,1562562560,1552330752,1588170752,54226944,54026240,54968320
1481617408,1169879040,57704448,55955456,924696576,84520960,1502052352,1302695936,1588170752,54226944,54026240,54968320
1481617408,1335881728,57704448,55955456,924696576,84520960,1502052352,1486008320,1588170752,54226944,54026240,54968320
1231982592,1335881728,57704448,55955456,924696576,84520960,1537753088,1486008320,1489043456,54226944,54026240,54968320
1432051712,1477361664,57704448,55955456,924696576,84520960,1570979840,1531916288,1489043456,54226944,54026240,54968320
1432051712,1502986240,57704448,55955456,924696576,84520960,1570979840,1435414528,1612054528,54226944,54026240,54968320
1455071232,1256034304,57704448,55955456,924696576,84520960,1398321152,1484980224,1635942400,54226944,54026240,54968320
1356877824,1256034304,57704448,55955456,924696576,84520960,1598386176,1484980224,1588166656,54226944,54026240,54968320
1356877824,1456103424,57704448,55955456,924696576,84520960,1598386176,1552330752,1588166656,54226944,54026240,54968320
1206374400,1478254592,57704448,55955456,924696576,84520960,1622274048,1554137088,1588166656,54226944,54026240,54968320
1206374400,1478254592,57704448,55955456,924696576,84520960,1622274048,1554137088,1588166656,54226944,54026240,54968320
1433837568,1499500544,57704448,55955456,924696576,84520960,1622274048,1554137088,1588166656,54226944,54026240,54968320
1457725440,1499500544,57704448,55955456,924696576,84520960,1499389952,1486008320,1437663232,54226944,54026240,54968320
1457725440,1181822976,57704448,55955456,924696576,84520960,1499389952,1531916288,1687293952,54226944,54026240,54968320
1136562176,1444159488,57704448,55955456,924696576,84520960,1537757184,1531916288,1687293952,54226944,54026240,54968320
1136562176,1466310656,57704448,55955456,924696576,84520960,1537757184,1534545920,1687293952,54226944,54026240,54968320
1386196992,1466310656,57704448,55955456,924696576,84520960,1561645056,1532448768,1637728256,54226944,54026240,54968320
1386196992,1444290560,57704448,55955456,924696576,84520960,1439518720,1532448768,1637728256,54226944,54026240,54968320
1444048896,1194659840,57704448,55955456,924696576,84520960,1439518720,1542991872,1574445056,54226944,54026240,54968320
1197043712,1394716672,57704448,55955456,924696576,84520960,1562537984,1542991872,1525772288,54226944,54026240,54968320
1197043712,1467154432,57704448,55955456,924696576,84520960,1452490752,1471406080,1476206592,54226944,54026240,54968320
1398853632,1467154432,57704448,55955456,924696576,84520960,1452490752,1520971776,1476206592,54226944,54026240,54968320
1398853632,1514930176,57704448,55955456,924696576,84525056,1452490752,1520971776,1588191232,54226944,54026240,54968320
1471459328,1514930176,57704448,55955456,924696576,84525056,1563430912,1531916288,1588191232,54226944,54030336,54968320
1495347200,1243328512,57704448,55955456,924696576,84525056,1313796096,1531916288,1264328704,54226944,54030336,54968320
1245712384,1418481664,57704448,55955456,924696576,84525056,1551482880,1284911104,1586388992,54226944,54030336,54968320
1245712384,1477332992,57704448,55955456,924696576,84525056,1575370752,1534545920,1634164736,54226944,54030336,54968320
1445781504,1477332992,57704448,55955456,924696576,84525056,1575370752,1534545920,1634164736,54226944,54030336,54968320
1445781504,1477332992,57704448,55955456,924696576,84525056,1301983232,1520971776,1612955648,54226944,54030336,54968320
1445781504,1291997184,57704448,55955456,924696576,84525056,1526702080,1271336960,1612955648,54226944,54030336,54968320
1136562176,1392934912,57704448,55955456,924696576,84525056,1526702080,1552330752,1612955648,54226944,54030336,54968320
1136562176,1466257408,57704448,55955456,924696576,84525056,1559928832,1552330752,1288364032,54226944,54030336,54968320
1287065600,1466257408,57704448,55955456,924696576,84525056,1559928832,1504571392,1574445056,54226944,54030336,54968320
1434734592,1490145280,57704448,55955456,924696576,84525056,1462534144,1486008320,1574445056,54226944,54030336,54968320
1434734592,1490145280,57704448,55955456,924696576,84525056,1462534144,1486008320,1575333888,54226944,54030336,54968320
1458622464,1305595904,57704448,55955456,924696576,84525056,1562558464,1486786560,1624899584,54226944,54030336,54968320
1161342976,1406533632,57704448,55955456,924696576,84525056,1287385088,1486786560,1624899584,54226944,54030336,54968320
1210130432,1505665024,57704448,55955456,924696576,84525056,1537019904,1535438848,1624899584,54226944,54030336,54968320
1210130432,1505665024,57704448,55955456,924696576,84525056,1537019904,1559326720,1525768192,54226944,54030336,54968320
1459515392,1505665024,57704448,55955456,924696576,84525056,1572720640,1559326720,1575333888,54226944,54030336,54968320
1459515392,1505665024,57704448,55955456,924696576,84525056,1264365568,1410629632,1575333888,54226944,54030336,54968320
1483403264,1218695168,57704448,55955456,924696576,84525056,1538650112,1410629632,1599225856,54226944,54030336,54968320
1233768448,1443266560,57704448,55955456,924696576,84525056,1538650112,1559326720,1599225856,54226944,54030336,54968320
1384271872,1443266560,57704448,55955456,924696576,84525056,1560801280,1533652992,1414836224,54226944,54030336,54968320
1384271872,1465417728,57704448,55955456,924696576,84525056,1560801280,1533652992,1414836224,54226944,54030336,54968320
1444917248,1465417728,57704448,55955456,924696576,84525056,1560801280,1533652992,1414836224,54226944,54030336,54968320
1444917248,1398243328,57704448,55955456,924696576,84525056,1464299520,1434521600,1611264000,54226944,54030336,54968320
1410084864,1169879040,57704448,55955456,924696576,84525056,1560772608,1533652992,1611264000,54226944,54030336,54968320
1185099776,1169879040,57704448,55955456,924696576,84525056,1560772608,1533652992,1328627712,54226944,54030336,54968320
1335603200,1444159488,57704448,55955456,924696576,84525056,1622257664,1482350592,1297014784,54226944,54030336,54968320
1434734592,1444159488,57704448,55955456,924696576,84525056,1512103936,1497952256,1369706496,54226944,54030336,175022080
1434734592,1468047360,57704448,55955456,924696576,84525056,1512103936,1497952256,1369706496,54226944,54030336,87437312
1481617408,1468047360,57704448,55955456,924696576,84525056,1601044480,1533657088,1369706496,54226944,54030336,87437312
1311715328,1194659840,57704448,55955456,924696576,84525056,1601331200,1246474240,1369706496,54226944,54030336,87437312
1161211904,1467154432,57704448,55955456,924762112,109301760,1601331200,1246474240,1369706496,54226944,54030336,87437312
1161211904,1467154432,57704448,55955456,1039065088,109301760,1478184960,1295380480,1369706496,54226944,54030336,87437312
1433841664,1467154432,57704448,55955456,1039065088,85213184,1478184960,1238933504,1369706496,54226944,175411200,87433216
1444917248,1344266240,57704448,55955456,1039065088,85213184,1360842752,1238933504,1369706496,175108096,87818240,87433216
1444917248,1344266240,57704448,55955456,1039065088,85213184,1360842752,1238933504,1369706496,175108096,87818240,87433216
1195282432,1243328512,57704448,55955456,1039065088,97218560,1360842752,1238933504,1369706496,87683072,87822336,87433216
1195282432,1455206400,57704448,55955456,1039106048,87089152,1360842752,1238933504,1369706496,87683072,87822336,87433216
1444917248,1455206400,57704448,55955456,1039106048,87089152,1360842752,1238933504,1369706496,87683072,87822336,87433216
1444917248,1466281984,57704448,55955456,1110409216,87089152,1360842752,1238933504,1369706496,87683072,87822336,87433216
1445810176,1456099328,57704448,55955456,1110409216,87089152,1360842752,1238933504,1369706496,87683072,87822336,87433216
1347383296,1305595904,57704448,55955456,1110409216,87089152,1360842752,1238933504,1369706496,87683072,87822336,87433216
1347383296,1305595904,57704448,55955456,1110409216,87089152,1360842752,1238933504,1369706496,87683072,87822336,87433216
1185230848,1456099328,57704448,55955456,1110409216,87089152,1360842752,1238933504,1369706496,87683072,87822336,87433216
1185230848,1467174912,57704448,55955456,1110409216,87089152,1360842752,1238933504,1369706496,87683072,87822336,87433216
1434865664,1467174912,57704448,55955456,1110409216,87089152,1360842752,1238933504,1369706496,87683072,87822336,87433216
1443180544,1528524800,57704448,55955456,1110409216,87089152,1360842752,1238933504,1369706496,87683072,87822336,87433216
1447616512,1528524800,57704448,55955456,1110409216,87089152,1360842752,1238933504,1369706496,87683072,87822336,87433216
1136562176,1345159168,57704448,55955456,1110409216,87089152,1360842752,1238933504,1369706496,87683072,87822336,87433216
1434734592,1478225920,57704448,55955456,1110409216,87089152,1360842752,1238933504,1369706496,87683072,87822336,87433216
1434734592,1478225920,57704448,55955456,1110409216,87089152,1360842752,1238933504,1369706496,87683072,87822336,87437312
1456885760,1491038208,57704448,55955456,1110409216,87089152,1360842752,1238933504,1369706496,87683072,87822336,87437312
1386061824,1317539840,57704448,55955456,1110409216,87089152,1360842752,1238933504,1369706496,87683072,87822336,87437312
1185992704,1317539840,57704448,55955456,1110409216,87089152,1360842752,1238933504,1369706496,87683072,87822336,87437312
1185992704,1317539840,57704448,55955456,1110409216,87089152,1360842752,1238933504,1369706496,87683072,87822336,87437312
1185992704,1468043264,57704448,55955456,1110409216,87089152,1360842752,1238933504,1369706496,87683072,87822336,87437312
1435627520,1468043264,57704448,55955456,1110409216,87089152,1360842752,1238933504,1369706496,87683072,87822336,87437312
1444073472,1468043264,57704448,55955456,1110409216,87089152,1360842752,1238933504,1369706496,87683072,87822336,87437312
1444073472,1317539840,57704448,55955456,1110409216,87093248,1360842752,1238933504,1369706496,87683072,87822336,87437312
1197068288,1317539840,57704448,55955456,1110409216,87093248,1360842752,1238933504,1369706496,87666688,87826432,87437312
1197068288,1317539840,57704448,55955456,1110409216,87093248,1360842752,1238933504,1369706496,87666688,87826432,87437312
1197068288,1479094272,57704448,55955456,1110409216,87093248,1360842752,1238933504,1369706496,87666688,87826432,87437312
1457754112,1479094272,57704448,55955456,1110409216,87093248,1360842752,1238933504,1369706496,87683072,87826432,87437312
1457754112,1479094272,57704448,55955456,1110409216,87097344,1360842752,1238933504,1369706496,87683072,87826432,87437312
1457754112,1328590848,57704448,55955456,1110409216,87097344,1360842752,1238933504,1369706496,87683072,87826432,87437312
1184362496,1328590848,57704448,55955456,1110409216,87097344,1360842752,1238933504,1369706496,87683072,87826432,87437312
1334865920,1429528576,57704448,55955456,1110409216,87097344,1360842752,1238933504,1369706496,87683072,87826432,87441408
1334865920,1467146240,57704448,55955456,1110409216,87097344,1360842752,1238933504,1369706496,87683072,87826432,87441408
1444941824,1467146240,57704448,55955456,1110409216,87097344,1360842752,1238933504,1369706496,87687168,87826432,87441408
1444941824,1514921984,57704448,55955456,1110409216,87105536,1360842752,1238933504,1369706496,87687168,87826432,87441408
1493561344,1342451712,57704448,55955456,1110409216,87105536,1360842752,1238933504,1369706496,87687168,87830528,87441408
1493561344,1342451712,57704448,55955456,1110409216,87109632,1360842752,1238933504,1369706496,87687168,87830528,87441408
1197043712,1492955136,57704448,55955456,1110409216,87109632,1360842752,1238933504,1369706496,87687168,87830528,87441408
1493561344,1492955136,57704448,55955456,1110409216,87109632,1360842752,1238933504,1369706496,87687168,87830528,87441408
1493561344,1492955136,57704448,55955456,1110409216,87109632,1360842752,1238933504,1369706496,87687168,87830528,87441408
1493561344,1492955136,57704448,55955456,1110409216,87109632,1360842752,1238933504,1369706496,87687168,87830528,87441408
1386196992,1342451712,57704448,55955456,1110409216,87109632,1360842752,1238933504,1369706496,87687168,87830528,87441408
1136562176,1492955136,57704448,55955456,1110409216,87109632,1360842752,1238933504,1369706496,87691264,87830528,87441408
1136562176,1492955136,57704448,55955456,1110409216,87109632,1360842752,1238933504,1369706496,87691264,87830528,87445504
1287065600,1492955136,57704448,55955456,1110409216,87109632,1360842752,1238933504,1369706496,87691264,87830528,87445504
1444048896,1492955136,57704448,55955456,1110409216,87109632,1360842752,1238933504,1369706496,87691264,87830528,87445504
1444048896,1492955136,57704448,55955456,1110409216,87109632,1360842752,1238933504,1369706496,87691264,87830528,87445504
1422028800,1219440640,57704448,55955456,1110409216,87109632,1360842752,1238933504,1369706496,87691264,87830528,87445504
1422028800,1219440640,57704448,55955456,1110409216,87109632,1360842752,1238933504,1369706496,87691264,87830528,87445504
1197043712,1468047360,57704448,55955456,1110409216,87109632,1360842752,1238933504,1369706496,87691264,87830528,87445504
1446678528,1468047360,57704448,55955456,1110409216,87109632,1360842752,1238933504,1369706496,87695360,87830528,87445504
1446678528,1468047360,57704448,55955456,1110409216,87109632,1360842752,1238933504,1369706496,87695360,87830528,87445504
1456861184,1468047360,57704448,55955456,1110409216,87109632,1360846848,1238933504,1369706496,87695360,87830528,87445504
1455587328,1169879040,57704448,55955456,1110409216,87109632,1360846848,1238933504,1369706496,87695360,87830528,87445504
1455587328,1169879040,57704448,55955456,1110409216,87109632,1360846848,1238933504,1369706496,87695360,87830528,87445504
1207226368,1468051456,57704448,55955456,1110409216,87109632,1360846848,1238933504,1369706496,87695360,87830528,87445504
1207226368,1468051456,57704448,55955456,1110409216,87109632,1360846848,1238933504,1369706496,87695360,87830528,87445504
1456861184,1468051456,57704448,55955456,1110409216,87109632,1360846848,1238933504,1369706496,87695360,87830528,87445504
1456861184,1419378688,57704448,55955456,1110409216,87109632,1360846848,1238933504,1369706496,87695360,87830528,87445504
1456861184,1219309568,57704448,55955456,1110409216,87109632,1360846848,1238933504,1369706496,87695360,87830528,87445504
1377865728,1219309568,57704448,55955456,1110409216,87109632,1360846848,1238933504,1369706496,87695360,87830528,87449600
1377865728,1419378688,57704448,55955456,1110409216,87109632,1360846848,1238933504,1369706496,87695360,87830528,87449600
1422921728,1419374592,57704448,55955456,1110409216,87109632,1360846848,1238933504,1369706496,87695360,87830528,87449600
1422921728,1419374592,57704448,55955456,1110409216,87109632,1360846848,1238933504,1369706496,87695360,87830528,87449600
1397112832,1169879040,57704448,55955456,1110409216,87109632,1360846848,1238933504,1369706496,87695360,87830528,87449600
1397112832,1466261504,57704448,55955456,1110409216,87109632,1360846848,1238933504,1369706496,87695360,87830528,87449600
1136562176,1466261504,57704448,55955456,1110409216,87109632,1360846848,1238933504,1369706496,87695360,87830528,87449600
1435627520,1477337088,57704448,55955456,1110409216,87109632,1360846848,1238933504,1369706496,87695360,87830528,87449600
1435627520,1514037248,57704448,55955456,1110409216,87109632,1360846848,1238933504,1369706496,87695360,87830528,87449600
1446703104,1514037248,57704448,55955456,1110409216,87109632,1360846848,1238933504,1369706496,87695360,87834624,87449600
1446703104,1242435584,57704448,55955456,1110409216,87113728,1360846848,1238933504,1369706496,87699456,87834624,87449600
1186123776,1242435584,57704448,55955456,1110409216,87113728,1360846848,1238933504,1369706496,87699456,87834624,87449600
1336627200,1467154432,57704448,55955456,1110409216,87113728,1360846848,1238933504,1369706496,87699456,87834624,87449600
1336627200,1467154432,57704448,55955456,1110409216,87113728,1360846848,1238933504,1369706496,87699456,87834624,87449600
1444073472,1467154432,57704448,55955456,1110409216,87113728,1360846848,1238933504,1369706496,87699456,87834624,87449600
1445810176,1345028096,57704448,55955456,1110409216,87113728,1360846848,1238933504,1369706496,87699456,87834624,87449600
1445810176,1244090368,57704448,55955456,1110409216,87113728,1360846848,1238933504,1369706496,87699456,87834624,87449600
1196175360,1244090368,57704448,55955456,1110409216,87117824,1360846848,1238933504,1369706496,87699456,87834624,87449600
1196175360,1493725184,57704448,55955456,1110409216,87117824,1360846848,1238933504,1369706496,87699456,87834624,87449600
1445810176,1493725184,57704448,55955456,1110409216,87117824,1360846848,1238933504,1369706496,87699456,87834624,87449600
1445810176,1493725184,57704448,55955456,1110409216,87117824,1360846848,1238933504,1369706496,87699456,87834624,87449600
1445810176,1493725184,57704448,55955456,1110409216,87117824,1360846848,1238933504,1369706496,87699456,87834624,87449600
1445810176,1244090368,57704448,55955456,1110409216,87121920,1360846848,1238933504,1369706496,87699456,87834624,87449600
1185992704,1345028096,57704448,55955456,1110409216,87121920,1360846848,1238933504,1369706496,87699456,87834624,87449600
1185992704,1467150336,57704448,55955456,1110409216,87121920,1360846848,1238933504,1369706496,87699456,87834624,87449600
1185992704,1467150336,57704448,55955456,1110409216,87126016,1360846848,1238933504,1369706496,87699456,87834624,87449600
1435627520,1491038208,57704448,55955456,1110409216,87126016,1360846848,1238933504,1369706496,87699456,87834624,87449600
1456885760,1491038208,57704448,55955456,1110409216,87126016,1360846848,1238933504,1369706496,87699456,87834624,87449600
1349931008,1305595904,57704448,55955456,1110409216,87130112,1360846848,1238933504,1369706496,87699456,87834624,87449600
1161211904,1456099328,57704448,55955456,1110409216,87130112,1360846848,1238933504,1369706496,87699456,87834624,87449600
1161211904,1477357568,57704448,55955456,1110409216,87130112,1360846848,1238933504,1369706496,87699456,87834624,87449600
1446678528,1477357568,57704448,55955456,1110409216,87130112,1360846848,1238933504,1369706496,87699456,87834624,87449600
1457754112,1406668800,57704448,55955456,1110409216,87130112,1360846848,1238933504,1369706496,87699456,87834624,87449600
1457754112,1406668800,57704448,55955456,1110409216,87130112,1360846848,1238933504,1369706496,87699456,87834624,87449600
1136562176,1256165376,57704448,55955456,1110409216,87130112,1360846848,1238933504,1369706496,87699456,87834624,87449600
1136562176,1456234496,57704448,55955456,1110409216,87130112,1360846848,1238933504,1369706496,87699456,87834624,87449600
1336631296,1456234496,57704448,55955456,1110409216,87130112,1360846848,1238933504,1369706496,87699456,87834624,87449600
1444048896,1466310656,57704448,55955456,1110409216,87130112,1360846848,1238933504,1369706496,87699456,87834624,87449600
1445785600,1368915968,57704448,55955456,1110409216,87130112,1360846848,1238933504,1369706496,87699456,87834624,87453696
1445785600,1368915968,57704448,55955456,1110409216,87130112,1360846848,1238933504,1369706496,87699456,87834624,87453696
1347551232,1220562944,57704448,55955456,1110409216,87130112,1360846848,1238933504,1369706496,87699456,87834624,87453696
1197043712,1220562944,57704448,55955456,1110409216,87130112,1360846848,1238933504,1369706496,87703552,87834624,87453696
1197043712,1468051456,57704448,55955456,1110409216,87130112,1360846848,1238933504,1369706496,87703552,87834624,87453696
1446678528,1514934272,57704448,55955456,1110409216,87130112,1360846848,1238933504,1369706496,87703552,87818240,87453696
1446678528,1514934272,57704448,55955456,1110409216,87130112,1360846848,1238933504,1369706496,87703552,87818240,87453696
1469673472,1194528768,57704448,55955456,1110409216,87130112,1360846848,1238933504,1369706496,87703552,87822336,87453696
1161342976,1194528768,57704448,55955456,1110409216,87130112,1360846848,1238933504,1369706496,87707648,87838720,87453696
1161342976,1443266560,57704448,55955456,1110409216,87130112,1360846848,1238933504,1369706496,87707648,87838720,87453696
1311846400,1443266560,57704448,55955456,1110409216,87130112,1360846848,1238933504,1369706496,87707648,87838720,87453696
1444048896,1476493312,57704448,55955456,1110409216,87130112,1360846848,1238933504,1369706496,87707648,87838720,87453696
1444048896,1476493312,57704448,55955456,1110409216,87130112,1360846848,1238933504,1369706496,87707648,87838720,87453696
1422028800,1243328512,57704448,55955456,1110409216,87130112,1360846848,1238933504,1369706496,87707648,87838720,87453696
1422028800,1243328512,57704448,55955456,1110409216,87130112,1360846848,1238933504,1369706496,87707648,87838720,87453696
1197043712,1243328512,57704448,55955456,1110409216,87130112,1360846848,1238933504,1369706496,87707648,87838720,87453696
1197043712,1493721088,57704448,55955456,1110409216,87130112,1360846848,1238933504,1369706496,87707648,87838720,87453696
1446678528,1493721088,57704448,55955456,1110409216,87130112,1360846848,1238933504,1369706496,87707648,87838720,87453696
1446678528,1493721088,57704448,55955456,1110409216,87130112,1360846848,1238933504,1369706496,87707648,87838720,87453696
1360519168,1293651968,57704448,55955456,1110409216,87130112,1360846848,1238933504,1369706496,87707648,87838720,87453696
1360519168,1293651968,57704448,55955456,1110409216,87130112,1360846848,1238933504,1369706496,87707648,87838720,87453696
1185099776,1493721088,57704448,55955456,1110409216,87130112,1360846848,1238933504,1369706496,87707648,87838720,87453696
1434734592,1493721088,57704448,55955456,1110409216,87130112,1360846848,1238933504,1369706496,87707648,87838720,87453696
1455992832,1493721088,57704448,55955456,1110409216,87130112,1360846848,1238933504,1369706496,87707648,87838720,87453696
1455992832,1493721088,57704448,55955456,1110409216,87130112,1360846848,1238933504,1369706496,87707648,87838720,87453696
1457729536,1194659840,57704448,55955456,1110409216,87134208,1360846848,1238933504,1369706496,87707648,87838720,87453696
1148506112,1194659840,57704448,55955456,1110409216,87134208,1360846848,1238933504,1369706496,87707648,87838720,87453696
1421897728,1468940288,57704448,55955456,1110409216,87138304,1360846848,1238933504,1369706496,87707648,87838720,87453696
1421897728,1468940288,57704448,55955456,1110409216,87142400,1360846848,1238933504,1369706496,87707648,87838720,87453696
1444048896,1468940288,57704448,55955456,1110409216,87142400,1360846848,1238933504,1369706496,87707648,87842816,87453696
1444048896,1268871168,57704448,55955456,1110409216,87142400,1360846848,1238933504,1369706496,87707648,87842816,87453696
1172393984,1369808896,57704448,55955456,1110409216,87142400,1360846848,1238933504,1369706496,87707648,87842816,87453696
1172393984,1454313472,57704448,55955456,1110409216,87142400,1360846848,1238933504,1369706496,87707648,87842816,87453696
1172393984,1454313472,57704448,55955456,1110409216,87146496,1360846848,1238933504,1369706496,87707648,87842816,87453696
1457729536,1478201344,57704448,55955456,1110409216,87146496,1360846848,1238933504,1369706496,87707648,87842816,87453696
1457729536,1304702976,57704448,55955456,1110409216,87146496,1360846848,1238933504,1369706496,87707648,87842816,87453696
1208094720,1304702976,57704448,55955456,1110409216,87146496,1360846848,1238933504,1369706496,87707648,87842816,87453696
1208094720,1405640704,57704448,55955456,1110409216,87146496,1360846848,1238933504,1369706496,87707648,87842816,87453696
1457729536,1491038208,57704448,55955456,1110409216,87150592,1360846848,1238933504,1369706496,87707648,87842816,87453696
1457729536,1491038208,57704448,55955456,1110409216,87150592,1360846848,1238933504,1369706496,87707648,87842816,87453696
1457729536,1467281408,57704448,55955456,1110409216,87150592,1360846848,1238933504,1369706496,87707648,87842816,87453696
1458622464,1316777984,57704448,55955456,1110409216,87150592,1360846848,1238933504,1369706496,87707648,87842816,87453696
1458622464,1316777984,57704448,55955456,1110409216,87150592,1360846848,1238933504,1369706496,87707648,87842816,87453696
1136562176,1316777984,57704448,55955456,1110409216,87150592,1360846848,1238933504,1369706496,87707648,87842816,87453696
1136562176,1516847104,57704448,55955456,1110409216,87150592,1360846848,1238933504,1369706496,87707648,87842816,87453696
1386196992,1516847104,57704448,55955456,1110409216,87150592,1360846848,1238933504,1369706496,87707648,87842816,87453696
1444917248,1516847104,57704448,55955456,1110409216,87150592,1360846848,1238933504,1369706496,87707648,87842816,87453696
1444917248,1419370496,57704448,55955456,1110409216,87150592,1360846848,1238933504,1369706496,87707648,87842816,87453696
1410084864,1419370496,57704448,55955456,1110409216,87150592,1360846848,1238933504,1369706496,87707648,87842816,87453696
1185099776,1270816768,57704448,55955456,1110409216,87150592,1360846848,1238933504,1369706496,87707648,87842816,87453696
1185099776,1270816768,57704448,55955456,1110409216,87150592,1360846848,1238933504,1369706496,87707648,87842816,87453696
1434734592,1465417728,57704448,55955456,1110409216,87150592,1360846848,1238933504,1369706496,87707648,87842816,87453696
1455124480,1514930176,57704448,55955456,1110409216,87150592,1360846848,1238933504,1369706496,87707648,87842816,87453696
1433104384,1267978240,57704448,55955456,1110409216,87150592,1360846848,1238933504,1369706496,87707648,87846912,87453696
1433104384,1267978240,57704448,55955456,1110409216,87150592,1360846848,1238933504,1369706496,87707648,87846912,87453696
1136562176,1368915968,57704448,55955456,1110409216,87150592,1360846848,1238933504,1369706496,87707648,87846912,87453696
1136562176,1468047360,57704448,55955456,1110409216,87150592,1360846848,1238933504,1369706496,87707648,87846912,87453696
1409953792,1468047360,57704448,55955456,1110409216,87150592,1360846848,1238933504,1369706496,87707648,87846912,87453696
1443180544,1468178432,57704448,55955456,1110409216,87150592,1360846848,1238933504,1369706496,87707648,87846912,87453696
1443180544,1194659840,57704448,55955456,1110409216,87150592,1360846848,1238933504,1369706496,87707648,87846912,87453696
1185099776,1194659840,57704448,55955456,1110409216,87150592,1360846848,1238933504,1369706496,87707648,87846912,87453696
1185099776,1394728960,57704448,55955456,1110409216,87154688,1360846848,1238933504,1369706496,87707648,87846912,87453696
1185099776,1468047360,57704448,55955456,1110409216,87154688,1360846848,1238933504,1369706496,87707648,87846912,87453696
1460408320,1468047360,57704448,55955456,1110409216,87158784,1360846848,1238933504,1369706496,87707648,87846912,87453696
1460408320,1491935232,57704448,55955456,1110409216,87158784,1360846848,1238933504,1369706496,87707648,87846912,87453696
1460408320,1491935232,57704448,55955456,1110409216,87158784,1360846848,1238933504,1369706496,87707648,87846912,87453696
1161342976,1219440640,57704448,55955456,1110409216,87158784,1360846848,1238933504,1369706496,87707648,87846912,87453696
1161342976,1219440640,57704448,55955456,1110409216,87158784,1360846848,1238933504,1369706496,87707648,87846912,87453696
1410977792,1466286080,57704448,55955456,1110409216,87158784,1360846848,1238933504,1369706496,87707648,87846912,87453696
1410977792,1466286080,57704448,55955456,1110409216,87158784,1360846848,1238933504,1369706496,87707648,87846912,87453696
1445810176,1466286080,57704448,55955456,1110409216,87158784,1360846848,1238933504,1369706496,87691264,87846912,87453696
1410084864,1401458688,57704448,55955456,1110409216,87162880,1360846848,1238933504,1369706496,87691264,87846912,87453696
1160450048,1206603776,57704448,55955456,1110409216,87162880,1360846848,1238933504,1369706496,87691264,87846912,87453696
1160450048,1479098368,57704448,55955456,1110409216,87162880,1360846848,1238933504,1369706496,87707648,87846912,87453696
1410084864,1479098368,57704448,55955456,1110409216,87162880,1360846848,1238933504,1369706496,87707648,87846912,87453696
1410084864,1479098368,57704448,55955456,1110409216,87162880,1360846848,1238933504,1369706496,87707648,87846912,87453696
1455124480,1471193088,57704448,55955456,1110409216,87162880,1360846848,1238933504,1369706496,87707648,87846912,87453696
1456861184,1255272448,57704448,55955456,1110409216,87162880,1360846848,1238933504,1369706496,87707648,87846912,87453696
1136562176,1255272448,57704448,55955456,1110409216,87162880,1360846848,1238933504,1369706496,87707648,87846912,87453696
1136562176,1255272448,57704448,55955456,1110409216,87162880,1360846848,1238933504,1369706496,87707648,87846912,87453696
1136562176,1467150336,57704448,55955456,1110409216,87162880,1360846848,1238933504,1369706496,87707648,87846912,87453696
1409953792,1491038208,57704448,55955456,1110409216,87162880,1360846848,1238933504,1369706496,87707648,87846912,87453696
1409953792,1491038208,57704448,55955456,1110409216,87162880,1360846848,1238933504,1369706496,87707648,87846912,87453696
1492692992,1292890112,57704448,55955456,1110409216,87162880,1360846848,1238933504,1369706496,87707648,87846912,87453696
1136562176,1292890112,57704448,55955456,1110409216,87162880,1360846848,1238933504,1369706496,87707648,87846912,87453696
1136562176,1443393536,57704448,55955456,1110409216,87162880,1360846848,1238933504,1369706496,87707648,87846912,87453696
1136562176,1443393536,57704448,55955456,1110409216,87162880,1360846848,1238933504,1369706496,87707648,87846912,87453696
1459515392,1464520704,57704448,55955456,1110409216,87166976,1360850944,1238933504,1369706496,87707648,87846912,87453696
1459515392,1514033152,57704448,55955456,1110409216,87166976,1360850944,1238933504,1369706496,87707648,87846912,87453696
1409949696,1219440640,57704448,55955456,1110409216,87171072,1360850944,1238933504,1369706496,87707648,87846912,87453696
1409949696,1219440640,57704448,55955456,1110409216,87171072,1360850944,1238933504,1369706496,87707648,87846912,87453696
1209880576,1477361664,57704448,55955456,1110409216,87171072,1360850944,1238933504,1369706496,87707648,87846912,87453696
1483403264,1477361664,57704448,55955456,1110409216,87171072,1360850944,1238933504,1369706496,87707648,87846912,87453696
1507291136,1356210176,57704448,55955456,1110409216,87171072,1360850944,1238933504,1369706496,87707648,87846912,87453696
1507291136,1356210176,57704448,55955456,1110409216,87171072,1360850944,1238933504,1369706496,87707648,87846912,87453696
1161211904,1356210176,57704448,55955456,1110409216,87171072,1360850944,1238933504,1369706496,87711744,87846912,87453696
1161211904,1480884224,57704448,55955456,1110409216,87171072,1360850944,1238933504,1369706496,87711744,87846912,87453696
1434734592,1480884224,57704448,55955456,1110409216,87171072,1360850944,1238933504,1369706496,87711744,87846912,87453696
1434734592,1480884224,57704448,55955456,1110409216,87171072,1360850944,1238933504,1369706496,87711744,87846912,87453696
1445810176,1480884224,57704448,55955456,1110409216,87171072,1360850944,1238933504,1369706496,87711744,87846912,87453696
1311846400,1304702976,57704448,55955456,1110409216,87171072,1360850944,1238933504,1369706496,87711744,87846912,87453696
1311846400,1405640704,57704448,55955456,1110409216,87171072,1360850944,1238933504,1369706496,87711744,87846912,87453696
1161342976,1405640704,57704448,55955456,1110409216,87171072,1360850944,1238933504,1369706496,87711744,87846912,87453696
1434734592,1467150336,57704448,55955456,1110409216,87171072,1360850944,1238933504,1369706496,87711744,87846912,87453696
1434734592,1443393536,57704448,55955456,1110409216,87171072,1360850944,1238933504,1369706496,87711744,87846912,87453696
1445810176,1292890112,57704448,55955456,1110409216,87171072,1360850944,1238933504,1369706496,87711744,87846912,87453696
1445810176,1292890112,57704448,55955456,1110409216,87171072,1360850944,1238933504,1369706496,87711744,87846912,87453696
1161211904,1443393536,57704448,55955456,1110409216,87171072,1360850944,1238933504,1369706496,87711744,87846912,87453696
1161211904,1443393536,57704448,55955456,1110409216,87171072,1360850944,1238933504,1369706496,87711744,87846912,87453696
1161211904,1492959232,57704448,55955456,1110409216,87171072,1360850944,1238933504,1369706496,87711744,87846912,87453696
1445810176,1492959232,57704448,55955456,1110409216,87171072,1360850944,1238933504,1369706496,87711744,87846912,87453696
1445810176,1492959232,57704448,55955456,1110409216,87171072,1360850944,1238933504,1369706496,87711744,87846912,87453696
1445810176,1219440640,57704448,55955456,1110409216,87171072,1360850944,1238933504,1369706496,87711744,87846912,87453696
1196175360,1444159488,57704448,55955456,1110409216,87171072,1360850944,1238933504,1369706496,87711744,87846912,87453696
1196175360,1444159488,57704448,55955456,1110409216,87175168,1360850944,1238933504,1369706496,87711744,87846912,87453696
1445810176,1468047360,57704448,55955456,1110409216,87175168,1360850944,1238933504,1369706496,87711744,87846912,87453696
1445810176,1468047360,57704448,55955456,1110409216,87175168,1360850944,1238933504,1369706496,87711744,87846912,87453696
1446703104,1169879040,57704448,55955456,1110409216,87175168,1360850944,1238933504,1369706496,87711744,87846912,87453696
1161211904,1169879040,57704448,55955456,1110409216,87175168,1360850944,1238933504,1369706496,87711744,87846912,87453696
1161211904,1272606720,57704448,55955456,1110409216,87175168,1360850944,1238933504,1369706496,87711744,87846912,87453696
1161211904,1465417728,57704448,55955456,1110409216,87175168,1360850944,1238933504,1369706496,87711744,87846912,87453696
1421897728,1465417728,57704448,55955456,1110409216,87179264,1360850944,1238933504,1369706496,87711744,87846912,87453696
1444048896,1465417728,57704448,55955456,1110409216,87179264,1360850944,1238933504,1369706496,87711744,87846912,87453696
1444048896,1267978240,57704448,55955456,1110409216,87179264,1360850944,1238933504,1369706496,87711744,87851008,87453696
1471459328,1368915968,57704448,55955456,1110409216,87183360,1360850944,1238933504,1369706496,87711744,87851008,87453696
1471459328,1368915968,57704448,55955456,1110409216,87183360,1360850944,1238933504,1369706496,87711744,87851008,87453696
1173155840,1491935232,57704448,55955456,1110409216,87183360,1360850944,1238933504,1369706496,87711744,87851008,87453696
1433841664,1491935232,57704448,55955456,1110409216,87183360,1360850944,1238933504,1369706496,87711744,87851008,87453696
1433841664,1491935232,57704448,55955456,1110409216,87183360,1360850944,1238933504,1369706496,87711744,87851008,87453696
1444917248,1219440640,57704448,55955456,1110409216,87183360,1360850944,1238933504,1369706496,87711744,87851008,87453696
1386975232,1320378368,57704448,55955456,1110409216,87183360,1360850944,1238933504,1369706496,87711744,87851008,87453696
1386975232,1320378368,57704448,55955456,1110409216,87183360,1360850944,1238933504,1369706496,87711744,87851008,87453696
1185099776,1476493312,57704448,55955456,1110409216,87183360,1360850944,1238933504,1369706496,87711744,87851008,87453696
1434734592,1478230016,57704448,55955456,1110409216,87183360,1360850944,1238933504,1369706496,87711744,87851008,87453696
1444917248,1478230016,57704448,55955456,1110409216,87183360,1360850944,1238933504,1369706496,87711744,87855104,87453696
1444917248,1480036352,57704448,55955456,1110409216,87183360,1360850944,1238933504,1369706496,87711744,87855104,87453696
1311715328,1194659840,57704448,55955456,1110409216,87187456,1360850944,1238933504,1369706496,87711744,87855104,87453696
1161211904,1468944384,57704448,55955456,1110409216,87187456,1360850944,1238933504,1369706496,87711744,87855104,87453696
1161211904,1468944384,57704448,55955456,1110409216,87187456,1360850944,1238933504,1369706496,87711744,87855104,87453696
1457729536,1468944384,57704448,55955456,1110409216,87187456,1360850944,1238933504,1369706496,87711744,87855104,87453696
1457729536,1468944384,57704448,55955456,1110409216,87187456,1360850944,1238933504,1369706496,87711744,87855104,87453696
1422028800,1243197440,57704448,55955456,1110409216,87187456,1360850944,1238933504,1369706496,87711744,87855104,87453696
1172393984,1344135168,57704448,55955456,1110409216,87187456,1360850944,1238933504,1369706496,87711744,87855104,87453696
1172393984,1344135168,57704448,55955456,1110409216,87187456,1360850944,1238933504,1369706496,87711744,87855104,87457792
1433841664,1466286080,57704448,55955456,1110409216,87187456,1360850944,1238933504,1369706496,87711744,87855104,87457792
1433841664,1479098368,57704448,55955456,1110409216,87187456,1360850944,1238933504,1369706496,87711744,87855104,87457792
1444917248,1479098368,57704448,55955456,1110409216,87187456,1360850944,1238933504,1369706496,87711744,87855104,87457792
1385160704,1169879040,57704448,55955456,1110409216,87187456,1360850944,1238933504,1369706496,87711744,87855104,87457792
1385160704,1270816768,57704448,55955456,1110409216,87187456,1360850944,1238933504,1369706496,87711744,87855104,87457792
1185091584,1466310656,57704448,55955456,1110409216,87187456,1360850944,1238933504,1369706496,87711744,87838720,87457792
1434726400,1466310656,57704448,55955456,1110409216,87187456,1360850944,1238933504,1369706496,87711744,87838720,87457792
1438560256,1477890048,57704448,55955456,1110409216,87187456,1360850944,1238933504,1369706496,87711744,87838720,87457792
1438560256,1477890048,57704448,55955456,1110409216,87187456,1360850944,1238933504,1369706496,87711744,87838720,87457792
1416540160,1194659840,57704448,55955456,1110409216,87187456,1360850944,1238933504,1369706496,87715840,87855104,87457792
1191555072,1468047360,57704448,55955456,1110409216,87187456,1360850944,1238933504,1369706496,87715840,87855104,87457792
1445785600,1468047360,57704448,55955456,1110409216,87187456,1360850944,1238933504,1369706496,87715840,87855104,87457792
1456861184,1468047360,57704448,55955456,1110409216,87187456,1360850944,1238933504,1369706496,87719936,87855104,87457792
1456861184,1419374592,57704448,55955456,1110409216,87187456,1360850944,1238933504,1369706496,87719936,87855104,87457792
1207226368,1268871168,57704448,55955456,1110409216,87187456,1360855040,1238933504,1369706496,87719936,87855104,87457792
1207226368,1268871168,57704448,55955456,1110409216,87187456,1360855040,1238933504,1369706496,87719936,87855104,87457792
1390915584,1468043264,57704448,55955456,1110409216,87187456,1360855040,1238933504,1369706496,87719936,87855104,87457792
1456861184,1468043264,57704448,55955456,1110409216,87187456,1360855040,1238933504,1369706496,87719936,87855104,87457792
1456861184,1468043264,57704448,55955456,1110409216,87191552,1360855040,1238933504,1369706496,87719936,87855104,87457792
1456861184,1468936192,57704448,55955456,1110409216,87191552,1360855040,1238933504,1369706496,87719936,87855104,87457792
1446494208,1318432768,57704448,55955456,1110409216,87191552,1360855040,1238933504,1369706496,87719936,87855104,87457792
1446494208,1493716992,57704448,55955456,1110409216,87191552,1360855040,1238933504,1369706496,87719936,87855104,87457792
1208987648,1493716992,57704448,55955456,1110409216,87191552,1360855040,1238933504,1369706496,87719936,87855104,87457792
1458622464,1493716992,57704448,55955456,1110409216,87191552,1360855040,1238933504,1369706496,87719936,87855104,87457792
1458622464,1493716992,57704448,55955456,1110409216,87191552,1360855040,1238933504,1369706496,87719936,87855104,87457792
1458622464,1444151296,57704448,55955456,1110409216,87191552,1360855040,1238933504,1369706496,87719936,87855104,87457792
1422921728,1444151296,57704448,55955456,1110409216,87191552,1360855040,1238933504,1369706496,87719936,87855104,87457792
1173286912,1343213568,57704448,55955456,1110409216,87191552,1360855040,1238933504,1369706496,87719936,87855104,87457792
1173286912,1467146240,57704448,55955456,1110409216,87191552,1360855040,1238933504,1369706496,87719936,87855104,87457792
1422921728,1467146240,57704448,55955456,1110409216,87191552,1360855040,1238933504,1369706496,87719936,87855104,87457792
1422921728,1491034112,57704448,55955456,1110409216,87191552,1360855040,1238933504,1369706496,87719936,87855104,87457792
1444048896,1293783040,57704448,55955456,1110409216,87191552,1360855040,1238933504,1369706496,87719936,87855104,87457792
1444048896,1293783040,57704448,55955456,1110409216,87195648,1360855040,1238933504,1369706496,87719936,87855104,87457792
1148506112,1293783040,57704448,55955456,1110409216,87195648,1360855040,1238933504,1369706496,87719936,87855104,87457792
1148506112,1468936192,57704448,55955456,1110409216,87199744,1360855040,1238933504,1369706496,87719936,87855104,87457792
1433841664,1468936192,57704448,55955456,1110409216,87199744,1360855040,1238933504,1369706496,87719936,87855104,87457792
1455992832,1468936192,57704448,55955456,1110409216,87199744,1360855040,1238933504,1369706496,87719936,87859200,87457792
1455992832,1419370496,57704448,55955456,1110409216,87199744,1360855040,1238933504,1369706496,87719936,87859200,87457792
1384407040,1318432768,57704448,55955456,1110409216,87199744,1360855040,1238933504,1369706496,87719936,87859200,87457792
1208987648,1318432768,57704448,55955456,1110409216,87199744,1360855040,1238933504,1369706496,87719936,87859200,87457792
1208987648,1468936192,57704448,55955456,1110409216,87199744,1360855040,1238933504,1369706496,87719936,87859200,87457792
1458622464,1468936192,57704448,55955456,1110409216,87199744,1360855040,1238933504,1369706496,87719936,87859200,87457792
1458622464,1468936192,57704448,55955456,1110409216,87199744,1360855040,1238933504,1369706496,87719936,87859200,87457792
1458622464,1342320640,57704448,55955456,1110409216,87199744,1360855040,1238933504,1369706496,87719936,87859200,87457792
1459515392,1342320640,57704448,55955456,1110409216,87199744,1360855040,1238933504,1369706496,87719936,87859200,87457792
1136562176,1492824064,57704448,55955456,1110409216,87199744,1360855040,1238933504,1369706496,87719936,87859200,87457792
1136562176,1492824064,57704448,55955456,1110409216,87199744,1360855040,1238933504,1369706496,87719936,87859200,87457792
1386196992,1492824064,57704448,55955456,1110409216,87199744,1360855040,1238933504,1369706496,87719936,87859200,87457792
1444917248,1492824064,57704448,55955456,1110409216,87199744,1360855040,1238933504,1369706496,87719936,87859200,87457792
1481617408,1293651968,57704448,55955456,1110409216,87203840,1360855040,1238933504,1369706496,87719936,87859200,87457792
1481617408,1444155392,57704448,55955456,1110409216,87203840,1360855040,1238933504,1369706496,87719936,87859200,87457792
1160450048,1444155392,57704448,55955456,1110409216,87203840,1360855040,1238933504,1369706496,87719936,87859200,87457792
1310953472,1468182528,57704448,55955456,1110409216,87203840,1360855040,1238933504,1369706496,87719936,87859200,87457792
1310953472,1468182528,57704448,55955456,1110409216,87203840,1360855040,1238933504,1369706496,87719936,87859200,87457792
1456861184,1218547712,57704448,55955456,1110409216,87207936,1360855040,1238933504,1369706496,87719936,87859200,87457792
1456861184,1218547712,57704448,55955456,1110409216,87207936,1360855040,1238933504,1369706496,87719936,87859200,87457792
1434734592,1218547712,57704448,55955456,1110409216,87207936,1360855040,1238933504,1369706496,87719936,87859200,87457792
1185099776,1468182528,57704448,55955456,1110409216,87207936,1360855040,1238933504,1369706496,87719936,87859200,87457792
1434734592,1479127040,57704448,55955456,1110409216,87207936,1360855040,1238933504,1369706496,87719936,87859200,87457792
1434734592,1479127040,57704448,55955456,1110409216,87207936,1360855040,1238933504,1369706496,87719936,87859200,87457792
1456885760,1369812992,57704448,55955456,1110409216,87212032,1360855040,1238933504,1369706496,87719936,87859200,87457792
1434865664,1219309568,57704448,55955456,1110409216,87212032,1360855040,1238933504,1369706496,87719936,87859200,87457792
1434865664,1219309568,57704448,55955456,1110409216,87212032,1360855040,1238933504,1369706496,87719936,87859200,87457792
1209880576,1466310656,57704448,55955456,1110409216,87212032,1360855040,1238933504,1369706496,87719936,87859200,87457792
1209880576,1466310656,57704448,55955456,1110409216,87212032,1360855040,1238933504,1369706496,87719936,87859200,87457792
1459515392,1468047360,57704448,55955456,1110409216,87212032,1360855040,1238933504,1369706496,87719936,87859200,87457792
1459515392,1468047360,57704448,55955456,1110409216,87216128,1360855040,1238933504,1369706496,87719936,87859200,87457792
1477484544,1244221440,57704448,55955456,1110409216,87216128,1360855040,1238933504,1369706496,87719936,87859200,87457792
1477484544,1345159168,57704448,55955456,1110409216,87216128,1360855040,1238933504,1369706496,87719936,87859200,87457792
1209880576,1444155392,57704448,55955456,1110409216,87216128,1360855040,1238933504,1369706496,87719936,87859200,87457792
1209880576,1466306560,57704448,55955456,1110409216,87216128,1360855040,1238933504,1369706496,87719936,87859200,87457792
1386196992,1466306560,57704448,55955456,1110409216,87216128,1360855040,1238933504,1369706496,87719936,87859200,87457792
1386196992,1468043264,57704448,55955456,1110409216,87216128,1360859136,1238933504,1369706496,87703552,87859200,87457792
1444917248,1244221440,57704448,55955456,1110409216,87216128,1360859136,1238933504,1369706496,87719936,87859200,87457792
1459515392,1345159168,57704448,55955456,1110409216,87220224,1360859136,1238933504,1369706496,87719936,87859200,87457792
1459515392,1455206400,57704448,55955456,1110409216,87220224,1360859136,1238933504,1369706496,87719936,87859200,87457792
1185099776,1455206400,57704448,55955456,1110409216,87220224,1360859136,1238933504,1369706496,87719936,87859200,87457792
1434734592,1466281984,57704448,55955456,1110409216,87220224,1360859136,1238933504,1369706496,87719936,87859200,87457792
1455992832,1431449600,57704448,55955456,1110409216,87220224,1360859136,1238933504,1369706496,87719936,87859200,87457792
1455992832,1169879040,57704448,55955456,1110409216,87220224,1360859136,1238933504,1369706496,87719936,87859200,87457792
1457729536,1169879040,57704448,55955456,1110409216,87216128,1360859136,1238933504,1369706496,87719936,87859200,87457792
1136562176,1443266560,57704448,55955456,1110409216,87220224,1360859136,1238933504,1369706496,87719936,87859200,87457792
1136562176,1466286080,57704448,55955456,1110409216,87220224,1360859136,1238933504,1369706496,87719936,87859200,87457792
1421897728,1419509760,57704448,55955456,1110409216,87220224,1360859136,1238933504,1369706496,87719936,87859200,87457792
1444048896,1419509760,57704448,55955456,1110409216,87220224,1360859136,1238933504,1369706496,87719936,87859200,87457792
1444048896,1219440640,57704448,55955456,1110409216,87220224,1360859136,1238933504,1369706496,87719936,87859200,87457792
1421484032,1429536768,57704448,55955456,1110409216,87220224,1360859136,1238933504,1369706496,87719936,87859200,87457792
1173155840,1429536768,57704448,55955456,1110409216,87220224,1360859136,1238933504,1369706496,87719936,87859200,87457792
1173155840,1492828160,57704448,55955456,1110409216,87220224,1360859136,1238933504,1369706496,87719936,87859200,87457792
1445785600,1492828160,57704448,55955456,1110409216,87220224,1360859136,1238933504,1369706496,87719936,87859200,87457792
1456861184,1194528768,57704448,55955456,1110409216,87220224,1360859136,1238933504,1369706496,87719936,87859200,87457792
1452376064,1194528768,57704448,55955456,1110409216,87220224,1360859136,1238933504,1369706496,87719936,87859200,87457792
1452376064,1345032192,57704448,55955456,1110409216,87220224,1360859136,1238933504,1369706496,87719936,87859200,87457792
1197043712,1466261504,57704448,55955456,1110409216,87220224,1360859136,1238933504,1369706496,87719936,87859200,87457792
1446678528,1466261504,57704448,55955456,1110409216,87220224,1360859136,1238933504,1369706496,87719936,87859200,87457792
1446678528,1442504704,57704448,55955456,1110409216,87224320,1360859136,1238933504,1369706496,87724032,87859200,87457792
1446678528,1442504704,57704448,55955456,1110409216,87224320,1360859136,1238933504,1369706496,87724032,87859200,87457792
1405464576,1255141376,57704448,55955456,1110409216,87224320,1360859136,1238933504,1369706496,87724032,87859200,87457792
1405464576,1419374592,57704448,55955456,1110409216,87224320,1360859136,1238933504,1369706496,87724032,87859200,87457792
1180479488,1419374592,57704448,55955456,1110409216,87224320,1360859136,1238933504,1369706496,87724032,87859200,87457792
1430114304,1478225920,57704448,55955456,1110409216,87224320,1360859136,1238933504,1369706496,87724032,87859200,87457792
1430114304,1478225920,57704448,55955456,1110409216,87224320,1360859136,1238933504,1369706496,87724032,87859200,87457792
1452265472,1393827840,57704448,55955456,1110409216,87224320,1360859136,1238933504,1369706496,87724032,87859200,87457792
1454002176,1189146624,57704448,55955456,1110409216,87224320,1360859136,1238933504,1369706496,87724032,87859200,87457792
1454002176,1189146624,57704448,55955456,1110409216,87228416,1360859136,1238933504,1369706496,87724032,87859200,87457792
1148506112,1471848448,57704448,55955456,1110409216,87228416,1360859136,1238933504,1369706496,87724032,87859200,87457792
1398140928,1471848448,57704448,55955456,1110409216,87228416,1360859136,1238933504,1369706496,87724032,87859200,87457792
1456861184,1449828352,57704448,55955456,1110409216,87228416,1360859136,1238933504,1369706496,87724032,87859200,87457792
1456861184,1169879040,57704448,55955456,1110409216,87228416,1360859136,1238933504,1369706496,87724032,87859200,87457792
1456861184,1169879040,57704448,55955456,1110409216,87228416,1360859136,1238933504,1369706496,87724032,87859200,87457792
1456861184,1416245248,57704448,55955456,1110409216,87232512,1360859136,1238933504,1369706496,87724032,87859200,87457792
1207226368,1466286080,57704448,55955456,1110409216,87232512,1360859136,1238933504,1369706496,87724032,87859200,87457792
1207226368,1466286080,57704448,55955456,1110409216,87232512,1360859136,1238933504,1369706496,87724032,87859200,87457792
1456861184,1456103424,57704448,55955456,1110409216,87232512,1360859136,1238933504,1369706496,87724032,87789568,87457792
1456861184,1456103424,57704448,55955456,1110409216,87240704,1360859136,1238933504,1369706496,87724032,87789568,87457792
1299009536,1256034304,57704448,55955456,1110409216,87240704,1360859136,1238933504,1369706496,87724032,87789568,87457792
1299009536,1456103424,57704448,55955456,1110409216,87240704,1360859136,1238933504,1369706496,87724032,87789568,87457792
1299009536,1467179008,57704448,55955456,1110409216,87240704,1360859136,1238933504,1369706496,87724032,87789568,87457792
1421897728,1467179008,57704448,55955456,1110409216,87240704,1360859136,1238933504,1369706496,87724032,87789568,87457792
1421897728,1467179008,57704448,55955456,1110409216,87240704,1360859136,1238933504,1369706496,87724032,87789568,87457792
1444048896,1194659840,57704448,55955456,1110409216,87240704,1360859136,1238933504,1369706496,87724032,87789568,87457792
1396219904,1295597568,57704448,55955456,1110409216,87240704,1360859136,1238933504,1369706496,87724032,87789568,87457792
1396219904,1295597568,57704448,55955456,1110409216,87240704,1360859136,1238933504,1369706496,87724032,87789568,87457792
1136562176,1466286080,57704448,55955456,1110409216,87240704,1360859136,1238933504,1369706496,87724032,87789568,87457792
1460408320,1479098368,57704448,55955456,1110409216,87244800,1360859136,1238933504,1369706496,87724032,87789568,87457792
1460408320,1476718592,57704448,55955456,1110409216,87244800,1360859136,1238933504,1369706496,87724032,87789568,87457792
1460408320,1476718592,57704448,55955456,1110409216,87244800,1360859136,1238933504,1369706496,87724032,87789568,87457792
1434730496,1243197440,57704448,55955456,1110409216,87244800,1360859136,1238933504,1369706496,87724032,87789568,87457792
1434730496,1243197440,57704448,55955456,1110409216,87244800,1360859136,1238933504,1369706496,87724032,87789568,87457792
1287065600,1479991296,57704448,55955456,1110409216,87244800,1360859136,1238933504,1369706496,87724032,87789568,87457792
1287065600,1503879168,57704448,55955456,1110409216,87244800,1360859136,1238933504,1369706496,87724032,87789568,87457792
1444048896,1503879168,57704448,55955456,1110409216,87244800,1360859136,1238933504,1369706496,87724032,87789568,87457792
1445785600,1169879040,57704448,55955456,1110409216,87244800,1360859136,1238933504,1369706496,87724032,87789568,87457792
1172393984,1192570880,57704448,55955456,1110409216,87244800,1360859136,1238933504,1369706496,87724032,87789568,87457792
1172393984,1192570880,57704448,55955456,1110409216,87244800,1360859136,1238933504,1369706496,87724032,87793664,87457792
1325998080,1465393152,57704448,55955456,1110409216,87244800,1360859136,1238933504,1369706496,87724032,87793664,87093248
1434734592,1465393152,57704448,55955456,1110409216,87244800,1360859136,1238933504,1369706496,87724032,87793664,87093248
1456885760,1430560768,57704448,55955456,1110409216,87244800,1360859136,1238933504,1369706496,87724032,87793664,87093248
1209880576,1255141376,57704448,55955456,1110409216,87244800,1360863232,1238933504,1369706496,87724032,87793664,87093248
1209880576,1454313472,57704448,55955456,1110409216,87244800,1360863232,1238933504,1369706496,87724032,87793664,87093248
1209880576,1476464640,57704448,55955456,1110409216,87244800,1360863232,1238933504,1369706496,87724032,87793664,87093248
1459515392,1478201344,57704448,55955456,1110409216,87244800,1360863232,1238933504,1369706496,87724032,87793664,87093248
1459515392,1478201344,57704448,55955456,1110409216,87244800,1360863232,1238933504,1369706496,87724032,87793664,87093248
1410084864,1255272448,57704448,55955456,1110409216,87244800,1360863232,1238933504,1369706496,87724032,87793664,87093248
1410084864,1356210176,57704448,55955456,1110409216,87244800,1360863232,1238933504,1369706496,87724032,87793664,87093248
1160450048,1466257408,57704448,55955456,1110409216,87244800,1360863232,1238933504,1369706496,87724032,87793664,87093248
1360519168,1466257408,57704448,55955456,1110409216,87244800,1360863232,1238933504,1369706496,87724032,87793664,87093248
1455124480,1466257408,57704448,55955456,1110409216,87244800,1360863232,1238933504,1369706496,87724032,87793664,87093248
1455124480,1466257408,57704448,55955456,1110409216,87244800,1360863232,1238933504,1369706496,87724032,87777280,87093248
1456861184,1291997184,57704448,55955456,1110409216,87244800,1360863232,1238933504,1369706496,87724032,87777280,87093248
1456861184,1291997184,57704448,55955456,1110409216,87244800,1360863232,1238933504,1369706496,87724032,87777280,87093248
1183469568,1485406208,57704448,55955456,1110409216,87244800,1360863232,1238933504,1369706496,87724032,87777280,87093248
1433104384,1485406208,57704448,55955456,1110409216,87252992,1360863232,1238933504,1369706496,87724032,87793664,87093248
1433104384,1492066304,57704448,55955456,1110409216,87252992,1360863232,1238933504,1369706496,87724032,87793664,87093248
1468805120,1470746624,57704448,55955456,1110409216,87252992,1360863232,1238933504,1369706496,87724032,87793664,87093248
1468805120,1194659840,57704448,55955456,1110409216,87252992,1360863232,1238933504,1369706496,87728128,87793664,87093248
1468805120,1194659840,57704448,55955456,1110409216,87252992,1360863232,1238933504,1369706496,87728128,87793664,87093248
1136562176,1455210496,57704448,55955456,1110409216,87252992,1360863232,1238933504,1369706496,87728128,87793664,87093248
1434734592,1455210496,57704448,55955456,1110409216,87252992,1360863232,1238933504,1369706496,87728128,87793664,87093248
1434734592,1466286080,57704448,55955456,1110409216,87252992,1360863232,1238933504,1369706496,87728128,87793664,87093248
1456885760,1231384576,57704448,55955456,1110409216,87252992,1360863232,1238933504,1369706496,87728128,87793664,87093248
1456885760,1231384576,57704448,55955456,1110409216,87252992,1360863232,1238933504,1369706496,87728128,87793664,87093248
1209880576,1231384576,57704448,55955456,1110409216,87261184,1360863232,1238933504,1369706496,87728128,87793664,87093248
1209880576,1443262464,57704448,55955456,1110409216,87261184,1360863232,1238933504,1369706496,87728128,87793664,87093248
1459515392,1465413632,57704448,55955456,1110409216,87261184,1360863232,1238933504,1369706496,87728128,87793664,87093248
1459515392,1465413632,57704448,55955456,1110409216,87261184,1360863232,1238933504,1369706496,87728128,87793664,87093248
1459515392,1292890112,57704448,55955456,1110409216,87261184,1360863232,1238933504,1369706496,87728128,87793664,87093248
1373356032,1292890112,57704448,55955456,1110409216,87261184,1360863232,1238933504,1369706496,87728128,87793664,87093248
1373356032,1443393536,57704448,55955456,1110409216,87261184,1360863232,1238933504,1369706496,87728128,87793664,87093248
1458622464,1467150336,57704448,55955456,1110409216,87261184,1360863232,1238933504,1369706496,87732224,87793664,87093248
1458622464,1467150336,57704448,55955456,1110409216,87261184,1360863232,1238933504,1369706496,87732224,87793664,87093248
1458622464,1444155392,57704448,55955456,1110409216,87261184,1360863232,1238933504,1369706496,87732224,87793664,87093248
1409056768,1444155392,57704448,55955456,1110409216,87261184,1360863232,1238933504,1369706496,87732224,87793664,87093248
1136562176,1270816768,57704448,55955456,1110409216,87261184,1360863232,1238933504,1369706496,87732224,87793664,87093248
1136562176,1467154432,57704448,55955456,1110409216,87265280,1360863232,1238933504,1369706496,87732224,87793664,87093248
1444048896,1467154432,57704448,55955456,1110409216,87265280,1360863232,1238933504,1369706496,87732224,87793664,87093248
1444048896,1467154432,57704448,55955456,1110409216,87269376,1360863232,1238933504,1369706496,87732224,87793664,87093248
1493561344,1290973184,57704448,55955456,1110409216,87269376,1360863232,1238933504,1369706496,87732224,87793664,87093248
1172393984,1290973184,57704448,55955456,1110409216,87269376,1360863232,1238933504,1369706496,87732224,87793664,87093248
1172393984,1443262464,57704448,55955456,1110409216,87269376,1360863232,1238933504,1369706496,87732224,87793664,87093248
1470566400,1443262464,57704448,55955456,1110409216,87269376,1360863232,1238933504,1369706496,87732224,87793664,87093248
1470566400,1467150336,57704448,55955456,1110409216,87269376,1360863232,1238933504,1369706496,87732224,87793664,87093248
1470566400,1469984768,57704448,55955456,1110409216,87269376,1360863232,1238933504,1369706496,87732224,87793664,87093248
1470566400,1469984768,57704448,55955456,1110409216,87269376,1360863232,1238933504,1369706496,87732224,87793664,87093248
1220931584,1268109312,57704448,55955456,1110409216,87269376,1360863232,1238933504,1369706496,87732224,87793664,87093248
1220931584,1442369536,57704448,55955456,1110409216,87269376,1360863232,1238933504,1369706496,87732224,87793664,87093248
1421000704,1464520704,57704448,55955456,1110409216,87269376,1360863232,1238933504,1369706496,87732224,87793664,87093248
1470566400,1466257408,57704448,55955456,1110409216,87269376,1360863232,1238933504,1369706496,87732224,87797760,87093248
1434734592,1466257408,57704448,55955456,1110409216,87269376,1360863232,1238933504,1369706496,87732224,87797760,87093248
1434734592,1293651968,57704448,55955456,1110409216,87269376,1360863232,1238933504,1369706496,87732224,87797760,87093248
1161342976,1293651968,57704448,55955456,1110409216,87269376,1360863232,1238933504,1369706496,87732224,87797760,87093248
1161342976,1479094272,57704448,55955456,1110409216,87269376,1360863232,1238933504,1369706496,87732224,87797760,87093248
1161342976,1479094272,57704448,55955456,1110409216,87269376,1360863232,1238933504,1369706496,87732224,87797760,87093248
1435627520,1479094272,57704448,55955456,1110409216,87269376,1360863232,1238933504,1369706496,87732224,87797760,87093248
1457778688,1405771776,57704448,55955456,1110409216,87269376,1360863232,1238933504,1369706496,87732224,87797760,87093248
1459515392,1304834048,57704448,55955456,1110409216,87269376,1360863232,1238933504,1369706496,87732224,87797760,87093248
1459515392,1304834048,57704448,55955456,1110409216,87273472,1360867328,1238933504,1369706496,87732224,87797760,87093248
1209880576,1504903168,57704448,55955456,1110409216,87273472,1360867328,1238933504,1369706496,87732224,87797760,87093248
1459515392,1504903168,57704448,55955456,1110409216,87273472,1360867328,1238933504,1369706496,87732224,87797760,87093248
1459515392,1504903168,57704448,55955456,1110409216,87273472,1360867328,1238933504,1369706496,87732224,87797760,87093248
1459515392,1169879040,57704448,55955456,1110409216,87273472,1360867328,1238933504,1369706496,87732224,87797760,87093248
1335603200,1169879040,57704448,55955456,1110409216,87273472,1360867328,1238933504,1369706496,87732224,87797760,87093248
1335603200,1320382464,57704448,55955456,1110409216,87273472,1360867328,1238933504,1369706496,87732224,87797760,87093248
1185099776,1464524800,57704448,55955456,1110409216,87273472,1360867328,1238933504,1369706496,87732224,87797760,87093248
1445785600,1464524800,57704448,55955456,1110409216,87273472,1360867328,1238933504,1369706496,87732224,87797760,87093248
1445785600,1243291648,57704448,55955456,1110409216,87273472,1360867328,1238933504,1369706496,87732224,87797760,87093248
1445785600,1243291648,57704448,55955456,1110409216,87273472,1360867328,1238933504,1369706496,87732224,87797760,87093248
1398919168,1468141568,57704448,55955456,1110409216,87281664,1360867328,1238933504,1369706496,87732224,87797760,87093248
1398919168,1468141568,57704448,55955456,1110409216,87281664,1360867328,1238933504,1369706496,87732224,87797760,87093248
1197043712,1468141568,57704448,55955456,1110409216,87281664,1360867328,1238933504,1369706496,87732224,87797760,87093248
1446678528,1468141568,57704448,55955456,1110409216,87281664,1360867328,1238933504,1369706496,87732224,87797760,87076864
1446678528,1268072448,57704448,55955456,1110409216,87281664,1360867328,1238933504,1369706496,87732224,87797760,87076864
1446678528,1403899904,57704448,55955456,1110409216,87281664,1360867328,1238933504,1369706496,87732224,87797760,87076864
1446678528,1403899904,57704448,55955456,1110409216,87281664,1360867328,1238933504,1369706496,87732224,87797760,87093248
1160450048,1443356672,57704448,55955456,1110409216,87281664,1360867328,1238933504,1369706496,87732224,87797760,87093248
1356197888,1443356672,57704448,55955456,1110409216,87281664,1360867328,1238933504,1369706496,87732224,87797760,87093248
1455992832,1467244544,57704448,55955456,1110409216,87281664,1360867328,1238933504,1369706496,87715840,87797760,87093248
1455992832,1317634048,57704448,55955456,1110409216,87281664,1360867328,1238933504,1369706496,87715840,87797760,87093248
1457729536,1418571776,57704448,55955456,1110409216,87281664,1360867328,1238933504,1369706496,87715840,87797760,87093248
1457729536,1468137472,57704448,55955456,1110409216,87281664,1360867328,1238933504,1369706496,87732224,87797760,87093248
1160450048,1468137472,57704448,55955456,1110409216,87281664,1360867328,1238933504,1369706496,87732224,87797760,87093248
1421897728,1468137472,57704448,55955456,1110409216,87281664,1360867328,1238933504,1369706496,87732224,87797760,87093248
1421897728,1468137472,57671680,55955456,1110409216,87281664,1360867328,1238933504,1369706496,87732224,87797760,87093248
1444048896,1268965376,57671680,55955456,1110409216,87281664,1360867328,1238933504,1369706496,87732224,87797760,87093248
1422028800,1354661888,57671680,55955456,1110409216,87281664,1360867328,1238933504,1369706496,87732224,87797760,87093248
1172393984,1354661888,57671680,55955456,1110409216,87281664,1360867328,1238933504,1369706496,87732224,87797760,87093248
1172393984,1466376192,57671680,55955456,1110409216,87281664,1360867328,1238933504,1369706496,87732224,87797760,87093248
1422028800,1479188480,57671680,55955456,1110409216,87281664,1360867328,1238933504,1369706496,87732224,87797760,87093248
1422028800,1305690112,57671680,55955456,1110409216,87281664,1360867328,1238933504,1369706496,87732224,87797760,87093248
1456885760,1305690112,57671680,55955456,1110409216,87281664,1360867328,1238933504,1369706496,87732224,87797760,87093248
1456885760,1305690112,57671680,55955456,1110409216,87285760,1360867328,1238933504,1369706496,87732224,87797760,87093248
1311846400,1305690112,57671680,55955456,1110409216,87285760,1360867328,1238933504,1369706496,87732224,87797760,87093248
1217527808,1215635456,87113728,55955456,1110409216,116465664,1360867328,1238933504,1369706496,87732224,87797760,87093248
1225048064,1215635456,90898432,55955456,1143259136,117608448,1360867328,1238933504,1369706496,87732224,87797760,87093248
1225048064,1245868032,90898432,55955456,1143259136,117608448,1360867328,1238933504,1369706496,87732224,87797760,87093248
1225048064,1245868032,90898432,88584192,1143259136,117608448,1360867328,1238933504,1369706496,87732224,87797760,87093248
1225048064,1245868032,90898432,88584192,1232093184,88518656,1360867328,1238933504,1369706496,87732224,87797760,87093248
1225048064,1245868032,90898432,88584192,1086697472,88518656,1360867328,1238933504,1369706496,87732224,87797760,87093248
1225048064,1245868032,90898432,88584192,1086697472,88518656,1360867328,1238933504,1369706496,87732224,87797760,87093248
1225048064,1245868032,90898432,88584192,1086697472,88518656,1360867328,1238933504,1369706496,87732224,87797760,87093248
1225048064,1245868032,90898432,88584192,1086697472,88518656,1360867328,982659072,1369706496,87732224,87707648,87093248
1225048064,1245868032,90898432,88584192,1086697472,88518656,1360867328,982659072,1369706496,87732224,87707648,87093248
1225048064,1245868032,90898432,88584192,1086697472,88530944,1360867328,982659072,1369706496,87732224,87707648,87093248
1225048064,1245868032,90898432,88584192,1086697472,88129536,1360867328,982659072,1369706496,87736320,87707648,87093248
1225048064,1245868032,90898432,88584192,1086697472,88129536,1360867328,982659072,1369706496,87736320,87707648,87093248
1225048064,1245868032,90898432,88584192,1086697472,86052864,1360867328,982659072,1369706496,87736320,87707648,87093248
1225048064,1245868032,90898432,88584192,1086697472,86052864,1360867328,982659072,1369706496,87736320,87707648,87093248
1225048064,1245868032,90898432,88584192,1086697472,86052864,1360867328,982659072,1369706496,87736320,87707648,87621632
1224970240,1245868032,90071040,88584192,1086697472,86548480,1360867328,982659072,1369706496,87736320,87707648,87621632
1224970240,1245868032,90071040,88584192,1086697472,86548480,1360867328,982659072,1038532608,87736320,87707648,88293376
1224970240,1245868032,90071040,88584192,1086697472,86548480,1360867328,982659072,1038532608,87736320,87707648,88293376
1224970240,1245868032,90071040,88584192,1086697472,86802432,1360867328,982659072,1038532608,87736320,87707648,88293376
1224970240,1245868032,90071040,88584192,1086697472,86802432,1360867328,982659072,1038532608,87736320,87707648,88293376
1224970240,1245868032,90075136,88584192,1086697472,86802432,1360867328,982659072,1038532608,87736320,87707648,88293376
1224970240,1245868032,90075136,88584192,1086697472,86802432,1360867328,982659072,1038532608,87736320,87707648,88293376
1224970240,1245868032,90075136,88719360,1086697472,86278144,1360846848,982659072,1038532608,89427968,87707648,88293376
1224970240,1245790208,90075136,88719360,1086697472,87236608,1360846848,982659072,1038532608,88899584,87707648,88293376
1224970240,1245790208,90075136,88719360,1086697472,87240704,1360846848,982659072,1038532608,88899584,157163520,88293376
1224970240,1245790208,90075136,88719360,1086697472,87240704,1360846848,1133391872,1116303360,88903680,157163520,88764416
1224970240,1245790208,90075136,88719360,1088507904,88387584,1360846848,1133391872,1116303360,88903680,87838720,88764416
1224970240,1245790208,89223168,88719360,1088507904,88387584,1360846848,1133391872,1116303360,88903680,87838720,88764416
1224970240,1245790208,89223168,88719360,1088507904,87277568,1360846848,1133391872,1116303360,88903680,87838720,88764416
1224970240,1246232576,89223168,88260608,1088507904,87277568,1360846848,1133391872,1116303360,88903680,87838720,88764416
1224970240,1246232576,89223168,88260608,1088507904,86753280,1360846848,1133391872,1116303360,88903680,87838720,88764416
1224970240,1246232576,89223168,88260608,1088507904,86753280,1360846848,1163177984,1116303360,88903680,89260032,88764416
1224970240,1246232576,89223168,88260608,1088507904,86753280,1360846848,1163177984,1116303360,88903680,89260032,88764416
1224970240,1246232576,89223168,88260608,1088507904,87826432,1360846848,1163177984,1116303360,88903680,88731648,88764416
1224970240,1246232576,91017216,88260608,1088507904,88354816,1360838656,1163177984,1175711744,88911872,88731648,89022464
1224970240,1246240768,91017216,87941120,1088507904,88354816,1360838656,1163177984,1175711744,89358336,88731648,89022464
1224970240,1246240768,91017216,87941120,1088507904,87175168,1360838656,1163177984,1175711744,89358336,88731648,89022464
1224970240,1246240768,91017216,87941120,1088507904,87203840,1360838656,1163177984,1175711744,89395200,88731648,89559040
1224970240,1246240768,91017216,87941120,1088507904,87203840,1409306624,1163177984,1226903552,89395200,89260032,89038848
1224970240,1246240768,91017216,87941120,1088421888,88793088,1409429504,1163177984,1226903552,89395200,89260032,89038848
1224970240,1246240768,91545600,87941120,1088421888,87207936,1409429504,1214324736,1226907648,89395200,88739840,89038848
1256255488,1246240768,91545600,87941120,1088421888,86151168,1409429504,1214324736,1226907648,89395200,88739840,89038848
1268273152,1246240768,91033600,87941120,1088421888,86151168,1439830016,1214328832,1226907648,89395200,88739840,89038848
1268273152,1288192000,91033600,87941120,1088421888,86151168,1411817472,1214328832,1226907648,89395200,88739840,89038848
1317552128,1288192000,91033600,87941120,1088421888,86151168,1411817472,1216671744,1226928128,89395200,88739840,89038848
1317552128,1288192000,91033600,87941120,1088421888,86151168,1411817472,1216671744,1229266944,89395200,88739840,89038848
1320603648,1290543104,91033600,87941120,1088421888,86151168,1411817472,1216671744,1229266944,89395200,88739840,89038848
1320603648,1290543104,91033600,87941120,1088421888,86151168,1411817472,1216671744,1229266944,89395200,88739840,89038848
1326813184,1290543104,91033600,87941120,1088421888,86151168,1411817472,1216671744,1229266944,89395200,88739840,88489984
1326813184,1290543104,91033600,87941120,1088421888,86151168,1411817472,1229529088,1176555520,89395200,89866240,88489984
1326817280,1290543104,91033600,87941120,1088421888,86151168,1063677952,1163882496,1176555520,89395200,89866240,88489984
1326817280,1290543104,91033600,87941120,1088421888,86151168,1063677952,1163882496,1176555520,88346624,89866240,88489984
1326817280,1290543104,91033600,87941120,1088421888,86151168,1063677952,1163882496,1176555520,88346624,89866240,88489984
1330737152,1246298112,91033600,87941120,1088421888,86151168,1063677952,1163882496,1176555520,88350720,89866240,88489984
1330737152,1246298112,91033600,87744512,1088421888,86151168,1063677952,1163882496,1176555520,88350720,89866240,88494080
1225027584,1246298112,89968640,87744512,1088421888,86151168,1063677952,1163882496,1176555520,88350720,89866240,88494080
1225027584,1246298112,89968640,87744512,1088421888,86151168,1063677952,1163882496,1176555520,88350720,89866240,88494080
1225027584,1246298112,89968640,87744512,1088421888,86155264,1063677952,1168936960,1176555520,88350720,89866240,88494080
1225027584,1246298112,89968640,87744512,1088421888,86155264,1063677952,1168936960,1176555520,88350720,89427968,88494080
1225027584,1246298112,89968640,87744512,1088421888,86155264,1063677952,1168936960,1176555520,88350720,89427968,88494080
1225027584,1246298112,89968640,87744512,1088421888,86159360,1063677952,1168936960,1176555520,88350720,89427968,88494080
1225027584,1246298112,89968640,87744512,1088421888,86159360,1063677952,1168936960,1176555520,88350720,89427968,88494080
1225027584,1246298112,89968640,87744512,1088421888,86691840,1063677952,1168936960,1176555520,88350720,89427968,88494080
1225043968,1246298112,89993216,87744512,1088548864,86691840,1063677952,1168936960,1232777216,88350720,89427968,88494080
1225043968,1246298112,90730496,87744512,1089040384,86163456,1063677952,1168936960,1232777216,88350720,89427968,89145344
1224974336,1246298112,90730496,87744512,1089040384,86167552,1063677952,1168936960,1199697920,88350720,89427968,89145344
1224974336,772972544,90730496,87744512,1089040384,86167552,1063677952,1168936960,1199697920,88350720,89427968,89145344
1224974336,1066156032,90730496,87773184,1089540096,85639168,1063677952,1168936960,1199697920,88350720,89427968,89145344
1224974336,1066156032,90730496,87773184,1089540096,85639168,1063677952,1168936960,1199697920,88350720,89427968,89145344
1224974336,1066156032,90730496,88010752,1089540096,85671936,1063677952,1168936960,1199697920,88350720,89427968,89145344
1224974336,1066156032,90730496,88010752,1089597440,85671936,1204363264,1168936960,1199697920,88354816,89427968,89145344
1224974336,1066156032,90730496,88010752,1089597440,85696512,1204363264,1168936960,1199697920,89235456,89427968,89145344
1224974336,1066156032,90730496,88010752,1089597440,85168128,1204363264,1168936960,1199697920,89235456,89427968,89145344
1224974336,1066156032,90734592,88010752,1089597440,84717568,1204363264,1168936960,1199697920,89235456,89427968,89145344
1224974336,1066156032,90734592,88010752,1089597440,84717568,1204363264,1168936960,1199697920,89235456,89427968,89145344
1224974336,1066156032,90734592,88010752,1089597440,84717568,1204363264,1192833024,1199697920,89235456,88702976,89145344
1224974336,1066156032,90734592,88010752,1089597440,86364160,1204363264,1192833024,1199697920,89235456,88702976,89145344
1224974336,1066156032,90734592,88539136,1089597440,85307392,1204363264,1192833024,1199968256,89235456,88702976,89145344
1224974336,1093197824,90734592,88858624,1089597440,85307392,1204363264,1192833024,1199968256,89235456,88702976,89632768
1224974336,1093197824,89735168,88858624,1089597440,84254720,1204363264,1192833024,1199968256,89235456,88702976,89632768
1224974336,1093197824,89735168,88858624,1089597440,84254720,1204363264,1192833024,1199968256,94629888,89243648,89632768
1224974336,1093197824,89735168,88858624,1090752512,84254720,1227460608,1192833024,1199968256,94629888,89243648,96645120
1224974336,1093197824,90406912,88858624,1090752512,91176960,1227681792,1199091712,1201143808,89432064,89022464,89952256
783220736,1093197824,90406912,88858624,1090662400,91176960,1227681792,1199091712,1201143808,89919488,89022464,89952256
788631552,1093197824,90406912,88858624,1090662400,85929984,1228365824,1198338048,1201176576,89915392,88449024,89952256
788631552,1093197824,93802496,88858624,1090662400,87232512,1228365824,1198338048,1201176576,89915392,88449024,89489408
962723840,1096298496,93802496,89526272,1103917056,87232512,1228365824,1199403008,1201176576,89915392,88449024,89493504
962723840,1096298496,93802496,180121600,1103917056,98385920,1268785152,1199403008,1201176576,90537984,88449024,89493504
962723840,1097007104,93802496,180121600,1103917056,88817664,1268785152,1199403008,1280364544,90537984,93970432,88805376
962723840,1097007104,93802496,89956352,1120460800,114483200,1277718528,1280315392,1280364544,90537984,89243648,88805376
962723840,1097007104,93802496,89956352,1120460800,114483200,1277718528,1280315392,1280364544,90537984,89243648,88805376
1062395904,1097007104,91570176,88551424,1120460800,90836992,1277718528,1280319488,1280364544,90537984,89243648,88805376
1079910400,1139781632,91570176,88551424,1120460800,90836992,1277796352,1280319488,1280364544,90537984,89243648,88805376
1079910400,1139818496,91570176,88551424,1120460800,90841088,1279897600,1280319488,1280385024,90537984,89243648,88805376
1129189376,1139818496,91570176,88551424,1120460800,90841088,1293365248,1280319488,1280385024,90537984,89243648,88805376
1129189376,1139896320,91570176,88551424,1120460800,90841088,1293365248,1281077248,1235628032,90537984,89243648,88805376
1129197568,1139912704,91570176,88551424,1120460800,90841088,1293365248,1281077248,1235628032,90537984,89243648,88805376
1148112896,1139912704,91570176,88551424,1120460800,90841088,1293365248,1281077248,1235628032,90537984,89243648,88805376
1148112896,1139912704,91570176,88551424,1120460800,90841088,1229348864,1281077248,1235628032,89821184,90824704,89214976
1173299200,1139912704,91570176,88551424,1120460800,90841088,1229348864,1229684736,1235628032,89821184,88453120,89214976
1173299200,1097916416,91570176,88551424,1120460800,97234944,1229348864,1229684736,1235628032,89821184,88453120,89214976
1108250624,1097916416,91668480,89096192,1120460800,89096192,1229348864,1229684736,1235628032,89821184,88453120,89214976
1042075648,1097916416,91668480,89096192,1120460800,89096192,1229348864,1229684736,1235628032,89821184,88453120,89214976
1042075648,1097916416,91668480,89096192,1120460800,89096192,1229348864,1229684736,1235628032,91955200,88453120,99569664
1042075648,1097916416,91668480,89096192,1118900224,97923072,1229348864,1229684736,1235628032,89878528,88453120,90103808
1047166976,1097916416,91865088,89096192,1118900224,97923072,1240195072,1230614528,1252274176,89878528,89436160,90103808
1047166976,1098977280,94380032,90447872,1118900224,97980416,1240195072,1230614528,1252282368,90189824,89436160,89915392
1047220224,1098977280,94380032,90447872,1118900224,97980416,1240207360,1230962688,1252282368,90189824,90759168,89915392
1047220224,1099173888,94380032,89427968,1118908416,88461312,1240207360,1230962688,1252282368,90189824,90165248,89915392
1047220224,1099173888,94380032,89427968,1118908416,87470080,1240207360,1230962688,1252282368,90189824,90165248,89915392
1047220224,1099173888,94380032,89427968,1118908416,87470080,1240207360,1230962688,1252282368,90189824,90165248,89915392
1047220224,1099173888,94380032,89427968,1118908416,88047616,1240207360,1230962688,1252282368,90189824,90165248,89915392
1047220224,1099173888,94380032,89432064,1118912512,88047616,1248260096,1234092032,1252282368,94756864,89690112,89915392
1047220224,1099173888,94380032,89432064,1118912512,88047616,1240268800,1234092032,1256599552,94756864,89690112,94654464
1047220224,1099173888,94380032,95510528,1124806656,92749824,1240178688,1232187392,1256599552,89522176,88522752,89554944
1047220224,1113026560,100544512,90546176,1124806656,92749824,1240178688,1232187392,1264549888,95576064,88522752,89554944
1047220224,1113026560,95522816,90546176,1124806656,92823552,1253535744,1232187392,1264549888,95576064,88522752,95449088
1057607680,1112952832,95522816,92086272,1124806656,93204480,1253535744,1232187392,1264549888,90255360,88522752,90124288
1057607680,1112952832,95522816,92086272,1124806656,99135488,1253535744,1232187392,1264549888,90255360,88526848,90124288
1058058240,1112952832,95522816,92086272,1124806656,89579520,1253535744,1232187392,1264549888,90255360,88526848,90124288
1058058240,1112952832,93954048,92090368,1127899136,89579520,1253535744,1232187392,1264549888,90255360,88526848,90124288
1058058240,1112952832,93954048,92090368,1127899136,95268864,1253535744,1232187392,1264549888,90255360,88526848,90124288
1058058240,1112952832,93954048,92090368,1130790912,95268864,1253535744,1232187392,1264549888,95645696,88526848,90124288
1058058240,1112952832,93954048,92090368,1130790912,95268864,1253535744,1232187392,1315196928,90914816,88526848,90124288
1058058240,1112952832,93954048,92090368,1131233280,98447360,1305116672,1232187392,1315196928,90914816,89513984,89776128
1058058240,1112952832,95141888,92090368,1131233280,98447360,1305116672,1282846720,1315262464,90914816,89513984,89776128
1105485824,1156591616,90415104,88969216,1134141440,104194048,1305116672,1282850816,1315270656,90914816,89513984,89776128
1169997824,1156636672,90415104,88969216,1134141440,89976832,1305116672,1282850816,1315270656,90914816,89513984,89776128
1155469312,1156636672,90415104,88969216,1134141440,89976832,1305120768,1282850816,1315287040,90914816,89513984,89776128
1155469312,1156636672,90415104,88969216,1134141440,89976832,1305120768,1282850816,1315287040,90914816,89513984,89776128
1155481600,1156710400,90415104,88969216,1134141440,89976832,1305120768,1282850816,1315287040,90914816,89513984,89776128
1155481600,1156710400,90415104,88969216,1134141440,89976832,1305120768,1282850816,1315287040,90914816,89513984,89776128
1155485696,1156726784,90415104,88969216,1134141440,89976832,1330716672,1282850816,1339613184,90914816,89513984,97570816
1181585408,1114787840,90415104,90009600,1134141440,92774400,1254481920,1329192960,1264648192,91807744,88780800,97570816
1199562752,1114787840,90415104,90009600,1134141440,92774400,1254481920,1232228352,1264648192,91807744,88780800,90329088
1199562752,1114787840,90415104,90009600,1134141440,96530432,1254481920,1232228352,1264648192,91807744,88780800,90329088
1199570944,1114787840,90415104,90009600,1134141440,89436160,1254481920,1232228352,1264648192,91807744,88780800,90329088
1199570944,1114787840,90415104,90009600,1134141440,89436160,1254481920,1232228352,1264648192,91807744,88780800,90329088
1063006208,1114787840,107745280,90009600,1134141440,89436160,1254481920,1232228352,1264648192,91807744,88780800,90329088
1063006208,1114787840,92807168,90009600,1134141440,89436160,1254481920,1232228352,1264648192,91807744,90034176,90329088
1063006208,1114787840,92807168,90013696,1134141440,89436160,1254481920,1238011904,1264648192,91807744,90034176,90329088
1063006208,1114787840,92807168,90013696,1134141440,89436160,1254481920,1232261120,1264648192,91807744,89612288,90329088
1063006208,1114787840,92807168,99127296,1143615488,99319808,1254481920,1232261120,1264648192,102121472,90476544,99631104
1063006208,1115144192,92807168,99127296,1143615488,99319808,1255534592,1232302080,1264680960,92651520,90476544,99631104
1063006208,1115144192,92807168,89657344,1143615488,118308864,1255579648,1232302080,1264680960,89939968,90476544,90169344
1063006208,1115201536,92807168,90484736,1143615488,118308864,1255579648,1232302080,1264689152,89939968,90476544,90361856
1114116096,1115201536,92151808,90484736,1143615488,90439680,1255583744,1232302080,1264689152,89956352,90476544,90361856
1114152960,1115201536,93921280,90484736,1143615488,90439680,1255583744,1232302080,1264689152,89956352,90476544,90361856
1114152960,1115201536,93921280,90484736,1143615488,89862144,1255583744,1232302080,1264689152,89956352,95338496,90361856
1114152960,1115201536,93921280,90484736,1143615488,89862144,1255636992,1243688960,1264689152,89669632,95338496,90361856
1114152960,1115201536,93921280,90484736,1143615488,89862144,1255546880,1239674880,1264689152,89669632,90206208,90361856
1114152960,1115201536,93921280,90484736,1143615488,89866240,1255563264,1239674880,1272725504,89669632,90206208,95272960
1114152960,1115201536,93921280,90484736,1143746560,94396416,1255563264,1238306816,1265762304,90722304,90206208,95272960
1114152960,1115201536,93925376,90484736,1143746560,94396416,1255563264,1238306816,1265762304,90722304,89182208,89825280
1114152960,1115201536,99913728,90484736,1143746560,94380032,1255563264,1238306816,1264644096,90726400,89182208,90025984
1114873856,1123721216,99913728,92942336,1143746560,96391168,1255563264,1238306816,1264644096,90726400,89178112,90021888
1115951104,1123721216,94998528,92942336,1143746560,96391168,1255563264,1238306816,1264644096,90726400,89178112,90021888
1115828224,1134252032,91607040,98775040,1143746560,102174720,1255563264,1238306816,1264644096,96980992,89178112,94187520
1115828224,1134252032,91607040,93437952,1143746560,102952960,1282043904,1238306816,1264644096,96980992,94707712,89456640
1115828224,1123643392,91607040,93437952,1143746560,102952960,1332604928,1269592064,1313120256,92254208,94707712,89456640
1115828224,1123643392,91607040,93437952,1143746560,92868608,1332604928,1288912896,1313136640,92254208,89980928,89456640
1115828224,1123643392,91607040,93437952,1143746560,92868608,1332658176,1288912896,1313136640,92254208,89980928,89456640
1115828224,1123643392,91607040,93437952,1143754752,114896896,1332658176,1288986624,1313169408,92254208,89980928,89456640
1115828224,1123643392,91607040,93437952,1143754752,114896896,1332731904,1288986624,1313169408,92254208,89980928,89456640
1144053760,1123643392,96301056,95793152,1143754752,91217920,1332731904,1288986624,1313169408,92254208,89980928,89456640
1144053760,1156132864,96301056,91074560,1143754752,91217920,1332731904,1288986624,1313169408,92254208,89980928,89456640
1169387520,1168052224,91578368,91074560,1143754752,91217920,1332731904,1288986624,1313169408,92254208,89980928,89456640
1218662400,1168052224,91578368,91074560,1143754752,91217920,1332731904,1288986624,1313169408,92254208,89980928,89456640
1218662400,1168052224,91578368,91074560,1143754752,91217920,1332748288,1289007104,1313255424,92254208,89980928,89456640
1218699264,1168056320,91578368,91074560,1143754752,91217920,1332760576,1289007104,1313255424,92254208,89980928,89456640
1218699264,1168056320,91578368,91074560,1143754752,91217920,1332760576,1289007104,1326817280,92254208,89980928,91709440
1244647424,1168076800,91578368,93659136,1143754752,91217920,1282043904,1289007104,1264644096,92254208,92024832,91709440
1255993344,1168076800,91578368,93659136,1143754752,91217920,1282043904,1238310912,1264644096,90681344,89653248,89337856
1255993344,1126096896,91578368,91287552,1143767040,95731712,1282043904,1238310912,1264644096,90681344,89653248,89337856
1256005632,1126096896,95166464,91287552,1143767040,95731712,1282043904,1238310912,1264644096,90681344,89653248,89337856
1125150720,1126096896,95166464,91291648,1143754752,95547392,1282043904,1238310912,1264644096,90681344,89653248,89337856
1125150720,1126096896,95166464,91291648,1143754752,95547392,1282043904,1238310912,1264644096,90681344,89653248,89337856
1125150720,1126096896,95170560,91291648,1143754752,95547392,1282043904,1238310912,1264644096,89878528,89698304,90157056
1125150720,1126096896,95170560,91291648,1143754752,100757504,1296551936,1238310912,1266819072,89878528,89698304,90157056
1125150720,1126354944,95170560,91865088,1143754752,100757504,1296551936,1238401024,1266819072,89878528,90402816,111915008
1125150720,1136992256,95170560,91865088,1143754752,119799808,1296547840,1002225664,1266847744,92028928,90374144,91385856
1127288832,1136992256,95719424,91058176,1143754752,119799808,1296547840,1002225664,1266847744,92028928,90374144,91385856
1127288832,1126383616,95719424,91062272,1143754752,91287552,1296547840,1002225664,1266847744,92028928,90374144,91389952
1127321600,1126383616,94535680,91062272,1143754752,91295744,1296547840,1002225664,1266847744,95744000,94957568,96018432
1127321600,1126383616,94535680,91062272,1143910400,91295744,1304551424,1159458816,1266847744,95744000,94957568,96018432
1127321600,1126518784,95301632,92213248,1143812096,96407552,1296592896,1159458816,973357056,91262976,89845760,90890240
1127321600,1126961152,96280576,92213248,1143812096,96546816,1296506880,1156501504,1121284096,91262976,89845760,89858048
1170731008,1137475584,96280576,92213248,1143812096,96546816,1296506880,1167368192,1121284096,90046464,94961664,89858048
1169825792,1126866944,96047104,93941760,1143812096,96694272,1296506880,1167368192,1121284096,90046464,94961664,89853952
1169825792,1126866944,96047104,93941760,1143812096,96694272,1296506880,1167368192,1121284096,90046464,89636864,89853952
1169825792,1126866944,96047104,93941760,1143812096,100429824,1296506880,1167368192,1121284096,163053568,95113216,89944064
1169825792,1126866944,96047104,93941760,1143812096,106942464,1347149824,1169772544,1203179520,163053568,95113216,96239616
1169825792,1126866944,96047104,93941760,1143812096,117878784,1347149824,1224593408,1248370688,89325568,90390528,91508736
1171517440,1126866944,96047104,95522816,1143816192,117878784,1347149824,1224593408,1248370688,89325568,90390528,91508736
1171517440,1175646208,96415744,90800128,1143816192,98963456,1347153920,1224597504,1248370688,89325568,90390528,91508736
1214787584,1175646208,96415744,90800128,1143816192,94232576,1347153920,1224597504,1287000064,89325568,90390528,91508736
1264054272,1175650304,96415744,90800128,1143816192,94232576,1347153920,1169899520,1287000064,89325568,90988544,91508736
1264058368,1175650304,96415744,90800128,1143816192,94232576,1347170304,1169899520,1197977600,89325568,90988544,89141248
1264058368,1175658496,96415744,90800128,1143816192,94232576,1296506880,1169899520,1197977600,89325568,90988544,89141248
1290018816,1175658496,96415744,90800128,1143816192,94240768,1296506880,1169899520,1197977600,89325568,90988544,89141248
1301340160,1175674880,96415744,90800128,1143816192,97267712,1296506880,1169899520,1197977600,89325568,90988544,89141248
1301340160,1135525888,96415744,89436160,1143816192,97267712,1296506880,1169899520,1197977600,91889664,90988544,89141248
1303191552,1135525888,96415744,89436160,1143816192,94003200,1296506880,1169899520,1197977600,91889664,90988544,89141248
1303191552,1135525888,96415744,89436160,1143816192,94003200,1328107520,1169899520,1197977600,101392384,90988544,89141248
1303191552,1135525888,96415744,89436160,1143816192,94003200,1328107520,1169899520,1197977600,101392384,99700736,89141248
1171517440,1135525888,95469568,89436160,1143816192,99618816,1322266624,1175748608,1226706944,91914240,90230784,89968640
1171517440,1135525888,95469568,89436160,1143889920,99618816,1322299392,1176088576,1226706944,90435584,90230784,89968640
1171517440,1146056704,95469568,90243072,1143889920,99622912,1131536384,1176088576,1248477184,90435584,91168768,91521024
1171517440,1146085376,102215680,90243072,1143889920,99622912,1131536384,1176129536,1227157504,90435584,91168768,91521024
1172254720,1146085376,92745728,91172864,1143894016,90148864,1131536384,1176129536,1227157504,90435584,91168768,91521024
1172254720,995049472,92745728,91172864,1143894016,90742784,1131536384,1176129536,1227157504,95379456,95936512,91521024
1172271104,995049472,94068736,91172864,1149657088,96251904,1260744704,1176129536,1227157504,90157056,95936512,90808320
1172271104,995049472,94068736,91172864,1149657088,96325632,1261109248,1178009600,1230770176,90157056,90484736,90808320
1172271104,995049472,94068736,91774976,1149657088,96325632,1261109248,1176580096,1230680064,90157056,90484736,90808320
1172271104,1092599808,99246080,91127808,1149661184,90951680,1262088192,1176580096,1230680064,90628096,89317376,91099136
1172271104,1107271680,99246080,91127808,1149661184,91877376,1262088192,1176580096,1229656064,90628096,89317376,91095040
1173389312,1107271680,94347264,91127808,1149661184,91877376,1262088192,1176580096,1229656064,90628096,89317376,91095040
1172226048,1107271680,110944256,91127808,1149661184,90509312,1267236864,1176580096,1229656064,90546176,90296320,91095040
1172226048,1107271680,92856320,91127808,1152151552,90509312,1317810176,1227214848,1257402368,90546176,90296320,90533888
1172226048,1107271680,92856320,91127808,1152151552,115355648,1317810176,1227259904,1302192128,90546176,90296320,90533888
1172226048,1107271680,92856320,91127808,1152151552,110653440,1317847040,1227259904,1302196224,90546176,90296320,90533888
1202860032,1110274048,92176384,91291648,1152151552,91705344,1317847040,1227329536,1302196224,90546176,90296320,90533888
1202860032,1152180224,92176384,91291648,1152151552,91705344,1317916672,1227329536,1302196224,90546176,90296320,90533888
1216208896,1152180224,92176384,91291648,1152151552,91705344,1317937152,1227329536,1302196224,90546176,90296320,90533888
1216208896,1152249856,92176384,91291648,1152151552,91705344,1317937152,1227345920,1302216704,90546176,90296320,90533888
1265479680,1152249856,92176384,91291648,1152151552,91705344,1317937152,1227345920,1302216704,90546176,90296320,93548544
1265487872,1152249856,92176384,91291648,1152151552,91705344,1317941248,1227350016,1251577856,90546176,90296320,93548544
1265487872,1152270336,92176384,91291648,1152151552,91705344,1317941248,1176662016,1251577856,90546176,92393472,91176960
1265487872,1152270336,92176384,91291648,1152151552,91705344,1267486720,1176662016,1251577856,90963968,92393472,91176960
1300541440,1155010560,92176384,91291648,1152151552,91705344,1267486720,1176662016,1251577856,90963968,92393472,91176960
1300541440,1155010560,92176384,90140672,1152151552,92192768,1267486720,1176662016,1251577856,90963968,92393472,91181056
1302913024,1110319104,92176384,90140672,1152151552,92192768,1267486720,1176662016,1251577856,90963968,92393472,91181056
1307152384,1110319104,92176384,90140672,1152151552,94601216,1267486720,1176662016,1251577856,90963968,92393472,91181056
1307152384,1110319104,92176384,90140672,1152151552,91484160,1267486720,1176662016,1251577856,90963968,92393472,91181056
1307152384,1110319104,92176384,90140672,1152151552,91484160,1267486720,1176662016,1251577856,90963968,92393472,91181056
936452096,1110319104,92176384,90140672,1152151552,91488256,1267486720,1176662016,1251577856,90963968,92393472,91181056
936452096,1110319104,92868608,90140672,1152151552,91488256,1267486720,1176662016,1251577856,90963968,93155328,91181056
936452096,1110319104,102715392,90140672,1179500544,102428672,1271791616,1176715264,1251577856,92585984,93155328,91181056
1062313984,1110319104,102715392,90140672,1179500544,102428672,1271791616,1176739840,1263681536,92585984,90939392,90689536
1062313984,1110319104,93241344,101105664,1179500544,102428672,1271988224,1176739840,1263714304,89710592,90939392,90685440
1063333888,1113206784,94547968,101105664,1179500544,92954624,1271988224,1176739840,1263714304,89710592,90939392,90685440
1063333888,1113206784,94547968,91639808,1179500544,93552640,1271988224,1176739840,1263730688,89710592,90939392,90685440
1063333888,1113284608,94547968,93667328,1179500544,93552640,1271988224,1188737024,1263730688,89710592,95645696,90685440
1063333888,1113284608,94547968,93667328,1179500544,93335552,1271988224,1182232576,1263730688,95342592,90275840,90685440
1063333888,1113284608,94547968,93667328,1179619328,99295232,1303941120,1182232576,1265352704,95342592,90275840,90103808
1063333888,1113284608,94547968,93667328,1179619328,99295232,1303941120,1180708864,1266294784,89939968,95096832,90103808
1063333888,1143435264,136208384,95842304,1179619328,99635200,1303863296,1180708864,1266294784,89939968,95096832,91152384
1065394176,1143435264,136208384,95842304,1179619328,94035968,1303863296,1180708864,1265270784,90927104,89772032,91152384
1065394176,1143480320,96669696,95842304,1179619328,94035968,1303863296,1180708864,1265270784,90927104,89772032,91152384
1074765824,1144020992,96669696,94937088,1179619328,100470784,1303863296,1180708864,1265270784,90927104,89772032,91152384
1074765824,1144020992,95854592,94937088,1179619328,106205184,1303863296,1180708864,1265270784,90927104,89772032,96231424
1074765824,1144020992,95854592,94937088,1179619328,106205184,1303863296,1180708864,1315819520,90927104,89772032,91488256
1074765824,1144020992,95854592,94937088,1179676672,91398144,1303863296,1180708864,1315856384,97251328,90673152,91488256
1074765824,1144020992,95854592,94937088,1179619328,113741824,1304838144,1270800384,1315856384,92532736,90673152,91488256
1074765824,1145745408,95903744,98619392,1179619328,113745920,1353375744,1270800384,1315889152,92532736,90673152,91488256
1074765824,1145745408,95903744,98619392,1179619328,113745920,1353379840,1270800384,1315889152,92532736,90673152,91488256
1152966656,1187696640,94478336,93782016,1179619328,94826496,1353379840,1270808576,1315889152,92532736,90673152,91488256
1202278400,1187696640,94478336,93782016,1179619328,94826496,1353383936,1270808576,1315893248,92532736,90673152,91488256
1202278400,1187696640,94478336,93782016,1179619328,94826496,1353383936,1270808576,1315893248,92532736,90673152,91488256
1202282496,1187700736,94478336,93782016,1179619328,94826496,1355489280,1270824960,1315893248,92532736,90673152,91488256
1202298880,1187721216,94478336,93782016,1179619328,94826496,1355493376,1270829056,1315983360,92532736,90673152,91488256
1202298880,1187721216,94478336,93782016,1179619328,94826496,1355493376,1270829056,1315983360,92532736,90673152,91488256
1202302976,1187721216,94478336,93782016,1179619328,94826496,1355493376,1270829056,1315987456,92532736,90673152,91488256
1202302976,1187721216,94478336,93782016,1179619328,94826496,1355497472,1270829056,1315987456,92532736,90673152,91488256
1202339840,1187721216,94478336,93782016,1179619328,94826496,1355497472,1270829056,1315987456,92532736,90673152,91488256
1202348032,1187721216,94478336,93782016,1179619328,94826496,1376194560,1309298688,1315987456,92532736,90673152,91488256
1202348032,1187721216,94478336,93782016,1179619328,94826496,1376194560,1226448896,1315987456,92532736,90271744,91488256
1202352128,1187721216,94478336,93782016,1179619328,94826496,1304846336,1226448896,1265287168,91418624,90271744,90935296
1221251072,1187733504,94478336,93782016,1179619328,94826496,1304846336,1226448896,1265287168,91418624,90271744,90935296
1221251072,1187733504,94478336,93782016,1179619328,94826496,1304846336,1226448896,1265287168,91418624,90271744,90935296
1237417984,1187733504,94478336,93782016,1179619328,94826496,1304846336,1226448896,1265287168,91422720,90271744,90935296
1248657408,1145745408,94478336,93782016,1179619328,99647488,1304846336,1226448896,1265287168,91422720,90271744,90935296
1248657408,1145745408,94478336,93507584,1179619328,99647488,1304846336,1226448896,1265287168,91422720,90271744,90935296
1248657408,1145745408,184459264,93507584,1179623424,93708288,1304846336,1226448896,1265287168,91422720,90271744,90935296
1248657408,1145745408,95301632,93507584,1179623424,93708288,1304846336,1226448896,1265287168,91602944,93995008,90935296
1109798912,1145745408,95301632,93507584,1179623424,93708288,1304846336,1226448896,1265287168,91602944,90841088,90935296
1109798912,1145745408,95301632,93507584,1179627520,102301696,1304895488,1226506240,1265401856,92160000,90841088,90877952
1109798912,1145745408,95301632,93507584,1179627520,102305792,1304895488,1226670080,1265401856,93032448,91664384,90877952
1110843392,1145745408,94961664,92454912,1179627520,92831744,1304903680,1226670080,1265442816,93032448,91664384,92041216
1110843392,1146036224,95633408,92454912,1179627520,92831744,1304903680,1226670080,1265451008,93032448,91664384,92041216
1110863872,1146036224,95633408,92454912,1179627520,92831744,1304903680,1226670080,1265451008,93032448,96350208,92041216
1110863872,1146052608,95633408,92508160,1179627520,92831744,1304903680,1226670080,1273577472,97562624,96350208,92561408
1110863872,1146052608,95633408,92508160,1179627520,93450240,1309655040,1228488704,1273577472,97562624,91152384,92561408
1110863872,1146052608,95633408,92508160,1179725824,98996224,1309655040,1228488704,1265582080,92397568,144211968,91467776
1110863872,1146040320,126558208,92286976,1179725824,92688384,1309667328,1226600448,1296080896,91979776,144211968,91467776
1145397248,1146040320,95645696,92286976,1179725824,92688384,1309667328,1226600448,1296080896,91975680,90062848,91467776
1141854208,1146036224,95645696,90013696,1179725824,92688384,1309667328,1226600448,1280315392,91975680,90062848,90189824
1146982400,1146036224,95645696,90013696,1179725824,108707840,1309667328,1226600448,1280315392,91975680,91070464,90189824
1146982400,1146036224,95539200,90013696,1179725824,103092224,1309667328,1226600448,1280315392,91127808,91070464,95854592
1141620736,1146036224,95539200,90013696,1179725824,103092224,1358249984,1277153280,1280315392,91127808,91070464,95854592
1141620736,1146036224,95539200,90013696,1070465024,103718912,1358249984,1277198336,1330978816,91131904,91070464,91127808
1141620736,1146036224,93306880,90013696,1070465024,103718912,1358249984,1277198336,1330978816,91131904,91070464,91127808
1185660928,1146486784,93306880,91705344,1070465024,94257152,1358254080,1277276160,1330982912,91131904,91070464,91127808
1225924608,1188360192,93306880,91705344,1070465024,94257152,1358254080,1277276160,1330982912,91131904,91070464,91127808
1225924608,1188360192,93306880,91705344,1070465024,94257152,1360355328,1277292544,1330999296,91131904,91070464,91127808
1234968576,1188360192,93306880,91705344,1070465024,94257152,1360355328,1277292544,1330999296,91131904,91070464,91127808
1234968576,1188364288,93306880,91705344,1070465024,94257152,1360359424,1277292544,1331003392,91131904,91070464,91127808
1235009536,1188364288,93306880,91705344,1073496064,94257152,1360359424,1277296640,1331003392,91131904,91070464,91127808
1235013632,1188364288,93306880,91705344,1073496064,94257152,1360359424,1277296640,1331003392,91131904,91070464,91127808
1235013632,1188380672,93306880,91705344,1073496064,94257152,1309691904,1314029568,1331003392,92188672,91070464,91127808
1253724160,1188380672,93306880,91705344,1073496064,94257152,1309691904,1226600448,1280360448,92188672,91070464,91332608
1253724160,1188380672,93306880,91705344,1073496064,94257152,1309691904,1226600448,1280360448,92188672,90300416,91332608
1269919744,1146286080,93306880,91705344,1073496064,94257152,1309691904,1226600448,1280360448,92188672,90300416,91332608
1269919744,1146286080,93306880,90492928,1073496064,98516992,1309691904,1226600448,1280360448,92188672,90300416,91332608
1272315904,1146286080,93306880,90492928,1073496064,98516992,1309691904,1226600448,1280360448,92188672,90300416,91332608
1272315904,1146286080,93306880,90492928,1091428352,93777920,1309691904,1226600448,1280360448,92188672,90300416,91332608
1142505472,1146286080,97374208,90492928,1091428352,93777920,1309691904,1226600448,1280360448,92192768,90300416,91332608
1142505472,1146286080,97374208,90492928,1091428352,93777920,1309691904,1226600448,1280360448,92192768,90300416,91332608
1142505472,1146286080,97374208,118202368,1167306752,103571456,1309691904,1226600448,1280360448,91500544,90300416,100368384
1142505472,1147588608,97374208,118202368,1167310848,103571456,1309724672,1226653696,1287487488,91500544,90570752,100368384
1142505472,1168896000,106897408,92143616,1167310848,103571456,1309724672,1226653696,1287675904,91500544,90570752,90906624
1152532480,1147633664,97427456,91811840,1167310848,94101504,1309732864,1226678272,1287675904,91959296,94126080,91590656
1152532480,1147633664,97427456,91811840,1167310848,94101504,1309732864,1226678272,1291878400,91959296,93532160,91590656
1152557056,1147633664,95211520,91811840,1167310848,94101504,1309732864,1226678272,1291878400,91959296,93532160,91594752
1152557056,1147633664,95211520,91811840,1167396864,94101504,1309872128,1226678272,1291878400,91652096,93532160,96030720
1152557056,1147633664,95211520,91815936,1173266432,99565568,1309872128,1226678272,1291919360,91652096,92934144,96030720
1152557056,1147633664,94920704,91815936,1173266432,99581952,1324572672,867733504,1291919360,91652096,92934144,91041792
1152557056,1147633664,94920704,93237248,1173266432,94224384,1324572672,1024376832,1292861440,90697728,92934144,91041792
1153703936,1149722624,94920704,93237248,1173266432,94224384,1309786112,1016369152,1147998208,90697728,90787840,91041792
1152557056,1149628416,97443840,93237248,1173266432,94224384,1309786112,1016369152,1147998208,90697728,90787840,90587136
1152557056,1149640704,97439744,96444416,1173266432,100065280,1309786112,1016369152,1147998208,90697728,90787840,90587136
1152557056,1149640704,97439744,96448512,1173454848,99991552,1309786112,1016369152,1147998208,90697728,96309248,95711232
1152557056,1149640704,97439744,96448512,1173454848,104722432,1309786112,1124618240,1147998208,90697728,96309248,90988544
1152557056,1149640704,97439744,96448512,1173454848,104722432,1309786112,1124618240,1289043968,97099776,91582464,90988544
1152557056,1149640704,97439744,96448512,1181712384,94679040,1352876032,1157861376,1289093120,97099776,91582464,90988544
1152557056,1149640704,102166528,96448512,1181712384,94679040,1384521728,1157861376,1289093120,92377088,91582464,90988544
1154027520,1149640704,102166528,98209792,1181712384,103702528,1384521728,1157865472,1289162752,92377088,91582464,90988544
1154027520,1150746624,97439744,98209792,1181712384,94240768,1395802112,1167192064,1289183232,92377088,91582464,90988544
1197395968,1150746624,97439744,93483008,1181712384,94240768,1395802112,1167192064,1289183232,92377088,94740480,90988544
1246625792,1192701952,97439744,93483008,1181712384,94240768,1333886976,1109716992,1239691264,90107904,92368896,91983872
1246625792,1192706048,97439744,93483008,1181712384,94240768,1333886976,1109716992,1239691264,90107904,92368896,91983872
1272766464,1192706048,97439744,93483008,1181712384,94240768,1333886976,1109716992,1239691264,90107904,92368896,91983872
1275285504,1192710144,97439744,93483008,1181712384,94240768,1333886976,1109716992,1239691264,90107904,92368896,91983872
1275285504,1192726528,97439744,93483008,1181712384,94240768,1333886976,1109716992,1239691264,90107904,92368896,91983872
1275342848,1192726528,97439744,93483008,1181712384,93417472,1333886976,1109716992,1239691264,90107904,92368896,91987968
1275342848,1150746624,97439744,96260096,1181712384,96575488,1333886976,1109716992,1239691264,90107904,92368896,91987968
1275342848,1150746624,97439744,96260096,1181712384,94175232,1333886976,1109716992,1239691264,90107904,92368896,91987968
1164636160,1150746624,97050624,96260096,1181712384,94175232,1333886976,1109716992,1239691264,90107904,92368896,91987968
1164636160,1150746624,97050624,96260096,1181712384,94175232,1333886976,1109716992,1239691264,90107904,92368896,91987968
1154027520,1150746624,97050624,96260096,1182593024,94175232,1333886976,1109716992,1239691264,90107904,92368896,91987968
1154027520,1150746624,106618880,96260096,1182593024,106262528,1333960704,1109716992,1239691264,99848192,92250112,91987968
1154027520,1150746624,106618880,94851072,1182511104,106262528,1333960704,1223004160,1245138944,90374144,92250112,93884416
1154834432,1153810432,97132544,94851072,1182511104,125251584,1333997568,1228914688,1245138944,90374144,92160000,93884416
1154854912,1183039488,97181696,94851072,1182511104,125251584,1334005760,1223106560,1245593600,91291648,92160000,93884416
1154875392,1183039488,97181696,91938816,1182511104,96788480,1334005760,1223106560,1245593600,91291648,92160000,92987392
1154875392,1183039488,97181696,91938816,1182511104,96788480,1334005760,1223106560,1245593600,91291648,92160000,93241344
1154875392,1183039488,97181696,91938816,1182511104,95764480,1334005760,1223106560,1253683200,91291648,92160000,93241344
1154875392,1183039488,97181696,91938816,1182511104,95764480,1334005760,1223106560,1253683200,91291648,92160000,97562624
1154875392,1183039488,97181696,91938816,1182511104,100052992,1334005760,1223106560,1251581952,91291648,92160000,97562624
1173024768,1183039488,103276544,97959936,1182732288,99999744,1340067840,1223106560,1251581952,96411648,91910144,92176384
1173024768,931725312,103276544,92721152,1182732288,99999744,1013182464,1227100160,1246363648,91029504,91910144,92176384
1168228352,931725312,97861632,92721152,1182732288,100093952,1013182464,1227010048,1246732288,91029504,91910144,92176384
1168605184,1010536448,97861632,92721152,1182732288,100093952,1163452416,1225134080,1246732288,91951104,106995712,91975680
1167585280,1026998272,94683136,93237248,1182732288,104701952,1163452416,1225134080,1245835264,91951104,90767360,91975680
1167585280,1026998272,94683136,93237248,1182732288,94633984,1163452416,1225134080,1245835264,91951104,90767360,91975680
1167585280,1026998272,94683136,93237248,1182732288,94633984,1163452416,1225134080,1245835264,92020736,91631616,96342016
1167585280,1026998272,94683136,93237248,1182732288,111194112,1262706688,1275977728,1259290624,92020736,91582464,96342016
1167585280,1026998272,94683136,93237248,1182732288,96452608,1262706688,1275977728,1298825216,92606464,91582464,91615232
1167585280,1026998272,93368320,93237248,1182732288,96452608,1313361920,1275977728,1298825216,92606464,91582464,91615232
1210085376,1102110720,93368320,91877376,1182732288,111575040,1313361920,1275981824,1298825216,92606464,91582464,91615232
1210085376,1102110720,93368320,91877376,1182732288,97353728,1313361920,1275981824,1298829312,92606464,91582464,91615232
1222492160,1144029184,93368320,91877376,1182732288,97353728,1263886336,1278083072,1298829312,91619328,91582464,91615232
1260072960,1144107008,93368320,91877376,1182732288,97353728,1263886336,1278083072,1303474176,91619328,91582464,91615232
1260072960,1144107008,93368320,91877376,1182732288,97353728,1263886336,1332953088,1303474176,91619328,91582464,91615232
1278930944,1144107008,93368320,91877376,1182732288,97353728,1263886336,1225342976,1248161792,91619328,91582464,91328512
1295118336,1102692352,93368320,91877376,1182732288,97353728,1263886336,1225342976,1248161792,91619328,90722304,91328512
1295118336,1102692352,93368320,93667328,1182732288,101437440,1263886336,1225342976,1248161792,91619328,90722304,91549696
1303986176,1102692352,93368320,93667328,1182732288,96653312,1263886336,1225400320,1273458688,108523520,90722304,91549696
1303986176,1102692352,93368320,93667328,1182732288,101396480,1287045120,1225437184,1273458688,91377664,91750400,91357184
1303986176,1102692352,93368320,93667328,1182732288,101396480,1287176192,1225474048,1273499648,91377664,91750400,91357184
1303986176,1102692352,93368320,93667328,1182732288,96661504,1287176192,1225474048,1273499648,91377664,92069888,92565504
1167478784,1102692352,93048832,103182336,1182732288,142680064,1287176192,1225474048,1273499648,91377664,92069888,92565504
1167478784,1151770624,93048832,93712384,1182732288,104706048,1287176192,1225474048,1273499648,91377664,92069888,92565504
1167478784,1151770624,93573120,93712384,1182732288,104706048,1287176192,1225474048,1273499648,91377664,92069888,92565504
1169690624,1162862592,93573120,95223808,1182732288,95236096,1287483392,1225474048,1273499648,92495872,92069888,92565504
1169711104,1162862592,93581312,95223808,1182732288,95834112,1287483392,1225474048,1273499648,92495872,92069888,93077504
1169711104,1152253952,97296384,95223808,1182732288,95834112,1287483392,1225474048,1273499648,92495872,91549696,91947008
1169711104,1152253952,97296384,95223808,1182855168,95895552,1288445952,1229680640,1278648320,91697152,91549696,91947008
1169711104,1158078464,98066432,96534528,1182855168,102076416,1288372224,1229680640,1278648320,91697152,91549696,91947008
821469184,1158078464,97091584,96534528,1182855168,100794368,1288372224,1229033472,1283514368,91697152,59510784,58961920
826449920,1158082560,62083072,65609728,1182855168,100794368,1288388608,1229033472,1283530752,58114048,59510784,58961920
826449920,1158082560,62083072,65609728,1182855168,100667392,1288388608,1229033472,1283530752,58114048,59510784,58961920
870989824,1158082560,62083072,65609728,1182855168,116195328,1288388608,1229033472,1283530752,58114048,64557056,58961920
870989824,1158082560,62083072,65609728,1182855168,116195328,1288388608,1230139392,1283563520,62996480,64557056,58961920
871010304,1158082560,62177280,65613824,1135173632,121524224,1336856576,1230139392,1332035584,62996480,59830272,60325888
871010304,1158082560,62177280,65613824,1135177728,107360256,1336856576,1280733184,1332035584,58269696,59830272,60325888
871002112,1158082560,66658304,66531328,1135177728,107360256,1336967168,1280802816,1332146176,58269696,59830272,60325888
871002112,1200033792,66658304,66531328,1135177728,97873920,1336967168,1280802816,1332146176,58269696,59830272,60325888
914796544,1200033792,61927424,61804544,1135177728,97873920,1336967168,1280802816,1332146176,58269696,59830272,60325888
964026368,1200033792,61927424,61804544,1135435776,97873920,1356984320,1229262848,1332146176,58269696,62906368,60325888
964050944,1200033792,61927424,61804544,1135439872,97873920,1288388608,1229262848,1334251520,57790464,62906368,60325888
964050944,1200046080,61927424,61804544,1135439872,97873920,1288388608,1229262848,1341014016,57790464,60534784,60325888
999022592,1200046080,61927424,61804544,1135439872,97873920,1288388608,1229262848,1341014016,57790464,60534784,58314752
999022592,1200062464,61927424,61804544,1135439872,97873920,1288388608,1229262848,1283559424,57794560,60534784,58314752
999030784,1214283776,61927424,62152704,1135439872,102780928,1288388608,1229262848,1283559424,57794560,60534784,58314752
999030784,1158094848,61927424,62152704,1135439872,105111552,1288388608,1229262848,1283559424,57794560,60534784,58314752
1008025600,1158094848,61927424,62152704,1143926784,98000896,1288388608,1229262848,1283559424,67895296,70742016,58314752
1008025600,1158094848,61927424,62152704,1143926784,98000896,1288388608,1248788480,1283559424,67895296,61243392,58314752
935800832,1158094848,61927424,62152704,1143926784,98000896,1293021184,1248788480,1283559424,58425344,60014592,58314752
871579648,1158094848,62099456,62152704,1178275840,108556288,1293029376,1248927744,1293369344,59256832,59420672,58564608
871579648,1158094848,62099456,62152704,1181503488,108556288,1293029376,1248927744,1293369344,59256832,59420672,58564608
871579648,1170649088,62099456,62152704,1181503488,108556288,1293029376,1248927744,1293410304,59256832,59420672,58048512
876109824,1170661376,62210048,59428864,1181503488,108556288,1293029376,1248927744,1293410304,65499136,59420672,58048512
877096960,1170694144,62210048,60571648,1181503488,99676160,1574539264,1328046080,1293410304,60022784,59887616,58048512
877096960,1170694144,62210048,60571648,1181503488,99676160,1470042112,1328046080,1293410304,60022784,59887616,64679936
877277184,1170694144,62369792,60571648,1181569024,104083456,1470042112,1278480384,1293443072,60022784,59887616,59641856
877277184,1170694144,62369792,60571648,1181569024,104083456,1470042112,1278480384,1293443072,60022784,59887616,59641856
877277184,1170694144,69931008,67887104,1187999744,104189952,1470042112,1278480384,1293443072,60022784,59887616,59641856
878465024,1256067072,69931008,62783488,1187999744,104189952,1376878592,1278480384,1342787584,60022784,59887616,59641856
1003126784,1256067072,63594496,62783488,1187999744,98770944,1376878592,1278480384,1353863168,60022784,59887616,59641856
1003126784,1256067072,63594496,62783488,1187999744,98770944,1376878592,1278480384,1403428864,60022784,59887616,59641856
1119805440,1256067072,63594496,62783488,1187999744,98770944,1426444288,1278480384,1403428864,60022784,59887616,59637760
1022767104,1256067072,63594496,62783488,1187999744,98770944,1376878592,1278480384,1353863168,60022784,59887616,59637760
1022767104,1256067072,63594496,62783488,1187999744,98770944,1376878592,1278480384,1495797760,60022784,59887616,59637760
1022767104,1370447872,63594496,62783488,1187999744,98770944,1376878592,1278480384,1495797760,60022784,59887616,59637760
1022767104,1256067072,63594496,62783488,1187999744,98770944,1376878592,1278480384,1353863168,60022784,59887616,59637760
1166798848,1256067072,63594496,62783488,1187999744,98770944,1426444288,1328046080,1353863168,60022784,59887616,59637760
1022767104,1256067072,63594496,62783488,1187999744,98770944,1426444288,1278480384,1353863168,60022784,59887616,59637760
1022767104,1256067072,63594496,62783488,1187999744,98770944,1471090688,1278480384,1353863168,60022784,59887616,59637760
1022767104,1256067072,63594496,62783488,1187999744,98770944,1471090688,1278480384,1353863168,60022784,59887616,59637760
1022767104,1256067072,63594496,62783488,1187999744,98770944,1376878592,1278480384,1353863168,60022784,59887616,59637760
1022767104,1256067072,63594496,62783488,1187999744,98770944,1376878592,1278480384,1353863168,60022784,59887616,59637760
1022767104,1256067072,63594496,62783488,1188003840,98770944,1426444288,1411883008,1353863168,60022784,59887616,59637760
1022767104,1357004800,63594496,62783488,1188003840,98770944,1426444288,1278480384,1353863168,60022784,59887616,59637760
1022767104,1357004800,63594496,62783488,1187999744,98770944,1376878592,1278480384,1353863168,60022784,59887616,59637760
1022767104,1255034880,63594496,62783488,1187999744,98770944,1376878592,1278480384,1353863168,60022784,59887616,59637760
1072332800,1255034880,63594496,62783488,1187999744,98770944,1376878592,1278480384,1353863168,60022784,59887616,59637760
1072332800,1255034880,63594496,62783488,1187999744,98770944,1426444288,1278480384,1403428864,60022784,59887616,59637760
1022767104,1255034880,63594496,62783488,1187999744,98770944,1376878592,1278480384,1485156352,60022784,59887616,59637760
1022767104,1255034880,63594496,62783488,1187999744,98770944,1376878592,1377058816,1353863168,60022784,59887616,59637760
1022767104,1255034880,63594496,62783488,1187999744,98775040,1376878592,1278480384,1353863168,60022784,59887616,59637760
1022767104,1255034880,63594496,62783488,1187999744,98775040,1376878592,1278480384,1353863168,60022784,59887616,59637760
1022767104,1255034880,63594496,62783488,1187999744,98775040,1376878592,1278480384,1353863168,60022784,59887616,59637760
1022767104,1255034880,63594496,62783488,1187999744,98779136,1376878592,1278480384,1403428864,60022784,59887616,59637760
1022767104,1255034880,63594496,62783488,1187999744,98783232,1376878592,1278480384,1403428864,60022784,59887616,59637760
1022767104,1255034880,63594496,62783488,1187999744,98783232,1376878592,1278480384,1353863168,60022784,59887616,59637760
1072332800,1255034880,63594496,62783488,1187999744,98783232,1376878592,1278480384,1353863168,60022784,59887616,59637760
1022767104,1255034880,63594496,62783488,1187999744,98783232,1376878592,1278480384,1353863168,60022784,59887616,59637760
1072332800,1255034880,63594496,62783488,1187999744,98783232,1455808512,1328046080,1353863168,60022784,59887616,59637760
1072332800,1255034880,63594496,62783488,1187999744,98783232,1455808512,1278480384,1403428864,60022784,59887616,59637760
1022767104,1255034880,63594496,62783488,1187999744,98783232,1455808512,1278480384,1403428864,60022784,59887616,59637760
1022767104,1255034880,63594496,62783488,1187999744,98783232,1455808512,1278480384,1403428864,60022784,59887616,59637760
1022767104,1347702784,63594496,62783488,1187999744,98783232,1376878592,1278480384,1454804992,60022784,59887616,59637760
1022767104,1255034880,63594496,62783488,1187999744,98783232,1426444288,1476435968,1353863168,60022784,59887616,59637760
1022767104,1255034880,63594496,62783488,1187999744,98783232,1426444288,1278480384,1353863168,60022784,59887616,59637760
1022767104,1255034880,63594496,62783488,1187999744,98783232,1376878592,1278480384,1501638656,60022784,59887616,59637760
1022767104,1255034880,63594496,62783488,1187999744,98783232,1376878592,1278480384,1502310400,60022784,59887616,59637760
1022767104,1255034880,63594496,62783488,1187999744,98783232,1376878592,1278480384,1502310400,60022784,59887616,59637760
1022767104,1255034880,63594496,62783488,1187999744,98783232,1376878592,1278480384,1353863168,60022784,59887616,59637760
1022767104,1269182464,63594496,62783488,1187999744,98783232,1376878592,1328046080,1353863168,60022784,59887616,59637760
1022767104,1269182464,63594496,62783488,1187999744,98783232,1376878592,1328046080,1353863168,60022784,59887616,59637760
1022767104,1255034880,63594496,62783488,1187999744,98783232,1376878592,1278480384,1353863168,60022784,59887616,59637760
1022767104,1255034880,63594496,62783488,1187999744,98783232,1376878592,1278480384,1353863168,60022784,59887616,59637760
1022767104,1255034880,63594496,62783488,1187999744,98783232,1376878592,1278480384,1353863168,60022784,59887616,59637760
1022767104,1255034880,63594496,62783488,1187999744,98783232,1376878592,1278480384,1353863168,60022784,59887616,59637760
1022767104,1255034880,63594496,62783488,1187999744,98783232,1376878592,1278480384,1353863168,60022784,59887616,59637760
1089118208,1255034880,63594496,62783488,1187999744,98783232,1376878592,1278480384,1353863168,60022784,59887616,59637760
1089118208,1255034880,63594496,62783488,1187999744,98783232,1376878592,1278480384,1353863168,60022784,59887616,59637760
1022767104,1255034880,63594496,62783488,1187999744,98783232,1376878592,1278480384,1353863168,60022784,59887616,59637760
1022767104,1255034880,63594496,62783488,1187999744,98783232,1426444288,1278480384,1353863168,60022784,59887616,59637760
1022767104,1255034880,63594496,62783488,1187999744,98783232,1376878592,1278480384,1454804992,60022784,59887616,59637760
1022767104,1255038976,63594496,62783488,1187999744,98783232,1376878592,1278480384,1454804992,60022784,59887616,59637760
1022767104,1255038976,63594496,62783488,1187999744,98783232,1376878592,1278480384,1553641472,60022784,59887616,59637760
1022767104,1255034880,63594496,62783488,1187999744,98783232,1376878592,1278480384,1353867264,60022784,59887616,59637760
1022767104,1255034880,63594496,62783488,1187999744,98783232,1376878592,1278480384,1353863168,60022784,59887616,59637760
1022767104,1255034880,63594496,62783488,1187999744,98783232,1376878592,1278480384,1353863168,60022784,59887616,59637760
1022767104,1255034880,63594496,62783488,1187999744,98783232,1376878592,1278480384,1353863168,60022784,59887616,59637760
1022767104,1255034880,63594496,62783488,1187999744,98783232,1376878592,1278480384,1353863168,60022784,59887616,59637760
1022767104,1255034880,63594496,62783488,1187999744,98783232,1376878592,1278480384,1353863168,60022784,59887616,59637760
1022767104,1255034880,63594496,62783488,1187999744,98783232,1376878592,1278480384,1353863168,60022784,59887616,59637760
1022767104,1255034880,63594496,62783488,1187999744,98783232,1376878592,1375223808,1353863168,60022784,59887616,59637760
1022767104,1255034880,63594496,62783488,1187999744,98783232,1376878592,1375223808,1549447168,60022784,59887616,59637760
1022767104,1255034880,63594496,62783488,1187999744,98783232,1376878592,1379422208,1403428864,60022784,59887616,59637760
1072332800,1255034880,63594496,62783488,1187999744,98783232,1376878592,1278480384,1403428864,60022784,59887616,59637760
1072332800,1255034880,63594496,62783488,1187999744,98783232,1376878592,1278480384,1403428864,60022784,59887616,59637760
1022767104,1255034880,63594496,62783488,1187999744,98783232,1376878592,1278480384,1403428864,60022784,59887616,59637760
1022767104,1255034880,63594496,62783488,1187999744,98783232,1376878592,1278480384,1403428864,60022784,59887616,59637760
1022767104,1255034880,63594496,62783488,1187999744,98783232,1376878592,1278480384,1353863168,60022784,59887616,59637760
1022767104,1255034880,63594496,62783488,1187999744,98783232,1376878592,1278480384,1353863168,60022784,59887616,59637760
1022767104,1255034880,63594496,62783488,1187999744,98783232,1376878592,1278480384,1454804992,60022784,59887616,59637760
1022767104,1255034880,63594496,62783488,1187999744,98783232,1376878592,1278480384,1454804992,60022784,59887616,59637760
1022767104,1255034880,63594496,62783488,1187999744,98783232,1376878592,1278480384,1353863168,60022784,59887616,59637760
1022767104,1255034880,63594496,62783488,1187999744,98783232,1396531200,1278480384,1353863168,60022784,59887616,59637760
1022767104,1255034880,63594496,62783488,1187999744,98783232,1376878592,1278480384,1353863168,60022784,59887616,59637760
1022767104,1255034880,63594496,62783488,1187999744,98783232,1376878592,1278480384,1353863168,60022784,59887616,59637760
1022767104,1255034880,63594496,62783488,1187999744,98787328,1376878592,1278480384,1353863168,60022784,59887616,59637760
1022767104,1255034880,63594496,62783488,1187999744,98787328,1376878592,1278480384,1353863168,60022784,59887616,59637760
1022767104,1265680384,63594496,62783488,1187999744,98787328,1376878592,1278480384,1353863168,60022784,59887616,59637760
1022767104,1255034880,63594496,62783488,1187999744,98787328,1376878592,1278480384,1353863168,60022784,59887616,59637760
1022767104,1255034880,63594496,62783488,1187999744,98787328,1426444288,1328046080,1353863168,60022784,59887616,59637760
1022767104,1255034880,63594496,62783488,1187999744,98787328,1376878592,1328046080,1353863168,60022784,59887616,59637760
1022767104,1255034880,63594496,62783488,1187999744,98787328,1376878592,1278480384,1353863168,60022784,59887616,59637760
1022767104,1255034880,63594496,62783488,1187999744,98787328,1376878592,1278480384,1353863168,60022784,59887616,59637760
1190158336,1255034880,63594496,62783488,1187999744,98787328,1376878592,1328046080,1353863168,60022784,59887616,59637760
1022767104,1255034880,63594496,62783488,1187999744,98787328,1376878592,1328046080,1353863168,60022784,59887616,59637760
1022767104,1255034880,63594496,62783488,1187999744,98787328,1376878592,1278480384,1353863168,60022784,59887616,59637760
1072332800,1255034880,63594496,62783488,1187999744,98787328,1376878592,1278480384,1353863168,60022784,59887616,59637760
1022767104,1255034880,63594496,62783488,1187999744,98787328,1376878592,1278480384,1353863168,60022784,59887616,59637760
1022767104,1255034880,63594496,62783488,1187999744,98787328,1376878592,1278480384,1353863168,60022784,59887616,59637760
1022767104,1255034880,63594496,62783488,1187999744,98787328,1375850496,1278480384,1353863168,60022784,59887616,59637760
1022767104,1255034880,63594496,62783488,1187999744,98787328,1375850496,1278480384,1353863168,60022784,59887616,59637760
1022767104,1255034880,63594496,62783488,1187999744,98787328,1375850496,1328046080,1353863168,60022784,59887616,59637760
1022767104,1255034880,63594496,62783488,1187999744,98787328,1423544320,1328046080,1353863168,60022784,59887616,59637760
1072332800,1255034880,63594496,62783488,1187999744,98791424,1476788224,1278480384,1353863168,60022784,59887616,59637760
1072332800,1255034880,63594496,62783488,1187999744,98791424,1375850496,1278480384,1353863168,60022784,59887616,59637760
1022767104,1255034880,63594496,62783488,1187999744,98791424,1375850496,1278480384,1399459840,60022784,59887616,59637760
1022767104,1255034880,63594496,62783488,1187999744,98791424,1375850496,1278480384,1494458368,60022784,59887616,59637760
1022767104,1255034880,63594496,62783488,1187999744,98791424,1375850496,1278480384,1494458368,60022784,59887616,59637760
1022767104,1255034880,63594496,62783488,1187999744,98791424,1375850496,1424789504,1353863168,60022784,59887616,59637760
1072332800,1255034880,63594496,62783488,1187999744,98791424,1425416192,1278480384,1353863168,60022784,59887616,59637760
1072332800,1255034880,63594496,62783488,1187999744,98791424,1425416192,1278480384,1353863168,60022784,59887616,59637760
1022767104,1255034880,63594496,62783488,1187999744,98791424,1425416192,1278480384,1353863168,60022784,59887616,59637760
1022767104,1255034880,63594496,62783488,1187999744,98791424,1425416192,1278480384,1403428864,60022784,59887616,59637760
1022767104,1255034880,63594496,62783488,1187999744,98791424,1375850496,1278480384,1353863168,60022784,59887616,59637760
1022767104,1255034880,63594496,62783488,1187999744,98791424,1375866880,1278492672,1353863168,60022784,59887616,59637760
1022767104,1255034880,63594496,62783488,1187999744,98791424,1375866880,1278492672,1353863168,59756544,58974208,59637760
1022767104,1255034880,63594496,62787584,1187999744,98795520,1375866880,1278492672,1353879552,59756544,58974208,59637760
1022767104,1255034880,63594496,62787584,1187999744,98795520,1375866880,1278492672,1353879552,59756544,58974208,59187200
1022767104,1255034880,63594496,62787584,1187999744,98795520,1375866880,1278492672,1353879552,59756544,58974208,59187200
1022767104,1255034880,63594496,62787584,1187999744,98795520,1375866880,1278492672,1353879552,59756544,58974208,59187200
1022767104,1255034880,63594496,62787584,1187999744,98795520,1375866880,1278492672,1353879552,59756544,58974208,59187200
1022767104,1255034880,63594496,62787584,1187999744,98795520,1375866880,1278492672,1353879552,59756544,58974208,59187200
1022767104,1255034880,63594496,62787584,1187999744,98795520,1375866880,1278492672,1353879552,59756544,58974208,59187200
1022767104,1255034880,63594496,62787584,1187999744,98795520,1375866880,1278492672,1353879552,59756544,58974208,59187200
1022767104,1255034880,63594496,62787584,1187999744,98795520,1375866880,1278492672,1353879552,59756544,58974208,59187200
1022767104,1255034880,63594496,62787584,1187999744,98795520,1375866880,1278492672,1353879552,59756544,58974208,59187200
1102647296,1255034880,63594496,62787584,1187999744,98795520,1375866880,1278492672,1353879552,59756544,58974208,59187200
1102647296,1255034880,63594496,62787584,1187999744,98795520,1375866880,1278492672,1353879552,59756544,58974208,59187200
1022767104,1255034880,63594496,62787584,1187999744,98795520,1375866880,1278492672,1353879552,59756544,58978304,59187200
1022767104,1255034880,63594496,62787584,1187999744,98795520,1375866880,1278492672,1353879552,59756544,58978304,59187200
1022767104,1255034880,63594496,62787584,1187999744,98795520,1375866880,1278492672,1353879552,59756544,58978304,59187200
1022767104,1255034880,63594496,62787584,1187999744,98795520,1375866880,1278492672,1353879552,59756544,58978304,59187200
1022767104,1255034880,63594496,62787584,1187999744,98795520,1375866880,1278492672,1353879552,59756544,58978304,59187200
1022767104,1255034880,63594496,62787584,1187999744,98795520,1375866880,1278492672,1353879552,59756544,58978304,59187200
1022767104,1255034880,63594496,62787584,1187999744,98795520,1375866880,1278492672,1353879552,59756544,58978304,59191296
1022767104,1279938560,63594496,62787584,1187999744,98795520,1375866880,1278492672,1353879552,59752448,58978304,59191296
1022767104,1279938560,63594496,62787584,1187999744,98795520,1375866880,1278492672,1353879552,59752448,58978304,59191296
1022767104,1255034880,63594496,62787584,1187999744,98795520,1375866880,1278492672,1353879552,59752448,58978304,59191296
1022767104,1255034880,63594496,62787584,1187999744,98795520,1375866880,1278492672,1353879552,59752448,58978304,59191296
1022767104,1255034880,63594496,62787584,1187999744,98795520,1375866880,1278492672,1353879552,59752448,58978304,59191296
1022767104,1255034880,63594496,62787584,1187999744,98795520,1375866880,1278492672,1353879552,59752448,58978304,59191296
1022767104,1255034880,63594496,62787584,1187999744,98795520,1375866880,1278492672,1353879552,59752448,58978304,59191296
1022767104,1255034880,63594496,62787584,1187999744,98795520,1375866880,1278492672,1353879552,59752448,58978304,59191296
1022767104,1255034880,63594496,62787584,1187999744,98795520,1375866880,1278492672,1353879552,59752448,58978304,59191296
1022767104,1255034880,63594496,62787584,1187999744,98795520,1375866880,1278492672,1353879552,59752448,58978304,59191296
1022767104,1255034880,63594496,62787584,1187999744,98795520,1375866880,1278492672,1353879552,59752448,58978304,59191296
1022767104,1255034880,63594496,62787584,1187999744,98795520,1375866880,1278492672,1353879552,59752448,58978304,59191296
1022767104,1255034880,63594496,62787584,1187999744,98799616,1375866880,1278492672,1353879552,59756544,58978304,59191296
1022767104,1255034880,63594496,62787584,1187999744,98799616,1375866880,1278492672,1353879552,59756544,58978304,59191296
1022767104,1255034880,63594496,62787584,1187999744,98799616,1375866880,1278492672,1353879552,59756544,58978304,59191296
1022767104,1255034880,63594496,62787584,1187999744,98799616,1375866880,1278492672,1353879552,59756544,58978304,59191296
1072332800,1255034880,63594496,62787584,1187999744,98799616,1375866880,1278492672,1353879552,59756544,58978304,59191296
1022767104,1255034880,63594496,62787584,1187999744,98799616,1375866880,1278492672,1353879552,59756544,58978304,59191296
1022767104,1255034880,63594496,62787584,1187999744,98803712,1375866880,1278492672,1353879552,59756544,58978304,59191296
1022767104,1255034880,63594496,62787584,1187999744,98803712,1375866880,1278492672,1353879552,59756544,58978304,59191296
1022767104,1255034880,63594496,62787584,1187999744,98803712,1375866880,1278492672,1353879552,59756544,58978304,59191296
1022767104,1255034880,63594496,62787584,1187999744,98803712,1375866880,1278492672,1353879552,59756544,58978304,59191296
1022767104,1255034880,63594496,62787584,1187999744,98803712,1375866880,1278492672,1353879552,59756544,58978304,59191296
1022767104,1255034880,63594496,62787584,1187999744,98803712,1375866880,1278492672,1353879552,59756544,58978304,59191296
1022767104,1255034880,63594496,62787584,1187999744,98803712,1375866880,1278492672,1353879552,59756544,58978304,59191296
1022767104,1255034880,63594496,62787584,1187999744,98803712,1375866880,1278492672,1353879552,59756544,58978304,59191296
1022767104,1255034880,63594496,62787584,1187999744,98803712,1375866880,1278492672,1353879552,59756544,58978304,59174912
1022767104,1255034880,63594496,62787584,1187999744,98803712,1375866880,1278492672,1353879552,59756544,58978304,59174912
1022767104,1302892544,63594496,62787584,1187999744,98803712,1375866880,1278492672,1353879552,59756544,58978304,59174912
1022767104,1302892544,63594496,62787584,1187999744,98803712,1375866880,1278492672,1353879552,59756544,58978304,59191296
1022767104,1255034880,63594496,62787584,1187999744,98803712,1375866880,1278492672,1353879552,59760640,58978304,59191296
1022767104,1255034880,63594496,62787584,1187999744,98803712,1375866880,1278492672,1353879552,59760640,58978304,59191296
1022767104,1255034880,63594496,62787584,1187999744,98803712,1375866880,1278492672,1353879552,59760640,58978304,59191296
1022767104,1255034880,63594496,62787584,1187999744,98803712,1375866880,1278492672,1353879552,59760640,58978304,59191296
1022767104,1255034880,63594496,62787584,1187999744,98803712,1375866880,1278492672,1353879552,59760640,58978304,59191296
1022767104,1255034880,63594496,62787584,1187999744,98803712,1375866880,1278492672,1353879552,59760640,58978304,59191296
1022767104,1255034880,63594496,62787584,1187999744,98803712,1375866880,1278492672,1353879552,59764736,58978304,59191296
1022767104,1255034880,63594496,62787584,1187999744,98803712,1375866880,1278492672,1353879552,59764736,58978304,59191296
1022767104,1255034880,63594496,62787584,1187999744,98803712,1375866880,1278492672,1353879552,59764736,58978304,59191296
1022767104,1255034880,63594496,62787584,1187999744,98803712,1375866880,1278492672,1353879552,59764736,58978304,59191296
1072332800,1255034880,63594496,62787584,1187999744,98803712,1375866880,1278492672,1353879552,59764736,58978304,59191296
1022767104,1255034880,63594496,62787584,1187999744,98803712,1375866880,1278492672,1353879552,59764736,58978304,59191296
1022767104,1255034880,63594496,62787584,1187999744,98807808,1375866880,1278492672,1353879552,59764736,58978304,59191296
1022767104,1255034880,63594496,62787584,1187999744,98807808,1375866880,1278492672,1353879552,59764736,58978304,59191296
1128763392,1255034880,63594496,62787584,1187999744,98807808,1375866880,1278492672,1353879552,59764736,58978304,59191296
1128763392,1255034880,63594496,62787584,1187999744,98807808,1375866880,1278492672,1353879552,59764736,58978304,59191296
1022767104,1255034880,63594496,62787584,1187999744,98807808,1375866880,1278492672,1353879552,59764736,58978304,59191296
1022767104,1255034880,63594496,62787584,1187999744,98807808,1375866880,1278492672,1353879552,59764736,58978304,59191296
1022767104,1255034880,63594496,62976000,1187999744,98807808,1375866880,1278492672,1353879552,59764736,58978304,59191296
1022771200,1255034880,62722048,62976000,1187999744,98807808,1375866880,1278492672,1353879552,64364544,58978304,59191296
1022771200,1255034880,62726144,62976000,1187999744,98807808,1377906688,1278492672,1353879552,58929152,58978304,63746048
1022771200,1255034880,62726144,62976000,1188306944,103522304,1565155328,1475543040,1405833216,58929152,59387904,63746048
1022771200,1255034880,62726144,62976000,1188306944,103522304,1565155328,1605738496,1695338496,58929152,59387904,58617856
1022771200,1255034880,62148608,62976000,1188306944,103546880,1700143104,1537474560,1695338496,58929152,59387904,58617856
1287528448,1256366080,62148608,68325376,1188306944,103546880,1700143104,1537474560,1744056320,58929152,59387904,58617856
1508876288,1256366080,62148608,62894080,1188306944,97116160,1701920768,1597726720,1574805504,58929152,59387904,58617856
1508876288,1256304640,62148608,62894080,1188306944,97116160,1654116352,1597726720,1574805504,58929152,59387904,58617856
1509638144,1539022848,62148608,62894080,1188306944,97116160,1654116352,1292460032,1700470784,58929152,59387904,58617856
1509638144,1579425792,62148608,62894080,1188306944,97116160,1440141312,1608679424,1750036480,58929152,59387904,58617856
1187643392,1579425792,62148608,62894080,1188306944,97116160,1440141312,1608679424,1750036480,58929152,59387904,58617856
1437278208,1501851648,62148608,62894080,1188306944,97116160,1702285312,1465507840,1401409536,58929152,59387904,58617856
1527488512,1387704320,62148608,62894080,1188306944,97116160,1454387200,1465507840,1699581952,58929152,59387904,58617856
1527488512,1387704320,62148608,62894080,1188306944,97116160,1454387200,1608896512,1699581952,58929152,59387904,58617856
1484984320,1593425920,62148608,62894080,1188306944,97116160,1630568448,1608896512,1711525888,58929152,59387904,58617856
1362857984,1593425920,62148608,62894080,1188306944,97116160,1680134144,1292939264,1487712256,58929152,59387904,58617856
1212354560,1568665600,62148608,62894080,1188306944,97116160,1692258304,1588486144,1487712256,58929152,59387904,58617856
1212354560,1568665600,62148608,62894080,1188306944,97116160,1692258304,1649422336,1787002880,58929152,59387904,58617856
1495846912,1606418432,62148608,62889984,1188306944,97116160,1569484800,1649422336,1762123776,58929152,59387904,58617856
1523257344,1606418432,62148608,62889984,1188306944,97116160,1716301824,1577889792,1762123776,58929152,59387904,58617856
1248841728,1606418432,62148608,62889984,1188306944,97116160,1600667648,1577889792,1713274880,58929152,59387904,58617856
1248841728,1557897216,62148608,62889984,1188306944,97116160,1600667648,1615130624,1762840576,58929152,59387904,58617856
1399345152,1407389696,62148608,62889984,1188306944,97116160,1693302784,1493704704,1762840576,58929152,59387904,58617856
1524150272,1407389696,62148608,62889984,1188306944,97116160,1715499008,1493704704,1775677440,58929152,59387904,58617856
1524150272,1622413312,62148608,62889984,1188306944,97116160,1715499008,1601994752,1775878144,58929152,59387904,58617856
1474613248,1622413312,62148608,62889984,1188306944,97116160,1618952192,1604689920,1775878144,58929152,59387904,58617856
1274544128,1622773760,62148608,62889984,1188306944,97116160,1618952192,1543270400,1825443840,58929152,59387904,58617856
1274544128,1523789824,62148608,62889984,1188306944,97116160,1718083584,1543270400,1825443840,58929152,59387904,58617856
1524178944,1523789824,62148608,62889984,1188306944,97116160,1718083584,1293635584,1825443840,58929152,59387904,58617856
1524178944,1300643840,62148608,62889984,1188306944,97116160,1718083584,1293635584,1825443840,58929152,59387904,58617856
1524178944,1597923328,62148608,62889984,1188306944,97116160,1718083584,1293635584,1825443840,58929152,59387904,58617856
1524178944,1609867264,62148608,62889984,1188306944,97116160,1718083584,1293635584,1825443840,58929152,59387904,58617856
1188388864,1611251712,62148608,62889984,1188306944,97116160,1718083584,1293635584,1827250176,58929152,59387904,58617856
1188388864,1611251712,62148608,62889984,1188306944,97116160,1544740864,1543270400,1775878144,58929152,59387904,58617856
1482174464,1326297088,62148608,62889984,1188306944,97116160,1678704640,1615130624,1775878144,58929152,59387904,58617856
1482174464,1326297088,62148608,62889984,1188306944,97116160,1678704640,1615130624,1577758720,58929152,59387904,58617856
1497653248,1586847744,62148608,62889984,1188306944,97116160,1750368256,1293721600,1577758720,58929152,59387904,58617856
1471909888,1586847744,62148608,62889984,1188306944,97116160,1503416320,1293721600,1751101440,58929152,59387904,58617856
1188421632,1611001856,62148608,62889984,1188306944,97116160,1653944320,1598648320,1751101440,58929152,59387904,58617856
1438056448,1611001856,62148608,62889984,1188306944,97116160,1653944320,1620787200,1751101440,58929152,59387904,58617856
1438056448,1387941888,62148608,62889984,1188306944,97116160,1753075712,1493823488,1701535744,58929152,59387904,58617856
1484935168,1488891904,62148608,62889984,1188306944,97116160,1753075712,1493823488,1749311488,58929152,59387904,58617856
1484935168,1488891904,62148608,62889984,1188306944,97116160,1544769536,1578352640,1749311488,58929152,59387904,58617856
1376481280,1599074304,62148608,62889984,1188306944,97116160,1544769536,1479221248,1699745792,58929152,59387904,58617856
1225977856,1622962176,62148608,62889984,1188306944,97116160,1691545600,1479221248,1798877184,58929152,59387904,58617856
1225977856,1622962176,62148608,62889984,1188306944,97116160,1702625280,1609711616,1798877184,58929152,59387904,58617856
1498607616,1387954176,62148608,62889984,1188306944,97116160,1702625280,1560145920,1476890624,58929152,59387904,58617856
1498607616,1531830272,62148608,62889984,1188306944,97116160,1603493888,1560145920,1726525440,58929152,59387904,58617856
1546383360,1531830272,62148608,62889984,1188306944,97116160,1702625280,1601241088,1726525440,58929152,59387904,58617856
1375719424,1611911168,62148608,62889984,1188306944,97116160,1715437568,1601241088,1402548224,58929152,59387904,58617856
1375719424,1364197376,62148608,62889984,1188306944,97116160,1715437568,1543389184,1402548224,58929152,59387904,58617856
1488449536,1364205568,62148608,62889984,1188306944,97116160,1729482752,1528786944,1712664576,58929152,59387904,58617856
1499598848,1364205568,62148608,62889984,1188306944,97116160,1630932992,1528786944,1712664576,58929152,59387904,58617856
1499598848,1587163136,62148608,62889984,1188306944,97116160,1705279488,1609711616,1701613568,58929152,59387904,58617856
1366913024,1587163136,62148608,62889984,1188306944,97116160,1705279488,1609711616,1701613568,58929152,59387904,58617856
1340010496,1599971328,62148608,62889984,1188306944,97116160,1479532544,1340657664,1726410752,58929152,59387904,58617856
1340010496,1599971328,62148608,62889984,1188306944,97116160,1479532544,1340657664,1676849152,58929152,59387904,58617856
1496993792,1451253760,62148608,62889984,1188306944,97116160,1729175552,1600372736,1676849152,58929152,59387904,58617856
1496993792,1602387968,62148608,62889984,1188306944,97116160,1729175552,1553436672,1402552320,58929152,59387904,58617856
1524404224,1602387968,62148608,62889984,1188306944,97116160,1616244736,1493823488,1402552320,58929152,59387904,58617856
1249988608,1602387968,62148608,62889984,1188306944,97116160,1702633472,1493823488,1750286336,58929152,59387904,58617856
1499623424,1625382912,62148608,62889984,1188306944,97116160,1702633472,1600372736,1750286336,58929152,59387904,58617856
1499623424,1303330816,62148608,62889984,1188306944,97116160,1714774016,1602109440,1553055744,58929152,59387904,58617856
1522618368,1303330816,62148608,62889984,1188306944,97116160,1727389696,1602109440,1553055744,58929152,59387904,58617856
1570394112,1303330816,62148608,62889984,1188306944,97116160,1727393792,1479221248,1712668672,58929152,59387904,58617856
1570394112,1601282048,62148608,62889984,1188306944,97116160,1727393792,1479221248,1712668672,58929152,59387904,58617856
1249226752,1601282048,62148608,62889984,1188306944,97116160,1727393792,1479221248,1712668672,58929152,59387904,58617856
1249226752,1650794496,62148608,62889984,1188306944,97116160,1727393792,1479221248,1712668672,58929152,59387904,58617856
1523511296,1379852288,62148608,62889984,1188306944,97116160,1628262400,1600372736,1488707584,58929152,59387904,58617856
1523511296,1379852288,62148608,62889984,1188306944,97116160,1740230656,1600372736,1488707584,58929152,59387904,58617856
1523511296,1579786240,62148608,62889984,1188306944,97116160,1490595840,1479221248,1488707584,58929152,59387904,58617856
1213386752,1603674112,62148608,62889984,1188306944,97116160,1538879488,1479221248,1737445376,58929152,59387904,58617856
1363890176,1603674112,62148608,62889984,1188306944,97116160,1538879488,1578356736,1713553408,58929152,59387904,58617856
1363890176,1505570816,62148608,62889984,1188306944,97116160,1668698112,1609715712,1713553408,58929152,59387904,58617856
1497862144,1505570816,62148608,62889984,1188306944,97116160,1701793792,1609715712,1751171072,58929152,59387904,58617856
1510674432,1404633088,62148608,62889984,1188306944,97087488,1654034432,1293758464,1751171072,58929152,59387904,58617856
1510674432,1615618048,62148608,62889984,1188306944,97087488,1654034432,1293758464,1751171072,58929152,59387904,58617856
1213394944,1615618048,62148608,62889984,1188306944,97087488,1701765120,1579094016,1600667648,58929152,59387904,58617856
1413464064,1615618048,62148608,62889984,1188306944,97087488,1679749120,1601245184,1600667648,58929152,59387904,58617856
1413464064,1542295552,62148608,62889984,1188306944,97087488,1679749120,1480093696,1725493248,58929152,59387904,58617856
1508937728,1441357824,62148608,62889984,1188306944,97087488,1605267456,1480093696,1725493248,58929152,59387904,58617856
1510674432,1441357824,62148608,62889984,1188306944,97087488,1729179648,1579225088,1749381120,58929152,59387904,58617856
1510674432,1615618048,62148608,62889984,1188306944,97087488,1729179648,1611452416,1749422080,58929152,59387904,58617856
1201172480,1615618048,62148608,62889984,1188306944,97087488,1529118720,1611452416,1726562304,58929152,59387904,58617856
1488572416,1591730176,62148608,62889984,1188306944,97087488,1729187840,1468153856,1726562304,58929152,59387904,58617856
1499648000,1591730176,62148608,62889984,1188306944,97087488,1729187840,1468153856,1726562304,58929152,59387904,58617856
1499648000,1305509888,62148608,62889984,1188306944,97087488,1729187840,1590296576,1644232704,58929152,59387904,58617856
1512460288,1555009536,62148608,62889984,1188306944,97087488,1394294784,1590296576,1644232704,58929152,59387904,58617856
1189507072,1601916928,62148608,62889984,1188306944,97087488,1394294784,1590296576,1751351296,58929152,59387904,58617856
1189507072,1601916928,62148608,62889984,1188306944,97087488,1667686400,1604788224,1652092928,58929152,59387904,58617856
1189507072,1601916928,62148608,62889984,1188306944,97087488,1700913152,1604788224,1652092928,58929152,59387904,58617856
1496993792,1467953152,62148608,62889984,1188306944,97087488,1667817472,1444261888,1726435328,58929152,59387904,58617856
1496993792,1367015424,62148608,62889984,1188306944,97087488,1593335808,1600376832,1726439424,58929152,59387904,58617856
1496993792,1616650240,62148608,62889984,1188306944,97087488,1593335808,1600376832,1726439424,58929152,59387904,58617856
1399599104,1616650240,62148608,62889984,1188306944,97087488,1693360128,1328721920,1577877504,58929152,59387904,58617856
1189507072,1616650240,62148608,62889984,1188306944,97087488,1468510208,1328721920,1577877504,58929152,59387904,58617856
1439141888,1616650240,62148608,62889984,1188306944,97087488,1693360128,1579397120,1727098880,58929152,59387904,58617856
1439141888,1367015424,62148608,62889984,1188306944,97087488,1693360128,1650974720,1727291392,58929152,59387904,58617856
1496125440,1367015424,62148608,62889984,1188306944,97087488,1717248000,1430745088,1727291392,58929152,59387904,58617856
1496125440,1616650240,62148608,62889984,1188306944,97087488,1717248000,1430745088,1727291392,58929152,59387904,58617856
1399623680,1616650240,62148608,62889984,1188306944,97087488,1717248000,1430745088,1727291392,58929152,59387904,58617856
1399623680,1616650240,62148608,62889984,1188306944,97087488,1717248000,1430745088,1727291392,58929152,59387904,58617856
1399623680,1480663040,62148608,62889984,1188306944,97087488,1717248000,1430745088,1628172288,58929152,59387904,58617856
1523535872,1480663040,62148608,62889984,1188306944,97087488,1789812736,1634689024,1628172288,58929152,59387904,58617856
1523535872,1498873856,62148608,62889984,1188306944,97087488,1789812736,1634689024,1701625856,58929152,59387904,58617856
1473970176,1613864960,62148608,62889984,1188306944,97087488,1701810176,1634689024,1701625856,58929152,59387904,58617856
1213280256,1613864960,62148608,62889984,1188306944,97087488,1703546880,1602355200,1652953088,58929152,59387904,58617856
1213280256,1579032576,62148608,62889984,1188306944,97087488,1605308416,1604091904,1552015360,58929152,59387904,58617856
1510678528,1354047488,62148608,62889984,1188306944,97087488,1605308416,1604091904,1752084480,58929152,59387904,58617856
1510678528,1354047488,62148608,62889984,1188306944,97087488,1704439808,1494913024,1752084480,58929152,59387904,58617856
1510678528,1504550912,62148608,62889984,1188306944,97087488,1727434752,1494913024,1677737984,58929152,59387904,58617856
1510678528,1601892352,62148608,62889984,1188306944,97087488,1727434752,1621876736,1677737984,58929152,59387904,58617856
1261936640,1601892352,62148608,62889984,1188306944,97087488,1619148800,1294843904,1652961280,58929152,59387904,58617856
1412440064,1378066432,62148608,62889984,1188306944,97087488,1619148800,1494913024,1799557120,58929152,59387904,58617856
1511571456,1479004160,62148608,62889984,1188306944,97087488,1701785600,1602330624,1799557120,58929152,59387904,58617856
1511571456,1479004160,62148608,62889984,1188306944,97091584,1701785600,1602330624,1603391488,58929152,59387904,58617856
1450061824,1601888256,62148608,62889984,1188306944,97091584,1693364224,1555394560,1727303680,58929152,59387904,58617856
1450061824,1601888256,62148608,62889984,1188306944,97091584,1693364224,1555394560,1727303680,58929152,59387904,58617856
1249992704,1625776128,62148608,62889984,1188306944,97091584,1717252096,1555394560,1727303680,58929152,59387904,58617856
1499627520,1625776128,62148608,62889984,1188306944,97091584,1594363904,1604960256,1628172288,58929152,59387904,58617856
1499627520,1475272704,62148608,62889984,1188306944,97091584,1693495296,1445347328,1628172288,58929152,59387904,58617856
1499627520,1625776128,62148608,62889984,1188306944,97091584,1693495296,1445347328,1726406656,58929152,59387904,58617856
1414361088,1625776128,62148608,62889984,1188306944,97091584,1701810176,1544478720,1750306816,58929152,59387904,58617856
1214291968,1625776128,62148608,62889984,1188306944,97091584,1619095552,1634689024,1527377920,58929152,59387904,58617856
1214291968,1542307840,62148608,62889984,1188306944,97091584,1569529856,1634689024,1727688704,58929152,59387904,58617856
1497022464,1542307840,62148608,62889984,1188306944,97091584,1569529856,1445347328,1701236736,58929152,59387904,58617856
1497022464,1492742144,62148608,62889984,1188306944,97091584,1701793792,1445347328,1802268672,58929152,59387904,58617856
1497022464,1603686400,62148608,62889984,1188306944,97091584,1655750656,1610801152,1802268672,58929152,59387904,58617856
1400520704,1603686400,62148608,62889984,1188306944,97091584,1655750656,1445347328,1752702976,58929152,59387904,58617856
1400520704,1603686400,62148608,62889984,1188306944,97091584,1692643328,1445347328,1752702976,58929152,59387904,58617856
1362796544,1528442880,62148608,62889984,1188306944,97091584,1643933696,1603198976,1752702976,58929152,59387904,58617856
1499652096,1427505152,62148608,62889984,1188306944,97091584,1643933696,1329807360,1752702976,58929152,59387904,58617856
1499652096,1627574272,62148608,62889984,1188306944,97091584,1743065088,1329807360,1752702976,58929152,59387904,58617856
1499652096,1627574272,62148608,62889984,1188306944,97091584,1743065088,1579442176,1752702976,58929152,59387904,58617856
1189511168,1628295168,62148608,62889984,1188306944,97091584,1743065088,1579442176,1752702976,58929152,59387904,58617856
1189511168,1456738304,62148608,62889984,1188306944,97091584,1743065088,1579442176,1752702976,58929152,59387904,58617856
1189511168,1456738304,62148608,62889984,1188306944,97091584,1493430272,1579442176,1727025152,58929152,59387904,58617856
1510678528,1506304000,62148608,62889984,1188306944,97091584,1693499392,1603198976,1750913024,58929152,59387904,58617856
1510678528,1506304000,62148608,62889984,1188306944,97091584,1693499392,1628426240,1750913024,58929152,59387904,58617856
1584132096,1630085120,62148608,62889984,1188306944,97091584,1713733632,1628426240,1694330880,58929152,59387904,58617856
1189511168,1630085120,62148608,62889984,1188306944,97091584,1763246080,1579442176,1694330880,58929152,59387904,58617856
1189511168,1630085120,62148608,62889984,1188306944,97091584,1718173696,1592123392,1800478720,58929152,59387904,58617856
1513357312,1306238976,62148608,62889984,1188306944,97091584,1718173696,1592123392,1800478720,58929152,59387904,58617856
1513357312,1456742400,62148608,62889984,1188306944,97091584,1716363264,1469235200,1728053248,58929152,59387904,58617856
1513357312,1580523520,62148608,62889984,1188306944,97091584,1716363264,1568366592,1728053248,58929152,59387904,58617856
1463791616,1580523520,62148608,62889984,1188306944,97091584,1716363264,1568366592,1728053248,58929152,59387904,58617856
1263722496,1602674688,62148608,62889984,1188306944,97091584,1617231872,1610801152,1678356480,58929152,59387904,58617856
1263722496,1602674688,62148608,62889984,1188306944,97091584,1617231872,1518870528,1404084224,58929152,59387904,58617856
1513357312,1355669504,62148608,62889984,1188306944,97091584,1716363264,1518870528,1404084224,58929152,59387904,58617856
1513357312,1456607232,62148608,62889984,1188306944,97091584,1716363264,1637580800,1728077824,58929152,59387904,58617856
1513357312,1456607232,62148608,62889984,1188306944,97091584,1692651520,1480216576,1725956096,58929152,59387904,58617856
1474977792,1616375808,62148608,62889984,1188306944,97091584,1692651520,1480216576,1725956096,58929152,59387904,58617856
1474977792,1616375808,62148608,62889984,1188306944,97091584,1627164672,1590386688,1478516736,58929152,59387904,58617856
1225342976,1616375808,62148608,62889984,1188306944,97091584,1752199168,1590386688,1727238144,58929152,59387904,58617856
1505587200,1355800576,62148608,62889984,1188306944,97091584,1752199168,1568366592,1727238144,58929152,59387904,58617856
1510678528,1456738304,62148608,62889984,1188306944,97091584,1730097152,1568366592,1478631424,58929152,59387904,58617856
1510678528,1604407296,62148608,62889984,1188306944,97095680,1630965760,1318731776,1728131072,58929152,59387904,58617856
1510735872,1604407296,62148608,62889984,1188306944,97095680,1630965760,1610801152,1728131072,58929152,59387904,58617856
1261101056,1628295168,62148608,62889984,1188306944,97095680,1680531456,1294843904,1728131072,58929152,59387904,58617856
1461174272,1628295168,62148608,62889984,1188306944,97095680,1702682624,1294843904,1728131072,58929152,59387904,58617856
1461174272,1428226048,62148608,62889984,1188306944,97095680,1702682624,1580179456,1777692672,58929152,59387904,58617856
1510735872,1529163776,62148608,62889984,1188306944,97095680,1654853632,1544478720,1779499008,58929152,59387904,58617856
1510735872,1529163776,62148608,62889984,1188306944,97095680,1654853632,1544478720,1779499008,58929152,59387904,58617856
1507905536,1628295168,62148608,62889984,1188306944,97095680,1544810496,1519562752,1678704640,58929152,59387904,58617856
1258266624,1629261824,62148608,62889984,1188306944,97095680,1668661248,1517064192,1429069824,58929152,59387904,58617856
1439191040,1629261824,62148608,62889984,1188306944,97095680,1703555072,1517064192,1752915968,58929152,59387904,58617856
1439191040,1306312704,62148608,62889984,1188306944,97095680,1703555072,1568235520,1752915968,58929152,59387904,58617856
1509892096,1306312704,62148608,62889984,1188306944,97095680,1656688640,1568235520,1752915968,58929152,59387904,58617856
1509892096,1604481024,62148608,62889984,1188306944,97095680,1656688640,1568235520,1752915968,58929152,59387904,58617856
1262886912,1604481024,62148608,62889984,1188306944,97095680,1656688640,1568235520,1752915968,58929152,59387904,58617856
1262886912,1604481024,62148608,62889984,1188306944,97095680,1656688640,1568235520,1752915968,58929152,59387904,58617856
1363824640,1404411904,62148608,62889984,1188306944,97095680,1691582464,1602330624,1503281152,58929152,59387904,58617856
1512521728,1404411904,62148608,62889984,1188306944,97095680,1691582464,1602330624,1703350272,58929152,59387904,58617856
1512521728,1404411904,62148608,62889984,1188306944,97095680,1667829760,1294843904,1703350272,58929152,59387904,58617856
1512521728,1604481024,62148608,62889984,1188306944,97095680,1667829760,1294843904,1727238144,58929152,59387904,58617856
1512521728,1604481024,62148608,62889984,1188306944,97095680,1717391360,1634689024,1727238144,58929152,59387904,58617856
1474904064,1355743232,62148608,62889984,1188306944,97095680,1717391360,1294843904,1751126016,58929152,59387904,58617856
1474904064,1355743232,62148608,62889984,1188306944,97095680,1727418368,1294843904,1751126016,58929152,59387904,58617856
1497055232,1628368896,62148608,62889984,1188306944,97095680,1727418368,1568313344,1629138944,58929152,59387904,58617856
1450119168,1628368896,62148608,62889984,1188306944,97095680,1680535552,1601462272,1728151552,58929152,59387904,58617856
1250050048,1628368896,62148608,62889984,1188306944,97095680,1704423424,1601462272,1702457344,58929152,59387904,58617856
1250050048,1604612096,62148608,62889984,1188306944,97095680,1704423424,1329807360,1702457344,58929152,59387904,58617856
1499684864,1404542976,62148608,62889984,1188306944,97095680,1544810496,1329807360,1752915968,58929152,59387904,58617856
1499684864,1526972416,62148608,62889984,1188306944,97095680,1668661248,1602330624,1752915968,58929152,59387904,58617856
1499684864,1526972416,62148608,62889984,1188306944,97095680,1703555072,1530744832,1776803840,58929152,59387904,58617856
1499684864,1590747136,62148608,62889984,1188306944,97095680,1703555072,1593909248,1554792448,58929152,59387904,58617856
1189568512,1614635008,62148608,62889984,1188306944,97095680,1605316608,1593909248,1554792448,58929152,59387904,58617856
1474904064,1614635008,62148608,62889984,1188306944,97095680,1704448000,1604984832,1727242240,58929152,59387904,58617856
1474904064,1441136640,62148608,62889984,1188306944,97095680,1704448000,1368162304,1751220224,58929152,59387904,58617856
1508319232,1441136640,62148608,62889984,1188306944,97095680,1643806720,1518665728,1751220224,58929152,59387904,58617856
1508319232,1665986560,62148608,62889984,1188306944,97095680,1643806720,1617797120,1752932352,58929152,59387904,58617856
1236664320,1665986560,62148608,62889984,1188306944,97095680,1667694592,1542557696,1752932352,58929152,59387904,58617856
1360748544,1665986560,62148608,62889984,1188306944,97095680,1604419584,1542557696,1752932352,58929152,59387904,58617856
1510055936,1594478592,62148608,62889984,1188306944,97095680,1604419584,1342488576,1703366656,58929152,59387904,58617856
1510055936,1594478592,62148608,62889984,1188306944,97095680,1703550976,1591570432,1703366656,58929152,59387904,58617856
1487036416,1392599040,62148608,62889984,1188306944,97095680,1703550976,1610801152,1703366656,58929152,59387904,58617856
1487036416,1603584000,62148608,62889984,1188306944,97095680,1768054784,1610801152,1727254528,58929152,59387904,58617856
1237401600,1603584000,62148608,62889984,1188306944,97095680,1752625152,1442684928,1727254528,58929152,59387904,58617856
1437470720,1603584000,62148608,62889984,1188306944,97095680,1752625152,1442684928,1751142400,58929152,59387904,58617856
1437470720,1603584000,62148608,62889984,1188306944,97095680,1752625152,1621876736,1752932352,58929152,59387904,58617856
1509187584,1429323776,62148608,62889984,1188306944,97095680,1653493760,1621876736,1752932352,58929152,59387904,58617856
1509187584,1530261504,62148608,62889984,1188306944,97095680,1668722688,1294843904,1752932352,58929152,59387904,58617856
1509187584,1530261504,62148608,62889984,1188306944,97095680,1668722688,1568313344,1677688832,58929152,59387904,58617856
1259552768,1629392896,62148608,62889984,1188306944,97095680,1700925440,1579442176,1677688832,58929152,59387904,58617856
1428336640,1629392896,62148608,62889984,1188306944,97095680,1700925440,1579442176,1677688832,58929152,59387904,58617856
1428336640,1542529024,62148608,62889984,1188306944,97095680,1700925440,1579442176,1677688832,58929152,59387904,58617856
1511817216,1306316800,62148608,62889984,1188306944,97095680,1553965056,1579442176,1776820224,58929152,59387904,58617856
1511817216,1306316800,62148608,62889984,1188306944,97095680,1668587520,1329807360,1776820224,58929152,59387904,58617856
1383178240,1651367936,62148608,62889984,1188306944,97095680,1692475392,1329807360,1429086208,58929152,59387904,58617856
1232674816,1651367936,62148608,62889984,1188306944,97095680,1692475392,1601462272,1727258624,58929152,59387904,58617856
1232674816,1675255808,62148608,62889984,1188306944,97095680,1493299200,1601462272,1739202560,58929152,59387904,58617856
1482309632,1475616768,62148608,62889984,1188306944,97095680,1493299200,1480310784,1739202560,58929152,59387904,58617856
1487060992,1475616768,62148608,62889984,1188306944,97095680,1704443904,1480310784,1689636864,58929152,59387904,58617856
1487060992,1626120192,62148608,62889984,1188306944,97095680,1718149120,1610801152,1728167936,58929152,59387904,58617856
1439256576,1626120192,62148608,62889984,1188306944,97095680,1730093056,1610801152,1728167936,58929152,59387904,58617856
1439256576,1626120192,62148608,62889984,1188306944,97095680,1730093056,1640947712,1728167936,58929152,59387904,58617856
1189756928,1626120192,62148608,62889984,1188306944,97095680,1730093056,1592123392,1502404608,58929152,59387904,58617856
1487036416,1505914880,62148608,62889984,1188306944,97095680,1753980928,1592123392,1502404608,58929152,59387904,58617856
1487036416,1505914880,62148608,62889984,1188306944,97095680,1553911808,1568366592,1752039424,58929152,59387904,58617856
1498112000,1404977152,62148608,62889984,1188306944,97095680,1753980928,1564172288,1752039424,58929152,59387904,58617856
1498112000,1615962112,62148608,62889984,1188306944,97095680,1753980928,1564172288,1453735936,58929152,59387904,58617856
1248489472,1615962112,62148608,62889984,1188306944,97095680,1753980928,1615171584,1728167936,58929152,59387904,58617856
1248489472,1615962112,62148608,62889984,1188306944,97095680,1394307072,1684791296,1752039424,58929152,59387904,58617856
1248489472,1592205312,62148608,62889984,1188306944,97095680,1394307072,1684791296,1752039424,58929152,59387904,58617856
1510961152,1441701888,62148608,62889984,1188306944,97095680,1701818368,1544482816,1554808832,58929152,59387904,58617856
1510961152,1604911104,62148608,62889984,1188306944,97095680,1704448000,1634693120,1554808832,58929152,59387904,58617856
1476128768,1604911104,62148608,62889984,1188306944,97095680,1454813184,1687871488,1752932352,58929152,59387904,58617856
1476128768,1604911104,62148608,62889984,1188306944,97095680,1729228800,1687871488,1604235264,58929152,59387904,58617856
1251143680,1604911104,62148608,62889984,1188306944,97095680,1729228800,1593020416,1604235264,58929152,59387904,58617856
1523773440,1757220864,62148608,62889984,1188306944,97095680,1679663104,1567342592,1727254528,58929152,59387904,58617856
1523773440,1454407680,62148608,62889984,1188306944,97095680,1394307072,1567342592,1727254528,58929152,59387904,58617856
1523773440,1454407680,62148608,62889984,1188306944,97095680,1394307072,1616908288,1652011008,58929152,59387904,58617856
1523773440,1605804032,62148608,62889984,1188306944,97095680,1668661248,1616908288,1777709056,58929152,59387904,58617856
1523773440,1605804032,62148608,62889984,1188306944,97095680,1668661248,1616908288,1777709056,58929152,59387904,58617856
1274138624,1629691904,62148608,62889984,1188306944,97095680,1643806720,1635016704,1577639936,58929152,59387904,58617856
1274138624,1405124608,62148608,62889984,1188306944,97095680,1667694592,1494917120,1577639936,58929152,59387904,58617856
1523773440,1405124608,62148608,62889984,1188306944,97095680,1667694592,1494917120,1728143360,58929152,59387904,58617856
1474367488,1405124608,62148608,62889984,1188306944,97095680,1705447424,1634693120,1678577664,58929152,59387904,58617856
1365434368,1605808128,62148608,62889984,1188306944,97095680,1705447424,1634693120,1678577664,58929152,59387904,58617856
1365434368,1605808128,62148608,62889984,1188306944,97095680,1705447424,1634693120,1678577664,58929152,59387904,58617856
1249382400,1506676736,62148608,62889984,1188306944,97095680,1705447424,1535561728,1678577664,58929152,59387904,58617856
1499017216,1405804544,62148608,62889984,1188306944,97095680,1606180864,1535561728,1701265408,58929152,59387904,58617856
1510936576,1405804544,62148608,62889984,1188306944,97095680,1704415232,1601466368,1777901568,58929152,59387904,58617856
1510936576,1616027648,62148608,62889984,1188306944,97095680,1704415232,1601466368,1777901568,58929152,59387904,58617856
1238306816,1616027648,62148608,62889984,1188306944,97095680,1631092736,1627095040,1779720192,58929152,59387904,58617856
1487941632,1616027648,62148608,62889984,1188306944,97095680,1717260288,1480314880,1678782464,58929152,59387904,58617856
1487941632,1466417152,62148608,62889984,1188306944,97095680,1717260288,1480314880,1678782464,58929152,59387904,58617856
1498124288,1466421248,62148608,62889984,1188306944,97095680,1739362304,1612541952,1728348160,58929152,59387904,58617856
1498124288,1466421248,62148608,62889984,1188306944,97095680,1593348096,1395785728,1604440064,58929152,59387904,58617856
1389838336,1616920576,62148608,62889984,1188306944,97095680,1593348096,1395785728,1604440064,58929152,59387904,58617856
1214418944,1616920576,62148608,62889984,1188306944,97095680,1701818368,1640820736,1728352256,58929152,59387904,58617856
1214418944,1628864512,62148608,62889984,1188306944,97095680,1703555072,1481183232,1728352256,58929152,59387904,58617856
1488834560,1478361088,62148608,62889984,1188306944,97095680,1703555072,1481183232,1528283136,58929152,59387904,58617856
1488834560,1606004736,62148608,62889984,1188306944,97095680,1453920256,1616039936,1728352256,58929152,59387904,58617856
1499910144,1606004736,62148608,62889984,1188306944,97095680,1702658048,1294848000,1728352256,58929152,59387904,58617856
1239330816,1606004736,62148608,62889984,1188306944,97095680,1702658048,1294848000,1728352256,58933248,59387904,58617856
1239330816,1606004736,62148608,62889984,1188306944,97095680,1691578368,1568317440,1503502336,58933248,59387904,58617856
1488965632,1493909504,62148608,62889984,1188306944,97095680,1691578368,1568317440,1777913856,58933248,59387904,58617856
1499885568,1343406080,62148608,62889984,1188306944,97095680,1717256192,1634693120,1777913856,58933248,59387904,58617856
1499885568,1556307968,62148608,62889984,1188306944,97095680,1717256192,1544482816,1777913856,58933248,59387904,58617856
1523773440,1605873664,62148608,62889984,1188306944,97095680,1717256192,1544482816,1503633408,58933248,59387904,58617856
1274138624,1605873664,62148608,62889984,1188306944,97095680,1517187072,1634693120,1503633408,58933248,59387904,58617856
1274138624,1605873664,62148608,62889984,1188306944,97095680,1717256192,1294848000,1704357888,58933248,59387904,58617856
1474207744,1405804544,62148608,62889984,1188306944,97095680,1717256192,1294848000,1704534016,58933248,59387904,58617856
1523773440,1405804544,62148608,62889984,1188306944,97095680,1717256192,1601466368,1527361536,58933248,59387904,58617856
1523773440,1605873664,62148608,62889984,1188306944,97099776,1667690496,1294848000,1527361536,58933248,59387904,58617856
1487048704,1655439360,62148608,62889984,1188306944,97099776,1766821888,1294848000,1728323584,58933248,59387904,58617856
1237413888,1655488512,62148608,62889984,1188306944,97099776,1766821888,1614278656,1728323584,58933248,59387904,58617856
1237413888,1655488512,62148608,62889984,1188306944,97099776,1766821888,1542692864,1752211456,58933248,59387904,58617856
1387917312,1469337600,62148608,62889984,1188306944,97099776,1766821888,1572057088,1552142336,58933248,59387904,58617856
1496387584,1318834176,62148608,62889984,1188306944,97099776,1620832256,1572057088,1778778112,58933248,59387904,58617856
1496387584,1591328768,62148608,62889984,1188306944,97099776,1569460224,1580183552,1778778112,58933248,59387904,58617856
1510068224,1591328768,62148608,62889984,1188306944,97099776,1569460224,1580183552,1778778112,58933248,59387904,58617856
1249382400,1615216640,62148608,62889984,1188306944,97099776,1569460224,1580183552,1778778112,58933248,59387904,58617856
1249382400,1516978176,62148608,62889984,1188306944,97099776,1569460224,1580183552,1778778112,58933248,59387904,58617856
1449451520,1416040448,62148608,62889984,1188306944,97099776,1569460224,1580183552,1729212416,58933248,59387904,58617856
1499017216,1416040448,62148608,62889984,1188306944,97099776,1718153216,1330548736,1729212416,58933248,59387904,58617856
1511829504,1616109568,62148608,62889984,1188306944,97099776,1619025920,1580183552,1778778112,58933248,59387904,58617856
1511829504,1616109568,62148608,62889984,1188306944,97099776,1619025920,1615147008,1778778112,58933248,59387904,58617856
1262194688,1616109568,62148608,62889984,1188306944,97099776,1692499968,1468370944,1704566784,58933248,59387904,58617856
1404628992,1492328448,62148608,62889984,1188306944,97099776,1692499968,1468370944,1753997312,58933248,59387904,58617856
1497255936,1492328448,62148608,62889984,1188306944,97099776,1716367360,1601466368,1753997312,58933248,59387904,58617856
1497255936,1391390720,62148608,62889984,1188306944,97099776,1493303296,1480314880,1753997312,58933248,59387904,58617856
1475235840,1589538816,62148608,62889984,1188306944,97099776,1493303296,1480314880,1479716864,58933248,59387904,58617856
1475235840,1612558336,62148608,62889984,1188306944,97099776,1693372416,1590390784,1728323584,58933248,59387904,58617856
1225601024,1612558336,62148608,62889984,1188306944,97099776,1556754432,1590390784,1752211456,58933248,59387904,58617856
1225601024,1528160256,62148608,62889984,1188306944,97099776,1556754432,1650978816,1752211456,58933248,59387904,58617856
1475235840,1427222528,62148608,62889984,1188306944,97099776,1691586560,1329811456,1454936064,58933248,59387904,58617856
1497255936,1427222528,62148608,62889984,1188306944,97099776,1713737728,1329811456,1754001408,58933248,59387904,58617856
1497255936,1627291648,62148608,62889984,1188306944,97099776,1713737728,1634693120,1754001408,58933248,59387904,58617856
1364922368,1627291648,62148608,62889984,1188306944,97099776,1716367360,1294848000,1679790080,58933248,59387904,58617856
1214418944,1625362432,62148608,62889984,1188306944,97099776,1394311168,1568317440,1754001408,58933248,59387904,58617856
1513615360,1625362432,62148608,62889984,1188306944,97099776,1668665344,1634693120,1754001408,58933248,59387904,58617856
1513615360,1427222528,62148608,62889984,1188306944,97099776,1740259328,1684258816,1504366592,58933248,59387904,58617856
1513615360,1427222528,62148608,62889984,1188306944,97099776,1740259328,1684258816,1504366592,58933248,59387904,58617856
1513615360,1603293184,62148608,62889984,1188306944,97099776,1544679424,1445351424,1754001408,58933248,59387904,58617856
1414483968,1603293184,62148608,62889984,1188306944,97099776,1693376512,1592127488,1430155264,58933248,59387904,58617856
1438400512,1603293184,62148608,62889984,1188306944,97099776,1693376512,1592127488,1727434752,58933248,59387904,58617856
1438400512,1417826304,62148608,62889984,1188306944,97099776,1717264384,1568423936,1727434752,58933248,59387904,58617856
1513615360,1456435200,62148608,62889984,1188306944,97099776,1717264384,1493938176,1705349120,58933248,59387904,58617856
1513615360,1456435200,62148608,62889984,1188306944,97099776,1443872768,1493938176,1503473664,58933248,59387904,58617856
1558712320,1581166592,62148608,62889984,1188306944,97099776,1443872768,1593069568,1788043264,58933248,59387904,58617856
1558712320,1603317760,62148608,62889984,1188306944,97099776,1619021824,1593069568,1788043264,58933248,59387904,58617856
1262194688,1331675136,62148608,62889984,1188306944,97099776,1718153216,1634742272,1617379328,58933248,59387904,58617856
1511829504,1331675136,62148608,62889984,1188306944,97099776,1718153216,1445400576,1617379328,58933248,59387904,58617856
1511829504,1581174784,62148608,62889984,1188306944,97099776,1742041088,1445400576,1741160448,58933248,59387904,58617856
1474367488,1616138240,62148608,62889984,1188306944,97099776,1742041088,1601515520,1665916928,58933248,59387904,58617856
1224732672,1616138240,62148608,62889984,1188306944,97099776,1742041088,1601515520,1665916928,58933248,59387904,58617856
1224732672,1589227520,62148608,62889984,1188306944,97099776,1742041088,1601515520,1665916928,58933248,59387904,58617856
1498992640,1428881408,62148608,62889984,1188306944,97099776,1643945984,1553686528,1665916928,58933248,59387904,58617856
1498992640,1428881408,62148608,62889984,1188306944,97099776,1643945984,1553686528,1605439488,58933248,59387904,58617856
1498992640,1616109568,62148608,62889984,1188306944,97099776,1689985024,1544531968,1754001408,58933248,59387904,58617856
1450319872,1616109568,62148608,62889984,1188306944,97099776,1464999936,1544531968,1754001408,58933248,59387904,58617856
1189769216,1616109568,62148608,62889984,1188306944,97099776,1464999936,1651027968,1754001408,58933248,59387904,58617856
1189769216,1542787072,62148608,62889984,1188306944,97099776,1717264384,1480364032,1630224384,58933248,59387904,58617856
1463160832,1441849344,62148608,62889984,1188306944,97099776,1667698688,1480364032,1679790080,58933248,59387904,58617856
1496387584,1617002496,62148608,62889984,1188306944,97099776,1667698688,1610854400,1727434752,58933248,59387904,58617856
1545900032,1617002496,62148608,62889984,1188306944,97099776,1717264384,1610854400,1727434752,58933248,59387904,58617856
1249382400,1617002496,62148608,62889984,1188306944,97099776,1717264384,1294897152,1753108480,58933248,59387904,58617856
1249382400,1617002496,62148608,62889984,1188306944,97099776,1717264384,1294897152,1777885184,58933248,59387904,58617856
1449455616,1617002496,62148608,62889984,1188306944,97099776,1690693632,1583050752,1777885184,58933248,59387904,58617856
1449455616,1466499072,62148608,62889984,1188306944,97099776,1690693632,1634742272,1777885184,58933248,59387904,58617856
1511829504,1466499072,62148608,62889984,1188306944,97099776,1700929536,1634742272,1678753792,58933248,59387904,58617856
1488072704,1617002496,62148608,62889984,1188306944,97099776,1702666240,1494966272,1777885184,58933248,59387904,58617856
1488072704,1617002496,62148608,62889984,1188306944,97099776,1702666240,1494966272,1777885184,58933248,59387904,58617856
1238437888,1617002496,62148608,62889984,1188306944,97099776,1693372416,1610854400,1777885184,58933248,59387904,58617856
1512722432,1590431744,62148608,62889984,1188306944,97099776,1693503488,1294897152,1678753792,58933248,59387904,58617856
1512722432,1457393664,62148608,62889984,1188306944,97099776,1693503488,1568366592,1678753792,58933248,59387904,58617856
1512722432,1457393664,62148608,62889984,1188306944,97099776,1693503488,1568366592,1772138496,58933248,59387904,58617856
1536610304,1603301376,62148608,62889984,1188306944,97099776,1693503488,1579495424,1772138496,58933248,59387904,58617856
1226493952,1603301376,62148608,62889984,1188306944,97099776,1693503488,1294897152,1572069376,58933248,59387904,58617856
1226493952,1603301376,62148608,62889984,1188306944,97099776,1592508416,1568366592,1572069376,58933248,59387904,58617856
1413419008,1393049600,62148608,62889984,1188306944,97099776,1702666240,1579495424,1733754880,58933248,59387904,58617856
1496387584,1393049600,62148608,62889984,1188306944,97099776,1702666240,1529933824,1733754880,58933248,59387904,58617856
1510068224,1616109568,62148608,62889984,1188306944,97099776,1690902528,1529933824,1708838912,58933248,59387904,58617856
1510068224,1616109568,62148608,62889984,1188306944,97099776,1690902528,1613459456,1758404608,58933248,59387904,58617856
1224732672,1616109568,62148608,62889984,1188306944,97099776,1717264384,1591439360,1758404608,58933248,59387904,58617856
1366388736,1616109568,62148608,62889984,1188306944,97099776,1717264384,1591439360,1704562688,58933248,59387904,58617856
1366388736,1643724800,62148608,62889984,1188306944,97099776,1717264384,1601515520,1554059264,58933248,59387904,58617856
1475104768,1441849344,62148608,62889984,1188306944,97099776,1741152256,1357398016,1803694080,58933248,59387904,58617856
1510068224,1441849344,62148608,62889984,1188306944,97099776,1741152256,1357398016,1803694080,58933248,59387904,58617856
1510068224,1628946432,62148608,62889984,1188306944,97099776,1643950080,1613459456,1803694080,58933248,59387904,58617856
1225601024,1652834304,62148608,62889984,1188306944,97099776,1643950080,1613459456,1803694080,58933248,59387904,58617856
1425674240,1652834304,62148608,62889984,1188306944,97099776,1643950080,1613459456,1803694080,58933248,59387904,58617856
1425674240,1502330880,62148608,62889984,1188306944,97099776,1643950080,1613459456,1803694080,58933248,59387904,58617856
1499017216,1603268608,62148608,62889984,1188306944,97099776,1701801984,1613459456,1430155264,58933248,59387904,58617856
1511829504,1652834304,62148608,62889984,1188306944,97099776,1701801984,1492307968,1704439808,58933248,59387904,58617856
1511829504,1652834304,62148608,62889984,1188306944,97099776,1679613952,1541877760,1704439808,58933248,59387904,58617856
1262194688,1652834304,62148608,62889984,1188306944,97099776,1679613952,1591439360,1655009280,58933248,59387904,58617856
1262194688,1430798336,62148608,62889984,1188306944,97099776,1715572736,1591439360,1655009280,58933248,59387904,58617856
1511829504,1430798336,62148608,62889984,1188306944,97099776,1739366400,1317916672,1405374464,58933248,59387904,58617856
1511829504,1430798336,62148608,62889984,1188306944,97099776,1739366400,1317916672,1405374464,58933248,59387904,58617856
1511829504,1605058560,62148608,62889984,1188306944,97099776,1654861824,1568288768,1703546880,58933248,59387904,58617856
1412698112,1605058560,62148608,62889984,1188306944,97099776,1715572736,1591435264,1679794176,58933248,59387904,58617856
1189769216,1628946432,62148608,62889984,1188306944,97099776,1715572736,1591435264,1679794176,58933248,59387904,58617856
1189769216,1442611200,62148608,62889984,1188306944,97099776,1544814592,1544531968,1778778112,58933248,59387904,58617856
1487941632,1442611200,62148608,62889984,1188306944,97099776,1544814592,1544531968,1802665984,58933248,59387904,58617856
1487941632,1543548928,62148608,62889984,1188306944,97099776,1704456192,1544531968,1802665984,58933248,59387904,58617856
1511829504,1593114624,62148608,62889984,1188306944,97099776,1454821376,1572364288,1867935744,58933248,59387904,58617856
1214550016,1604190208,62148608,62889984,1188306944,97099776,1454821376,1569181696,1867935744,58933248,59387904,58617856
1214550016,1604190208,62148608,62889984,1188306944,97099776,1704456192,1569181696,1802665984,58933248,59387904,58617856
1464184832,1356455936,62148608,62889984,1188306944,97099776,1726558208,1615220736,1802665984,58933248,59387904,58617856
1497280512,1356455936,62148608,62889984,1188306944,97099776,1438232576,1294897152,1630216192,58933248,59387904,58617856
1497280512,1556525056,62148608,62889984,1188306944,97099776,1438232576,1294897152,1630216192,58933248,59387904,58617856
1497280512,1556525056,62148608,62889984,1188306944,97099776,1693380608,1555476480,1752207360,58933248,59387904,58617856
1460318208,1604169728,62148608,62889984,1188306944,97099776,1717268480,1517117440,1752207360,58933248,59387904,58617856
1189769216,1604169728,62148608,62889984,1188306944,97099776,1717268480,1568288768,1601703936,58933248,59387904,58617856
1475104768,1556393984,62148608,62889984,1188306944,97099776,1569464320,1568288768,1801773056,58933248,59387904,58617856
1497255936,1556393984,62148608,62889984,1188306944,97099776,1569464320,1629061120,1801773056,58933248,59387904,58617856
1497255936,1615245312,62148608,62889984,1188306944,97099776,1703559168,1579495424,1702641664,58933248,59387904,58617856
1533673472,1615245312,62148608,62889984,1188306944,97099776,1642229760,1601515520,1679785984,58933248,59387904,58617856
1189769216,1615245312,62148608,62889984,1188306944,97099776,1617887232,1601515520,1679785984,58933248,59387904,58617856
1189769216,1415176192,62148608,62889984,1188306944,97099776,1617887232,1486024704,1729216512,58933248,59387904,58617856
1510092800,1617899520,62148608,62889984,1188306944,97099776,1701826560,1601515520,1753104384,58933248,59387904,58617856
1510092800,1617899520,62148608,62889984,1188306944,97099776,1701826560,1601515520,1553035264,58933248,59387904,58617856
1488072704,1617899520,62148608,62889984,1188306944,97099776,1664114688,1529929728,1802670080,58933248,59387904,58617856
1238437888,1617899520,62148608,62889984,1188306944,97099776,1619034112,1612591104,1802670080,58933248,59387904,58617856
1488072704,1617899520,62148608,62889984,1188306944,97099776,1619034112,1612591104,1802670080,58933248,59387904,58617856
1488072704,1417830400,62148608,62889984,1188306944,97099776,1619034112,1612591104,1802670080,58933248,59387904,58617856
1497255936,1616109568,62148608,62889984,1188306944,97099776,1619034112,1612591104,1802670080,58933248,59387904,58617856
1497255936,1616109568,62148608,62889984,1188306944,97099776,1718165504,1564762112,1776820224,58933248,59387904,58617856
1250250752,1616109568,62148608,62889984,1188306944,97099776,1718165504,1445400576,1479716864,58933248,59387904,58617856
1250250752,1616109568,62148608,62889984,1188306944,97099776,1668599808,1445400576,1704435712,58933248,59387904,58617856
1352093696,1441849344,62148608,62889984,1188306944,97099776,1569468416,1568366592,1704435712,58933248,59387904,58617856
1525559296,1441849344,62148608,62889984,1188306944,97099776,1569468416,1601515520,1729216512,58933248,59387904,58617856
1525559296,1441849344,62148608,62889984,1188306944,97099776,1675735040,1601515520,1729216512,58933248,59387904,58617856
1557655552,1628053504,62148608,62889984,1188306944,97099776,1679671296,1329860608,1630093312,58933248,59387904,58617856
1557655552,1628053504,62148608,62889984,1188306944,97099776,1394319360,1601515520,1729236992,58933248,59387904,58617856
1275924480,1578487808,62148608,62889984,1188306944,97099776,1394319360,1601515520,1753108480,58933248,59387904,58617856
1475993600,1578487808,62148608,62889984,1188306944,97099776,1643954176,1329860608,1679659008,58933248,59387904,58617856
1475993600,1477550080,62148608,62889984,1188306944,97099776,1642926080,1579495424,1679659008,58933248,59387904,58617856
1519403008,1477550080,62148608,62889984,1188306944,97099776,1642926080,1579495424,1715490816,58933248,59387904,58617856
1519403008,1628053504,62148608,62889984,1188306944,97099776,1693384704,1294897152,1741164544,58933248,59387904,58617856
1607856128,1628053504,62148608,62889984,1188306944,97099776,1704460288,1294897152,1405374464,58933248,59387904,58617856
1607856128,1558622208,62148608,62889984,1188306944,97099776,1704460288,1445400576,1405374464,58933248,59387904,58617856
1389834240,1558622208,62148608,62889984,1188306944,97099776,1737560064,1603252224,1729236992,58933248,59387904,58617856
1488965632,1356455936,62148608,62889984,1188306944,97099776,1594384384,1603252224,1800884224,58933248,59387904,58617856
1499910144,1605062656,62148608,62889984,1188306944,97099776,1703567360,1543979008,1800884224,58933248,59387904,58617856
1439268864,1605062656,62148608,62889984,1188306944,97099776,1703567360,1543979008,1479716864,58933248,59387904,58617856
1239199744,1605062656,62148608,62889984,1188306944,97099776,1579319296,1601515520,1754001408,58933248,59387904,58617856
1239199744,1404993536,62148608,62889984,1188306944,97099776,1703567360,1604145152,1754001408,58933248,59387904,58617856
1499885568,1404993536,62148608,62889984,1188306944,97099776,1703567360,1604145152,1504366592,58933248,59387904,58617856
1499885568,1605058560,62148608,62889984,1188306944,97099776,1394319360,1552707584,1504366592,58933248,59387904,58617856
1476128768,1605058560,62148608,62889984,1188306944,97099776,1544822784,1621929984,1704435712,58933248,59387904,58617856
1476128768,1579380736,62148608,62889984,1188306944,97099776,1544822784,1621929984,1454936064,58933248,59387904,58617856
1226493952,1579380736,62148608,62889984,1188306944,97099776,1667710976,1621929984,1454936064,58933248,59387904,58617856
1499885568,1478443008,62148608,62889984,1188306944,97099776,1593360384,1544531968,1778782208,58933248,59387904,58617856
1499885568,1478443008,62148608,62889984,1188306944,97099776,1569206272,1544531968,1778782208,58933248,59387904,58617856
1499885568,1628946432,62148608,62889984,1188306944,97099776,1569206272,1610854400,1778782208,58933248,59387904,58617856
1499885568,1628946432,62148608,62889984,1188306944,97099776,1701830656,1445400576,1729216512,58933248,59387904,58617856
1239199744,1628946432,62148608,62889984,1188306944,97099776,1701830656,1610854400,1729216512,58933248,59387904,58617856
1386692608,1306894336,62148608,62889984,1188306944,97099776,1701830656,1610854400,1729216512,58933248,59387904,58617856
1512722432,1306894336,62148608,62889984,1188306944,97099776,1701830656,1610854400,1729216512,58933248,59387904,58617856
1512722432,1581174784,62148608,62889984,1188306944,97099776,1701830656,1610854400,1729216512,58933248,59387904,58617856
1512722432,1603325952,62148608,62889984,1188306944,97099776,1668599808,1610854400,1729216512,58933248,59387904,58617856
1512722432,1603325952,62148608,62889984,1188306944,97099776,1668599808,1294897152,1729216512,58933248,59387904,58617856
1263980544,1605062656,62148608,62889984,1188306944,97099776,1703563264,1544531968,1405374464,58933248,59387904,58617856
1305931776,1404993536,62148608,62889984,1188306944,97099776,1703563264,1544531968,1729236992,58933248,59387904,58617856
1487048704,1404993536,62148608,62889984,1188306944,97099776,1493311488,1580363776,1729236992,58933248,59387904,58617856
1487048704,1616113664,62148608,62889984,1188306944,97099776,1717268480,1530798080,1800945664,58933248,59387904,58617856
1498124288,1616113664,62148608,62889984,1188306944,97099776,1717268480,1530798080,1479778304,58933248,59387904,58617856
1413726208,1616113664,62148608,62889984,1188306944,97099776,1678917632,1603252224,1729413120,58933248,59387904,58617856
1413726208,1693847552,62148608,62889984,1188306944,97099776,1704435712,1529929728,1729413120,58933248,59387904,58617856
1213657088,1392291840,62148608,62889984,1188306944,97099776,1555738624,1579495424,1654935552,58933248,59392000,58617856
1475104768,1392291840,62148608,62889984,1188306944,97099776,1555738624,1579495424,1654935552,58933248,59392000,58617856
1497255936,1615216640,62148608,62889984,1188306944,97099776,1700933632,1603252224,1754058752,58933248,59392000,58617856
1497255936,1626292224,62148608,62889984,1188306944,97099776,1653997568,1603252224,1553989632,58933248,59392000,58617856
1400754176,1591459840,62148608,62889984,1188306944,97099776,1653997568,1329860608,1580716032,58933248,59392000,58617856
1189769216,1591459840,62148608,62889984,1188306944,97099776,1703563264,1579495424,1728385024,58933248,59392000,58617856
1189769216,1440956416,62148608,62889984,1188306944,97099776,1712009216,1579495424,1728385024,58933248,59392000,58617856
1499017216,1440956416,62148608,62889984,1188306944,97099776,1713745920,1294897152,1752272896,58933248,59392000,58617856
1499017216,1641025536,62148608,62889984,1188306944,97099776,1713745920,1568366592,1754079232,58933248,59392000,58617856
1414619136,1641025536,62148608,62889984,1188306944,97099776,1394319360,1568366592,1698738176,58933248,59392000,58617856
1214550016,1641025536,62148608,62889984,1188306944,97099776,1667710976,1634742272,1698738176,58933248,59392000,58617856
1214550016,1356300288,62148608,62889984,1188306944,97099776,1700937728,1634742272,1754058752,58933248,59392000,58617856
1464184832,1356300288,62148608,62889984,1188306944,97099776,1700937728,1294897152,1754058752,58933248,59392000,58617856
1464184832,1592225792,62148608,62889984,1188306944,97099776,1654001664,1544531968,1729298432,58933248,59392000,58617856
1508331520,1603301376,62148608,62889984,1188306944,97099776,1453932544,1544531968,1729298432,58933248,59392000,58617856
1508331520,1603301376,62148608,62889984,1188306944,97099776,1453932544,1579495424,1555939328,58933248,59392000,58617856
1189769216,1602117632,62148608,62889984,1188306944,97099776,1692508160,1579495424,1555939328,58933248,59392000,58617856
1396539392,1393049600,62148608,62889984,1188306944,97099776,1692508160,1480364032,1799254016,58933248,59392000,58617856
1396539392,1393049600,62148608,62889984,1188306944,97099776,1716375552,1601515520,1754062848,58933248,59392000,58617856
1498124288,1642684416,62148608,62889984,1188306944,97099776,1716375552,1601515520,1754062848,58933248,59392000,58617856
1498124288,1642684416,62148608,62889984,1188306944,97099776,1518092288,1568366592,1754066944,58933248,59392000,58617856
1238306816,1642684416,62148608,62889984,1188306944,97099776,1702879232,1568366592,1754066944,58933248,59392000,58617856
1238306816,1642684416,62148608,62889984,1188306944,97099776,1765040128,1601515520,1728385024,58933248,59392000,58617856
1388810240,1318838272,62148608,62889984,1188306944,97099776,1765040128,1601515520,1728385024,58933248,59392000,58617856
1510936576,1528750080,62148608,62889984,1188306944,97099776,1765040128,1601515520,1728385024,58933248,59392000,58617856
1510936576,1528750080,62148608,62889984,1188306944,97099776,1765040128,1529929728,1728385024,58933248,59392000,58617856
1534824448,1614381056,62148608,62889984,1188306944,97099776,1394319360,1529929728,1552203776,58933248,59392000,58617856
1237544960,1663893504,62148608,62889984,1188306944,97099776,1643954176,1329860608,1704493056,58933248,59392000,58617856
1237544960,1343488000,62148608,62889984,1188306944,97099776,1643954176,1579495424,1704493056,58933248,59392000,58617856
1237544960,1343488000,62148608,62889984,1188306944,97099776,1750462464,1579495424,1702703104,58933248,59392000,58617856
1237544960,1444425728,62148608,62889984,1188306944,97099776,1453932544,1529929728,1702703104,58933248,59392000,58617856
1510936576,1591332864,62148608,62889984,1188306944,97099776,1453932544,1579495424,1702703104,58933248,59392000,58617856
1510936576,1591332864,62148608,62889984,1188306944,97099776,1724825600,1579495424,1754054656,58933248,59392000,58617856
1414488064,1602408448,62148608,62889984,1188306944,97099776,1726562304,1646710784,1754054656,58933248,59392000,58617856
1414488064,1306894336,62148608,62889984,1188306944,97103872,1726562304,1547579392,1603551232,58933248,59392000,58617856
1214418944,1306894336,62148608,62889984,1188306944,97103872,1394319360,1547579392,1603551232,58933248,59392000,58617856
1487048704,1306894336,62148608,62889984,1188306944,97103872,1679654912,1634742272,1715539968,58933248,59392000,58617856
1487048704,1580281856,62148608,62889984,1188306944,97103872,1679654912,1634742272,1909006336,58933248,59392000,58617856
1475235840,1604169728,62148608,62889984,1188306944,97103872,1727430656,1294897152,1909006336,58933248,59392000,58617856
1238306816,1381105664,62148608,62889984,1188306944,97103872,1454800896,1294897152,1765998592,58933248,59392000,58617856
1438375936,1381105664,62148608,62889984,1188306944,97103872,1454800896,1579364352,1765998592,58933248,59392000,58617856
1438375936,1482043392,62148608,62889984,1188306944,97103872,1729216512,1553686528,1615495168,58933248,59392000,58617856
1498992640,1605955584,62148608,62889984,1188306944,97103872,1703538688,1494966272,1765998592,58933248,59392000,58617856
1498992640,1605955584,62148608,62889984,1188306944,97103872,1703538688,1601515520,1765998592,58933248,59392000,58617856
1389838336,1605955584,62148608,62889984,1188306944,97103872,1703538688,1601515520,1716432896,58933248,59392000,58617856
1189769216,1419776000,62148608,62889984,1188306944,97103872,1711984640,1529929728,1716432896,58933248,59392000,58617856
1189769216,1318838272,62148608,62889984,1188306944,97103872,1711984640,1529376768,1766002688,58933248,59392000,58617856
1475104768,1318838272,62148608,62889984,1188306944,97103872,1514545152,1517117440,1766002688,58933248,59392000,58617856
1475104768,1592225792,62148608,62889984,1188306944,97103872,1514545152,1517117440,1766002688,58933248,59392000,58617856
1510068224,1614376960,62148608,62889984,1188306944,97103872,1679654912,1467551744,1580720128,58933248,59392000,58621952
1510068224,1568468992,62148608,62889984,1188306944,97103872,1679654912,1467551744,1728389120,58933248,59392000,58621952
1261326336,1368399872,62148608,62889984,1188306944,97103872,1606197248,1494966272,1728389120,58933248,59392000,58621952
1510961152,1368399872,62148608,62889984,1188306944,97103872,1556631552,1494966272,1752276992,58933248,59392000,58621952
1510961152,1593118720,62148608,62889984,1188306944,97103872,1704431616,1601515520,1726459904,58933248,59392000,58621952
1521143808,1593118720,62148608,62889984,1188306944,97103872,1655894016,1601515520,1726459904,58933248,59392000,58621952
1500057600,1617006592,62148608,62889984,1188306944,97103872,1655894016,1529929728,1778847744,58933248,59392000,58621952
1500057600,1688719360,62148608,62889984,1188306944,97103872,1705324544,1480364032,1654509568,58933248,59392000,58621952
1385500672,1356836864,62148608,62889984,1188306944,97103872,1705324544,1601519616,1654509568,58933248,59392000,58621952
1385500672,1457774592,62148608,62889984,1188306944,97103872,1705324544,1601519616,1654509568,58933248,59392000,58621952
1509302272,1457774592,62148608,62889984,1188306944,97103872,1705324544,1601519616,1654509568,58933248,59392000,58621952
1531875328,1612992512,62148608,62889984,1188306944,97103872,1705324544,1601519616,1654509568,58933248,59392000,58621952
1531875328,1612992512,62148608,62889984,1188306944,97103872,1705324544,1601519616,1729302528,58933248,59392000,58621952
1235922944,1541406720,62148608,62889984,1188306944,97103872,1729212416,1294897152,1729302528,58933248,59392000,58621952
1485557760,1541406720,62148608,62889984,1188306944,97103872,1729212416,1570467840,1729302528,58933248,59392000,58621952
1485557760,1307275264,62148608,62889984,1188306944,97103872,1729212416,1570467840,1630158848,58933248,59392000,58621952
1499029504,1307275264,62148608,62889984,1188306944,97103872,1729212416,1529929728,1703612416,58933248,59392000,58621952
1389850624,1592610816,62148608,62889984,1188306944,97103872,1680396288,1529929728,1703612416,58933248,59392000,58621952
1389850624,1610530816,62148608,62889984,1188306944,97103872,1581268992,1529929728,1679855616,58933248,59392000,58621952
1189785600,1610530816,62148608,62889984,1188306944,97103872,1581268992,1529929728,1679716352,58933248,59392000,58621952
1487065088,1319219200,62148608,62889984,1188306944,97103872,1729961984,1585176576,1754062848,58933248,59392000,58621952
1487065088,1420156928,62148608,62889984,1188306944,97103872,1729961984,1568366592,1754062848,58933248,59392000,58621952
1487065088,1420156928,62148608,62889984,1188306944,97103872,1394319360,1568366592,1553993728,58933248,59392000,58621952
1512738816,1627545600,62148608,62889984,1188306944,97103872,1704435712,1592180736,1553993728,58933248,59392000,58621952
1201729536,1675321344,62148608,62889984,1188306944,97103872,1704435712,1592180736,1778843648,58933248,59392000,58621952
1201729536,1403719680,62148608,62889984,1188306944,97103872,1478688768,1591443456,1778843648,58933248,59392000,58621952
1451364352,1403719680,62148608,62889984,1188306944,97103872,1478688768,1591443456,1679712256,58933248,59392000,58621952
1496403968,1504657408,62148608,62889984,1188306944,97103872,1728323584,1530806272,1729277952,58933248,59392000,58621952
1496403968,1504657408,62148608,62889984,1188306944,97103872,1728323584,1634750464,1729277952,58933248,59392000,58621952
1474383872,1651433472,62148608,62889984,1188306944,97103872,1394319360,1634750464,1704497152,58933248,59392000,58621952
1474383872,1651433472,62148608,62889984,1188306944,97103872,1394319360,1294905344,1729277952,58933248,59392000,58621952
1224749056,1651433472,62148608,62889984,1188306944,97103872,1701806080,1568374784,1753165824,58933248,59392000,58621952
1500794880,1451364352,62148608,62889984,1188306944,97103872,1453907968,1568374784,1753165824,58933248,59392000,58621952
1500794880,1451364352,62148608,62889984,1188306944,97103872,1453907968,1601523712,1778843648,58933248,59392000,58621952
1500794880,1601867776,62148608,62889984,1188306944,97103872,1703542784,1651036160,1778843648,58933248,59392000,58621952
1500794880,1613811712,62148608,62889984,1188306944,97103872,1703542784,1480372224,1778843648,58933248,59392000,58621952
1275047936,1590054912,62148608,62889984,1188306944,97103872,1453907968,1480372224,1778843648,58933248,59392000,58621952
1275047936,1590054912,62148608,62889984,1188306944,97103872,1667706880,1601523712,1679712256,58933248,59392000,58621952
1475117056,1439551488,62148608,62889984,1188306944,97103872,1667706880,1601523712,1679712256,58933248,59392000,58621952
1486196736,1590054912,62148608,62889984,1188306944,97103872,1734160384,1531744256,1729277952,58933248,59392000,58621952
1486196736,1590054912,62148608,62889984,1188306944,97103872,1544826880,1579503616,1729277952,58933248,59392000,58621952
1534840832,1637699584,62148608,62889984,1188306944,97103872,1679654912,1579503616,1654931456,58933248,59392000,58621952
1238323200,1637699584,62148608,62889984,1188306944,97103872,1679654912,1604128768,1654931456,58933248,59392000,58621952
1388826624,1691631616,62148608,62889984,1188306944,97103872,1703542784,1604128768,1654931456,58933248,59392000,58621952
1511845888,1691631616,62148608,62889984,1188306944,97103872,1703542784,1604128768,1654931456,58933248,59392000,58621952
1511845888,1526693888,62148608,62889984,1188306944,97103872,1703542784,1604128768,1654931456,58933248,59392000,58621952
1511845888,1600909312,62148608,62889984,1188306944,97103872,1703542784,1494974464,1654931456,58933248,59392000,58621952
1511845888,1611984896,62148608,62889984,1188306944,97103872,1706242048,1568374784,1729277952,58933248,59392000,58621952
1213407232,1611984896,62148608,62889984,1188306944,97103872,1704435712,1568374784,1753165824,58933248,59392000,58621952
1213407232,1697660928,62148608,62889984,1188306944,97103872,1704435712,1329868800,1602662400,58933248,59392000,58621952
1499009024,1356836864,62148608,62889984,1188306944,97103872,1668734976,1601523712,1602662400,58933248,59392000,58621952
1499009024,1356836864,62148608,62889984,1188306944,97103872,1668734976,1601523712,1753165824,58933248,59392000,58621952
1521065984,1580662784,62148608,62889984,1188306944,97103872,1544687616,1554587648,1630281728,58933248,59392000,58621952
1189785600,1604550656,62148608,62889984,1188306944,97103872,1667706880,1554587648,1630281728,58933248,59392000,58621952
1189785600,1356705792,62148608,62889984,1188306944,97103872,1703563264,1634750464,1729277952,58933248,59392000,58621952
1488850944,1356705792,62148608,62889984,1188306944,97103872,1703563264,1294905344,1753165824,58933248,59392000,58621952
1499926528,1579765760,62148608,62889984,1188306944,97103872,1753124864,1494974464,1753165824,58933248,59392000,58621952
1512738816,1601916928,62148608,62889984,1188306944,97103872,1753124864,1572573184,1753165824,58933248,59392000,58621952
1189785600,1601916928,62148608,62889984,1188306944,97103872,1753124864,1572573184,1803624448,58933248,59392000,58621952
1189785600,1531092992,62148608,62889984,1188306944,97103872,1753124864,1329868800,1803624448,58933248,59392000,58621952
1340289024,1430155264,62148608,62889984,1188306944,97103872,1703559168,1529384960,1803624448,58933248,59392000,58621952
1487958016,1430155264,62148608,62889984,1188306944,97103872,1703559168,1602392064,1704493056,58933248,59392000,58621952
1499033600,1630224384,62148608,62889984,1188306944,97103872,1726554112,1602392064,1754058752,58933248,59392000,58621952
1499033600,1630224384,62148608,62889984,1188306944,97103872,1540218880,1481240576,1754058752,58933248,59392000,58621952
1214435328,1630224384,62148608,62889984,1188306944,97103872,1540218880,1602392064,1729282048,58933248,59392000,58621952
1214435328,1531092992,62148608,62889984,1188306944,97103872,1789853696,1602392064,1729282048,58933248,59392000,58621952
1464070144,1531092992,62148608,62889984,1188306944,97103872,1789853696,1504997376,1778843648,58933248,59392000,58621952
1499033600,1430155264,62148608,62889984,1188306944,97103872,1690722304,1568374784,1778843648,58933248,59392000,58621952
1499033600,1628434432,62148608,62889984,1188306944,97103872,1718165504,1568374784,1778843648,58933248,59392000,58621952
1499033600,1628434432,62148608,62889984,1188306944,97103872,1718165504,1543512064,1729277952,58933248,59392000,58621952
1189785600,1676210176,62148608,62889984,1188306944,97103872,1718165504,1593077760,1778843648,58933248,59392000,58621952
1189785600,1676210176,62148608,62889984,1188306944,97103872,1668599808,1593077760,1754198016,58933248,59392000,58621952
1475121152,1454174208,62148608,62889984,1188306944,97103872,1544822784,1580371968,1754198016,58933248,59392000,58621952
1475121152,1555111936,62148608,62889984,1188306944,97103872,1742073856,1355386880,1754062848,58933248,59392000,58621952
1499009024,1555111936,62148608,62889984,1188306944,97103872,1742073856,1604468736,1754062848,58933248,59392000,58621952
1499009024,1616490496,62148608,62889984,1188306944,97103872,1443749888,1604468736,1754062848,58933248,59392000,58621952
1250267136,1616490496,62148608,62889984,1188306944,97103872,1594253312,1605021696,1754062848,58933248,59392000,58621952
1499901952,1691750400,62148608,62889984,1188306944,97103872,1594253312,1605021696,1553993728,58933248,59392000,58621952
1499901952,1691750400,62148608,62889984,1188306944,97103872,1594253312,1605021696,1553993728,58933248,59392000,58621952
1499901952,1489874944,62148608,62889984,1188306944,97103872,1594253312,1605021696,1553993728,58933248,59392000,58621952
1499901952,1605435392,62148608,62889984,1188306944,97103872,1594253312,1605021696,1553993728,58933248,59392000,58621952
1250267136,1605435392,62148608,62889984,1188306944,97103872,1727426560,1615896576,1553993728,58933248,59392000,58621952
1250267136,1605435392,62148608,62889984,1188306944,97103872,1504362496,1568428032,1754062848,58933248,59392000,58621952
1499901952,1531985920,62148608,62889984,1188306944,97103872,1504362496,1568428032,1405440000,58933248,59392000,58621952
1499901952,1431048192,62148608,62889984,1188306944,97103872,1605300224,1629069312,1704505344,58933248,59392000,58621952
1499901952,1431048192,62148608,62889984,1188306944,97103872,1704431616,1629069312,1728393216,58933248,59392000,58621952
1499901952,1606332416,62148608,62889984,1188306944,97103872,1704431616,1592184832,1728393216,58933248,59392000,58621952
1389719552,1606332416,62148608,62889984,1188306944,97103872,1667842048,1592184832,1580724224,58933248,59392000,58621952
1375973376,1630220288,62148608,62889984,1188306944,97103872,1667842048,1663848448,1616982016,58933248,59392000,58621952
1375973376,1479716864,62148608,62889984,1188306944,97103872,1668673536,1342681088,1616982016,58933248,59392000,58621952
1508347904,1479716864,62148608,62889984,1188306944,97103872,1703567360,1342681088,1729302528,58933248,59392000,58621952
1508347904,1630220288,62148608,62889984,1188306944,97103872,1703571456,1603260416,1503539200,58933248,59392000,58621952
1400770560,1630220288,62148608,62889984,1188306944,97103872,1703571456,1480372224,1503539200,58933248,59392000,58621952
1400770560,1630220288,62148608,62889984,1188306944,97103872,1704460288,1593077760,1754066944,58933248,59392000,58621952
1499901952,1630220288,62148608,62889984,1188306944,97103872,1394319360,1616965632,1754066944,58933248,59392000,58621952
1499901952,1507336192,62148608,62889984,1188306944,97103872,1394319360,1616965632,1754066944,58933248,59392000,58621952
1509240832,1507336192,62148608,62889984,1188306944,97103872,1701806080,1519755264,1704501248,58933248,59392000,58621952
1510977536,1406398464,62148608,62889984,1188306944,97103872,1751318528,1519755264,1752276992,58933248,59392000,58621952
1510977536,1605439488,62148608,62889984,1188306944,97103872,1751318528,1634750464,1653145600,58933248,59392000,58621952
1189785600,1605439488,62148608,62889984,1188306944,97103872,1679785984,1634750464,1653145600,58933248,59392000,58621952
1463177216,1629327360,62148608,62889984,1188306944,97103872,1750462464,1544540160,1754066944,58933248,59392000,58621952
1463177216,1307275264,62148608,62889984,1188306944,97103872,1579786240,1613467648,1754066944,58933248,59392000,58621952
1509216256,1307275264,62148608,62889984,1188306944,97103872,1579786240,1640878080,1704501248,58933248,59392000,58621952
1437630464,1592606720,62148608,62889984,1188306944,97103872,1703567360,1505890304,1754066944,58933248,59392000,58621952
1237561344,1592606720,62148608,62889984,1188306944,97103872,1703567360,1505890304,1754066944,58933248,59392000,58621952
1237561344,1603682304,62148608,62889984,1188306944,97103872,1718165504,1605021696,1754066944,58933248,59392000,58621952
1487196160,1603682304,62148608,62889984,1188306944,97103872,1718165504,1445408768,1754066944,58933248,59392000,58621952
1497272320,1390272512,62148608,62889984,1188306944,97103872,1619034112,1445408768,1479667712,58933248,59392000,58621952
1497272320,1469718528,62148608,62889984,1188306944,97103872,1701826560,1568374784,1778847744,58933248,59392000,58621952
1499009024,1469718528,62148608,62889984,1188306944,97103872,1701826560,1601523712,1778847744,58933248,59392000,58621952
1214435328,1614757888,62148608,62889984,1188306944,97103872,1594388480,1601523712,1778847744,58933248,59392000,58621952
1214435328,1614757888,62148608,62889984,1188306944,97103872,1703567360,1529937920,1680154624,58933248,59392000,58621952
1510952960,1567821824,62148608,62889984,1188306944,97103872,1703567360,1529937920,1729282048,58933248,59392000,58621952
1510952960,1307275264,62148608,62889984,1188306944,97103872,1703567360,1529937920,1729282048,58933248,59392000,58621952
1510952960,1307275264,62148608,62889984,1188306944,97103872,1703567360,1529937920,1729282048,58933248,59392000,58621952
1510952960,1579769856,62148608,62889984,1188306944,97103872,1703567360,1610862592,1729282048,58933248,59392000,58621952
1237561344,1601921024,62148608,62889984,1188306944,97103872,1668734976,1317056512,1729282048,58933248,59392000,58621952
1237561344,1506447360,62148608,62889984,1188306944,97103872,1569603584,1317056512,1654374400,58933248,59392000,58621952
1510952960,1355943936,62148608,62889984,1188306944,97103872,1569603584,1517125632,1654374400,58933248,59392000,58621952
1510952960,1355943936,62148608,62889984,1188306944,97103872,1701830656,1610862592,1754066944,58933248,59392000,58621952
1433772032,1617391616,62148608,62889984,1188306944,97103872,1701830656,1610862592,1754066944,58933248,59392000,58621952
1233702912,1617391616,62148608,62889984,1188306944,97103872,1394319360,1317056512,1754066944,58933248,59392000,58621952
1233702912,1617391616,62148608,62889984,1188306944,97103872,1394319360,1517129728,1729282048,58933248,59392000,58621952
1487065088,1367756800,62148608,62889984,1188306944,97107968,1700937728,1568296960,1729282048,58933248,59392000,58621952
1510952960,1367756800,62148608,62889984,1188306944,97107968,1700937728,1651036160,1729282048,58933248,59392000,58621952
1516101632,1468694528,62148608,62889984,1188306944,97107968,1453932544,1651036160,1729282048,58933248,59392000,58621952
1516101632,1603706880,62148608,62889984,1188306944,97107968,1453932544,1294905344,1405440000,58933248,59392000,58621952
1249505280,1603706880,62148608,62889984,1188306944,97107968,1692508160,1544540160,1405440000,58933248,59392000,58621952
1249505280,1605443584,62148608,62889984,1188306944,97107968,1692508160,1544540160,1728393216,58933248,59392000,58621952
1499140096,1405374464,62148608,62889984,1188306944,97107968,1758031872,1518931968,1728393216,58933248,59392000,58621952
1510084608,1405374464,62148608,62889984,1188306944,97103872,1718161408,1518931968,1502736384,58933248,59392000,58621952
1414635520,1555877888,62148608,62889984,1188306944,97103872,1718161408,1601523712,1502736384,58933248,59392000,58621952
1414635520,1655009280,62148608,62889984,1188306944,97103872,1692483584,1430806528,1702805504,58933248,59392000,58621952
1214566400,1655009280,62148608,62889984,1188306944,97103872,1692483584,1579503616,1752371200,58933248,59392000,58621952
1499901952,1655009280,62148608,62889984,1188306944,97103872,1541980160,1579503616,1752371200,58933248,59392000,58621952
1499901952,1332056064,62148608,62889984,1188311040,97103872,1791614976,1604128768,1753174016,58933248,59392000,58621952
1523789824,1332056064,62148608,62889984,1188311040,97103872,1791614976,1604128768,1405440000,58933248,59392000,58621952
1385115648,1631121408,62148608,62889984,1188306944,97103872,1764155392,1431678976,1405440000,58933248,59392000,58621952
1385115648,1631121408,62148608,62889984,1188306944,97103872,1645625344,1431678976,1729302528,58933248,59392000,58621952
1439420416,1631121408,62148608,62889984,1188306944,97103872,1703538688,1580371968,1703608320,58933248,59392000,58621952
1439420416,1631121408,62148608,62889984,1188306944,97103872,1703538688,1634750464,1703608320,58933248,59392000,58621952
1496403968,1381486592,62148608,62889984,1188306944,97103872,1504362496,1494716416,1753174016,58933248,59392000,58621952
1451589632,1381486592,62148608,62889984,1188306944,97103872,1654865920,1544540160,1753174016,58933248,59392000,58621952
1451589632,1617383424,62148608,62889984,1188306944,97103872,1654865920,1544540160,1531027456,58933248,59392000,58621952
1249398784,1617383424,62148608,62889984,1188306944,97103872,1715576832,1603260416,1729302528,58933248,59392000,58621952
1249398784,1617383424,62148608,62889984,1188306944,97103872,1715576832,1329868800,1729302528,58933248,59392000,58621952
1509216256,1467772928,62148608,62889984,1188306944,97103872,1544822784,1329868800,1753174016,58933248,59392000,58621952
1509216256,1467772928,62148608,62889984,1188306944,97103872,1691598848,1601523712,1455001600,58933248,59392000,58621952
1509216256,1568710656,62148608,62889984,1188306944,97103872,1691598848,1601523712,1455001600,58933248,59392000,58621952
1226379264,1568710656,62148608,62889984,1188306944,97103872,1691598848,1601523712,1455001600,58933248,59392000,58621952
1226379264,1616486400,62148608,62889984,1188306944,97103872,1691598848,1601523712,1605505024,58933248,59392000,58621952
1462571008,1592729600,62148608,62889984,1188306944,97103872,1394319360,1632624640,1605505024,58933248,59392000,58621952
1496403968,1592729600,62148608,62889984,1188306944,97103872,1668673536,1445408768,1729302528,58933248,59392000,58621952
1496403968,1406390272,62148608,62889984,1188306944,97103872,1668673536,1588711424,1729302528,58933248,59392000,58621952
1498140672,1556893696,62148608,62889984,1188306944,97103872,1704435712,1588711424,1729302528,58933248,59392000,58621952
1248505856,1556893696,62148608,62889984,1188306944,97103872,1704435712,1610862592,1605513216,58933248,59392000,58621952
1399009280,1613393920,62148608,62889984,1188306944,97103872,1655762944,1610862592,1605513216,58933248,59392000,58621952
1510977536,1591373824,62148608,62889984,1188306944,97103872,1655762944,1445408768,1727500288,58933248,59392000,58621952
1510977536,1591373824,62148608,62889984,1188306944,97103872,1705328640,1591443456,1727500288,58933248,59392000,58621952
1510977536,1381617664,62148608,62889984,1188306944,97103872,1594253312,1591443456,1405440000,58933248,59392000,58621952
1428385792,1381617664,62148608,62889984,1188306944,97103872,1594253312,1341808640,1729302528,58933248,59392000,58621952
1428385792,1680683008,62148608,62889984,1188306944,97103872,1716375552,1591443456,1729302528,58933248,59392000,58621952
1377013760,1680683008,62148608,62889984,1188306944,97103872,1492549632,1651036160,1729302528,58933248,59392000,58621952
1476145152,1494503424,62148608,62889984,1188306944,97103872,1492549632,1651036160,1630171136,58933248,59392000,58621952
1476145152,1494503424,62148608,62889984,1188306944,97103872,1742184448,1529937920,1630171136,58933248,59392000,58621952
1486327808,1344000000,62148608,62889984,1188306944,97103872,1742184448,1329868800,1654935552,58933248,59392000,58621952
1486327808,1544069120,62148608,62889984,1188306944,97103872,1544826880,1329868800,1729282048,58933248,59392000,58621952
1236692992,1628442624,62148608,62889984,1188306944,97103872,1544826880,1601523712,1729282048,58933248,59392000,58621952
1236692992,1676218368,62148608,62889984,1188306944,97103872,1692491776,1329868800,1553100800,58933248,59392000,58621952
1488850944,1676218368,62148608,62889984,1188306944,97103872,1716379648,1329868800,1553100800,58933248,59392000,58621952
1499926528,1379700736,62148608,62889984,1188306944,97103872,1716379648,1579503616,1778843648,58933248,59392000,58621952
1413607424,1484283904,62148608,62889984,1188306944,97103872,1668673536,1635643392,1778843648,58933248,59392000,58621952
1413607424,1654116352,62148608,62889984,1188306944,97103872,1703567360,1635643392,1555943424,58933248,59392000,58621952
1413607424,1654116352,62148608,62889984,1188306944,97103872,1693384704,1294905344,1555943424,58933248,59392000,58621952
1413607424,1654116352,62148608,62889984,1188306944,97103872,1693384704,1568374784,1728393216,58933248,59392000,58621952
1512738816,1554984960,62148608,62889984,1188306944,97103872,1594253312,1601523712,1728393216,58933248,59392000,58621952
1512738816,1554984960,62148608,62889984,1188306944,97103872,1594253312,1455460352,1679855616,58933248,59392000,58621952
1512738816,1408212992,62148608,62889984,1188306944,97103872,1700933632,1455460352,1430220800,58933248,59392000,58621952
1189785600,1579769856,62148608,62889984,1188306944,97103872,1739370496,1544540160,1430220800,58933248,59392000,58621952
1189785600,1579769856,62148608,62889984,1188306944,97103872,1739370496,1544540160,1754066944,58933248,59392000,58621952
1498140672,1379831808,62148608,62889984,1188306944,97103872,1717403648,1603260416,1702113280,58933248,59392000,58621952
1498140672,1379831808,62148608,62889984,1188306944,97103872,1717403648,1603260416,1702113280,58933248,59392000,58621952
1498140672,1579900928,62148608,62889984,1188306944,97103872,1717403648,1603260416,1702113280,58933248,59392000,58621952
1248505856,1579900928,62148608,62889984,1188306944,97103872,1717403648,1603260416,1702113280,58933248,59392000,58621952
1248505856,1614733312,62148608,62889984,1188306944,97103872,1717403648,1531568128,1605369856,58933248,59392000,58621952
1499009024,1614733312,62148608,62889984,1188306944,97103872,1619107840,1581133824,1704501248,58933248,59392000,58621952
1499009024,1614733312,62148608,62889984,1188306944,97103872,1619107840,1581133824,1704501248,58933248,59392000,58621952
1522896896,1414664192,62148608,62889984,1188306944,97103872,1619107840,1603260416,1654935552,58933248,59392000,58621952
1522896896,1579765760,62148608,62889984,1188306944,97103872,1619107840,1294905344,1455001600,58933248,59392000,58621952
1225617408,1579765760,62148608,62889984,1188306944,97103872,1734164480,1569189888,1729302528,58933248,59392000,58621952
1475252224,1614729216,62148608,62889984,1188306944,97103872,1552723968,1602416640,1729302528,58933248,59392000,58621952
1475252224,1606815744,62148608,62889984,1188306944,97103872,1552723968,1602416640,1580724224,58933248,59392000,58621952
1486196736,1606815744,62148608,62889984,1188306944,97103872,1703567360,1536151552,1580724224,58933248,59392000,58621952
1499009024,1454043136,62148608,62889984,1188306944,97103872,1640083456,1536151552,1728393216,58933248,59392000,58621952
1499009024,1654112256,62148608,62889984,1188306944,97103872,1640083456,1651036160,1801936896,58933248,59392000,58621952
1214435328,1654112256,62148608,62889984,1188306944,97103872,1419038720,1529937920,1506381824,58933248,59392000,58621952
1414504448,1654112256,62148608,62889984,1188306944,97103872,1419038720,1529937920,1753174016,58933248,59392000,58621952
1414504448,1604546560,62148608,62889984,1188306944,97103872,1750462464,1601523712,1753174016,58933248,59392000,58621952
1521184768,1454043136,62148608,62889984,1188306944,97103872,1453932544,1329868800,1580724224,58933248,59392000,58621952
1522921472,1454043136,62148608,62889984,1188306944,97103872,1692508160,1329868800,1729302528,58933248,59392000,58621952
1416441856,1680678912,62148608,62889984,1188306944,97103872,1692508160,1603260416,1729302528,58933248,59392000,58621952
1416441856,1680678912,62148608,62889984,1188306944,97103872,1692618752,1294905344,1654042624,58933248,59392000,58621952
1214566400,1680678912,62148608,62889984,1188306944,97103872,1594384384,1294905344,1729302528,58933248,59392000,58621952
1511002112,1631113216,62148608,62889984,1188306944,97103872,1594384384,1544540160,1729302528,58933248,59392000,58621952
1511002112,1480609792,62148608,62889984,1188306944,97103872,1704460288,1579503616,1753174016,58933248,59392000,58621952
1533153280,1480609792,62148608,62889984,1188306944,97103872,1643819008,1579503616,1778384896,58933248,59392000,58621952
1464201216,1581547520,62148608,62889984,1188306944,97103872,1443749888,1579503616,1654939648,58933248,59392000,58621952
1214566400,1631113216,62148608,62889984,1188306944,97103872,1443749888,1579503616,1654939648,58933248,59392000,58621952
1214566400,1631113216,62148608,62889984,1188306944,97103872,1668599808,1651036160,1729302528,58933248,59392000,58621952
1487958016,1640378368,62148608,62889984,1188306944,97103872,1643958272,1329868800,1503539200,58933248,59392000,58621952
1487958016,1418342400,62148608,62889984,1188306944,97103872,1643958272,1329868800,1654042624,58933248,59392000,58621952
1511845888,1418342400,62148608,62889984,1188306944,97103872,1680551936,1612599296,1654042624,58933248,59392000,58621952
1511845888,1618411520,62148608,62889984,1188306944,97103872,1680551936,1634750464,1753174016,58933248,59392000,58621952
1189785600,1618411520,62148608,62889984,1188306944,97103872,1680551936,1445408768,1753174016,58933248,59392000,58621952
1340289024,1618411520,62148608,62889984,1188306944,97103872,1680551936,1445408768,1772109824,58933248,59392000,58621952
1487065088,1618411520,62148608,62889984,1188306944,97103872,1702678528,1590448128,1772109824,58933248,59392000,58621952
1487065088,1429262336,62148608,62889984,1188306944,97103872,1702678528,1590448128,1772109824,58933248,59392000,58621952
1510952960,1530200064,62148608,62889984,1188306944,97103872,1702678528,1590448128,1772109824,58933248,59392000,58621952
1415548928,1593495552,62148608,62889984,1188306944,97103872,1702678528,1590448128,1772109824,58933248,59392000,58621952
1213673472,1593495552,62148608,62889984,1188306944,97107968,1717411840,1454665728,1728389120,58933248,59392000,58621952
1213673472,1604571136,62148608,62889984,1188306944,97107968,1717411840,1454665728,1752276992,58933248,59392000,58621952
1498140672,1555005440,62148608,62889984,1188306944,97107968,1593364480,1343442944,1702711296,58933248,59392000,58621952
1498140672,1555005440,62148608,62889984,1188306944,97107968,1717276672,1593077760,1580720128,58933248,59392000,58621952
1439420416,1454067712,62148608,62889984,1188306944,97107968,1717276672,1601523712,1580720128,58933248,59392000,58621952
1214435328,1454067712,62148608,62889984,1188306944,97107968,1544826880,1529937920,1729282048,58933248,59392000,58621952
1214435328,1629327360,62148608,62889984,1188306944,97107968,1544826880,1529937920,1654038528,58933248,59392000,58621952
1488850944,1629327360,62148608,62889984,1188306944,97107968,1741164544,1480372224,1654038528,58933248,59392000,58621952
1499926528,1655537664,62148608,62889984,1188306944,97107968,1594257408,1580240896,1802735616,58933248,59392000,58621952
1499926528,1655537664,62148608,62889984,1188306944,97107968,1704464384,1604128768,1802735616,58933248,59392000,58621952
1509769216,1556004864,62148608,62889984,1188306944,97107968,1704464384,1604128768,1630285824,58933248,59392000,58621952
1509769216,1605570560,62148608,62889984,1188306944,97107968,1765056512,1505894400,1754062848,58933248,59392000,58621952
1250291712,1605570560,62148608,62889984,1188306944,97112064,1705328640,1605021696,1754062848,58933248,59392000,58621952
1499926528,1628434432,62148608,62889984,1188306944,97112064,1705328640,1605021696,1754062848,58933248,59392000,58621952
1510109184,1430286336,62148608,62889984,1188306944,97112064,1705328640,1592315904,1754062848,58933248,59392000,58621952
1510109184,1430286336,62148608,62889984,1188306944,97112064,1529147392,1542750208,1553993728,58933248,59392000,58621952
1462280192,1531224064,62148608,62889984,1188306944,97112064,1529147392,1610862592,1754062848,58933248,59392000,58621952
1189785600,1617383424,62148608,62889984,1188306944,97112064,1729216512,1610862592,1754062848,58933248,59392000,58621952
1189785600,1617383424,62148608,62889984,1188306944,97112064,1729216512,1442746368,1754062848,58933248,59392000,58621952
1487958016,1643192320,62148608,62889984,1188306944,97112064,1544822784,1621938176,1479667712,58933248,59392000,58621952
1487958016,1643192320,62148608,62889984,1188306944,97112064,1544822784,1621938176,1754066944,58933248,59392000,58621952
1510109184,1443123200,62148608,62889984,1188306944,97112064,1704464384,1621938176,1754066944,58933248,59392000,58621952
1487953920,1643192320,62148608,62889984,1188306944,97112064,1704464384,1544540160,1754066944,58933248,59392000,58621952
1189785600,1643192320,62148608,62889984,1188306944,97112064,1729220608,1621938176,1580724224,58933248,59392000,58621952
1499901952,1643192320,62148608,62889984,1188306944,97112064,1394323456,1671503872,1580724224,58933248,59392000,58621952
1499901952,1356836864,62148608,62889984,1188306944,97112064,1700941824,1540345856,1729302528,58933248,59392000,58621952
1499901952,1356836864,62148608,62889984,1188306944,97112064,1700941824,1540345856,1753174016,58933248,59392000,58621952
1250267136,1606471680,62148608,62889984,1188306944,97112064,1653112832,1601523712,1503539200,58933248,59392000,58621952
1250267136,1606471680,62148608,62889984,1188306944,97112064,1643819008,1601523712,1503539200,58933248,59392000,58621952
1450160128,1606471680,62148608,62889984,1188306944,97112064,1643819008,1329868800,1754066944,58933248,59392000,58621952
1450160128,1604685824,62148608,62889984,1188306944,97112064,1742053376,1579503616,1754066944,58933248,59392000,58621952
1499901952,1355051008,62148608,62889984,1188306944,97116160,1742053376,1579503616,1754066944,58933248,59392000,58621952
1499901952,1355051008,62148608,62889984,1188306944,97116160,1742053376,1579503616,1754066944,58933248,59392000,58621952
1238323200,1631121408,62148608,62889984,1188306944,97116160,1742053376,1579503616,1754066944,58933248,59392000,58621952
1238323200,1631121408,62148608,62889984,1188306944,97116160,1692487680,1579503616,1605369856,58933248,59392000,58621952
1487958016,1631121408,62148608,62889984,1188306944,97116160,1742053376,1529937920,1605369856,58933248,59392000,58621952
1499009024,1631121408,62148608,62889984,1188306944,97116160,1742053376,1529937920,1739440128,58933248,59392000,58621952
1499009024,1307275264,62148608,62889984,1188306944,97116160,1443885056,1601523712,1739440128,58933248,59392000,58621952
1499009024,1307275264,62148608,62889984,1188306944,97116160,1443885056,1601523712,1516376064,58933248,59392000,58621952
1250267136,1591713792,62148608,62889984,1188306944,97116160,1704464384,1579503616,1754062848,58933248,59392000,58621952
1250267136,1591713792,62148608,62889984,1188306944,97116160,1739378688,1531584512,1754062848,58933248,59392000,58621952
1510952960,1602789376,62148608,62889984,1188306944,97116160,1739378688,1531584512,1654931456,58933248,59392000,58621952
1510952960,1567821824,62148608,62889984,1188306944,97116160,1679659008,1579503616,1754062848,58933248,59392000,58621952
1510952960,1417318400,62148608,62889984,1188306944,97116160,1703546880,1514737664,1754062848,58933248,59392000,58621952
1489002496,1630224384,62148608,62889984,1188306944,97116160,1454804992,1514737664,1754062848,58933248,59392000,58621952
1489002496,1630224384,62148608,62889984,1188306944,97116160,1454804992,1467564032,1754062848,58933248,59392000,58621952
1237561344,1630224384,62148608,62889984,1188306944,97116160,1605308416,1467564032,1654935552,58933248,59392000,58621952
1487196160,1630224384,62148608,62889984,1188306944,97116160,1605308416,1610862592,1654935552,58933248,59392000,58621952
1487196160,1604546560,62148608,62889984,1188306944,97116160,1704439808,1294905344,1729302528,58933248,59392000,58621952
1498140672,1351323648,62148608,62889984,1188306944,97116160,1762398208,1294905344,1729302528,58933248,59392000,58621952
1498140672,1600958464,62148608,62889984,1188306944,97116160,1637195776,1601523712,1753174016,58933248,59392000,58621952
1226510336,1600958464,62148608,62889984,1188306944,97116160,1739399168,1514627072,1753174016,58933248,59392000,58621952
1226510336,1602818048,62148608,62889984,1188306944,97116160,1739399168,1514627072,1753288704,58933248,59392000,58621952
1487958016,1602818048,62148608,62889984,1188306944,97116160,1664155648,1579503616,1754066944,58933248,59392000,58621952
1499033600,1555881984,62148608,62889984,1188306944,97116160,1563217920,1579503616,1754066944,58933248,59392000,58621952
1511845888,1555881984,62148608,62889984,1188306944,97116160,1563217920,1329868800,1504432128,58933248,59392000,58621952
1511845888,1429213184,62148608,62889984,1188306944,97116160,1763287040,1610862592,1704501248,58933248,59392000,58621952
1238654976,1616523264,62148608,62889984,1188306944,97116160,1713721344,1610862592,1704501248,58933248,59392000,58621952
1361084416,1616523264,62148608,62889984,1188306944,97116160,1705328640,1517125632,1728389120,58933248,59392000,58621952
1361084416,1631121408,62148608,62889984,1188306944,97116160,1705328640,1517125632,1681543168,58933248,59392000,58621952
1534840832,1356705792,62148608,62889984,1188306944,97116160,1705328640,1467559936,1754066944,58933248,59392000,58621952
1558728704,1356705792,62148608,62889984,1188306944,97116160,1544826880,1593077760,1754066944,58933248,59392000,58621952
1558728704,1606336512,62148608,62889984,1188306944,97116160,1691602944,1593077760,1754066944,58933248,59392000,58621952
1309093888,1606336512,62148608,62889984,1188306944,97116160,1691602944,1567399936,1754066944,58933248,59392000,58621952
1509163008,1606336512,62148608,62889984,1188306944,97116160,1739378688,1567399936,1555943424,58933248,59392000,58621952
1509163008,1531092992,62148608,62889984,1188306944,97116160,1418211328,1544540160,1728393216,58933248,59392000,58621952
1509163008,1531092992,62148608,62889984,1188306944,97116160,1702678528,1634750464,1728393216,58933248,59392000,58621952
1259597824,1430155264,62148608,62889984,1188306944,97116160,1702678528,1634750464,1728393216,58933248,59392000,58621952
1259597824,1580658688,62148608,62889984,1188306944,97116160,1702678528,1634750464,1728393216,58933248,59392000,58621952
1410101248,1602785280,62148608,62889984,1188306944,97116160,1702678528,1634750464,1699983360,58933248,59392000,58621952
1509232640,1615597568,62148608,62889984,1188306944,97116160,1643823104,1294905344,1699983360,58933248,59392000,58621952
1509232640,1442099200,62148608,62889984,1188306944,97116160,1643823104,1294905344,1754066944,58933248,59392000,58621952
1509232640,1442099200,62148608,62889984,1188306944,97116160,1544691712,1601523712,1605369856,58933248,59392000,58621952
1413152768,1442099200,62148608,62889984,1188306944,97116160,1544691712,1601523712,1728393216,58933248,59392000,58621952
1413152768,1642168320,62148608,62889984,1188306944,97116160,1703567360,1430806528,1728393216,58933248,59392000,58621952
1389854720,1642168320,62148608,62889984,1188306944,97116160,1703567360,1579503616,1653239808,58933248,59392000,58621952
1389854720,1642168320,62148608,62889984,1188306944,97116160,1703567360,1579503616,1752371200,58933248,59392000,58621952
1510977536,1307275264,62148608,62889984,1188306944,97116160,1503498240,1561296896,1752371200,58933248,59392000,58621952
1510977536,1307275264,62148608,62889984,1188306944,97116160,1503498240,1561296896,1679159296,58933248,59392000,58621952
1439322112,1307275264,62148608,62889984,1188306944,97116160,1753133056,1544540160,1679159296,58933248,59392000,58621952
1439322112,1604550656,62148608,62889984,1188306944,97116160,1619111936,1601523712,1754066944,58933248,59392000,58621952
1340289024,1604550656,62148608,62889984,1188306944,97116160,1643827200,1579503616,1754066944,58933248,59392000,58621952
1497272320,1580793856,62148608,62889984,1188306944,97116160,1643827200,1579503616,1754066944,58933248,59392000,58621952
1499009024,1580793856,62148608,62889984,1188306944,97116160,1715539968,1579503616,1754066944,58933248,59392000,58621952
1499009024,1380724736,62148608,62889984,1188306944,97116160,1715539968,1638223872,1580593152,58933248,59392000,58621952
1189785600,1481662464,62148608,62889984,1188306944,97116160,1643958272,1638223872,1580593152,58933248,59392000,58621952
1189785600,1481662464,62148608,62889984,1188306944,97116160,1643958272,1566691328,1715982336,58933248,59392000,58621952
1189785600,1613889536,62148608,62889984,1188306944,97116160,1700941824,1566691328,1715982336,58933248,59392000,58621952
1497272320,1637756928,62148608,62889984,1188306944,97116160,1618386944,1601523712,1702805504,58933248,59392000,58621952
1475252224,1535475712,62148608,62889984,1188306944,97116160,1718169600,1329868800,1729302528,58933248,59392000,58621952
1475252224,1535475712,62148608,62889984,1188306944,97116160,1718169600,1329868800,1729302528,58933248,59392000,58621952
1225617408,1666080768,62148608,62889984,1188306944,97116160,1569472512,1579503616,1729302528,58933248,59392000,58621952
1475252224,1666080768,62148608,62889984,1188306944,97116160,1718169600,1616400384,1729302528,58933248,59392000,58621952
1485328384,1666080768,62148608,62889984,1188306944,97116160,1718169600,1616400384,1479667712,58933248,59392000,58621952
1463308288,1466011648,62148608,62889984,1188306944,97116160,1718169600,1294905344,1729302528,58933248,59392000,58621952
1463308288,1466011648,62148608,62889984,1188306944,97116160,1394323456,1580240896,1729302528,58933248,59392000,58621952
1238323200,1616515072,62148608,62889984,1188306944,97116160,1679659008,1580240896,1754071040,58933248,59392000,58621952
1238323200,1616515072,62148608,62889984,1188306944,97116160,1679659008,1566531584,1729302528,58933248,59392000,58621952
1487958016,1639510016,62148608,62889984,1188306944,97116160,1655767040,1566531584,1729302528,58933248,59392000,58621952
1509216256,1639510016,62148608,62889984,1188306944,97116160,1655767040,1445408768,1729302528,58933248,59392000,58621952
1509216256,1406267392,62148608,62889984,1188306944,97116160,1704435712,1615228928,1729302528,58933248,59392000,58621952
1201729536,1406267392,62148608,62889984,1188306944,97116160,1704435712,1615228928,1729302528,58933248,59392000,58621952
1201729536,1605439488,62148608,62889984,1188306944,97116160,1704435712,1615228928,1729302528,58933248,59392000,58621952
1352232960,1617383424,62148608,62889984,1188306944,97116160,1705328640,1517834240,1654939648,58933248,59392000,58621952
1510952960,1665159168,62148608,62889984,1188306944,97116160,1606197248,1517834240,1704505344,58933248,59392000,58621952
1510952960,1665159168,62148608,62889984,1188306944,97116160,1606197248,1616965632,1705426944,58933248,59392000,58621952
1536761856,1443123200,62148608,62889984,1188306944,97116160,1705328640,1616965632,1705426944,58933248,59392000,58621952
1536761856,1544060928,62148608,62889984,1188306944,97116160,1692512256,1517834240,1754066944,58933248,59392000,58621952
1237561344,1544060928,62148608,62889984,1188306944,97116160,1394323456,1517834240,1754066944,58933248,59392000,58621952
1237561344,1615593472,62148608,62889984,1188306944,97116160,1394323456,1568374784,1777954816,58933248,59392000,58621952
1487196160,1615593472,62148608,62889984,1188306944,97116160,1704464384,1603260416,1528320000,58933248,59392000,58621952
1487196160,1665159168,62148608,62889984,1188306944,97116160,1619038208,1624875008,1528320000,58933248,59392000,58621952
1487196160,1514655744,62148608,62889984,1188306944,97116160,1619038208,1624875008,1754062848,58933248,59392000,58621952
1225617408,1514655744,62148608,62889984,1188306944,97120256,1619042304,1329868800,1754062848,58933248,59392000,58621952
1225617408,1665159168,62148608,62889984,1188306944,97120256,1704460288,1593077760,1704497152,58933248,59392000,58621952
1475252224,1665159168,62148608,62889984,1188306944,97120256,1704460288,1593077760,1704497152,58933248,59392000,58621952
1475252224,1665159168,62148608,62889984,1188306944,97120256,1704460288,1445408768,1728385024,58933248,59392000,58621952
1497272320,1514655744,62148608,62889984,1188306944,97120256,1594384384,1494974464,1405440000,58933248,59392000,58621952
1497272320,1514655744,62148608,62889984,1188306944,97120256,1594384384,1601523712,1728393216,58933248,59392000,58621952
1226379264,1665159168,62148608,62889984,1188306944,97120256,1714642944,1601523712,1728393216,58933248,59392000,58621952
1512738816,1665159168,62148608,62889984,1188306944,97120256,1667706880,1294905344,1728393216,58933248,59392000,58621952
1512738816,1615593472,62148608,62889984,1188306944,97120256,1717272576,1294905344,1752371200,58933248,59392000,58621952
1512738816,1615593472,62148608,62889984,1188306944,97120256,1717272576,1601523712,1502736384,58933248,59392000,58621952
1536626688,1356836864,62148608,62889984,1188306944,97120256,1717272576,1579503616,1502736384,58933248,59392000,58621952
1536626688,1581555712,62148608,62889984,1188306944,97120256,1717272576,1579503616,1778847744,58933248,59392000,58621952
1286991872,1603706880,62148608,62889984,1188306944,97120256,1443885056,1579503616,1679716352,58933248,59392000,58621952
1536626688,1603706880,62148608,62889984,1188306944,97120256,1693519872,1616400384,1728385024,58933248,59392000,58621952
1536626688,1605443584,62148608,62889984,1188306944,97120256,1693519872,1616400384,1728385024,58933248,59392000,58621952
1536626688,1605443584,62148608,62889984,1188306944,97120256,1654005760,1566834688,1752272896,58933248,59392000,58621952
1463308288,1332056064,62148608,62889984,1188306944,97120256,1703571456,1602392064,1752272896,58933248,59392000,58621952
1463308288,1606336512,62148608,62889984,1188306944,97120256,1703571456,1602392064,1529344000,58933248,59392000,58621952
1213673472,1606336512,62148608,62889984,1188306944,97120256,1703571456,1662980096,1729277952,58933248,59392000,58621952
1213673472,1606336512,62148608,62889984,1188306944,97120256,1726566400,1407787008,1729277952,58933248,59392000,58621952
1488850944,1606336512,62148608,62889984,1188306944,97120256,1394323456,1407787008,1800941568,58933248,59392000,58621952
1512738816,1307275264,62148608,62889984,1188306944,97120256,1394323456,1580240896,1800941568,58933248,59392000,58621952
1414500352,1442623488,62148608,62889984,1188306944,97120256,1394323456,1580240896,1800941568,58933248,59392000,58621952
1414500352,1591713792,62148608,62889984,1188306944,97120256,1394323456,1580240896,1800941568,58933248,59392000,58621952
1263996928,1591713792,62148608,62889984,1188306944,97120256,1701810176,1580240896,1778974720,58933248,59392000,58621952
1513631744,1615601664,62148608,62889984,1188306944,97120256,1655902208,1615204352,1778974720,58933248,59392000,58621952
1513631744,1391775744,62148608,62889984,1188306944,97120256,1556635648,1294905344,1679843328,58933248,59392000,58621952
1513631744,1391775744,62148608,62889984,1188306944,97120256,1556635648,1294905344,1405440000,58933248,59392000,58621952
1201729536,1492713472,62148608,62889984,1188306944,97120256,1703542784,1578864640,1728393216,58933248,59392000,58621952
1201729536,1602789376,62148608,62889984,1188306944,97120256,1504366592,1578864640,1728393216,58933248,59392000,58621952
1201729536,1602789376,62148608,62889984,1188306944,97120256,1504366592,1555501056,1728393216,58933248,59392000,58621952
1475121152,1592606720,62148608,62889984,1188306944,97120256,1728323584,1544540160,1653239808,58933248,59392000,58621952
1497272320,1592606720,62148608,62889984,1188306944,97120256,1728323584,1579503616,1653239808,58933248,59392000,58621952
1497272320,1307275264,62148608,62889984,1188306944,97120256,1728323584,1579503616,1754066944,58933248,59392000,58621952
1475252224,1531994112,62148608,62889984,1188306944,97120256,1629192192,1329868800,1754066944,58933248,59392000,58621952
1225617408,1603706880,62148608,62889984,1188306944,97120256,1629192192,1579503616,1754066944,58933248,59392000,58621952
1475252224,1603706880,62148608,62889984,1188306944,97120256,1714589696,1579503616,1654935552,58933248,59392000,58621952
1475252224,1605443584,62132224,62889984,1188306944,97120256,1666945024,1603260416,1704505344,58933248,59392000,58621952
1496403968,1405374464,62132224,62889984,1188306944,97120256,1666945024,1605959680,1728393216,58933248,59392000,58621952
1496403968,1506312192,62132224,62889984,1188306944,97120256,1716510720,1605959680,1728393216,58933248,59392000,58621952
1523814400,1506312192,62132224,62889984,1188306944,97120256,1716510720,1445408768,1502736384,58933248,59392000,58621952
1224749056,1605443584,62132224,62889984,1188306944,97120256,1737523200,1568374784,1502736384,58933248,59392000,58621952
1224749056,1605443584,62132224,62889984,1188306944,97120256,1538375680,1579503616,1752371200,58933248,59392000,58621952
1522028544,1532125184,62132224,62889984,1188306944,97120256,1688850432,1579503616,1654939648,58933248,59392000,58621952
1522028544,1532125184,62132224,62889984,1188306944,97120256,1688850432,1529937920,1654939648,58933248,59392000,58621952
1522028544,1332056064,62132224,62889984,1188306944,97120256,1688981504,1634750464,1754066944,58933248,59392000,58621952
1272393728,1605443584,62132224,62889984,1188306944,97120256,1538478080,1634750464,1754066944,58933248,59392000,58621952
1272393728,1605443584,62132224,62889984,1188306944,97120256,1538478080,1486053376,1648644096,58933248,59392000,58621952
1272393728,1605443584,62132224,62889984,1188306944,97120256,1738547200,1568374784,1754066944,58933248,59392000,58621952
1484406784,1530200064,62132224,62889984,1188306944,97120256,1738547200,1568374784,1754066944,58933248,59392000,58621952
1506557952,1530200064,62132224,62889984,1188306944,97120256,1738547200,1294905344,1754066944,58933248,59392000,58621952
1484537856,1429262336,62132224,62889984,1188306944,97120256,1542877184,1569189888,1580724224,58933248,59392000,58621952
1484537856,1629331456,62132224,62889984,1188306944,97120256,1643814912,1569189888,1580724224,58933248,59392000,58621952
1284468736,1629331456,62132224,62889984,1188306944,97120256,1704456192,1602416640,1580724224,58933248,59392000,58621952
1284468736,1629331456,62132224,62889984,1188306944,97120256,1704456192,1602416640,1728393216,58933248,59392000,58621952
1534103552,1553698816,62132224,62889984,1188306944,97120256,1717268480,1443311616,1558695936,58933248,59392000,58621952
1534103552,1553698816,62148608,62889984,1188306944,97120256,1717268480,1443311616,1558695936,58933248,59392000,58621952
1434972160,1332056064,62148608,62889984,1188306944,97120256,1717268480,1443311616,1558695936,58933248,59392000,58621952
1434972160,1591713792,62148608,62889984,1188306944,97120256,1718300672,1634750464,1558695936,58933248,59392000,58621952
1284468736,1615601664,62148608,62889984,1188306944,97120256,1718300672,1634750464,1728393216,58933248,59392000,58621952
1510952960,1639489536,62148608,62889984,1188306944,97120256,1718300672,1585184768,1728393216,58933248,59392000,58621952
1510952960,1639489536,62148608,62889984,1188306944,97120256,1693388800,1445408768,1754177536,58933248,59392000,58621952
1510952960,1404481536,62148608,62889984,1188306944,97120256,1693388800,1445408768,1752371200,58933248,59392000,58621952
1510952960,1404481536,62148608,62889984,1188306944,97120256,1668739072,1603260416,1752371200,58933248,59392000,58621952
1237561344,1616494592,62148608,62889984,1188306944,97120256,1668739072,1603260416,1405440000,58933248,59392000,58621952
1388064768,1627570176,62148608,62889984,1188306944,97120256,1640923136,1529647104,1405440000,58933248,59392000,58621952
1487196160,1627570176,62148608,62889984,1188306944,97120256,1700732928,1579503616,1729302528,58933248,59392000,58621952
1487196160,1592737792,62148608,62889984,1188306944,97120256,1700732928,1579503616,1654042624,58933248,59392000,58621952
1498140672,1392668672,62148608,62889984,1188306944,97120256,1604440064,1610862592,1654042624,58933248,59392000,58621952
1498140672,1493606400,62148608,62889984,1188306944,97120256,1619038208,1522769920,1753174016,58933248,59392000,58621952
1399009280,1603706880,62148608,62889984,1188306944,97120256,1619038208,1568374784,1753174016,58933248,59392000,58621952
1498140672,1603706880,62148608,62889984,1188306944,97120256,1717272576,1612599296,1454870528,58933248,59392000,58621952
1498140672,1555877888,62148608,62889984,1188306944,97120256,1394323456,1612599296,1454870528,58933248,59392000,58621952
1498140672,1555877888,62148608,62889984,1188306944,97120256,1394323456,1318793216,1728393216,58933248,59392000,58621952
1243799552,1421774848,62148608,62889984,1188306944,97120256,1701810176,1568428032,1752371200,58933248,59392000,58621952
1352232960,1586597888,62148608,62889984,1188306944,97120256,1701810176,1568428032,1752371200,58933248,59392000,58621952
1352232960,1586597888,62148608,62889984,1188306944,97120256,1692512256,1579503616,1703612416,58933248,59392000,58621952
1463177216,1604554752,62148608,62889984,1188306944,97120256,1692512256,1579503616,1703612416,58933248,59392000,58621952
1498144768,1604554752,62148608,62889984,1188306944,97120256,1619038208,1329868800,1715556352,58933248,59392000,58621952
1498144768,1355812864,62148608,62889984,1188306944,97120256,1619038208,1580240896,1715556352,58933248,59392000,58621952
1189789696,1605443584,62148608,62889984,1188306944,97120256,1639628800,1580240896,1726259200,58933248,59392000,58621952
1389858816,1605443584,62148608,62889984,1188306944,97120256,1718169600,1582178304,1740333056,58933248,59392000,58621952
1389858816,1605443584,62148608,62889984,1188306944,97120256,1619038208,1580371968,1740333056,58933248,59392000,58621952
1496408064,1581686784,62148608,62889984,1188306944,97120256,1619038208,1616400384,1764220928,58933248,59392000,58621952
1498144768,1381617664,62148608,62889984,1188306944,97120256,1717276672,1616400384,1764220928,58933248,59392000,58621952
1189789696,1381617664,62148608,62889984,1188306944,97120256,1717276672,1616400384,1592664064,58933248,59392000,58621952
1189789696,1381617664,62148608,62889984,1188306944,97120256,1643819008,1616400384,1727496192,58933248,59392000,58621952
1365196800,1606336512,62148608,62889984,1188306944,97120256,1643819008,1555484672,1727496192,58933248,59392000,58621952
1475125248,1606336512,62148608,62889984,1188306944,97120256,1693384704,1517125632,1751384064,58933248,59392000,58621952
1475125248,1630224384,62148608,62889984,1188306944,97120256,1704460288,1517125632,1751384064,58933248,59392000,58621952
1497276416,1319219200,62148608,62889984,1188306944,97120256,1643814912,1317056512,1827512320,58933248,59392000,58621952
1497276416,1319219200,62148608,62889984,1188306944,97120256,1643814912,1317056512,1827512320,58933248,59392000,58621952
1225621504,1556774912,62148608,62889984,1188306944,97120256,1643814912,1317056512,1827512320,58933248,59392000,58621952
1475256320,1604550656,62148608,62889984,1188306944,97120256,1692495872,1580240896,1827512320,58933248,59392000,58621952
1475256320,1628438528,62148608,62889984,1188306944,97120256,1692495872,1580240896,1827512320,58933248,59392000,58621952
1496408064,1628438528,62148608,62889984,1188306944,97120256,1725415424,1294905344,1827512320,58933248,59392000,58621952
1474252800,1380724736,62148608,62889984,1188306944,97120256,1725415424,1294905344,1627447296,58933248,59392000,58621952
1189789696,1481662464,62148608,62889984,1188306944,97120256,1692626944,1570476032,1777946624,58933248,59392000,58621952
1189789696,1654112256,62148608,62889984,1188306944,97120256,1715519488,1529937920,1777946624,58933248,59392000,58621952
1389858816,1654112256,62148608,62889984,1188306944,97120256,1715519488,1529937920,1777946624,58933248,59392000,58621952
1389858816,1654112256,62148608,62889984,1188306944,97120256,1480482816,1579503616,1578774528,58933248,59392000,58621952
1498144768,1454043136,62148608,62889984,1188306944,97120256,1730113536,1612599296,1773924352,58933248,59392000,58621952
1448579072,1454043136,62148608,62889984,1188306944,97120256,1530044416,1612599296,1778843648,58933248,59392000,58621952
1448579072,1554980864,62148608,62889984,1188306944,97120256,1680547840,1546346496,1778843648,58933248,59392000,58621952
1189789696,1604546560,62148608,62889984,1188306944,97120256,1680547840,1546346496,1704497152,58933248,59392000,58621952
1475125248,1604546560,62148608,62889984,1188306944,97120256,1702699008,1580240896,1728385024,58933248,59392000,58621952
1508352000,1567952896,62148608,62889984,1188306944,97120256,1655762944,1505890304,1728385024,58933248,59392000,58621952
1508352000,1442099200,62148608,62889984,1188306944,97120256,1655762944,1505890304,1702707200,58933248,59392000,58621952
1460523008,1591836672,62148608,62889984,1188306944,97120256,1655762944,1617858560,1702707200,58933248,59392000,58621952
1460523008,1591836672,62148608,62889984,1188306944,97120256,1619169280,1617858560,1702707200,58933248,59392000,58621952
1189789696,1605439488,62148608,62889984,1188306944,97120256,1619169280,1641570304,1752272896,58933248,59392000,58621952
1189789696,1605439488,62148608,62889984,1188306944,97120256,1693523968,1569320960,1752272896,58933248,59392000,58621952
1513635840,1556766720,62148608,62889984,1188306944,97120256,1691607040,1569325056,1752272896,58933248,59392000,58621952
1513635840,1455828992,62148608,62889984,1188306944,97120256,1419046912,1569325056,1752272896,58933248,59392000,58621952
1513635840,1606332416,62148608,62889984,1188306944,97120256,1419046912,1615228928,1655070720,58933248,59392000,58621952
1264001024,1606332416,62148608,62889984,1188306944,97120256,1619116032,1615228928,1754066944,58933248,59392000,58621952
1465876480,1655898112,62148608,62889984,1188306944,97120256,1619116032,1494974464,1777954816,58933248,59392000,58621952
1465876480,1655898112,62148608,62889984,1188306944,97120256,1679794176,1610862592,1777954816,58933248,59392000,58621952
1513635840,1655898112,62148608,62889984,1188306944,97120256,1679794176,1610862592,1600589824,58933248,59392000,58621952
1513635840,1381617664,62148608,62889984,1188306944,97120256,1679794176,1517125632,1600589824,58933248,59392000,58621952
1513635840,1532121088,62148608,62889984,1188306944,97120256,1734172672,1517125632,1635414016,58933248,59392000,58621952
1226383360,1532121088,62148608,62889984,1188306944,97120256,1734172672,1566691328,1728393216,58933248,59392000,58621952
1476018176,1606336512,62148608,62889984,1188306944,97120256,1467645952,1610862592,1728393216,58933248,59392000,58621952
1476018176,1606336512,62148608,62889984,1188306944,97120256,1667715072,1610862592,1454309376,58933248,59392000,58621952
1497276416,1630224384,62148608,62889984,1188306944,97120256,1667715072,1467559936,1604812800,58933248,59392000,58621952
1497276416,1332056064,62148608,62889984,1188306944,97120256,1667715072,1467559936,1604812800,58933248,59392000,58621952
1250271232,1332056064,62148608,62889984,1188306944,97120256,1667715072,1467559936,1604812800,58933248,59392000,58621952
1250271232,1605443584,62148608,62889984,1188306944,97120256,1667715072,1467559936,1604812800,58933248,59392000,58621952
1389858816,1605443584,62148608,62889984,1188306944,97120256,1702678528,1566691328,1604812800,58933248,59392000,58621952
1463181312,1605443584,62148608,62889984,1188306944,97120256,1702678528,1566691328,1703944192,58933248,59392000,58621952
1463181312,1629331456,62148608,62889984,1188306944,97120256,1535447040,1610862592,1727500288,58933248,59392000,58621952
1498144768,1429266432,62148608,62889984,1188306944,97120256,1701814272,1294905344,1706311680,58933248,59392000,58621952
1189789696,1429266432,62148608,62889984,1188306944,97120256,1701814272,1602392064,1454870528,58933248,59392000,58621952
1189789696,1629335552,62148608,62889984,1188306944,97120256,1555746816,1651904512,1454870528,58933248,59392000,58621952
1506840576,1629335552,62148608,62889984,1188306944,97120256,1704443904,1651904512,1754066944,58933248,59392000,58621952
1506840576,1332060160,62148608,62889984,1188306944,97120256,1704443904,1544540160,1754066944,58933248,59392000,58621952
1510981632,1332060160,62148608,62889984,1188306944,97120256,1704443904,1634750464,1777954816,58933248,59392000,58621952
1226514432,1556779008,62148608,62889984,1188306944,97120256,1706250240,1634750464,1455001600,58933248,59392000,58605568
1226514432,1604554752,62148608,62889984,1188306944,97120256,1605312512,1632362496,1455001600,58933248,59392000,58605568
1476149248,1604554752,62148608,62889984,1188306944,97120256,1742082048,1568374784,1753174016,58933248,59392000,58605568
1476149248,1604538368,62148608,62889984,1188306944,97120256,1742082048,1568374784,1630171136,58933248,59392000,58605568
1499037696,1604538368,62148608,62889984,1188306944,97120256,1692516352,1535619072,1630171136,58933248,59392000,58605568
1439289344,1405378560,62148608,62889984,1188306944,97120256,1692516352,1535619072,1702711296,58933248,59392000,58605568
1439289344,1605447680,62148608,62889984,1188306944,97120256,1692516352,1602392064,1702711296,58933248,59392000,58605568
1214439424,1605447680,62148608,62889984,1188306944,97120256,1692516352,1580371968,1801842688,58933248,59392000,58605568
1488855040,1628442624,62148608,62889984,1188306944,97120256,1702678528,1580371968,1801842688,58933248,59392000,58605568
1488855040,1628442624,62148608,62889984,1188306944,97120256,1702678528,1330737152,1801842688,58933248,59392000,58605568
1512742912,1428373504,62148608,62889984,1188306944,97120256,1594396672,1330737152,1630285824,58933248,59392000,58605568
1437499392,1428373504,62148608,62889984,1188306944,97120256,1704468480,1580371968,1704501248,58933248,59392000,58605568
1437499392,1628442624,62148608,62889984,1188306944,97120256,1704468480,1638223872,1704501248,58933248,59392000,58605568
1214570496,1628442624,62148608,62889984,1188306944,97120256,1668608000,1541877760,1752276992,58933248,59392000,58605568
1464205312,1628442624,62148608,62889984,1188306944,97120256,1668743168,1541877760,1653145600,58933248,59392000,58605568
1497300992,1319223296,62148608,62889984,1188306944,97120256,1668743168,1601523712,1653145600,58933248,59392000,58605568
1534939136,1319223296,62148608,62889984,1188306944,97120256,1717280768,1601523712,1754062848,58933248,59392000,58605568
1534939136,1319223296,62148608,62889984,1188306944,97120256,1642037248,1579503616,1630285824,58933248,59392000,58605568
1250295808,1580666880,62148608,62889984,1188306944,97120256,1642037248,1579503616,1630285824,58933248,59392000,58605568
1250295808,1602818048,62148608,62889984,1188306944,97120256,1619116032,1603260416,1729417216,58933248,59392000,58605568
1499930624,1602818048,62148608,62889984,1188306944,97120256,1746702336,1553694720,1729417216,58933248,59392000,58621952
1499930624,1605144576,62148608,62889984,1188306944,97120256,1746702336,1553694720,1729417216,58933248,59392000,58621952
1499930624,1404485632,62148608,62889984,1188306944,97120256,1692516352,1552715776,1729417216,58933248,59392000,58621952
1513771008,1404485632,62148608,62889984,1188306944,97120256,1692516352,1552715776,1729417216,58933248,59392000,58621952
1214570496,1606340608,62148608,62889984,1188306944,97120256,1692516352,1552715776,1729417216,58933248,59392000,58621952
1336999936,1606340608,62148608,62889984,1188306944,97120256,1692516352,1621938176,1405440000,58933248,59392000,58621952
1336999936,1581563904,62148608,62889984,1188306944,97120256,1716383744,1495986176,1679724544,58933248,59392000,58621952
1499930624,1581563904,62148608,62889984,1188306944,97120256,1468669952,1495986176,1679724544,58933248,59392000,58621952
1544269824,1432866816,62148608,62889984,1188306944,97120256,1718304768,1566691328,1739444224,58933248,59392000,58621952
1544269824,1432866816,62148608,62889984,1188306944,97120256,1718304768,1317056512,1405440000,58933248,59392000,58621952
1189789696,1627549696,62148608,62889984,1188306944,97120256,1718304768,1317056512,1405440000,58933248,59392000,58621952
1189789696,1627549696,62148608,62889984,1188306944,97120256,1718304768,1601523712,1728393216,58933248,59392000,58621952
1463181312,1675325440,62148608,62889984,1188306944,97120256,1569607680,1627148288,1678827520,58933248,59392000,58621952
1463181312,1403723776,62148608,62889984,1188306944,97120256,1701834752,1627148288,1678827520,58933248,59392000,58621952
1498144768,1403723776,62148608,62889984,1188306944,97120256,1701834752,1430806528,1678827520,58933248,59392000,58621952
1238327296,1616498688,62148608,62889984,1188306944,97120256,1754030080,1430806528,1729286144,58933248,59392000,58621952
1238327296,1616498688,62148608,62889984,1188306944,97120256,1754030080,1579503616,1729286144,58933248,59392000,58621952
1438396416,1616498688,62148608,62889984,1188306944,97120256,1594396672,1579503616,1770483712,58933248,59392000,58621952
1438396416,1566932992,62148608,62889984,1188306944,97124352,1700945920,1579503616,1702883328,58933248,59392000,58621952
1487962112,1566932992,62148608,62889984,1188306944,97124352,1700945920,1610862592,1753174016,58933248,59392000,58621952
1487962112,1416429568,62148608,62889984,1188306944,97124352,1654009856,1610862592,1753174016,58933248,59392000,58621952
1463312384,1579769856,62148608,62889984,1188306944,97124352,1654009856,1538248704,1753174016,58933248,59392000,58621952
1213677568,1602789376,62148608,62889984,1188306944,97124352,1703575552,1601523712,1580724224,58933248,59392000,58621952
1213677568,1602789376,62148608,62889984,1188306944,97124352,1703575552,1601523712,1580724224,58933248,59392000,58621952
1511849984,1567956992,62148608,62889984,1188306944,97124352,1476935680,1480372224,1728393216,58933248,59392000,58621952
1511849984,1567956992,62148608,62889984,1188306944,97124352,1700904960,1616400384,1728393216,58933248,59392000,58621952
1511849984,1417453568,62148608,62889984,1188306944,97124352,1700904960,1616400384,1653239808,58933248,59392000,58621952
1511849984,1417453568,62148608,62889984,1188306944,97124352,1726476288,1294905344,1653239808,58933248,59392000,58621952
1189789696,1602813952,62148608,62889984,1188306944,97124352,1726476288,1530630144,1754066944,58933248,59392000,58621952
1439424512,1580797952,62148608,62889984,1188306944,97124352,1699061760,1530630144,1754066944,58933248,59392000,58621952
1498144768,1580797952,62148608,62889984,1188306944,97124352,1701691392,1601523712,1504432128,58933248,59392000,58621952
1510957056,1332060160,62148608,62889984,1188306944,97124352,1701691392,1601523712,1754066944,58933248,59392000,58621952
1510957056,1631121408,62148608,62889984,1188306944,97124352,1718169600,1480372224,1754066944,58933248,59392000,58621952
1226383360,1631121408,62148608,62889984,1188306944,97124352,1718169600,1480372224,1754066944,58933248,59392000,58621952
1226383360,1631121408,62148608,62889984,1188306944,97124352,1742057472,1529937920,1704501248,58933248,59392000,58621952
1476018176,1680687104,62148608,62889984,1188306944,97124352,1541988352,1610862592,1704501248,58933248,59392000,58621952
1510957056,1680687104,62148608,62889984,1188306944,97124352,1663750144,1566691328,1704505344,58933248,59392000,58621952
1510957056,1307279360,62148608,62889984,1188306944,97124352,1663750144,1566691328,1704505344,58933248,59392000,58621952
1510957056,1555886080,62148608,62889984,1188306944,97124352,1663750144,1566691328,1704505344,58933248,59392000,58621952
1285210112,1601925120,62148608,62889984,1188306944,97124352,1700945920,1566691328,1728393216,58933248,59392000,58621952
1285210112,1604554752,62148608,62889984,1188306944,97124352,1700945920,1467559936,1728393216,58933248,59392000,58621952
1534844928,1404485632,62148608,62889984,1188306944,97124352,1727459328,1603260416,1754177536,58933248,59392000,58621952
1499906048,1554989056,62148608,62889984,1188306944,97124352,1727459328,1603260416,1754177536,58933248,59392000,58621952
1499906048,1554989056,62148608,62889984,1188306944,97124352,1579790336,1568428032,1654046720,58933248,59392000,58621952
1214570496,1628442624,62148608,62889984,1188306944,97124352,1579790336,1568428032,1753178112,58933248,59392000,58621952
1214570496,1628442624,62148608,62889984,1188306944,97124352,1678921728,1337671680,1753178112,58933248,59392000,58621952
1487962112,1307279360,62148608,62889984,1188306944,97124352,1678921728,1603260416,1753178112,58933248,59392000,58621952
1487962112,1307279360,62148608,62889984,1188306944,97124352,1653112832,1627148288,1454874624,58933248,59392000,58621952
1488093184,1408217088,62148608,62889984,1188306944,97124352,1653112832,1627148288,1729286144,58933248,59392000,58621952
1189789696,1408217088,62148608,62889984,1188306944,97124352,1702678528,1579712512,1729286144,58933248,59392000,58621952
1189789696,1601925120,62148608,62889984,1188306944,97124352,1702678528,1579712512,1729286144,58933248,59392000,58621952
1439424512,1579905024,62148608,62889984,1188306944,97124352,1752244224,1601523712,1553104896,58933248,59392000,58621952
1439424512,1404485632,62148608,62889984,1188306944,97124352,1619177472,1505021952,1553104896,58933248,59392000,58621952
1485332480,1404485632,62148608,62889984,1188306944,97124352,1619177472,1505021952,1754066944,58933248,59392000,58621952
1473155072,1505423360,62148608,62889984,1188306944,97124352,1692499968,1494974464,1704501248,58933248,59392000,58621952
1473155072,1603657728,62148608,62889984,1188306944,97124352,1692499968,1601523712,1704501248,58933248,59392000,58621952
1213677568,1603657728,62148608,62889984,1188306944,97124352,1655279616,1629069312,1729306624,58933248,59392000,58621952
1213677568,1603657728,62148608,62889984,1188306944,97124352,1667719168,1629069312,1729306624,58933248,59392000,58621952
1497276416,1442103296,62148608,62889984,1188306944,97124352,1667719168,1610862592,1703612416,58933248,59392000,58621952
1497276416,1442103296,62148608,62889984,1188306944,97124352,1654009856,1610862592,1703612416,58933248,59392000,58621952
1497276416,1592606720,62148608,62889984,1188306944,97124352,1717280768,1610862592,1555947520,58933248,59392000,58621952
1400774656,1614757888,62148608,62889984,1188306944,97124352,1717280768,1610862592,1728397312,58933248,59392000,58621952
1400774656,1614757888,62148608,62889984,1188306944,97124352,1717280768,1544540160,1728397312,58933248,59392000,58621952
1400774656,1566928896,62148608,62889984,1188306944,97124352,1717280768,1601523712,1405444096,58933248,59392000,58621952
1499906048,1465991168,62148608,62889984,1188306944,97124352,1593671680,1601523712,1629437952,58933248,59392000,58621952
1499906048,1465991168,62148608,62889984,1188306944,97124352,1700945920,1529937920,1629437952,58933248,59392000,58621952
1523793920,1616494592,62148608,62889984,1188306944,97124352,1603551232,1523093504,1729306624,58933248,59392000,58621952
1274159104,1616494592,62148608,62889984,1188306944,97124352,1603551232,1523093504,1753178112,58933248,59392000,58621952
1274159104,1629331456,62148608,62889984,1188306944,97124352,1667715072,1603260416,1753178112,58933248,59392000,58621952
1525579776,1629331456,62148608,62889984,1188306944,97124352,1701810176,1603260416,1605378048,58933248,59392000,58621952
1525579776,1331314688,62148608,62889984,1188306944,97124352,1701810176,1331499008,1754071040,58933248,59392000,58621952
1525579776,1556779008,62148608,62889984,1188306944,97124352,1556770816,1581133824,1754071040,58933248,59392000,58621952
1525579776,1603686400,62148608,62889984,1188306944,97124352,1556770816,1581133824,1754071040,58933248,59392000,58621952
1275944960,1616498688,62148608,62889984,1188306944,97124352,1556770816,1581133824,1754071040,58933248,59392000,58621952
1476014080,1616498688,62148608,62889984,1188306944,97124352,1730117632,1601523712,1504436224,58933248,59392000,58621952
1476014080,1416429568,62148608,62889984,1188306944,97124352,1730117632,1601523712,1740337152,58933248,59392000,58621952
1525579776,1416429568,62148608,62889984,1188306944,97124352,1569611776,1294905344,1667014656,58933248,59392000,58621952
1525579776,1616498688,62148608,62889984,1188306944,97124352,1520046080,1294905344,1667014656,58933248,59392000,58621952
1499906048,1616498688,62148608,62889984,1188306944,97124352,1520046080,1604153344,1716580352,58933248,59392000,58621952
1189789696,1616498688,62148608,62889984,1188306944,97124352,1704468480,1519755264,1716580352,58933248,59375616,58621952
1189789696,1616498688,62148608,62889984,1188306944,97124352,1693392896,1569320960,1716580352,58933248,59375616,58621952
1475125248,1307279360,62148608,62889984,1188306944,97124352,1693392896,1569320960,1729286144,58933248,59375616,58621952
1475125248,1457782784,62148608,62889984,1188306944,97124352,1693388800,1646534656,1655078912,58933248,59375616,58621952
1497276416,1457782784,62148608,62889984,1188306944,97124352,1693388800,1646534656,1655078912,58933248,59375616,58621952
1497276416,1603686400,62148608,62889984,1188306944,97124352,1704464384,1544540160,1752375296,58933248,59375616,58621952
1189789696,1603686400,62148608,62889984,1188306944,97124352,1493450752,1544540160,1430224896,58933248,59375616,58621952
1475125248,1368784896,62148608,62889984,1188306944,97124352,1693519872,1610862592,1430224896,58933248,59375616,58621952
1475125248,1368784896,62148608,62889984,1188306944,97124352,1693519872,1591443456,1704509440,58933248,59375616,58621952
1508352000,1469722624,62148608,62889984,1188306944,97124352,1712603136,1341808640,1630162944,58933248,59375616,58621952
1508352000,1603657728,62148608,62889984,1188306944,97124352,1479745536,1591443456,1630162944,58933248,59375616,58621952
1261346816,1603657728,62148608,62889984,1188306944,97124352,1479745536,1591443456,1753178112,58933248,59375616,58621952
1411850240,1651433472,62148608,62889984,1188306944,97124352,1729380352,1602416640,1753178112,58933248,59375616,58621952
1411850240,1454047232,62148608,62889984,1188306944,97124352,1729380352,1568374784,1503543296,58933248,59375616,58621952
1510981632,1554984960,62148608,62889984,1188306944,97124352,1679814656,1568374784,1754071040,58933248,59375616,58621952
1521164288,1554984960,62148608,62889984,1188306944,97124352,1580683264,1627152384,1754071040,58933248,59375616,58621952
1521164288,1604550656,62148608,62889984,1188306944,97124352,1580683264,1627152384,1754071040,58933248,59375616,58621952
1226252288,1628438528,62148608,62889984,1188306944,97124352,1717276672,1529937920,1654939648,58933248,59375616,58621952
1488855040,1628438528,62148608,62889984,1188306944,97124352,1569607680,1601523712,1754071040,58933248,59375616,58621952
1488855040,1454940160,62148608,62889984,1188306944,97124352,1569607680,1651036160,1754071040,58933248,59392000,58621952
1488855040,1605443584,62148608,62889984,1188306944,97124352,1668739072,1651036160,1754071040,58933248,59392000,58621952
1512742912,1605443584,62148608,62889984,1188306944,97124352,1703571456,1592184832,1704505344,58933248,59392000,58621952
1512742912,1605443584,62148608,62889984,1188306944,97124352,1643823104,1592184832,1704505344,58933248,59392000,58621952
1263108096,1593499648,62148608,62889984,1188306944,97124352,1643823104,1482002432,1754066944,58933248,59392000,58621952
1512742912,1442996224,62148608,62889984,1188306944,97124352,1693388800,1531568128,1754066944,58933248,59392000,58621952
1512742912,1442996224,62148608,62889984,1188306944,97124352,1693388800,1601523712,1654935552,58933248,59392000,58621952
1512742912,1631117312,62148608,62889984,1188306944,97124352,1704464384,1579503616,1728389120,58933248,59392000,58621952
1523793920,1631117312,62148608,62889984,1188306944,97124352,1704464384,1579503616,1728389120,58933248,59392000,58621952
1189789696,1631117312,62148608,62889984,1188306944,97124352,1704464384,1579503616,1728389120,58933248,59392000,58621952
1189789696,1631117312,62148608,62889984,1188306944,97124352,1704464384,1579503616,1728389120,58933248,59392000,58621952
1475125248,1480613888,62148608,62889984,1188306944,97124352,1569611776,1529937920,1529348096,58933248,59392000,58621952
1497276416,1631117312,62148608,62889984,1188306944,97124352,1701838848,1601523712,1729417216,58933248,59392000,58621952
1497276416,1631117312,62148608,62889984,1188306944,97124352,1701838848,1579503616,1729417216,58933248,59392000,58621952
1452146688,1631117312,62148608,62889984,1188306944,97124352,1630117888,1579503616,1729417216,58933248,59392000,58621952
1189789696,1507340288,62148608,62889984,1188306944,97124352,1778806784,1430806528,1729417216,58933248,59392000,58621952
1189789696,1507340288,62148608,62889984,1188306944,97124352,1778806784,1579503616,1405444096,58933248,59392000,58621952
1463181312,1507340288,62148608,62889984,1188306944,97124352,1778806784,1517125632,1728397312,58933248,59392000,58621952
1463181312,1507340288,62148608,62889984,1188306944,97124352,1778806784,1517125632,1728397312,58933248,59392000,58621952
1529634816,1606828032,62148608,62889984,1188306944,97124352,1795567616,1568296960,1630294016,58933248,59392000,58621952
1430503424,1630715904,62148608,62889984,1188306944,97124352,1701826560,1568296960,1630294016,58933248,59392000,58621952
1280000000,1582936064,62148608,62889984,1188306944,97124352,1701826560,1629069312,1703616512,58933248,59392000,58621952
1529634816,1582936064,62148608,62889984,1188306944,97124352,1751339008,1579503616,1654943744,58933248,59392000,58621952
1529634816,1582936064,62148608,62889984,1188306944,97124352,1751339008,1610862592,1654943744,58933248,59392000,58621952
1476149248,1582936064,62148608,62889984,1188306944,97124352,1544826880,1294905344,1555812352,58933248,59392000,58621952
1411510272,1682067456,62148608,62889984,1188306944,97124352,1544826880,1580240896,1555812352,58933248,59392000,58621952
1411510272,1632501760,62148608,62889984,1188306944,97124352,1682472960,1651904512,1728393216,58933248,59392000,58621952
1251164160,1632501760,62148608,62889984,1188306944,97124352,1727438848,1651904512,1728393216,58933248,59392000,58621952
1500798976,1333444608,62148608,62889984,1188306944,97124352,1727438848,1330737152,1702715392,58933248,59392000,58621952
1500798976,1607729152,62148608,62889984,1188306944,97124352,1394327552,1601523712,1702715392,58933248,59392000,58621952
1500798976,1607729152,62148608,62889984,1188306944,97124352,1394327552,1579503616,1801846784,58933248,59392000,58621952
1376890880,1607729152,62148608,62889984,1188306944,97124352,1679663104,1579503616,1801846784,58933248,59392000,58621952
1226383360,1607729152,62148608,62889984,1188306944,97124352,1701814272,1329868800,1754066944,58933248,59392000,58621952
1226383360,1381982208,62148608,62889984,1188306944,97124352,1701814272,1579503616,1754066944,58933248,59392000,58621952
1499906048,1308663808,62148608,62889984,1188306944,97124352,1630228480,1579503616,1755873280,58933248,59392000,58621952
1499906048,1308663808,62148608,62889984,1188306944,97124352,1679794176,1616400384,1754062848,58933248,59392000,58621952
1510981632,1593102336,62148608,62889984,1188306944,97124352,1679794176,1294905344,1754062848,58933248,59392000,58621952
1563267072,1616990208,62148608,62889984,1188306944,97124352,1702682624,1294905344,1754062848,58933248,59392000,58621952
1201602560,1381982208,62148608,62889984,1188306944,97124352,1702682624,1568374784,1704497152,58933248,59392000,58621952
1451237376,1381982208,62148608,62889984,1188306944,97124352,1653116928,1568374784,1704497152,58933248,59392000,58621952
1451237376,1381982208,62148608,62889984,1188306944,97124352,1653116928,1651036160,1704497152,58933248,59392000,58621952
1496408064,1606832128,62148608,62889984,1188306944,97124352,1700941824,1480372224,1778843648,58933248,59392000,58621952
1498144768,1606832128,62148608,62889984,1188306944,97124352,1700941824,1480372224,1778843648,58933248,59392000,58621952
1414545408,1606832128,62148608,62889984,1188306944,97124352,1700941824,1480372224,1778843648,58933248,59392000,58621952
1414545408,1508593664,62148608,62889984,1188306944,97124352,1678921728,1480372224,1778843648,58933248,59392000,58621952
1424822272,1508593664,62148608,62889984,1188306944,97124352,1678921728,1588711424,1729306624,58933248,59392000,58621952
1488855040,1548324864,62148608,62889984,1188306944,97124352,1478852608,1294905344,1729306624,58933248,59392000,58621952
1488855040,1548324864,62148608,62889984,1188306944,97124352,1727934464,1294905344,1729306624,58933248,59392000,58621952
1439420416,1616986112,62148608,62889984,1188306944,97124352,1728487424,1604128768,1454874624,58933248,59392000,58621952
1439420416,1616990208,62148608,62889984,1188306944,97124352,1716391936,1481240576,1729286144,58933248,59392000,58621952
1239351296,1616990208,62148608,62889984,1188306944,97124352,1716391936,1481240576,1729286144,58933248,59392000,58621952
1488986112,1419599872,62148608,62889984,1188306944,97124352,1741168640,1580371968,1753174016,58933248,59392000,58621952
1499906048,1520537600,62148608,62889984,1188306944,97124352,1741168640,1580371968,1605373952,58933248,59392000,58621952
1499906048,1616142336,62148608,62889984,1188306944,97124352,1715585024,1639092224,1729286144,58933248,59392000,58621952
1499906048,1616142336,62148608,62889984,1188306944,97124352,1592328192,1604509696,1703608320,58933248,59392000,58621952
1499906048,1665654784,62148608,62889984,1188306944,97124352,1592328192,1593077760,1703608320,58933248,59392000,58621952
1189789696,1443618816,62148608,62889984,1188306944,97124352,1700945920,1604153344,1604939776,58933248,59392000,58621952
1487069184,1443618816,62148608,62889984,1188306944,97124352,1654009856,1604153344,1604939776,58933248,59392000,58621952
1487069184,1443618816,62148608,62889984,1188306944,97124352,1453940736,1519755264,1754071040,58933248,59392000,58621952
1487069184,1605935104,62148608,62889984,1188306944,97124352,1453940736,1569320960,1654939648,58933248,59392000,58621952
1213677568,1605935104,62148608,62889984,1188306944,97124352,1703575552,1601523712,1654939648,58933248,59392000,58621952
1329205248,1605935104,62148608,62889984,1188306944,97124352,1750552576,1601523712,1754071040,58933248,59392000,58621952
1329205248,1308663808,62148608,62889984,1188306944,97124352,1453449216,1414029312,1754071040,58933248,59392000,58621952
1498144768,1308663808,62148608,62889984,1188306944,97124352,1703084032,1590448128,1430224896,58933248,59392000,58621952
1498144768,1605046272,62148608,62889984,1188306944,97124352,1703084032,1590448128,1430224896,58933248,59392000,58621952
1463046144,1616121856,62148608,62889984,1188306944,97124352,1653518336,1651036160,1763336192,58933248,59392000,58621952
1463046144,1616121856,62148608,62889984,1188306944,97124352,1653518336,1651036160,1763336192,58933248,59392000,58621952
1238061056,1652289536,62148608,62889984,1188306944,97124352,1667715072,1529937920,1740341248,58933248,59392000,58621952
1507229696,1667596288,62148608,62889984,1188306944,97124352,1667715072,1590448128,1765122048,58933248,59392000,58621952
1507229696,1556373504,62148608,62889984,1188306944,97124352,1665081344,1590448128,1539375104,58933248,59392000,58621952
1389858816,1605939200,62148608,62889984,1188306944,97124352,1764212736,1630027776,1539375104,58933248,59392000,58621952
1389858816,1605939200,62148608,62889984,1188306944,97124352,1764212736,1630027776,1739444224,58933248,59392000,58621952
1189789696,1532616704,62148608,62889984,1188306944,97124352,1764212736,1601523712,1763332096,58933248,59392000,58621952
1474256896,1382113280,62148608,62889984,1188306944,97124352,1665081344,1579503616,1763332096,58933248,59392000,58621952
1496408064,1382113280,62148608,62889984,1188306944,97124352,1665081344,1579503616,1765117952,58933248,59392000,58621952
1496408064,1382113280,62148608,62889984,1188306944,97124352,1679663104,1329868800,1765117952,58933248,59392000,58621952
1474387968,1617883136,62148608,62889984,1188306944,97124352,1679663104,1329868800,1765117952,58933248,59392000,58621952
1224753152,1617883136,62148608,62889984,1188306944,97124352,1679663104,1329868800,1765117952,58933248,59392000,58621952
1224753152,1617883136,62148608,62889984,1188306944,97124352,1679663104,1329868800,1765117952,58933248,59392000,58621952
1487069184,1308663808,62148608,62889984,1188306944,97124352,1754009600,1634750464,1765117952,58933248,59392000,58621952
1487069184,1308663808,62148608,62889984,1188306944,97124352,1754009600,1634750464,1765117952,58933248,59392000,58621952
1509220352,1616990208,62148608,62889984,1188306944,97124352,1742950400,1544540160,1715552256,58933248,59392000,58621952
1412718592,1616990208,62148608,62889984,1188306944,97128448,1742950400,1445408768,1789898752,58933248,59392000,58621952
1412718592,1616994304,62148608,62889984,1188306944,97128448,1542881280,1445408768,1789898752,58933248,59392000,58621952
1262215168,1616994304,62148608,62889984,1188306944,97128448,1742950400,1601523712,1690767360,58933248,59392000,58621952
1511849984,1393926144,62148608,62889984,1188306944,97128448,1742950400,1430810624,1740333056,58933248,59392000,58621952
1511849984,1494863872,62148608,62889984,1188306944,97128448,1792516096,1430810624,1740333056,58933248,59392000,58621952
1511849984,1628065792,62148608,62889984,1188306944,97128448,1542881280,1634750464,1479671808,58933248,59392000,58621952
1473916928,1628065792,62148608,62889984,1188306944,97128448,1643962368,1634750464,1479671808,58933248,59392000,58621952
1250271232,1628065792,62148608,62889984,1188306944,97128448,1751326720,1294905344,1729306624,58933248,59392000,58621952
1250271232,1417814016,62148608,62889984,1188306944,97128448,1751326720,1294905344,1729306624,58933248,59392000,58621952
1515675648,1417814016,62148608,62889984,1188306944,97128448,1654878208,1544540160,1729306624,58933248,59392000,58621952
1515675648,1518751744,62148608,62889984,1188306944,97128448,1728331776,1579503616,1605378048,58933248,59392000,58621952
1517412352,1614356480,62148608,62889984,1188306944,97128448,1728331776,1294905344,1605378048,58933248,59392000,58621952
1267777536,1614356480,62148608,62889984,1188306944,97128448,1701810176,1294905344,1729286144,58933248,59392000,58621952
1267777536,1616093184,62148608,62889984,1188306944,97128448,1701810176,1592184832,1630154752,58933248,59392000,58621952
1467846656,1417945088,62148608,62889984,1188306944,97128448,1580658688,1616072704,1630154752,58933248,59392000,58621952
1489997824,1417945088,62148608,62889984,1188306944,97128448,1679790080,1616072704,1630154752,58933248,59392000,58621952
1489997824,1630720000,62148608,62889984,1188306944,97128448,1679790080,1518862336,1754066944,58933248,59392000,58621952
1491734528,1630720000,62148608,62889984,1188306944,97128448,1727434752,1580240896,1754066944,58933248,59392000,58621952
1292558336,1630720000,62148608,62889984,1188306944,97124352,1727434752,1580240896,1754066944,58933248,59392000,58621952
1492627456,1357479936,62148608,62889984,1188306944,97124352,1630224384,1604128768,1632546816,58933248,59392000,58621952
1492627456,1357479936,62148608,62889984,1188306944,97124352,1693528064,1604128768,1740341248,58933248,59392000,58621952
1502810112,1572401152,62148608,62889984,1188306944,97124352,1693528064,1476083712,1740341248,58933248,59392000,58621952
1426448384,1606832128,62148608,62889984,1188306944,97124352,1619116032,1544540160,1740341248,58933248,59392000,58621952
1275944960,1606832128,62148608,62889984,1188306944,97124352,1712021504,1590448128,1405444096,58933248,59392000,58621952
1275944960,1606832128,62148608,62889984,1188306944,97124352,1712021504,1590448128,1704509440,58933248,59392000,58621952
1500794880,1383043072,62148608,62889984,1188306944,97124352,1734172672,1493053440,1704509440,58933248,59392000,58621952
1500794880,1483980800,62148608,62889984,1188306944,97128448,1394327552,1592184832,1752375296,58933248,59392000,58621952
1524682752,1483980800,62148608,62889984,1188306944,97128448,1667719168,1566691328,1752375296,58933248,59392000,58621952
1564250112,1605971968,62148608,62889984,1188306944,97128448,1667719168,1566691328,1731112960,58933248,59392000,58621952
1189789696,1605971968,62148608,62889984,1188306944,97128448,1701814272,1317056512,1728397312,58933248,59392000,58621952
1189789696,1570373632,62148608,62889984,1188306944,97128448,1701814272,1317056512,1728397312,58933248,59392000,58621952
1475125248,1308807168,62148608,62889984,1188306944,97128448,1701814272,1317056512,1728397312,58933248,59392000,58621952
1497276416,1583087616,62148608,62889984,1188306944,97128448,1701814272,1568296960,1728397312,58933248,59392000,58621952
1497276416,1583087616,62148608,62889984,1188306944,97128448,1630990336,1568296960,1579700224,58933248,59392000,58621952
1250271232,1605238784,62148608,62889984,1188306944,97128448,1581424640,1593077760,1728397312,58933248,59392000,58621952
1250271232,1557409792,62148608,62889984,1188306944,97128448,1581424640,1543512064,1752375296,58933248,59392000,58621952
1450340352,1557409792,62148608,62889984,1188306944,97128448,1728331776,1634750464,1752375296,58933248,59392000,58621952
1499906048,1406906368,62148608,62889984,1188306944,97128448,1688195072,1634750464,1604816896,58933248,59392000,58621952
1522900992,1656541184,62148608,62889984,1188306944,97128448,1688195072,1684316160,1728397312,58933248,59392000,58621952
1522900992,1656541184,62148608,62889984,1188306944,97128448,1728331776,1445408768,1728397312,58933248,59392000,58621952
1406914560,1656541184,62148608,62889984,1188306944,97128448,1702653952,1580240896,1752375296,58933248,59392000,58621952
1245650944,1656541184,62148608,62889984,1188306944,97128448,1702653952,1516965888,1647075328,58933248,59392000,58621952
1439424512,1406906368,62148608,62889984,1188306944,97128448,1653088256,1516965888,1647075328,58933248,59392000,58621952
1439424512,1406906368,62148608,62889984,1188306944,97128448,1714622464,1568374784,1750278144,58933248,59392000,58621952
1497276416,1582919680,62148608,62889984,1188306944,97128448,1665056768,1568374784,1555812352,58933248,59392000,58621952
1499910144,1605218304,62148608,62889984,1188306944,97128448,1665056768,1603260416,1555812352,58933248,59392000,58621952
1499910144,1618030592,62148608,62889984,1188306944,97128448,1749561344,1354518528,1729286144,58933248,59392000,58621952
1250271232,1618030592,62148608,62889984,1188306944,97128448,1749475328,1354518528,1729286144,58933248,59392000,58621952
1250271232,1345400832,62148608,62889984,1188306944,97128448,1749475328,1580240896,1703608320,58933248,59392000,58621952
1499906048,1508741120,62148608,62889984,1188306944,97128448,1667719168,1604128768,1715552256,58933248,59392000,58621952
1464205312,1508741120,62148608,62889984,1188306944,97128448,1667719168,1294905344,1729282048,58933248,59392000,58621952
1464205312,1618919424,62148608,62889984,1188306944,97128448,1734172672,1294905344,1729282048,58933248,59392000,58621952
1189789696,1618919424,62148608,62889984,1188306944,97128448,1734172672,1544540160,1778847744,58933248,59392000,58621952
1326813184,1333587968,62148608,62889984,1188306944,97128448,1734172672,1601523712,1729282048,58933248,59392000,58621952
1326813184,1333587968,62148608,62889984,1188306944,97128448,1734172672,1601523712,1729282048,58933248,59392000,58621952
1510957056,1333587968,62148608,62889984,1188306944,97128448,1734172672,1553694720,1729306624,58933248,59392000,58621952
1534844928,1333587968,62148608,62889984,1188306944,97128448,1442865152,1544540160,1729306624,58933248,59392000,58621952
1189789696,1605238784,62148608,62889984,1188306944,97128448,1692499968,1544540160,1654046720,58933248,59392000,58621952
1189789696,1606975488,62148608,62889984,1188306944,97128448,1692499968,1610862592,1702887424,58933248,59392000,58621952
1439424512,1333456896,62148608,62889984,1188306944,97132544,1715519488,1610862592,1702887424,58933248,59392000,58621952
1487069184,1333456896,62148608,62889984,1188306944,97132544,1705336832,1494974464,1777958912,58933248,59392000,58621952
1487069184,1483960320,62148608,62889984,1188306944,97132544,1552445440,1568374784,1777958912,58933248,59392000,58621952
1463312384,1483960320,62148608,62889984,1188306944,97132544,1552445440,1585184768,1728393216,58933248,59392000,58621952
1463312384,1629970432,62148608,62889984,1188306944,97132544,1716383744,1585184768,1752281088,58933248,59392000,58621952
1238327296,1629970432,62148608,62889984,1188306944,97132544,1716383744,1585184768,1752281088,58933248,59392000,58621952
1238327296,1629970432,62148608,62889984,1188306944,97132544,1716383744,1585184768,1752281088,58933248,59392000,58621952
1512742912,1429901312,62148608,62889984,1188306944,97132544,1716383744,1585184768,1752281088,58933248,59392000,58621952
1512742912,1429901312,62148608,62889984,1188306944,97132544,1716383744,1569189888,1752281088,58933248,59392000,58621952
1512742912,1593241600,62148608,62889984,1188306944,97132544,1593495552,1569189888,1552211968,58933248,59392000,58621952
1263108096,1615392768,62148608,62889984,1188306944,97132544,1593495552,1602416640,1728389120,58933248,59392000,58621952
1413611520,1615392768,62148608,62889984,1188306944,97132544,1705332736,1580396544,1728389120,58933248,59392000,58621952
1413611520,1418981376,62148608,62889984,1188306944,97132544,1705332736,1330761728,1801551872,58933248,59392000,58621952
1512742912,1418981376,62148608,62889984,1188306944,97132544,1776996352,1330761728,1655074816,58933248,59392000,58621952
1512742912,1418981376,62148608,62889984,1188306944,97132544,1394327552,1580396544,1655074816,58933248,59392000,58621952
1535737856,1617129472,62148608,62889984,1188306944,97132544,1394327552,1601523712,1753178112,58933248,59392000,58621952
1226514432,1617129472,62148608,62889984,1188306944,97132544,1693392896,1601523712,1503543296,58933248,59392000,58621952
1226514432,1603215360,62148608,62889984,1188306944,97132544,1704468480,1416126464,1729306624,58933248,59392000,58621952
1422790656,1358368768,62148608,62889984,1188306944,97132544,1645629440,1579503616,1729306624,58933248,59392000,58621952
1422790656,1358368768,62148608,62889984,1188306944,97132544,1645629440,1603260416,1753178112,58933248,59392000,58621952
1513635840,1459306496,62148608,62889984,1188306944,97132544,1443758080,1603260416,1753178112,58933248,59392000,58621952
1513635840,1618026496,62148608,62889984,1188306944,97132544,1443758080,1294905344,1654046720,58933248,59392000,58621952
1264132096,1594269696,62148608,62889984,1188306944,97132544,1701810176,1575309312,1753178112,58933248,59392000,58621952
1264132096,1594269696,62148608,62889984,1188306944,97132544,1701810176,1602392064,1753178112,58933248,59392000,58621952
1513766912,1394200576,62148608,62889984,1188306944,97132544,1654874112,1602392064,1454874624,58933248,59392000,58621952
1513766912,1605185536,62148608,62889984,1188306944,97132544,1704439808,1505890304,1704509440,58933248,59392000,58621952
1513766912,1616261120,62148608,62889984,1188306944,97132544,1704439808,1544540160,1704509440,58933248,59392000,58621952
1552756736,1616261120,62148608,62889984,1188306944,97132544,1704439808,1544540160,1801940992,58933248,59392000,58621952
1552756736,1581428736,62148608,62889984,1188306944,97132544,1616453632,1610862592,1752375296,58933248,59392000,58621952
1340293120,1430925312,62148608,62889984,1188306944,97132544,1616453632,1566691328,1752375296,58933248,59392000,58621952
1340293120,1430925312,62148608,62889984,1188306944,97132544,1715585024,1566691328,1752375296,58933248,59392000,58621952
1499037696,1430925312,62148608,62889984,1188306944,97132544,1715585024,1490214912,1654943744,58933248,59392000,58621952
1499037696,1629073408,62148608,62889984,1188306944,97132544,1593495552,1604153344,1555812352,58933248,59392000,58621952
1365073920,1629073408,62148608,62889984,1188306944,97132544,1593495552,1395843072,1555812352,58933248,59392000,58621952
1365073920,1652961280,62148608,62889984,1188306944,97132544,1643061248,1395843072,1619132416,58933248,59392000,58621952
1365073920,1652961280,62148608,62889984,1188306944,97140736,1643061248,1580240896,1619132416,58933248,59392000,58621952
1487962112,1454813184,62148608,62889984,1188306944,97140736,1742192640,1604128768,1729286144,58933248,59392000,58621952
1499037696,1591451648,62148608,62889984,1188306944,97140736,1604444160,1604128768,1553104896,58933248,59392000,58621952
1499037696,1591451648,62148608,62889984,1188306944,97140736,1604444160,1504997376,1553104896,58933248,59392000,58621952
1214439424,1614471168,62148608,62889984,1188306944,97140736,1693388800,1604153344,1802739712,58933248,59392000,58621952
1414508544,1629204480,62148608,62889984,1188306944,97140736,1693388800,1604153344,1802739712,58933248,59392000,58621952
1414508544,1478701056,62148608,62889984,1188306944,97140736,1693388800,1604153344,1802739712,58933248,59392000,58621952
1508352000,1478701056,62148608,62889984,1188306944,97140736,1704464384,1604153344,1727504384,58933248,59392000,58621952
1508352000,1629204480,62148608,62889984,1188306944,97140736,1704464384,1380777984,1727504384,58933248,59392000,58621952
1510088704,1629204480,62148608,62889984,1188306944,97140736,1493450752,1602416640,1728397312,58933248,59392000,58621952
1201733632,1629204480,62148608,62889984,1188306944,97140736,1693519872,1602416640,1728397312,58933248,59392000,58621952
1201733632,1630859264,62148608,62889984,1188306944,97140736,1765052416,1605959680,1801940992,58933248,59392000,58621952
1451368448,1308807168,62148608,62889984,1188306944,97140736,1765052416,1605959680,1653243904,58933248,59392000,58621952
1498144768,1308807168,62148608,62889984,1188306944,97140736,1394327552,1580240896,1754071040,58933248,59392000,58621952
1463312384,1606082560,62148608,62889984,1188306944,97140736,1394327552,1580371968,1777958912,58933248,59392000,58621952
1463312384,1606082560,62148608,62889984,1188306944,97140736,1715544064,1580371968,1777958912,58933248,59392000,58621952
1238327296,1606082560,62148608,62889984,1188306944,97140736,1715544064,1530806272,1704509440,58933248,59392000,58621952
1487962112,1530839040,62148608,62889984,1188306944,97140736,1717280768,1530806272,1704509440,58933248,59392000,58621952
1487962112,1429901312,62148608,62889984,1188306944,97140736,1394327552,1634750464,1704640512,58933248,59392000,58621952
1496408064,1631756288,62148608,62889984,1188306944,97140736,1394327552,1294905344,1630175232,58933248,59392000,58621952
1463312384,1631756288,62148608,62889984,1188306944,97140736,1679663104,1294905344,1630175232,58933248,59392000,58621952
1213677568,1631756288,62148608,62889984,1188306944,97140736,1679663104,1568374784,1727500288,58933248,59392000,58621952
1213677568,1631756288,62148608,62889984,1188306944,97140736,1701814272,1568374784,1654042624,58933248,59392000,58621952
1441484800,1409744896,62148608,62889984,1188306944,97140736,1693388800,1603260416,1654042624,58933248,59392000,58621952
1441484800,1409744896,62148608,62889984,1188306944,97140736,1667346432,1343188992,1445801984,58933248,59392000,58621952
1497276416,1308807168,62148608,62889984,1188306944,97140736,1667346432,1343188992,1447690240,58933248,59392000,58621952
1543389184,1594138624,62148608,62889984,1188306944,97140736,1461432320,1304981504,1447690240,119283712,163299328,178040832
1543389184,1605214208,62148608,62889984,1188306944,97140736,1439977472,1304981504,1446670336,119283712,163299328,178040832
1250271232,1605214208,62148608,62889984,1188306944,97140736,1439977472,1304981504,1446670336,90173440,92188672,90439680
1499906048,1558437888,62148608,62889984,1188306944,97140736,1439977472,1304981504,1446670336,90173440,92188672,90439680
1499906048,1358368768,62148608,62889984,1188306944,171573248,1439977472,1304981504,1446670336,90173440,92188672,90439680
1534844928,1583087616,62148608,62889984,1248854016,171573248,1439977472,1304981504,1446670336,90173440,92188672,90439680
1534844928,1583087616,62148608,62889984,1248854016,128290816,1439977472,1304981504,1446670336,90173440,92188672,90439680
1189789696,1605238784,62148608,62889984,1248854016,99205120,1439977472,1304981504,1446670336,90173440,92188672,90439680
1290727424,1605238784,62148608,62889984,1291329536,99205120,1439977472,1304981504,1446670336,90173440,92188672,90439680
1488855040,1484091392,62148608,62889984,1291329536,99205120,1439977472,1304981504,1446670336,90173440,92188672,90439680
1488855040,1333587968,62148608,62889984,1291329536,99205120,1439977472,1304981504,1446670336,90173440,92188672,90439680
1499930624,1333587968,62148608,62889984,1291329536,99205120,1439977472,1304981504,1446670336,90173440,92188672,90439680
1560518656,1594138624,62148608,62889984,1291329536,99205120,1439977472,1304981504,1446670336,90173440,92188672,90439680
1189789696,1605214208,62148608,62889984,1291329536,99205120,1439977472,1304981504,1446670336,90173440,92188672,90439680
1389858816,1605214208,62148608,62889984,1291329536,99205120,1439977472,1304981504,1446670336,90173440,92188672,90439680
1389858816,1545465856,62148608,62889984,1291329536,99205120,1439977472,1304981504,1446670336,90173440,92188672,90439680
1487962112,1394962432,62148608,62889984,1291329536,99205120,1439977472,1304981504,1446670336,90173440,92188672,90439680
1510113280,1412018176,62148608,62889984,1291329536,99205120,1439977472,1304981504,1446670336,90173440,92188672,90439680
1510113280,1412018176,62148608,62889984,1291329536,99205120,1439977472,1304981504,1446670336,90173440,92188672,90439680
1263108096,1605214208,62148608,62889984,1291329536,99205120,1439977472,1304981504,1446670336,90173440,92188672,90439680
1263108096,1605214208,62148608,62889984,1291329536,99205120,1439977472,1304981504,1446670336,90173440,92188672,90439680
1263108096,1568460800,62148608,62889984,1291329536,99205120,1439977472,1304981504,1446670336,90173440,92188672,90439680
1512742912,1308807168,62148608,62889984,1291329536,99205120,1439977472,1304981504,1446670336,90173440,92188672,90439680
1512742912,1308807168,62148608,62889984,1291329536,99205120,1439977472,1304981504,1446670336,90173440,92188672,90443776
1512742912,1594138624,62148608,62889984,1291329536,99205120,1439977472,1304981504,1446670336,90173440,92188672,90443776
1189789696,1605214208,62148608,62889984,1291329536,99205120,1439977472,1304981504,1446670336,90173440,92188672,90443776
1389858816,1394962432,62148608,62889984,1291329536,99205120,1439977472,1304981504,1446670336,90173440,92188672,90443776
1497276416,1394962432,62148608,62889984,1291329536,99205120,1439977472,1304981504,1446670336,90173440,92188672,90443776
1499013120,1394962432,62148608,62889984,1291329536,99205120,1439977472,1304981504,1446670336,90173440,92188672,90443776
1499013120,1617158144,62148608,62889984,1291329536,99205120,1439977472,1304981504,1446670336,90173440,92188672,90443776
1250271232,1617158144,62148608,62889984,1291329536,99205120,1439977472,1304981504,1446670336,90173440,92188672,90443776
1250271232,1582325760,62148608,62889984,1291329536,99205120,1439977472,1304981504,1446670336,90173440,92188672,90443776
1499906048,1382256640,62148608,62889984,1291329536,99205120,1439977472,1304981504,1446670336,90173440,92188672,90443776
1499906048,1382256640,62148608,62889984,1291329536,99205120,1439977472,1304981504,1446670336,90173440,92188672,90443776
1499906048,1632653312,62148608,62889984,1291329536,99209216,1439977472,1304981504,1446670336,90173440,92188672,90443776
1499906048,1632653312,62148608,62889984,1291329536,99209216,1439977472,1304981504,1446670336,90173440,92188672,90443776
1238327296,1632653312,62148608,62889984,1291329536,99209216,1439977472,1304981504,1446670336,90173440,92188672,90443776
1238327296,1632653312,62148608,62889984,1291329536,99209216,1439977472,1304981504,1446670336,90173440,92188672,90443776
1438396416,1533521920,62148608,62889984,1291329536,99209216,1439977472,1304981504,1446670336,90173440,92188672,90443776
1511849984,1308807168,62148608,62889984,1291329536,99209216,1439977472,1304981504,1446670336,90173440,92188672,90447872
1511849984,1606979584,62148608,62889984,1291329536,99209216,1439977472,1304981504,1446670336,90173440,92188672,90447872
1462284288,1606979584,62148608,62889984,1291329536,99209216,1439977472,1304981504,1446670336,90173440,92188672,90447872
1462284288,1606979584,62148608,62889984,1291329536,99209216,1439977472,1304981504,1446670336,90173440,92188672,90447872
1262215168,1630867456,62148608,62889984,1291329536,99213312,1439977472,1304981504,1446670336,90173440,92188672,90447872
1511849984,1358237696,62148608,62889984,1291329536,99213312,1439977472,1304981504,1446670336,90173440,92188672,90447872
1532264448,1358237696,62148608,62889984,1291329536,99213312,1439977472,1304981504,1446670336,90173440,92188672,90447872
1532264448,1459175424,62148608,62889984,1291329536,99213312,1439977472,1304981504,1446670336,90173440,92188672,90447872
1532264448,1459175424,62148608,62889984,1291329536,99213312,1439977472,1304981504,1446670336,90173440,92188672,90447872
1282629632,1606078464,62148608,62889984,1291329536,99213312,1439977472,1304981504,1446670336,90173440,92188672,90447872
1532264448,1606078464,62148608,62889984,1291329536,99213312,1439977472,1304981504,1446670336,90173440,92188672,90447872
1532264448,1557405696,62148608,62889984,1291329536,99213312,1439977472,1304981504,1446670336,90173440,92188672,90447872
1485332480,1456467968,62148608,62889984,1291329536,98213888,1439977472,1304981504,1446670336,90173440,92192768,90435584
1475153920,1456467968,62148608,62889984,1291329536,98213888,1439977472,1304981504,1446670336,90173440,92192768,90435584
1475153920,1606971392,62148608,62889984,1291329536,98213888,1439977472,1304981504,1446670336,90173440,92192768,90451968
1214439424,1606971392,62148608,62889984,1291329536,98213888,1439977472,1304981504,1446670336,90173440,92192768,90451968
1414508544,1606971392,62148608,62889984,1291329536,98213888,1439977472,1304981504,1446670336,90173440,92192768,90451968
1510957056,1456467968,62148608,62889984,1291329536,98213888,1439977472,1304981504,1446670336,90173440,92192768,90451968
1510957056,1456467968,62148608,62889984,1291329536,98213888,1439977472,1304981504,1446670336,90173440,92192768,90451968
1534844928,1606971392,62148608,62889984,1291329536,98213888,1439977472,1304981504,1446670336,90173440,92192768,90451968
1534844928,1656537088,62148608,62889984,1291329536,98213888,1439977472,1304981504,1446670336,90173440,92192768,90451968
1249509376,1656537088,62148608,62889984,1291329536,98213888,1439977472,1304981504,1446670336,90173440,92192768,90451968
1249509376,1606971392,62148608,62889984,1291329536,98213888,1439977472,1304981504,1446670336,90173440,92196864,90456064
1499144192,1606971392,62148608,62889984,1291329536,98213888,1439977472,1304981504,1446670336,90173440,92196864,90456064
1499144192,1383149568,62148608,62889984,1291329536,98213888,1439977472,1304981504,1446670336,90173440,92196864,90456064
1499144192,1383149568,62148608,62889984,1291329536,98213888,1439977472,1304981504,1446670336,90173440,92196864,90456064
1450340352,1606971392,62148608,62889984,1291329536,98213888,1439977472,1304981504,1446670336,90173440,92196864,90460160
1250271232,1606971392,62148608,62889984,1291329536,98213888,1439977472,1304981504,1446670336,90173440,92196864,90460160
1250271232,1606971392,62148608,62889984,1291329536,98213888,1439977472,1304981504,1446670336,90173440,92196864,90460160
1512742912,1482141696,62148608,62889984,1291329536,98213888,1439977472,1304981504,1446670336,90173440,92196864,90460160
1512742912,1482141696,62148608,62889984,1291329536,98213888,1439977472,1304981504,1446670336,90173440,92196864,90460160
1536630784,1583079424,62148608,62889984,1291329536,98213888,1439977472,1304981504,1446670336,90173440,92196864,90460160
1536630784,1583079424,62148608,62889984,1291329536,98213888,1439977472,1304981504,1446670336,90173440,92196864,90460160
1189789696,1605230592,62148608,62889984,1291329536,98213888,1439977472,1304981504,1446670336,90173440,92196864,90460160
1463181312,1634455552,62148608,62889984,1291329536,98213888,1439977472,1304981504,1446670336,90173440,92196864,90460160
1463181312,1634455552,62148608,62889984,1291329536,98213888,1439977472,1304981504,1446670336,90173440,92196864,90460160
1498144768,1432580096,62148608,62889984,1291329536,98213888,1439977472,1304981504,1446670336,90173440,92196864,90460160
1438396416,1607864320,62148608,62889984,1291329536,98217984,1439977472,1304981504,1446670336,90173440,92196864,90464256
1438396416,1607864320,62148608,62889984,1291329536,98217984,1439977472,1304981504,1446670336,90173440,92196864,90464256
1238327296,1607864320,62148608,62889984,1291329536,98217984,1439977472,1304981504,1446670336,90173440,92196864,90464256
1487962112,1631752192,62148608,62889984,1291329536,98217984,1439977472,1304981504,1446670336,90173440,92196864,90464256
1487962112,1631752192,62148608,62889984,1291329536,98217984,1439977472,1304981504,1446670336,90173440,92196864,90464256
1498144768,1383149568,62148608,62889984,1291329536,98217984,1439977472,1304981504,1446670336,90177536,92196864,90464256
1498144768,1606971392,62148608,62889984,1291329536,98222080,1439977472,1304981504,1446670336,90177536,92196864,90464256
1248509952,1606971392,62148608,62889984,1291329536,98222080,1439977472,1304981504,1446670336,90177536,92196864,90464256
1248509952,1606971392,62148608,62889984,1291329536,98222080,1439977472,1304981504,1446670336,90177536,92196864,90464256
1448579072,1407930368,62148608,62889984,1291329536,98222080,1439977472,1304981504,1446670336,90177536,92196864,90464256
1498144768,1407930368,62148608,62889984,1291329536,98222080,1439977472,1304981504,1446670336,90177536,92196864,90464256
1500282880,1407930368,62148608,62889984,1291329536,98222080,1439977472,1304981504,1446670336,90177536,92196864,90464256
1388830720,1618022400,62148608,62889984,1291329536,98234368,1439977472,1304981504,1446670336,90177536,92196864,90464256
1238327296,1665798144,62148608,62889984,1291329536,98234368,1439977472,1304981504,1446670336,90177536,92196864,90468352
1487962112,1665798144,62148608,62889984,1291329536,98222080,1439977472,1304981504,1446670336,90177536,92196864,90468352
1498144768,1443762176,62148608,62889984,1291329536,98222080,1439977472,1304981504,1446670336,90177536,92196864,90468352
1498144768,1576767488,62148608,62889984,1291329536,98222080,1439977472,1304981504,1446670336,90177536,92200960,90468352
1522900992,1576767488,62148608,62889984,1291329536,98222080,1439977472,1304981504,1446670336,90177536,92200960,90472448
1214439424,1643831296,62148608,62889984,1291329536,98222080,1439977472,1304981504,1446670336,90177536,92200960,90472448
1214439424,1643831296,62148608,62889984,1291329536,98222080,1439977472,1304981504,1446670336,90177536,92200960,90472448
1464074240,1544704000,62148608,62889984,1291329536,98222080,1439977472,1304981504,1446670336,90181632,92200960,90472448
1510957056,1544704000,62148608,62889984,1291329536,98222080,1439977472,1304981504,1446670336,90181632,92200960,90472448
1510957056,1544704000,62148608,62889984,1291329536,98222080,1439977472,1304981504,1446670336,90181632,92200960,90472448
1412718592,1544704000,62148608,62889984,1291329536,98222080,1439977472,1304981504,1446670336,90181632,92200960,90472448
1412718592,1607868416,62148608,62889984,1291329536,98226176,1439977472,1304981504,1446670336,90181632,92200960,90472448
1262215168,1631756288,62148608,62889984,1291329536,98226176,1439977472,1304981504,1446670336,90181632,92200960,90472448
1524686848,1333460992,62148608,62889984,1291329536,98226176,1439977472,1304981504,1446670336,90181632,92200960,90472448
1524686848,1333460992,62148608,62889984,1291329536,98226176,1439977472,1304981504,1446670336,90181632,92200960,90472448
1524686848,1533526016,62148608,62889984,1291329536,98226176,1439977472,1304981504,1446670336,90181632,92200960,90472448
1475121152,1533526016,62148608,62889984,1291329536,98230272,1439977472,1304981504,1446670336,90181632,92184576,90472448
1475121152,1607872512,62148608,62889984,1291329536,98230272,1439977472,1304981504,1446670336,90181632,92184576,90472448
1275052032,1631760384,62148608,62889984,1291329536,98230272,1439977472,1304981504,1446670336,90181632,92184576,90472448
1275052032,1631760384,62148608,62889984,1291329536,98230272,1439977472,1304981504,1446670336,90181632,92184576,90472448
1498116096,1431691264,62148608,62889984,1291329536,98230272,1439977472,1304981504,1446670336,90181632,92200960,90472448
1522003968,1631760384,62148608,62889984,1291329536,98230272,1439977472,1304981504,1446670336,90181632,92200960,90472448
1522003968,1631760384,62148608,62889984,1291329536,98230272,1439977472,1304981504,1446670336,90181632,92200960,90472448
1298939904,1631760384,62148608,62889984,1291329536,98230272,1439977472,1304981504,1446670336,90181632,92200960,90472448
1298939904,1631760384,62148608,62889984,1291329536,98230272,1439977472,1304981504,1446670336,90181632,92200960,90472448
1548574720,1370185728,62148608,62889984,1291329536,98230272,1439977472,1304981504,1446670336,90181632,92200960,90476544
1548574720,1370185728,62148608,62889984,1291329536,98230272,1439977472,1304981504,1446670336,90181632,92200960,90476544
1548574720,1370185728,62148608,62889984,1291329536,98230272,1439977472,1304981504,1446670336,90181632,92200960,90476544
1548574720,1603452928,62148608,62889984,1291329536,98230272,1439977472,1304981504,1446670336,90181632,92200960,90476544
1298939904,1605189632,62148608,62889984,1291329536,98230272,1439977472,1304981504,1446670336,90181632,92200960,90476544
1298939904,1605189632,62148608,62889984,1291329536,98230272,1439977472,1304981504,1446670336,90181632,92200960,90476544
1499009024,1455579136,62148608,62889984,1291329536,98230272,1439977472,1304981504,1446670336,90181632,92200960,90476544
1499033600,1455579136,62148608,62889984,1291329536,98230272,1439977472,1304981504,1446670336,90181632,92200960,90480640
1499033600,1606082560,62148608,62889984,1291329536,98234368,1439977472,1304981504,1446670336,90181632,92200960,90480640
1414504448,1606082560,62148608,62889984,1291329536,98234368,1439977472,1304981504,1446670336,90181632,92200960,90480640
1189789696,1618026496,62148608,62889984,1291329536,98234368,1439977472,1304981504,1446670336,90181632,92200960,90480640
1189789696,1664704512,62148608,62889984,1291329536,98234368,1439977472,1304981504,1446670336,90181632,92200960,90480640
1475125248,1467523072,62148608,62889984,1291329536,98234368,1439977472,1304981504,1446670336,90181632,92205056,90480640
1475125248,1467523072,62148608,62889984,1291329536,98234368,1439977472,1304981504,1446670336,90181632,92205056,90480640
1497276416,1618026496,62148608,62889984,1291329536,98234368,1439977472,1304981504,1446670336,90181632,92205056,90480640
1497276416,1618026496,62148608,62889984,1291329536,98234368,1439977472,1304981504,1446670336,90181632,92205056,90484736
1250271232,1618026496,62148608,62889984,1291329536,98234368,1439977472,1304981504,1446670336,90181632,92205056,90484736
1400774656,1669398528,62148608,62889984,1291329536,98234368,1439977472,1304981504,1446670336,90181632,92205056,90484736
1400774656,1669398528,62148608,62889984,1291329536,98234368,1439977472,1304981504,1446670336,90181632,92205056,90484736
1499906048,1383153664,62148608,62889984,1291329536,98234368,1439977472,1304981504,1446670336,90181632,92205056,90484736
1499906048,1383153664,62148608,62889984,1291329536,98234368,1439977472,1304981504,1446670336,90181632,92205056,90484736
1373380608,1606975488,62148608,62889984,1291329536,98234368,1439977472,1304981504,1446670336,90181632,92205056,90484736
1373380608,1630863360,62148608,62889984,1291329536,98234368,1439977472,1304981504,1446670336,90181632,92205056,90484736
1222877184,1630863360,62148608,62889984,1291329536,98234368,1439977472,1304981504,1446670336,90181632,92205056,90484736
1499906048,1480359936,62148608,62889984,1291329536,98234368,1439977472,1304981504,1446670336,90181632,92205056,90484736
1499906048,1581297664,62148608,62889984,1291329536,98234368,1439977472,1304981504,1446670336,90181632,92205056,90484736
1499906048,1630863360,62148608,62889984,1291329536,98234368,1439977472,1304981504,1446670336,90181632,92205056,90484736
1523793920,1630863360,62148608,62889984,1291329536,98234368,1439977472,1304981504,1446670336,90181632,92209152,90484736
1189789696,1630863360,62148608,62889984,1291329536,98234368,1439977472,1304981504,1446670336,90181632,92209152,90484736
1189789696,1630863360,62148608,62889984,1291329536,98234368,1439977472,1304981504,1446670336,90181632,92213248,90484736
1464074240,1344643072,62148608,62889984,1291329536,98234368,1439977472,1304981504,1446670336,90181632,92213248,90484736
1464074240,1344643072,62148608,62889984,1291329536,98234368,1439977472,1304981504,1446670336,90181632,92213248,90484736
1497300992,1618927616,62148608,62889984,1291329536,98234368,1439977472,1304981504,1446670336,90181632,92213248,90484736
1499037696,1642815488,62148608,62889984,1291329536,98234368,1439977472,1304981504,1446670336,90181632,92213248,90484736
1189789696,1666703360,62148608,62889984,1291329536,98234368,1439977472,1304981504,1446670336,90181632,92213248,90484736
1340293120,1632788480,62148608,62889984,1291329536,98234368,1439977472,1304981504,1446670336,90181632,92213248,90484736
1340293120,1632788480,62148608,62889984,1291329536,98234368,1439977472,1304981504,1446670336,90181632,92213248,90484736
1487069184,1618898944,62148608,62889984,1291329536,98234368,1439977472,1304981504,1446670336,90181632,92213248,90484736
1381933056,1617137664,62148608,62889984,1291329536,98234368,1439977472,1304981504,1446670336,90181632,92213248,90484736
1381933056,1617137664,62148608,62889984,1291329536,98234368,1439977472,1304981504,1446670336,90181632,92213248,90484736
1189789696,1507983360,62148608,62889984,1291329536,98234368,1439977472,1304981504,1446670336,90181632,92213248,90484736
1496408064,1357479936,62148608,62889984,1291329536,98234368,1439977472,1304981504,1446670336,90185728,92213248,90484736
1496408064,1357479936,62148608,62889984,1291329536,98234368,1439977472,1304981504,1446670336,90185728,92213248,90484736
1474387968,1583091712,62148608,62889984,1291329536,98234368,1439977472,1304981504,1446670336,90185728,92213248,90484736
1224753152,1583091712,62148608,62889984,1291329536,98234368,1439977472,1304981504,1446670336,90185728,92213248,90484736
1224753152,1605242880,62148608,62889984,1291329536,98234368,1439977472,1304981504,1446670336,90185728,92213248,90484736
1371754496,1484091392,62148608,62889984,1291329536,98234368,1439977472,1304981504,1446670336,90185728,92213248,90484736
1371754496,1484091392,62148608,62889984,1291329536,98234368,1439977472,1304981504,1446670336,90185728,92213248,90484736
1499037696,1546571776,62148608,62889984,1291329536,98234368,1439977472,1304981504,1446670336,90185728,92213248,90484736
1535737856,1546571776,62148608,62889984,1291329536,98234368,1439977472,1304981504,1446670336,90185728,92213248,90484736
1535737856,1605214208,62148608,62889984,1291329536,98238464,1439977472,1304981504,1446670336,90185728,92213248,90484736
1214570496,1533521920,62148608,62889984,1291329536,98238464,1439977472,1304981504,1446670336,90185728,92213248,90484736
1414639616,1533521920,62148608,62889984,1291329536,98238464,1439977472,1304981504,1446670336,90185728,92213248,90484736
1414639616,1533521920,62148608,62889984,1291329536,98238464,1439977472,1304981504,1446670336,90185728,92213248,90484736
1511849984,1533521920,62148608,62889984,1291329536,98238464,1439977472,1304981504,1446670336,90185728,92213248,90484736
1559625728,1607868416,62148608,62889984,1291329536,98238464,1439977472,1304981504,1446670336,90185728,92213248,90484736
1238458368,1607868416,62148608,62889984,1291329536,98238464,1439977472,1304981504,1446670336,90185728,92213248,90484736
1238458368,1625264128,62148608,62889984,1291329536,98238464,1439977472,1304981504,1446670336,90185728,92213248,90484736
1438527488,1333592064,62148608,62889984,1291329536,98238464,1439977472,1304981504,1446670336,90185728,92213248,90488832
1497276416,1333592064,62148608,62889984,1291329536,98238464,1439977472,1304981504,1446670336,90185728,92213248,90488832
1497276416,1606979584,62148608,62889984,1291329536,98238464,1439977472,1304981504,1446670336,90185728,92213248,90488832
1497276416,1606979584,62148608,62889984,1291329536,98238464,1439977472,1304981504,1446670336,90185728,92213248,90488832
1225621504,1606979584,62148608,62889984,1291329536,98238464,1439977472,1304981504,1446670336,90185728,92213248,90488832
1225621504,1308811264,62148608,62889984,1291329536,98238464,1439977472,1304981504,1446670336,90185728,92213248,90488832
1475256320,1308811264,62148608,62889984,1291329536,98238464,1439977472,1304981504,1446670336,90185728,92213248,90488832
1496408064,1308811264,62148608,62889984,1291329536,98238464,1439977472,1304981504,1446670336,90189824,92213248,90488832
1496408064,1582202880,62148608,62889984,1291329536,98238464,1439977472,1304981504,1446670336,90189824,92213248,90488832
1523953664,1604354048,62148608,62889984,1291329536,98238464,1439977472,1304981504,1446670336,90189824,92213248,90488832
1238327296,1606090752,62148608,62889984,1291329536,98238464,1439977472,1304981504,1446670336,90189824,92213248,90488832
1238327296,1356455936,62148608,62889984,1291329536,98238464,1439977472,1304981504,1446670336,90189824,92213248,90488832
1488855040,1356455936,62148608,62889984,1291329536,98238464,1439977472,1304981504,1446670336,90189824,92213248,90488832
1512742912,1567232000,62148608,62889984,1291329536,98238464,1439977472,1304981504,1446670336,90189824,92213248,90488832
1512742912,1607872512,62148608,62889984,1291329536,98238464,1439977472,1304981504,1446670336,90189824,92213248,90488832
1536630784,1618948096,62148608,62889984,1291329536,98238464,1439977472,1304981504,1446670336,90189824,92213248,90488832
1536630784,1618948096,62148608,62889984,1291329536,98242560,1439977472,1304981504,1446670336,90189824,92213248,90488832
1214439424,1418878976,62148608,62889984,1291329536,98242560,1439977472,1304981504,1446670336,90189824,92213248,90488832
1499013120,1418878976,62148608,62889984,1291329536,98242560,1439977472,1304981504,1446670336,90189824,92213248,90488832
1499013120,1519816704,62148608,62889984,1291329536,98242560,1439977472,1304981504,1446670336,90189824,92213248,90488832
1499013120,1604345856,62148608,62889984,1291329536,98242560,1439977472,1304981504,1446670336,90189824,92213248,90492928
1400774656,1606082560,62148608,62889984,1291329536,98242560,1439977472,1304981504,1446670336,90189824,92213248,90492928
1250271232,1606082560,62148608,62889984,1291329536,98242560,1439977472,1304981504,1446670336,90189824,92213248,90492928
1250271232,1333592064,62148608,62889984,1291329536,98242560,1439977472,1304981504,1446670336,90189824,92213248,90492928
1499906048,1333592064,62148608,62889984,1291329536,98242560,1439977472,1304981504,1446670336,90189824,92217344,90492928
1499906048,1434529792,62148608,62889984,1291329536,98242560,1439977472,1304981504,1446670336,90189824,92217344,90492928
1499906048,1434529792,62148608,62889984,1291329536,98242560,1439977472,1304981504,1446670336,90189824,92217344,90492928
1499906048,1607872512,62148608,62889984,1291329536,98242560,1439977472,1304981504,1446670336,90189824,92217344,90492928
1189789696,1532628992,62148608,62889984,1291329536,98242560,1439977472,1304981504,1446670336,90189824,92217344,90492928
1189789696,1358372864,62148608,62889984,1291329536,98242560,1439977472,1304981504,1446670336,90189824,92217344,90492928
1451237376,1358372864,62148608,62889984,1291329536,98242560,1439977472,1304981504,1446670336,90189824,92217344,90492928
1451237376,1508880384,62148608,62889984,1291329536,98242560,1439977472,1304981504,1446670336,90189824,92217344,90492928
1485332480,1606979584,62148608,62889984,1291329536,98242560,1439977472,1304981504,1446670336,90189824,92217344,90492928
1477824512,1606979584,62148608,62889984,1291329536,98242560,1439977472,1304981504,1446670336,90189824,92217344,90492928
1477824512,1583222784,62148608,62889984,1291329536,98242560,1439977472,1304981504,1446670336,90189824,92217344,90492928
1376886784,1383153664,62148608,62889984,1291329536,98242560,1439977472,1304981504,1446670336,90189824,92217344,90492928
1476018176,1383153664,62148608,62889984,1291329536,98242560,1439977472,1304981504,1446670336,90189824,92217344,90492928
1476018176,1607872512,62148608,62889984,1291329536,98242560,1439977472,1304981504,1446670336,90189824,92217344,90492928
1508352000,1607872512,62148608,62889984,1291329536,98242560,1439977472,1304981504,1446670336,90189824,92217344,90492928
1461415936,1631760384,62148608,62889984,1291329536,98242560,1439977472,1304981504,1446670336,90189824,92217344,90492928
1461415936,1631760384,62148608,62889984,1291329536,98242560,1439977472,1304981504,1446670336,90189824,92217344,90492928
1189789696,1358372864,62148608,62889984,1291329536,98242560,1439977472,1304981504,1446670336,90189824,92217344,90492928
1463181312,1606082560,62148608,62889984,1291329536,98242560,1439977472,1304981504,1446670336,90189824,92217344,90492928
1498144768,1618026496,62148608,62889984,1291329536,98242560,1439977472,1304981504,1446670336,90189824,92217344,90492928
1498144768,1641914368,62148608,62889984,1291329536,98242560,1439977472,1304981504,1446670336,90189824,92217344,90492928
1224753152,1443766272,62148608,62889984,1291329536,98242560,1439977472,1304981504,1446670336,90189824,92217344,90492928
1224753152,1443766272,62148608,62889984,1291329536,97218560,1439977472,1304981504,1446670336,90189824,92217344,90492928
1475125248,1544704000,62148608,62889984,1291329536,97218560,1439977472,1304981504,1446670336,90189824,92217344,90492928
1475125248,1594269696,62148608,62889984,1291329536,97218560,1439977472,1304981504,1446670336,90189824,92217344,90492928
1497276416,1605214208,62148608,62889984,1291329536,97218560,1439977472,1304981504,1446670336,90189824,92217344,90492928
1472925696,1607868416,62148608,62889984,1291329536,97218560,1439977472,1304981504,1446670336,90189824,92217344,90492928
1226383360,1457364992,62148608,62889984,1291329536,97218560,1439977472,1304981504,1446670336,90189824,92217344,90492928
1226383360,1457364992,62148608,62889984,1291329536,97218560,1439977472,1304981504,1446670336,90189824,92217344,90492928
1476018176,1607868416,62148608,62889984,1291329536,97218560,1439977472,1304981504,1446670336,90189824,92217344,90492928
1485332480,1607868416,62148608,62889984,1291329536,97218560,1439977472,1304981504,1446670336,90189824,92217344,90492928
1485332480,1631756288,62148608,62889984,1291329536,97218560,1439977472,1304981504,1446670336,90189824,92217344,90492928
1426452480,1643405312,62148608,62889984,1291329536,97218560,1439977472,1304981504,1446670336,90189824,92217344,90492928
1226383360,1643405312,62148608,62889984,1291329536,97218560,1439977472,1304981504,1446670336,90189824,92217344,90492928
1226383360,1481261056,62148608,62889984,1291329536,97222656,1439977472,1304981504,1446670336,90189824,92217344,90492928
1476018176,1631764480,62148608,62889984,1291329536,97222656,1439977472,1304981504,1446670336,90189824,92217344,90492928
1476018176,1631764480,62148608,62889984,1291329536,97222656,1439977472,1304981504,1446670336,90189824,92217344,90492928
1499013120,1631764480,62148608,62889984,1291329536,97222656,1439977472,1304981504,1446670336,90189824,92217344,90492928
1376886784,1407942656,62148608,62889984,1291329536,97222656,1439977472,1304981504,1446670336,90189824,92217344,90492928
1226383360,1407942656,62148608,62889984,1291329536,97222656,1439977472,1304981504,1446670336,90189824,92217344,90492928
1226383360,1597284352,62148608,62889984,1291329536,97222656,1439977472,1304981504,1446670336,90189824,92217344,90497024
1476018176,1608011776,62148608,62889984,1291329536,97222656,1439977472,1304981504,1446670336,90189824,92217344,90497024
1497276416,1608011776,62148608,62889984,1291329536,97222656,1439977472,1304981504,1446670336,90189824,92217344,90497024
1450340352,1608011776,62148608,62889984,1291329536,97222656,1439977472,1304981504,1446670336,90189824,92217344,90497024
1450340352,1508880384,62148608,62889984,1291329536,97222656,1439977472,1304981504,1446670336,90189824,92217344,90497024
1214439424,1508880384,62148608,62889984,1291329536,97222656,1439977472,1304981504,1446670336,90189824,92217344,90497024
1464074240,1434537984,62148608,62889984,1291329536,97222656,1439977472,1304981504,1446670336,90189824,92217344,90497024
1464074240,1616326656,62148608,62889984,1291329536,97222656,1439977472,1304981504,1446670336,90189824,92217344,90497024
1510113280,1616326656,62148608,62889984,1291329536,97222656,1439977472,1304981504,1446670336,90189824,92217344,90497024
1488093184,1618063360,62148608,62889984,1291329536,97226752,1439977472,1304981504,1446670336,90189824,92217344,90497024
1488093184,1308819456,62148608,62889984,1291329536,97226752,1439977472,1304981504,1446670336,90189824,92217344,90497024
1263108096,1409757184,62148608,62889984,1291329536,97226752,1439977472,1304981504,1446670336,90189824,92217344,90497024
1512742912,1409757184,62148608,62889984,1291329536,97226752,1439977472,1304981504,1446670336,90189824,92217344,90497024
1512742912,1605226496,62148608,62889984,1291329536,97226752,1439977472,1304981504,1446670336,90189824,92217344,90497024
1512742912,1605226496,62148608,62889984,1291329536,97226752,1439977472,1304981504,1446670336,90189824,92217344,90497024
1464074240,1587027968,62148608,62889984,1291329536,97226752,1439977472,1304981504,1446670336,90189824,92200960,90497024
1464074240,1587027968,62148608,62889984,1291329536,97226752,1439977472,1304981504,1446670336,90189824,92200960,90497024
1214439424,1370324992,62148608,62889984,1291329536,97226752,1439977472,1304981504,1446670336,90189824,92200960,90497024
1464074240,1558315008,62148608,62889984,1291329536,97226752,1439977472,1304981504,1446670336,90189824,92217344,90497024
1464074240,1606090752,62148608,62889984,1291329536,97226752,1439977472,1304981504,1446670336,90189824,92217344,90497024
1496408064,1606090752,62148608,62889984,1291329536,97226752,1439977472,1304981504,1446670336,90189824,92217344,90497024
1499037696,1606090752,62148608,62889984,1291329536,97226752,1439977472,1304981504,1446670336,90189824,92217344,90497024
1189789696,1455587328,62148608,62889984,1291329536,97226752,1439977472,1304981504,1446670336,90189824,92217344,90497024
1189789696,1556525056,62148608,62889984,1291329536,97226752,1439977472,1304981504,1446670336,90189824,92217344,90497024
1365196800,1556525056,62148608,62889984,1291329536,97226752,1439977472,1304981504,1446670336,90189824,92217344,90497024
1499906048,1619820544,62148608,62889984,1291329536,97226752,1439977472,1304981504,1446670336,90189824,92217344,90497024
1499906048,1619820544,62148608,62889984,1291329536,97226752,1439977472,1304981504,1446670336,90189824,92217344,90497024
1499906048,1619820544,62148608,62889984,1291329536,97226752,1439977472,1304981504,1446670336,90189824,92217344,90497024
1499906048,1308819456,62148608,62889984,1291329536,97226752,1439977472,1304981504,1446670336,90189824,92217344,90497024
1189789696,1308819456,62148608,62889984,1291329536,97226752,1439977472,1304981504,1446670336,90189824,92217344,90497024
1473765376,1594150912,62148608,62889984,1291329536,97226752,1439977472,1304981504,1446670336,90189824,92217344,90497024
1473765376,1605226496,62148608,62889984,1291329536,97226752,1439977472,1304981504,1446670336,90189824,92217344,90497024
1498144768,1605226496,62148608,62889984,1291329536,97226752,1439977472,1304981504,1446670336,90189824,92217344,90497024
1463312384,1545478144,62148608,62889984,1291329536,97226752,1439977472,1304981504,1446670336,90193920,92217344,90497024
1463312384,1545478144,62148608,62889984,1291329536,97226752,1439977472,1304981504,1446670336,90193920,92217344,90497024
1238327296,1394974720,62148608,62889984,1291329536,97226752,1439977472,1304981504,1446670336,90193920,92217344,90497024
1388830720,1619824640,62148608,62889984,1291329536,97226752,1439977472,1304981504,1446670336,90193920,92217344,90497024
1520295936,1619824640,62148608,62889984,1291329536,97226752,1439977472,1304981504,1446670336,90193920,92217344,90497024
1522032640,1619824640,62148608,62889984,1291329536,97226752,1439977472,1304981504,1446670336,90193920,92217344,90497024
1522032640,1443643392,62148608,62889984,1291329536,97226752,1439977472,1304981504,1446670336,90193920,92217344,90497024
1422901248,1443643392,62148608,62889984,1291329536,97226752,1439977472,1304981504,1446670336,90193920,92217344,90497024
1209057280,1544581120,62148608,62889984,1291329536,97226752,1439977472,1304981504,1446670336,90193920,92217344,90497024
1209057280,1595039744,62148608,62889984,1291329536,97226752,1439977472,1304981504,1446670336,90193920,92217344,90497024
1498144768,1618927616,62148608,62889984,1291329536,97226752,1439977472,1304981504,1446670336,90193920,92217344,90497024
1498144768,1468424192,62148608,62889984,1291329536,97226752,1439977472,1304981504,1446670336,90193920,92217344,90497024
1248509952,1468424192,62148608,62889984,1291329536,97226752,1439977472,1304981504,1446670336,90193920,92217344,90497024
1248509952,1468424192,62148608,62889984,1291329536,97226752,1439977472,1304981504,1446670336,90193920,92217344,90497024
1498144768,1668493312,62148608,62889984,1291329536,97226752,1439977472,1304981504,1446670336,90193920,92217344,90497024
1498144768,1668493312,62148608,62889984,1291329536,97226752,1439977472,1304981504,1446670336,90193920,92217344,90497024
1498144768,1668493312,62148608,62889984,1291329536,97226752,1439977472,1304981504,1446670336,90193920,92217344,90497024
1413742592,1668493312,62148608,62889984,1291329536,97226752,1439977472,1304981504,1446670336,90193920,92221440,90497024
1413742592,1308819456,62148608,62889984,1291329536,97226752,1439977472,1304981504,1446670336,90193920,92221440,90497024
1238319104,1558319104,62148608,62889984,1291329536,97226752,1439977472,1304981504,1446670336,90193920,92221440,90497024
1238319104,1604358144,62148608,62889984,1291329536,97226752,1439977472,1304981504,1446670336,90193920,92221440,90497024
1507586048,1604358144,62148608,62889984,1291329536,97226752,1439977472,1304981504,1446670336,90193920,92221440,90497024
1507586048,1606094848,62148608,62889984,1291329536,97226752,1439977472,1304981504,1446670336,90193920,92221440,90497024
1259687936,1606094848,62148608,62889984,1291329536,97226752,1439977472,1304981504,1446670336,90193920,92221440,90497024
1259687936,1308819456,62148608,62889984,1291329536,97226752,1439977472,1304981504,1446670336,90193920,92221440,90497024
1189789696,1605201920,62148608,62889984,1291329536,97226752,1439977472,1304981504,1446670336,90193920,92221440,90497024
1499013120,1605201920,62148608,62889984,1291329536,97226752,1439977472,1304981504,1446670336,90193920,92221440,90497024
1499013120,1629089792,62148608,62889984,1291329536,97226752,1439977472,1304981504,1446670336,90193920,92221440,90497024
1499013120,1679548416,62148608,62889984,1291329536,97226752,1439977472,1304981504,1446670336,90193920,92221440,90497024
1499013120,1679548416,62148608,62889984,1291329536,97226752,1439977472,1304981504,1446670336,90193920,92221440,90497024
1250271232,1429913600,62148608,62889984,1291329536,97226752,1439977472,1304981504,1446670336,90193920,92221440,90497024
1499906048,1429913600,62148608,62889984,1291329536,97226752,1439977472,1304981504,1446670336,90193920,92221440,90497024
1499906048,1653870592,62148608,62889984,1291329536,97226752,1439977472,1304981504,1446670336,90193920,92221440,90497024
1510957056,1653870592,62148608,62889984,1291329536,97226752,1439977472,1304981504,1446670336,90193920,92221440,90497024
1534844928,1653870592,62148608,62889984,1291329536,97226752,1439977472,1304981504,1446670336,90193920,92221440,90497024
1534844928,1308819456,62148608,62889984,1291329536,97226752,1439977472,1304981504,1446670336,90193920,92221440,90497024
1285210112,1308819456,62148608,62889984,1291329536,97226752,1439977472,1304981504,1446670336,90193920,92221440,90497024
1534844928,1533538304,62148608,62889984,1291329536,97226752,1439977472,1304981504,1446670336,90193920,92221440,90497024
1534844928,1616277504,62148608,62889984,1291329536,97226752,1439977472,1304981504,1446670336,90193920,92221440,90497024
1534844928,1616277504,62148608,62889984,1291329536,97226752,1439977472,1304981504,1446670336,90193920,92221440,90497024
1499013120,1652977664,62148608,62889984,1291329536,97226752,1439977472,1304981504,1446670336,90193920,92221440,90497024
1238319104,1406025728,62148608,62889984,1291329536,97226752,1439977472,1304981504,1446670336,90193920,92221440,90497024
1388822528,1618931712,62148608,62889984,1291329536,97226752,1439977472,1304981504,1446670336,90193920,92221440,90497024
1489862656,1618931712,62148608,62889984,1291329536,97226752,1439977472,1304981504,1446670336,90193920,92221440,90497024
1489862656,1618931712,62148608,62889984,1291329536,97226752,1439977472,1304981504,1446670336,90193920,92221440,90497024
1509322752,1593253888,62148608,62889984,1291329536,97226752,1439977472,1304981504,1446670336,90193920,92221440,90497024
1509322752,1308819456,62148608,62889984,1291329536,97226752,1439977472,1304981504,1446670336,90193920,92221440,90497024
1260580864,1308819456,62148608,62889984,1291329536,97226752,1439977472,1304981504,1446670336,90193920,92221440,90497024
1260580864,1605201920,62148608,62889984,1291329536,97226752,1439977472,1304981504,1446670336,90193920,92221440,90497024
1510215680,1605201920,62148608,62889984,1291329536,97226752,1439977472,1304981504,1446670336,90193920,92221440,90497024
1496408064,1616277504,62148608,62889984,1291329536,97226752,1439977472,1304981504,1446670336,90193920,92221440,90497024
1496408064,1616277504,62148608,62889984,1291329536,97226752,1439977472,1304981504,1446670336,90193920,92225536,90497024
1496408064,1406025728,62148608,62889984,1291329536,97226752,1439977472,1304981504,1446670336,90193920,92225536,90497024
1213677568,1406025728,62148608,62889984,1291329536,97226752,1439977472,1304981504,1446670336,90193920,92225536,90497024
1364180992,1630875648,62148608,62889984,1291329536,97226752,1439977472,1304981504,1446670336,90193920,92225536,90497024
1487069184,1630875648,62148608,62889984,1291329536,97226752,1439977472,1304981504,1446670336,90193920,92225536,90497024
1509220352,1630875648,62148608,62889984,1291329536,97226752,1439977472,1304981504,1446670336,90193920,92225536,90480640
1509220352,1531744256,62148608,62889984,1291329536,97226752,1439977472,1304981504,1446670336,90193920,92225536,90484736
1461047296,1531744256,62148608,62889984,1291329536,97226752,1439977472,1304981504,1446670336,90193920,92225536,90484736
1262215168,1531744256,62148608,62889984,1291329536,97226752,1439977472,1304981504,1446670336,90193920,92225536,90484736
1262215168,1598230528,62148608,62889984,1291329536,97226752,1439977472,1304981504,1446670336,90193920,92229632,90488832
1511849984,1598230528,62148608,62889984,1291329536,97226752,1439977472,1304981504,1446670336,90193920,92229632,90488832
1511849984,1614512128,62148608,62889984,1291329536,97226752,1439977472,1304981504,1446670336,90193920,92229632,90505216
1511849984,1519038464,62148608,62889984,1291329536,97226752,1439977472,1304981504,1446670336,90193920,92229632,90505216
1189789696,1519038464,62148608,62889984,1291329536,97226752,1439977472,1304981504,1446670336,90193920,92229632,90505216
1189789696,1409757184,62148608,62889984,1291329536,97226752,1439977472,1304981504,1446670336,90193920,92229632,90505216
1189789696,1409757184,62148608,62889984,1291329536,97226752,1439977472,1304981504,1446670336,90193920,92229632,90505216
1475125248,1604358144,62148608,62889984,1291329536,97226752,1439977472,1304981504,1446670336,90193920,92233728,90505216
1475125248,1615314944,62148608,62889984,1291329536,97226752,1439977472,1304981504,1446670336,90193920,92233728,90505216
1499013120,1382268928,62148608,62889984,1291329536,97226752,1439977472,1304981504,1446670336,90198016,92233728,90505216
1250271232,1382268928,62148608,62889984,1291329536,97226752,1439977472,1304981504,1446670336,90198016,92233728,90505216
1250271232,1582338048,62148608,62889984,1291329536,97226752,1439977472,1304981504,1446670336,90198016,92233728,90505216
1450340352,1604358144,62148608,62889984,1291329536,97226752,1439977472,1304981504,1446670336,90198016,92233728,90505216
1499906048,1608015872,62148608,62889984,1291329536,97226752,1439977472,1304981504,1446670336,90198016,92233728,90505216
1499906048,1608015872,62148608,62889984,1291329536,97226752,1439977472,1304981504,1446670336,90198016,92233728,90505216
1499906048,1308819456,62148608,62889984,1291329536,97226752,1439977472,1304981504,1446670336,90198016,92233728,90505216
1189789696,1583099904,62148608,62889984,1291329536,97226752,1439977472,1304981504,1446670336,90198016,92233728,90505216
1189789696,1583099904,62148608,62889984,1291329536,97226752,1439977472,1304981504,1446670336,90198016,92233728,90505216
1189789696,1606987776,62148608,62889984,1291329536,97226752,1439977472,1304981504,1446670336,90198016,92233728,90505216
1499013120,1630875648,62148608,62889984,1291329536,97226752,1439977472,1304981504,1446670336,90198016,92233728,90505216
1499013120,1508749312,62148608,62889984,1291329536,97226752,1439977472,1304981504,1446670336,90198016,92233728,90505216
1510088704,1407811584,62148608,62889984,1291329536,97226752,1439977472,1304981504,1446670336,90198016,92233728,90505216
1510088704,1594146816,62148608,62889984,1291329536,97226752,1439977472,1304981504,1446670336,90198016,92233728,90505216
1189789696,1605222400,62148608,62889984,1291329536,97230848,1439977472,1304981504,1446670336,90198016,92233728,90505216
1475125248,1605222400,62148608,62889984,1291329536,97230848,1439977472,1304981504,1446670336,90198016,92233728,90505216
1475125248,1641922560,62148608,62889984,1291329536,97230848,1439977472,1304981504,1446670336,90198016,92233728,90505216
1497276416,1641922560,62148608,62889984,1291329536,97230848,1439977472,1304981504,1446670336,90198016,92233728,90505216
1497276416,1419886592,62148608,62889984,1291329536,97230848,1439977472,1304981504,1446670336,90198016,92233728,90505216
1250271232,1607876608,62148608,62889984,1291329536,97230848,1439977472,1304981504,1446670336,90198016,92233728,90505216
1340293120,1607876608,62148608,62889984,1291329536,97230848,1439977472,1304981504,1446670336,90198016,92233728,90505216
1340293120,1607876608,62148608,62889984,1291329536,97230848,1439977472,1304981504,1446670336,90198016,92233728,90505216
1498144768,1607876608,62148608,62889984,1291329536,97230848,1439977472,1304981504,1446670336,90198016,92233728,90505216
1498144768,1683136512,62148608,62889984,1291329536,97230848,1439977472,1304981504,1446670336,90198016,92233728,90505216
1534844928,1582198784,62148608,62889984,1291329536,97230848,1439977472,1304981504,1446670336,90198016,92233728,90505216
1226383360,1582198784,62148608,62889984,1291329536,97230848,1439977472,1304981504,1446670336,90198016,92233728,90505216
1226383360,1631764480,62148608,62889984,1291329536,97230848,1439977472,1304981504,1446670336,90198016,92233728,90505216
1476018176,1631764480,62148608,62889984,1291329536,97230848,1439977472,1304981504,1446670336,90198016,92233728,90505216
1476018176,1631764480,62148608,62889984,1291329536,97230848,1439977472,1304981504,1446670336,90198016,92233728,90505216
1498144768,1432592384,62148608,62889984,1291329536,97230848,1439977472,1304981504,1446670336,90198016,92233728,90505216
1439424512,1432592384,62148608,62889984,1291329536,97230848,1439977472,1304981504,1446670336,90198016,92233728,90505216
1214439424,1432592384,62148608,62889984,1291329536,97230848,1439977472,1304981504,1446670336,90198016,92233728,90505216
1214439424,1657442304,62148608,62889984,1291329536,97230848,1439977472,1304981504,1446670336,90198016,92233728,90505216
1464074240,1657442304,62148608,62889984,1291329536,97230848,1439977472,1304981504,1446670336,90198016,92233728,90505216
1497276416,1607876608,62148608,62889984,1291329536,97230848,1439977472,1304981504,1446670336,90202112,92233728,90505216
1499013120,1607876608,62148608,62889984,1291329536,97230848,1439977472,1304981504,1446670336,90202112,92233728,90505216
1250271232,1607876608,62148608,62889984,1291329536,97230848,1439977472,1304981504,1446670336,90202112,92233728,90505216
1400774656,1607876608,62148608,62889984,1291329536,97230848,1439977472,1304981504,1446670336,90202112,92233728,90505216
1400774656,1607876608,62148608,62889984,1291329536,97230848,1439977472,1304981504,1446670336,90202112,92233728,90505216
1499906048,1558446080,62148608,62889984,1291329536,97230848,1439977472,1304981504,1446670336,90202112,92233728,90505216
1499906048,1357635584,62148608,62889984,1291329536,97230848,1439977472,1304981504,1446670336,90202112,92233728,90505216
1476149248,1357635584,62148608,62889984,1291329536,97230848,1439977472,1304981504,1446670336,90202112,92233728,90505216
1251164160,1582043136,62148608,62889984,1291329536,97230848,1439977472,1304981504,1446670336,90202112,92233728,90505216
1401667584,1605251072,62148608,62889984,1291329536,97230848,1439977472,1304981504,1446670336,90202112,92233728,90505216
1500798976,1606987776,62148608,62889984,1291329536,97230848,1439977472,1304981504,1446670336,90202112,92233728,90505216
1500798976,1606987776,62148608,62889984,1291329536,97230848,1439977472,1304981504,1446670336,90202112,92233728,90505216
1500798976,1308819456,62148608,62889984,1291329536,97230848,1439977472,1304981504,1446670336,90202112,92233728,90505216
1464205312,1483972608,62148608,62889984,1291329536,97230848,1439977472,1304981504,1446670336,90202112,92233728,90505216
1214570496,1483972608,62148608,62889984,1291329536,97230848,1439977472,1304981504,1446670336,90202112,92233728,90505216
1464205312,1605226496,62148608,62889984,1291329536,97230848,1439977472,1304981504,1446670336,90202112,92233728,90505216
1464205312,1605226496,62148608,62889984,1291329536,97230848,1439977472,1304981504,1446670336,90202112,92233728,90505216
1496408064,1570394112,62148608,62889984,1291329536,97230848,1439977472,1304981504,1446670336,90202112,92233728,90505216
1496408064,1370324992,62148608,62889984,1291329536,97230848,1439977472,1304981504,1446670336,90202112,92233728,90505216
1474387968,1605197824,62148608,62889984,1291329536,97230848,1439977472,1304981504,1446670336,90202112,92233728,90505216
1189789696,1605197824,62148608,62889984,1291329536,97230848,1439977472,1304981504,1446670336,90202112,92233728,90505216
1389858816,1605197824,62148608,62889984,1291329536,97230848,1439977472,1304981504,1446670336,90202112,92233728,90505216
1389858816,1569497088,62148608,62889984,1291329536,97230848,1439977472,1304981504,1446670336,90202112,92233728,90505216
1510113280,1418993664,62148608,62889984,1291329536,97230848,1439977472,1304981504,1446670336,90202112,92233728,90505216
1511849984,1418993664,62148608,62889984,1291329536,97230848,1439977472,1304981504,1446670336,90202112,92233728,90505216
1238458368,1569497088,62148608,62889984,1291329536,97230848,1439977472,1304981504,1446670336,90202112,92233728,90505216
1238458368,1569497088,62148608,62889984,1291329536,97230848,1439977472,1304981504,1446670336,90202112,92233728,90505216
1238462464,1603461120,62148608,62889984,1291329536,97230848,1439977472,1304981504,1446670336,90202112,92233728,90505216
1238462464,1581441024,62148608,62889984,1291329536,97230848,1439977472,1304981504,1446670336,90202112,92217344,90505216
1496408064,1431699456,62148608,62889984,1291329536,97230848,1439977472,1304981504,1446670336,90202112,92217344,90505216
1496408064,1431699456,62148608,62889984,1291329536,97230848,1439977472,1304981504,1446670336,90202112,92233728,90505216
1438396416,1632661504,62148608,62889984,1291329536,97230848,1439977472,1304981504,1446670336,90202112,92233728,90505216
1238327296,1632661504,62148608,62889984,1291329536,97230848,1439977472,1304981504,1446670336,90202112,92233728,90505216
1238327296,1632661504,62148608,62889984,1291329536,97230848,1439977472,1304981504,1446670336,90202112,92233728,90505216
1487962112,1584291840,62148608,62889984,1291329536,97230848,1439977472,1304981504,1446670336,90202112,92233728,90505216
1487962112,1584291840,62148608,62889984,1291329536,97234944,1439977472,1304981504,1446670336,90202112,92233728,90505216
1496408064,1409757184,62148608,62889984,1291329536,97234944,1439977472,1304981504,1446670336,90202112,92233728,90505216
1399906304,1409757184,62148608,62889984,1291329536,97234944,1439977472,1304981504,1446670336,90202112,92233728,90505216
1269276672,1605226496,62148608,62889984,1291329536,97234944,1439977472,1304981504,1446670336,90202112,92233728,90505216
1269276672,1605226496,62148608,62889984,1291329536,97234944,1439977472,1304981504,1446670336,90202112,92233728,90505216
1487962112,1570394112,62148608,62889984,1291329536,97234944,1439977472,1304981504,1446670336,90202112,92233728,90505216
1499037696,1370324992,62148608,62889984,1291329536,97234944,1439977472,1304981504,1446670336,90202112,92233728,90505216
1499037696,1370324992,62148608,62889984,1291329536,97234944,1439977472,1304981504,1446670336,90202112,92233728,90505216
1365073920,1594146816,62148608,62889984,1291329536,97234944,1439977472,1304981504,1446670336,90202112,92233728,90505216
1214570496,1594146816,62148608,62889984,1291329536,97234944,1439977472,1304981504,1446670336,90202112,92233728,90505216
1214570496,1605222400,62148608,62889984,1291329536,97234944,1439977472,1304981504,1446670336,90202112,92233728,90505216
1487962112,1605222400,62148608,62889984,1291329536,97234944,1439977472,1304981504,1446670336,90202112,92233728,90505216
1499037696,1444536320,62148608,62889984,1291329536,97234944,1439977472,1304981504,1446670336,90202112,92233728,90505216
1463644160,1444536320,62148608,62889984,1291329536,97234944,1439977472,1304981504,1446670336,90202112,92233728,90509312
1463644160,1606090752,62148608,62889984,1291329536,97234944,1439977472,1304981504,1446670336,90202112,92233728,90509312
1214009344,1606090752,62148608,62889984,1291329536,97234944,1439977472,1304981504,1446670336,90202112,92233728,90509312
1463644160,1629978624,62148608,62889984,1291329536,97234944,1439977472,1304981504,1446670336,90202112,92233728,90509312
1496408064,1629978624,62148608,62889984,1291329536,97234944,1439977472,1304981504,1446670336,90202112,92233728,90509312
1496408064,1444536320,62148608,62889984,1291329536,97234944,1439977472,1304981504,1446670336,90202112,92233728,90509312
1474387968,1444536320,62148608,62889984,1291329536,97234944,1439977472,1304981504,1446670336,90202112,92233728,90509312
1189789696,1644605440,62148608,62889984,1291329536,97234944,1439977472,1304981504,1446670336,90202112,92233728,90509312
1189789696,1644605440,62148608,62889984,1291329536,97234944,1439977472,1304981504,1446670336,90202112,92233728,90509312
1390809088,1644605440,62148608,62889984,1291329536,97234944,1439977472,1304981504,1446670336,90202112,92233728,90509312
1463181312,1595039744,62148608,62889984,1291329536,97234944,1439977472,1304981504,1446670336,90202112,92233728,90509312
1485332480,1358249984,62148608,62889984,1291329536,97234944,1439977472,1304981504,1446670336,90202112,92233728,90509312
1485332480,1358249984,62148608,62889984,1291329536,97234944,1439977472,1304981504,1446670336,90202112,92233728,90509312
1364180992,1582206976,62148608,62889984,1291329536,97234944,1439977472,1304981504,1446670336,90202112,92233728,90509312
1338535936,1582206976,62148608,62889984,1291329536,97234944,1439977472,1304981504,1446670336,90202112,92233728,90509312
1338535936,1615433728,62148608,62889984,1291329536,97234944,1439977472,1304981504,1446670336,90202112,92233728,90509312
1487069184,1308819456,62148608,62889984,1291329536,97234944,1439977472,1304981504,1446670336,90202112,92233728,90509312
1498144768,1409757184,62148608,62889984,1291329536,97234944,1439977472,1304981504,1446670336,90202112,92233728,90509312
1238327296,1409757184,62148608,62889984,1291329536,97234944,1439977472,1304981504,1446670336,90202112,92233728,90509312
1238327296,1606987776,62148608,62889984,1291329536,97234944,1439977472,1304981504,1446670336,90202112,92233728,90509312
1510957056,1606987776,62148608,62889984,1291329536,97234944,1439977472,1304981504,1446670336,90202112,92233728,90509312
1510957056,1606987776,62148608,62889984,1291329536,97234944,1439977472,1304981504,1446670336,90202112,92233728,90509312
1510957056,1430806528,62148608,62889984,1291329536,97234944,1439977472,1304981504,1446670336,90202112,92233728,90509312
1517412352,1629978624,62148608,62889984,1291329536,97234944,1439977472,1304981504,1446670336,90202112,92233728,90509312
1517412352,1629978624,62148608,62889984,1291329536,97234944,1439977472,1304981504,1446670336,90202112,92233728,90509312
1435713536,1629978624,62148608,62889984,1291329536,97234944,1439977472,1304981504,1446670336,90202112,92233728,90509312
1435713536,1606221824,62148608,62889984,1291329536,97234944,1439977472,1304981504,1446670336,90202112,92233728,90509312
1534844928,1606221824,62148608,62889984,1291329536,97234944,1439977472,1304981504,1446670336,90202112,92233728,90509312
1547681792,1455718400,62148608,62889984,1291329536,97234944,1439977472,1304981504,1446670336,90202112,92233728,90509312
1226514432,1455718400,62148608,62889984,1291329536,97234944,1439977472,1304981504,1446670336,90202112,92233728,90509312
1226514432,1618927616,62148608,62889984,1291329536,97234944,1439977472,1304981504,1446670336,90202112,92233728,90509312
1250402304,1618927616,62148608,62889984,1291329536,140800000,1439977472,1304981504,1446670336,90202112,92233728,90509312
1250402304,1434537984,97234944,62889984,1291329536,140800000,1439977472,1304981504,1446670336,90206208,92233728,90509312
1209708544,1359687680,97230848,62889984,1254596608,97222656,1439977472,1304981504,1446670336,90206208,92233728,90509312
1209708544,1372901376,97230848,127275008,1254596608,126140416,1439977472,1304981504,1446670336,90206208,92233728,90509312
1209708544,1372901376,97230848,127275008,1254596608,126140416,1439977472,1316438016,1446670336,90206208,92233728,90509312
1209708544,1372901376,97230848,98148352,1186643968,97054720,1439977472,1316438016,1446670336,90206208,91332608,90509312
1209708544,1372901376,97230848,98148352,1186643968,97054720,1439977472,1304870912,1446670336,90206208,91340800,90509312
1209708544,1372901376,97230848,98148352,1186643968,97054720,1439977472,1304870912,1446670336,90206208,91340800,90509312
1209708544,1372901376,97230848,98148352,1186643968,97054720,1439977472,1304870912,1446670336,90206208,91340800,90509312
1209708544,1372901376,97234944,98148352,1186643968,97583104,1439977472,1304870912,1446670336,90206208,91340800,90509312
1209708544,1372901376,97222656,98148352,1187135488,97583104,1439977472,1304870912,1446670336,90206208,91340800,90509312
1209708544,1372901376,97222656,98148352,1187135488,96571392,1439977472,1304870912,1446670336,90206208,91340800,90509312
1209708544,1372901376,97222656,98148352,1187135488,96595968,1439977472,1304870912,1446670336,90206208,91340800,90509312
1209708544,1372905472,97222656,98148352,1187135488,96595968,1439977472,1304870912,1446670336,90206208,91340800,90509312
1210769408,1372905472,96612352,98148352,1187135488,96047104,1439977472,1304870912,1446563840,90206208,91340800,93589504
1210769408,1372905472,96612352,98148352,1187135488,97067008,1439977472,1304870912,1446563840,90206208,91340800,93589504
1210769408,1372905472,96612352,98152448,1187135488,97046528,1439977472,1304870912,1446563840,90206208,91340800,93589504
1210769408,1372905472,96612352,98152448,1187631104,97046528,1439977472,1304870912,1446563840,90206208,91340800,93589504
1210769408,1372905472,96612352,98152448,1187631104,96014336,1439977472,1304870912,1446563840,90206208,91340800,93589504
1210769408,1372905472,96612352,98152448,1187631104,96014336,1439977472,1304870912,1446563840,90206208,91340800,93589504
1210769408,1372905472,96612352,98152448,1188126720,96014336,1439977472,1304870912,1446563840,90206208,91340800,93589504
1210769408,1372905472,96612352,98152448,1188126720,96014336,1439977472,1304870912,1446563840,90206208,91340800,93593600
1210769408,1372905472,96612352,96645120,1188126720,96014336,1439977472,1304870912,1446563840,90206208,91340800,93593600
1210769408,1372864512,96612352,94838784,1188126720,96563200,1439977472,1304870912,1446563840,90206208,91340800,93593600
1210769408,1372864512,96612352,94838784,1188126720,96563200,1439858688,1304870912,1446563840,90206208,91340800,93593600
1210769408,1372864512,96612352,94838784,1188622336,96563200,1439858688,1304870912,1446563840,90902528,91340800,93593600
1210769408,1372864512,96616448,94838784,1188622336,96649216,1439858688,1304870912,1446563840,90902528,91340800,93593600
1210769408,1372864512,96616448,94838784,1188622336,96768000,1439858688,1304870912,1446563840,90902528,91340800,93593600
1210769408,1372864512,96616448,94838784,1188622336,96768000,1439858688,1304870912,1446563840,90902528,91877376,93593600
1210769408,1372864512,96616448,94838784,1189113856,98045952,1439858688,1333788672,1503027200,90902528,91877376,92565504
1210769408,1372864512,97148928,98856960,1189113856,97521664,1439858688,1304932352,1446563840,90902528,94134272,92565504
1210769408,1372864512,95444992,98856960,1189113856,97521664,1439858688,1304932352,1446563840,90902528,94134272,92569600
1210769408,1372864512,95444992,98856960,1189117952,96464896,1439858688,1304932352,1446563840,90902528,94134272,92569600
1210769408,1372864512,95444992,98856960,1189117952,96464896,1439858688,1004142592,1446563840,90902528,94138368,102621184
1210769408,1372864512,95444992,98856960,1189117952,96464896,1439858688,1004142592,1446567936,90902528,91877376,92106752
1210769408,1372864512,95444992,98856960,1189117952,96501760,1439858688,1004142592,1446567936,90427392,91877376,92106752
1210769408,1372864512,95444992,98856960,1189117952,96501760,1439858688,1004142592,1446567936,90427392,91877376,92106752
1210769408,1372864512,95698944,98856960,1189117952,96505856,1439858688,1004142592,1497128960,90427392,92405760,92123136
1210773504,1373007872,95698944,93151232,1190600704,98013184,1439858688,1256849408,1497128960,90427392,91893760,92123136
1210773504,1373007872,95698944,93151232,1190600704,98013184,1439858688,1256861696,1497178112,90517504,91893760,92123136
1210773504,1373007872,95698944,93151232,1190600704,98635776,1490419712,1257844736,1497202688,90517504,91893760,92123136
1210773504,1373007872,95698944,93151232,1190612992,99213312,1490550784,1257844736,1497202688,90517504,91893760,92123136
1210773504,1373007872,95698944,93151232,1190612992,99213312,1490550784,1257951232,1497202688,90517504,91893760,92123136
1210773504,1373007872,95698944,93151232,1190612992,97628160,1490550784,1257967616,1497255936,90517504,91893760,92123136
1210773504,1414897664,96231424,93130752,1190612992,97628160,1490554880,1257967616,1497255936,90517504,91893760,92123136
1253273600,1414897664,95707136,93130752,1190612992,97628160,1490571264,1257975808,1497305088,90517504,91893760,92123136
1268649984,1415000064,95707136,93130752,1190612992,97628160,1490571264,1257975808,1497309184,90517504,91893760,92123136
1268649984,1415000064,95707136,93130752,1190612992,97628160,1519042560,1257975808,1497309184,90517504,91893760,92123136
1303273472,1415000064,95707136,93130752,1190612992,97628160,1492934656,1260331008,1499598848,90517504,91893760,92123136
1303322624,1415016448,95707136,93130752,1190612992,97628160,1492934656,1260331008,1499598848,90517504,91893760,92123136
1303326720,1415020544,95707136,93130752,1190612992,97628160,1492934656,1260331008,1499598848,90517504,91893760,92123136
1303326720,1417449472,95707136,93130752,1190612992,97628160,1492934656,1260331008,1499598848,90517504,91893760,92123136
1306361856,1417449472,95707136,93130752,1190612992,97628160,1492934656,1260331008,1499598848,90517504,91893760,92123136
1320099840,1417449472,95707136,93130752,1190612992,97628160,1492934656,1260331008,1499598848,90517504,91893760,92123136
1320099840,1383673856,95707136,93253632,1190612992,97628160,1554690048,1260331008,1161916416,90517504,91893760,93241344
1329258496,1383673856,95707136,93253632,1190612992,97628160,1439916032,1273864192,1161916416,91742208,93245440,93241344
1333751808,1373065216,95707136,93253632,1190612992,97628160,1439916032,1214144512,1161916416,91742208,93245440,93241344
1333751808,1373065216,95707136,93253632,1190612992,97628160,1439916032,1214144512,1161916416,91742208,93245440,93241344
1333751808,1373065216,95707136,93253632,1190612992,97628160,1439916032,1214144512,1161916416,91742208,93245440,93241344
1210830848,1373065216,95707136,93253632,1190612992,97648640,1439916032,1214144512,1161916416,91742208,93245440,93241344
1210830848,1373065216,95707136,93253632,1190612992,97652736,1439916032,1214144512,1161916416,91746304,93245440,93241344
1210830848,1373065216,96317440,93253632,1190612992,97652736,1439916032,1214144512,1161916416,91746304,93245440,93241344
1210830848,1373065216,96321536,93253632,1190612992,97652736,1439916032,1214144512,1161916416,91746304,93659136,93241344
1210830848,1373065216,96321536,93253632,1190612992,97652736,1439916032,1225187328,1161916416,91746304,93659136,93241344
1210830848,1373065216,96321536,93253632,1190612992,97677312,1439916032,1225187328,1161916416,91746304,93130752,93241344
1210830848,1373065216,96321536,93253632,1190612992,98209792,1439916032,1225187328,1161916416,91746304,93130752,93241344
1210830848,1373065216,96321536,93253632,1190612992,97239040,1439916032,1225187328,1161916416,91746304,93130752,93241344
1210830848,1373065216,96321536,93253632,1190612992,97239040,1439916032,1225187328,1161916416,91746304,93130752,93241344
1210830848,1373065216,96346112,93253632,1190612992,97239040,1439916032,1225187328,1161916416,91746304,93130752,93241344
1210773504,1373065216,96346112,93253632,1190612992,97239040,1439916032,1225187328,1161916416,91746304,93130752,93241344
1210773504,1373065216,95813632,93253632,1190612992,97734656,1439916032,1225187328,1161916416,91746304,93130752,93265920
1210773504,1373065216,95813632,93253632,1190612992,97734656,1439916032,1225187328,1256189952,91746304,93130752,93265920
1210773504,1373065216,95813632,93253632,1190612992,97230848,1439916032,1225187328,1256189952,91746304,93130752,91840512
1210773504,1373065216,95813632,93253632,1190612992,97230848,1439916032,1225187328,1256189952,91746304,93130752,91840512
1210773504,1373065216,95813632,93253632,1190612992,97759232,1439916032,1225232384,1256189952,91746304,93130752,91840512
1210773504,1373065216,95813632,93253632,1190612992,97759232,1439916032,1225232384,1256189952,91746304,93130752,91840512
1210773504,1373065216,95813632,93782016,1190612992,97759232,1439916032,1225232384,1256189952,92274688,93130752,91840512
1210773504,1373011968,95813632,93782016,1190612992,97230848,1439862784,1225232384,1256189952,90931200,93130752,91840512
1210773504,1373011968,95813632,94793728,1190612992,98246656,1439862784,1225232384,1256189952,90931200,93659136,91840512
1210773504,1373011968,95817728,94793728,1190612992,97718272,1439862784,1227997184,1256189952,90931200,92798976,91840512
1210773504,1373011968,95817728,94793728,1190612992,97718272,1439862784,1227997184,1256189952,90931200,92798976,91840512
1210773504,1373011968,95817728,94793728,1190612992,99856384,1439862784,1227997184,1291689984,90931200,92798976,91848704
1210773504,1373011968,97386496,94793728,1190612992,98799616,1439862784,1227997184,1291689984,90931200,92798976,93724672
1210773504,1373011968,97386496,94793728,1190612992,98803712,1439862784,1227997184,1291689984,90931200,92798976,93724672
1210773504,1373011968,97386496,95293440,1190612992,97751040,1439862784,1227997184,1291689984,90931200,92798976,93724672
1210773504,1373011968,97386496,97300480,1190612992,97751040,1439862784,1228046336,1291689984,90931200,92798976,93724672
1210773504,1373011968,97386496,97300480,1190612992,97751040,1439862784,1228046336,1292124160,90931200,98488320,98897920
1210773504,1373011968,97386496,97300480,1064280064,97751040,1439862784,1231028224,1292185600,96460800,98488320,93151232
1210773504,1373011968,97386496,97300480,1064280064,104214528,1442410496,1232080896,1292185600,96460800,93253632,93151232
1210773504,1378500608,103792640,97300480,1064280064,104214528,1442443264,1232080896,1298350080,91234304,107696128,99188736
1213050880,1379201024,103792640,96694272,1064280064,104308736,1442410496,1236930560,1298350080,91234304,92327936,93863936
1214164992,1379201024,96788480,96694272,1064280064,104308736,1442410496,1236930560,1298350080,91697152,92327936,93863936
1214164992,1379217408,96788480,96251904,1064280064,104992768,1442410496,1236930560,1298350080,91697152,92327936,93863936
1213050880,1379217408,95649792,96251904,1064280064,116883456,1442410496,1236930560,1298350080,91697152,92327936,93863936
1213050880,1379217408,95649792,96247808,1088344064,116883456,1452056576,1236930560,1298350080,96784384,92327936,93863936
1213050880,1379217408,95649792,96247808,1088344064,109027328,1452056576,1238159360,1298350080,92053504,92327936,97771520
1213050880,1379217408,95649792,96247808,1088344064,103661568,1490915328,1238159360,1349025792,92053504,94130176,97771520
1213050880,1379217408,95649792,96247808,1128325120,103661568,1490952192,1238159360,1349025792,92053504,92991488,93048832
1213050880,1379217408,95649792,100818944,1128325120,118607872,1490952192,1322192896,1349029888,92053504,92991488,93048832
1220894720,1388744704,95649792,96088064,1128325120,118607872,1491021824,1322196992,1349029888,92053504,92991488,93048832
1220894720,1422819328,96329728,96088064,1128325120,104390656,1491038208,1322201088,1349029888,92053504,92991488,93048832
1264058368,1422819328,96329728,96088064,1128325120,104390656,1491038208,1322201088,1349029888,92053504,92991488,93048832
1313296384,1422819328,96329728,96088064,1128325120,104390656,1517514752,1322201088,1349050368,92053504,92991488,93048832
1313312768,1422897152,96329728,96088064,1128325120,104390656,1012789248,1322221568,1349050368,100241408,92991488,93048832
1313312768,1422913536,96329728,96088064,1128329216,104390656,1012789248,1271586816,1298939904,93003776,92991488,94584832
1313337344,1422913536,96329728,96088064,1128329216,104390656,1012789248,1271586816,1298939904,93003776,93409280,94584832
1313337344,1422913536,96329728,96088064,1128329216,104390656,1012789248,1272651776,1298939904,93003776,93409280,94584832
1339289600,1422917632,96329728,96088064,1128329216,104390656,1012789248,1272651776,1298939904,93003776,93409280,94584832
1350696960,1456050176,96329728,96088064,1128329216,105779200,1012789248,1278607360,1298939904,93003776,93257728,94584832
1278160896,1456050176,96329728,94105600,1128329216,109854720,1012789248,1273606144,1298939904,93003776,93257728,94584832
1220866048,1103544320,98488320,94105600,1128329216,109854720,1262268416,1273606144,1298939904,92852224,93257728,103874560
1220866048,1103544320,98488320,94105600,1128329216,109854720,1263984640,1273647104,1311047680,92852224,94289920,94404608
1220866048,1103544320,98488320,104189952,1128329216,113618944,1263984640,1273647104,1311170560,92852224,94289920,94814208
1220890624,1211015168,98004992,94699520,1154654208,113647616,1302953984,1273647104,1311170560,93384704,94289920,94814208
1220931584,1248649216,98004992,94162944,1154654208,102711296,1302953984,1284456448,1311170560,93384704,93827072,94814208
1220931584,1248649216,98004992,94162944,1154654208,102711296,1302953984,1279401984,1311170560,93384704,93827072,94814208
1220931584,1248649216,97570816,94162944,1154654208,102711296,1302953984,1278517248,1321447424,92770304,93827072,99663872
1220931584,1248649216,97570816,94162944,1154654208,102711296,1302953984,1278517248,1321447424,92770304,93827072,99663872
1220931584,1248649216,97574912,94162944,1154977792,106991616,1302953984,1278517248,1321447424,92770304,93827072,99663872
1220931584,1248649216,97574912,94162944,1154977792,107024384,1302953984,1278517248,1321447424,92770304,93827072,99663872
1220931584,1248649216,97574912,94162944,1154977792,107024384,1302953984,1278517248,1314447360,92770304,94314496,99663872
1220931584,1253847040,115535872,101060608,1154977792,101711872,1339453440,1278517248,1314447360,92770304,94314496,94273536
1221992448,1253847040,97161216,93560832,1154977792,101711872,1339613184,1278517248,1325584384,93630464,94314496,99737600
1239511040,1253720064,97161216,93560832,1154977792,107909120,1339613184,1278517248,1325584384,93630464,94314496,94412800
1239511040,1253720064,97886208,99033088,1154977792,115367936,1339613184,1278517248,1325584384,93630464,94314496,94412800
1228902400,1254137856,97886208,99033088,1154977792,115367936,1339695104,1278517248,1325584384,93630464,94314496,94412800
1228902400,1254137856,97886208,95318016,1154977792,120127488,1339695104,1278517248,1325584384,92848128,94314496,94126080
1228902400,1254137856,97886208,95318016,1154977792,120127488,1388183552,1335382016,1376239616,92848128,94830592,94126080
1228902400,1254137856,97886208,95318016,1157234688,117833728,1388195840,1335427072,1376272384,92848128,94830592,94126080
1228902400,1254137856,97886208,95318016,1157234688,113102848,1388298240,1335427072,1376272384,92848128,94830592,94126080
1271402496,1254137856,97837056,95506432,1157234688,98910208,1388298240,1335500800,1376346112,92848128,94830592,94126080
1271402496,1297297408,97837056,95506432,1157234688,98910208,1388314624,1335504896,1376346112,92848128,94830592,94126080
1336201216,1297297408,97837056,95506432,1157234688,98910208,1388314624,1335504896,1376346112,92848128,94830592,94126080
1336201216,1297297408,97837056,95506432,1157234688,98910208,1388318720,1374281728,1376366592,92848128,94830592,94126080
1321410560,1297301504,97837056,95506432,1157234688,98910208,1388318720,1374281728,1376366592,92848128,93900800,94126080
1321410560,1297305600,97837056,95506432,1157234688,98910208,1388318720,1284808704,1376366592,92848128,93900800,94126080
1321418752,1297305600,97837056,95506432,1157234688,98910208,1339695104,1284808704,1325674496,92950528,93900800,94167040
1321418752,1297321984,97837056,93712384,1157234688,98910208,1339695104,1284808704,1325674496,92950528,93900800,94167040
1340579840,1255354368,97837056,93712384,1157234688,98910208,1339695104,1284808704,1325674496,92950528,93900800,94167040
1349672960,1255354368,97837056,93716480,1157234688,102830080,1345863680,1284808704,1325674496,92950528,93900800,103391232
1228906496,1255354368,100929536,93716480,1157234688,100765696,1345863680,1284808704,1347080192,92188672,93900800,103391232
1228906496,1255354368,100929536,93716480,1157234688,100765696,1340059648,1284808704,1372127232,161148928,94703616,93933568
1228906496,1255354368,100929536,93716480,1157234688,100765696,1340067840,1295327232,1372127232,161148928,94703616,94724096
1228906496,1255354368,100421632,93716480,1159860224,107515904,1340067840,1295327232,1347121152,94478336,94703616,94724096
1228906496,1255354368,100421632,94507008,1159860224,107515904,1340067840,1295368192,1355157504,94478336,93851648,94724096
955514880,1266835456,162349056,94507008,1159860224,98058240,1373728768,1295368192,1355157504,99426304,93851648,99209216
955514880,1266835456,162349056,94507008,1159860224,98058240,1373728768,1295368192,1347190784,99426304,93851648,93843456
955514880,1266864128,97230848,95342592,1159860224,98045952,1365725184,1295368192,1347190784,94109696,98537472,93843456
955514880,1266864128,97230848,95342592,1159860224,97611776,1365635072,1296207872,1347104768,94109696,93306880,93843456
955514880,1266864128,97230848,95342592,1159933952,103395328,1365635072,1295323136,1347104768,92340224,93306880,93876224
955514880,1267073024,97230848,95342592,1159864320,103395328,1366577152,1295323136,1347104768,92340224,99012608,93876224
955514880,1267834880,98586624,101363712,1159864320,103485440,1366577152,1295323136,1347104768,92340224,93691904,93876224
1099030528,1267834880,98586624,93851648,1159864320,98066432,1366577152,1295323136,1347104768,92340224,93691904,93876224
1099030528,1267757056,97394688,93851648,1159864320,105119744,1366577152,1295323136,1347104768,92340224,93691904,93876224
1111834624,1267757056,96235520,94314496,1159864320,121053184,1366577152,1295323136,1347104768,92340224,93691904,93876224
1111834624,1267757056,96235520,94310400,1159864320,121053184,1366577152,1295323136,1347104768,92340224,93691904,93876224
1111834624,1267757056,96235520,94310400,1159864320,106885120,1366577152,1295323136,1347104768,92340224,93691904,93876224
1111834624,1267757056,96235520,94310400,1159864320,106885120,1366577152,1295323136,1347104768,92340224,93691904,93876224
1111834624,1267757056,96235520,94310400,1159864320,101564416,1366577152,1295323136,1347104768,97902592,93691904,93757440
1111834624,1267757056,96235520,94310400,1160122368,101564416,1366577152,1295323136,1399058432,97902592,93839360,93757440
1156128768,1270484992,97599488,94310400,1160122368,116121600,1417265152,1295323136,1399058432,93171712,93102080,93757440
1198747648,1309675520,97599488,94138368,1160122368,101904384,1417265152,1345982464,1399058432,93171712,93102080,93757440
1212030976,1309704192,97599488,94138368,1160122368,101904384,1417273344,1345986560,1399062528,93171712,93102080,93757440
1212030976,1309769728,97599488,94138368,1160122368,97173504,1417273344,1345986560,1399062528,93171712,93102080,93757440
1248710656,1309769728,97599488,94138368,1160122368,97173504,1417273344,1345986560,1399062528,93171712,93102080,93757440
1248727040,1309790208,97599488,94138368,1160122368,97173504,1417289728,1345986560,1412153344,93171712,93102080,93757440
1248727040,1309790208,97599488,94138368,1160122368,97173504,1417289728,1345986560,1412153344,96104448,93102080,94580736
1267494912,1309790208,97599488,94138368,1160122368,97173504,1366626304,1353539584,1348427776,93732864,97730560,94580736
1267494912,1309790208,97599488,94138368,1160122368,97173504,1366626304,1353539584,1348427776,93732864,95358976,94580736
1283674112,1267785728,97599488,94138368,1160122368,97173504,1366626304,1295335424,1348427776,93732864,95358976,94584832
1288445952,1267785728,97599488,98045952,1160122368,102113280,1366626304,1295335424,1348427776,93736960,95363072,94584832
1288482816,1267785728,97599488,98045952,1160122368,98766848,1366626304,1295335424,1348427776,93736960,95100928,94584832
1288482816,1267785728,97599488,98045952,1160122368,98766848,1366626304,1295405056,1348427776,93736960,95100928,94584832
1288482816,1267785728,99188736,98045952,1160122368,98766848,1366626304,1295405056,1348427776,93736960,94498816,104005632
1288482816,1267785728,99188736,98045952,1160122368,106979328,1366966272,1295446016,1356443648,93687808,94498816,94531584
1156263936,1267785728,99188736,98045952,1160138752,106979328,1366966272,1295446016,1356443648,94048256,93904896,93491200
1156263936,1267785728,99188736,98201600,1160138752,106983424,1366974464,1295446016,1356443648,94048256,94449664,93491200
1184096256,1268494336,99368960,138113024,1160138752,98115584,1366974464,1295446016,1356443648,94048256,94449664,93491200
1184096256,1268514816,97759232,138113024,1160138752,98115584,1366974464,1295446016,1356443648,94048256,93200384,93491200
1173487616,1268514816,97759232,95465472,1160138752,98115584,1366974464,1297014784,1356480512,97964032,93200384,94019584
1173487616,1268514816,97759232,96919552,1160138752,104091648,1373249536,873095168,1356480512,92844032,92962816,94019584
1173487616,1268514816,102752256,101851136,1070977024,104091648,1373159424,873095168,1357447168,92844032,92958720,94019584
1174192128,1268572160,97722368,101851136,1070977024,103964672,1373159424,873095168,1357447168,93798400,92958720,93675520
1175240704,1268477952,97722368,96456704,1070977024,98557952,1373175808,873095168,1356406784,93790208,92958720,93667328
1175240704,1268490240,203177984,98975744,1070977024,98557952,1373175808,873095168,1356406784,93790208,92958720,93667328
1174114304,1268490240,203177984,98975744,1070977024,113119232,1373175808,873095168,1356406784,98947072,92958720,98631680
1174114304,1268490240,97624064,98975744,1070977024,110149632,1373245440,873095168,1404903424,98947072,92958720,98631680
1174114304,1268490240,97624064,98975744,1093054464,110149632,1421815808,1195257856,1404903424,94216192,93745152,93904896
1174114304,1268490240,97624064,98975744,1093054464,110153728,1421815808,1195257856,1404903424,94216192,93745152,93904896
1174114304,1268490240,97624064,98975744,1107570688,110153728,1421815808,1195257856,1404903424,94216192,93745152,93904896
1174114304,1268551680,97624064,98975744,1131528192,133414912,1421815808,1195257856,1404903424,94216192,93745152,93904896
1174253568,1268551680,101580800,95387648,1131528192,100274176,1421815808,1195257856,1404948480,94216192,93745152,93904896
1174253568,1310466048,96854016,95387648,1131528192,100274176,1421815808,1218895872,1404948480,94216192,93745152,93904896
1217458176,1310470144,96854016,95387648,1131528192,100274176,1421815808,1218895872,1405018112,94216192,93745152,93904896
1217458176,1310490624,96854016,95387648,1131528192,100278272,1421819904,1218895872,1405018112,94216192,93745152,93904896
1266737152,1310564352,96854016,95387648,1131528192,100278272,1421819904,1218912256,1407123456,94216192,93745152,93904896
1266737152,1310564352,96854016,95387648,1131528192,100278272,1423998976,1218916352,1407123456,94216192,93745152,93904896
1266737152,1310584832,96854016,95387648,1131532288,100278272,1423998976,1248686080,1407123456,94216192,93745152,93904896
1266745344,1310584832,96854016,95387648,1131532288,100278272,1374138368,1235472384,1407123456,94629888,93999104,93904896
1292738560,1310584832,96854016,95387648,1131532288,100278272,1374138368,1235472384,1356406784,94629888,93999104,93351936
1292738560,1310584832,96854016,95387648,1131532288,101687296,1374138368,1235472384,998387712,94629888,93999104,93351936
1310797824,1353166848,96854016,95387648,1131532288,106835968,1374138368,1235472384,998387712,94629888,93999104,93351936
1174269952,1268551680,96854016,96452608,1131536384,106835968,1374138368,1235472384,998400000,94629888,93999104,93351936
1174269952,1268551680,98684928,96452608,1131536384,97349632,1374138368,1235472384,998400000,94773248,93999104,93351936
1174269952,1268551680,98684928,96452608,1131536384,97349632,1380040704,1235472384,998400000,94773248,93999104,93351936
1174269952,1268551680,98684928,96452608,1177047040,109027328,1380040704,1240973312,1244540928,93962240,104185856,103743488
1174269952,1268551680,98684928,96452608,1177047040,109027328,1374248960,1240973312,1259511808,93962240,94711808,94269440
1174269952,1268551680,98684928,95322112,1177047040,109027328,1374253056,1252237312,1259511808,93962240,94638080,94269440
1174847488,1268617216,99512320,95322112,1177047040,99557376,1374253056,1252323328,1291100160,94474240,94638080,95252480
1174847488,1268617216,99512320,96763904,1177047040,99557376,1374253056,1252323328,1291100160,94474240,94638080,95256576
1174867968,1268617216,99512320,96768000,1177047040,99581952,1374253056,1252323328,1291100160,94474240,94638080,95256576
1174867968,1268617216,97353728,96768000,1177047040,99581952,1374253056,1252323328,1291100160,94474240,94642176,99876864
1174867968,1268617216,97353728,96768000,1177047040,99598336,1374253056,1252323328,1333010432,94474240,94642176,99876864
1174867968,1268617216,97357824,96768000,1177047040,105312256,1382289408,1252323328,1333010432,96690176,94642176,94879744
1174867968,1268617216,97357824,96768000,1177362432,105312256,1374294016,1252323328,1334050816,94195712,94130176,100163584
1174867968,1268617216,101756928,104169472,1177362432,105345024,1374294016,1252409344,1334050816,94195712,94130176,94838784
1174867968,1268617216,95723520,104169472,1177362432,105512960,1374212096,1265885184,1334050816,94195712,94130176,94838784
1175556096,1268649984,95723520,98131968,1177362432,105512960,1374212096,1265885184,1334050816,94154752,94130176,94838784
1176600576,1268658176,95723520,98131968,1177362432,105361408,1374212096,1260101632,1334050816,94154752,93982720,94838784
1175461888,1268658176,95723520,97398784,1177362432,114421760,1374212096,1260101632,1334050816,94154752,93982720,94838784
1175461888,1268658176,99450880,97398784,1177362432,114421760,1374212096,1271066624,1334050816,94154752,94105600,94838784
1175461888,1268658176,99450880,97398784,1177362432,110563328,1424769024,1321631744,1382596608,93515776,94105600,100040704
1175461888,1268658176,99450880,97398784,1177362432,100511744,1424793600,1321631744,1382596608,93515776,93343744,100040704
1175461888,1268658176,99450880,97398784,1177362432,134672384,1424793600,1321631744,1382596608,93515776,93343744,100040704
1175461888,1268658176,99450880,97398784,1177440256,134672384,1424793600,1321631744,1382596608,93515776,93343744,100040704
1175461888,1268666368,99450880,97398784,1177440256,101527552,1424793600,1321656320,1385267200,93515776,93343744,95309824
1182138368,1268666368,98623488,95911936,1177440256,101527552,1424826368,1321689088,1385336832,93515776,93343744,95309824
1182138368,1310572544,98623488,95911936,1177440256,101527552,1424826368,1321762816,1385336832,93515776,93343744,95309824
1218654208,1310572544,98623488,95911936,1177440256,101527552,1424928768,1321762816,1385340928,93515776,93343744,95309824
1218654208,1310633984,98623488,95911936,1177440256,101527552,1424928768,1321783296,1387442176,93515776,93343744,95309824
1267994624,1310633984,98623488,95911936,1177440256,101527552,1424932864,1321783296,1387442176,93515776,93343744,95309824
1268006912,1310633984,98623488,95911936,1177440256,101527552,1462161408,1321787392,1387442176,93515776,93343744,95309824
1268011008,1310666752,98623488,95911936,1177440256,101527552,1462161408,1321787392,1336750080,92934144,93343744,96874496
1268011008,1310666752,98623488,95911936,1177440256,101527552,1374216192,1321787392,1336750080,92934144,96169984,94502912
1286873088,1310666752,98623488,95911936,1177440256,101527552,1374216192,1271066624,1336750080,92934144,96169984,94502912
1305432064,1310666752,98623488,104701952,1177440256,101527552,1374216192,1271066624,1336750080,92934144,93798400,94502912
1307303936,1268666368,98623488,104701952,1177440256,104620032,1374216192,1271066624,1336750080,92934144,93798400,94502912
1307303936,1268666368,98623488,97464320,1177440256,107102208,1374216192,1271066624,1336750080,92934144,93798400,94502912
1307303936,1268666368,98623488,97464320,1177440256,102318080,1374216192,1271066624,1336750080,93057024,93798400,94502912
1307303936,1268666368,167235584,97464320,1177440256,102313984,1380069376,1271066624,1336791040,93057024,93798400,95289344
1175490560,1268666368,99938304,97464320,1177440256,102330368,1380069376,1271066624,1336791040,102658048,103858176,95289344
1175490560,1268666368,99938304,97464320,1177440256,102330368,1378562048,1281556480,1336832000,93184000,103858176,95289344
1175490560,1268666368,99938304,97464320,1177686016,129585152,1378594816,1281593344,1336832000,95617024,94388224,95162368
1175490560,1268666368,99868672,97464320,1177686016,129585152,1378594816,1281593344,1336832000,95617024,95252480,95162368
1175490560,1268666368,99868672,97464320,1177686016,110604288,1378594816,1281634304,1336832000,95617024,95252480,95162368
1175511040,1268666368,99868672,97746944,1177686016,101134336,1378594816,1281634304,1336832000,100175872,94756864,99647488
1175539712,1276801024,99868672,97746944,1177686016,101134336,1080881152,1281634304,1336832000,100175872,94756864,99647488
1175539712,1276801024,102842368,96329728,1177686016,101744640,1080881152,1283653632,1337921536,95043584,94646272,94511104
1175539712,1115934720,102842368,96329728,1177686016,105930752,1086967808,1283653632,1336881152,95043584,94646272,109678592
1175539712,1115934720,102842368,96329728,1177751552,105930752,1229418496,1284460544,1336881152,99868672,99573760,94777344
1176506368,1115934720,104181760,96329728,1177751552,106217472,1229418496,1283567616,1336938496,99868672,99573760,94777344
1176506368,1227739136,104181760,97443840,1177751552,100794368,1229418496,1283567616,1336938496,94543872,94248960,94777344
1175752704,1227739136,102084608,97443840,1177751552,100794368,1229418496,1283567616,1336938496,94543872,94248960,94777344
1175752704,1287618560,102084608,112427008,1177751552,111587328,1229418496,1283567616,1336938496,94543872,94248960,94777344
1175752704,1239523328,102084608,97398784,1177751552,111587328,1229418496,1283567616,1336938496,94543872,94244864,94777344
1175752704,1239523328,102084608,97398784,1177751552,106954752,1229418496,1283567616,1387593728,98627584,94244864,95252480
1175752704,1239523328,102084608,97398784,1177751552,106954752,1361129472,1283567616,1387593728,98627584,99631104,95252480
1175752704,1239523328,102084608,97398784,1177743360,101650432,1361129472,1283567616,1387593728,98627584,99631104,95252480
1175752704,1239523328,105488384,97402880,1177784320,101650432,1361129472,1283567616,1387593728,98627584,99631104,95252480
1175752704,1239523328,105488384,97402880,1177784320,117743616,1361129472,1283567616,1387593728,98627584,99631104,95252480
1218252800,1239523328,100786176,96587776,1177784320,117743616,1382014976,1320546304,1387593728,93900800,94908416,95252480
1218957312,1284087808,100786176,96587776,1177784320,112992256,1382014976,1340874752,1387597824,93900800,94908416,95252480
1218957312,1284108288,100786176,96587776,1177784320,103534592,1382019072,1340874752,1387741184,93900800,94908416,95252480
1268273152,1284177920,100786176,96587776,1177784320,103534592,1382019072,1340874752,1387761664,93900800,94908416,95252480
1268285440,1284177920,100786176,96587776,1177784320,103534592,1382019072,1340874752,1387761664,93900800,94908416,95252480
1268285440,1284198400,100786176,96587776,1177784320,103534592,1382035456,1340895232,1337106432,93900800,94908416,95776768
1268289536,1284198400,100786176,96587776,1177784320,103534592,1330003968,1340895232,1337106432,95248384,94908416,95776768
1287073792,1284198400,100786176,96587776,1177784320,103534592,1330003968,1290244096,1337106432,95248384,94908416,95776768
1294295040,1284198400,100786176,96587776,1177784320,103534592,1330003968,1290244096,1337106432,95248384,96116736,95776768
1309724672,1284198400,100786176,101482496,1177784320,105156608,1330003968,1290244096,1337106432,95248384,96116736,95776768
1309724672,1242308608,100786176,101482496,1177784320,103886848,1330003968,1290244096,1337106432,95248384,96116736,95776768
1309724672,1242308608,100786176,101482496,1177784320,103886848,1330003968,1296035840,1337106432,95248384,95842304,95776768
1309724672,1242308608,101244928,101482496,1177784320,103886848,1379274752,1290285056,1337118720,95248384,148942848,95064064
1175760896,1242308608,101244928,101482496,1177784320,111333376,1379274752,1290285056,1337118720,104407040,148942848,95064064
1175760896,1242308608,101249024,101482496,1177784320,111362048,1346486272,1290326016,1337151488,94928896,95076352,95064064
1175760896,1242308608,109993984,110120960,1177784320,102457344,1393852416,1290326016,1337159680,94928896,95076352,95956992
1175797760,1242308608,109993984,100626432,1177784320,102457344,1393852416,1290326016,1337159680,93761536,95076352,95956992
1175797760,1242693632,100524032,100626432,1177784320,102457344,1347280896,1290326016,1337159680,93761536,95076352,95956992
1175814144,1242714112,100524032,93433856,1177784320,101888000,1347280896,1290326016,1337159680,93761536,95076352,95956992
1175814144,1242714112,98185216,93433856,1177784320,101888000,1347280896,1290326016,1337159680,98230272,94732288,95956992
1175814144,1242714112,98185216,93433856,1177784320,101888000,1353986048,1295474688,1337159680,98230272,99975168,99704832
1175814144,1242714112,98189312,93433856,1177784320,102367232,1353895936,1295474688,1345204224,93003776,94531584,99704832
1175814144,1242714112,98189312,93433856,1078038528,102367232,1353895936,1296285696,1345204224,93003776,94531584,95207424
1175814144,1242714112,98189312,93433856,1078038528,107589632,1353981952,1296285696,1338281984,109568000,109682688,95207424
1176145920,1242714112,97566720,93433856,1078038528,107589632,1353981952,1295388672,1337253888,93339648,93474816,95207424
1177219072,1242714112,97566720,102281216,1078038528,102211584,1353981952,1295388672,1337253888,93339648,93474816,95383552
1177219072,1246330880,97566720,95019008,1078038528,102211584,1353981952,1295388672,1337253888,93339648,93474816,95383552
994738176,1246240768,98729984,95019008,1078038528,102211584,1353981952,1295388672,1337253888,93339648,93474816,95383552
994738176,1246240768,98729984,100220928,1078038528,114929664,1353981952,1295388672,1337253888,93339648,93474816,95383552
994738176,1246253056,98725888,100220928,1097601024,114368512,1353981952,1295462400,1337253888,93339648,98381824,95383552
994738176,1246253056,98725888,100220928,1097601024,114368512,1354760192,1350385664,1337253888,98828288,93659136,95383552
994738176,1246253056,98725888,100220928,1109499904,104341504,1354760192,1350385664,1337253888,94101504,93659136,94756864
994738176,1246253056,98725888,100220928,1137733632,104341504,1405394944,1350389760,1387888640,94101504,93659136,94756864
1129963520,1246253056,99713024,100220928,1137733632,121937920,1405394944,1350389760,1387888640,94101504,93659136,94756864
1129963520,1246253056,99713024,103038976,1137733632,107749376,1405394944,1350389760,1387888640,94101504,93659136,94756864
1167433728,1246253056,99713024,98316288,1137733632,103047168,1405394944,1350389760,1387888640,94101504,93659136,94756864
1167433728,1290969088,99713024,98316288,1137733632,103047168,1405394944,1350389760,1387888640,94101504,93659136,94756864
1182498816,1290969088,99713024,98316288,1137733632,103047168,1405399040,1350389760,1387892736,94101504,93659136,94756864
1182502912,1290973184,99713024,98316288,1137737728,103047168,1405399040,1350389760,1387892736,94101504,93659136,94756864
1182502912,1290977280,99713024,98316288,1137737728,103047168,1405419520,1350410240,1387892736,94101504,93659136,94756864
1201233920,1290993664,99713024,98316288,1137737728,103047168,1405419520,1295462400,1387913216,94101504,101785600,94756864
1208446976,1290993664,99713024,98316288,1137737728,103047168,1354899456,1295462400,1387913216,94101504,94547968,96243712
1219686400,1249046528,99713024,95322112,1137737728,108142592,1354899456,1295462400,1340649472,94015488,94547968,96243712
1219686400,1249046528,99713024,95322112,1137737728,108142592,1354899456,1295462400,1340649472,94015488,94547968,96243712
1219743744,1249046528,99713024,95322112,1137750016,110452736,1354899456,1295462400,1340649472,94015488,94547968,96243712
1219747840,1249046528,99713024,95322112,1137750016,103342080,1354899456,1295462400,1340649472,94015488,94547968,96243712
1091158016,1249046528,151138304,95322112,1137745920,103342080,1354899456,1295462400,1340649472,94015488,94547968,96243712
1091158016,1249046528,99852288,95322112,1137745920,103346176,1354899456,1295462400,1340649472,94015488,108154880,96243712
1091158016,1249046528,99852288,95322112,1159008256,111710208,1355640832,1306042368,1340649472,94846976,95031296,105029632
1091158016,1249046528,99852288,95322112,1159008256,111710208,1355640832,1306042368,1342394368,94846976,95031296,105029632
1156067328,1249046528,100663296,95322112,1159008256,111714304,1355636736,1306079232,1342435328,94109696,95821824,95559680
1156755456,1255661568,100663296,95444992,1159008256,111714304,1355636736,1306079232,1342435328,94109696,95821824,96505856
1156755456,1255661568,104464384,95780864,1159008256,102928384,1355636736,1314041856,1342435328,94109696,95821824,96505856
1156755456,1255706624,104464384,95780864,1159008256,102928384,1355636736,1306390528,1342435328,94109696,100663296,96505856
1156755456,1255706624,104464384,94982144,1159495680,102932480,1356259328,1306390528,1342435328,93446144,100663296,96137216
1156755456,1255706624,104464384,94982144,1159495680,109449216,1356259328,1307250688,1342435328,93446144,95277056,96137216
1156755456,1256538112,104464384,94982144,1159512064,109449216,1356156928,1313943552,1343807488,93446144,94564352,96137216
1162969088,1256538112,104464384,101396480,1159512064,109514752,1356156928,1313943552,1342767104,93401088,94564352,96137216
1162969088,1258696704,110252032,101396480,1159512064,109514752,1356173312,1313943552,1342767104,93401088,94564352,96026624
1158070272,1269317632,105168896,94978048,1159512064,104161280,1356173312,1313943552,1342767104,93401088,94564352,96026624
1159118848,1269317632,105168896,100331520,1159512064,112885760,1356173312,1313943552,1342767104,93405184,94564352,96026624
1158979584,1258708992,105168896,100331520,1159557120,112885760,1356173312,1313943552,1342767104,93405184,94564352,96026624
1158979584,1258708992,102944768,100327424,1159512064,113709056,1356173312,1313943552,1342767104,93413376,97423360,96026624
1158979584,1258708992,102944768,100327424,1159512064,113709056,1356173312,1340588032,1342767104,99467264,97423360,96026624
1158979584,1258708992,102944768,100327424,1159512064,113713152,1356173312,1340588032,1342767104,94720000,95125504,96694272
1158979584,1258708992,102944768,100327424,1159626752,113713152,1406824448,1364549632,1414889472,94720000,95125504,96694272
1158979584,1258860544,102944768,99336192,1159626752,122347520,1406824448,1364623360,1414889472,94720000,95125504,96694272
1173377024,1300742144,99962880,99336192,1159630848,122347520,1406824448,1364623360,1414889472,94720000,95125504,96694272
1173377024,1300774912,99962880,99336192,1159630848,103456768,1406824448,1364623360,1414889472,94720000,95125504,96694272
1202466816,1300774912,99962880,99336192,1159630848,103456768,1406824448,1364623360,1414889472,94720000,95125504,96694272
1202466816,1300803584,99962880,99336192,1159630848,103456768,1406824448,1364643840,1414893568,94720000,95125504,96694272
1251717120,1300873216,99962880,99336192,1159630848,103456768,1406832640,1364643840,1414893568,94720000,95125504,96694272
1251725312,1300873216,99962880,99336192,1159630848,103456768,1406849024,1364643840,1414893568,94720000,95125504,96694272
1251725312,1300877312,99962880,99336192,1159630848,103456768,1406849024,1364656128,1364242432,125607936,95125504,96694272
1277829120,1300877312,99962880,99336192,1159630848,103456768,1356189696,1364656128,1364242432,95059968,95125504,94916608
1282072576,1260032000,99962880,96206848,1159630848,108363776,1356189696,1054547968,1364242432,95059968,95637504,94916608
1282199552,1260032000,99962880,96206848,1159630848,102604800,1356189696,1054547968,1364242432,95059968,95637504,94916608
1282199552,1260032000,99962880,96206848,1159630848,102604800,1356189696,1054547968,1364242432,95059968,95637504,94916608
1282199552,1260032000,99962880,96206848,1159630848,103968768,1356189696,1054547968,1364242432,95059968,95637504,94916608
1159270400,1260032000,99962880,96206848,1159630848,103927808,1356189696,1054547968,1364324352,95059968,95637504,94916608
1159270400,1260032000,100798464,96206848,1159630848,103927808,1356189696,1054547968,1364324352,95059968,104636416,94916608
1159270400,1260032000,100798464,96206848,1159630848,101556224,1356189696,1258831872,1364324352,95059968,104636416,94916608
1159270400,1260032000,100798464,96206848,1159630848,101556224,1362046976,1258831872,1364324352,95059968,95162368,94916608
1159270400,1260032000,100798464,97189888,1168265216,101556224,1362046976,1269088256,1370165248,104345600,95162368,94916608
1159270400,1260126208,100798464,97189888,1168265216,111091712,1364942848,1257521152,1364373504,104345600,95109120,95793152
1159270400,1260158976,100798464,97189888,1168265216,111112192,1364946944,1257521152,1364373504,94871552,95109120,95793152
1159270400,1260158976,109256704,96763904,1168265216,111112192,1364946944,1257521152,1364365312,95051776,95109120,95793152
1161441280,1260158976,109256704,96763904,1168265216,102248448,1364946944,1257521152,1364365312,95051776,95109120,96546816
1161441280,1260158976,99790848,96763904,1168265216,102248448,1364946944,1257521152,1364365312,95051776,95109120,96546816
1161482240,1260158976,101060608,96768000,1168265216,102248448,1364946944,1257521152,1366286336,95051776,95109120,101105664
1161482240,1260158976,101060608,96768000,1168265216,101703680,1364946944,1257521152,1098268672,95051776,99655680,95965184
1161482240,1260158976,101060608,96768000,1168265216,101707776,1364946944,1257521152,1102516224,95051776,94515200,95965184
1161482240,1260158976,101060608,96768000,1168265216,101707776,1364946944,1262252032,1242525696,99852288,94515200,109993984
1161482240,1260158976,101060608,96768000,1168490496,107278336,1364889600,1261834240,1242525696,94556160,94851072,94416896
1161482240,1260158976,101060608,96849920,1168490496,107425792,1364889600,1261834240,1242525696,94556160,94851072,94416896
1161482240,1260195840,101060608,96849920,1168490496,107442176,1364905984,1261834240,1242525696,108498944,94851072,94416896
1161482240,1260101632,101879808,96849920,1168490496,102035456,1364905984,1261834240,1242525696,93601792,94851072,94416896
1164828672,1260101632,101879808,96321536,1168490496,102035456,1364905984,1261834240,1242525696,93601792,94851072,94416896
1163706368,1260109824,105320448,96321536,1168490496,119304192,1364905984,1261834240,1242525696,93601792,94851072,100114432
1163706368,1260109824,105320448,96321536,1168490496,111415296,1364905984,1261834240,1314320384,94466048,99815424,95379456
1163706368,1260109824,99999744,96321536,1168490496,116133888,1415487488,1261834240,1314320384,94466048,99815424,95379456
1163706368,1260109824,99999744,96321536,1168490496,106106880,1415487488,1315352576,1350656000,94466048,95096832,95379456
1163706368,1260109824,99999744,96321536,1168490496,106106880,1415487488,1315352576,1350656000,94466048,95096832,95379456
1163706368,1260109824,99999744,100581376,1168494592,117198848,1415487488,1315352576,1350656000,94466048,95096832,95379456
1163706368,1301983232,99999744,95858688,1168494592,117198848,1415487488,1315352576,1350656000,94466048,95096832,95379456
1163726848,1301983232,104939520,95858688,1168494592,103014400,1415520256,1315454976,1350750208,94466048,95096832,95379456
1163726848,1302024192,100216832,95858688,1168494592,103014400,1415593984,1315454976,1350750208,94466048,95096832,95379456
1206980608,1302044672,100216832,95858688,1168494592,103014400,1415593984,1315454976,1350754304,94466048,95096832,95379456
1256247296,1302118400,100216832,95858688,1168494592,103014400,1415614464,1336303616,1350754304,94466048,95096832,95379456
1256247296,1302118400,100216832,95858688,1168494592,103014400,1415614464,1265848320,1350770688,94466048,95096832,95379456
1282162688,1302134784,100216832,95858688,1168494592,103014400,1364905984,1265848320,1350770688,94322688,96972800,95379456
1282162688,1260113920,100216832,95858688,1168494592,103014400,1364905984,1265848320,1350770688,94322688,96972800,95379456
1293623296,1260113920,100216832,95858688,1168494592,108716032,1364905984,1265848320,1302478848,94322688,96972800,96645120
1293647872,1260113920,100216832,97857536,1168494592,108716032,1364905984,1265848320,1302478848,94322688,96972800,96645120
1293647872,1260113920,100216832,97857536,1168494592,101593088,1364905984,1265848320,1302478848,94322688,96972800,96645120
1293647872,1260113920,100216832,97857536,1168494592,101593088,1364905984,1265848320,1302478848,94322688,96972800,96645120
1163624448,1260113920,100216832,97857536,1168494592,101597184,1364905984,1265852416,1302478848,94322688,105799680,96645120
1163624448,1260113920,100216832,97857536,1168494592,101597184,1365250048,1265852416,1302478848,95236096,96325632,96645120
1163624448,1260126208,102141952,97857536,1119363072,101597184,1365254144,1265926144,1302478848,94629888,96325632,96460800
1163624448,1260134400,102141952,97980416,1119363072,131698688,1365254144,1265926144,1316089856,94629888,95371264,96460800
1163624448,1260167168,110977024,96608256,1119367168,112726016,1365254144,1265926144,1316159488,94629888,95371264,96460800
1163624448,1260167168,110977024,96608256,1119367168,103256064,1365254144,1265926144,1316159488,94629888,100339712,99778560
1188720640,1260167168,101511168,96608256,1119367168,103849984,1365254144,1270288384,1316159488,99708928,100339712,99778560
1188749312,1260167168,102060032,96608256,1120550912,103854080,1365299200,1271099392,1316159488,94584832,95272960,99926016
1188749312,1260167168,102060032,96608256,1120550912,107819008,1365200896,1271099392,1327087616,94584832,68542464,99926016
1188749312,1260167168,102060032,96608256,1128919040,107917312,1051340800,1270374400,1328054272,77336576,63221760,99467264
1188749312,1260167168,108183552,96608256,1128919040,107917312,1051340800,1270374400,1328054272,62435328,63217664,70918144
1192026112,1033506816,108183552,102936576,1128919040,108019712,1051340800,1270374400,1334714368,62435328,63217664,70918144
1192026112,1048219648,102162432,97546240,1128919040,102596608,1051340800,1270374400,1334714368,62435328,63217664,65609728
1193074688,1052430336,68444160,85053440,1130573824,117006336,1051340800,1270374400,1334714368,62435328,63217664,65609728
1191940096,1098518528,68444160,85053440,1130573824,117006336,1051340800,1270374400,1334714368,62435328,63217664,65609728
1191940096,1098518528,68448256,67207168,1145724928,103260160,1051340800,1270374400,1390407680,62435328,63217664,65101824
1191940096,1098518528,68448256,67207168,1145724928,108584960,1051340800,1270374400,1390424064,62824448,62590976,65101824
1191940096,1098518528,68448256,67207168,1145724928,103288832,1106333696,1321037824,1390424064,62824448,62590976,65101824
1191940096,1098518528,68448256,67207168,1152188416,103288832,1106333696,1321037824,1390526464,62824448,62590976,65101824
1191940096,1098518528,68448256,67207168,1152188416,122327040,1106337792,1321037824,1390526464,62824448,62590976,65101824
1191940096,1098518528,72626176,68034560,1152188416,122327040,1106337792,1321037824,1390542848,62824448,62590976,65101824
1191940096,1152790528,67899392,63307776,1152188416,103407616,1106337792,1321037824,1390542848,62824448,62590976,65101824
1235189760,1152790528,67899392,63307776,1152188416,103407616,1106337792,1321037824,1390542848,62824448,62590976,65101824
1284435968,1152790528,67899392,63307776,1152188416,103407616,1106354176,1270378496,1341931520,62824448,61890560,65101824
1284440064,1152794624,67899392,63307776,1152188416,103407616,1125335040,1270378496,1341931520,62824448,61890560,64413696
1284440064,1152794624,67899392,63307776,1152188416,104742912,1125335040,1270378496,1341931520,61599744,61890560,64413696
1319211008,1152811008,67899392,63307776,1152188416,104742912,1057034240,1270378496,1341931520,61599744,61890560,64413696
1330520064,1112891392,67899392,63307776,1152188416,107307008,1057034240,1270378496,1341931520,61599744,61890560,64417792
1330520064,1112891392,67899392,63516672,1152188416,108646400,1057034240,1270378496,1341931520,61599744,61890560,64417792
1330536448,1112891392,67899392,63516672,1152188416,108646400,1057034240,1270378496,1341931520,61599744,61890560,64417792
1330536448,1112891392,67899392,63516672,1152188416,101531648,1057034240,1270378496,1342746624,61599744,61890560,64417792
1191952384,1112891392,68112384,63516672,1152188416,101531648,1057034240,1270378496,1359880192,61599744,61890560,64425984
1191952384,1112891392,68112384,63516672,1181040640,101531648,1057034240,1270378496,1359880192,71421952,62070784,64425984
1191952384,1112891392,68112384,63516672,1181040640,142618624,1072545792,1281228800,1359872000,61931520,62574592,64602112
1191952384,1123598336,68112384,74891264,1181040640,131817472,1072545792,1281228800,1359872000,61931520,62574592,64602112
1191956480,1123598336,69603328,74891264,1181040640,131817472,1072844800,1281269760,1359872000,62472192,61526016,64602112
1191964672,1124151296,68829184,65425408,1181040640,103370752,1072844800,1281269760,1359872000,62472192,61526016,64602112
1191997440,1124151296,68829184,64561152,1181040640,103370752,1072844800,1281269760,1359872000,62472192,61526016,64602112
1191997440,1124151296,68829184,64561152,1181040640,103968768,1072844800,1281269760,1359872000,62472192,63885312,64606208
1191997440,1124151296,68829184,64561152,1181040640,103968768,1072844800,1281269760,1361362944,62472192,62234624,64638976
1191997440,1124151296,68829184,64561152,1181040640,103968768,1072844800,1320472576,1361362944,62554112,62234624,64638976
1191997440,1124151296,68829184,64561152,1181040640,103419904,1074884608,1320472576,1502765056,62554112,62234624,64638976
1191997440,1124151296,68829184,64561152,1181253632,103419904,1074884608,1370038272,1500893184,63864832,62234624,64638976
1191997440,1274417152,73637888,65490944,1181253632,109318144,1446125568,1370038272,1500893184,63864832,62234624,64638976
1192587264,1287020544,73637888,65490944,1181253632,109420544,1455697920,1320472576,1453199360,63864832,62234624,64638976
1192587264,1287020544,68579328,65490944,1181253632,109420544,1317621760,1320472576,1582292992,63864832,62234624,64638976
1192587264,1287020544,68579328,65490944,1181253632,103895040,1317621760,1320472576,1453199360,63864832,62234624,64638976
1203662848,1287020544,68579328,65490944,1181253632,103895040,1317621760,1320472576,1453199360,63864832,62230528,64638976
1203662848,1287020544,68579328,65490944,1181253632,103895040,1317621760,1320472576,1554137088,63864832,62230528,64638976
1203662848,1287020544,68579328,65490944,1181253632,103895040,1317621760,1320472576,1554137088,63864832,62230528,64638976
1203662848,1287020544,68579328,65490944,1181253632,103895040,1317621760,1320472576,1455292416,63864832,62230528,64638976
1203662848,1387958272,68579328,65490944,1181253632,103895040,1317621760,1320472576,1455292416,63864832,62230528,64638976
1203662848,1387958272,68579328,65490944,1181253632,103895040,1367187456,1320472576,1455292416,63864832,62230528,64638976
1203662848,1287020544,68579328,65490944,1181253632,103895040,1367187456,1320472576,1504858112,63864832,62230528,64638976
1203662848,1287020544,68579328,65490944,1181253632,103895040,1317621760,1320472576,1504858112,63864832,62230528,64638976
1203662848,1387958272,68579328,65490944,1181253632,103895040,1317621760,1320472576,1455292416,63864832,62230528,64638976
1203662848,1287020544,68579328,65490944,1181253632,103895040,1317621760,1320472576,1455292416,63864832,62230528,64638976
1203662848,1287020544,68579328,65490944,1181253632,103895040,1317621760,1320472576,1455292416,63864832,62230528,64638976
1253228544,1287020544,68579328,65486848,1181253632,103895040,1317621760,1320472576,1455292416,63864832,62230528,64638976
1203662848,1287020544,68579328,65486848,1181253632,103895040,1367187456,1320472576,1455292416,63864832,62230528,64638976
1203662848,1287020544,68579328,65486848,1181253632,103895040,1367187456,1320472576,1455292416,63864832,62230528,64638976
1203662848,1287020544,68579328,65486848,1181253632,103895040,1317621760,1320472576,1455292416,63864832,62230528,64638976
1304600576,1287020544,68579328,65486848,1181253632,103895040,1317621760,1320472576,1455292416,63864832,62230528,64638976
1304600576,1287020544,68579328,65486848,1181253632,103895040,1317621760,1370038272,1455292416,63864832,62230528,64638976
1203662848,1287020544,68579328,65486848,1181253632,103895040,1317621760,1370038272,1457000448,63864832,62230528,64638976
1291993088,1287020544,68579328,65486848,1181253632,103895040,1367187456,1320472576,1457000448,63864832,62230528,64638976
1291993088,1287020544,68579328,65486848,1181253632,103895040,1367187456,1320472576,1457000448,63864832,62230528,64638976
1203662848,1287020544,68579328,65486848,1181253632,103895040,1317621760,1320472576,1457000448,63864832,62230528,64638976
1203662848,1287020544,68579328,65486848,1181253632,103895040,1436180480,1320472576,1457000448,63864832,62230528,64638976
1203662848,1287020544,68579328,65486848,1181253632,103895040,1317621760,1320472576,1506566144,63864832,62230528,64638976
1253228544,1287020544,68579328,65486848,1181253632,103895040,1317621760,1320472576,1506566144,63864832,62230528,64638976
1253228544,1287020544,68579328,65486848,1181253632,103895040,1317621760,1320472576,1506566144,63864832,62230528,64638976
1203662848,1287020544,68579328,65486848,1181253632,103895040,1387143168,1320472576,1506566144,63864832,62230528,64638976
1203662848,1287020544,68579328,65486848,1181253632,103895040,1387143168,1320472576,1506566144,63864832,62230528,64638976
1203662848,1287020544,68579328,65486848,1181253632,103895040,1317621760,1320472576,1457328128,63864832,62230528,64638976
1343328256,1287020544,68579328,65486848,1181253632,103895040,1317621760,1320472576,1457328128,63864832,62230528,64638976
1343328256,1287020544,68579328,65486848,1181253632,103895040,1468125184,1320472576,1457328128,63864832,62230528,64638976
1203662848,1287020544,68579328,65486848,1181253632,103895040,1317621760,1320472576,1457328128,63864832,62230528,64638976
1203662848,1287020544,68579328,65486848,1181253632,103895040,1317621760,1320472576,1457328128,63864832,62230528,64638976
1203662848,1336586240,68579328,65486848,1181253632,103895040,1317621760,1320472576,1457328128,63864832,62230528,64638976
1203662848,1287020544,68579328,65486848,1181253632,103895040,1317621760,1320472576,1457328128,63864832,62230528,64638976
1203662848,1287020544,68579328,65486848,1181253632,103895040,1317621760,1320472576,1457328128,63864832,62230528,64638976
1203662848,1287020544,68579328,65486848,1181253632,103899136,1468125184,1320472576,1457328128,63864832,62230528,64638976
1203662848,1287020544,68579328,65486848,1181253632,103899136,1317621760,1320472576,1457328128,63864832,62230528,64638976
1203662848,1287020544,68579328,65486848,1181253632,103899136,1317621760,1320472576,1457389568,63864832,62230528,64638976
1253228544,1287020544,68579328,65486848,1181253632,103899136,1367187456,1320472576,1457389568,63864832,62230528,64638976
1203662848,1287020544,68579328,65486848,1181253632,103899136,1416974336,1320472576,1659265024,63864832,62230528,64638976
1203662848,1287020544,68579328,65486848,1181253632,103899136,1416974336,1320472576,1457389568,63864832,62230528,64638976
1203662848,1287020544,68579328,65486848,1181253632,103899136,1317621760,1320472576,1457389568,63864832,62230528,64638976
1203662848,1287020544,68579328,65486848,1181253632,103899136,1317621760,1320472576,1530630144,63864832,62230528,64638976
1203662848,1312935936,68579328,65486848,1181253632,103899136,1317621760,1451778048,1530630144,63864832,62230528,64638976
1203662848,1312935936,68579328,65486848,1181253632,103899136,1317621760,1451778048,1530630144,63864832,62230528,64638976
1330339840,1287020544,68579328,65486848,1181253632,103899136,1317621760,1451778048,1530630144,63864832,62230528,64638976
1203662848,1287020544,68579328,65486848,1181253632,103899136,1317621760,1451778048,1530630144,63864832,62230528,64638976
1203662848,1287020544,68579328,65486848,1181253632,103899136,1317621760,1451778048,1457389568,63864832,62230528,64638976
1203662848,1287020544,68579328,65486848,1181253632,103899136,1317621760,1370038272,1506955264,63864832,62230528,64638976
1203662848,1287020544,68579328,65486848,1181253632,103899136,1451388928,1518153728,1506955264,63864832,62230528,64638976
1203662848,1287020544,68579328,65486848,1181253632,103899136,1451388928,1320472576,1457905664,63864832,62230528,64638976
1203662848,1287020544,68579328,65486848,1181253632,103899136,1317621760,1320472576,1457905664,63864832,62230528,64638976
1203662848,1287020544,68579328,65486848,1181253632,103899136,1317621760,1320472576,1457905664,63864832,62230528,64638976
1203662848,1287020544,68579328,65486848,1181253632,103899136,1317621760,1320472576,1457905664,63864832,62230528,64638976
1203662848,1287020544,68579328,65486848,1181253632,103899136,1317621760,1320472576,1457905664,63864832,62230528,64638976
1203662848,1287020544,68579328,65486848,1181253632,103899136,1317621760,1320472576,1457905664,63864832,62230528,64638976
1203662848,1287020544,68579328,65486848,1181253632,103899136,1317621760,1320472576,1457905664,63864832,62230528,64638976
1203662848,1287020544,68579328,65486848,1181253632,103899136,1317621760,1320472576,1457905664,63864832,62230528,64638976
1203662848,1412251648,68579328,65486848,1181253632,103899136,1317621760,1320472576,1457905664,63864832,62230528,64638976
1203662848,1287020544,68579328,65486848,1181253632,103899136,1317621760,1320472576,1457905664,63864832,62230528,64638976
1203662848,1287020544,68579328,65486848,1181253632,103899136,1317621760,1320472576,1457905664,63864832,62230528,64638976
1203662848,1336586240,68579328,65486848,1181253632,103899136,1317621760,1320472576,1458315264,63864832,62230528,64638976
1203662848,1287020544,68579328,65486848,1181253632,103899136,1317621760,1370038272,1458315264,63864832,62230528,64638976
1203662848,1287020544,68579328,65486848,1181253632,103899136,1317621760,1320472576,1557446656,63864832,62230528,64638976
1203662848,1287020544,68579328,65486848,1181253632,103899136,1317621760,1320472576,1458315264,63864832,62230528,64638976
1203662848,1287020544,68579328,65486848,1181253632,103899136,1367187456,1320472576,1458315264,63864832,62230528,64638976
1203662848,1287020544,68579328,65486848,1181253632,103899136,1367187456,1320472576,1458315264,63864832,62230528,64638976
1203662848,1287020544,68579328,65486848,1181253632,103899136,1466433536,1320472576,1458315264,63864832,62230528,64638976
1203662848,1287020544,68579328,65486848,1181253632,103899136,1317621760,1320472576,1458315264,63864832,62230528,64638976
1203662848,1287020544,68579328,65486848,1181253632,103899136,1317621760,1320472576,1458315264,63864832,62230528,64638976
1283252224,1287020544,68579328,65486848,1181253632,103899136,1317621760,1320472576,1458315264,63864832,62230528,64638976
1203662848,1287020544,68579328,65486848,1181253632,103899136,1468125184,1320472576,1508671488,63864832,62230528,64638976
1203662848,1287020544,68579328,65486848,1181253632,103899136,1468125184,1320472576,1508671488,63864832,62230528,64638976
1203662848,1287020544,68579328,65486848,1181253632,103899136,1317621760,1320472576,1459105792,63864832,62230528,64638976
1253228544,1287020544,68579328,65486848,1181253632,103899136,1317621760,1320472576,1459105792,63864832,62230528,64638976
1253228544,1287020544,68579328,65486848,1181253632,103899136,1317621760,1320472576,1459105792,63864832,62230528,64638976
1203662848,1287020544,68579328,65486848,1181253632,103899136,1317621760,1370042368,1463300096,63864832,62230528,64638976
1203662848,1287020544,68579328,65486848,1181253632,103899136,1461874688,1320472576,1459105792,63864832,62230528,64638976
1203662848,1287020544,68579328,65486848,1181253632,103899136,1416708096,1320472576,1459105792,63864832,62230528,64638976
1203662848,1287020544,68579328,65486848,1181253632,103899136,1416708096,1320472576,1459105792,63864832,62230528,64638976
1203662848,1287020544,68579328,65486848,1181253632,103899136,1416708096,1320472576,1459105792,63864832,62230528,64638976
1203662848,1287020544,68579328,65486848,1181253632,103903232,1416708096,1320472576,1558237184,63864832,62230528,64638976
1203662848,1287020544,68579328,65486848,1181253632,103903232,1317621760,1320472576,1558237184,63864832,62230528,64638976
1203662848,1287020544,68579328,65486848,1181253632,103903232,1317621760,1320472576,1459113984,63864832,62230528,64638976
1203662848,1287020544,68579328,65486848,1181253632,103903232,1317621760,1320472576,1459113984,63864832,62230528,64638976
1203662848,1287020544,68579328,65486848,1181253632,103903232,1317621760,1320472576,1459113984,63864832,62230528,64638976
1203662848,1287020544,68579328,65486848,1181253632,103903232,1317621760,1320472576,1508679680,63864832,62230528,64638976
1203662848,1332752384,68579328,65486848,1181253632,103903232,1367187456,1320472576,1459113984,63864832,62230528,64638976
1203662848,1332752384,68579328,65486848,1181253632,103903232,1367187456,1320472576,1459113984,63864832,62230528,64638976
1253228544,1287020544,68579328,65486848,1181253632,103903232,1317621760,1320472576,1459113984,63864832,62230528,64638976
1253228544,1287020544,68579328,65486848,1181253632,103903232,1317621760,1320472576,1459113984,63864832,62230528,64638976
1203662848,1287020544,68579328,65486848,1181253632,103903232,1317621760,1320472576,1459113984,63864832,62230528,64638976
1203662848,1287020544,68579328,65486848,1181253632,103903232,1317621760,1320472576,1610100736,63864832,62230528,64638976
1203662848,1287020544,68579328,65486848,1181253632,103903232,1317621760,1320472576,1610100736,63864832,62230528,64638976
1203662848,1287020544,68579328,65486848,1181253632,103903232,1317621760,1320472576,1545854976,63864832,62230528,64638976
1203662848,1287020544,68579328,65486848,1181253632,103903232,1317621760,1320472576,1545854976,63864832,62230528,64638976
1203662848,1287020544,68579328,65486848,1181253632,103903232,1317621760,1320472576,1459597312,63864832,62230528,64638976
1203662848,1287020544,68579328,65486848,1181253632,103903232,1418657792,1370038272,1459597312,63864832,62230528,64638976
1203662848,1310961664,68579328,65486848,1181253632,103903232,1317621760,1370038272,1459597312,63864832,62230528,64638976
1300910080,1310961664,68579328,65486848,1181253632,103903232,1317621760,1320472576,1459597312,63864832,62230528,64638976
1203662848,1287020544,68579328,65486848,1181253632,103903232,1317621760,1320472576,1459597312,63864832,62230528,64638976
1203666944,1287020544,68579328,65486848,1181253632,103903232,1367187456,1320472576,1459597312,63864832,62230528,64638976
1203666944,1287020544,68579328,65486848,1181253632,103903232,1317621760,1370038272,1459597312,63864832,62230528,64638976
1203662848,1287020544,68579328,65486848,1181253632,103903232,1317621760,1370038272,1461153792,63864832,62230528,64638976
1203662848,1287020544,68579328,65486848,1181253632,103903232,1317621760,1320472576,1461153792,63864832,62013440,64638976
1203662848,1383755776,68579328,65486848,1181253632,103903232,1317765120,1320472576,1461170176,62644224,62013440,63762432
1203662848,1383755776,68579328,65486848,1181253632,103903232,1317765120,1320472576,1461170176,62644224,62013440,63762432
1203662848,1287020544,68579328,65486848,1181253632,103903232,1317765120,1320472576,1461170176,62648320,62017536,63762432
1203662848,1287020544,68579328,65486848,1181253632,103903232,1317765120,1320472576,1461170176,62648320,62017536,63766528
1296908288,1287020544,68579328,65486848,1181253632,103903232,1317765120,1320472576,1461170176,62648320,62017536,63766528
1296908288,1287020544,68579328,65486848,1181253632,103903232,1317765120,1320472576,1461170176,62648320,62017536,63766528
1203662848,1287020544,68579328,65486848,1181253632,103903232,1317765120,1320472576,1461170176,62648320,62017536,63766528
1203662848,1287020544,68579328,65486848,1181253632,103903232,1317765120,1320472576,1461170176,62652416,62017536,63766528
1203662848,1287020544,68579328,65486848,1181253632,103903232,1317765120,1320472576,1461170176,62652416,62017536,63766528
1203662848,1287020544,68579328,65486848,1181253632,103903232,1317765120,1320472576,1461170176,62652416,62017536,63766528
1203662848,1287020544,68579328,65486848,1181253632,103903232,1317765120,1320472576,1461170176,62652416,62017536,63766528
1203662848,1287020544,68579328,65486848,1181253632,103903232,1317765120,1320472576,1461170176,62652416,62017536,63766528
1203662848,1287020544,68579328,65486848,1181253632,103903232,1317765120,1320472576,1461170176,62652416,62017536,63766528
1203662848,1287020544,68579328,65486848,1181253632,103903232,1317765120,1320472576,1461170176,62652416,62017536,63766528
1203662848,1287020544,68579328,65486848,1181253632,103903232,1317765120,1320472576,1461170176,62652416,62017536,63766528
1203662848,1287020544,68579328,65486848,1181253632,103903232,1317765120,1320472576,1461170176,62652416,62017536,63766528
1203662848,1287020544,68579328,65486848,1181253632,103903232,1317765120,1320472576,1461170176,62652416,62017536,63766528
1203662848,1287020544,68579328,65486848,1181253632,103903232,1317765120,1320472576,1461170176,62652416,62017536,63766528
1203662848,1287020544,68579328,65486848,1181253632,103903232,1317765120,1320472576,1461170176,62652416,62017536,63770624
1203662848,1287020544,68579328,65486848,1181253632,103903232,1317765120,1320472576,1461170176,62652416,62017536,63770624
1203666944,1287020544,68579328,65486848,1181253632,103903232,1317765120,1320472576,1461170176,62652416,62017536,63770624
1203662848,1287020544,68579328,65486848,1181253632,103903232,1317765120,1320472576,1461170176,62652416,62017536,63770624
1203662848,1287020544,68579328,65486848,1181253632,103903232,1317765120,1320472576,1461170176,62652416,62017536,63774720
1203662848,1387958272,68579328,65486848,1181253632,103907328,1317765120,1320472576,1461170176,62652416,62017536,63774720
1203662848,1287020544,68579328,65486848,1181253632,103907328,1317765120,1320472576,1461170176,62652416,62017536,63774720
1302794240,1311322112,68579328,65486848,1181253632,103907328,1317765120,1320472576,1461170176,62652416,62017536,63774720
1302794240,1311322112,68579328,65486848,1181253632,103907328,1317765120,1320472576,1461170176,62652416,62017536,63774720
1203662848,1287020544,68579328,65486848,1181253632,103907328,1317765120,1320472576,1461170176,62652416,62017536,63774720
1203662848,1287020544,68579328,65486848,1181253632,103907328,1317765120,1320472576,1461170176,62652416,62017536,63774720
1203662848,1287020544,68579328,65486848,1181253632,103907328,1317765120,1320472576,1461170176,62652416,62017536,63774720
1203662848,1287020544,68579328,65486848,1181253632,103907328,1317765120,1320472576,1461170176,62652416,62017536,63778816
1203662848,1287020544,68579328,65486848,1181253632,103907328,1317765120,1320472576,1461469184,62652416,62017536,63778816
1253228544,1287020544,68579328,65486848,1181253632,103907328,1317765120,1320472576,1461469184,62652416,62017536,63778816
1253228544,1287020544,68579328,65486848,1181253632,103907328,1317765120,1320472576,1461469184,62652416,62017536,63778816
1203662848,1287020544,68579328,65486848,1181253632,103907328,1317765120,1320472576,1461469184,62652416,62017536,63778816
1203662848,1287020544,68579328,65486848,1181253632,103907328,1317765120,1320472576,1461469184,62656512,62017536,63778816
1203662848,1287020544,68579328,65486848,1181253632,103907328,1317765120,1320472576,1461469184,62656512,62017536,63778816
1203662848,1287020544,68579328,65486848,1181253632,103907328,1317765120,1320472576,1461469184,62656512,62021632,63778816
1203662848,1287020544,68579328,65486848,1181253632,103907328,1317765120,1320472576,1461469184,62656512,62021632,63778816
1203662848,1287020544,68579328,65486848,1181253632,103907328,1317765120,1320472576,1461469184,62656512,62021632,63778816
1203662848,1287020544,68579328,65486848,1181253632,103907328,1317765120,1320472576,1461469184,62656512,62021632,63778816
1203662848,1287020544,68579328,65486848,1181253632,103911424,1317765120,1320472576,1461469184,62656512,62021632,63778816
1253228544,1287020544,68579328,65486848,1181253632,103911424,1317765120,1320472576,1461469184,62656512,62021632,63778816
1253228544,1287020544,68579328,65486848,1181253632,103911424,1317765120,1320472576,1462210560,62656512,62021632,63778816
1203662848,1287020544,68579328,65486848,1181253632,103911424,1317765120,1320472576,1462210560,62656512,62021632,63778816
1203662848,1287020544,68579328,65486848,1181253632,103911424,1317765120,1320472576,1462210560,62656512,62021632,63778816
1203662848,1287020544,68579328,65486848,1181253632,103911424,1317765120,1320472576,1462210560,62656512,62021632,63778816
1240895488,1287020544,68579328,65486848,1181253632,103911424,1317765120,1320472576,1462210560,62656512,62021632,63778816
1240895488,1287020544,68579328,65486848,1181253632,103911424,1317765120,1320472576,1462210560,62656512,62021632,63778816
1203662848,1287020544,68579328,65486848,1181253632,103911424,1317765120,1320472576,1462210560,62656512,62021632,63778816
1203662848,1287020544,68579328,65486848,1181253632,103911424,1317765120,1320472576,1462210560,62656512,62021632,63778816
1203662848,1287020544,68579328,65486848,1181253632,103911424,1317765120,1320472576,1462210560,62656512,62021632,63778816
1213505536,1287020544,68579328,65486848,1181253632,103911424,1317765120,1320472576,1462210560,62656512,62021632,63782912
1213505536,1287020544,68579328,65486848,1181253632,103911424,1317765120,1320472576,1462210560,62656512,62021632,63782912
1203662848,1287020544,68579328,65486848,1181253632,103911424,1317765120,1320472576,1462210560,62656512,62021632,63787008
1253228544,1287020544,68579328,65486848,1181253632,103911424,1317765120,1320472576,1462210560,62656512,62021632,63787008
1203662848,1336586240,68579328,65486848,1181253632,103911424,1317765120,1320472576,1462210560,62656512,62021632,63787008
1203662848,1287020544,68579328,65486848,1181253632,103911424,1317765120,1320472576,1462210560,62656512,62021632,63787008
1203662848,1287020544,68579328,65486848,1181253632,103911424,1317765120,1320472576,1462210560,62656512,62021632,63787008
1203662848,1287020544,68579328,65486848,1181253632,103911424,1317765120,1320472576,1462210560,62656512,62021632,63787008
1203662848,1287020544,68579328,65486848,1181253632,103911424,1317765120,1320472576,1462210560,62656512,62021632,63787008
1203662848,1287020544,68579328,65486848,1181253632,103911424,1317765120,1320472576,1462210560,62656512,62005248,63787008
1203662848,1287020544,68579328,65486848,1181253632,103911424,1317765120,1320472576,1462210560,62656512,62005248,63787008
1203662848,1387958272,68579328,65486848,1181253632,103911424,1317765120,1320472576,1462210560,62656512,62021632,63787008
1203662848,1387958272,68579328,65486848,1181253632,103911424,1317765120,1320472576,1462210560,62656512,62021632,63787008
1253228544,1287020544,68579328,65486848,1181253632,103911424,1317765120,1320472576,1462226944,62656512,62021632,63787008
1253228544,1387958272,68579328,65486848,1181253632,103911424,1317765120,1320472576,1462226944,62656512,62021632,63787008
1203662848,1387958272,68579328,65486848,1181253632,103911424,1317765120,1320472576,1462226944,62656512,62021632,63787008
1203662848,1287020544,68579328,65486848,1181253632,103911424,1317765120,1320472576,1462226944,62656512,62021632,63787008
1203662848,1287020544,68579328,65486848,1181253632,103911424,1317765120,1320472576,1462226944,62656512,62021632,63787008
1203662848,1287020544,68579328,65486848,1181253632,103911424,1317765120,1320472576,1462226944,62656512,62021632,63787008
1203662848,1287020544,68579328,65576960,1181253632,103911424,1317765120,1320472576,1462226944,62656512,62021632,63787008
1203662848,1287020544,69795840,65576960,1181253632,103911424,1317765120,1320472576,1462226944,62656512,62021632,63787008
1203662848,1287020544,69795840,65576960,1181253632,103915520,1317765120,1320472576,1462226944,62656512,62021632,63787008
1203662848,1287020544,69795840,65576960,1117831168,103915520,1317765120,1320472576,1462226944,62656512,62025728,63787008
1203662848,1287020544,69795840,65576960,1117966336,103919616,1317765120,1320472576,1462226944,62656512,62025728,63787008
1203662848,1287020544,69795840,65576960,1118056448,103919616,1317765120,1320472576,1462226944,62656512,62025728,63787008
1203662848,1287020544,69795840,65576960,1118056448,103919616,1317765120,1320472576,1462226944,62656512,62025728,63787008
1203662848,1287020544,69795840,65576960,1118056448,103919616,-,-,-,-,-,-
1203662848,1287020544,69795840,65576960,1118056448,103919616,-,-,-,-,-,-
