dockerfiles-laptop-clientapp-0-1,dockerfiles-laptop-clientapp-1-1,dockerfiles-laptop-clientapp-2-1,dockerfiles-laptop-supernode-0-1,dockerfiles-laptop-supernode-1-1,dockerfiles-laptop-supernode-2-1,dockerfiles-serverapp-1,dockerfiles-superlink-1,dockerfiles-desktop-clientapp-0-1,dockerfiles-desktop-clientapp-1-1,dockerfiles-desktop-clientapp-2-1,dockerfiles-desktop-clientapp-3-1,dockerfiles-desktop-supernode-0-1,dockerfiles-desktop-supernode-1-1,dockerfiles-desktop-supernode-2-1,dockerfiles-desktop-supernode-3-1
0,0,0,0.0011638080000000081,0.0018140544000000013,0.0015206400000000052,0.0009509184000000062,0.0035895744000000265,0.0009375014000000036,0,0.0014371070000000065,0.0010018162999999916,0.0013214787999999945,0.0011333380000000009,0,0.0011736094999999997
0.0011191620000000025,0.0012020932000000098,0.0008511360000000033,0.0009186540000000065,0.0014319272000000013,0.0012003200000000043,0.0040311655999999965,0.002833437200000021,0.0006648807000000026,0.0010182034500000037,0.001955063850000001,0.0018258539999999965,0.001843973549999995,0.0016025885999999987,0.0011328701999999905,0.0008323297499999997
0.0019491226666666743,0.0017465680000000052,0.0020912837333333313,0.002189951466666674,0.002363924800000002,0.0018669824000000048,0.0036725770666666633,0.003048882666666664,0.0016696194333333293,0.0014482463666666732,0.001687852566666667,0.0021429199666666604,0.0015919456999999955,0.002139876233333332,0.0009780334666666583,0.00171742653333332
0.0018539670000000071,0.0016613010000000048,0.001989187799999998,0.0020830386000000064,0.00309353040000001,0.0017758368000000044,0.0453528672,0.006758084999999997,0.0026228548500000027,0.0019239874500000054,0.002433948824999998,0.001973292474999994,0.0022684758249999913,0.001970489674999999,0.0020170323250000054,0.0023148163500000037
0.0026375148800000018,0.0024125190400000056,0.0026580211200000065,0.0030301120000000097,0.0038763667200000006,0.0028865683200000026,0.19309042176,0.006549967999999997,0.002487575880000003,0.0018247539600000054,0.002308413059999998,0.002583310859999998,0.002151474659999992,0.0025191808199999987,0.0024518302200000094,0.002195425080000004
0.002581645733333335,0.0032978413333333385,0.003248614800000009,0.002965926666666676,0.003794255600000001,0.002825423600000003,0.1890002848,0.006813669866666671,0.0031852624333333366,0.002541199300000005,0.002941219999999997,0.0024896540499999985,0.0028770994333333277,0.0032699518333333295,0.003026315849999999,0.0027656705499999926
0.0033087984000000083,0.0032468640000000047,0.0031983984000000082,0.0037776672000000085,0.004491624000000008,0.0036931008000000037,0.3783107711999999,0.006708345600000004,0.003597500157142858,0.0024729165428571476,0.003467539057142855,0.0031094538571428535,0.0032575733142857083,0.0031820872857142818,0.0029449978714285703,0.003440511271428566
0.003269836100000009,0.003950074600000008,0.0040670298000000035,0.0046944639000000106,0.004438733500000009,0.004350144300000005,0.37385602479999996,0.0087955329,0.0035229988875000013,0.0032857135874999996,0.0039959262375,0.0035024582624999974,0.006292814137499993,0.0038150513625000004,0.0036320285249999977,0.003369261112499995
0.004327666666666668,0.004911888888888889,0.004892444444444453,0.005505888888888897,0.005885000000000005,0.004430333333333339,0.3841273333333333,0.008957666666666668,0.08027124917777778,0.04066392222222222,0.0037826777777777774,0.12291631111111112,0.0059569888888888825,0.006902688888888891,0.006758133333333336,0.006649588888888885
0.0229738888888889,0.004911888888888889,0.004892444444444453,0.00928733333333334,0.005550333333333337,0.004565555555555551,0.3835158888888889,0.010026111111111095,0.07984512206666668,0.18087496666666666,0.15437086443333334,0.12245056666666666,0.0059999111111111135,0.007025355555555556,0.006758133333333336,0.0061039777777777745
0.022062222222222233,0.01655255555555556,0.08333522222222223,0.00928733333333334,0.009713222222222238,0.008642000000000002,0.3822306666666667,0.010026111111111095,0.4095074607777778,0.1802075111111111,0.15378316795555555,0.4766365528222222,0.005865744444444442,0.006501711111111113,0.0069315111111111225,0.006887366666666662
0.2541997777777778,0.15002888888888888,0.20901122222222226,0.008794999999999997,0.008766000000000015,0.007950444444444446,0.38335966666666665,0.02587055555555557,0.5361104498666667,0.5444879777777778,0.5285229066111111,0.47514976785555557,0.006474877777777766,0.0066118333333333385,0.0074225666666666735,0.006873233333333347
0.2541997777777778,0.15002888888888888,0.37092644444444445,0.009402222222222227,0.008761333333333338,0.008969888888888895,0.34469188888888885,0.022785000000000007,0.5352397543111111,0.5440011666666668,0.5692755471666667,0.5323010974722223,0.005813122222222214,0.0066118333333333385,0.006501999999999996,0.006268544444444446
0.396209888888889,0.3739432222222222,0.3702183333333333,0.008421444444444445,0.00790966666666668,0.008506888888888892,0.20004744444444442,0.023904444444444457,0.518103630725,0.5269331300625,0.551363675625,0.5144571362875,0.005630735512499992,0.005856726487500004,0.005844231224999992,0.0060718688625000005
0.396209888888889,0.4144225555555556,0.4045366666666667,0.009388777777777777,0.008698333333333327,0.008506888888888892,0.20096099999999997,0.023505666666666675,0.4961591696479951,0.5245610958065503,0.5222088536088154,0.4917696747270173,0.00510243852668095,0.005436220793796553,0.00552807876747271,0.005795969799000111
0.4020835555555556,0.4144225555555556,0.41264266666666677,0.009176111111111114,0.008812444444444439,0.008608111111111113,0.008372555555555631,0.023991555555555558,0.49583383906540146,0.5279254157739006,0.5265241598642996,0.4911730806740664,0.005433639424548513,0.005988348127742067,0.00552807876747271,0.005158238955208659
0.40581722222222233,0.4210417777777778,0.4117196666666667,0.008197111111111112,0.008812444444444439,0.00849855555555554,0.009520111111111125,0.022245111111111125,0.5011075746740128,0.5308975920824405,0.5307447453943475,0.49275963853047855,0.0027365574941332514,0.005380848892970101,0.005532455871849814,0.005599806142230388
0.40481966666666674,0.4201527777777778,0.4191001111111111,0.008238666666666667,0.00820966666666667,0.00849855555555554,0.0061403333333333405,0.022819555555555558,0.4362316600346903,0.50271008060402,0.5380015893694521,0.38292854663911846,0.0035747576777879794,0.0029304152637485946,0.0024838485868788887,0.002871941638608308
0.38978,0.4269582222222223,1.0592238854666667,0.004517888888888883,0.008064666666666671,0.00841077777777778,0.007776666666666642,0.019971000000000013,0.4406847464544434,0.37395797367615546,0.39898150188756243,0.38440073399755126,0.0029711968166513548,0.002981614121008061,0.003197785940210184,0.0035299255178043052
0.3939275555555556,0.4177918888888889,0.9943237777777779,0.005335888888888881,0.004871111111111098,0.005068333333333317,0.0063895555555554635,0.020362666666666678,0.13684633200693805,1.0834274783981226,1.2725125200367309,0.06756903377206408,0.0033042036526884965,0.0034078053259871425,0.0029370268339965287,0.002810560146923784
0.16527633333333336,0.28878077777777783,2.174209333333333,0.005423555555555552,0.004871111111111098,0.006023000000000001,0.0064623333333333486,0.004631444444444435,1.0166990920220362,0.7487984084880636,2.1995502346459905,0.06756214037951438,0.003121801673127938,0.002779055294837784,0.0024858498265660093,0.002896939400122415
0.16527633333333336,0.28878077777777783,2.8474301111111116,0.004816333333333324,0.004922111111111097,0.005003555555555552,0.007162888888888929,0.004090333333333332,1.0168028262422202,1.6780686358534842,2.1617138251198855,0.3647559330680542,0.0031221201918171667,0.003642046729925515,0.0029864299561269277,0.0034562085501479434
0.02829255555555557,0.34817733333333334,3.327341888888889,0.005687888888888888,0.005680111111111108,0.0053981111111111165,0.007162888888888929,0.003595222222222219,1.9444497702030212,2.5950834069013244,3.0326224415441034,1.2517970945895824,0.003654242995016244,0.003220077211051745,0.002948524998828274,0.0035210003456599085
0.26128844444444443,0.8006144444444444,3.2923825555555557,0.005697888888888891,0.005413333333333345,0.006350888888888894,0.007846555555555629,0.003595222222222219,2.646508497918009,2.6692709091067655,3.9037389624541716,1.286983186123764,0.0037818575713809534,0.003676747028107986,0.003341817575824908,0.0036439617820242104
0.553436111111111,0.8006144444444444,3.749591222222222,0.005982999999999998,0.004538333333333336,0.005332444444444449,0.007755777777777696,0.0039191111111111085,2.646508497918009,3.8106225730818792,3.899392926822575,2.229047704542828,0.0035296411509832233,0.0034250194422841933,0.003341817575824908,0.004044528385734904
0.5497024444444444,1.2493102222222223,4.030162333333333,0.005982999999999998,0.005442777777777784,0.005757000000000012,0.007461222222222218,0.003459444444444435,3.5543071674036213,4.502311641002111,4.9754971560626595,2.833277026737029,0.003827841350961,0.0034250194422841933,0.0032724252860793284,0.0038724586157093633
0.983366111111111,1.6140322222222225,4.408255333333334,0.00608155555555555,0.00539799999999999,0.005757000000000012,0.007461222222222218,0.0032325555555555597,4.579127463133814,5.132789322609661,4.972971758343142,3.4538745891438087,0.0033292282065519162,0.0032960910605219365,0.00354930594114381,0.003733858967240423
1.313179777777778,1.9917733333333332,4.1303,0.005983333333333328,0.004711222222222213,0.005706777777777777,0.0071318888888889384,0.0034357777777777663,4.577381258272222,5.135553127644445,5.950409481812223,3.455197494556667,0.0033310777777777792,0.0030452333333333306,0.002773799999999999,0.00333303333333334
1.839618883923456,2.4115001718803715,4.620804973072075,0.00586409991978916,0.005505442878423288,0.006137045949352583,0.008572247049386991,0.0038651312020167245,5.367412245942223,5.582915402067778,5.795863774318889,4.191183231245556,0.0028249666666666723,0.0025811111111111104,0.0026737666666666712,0.00333303333333334
2.162052022459035,2.8349691761200866,3.601745846224361,0.006098544746189997,0.005505442878423288,0.0058418700584393106,0.007332874985676648,0.00372487681906727,5.196068962549172,5.583451711333482,4.436197199688855,4.951157567960885,0.0029600066674074924,0.002932336926325152,0.00267406378486499,0.0029749083231470253
2.569360449129239,3.2434861365719527,3.131989802933089,0.0066524977085243,0.005597502291475721,0.0058412007332722116,0.007683432630614095,0.004278070577451881,5.193846181803843,5.730804885550372,5.3887642674664,4.725403757769633,0.0029586915472620268,0.001991858269465736,0.0024736976563367826,0.002800510940797512
2.5636304572017874,2.9508817463045722,2.9255967686490205,0.005754440242924259,0.004816431763492608,0.0060749398418700525,0.009086283946373354,0.0036346969176120052,5.100107000777864,4.84960217801978,4.5994102900322265,4.69919686631848,0.0024969996666296306,0.0026576397377486337,0.0025452494721635763,0.0022916435159462257
2.902213475421107,2.9647923685115156,3.275671479317062,0.005483556777815971,0.0052082044230548925,0.0057345021198579,0.007439097055116306,0.004642488827775877,5.231500288920992,5.803521835759529,4.868737215246139,5.8026447160795644,0.0024969996666296306,0.002750183353705975,0.002254861651294594,0.0029688965440604472
3.012817806806463,2.9647923685115156,2.7958007333562507,0.0045187349604675145,0.006025323708032548,0.0057345021198579,0.007945571215767222,0.003807379397272845,5.230919011111112,5.3301679,5.879269233333334,4.8360086,0.0025234,0.0028685333333333353,0.0027153888888888826,0.0029006333333333406
3.2959737595966545,3.0607626905007455,3.003669187578779,0.005612352469348,0.005092586226652917,0.005740346052480797,0.00825885183911996,0.0045556319468316765,5.4049028225358375,4.6099098677630845,4.751331947994221,4.879224313812646,0.0022254139348816568,0.0028688520946771883,0.0024817090787865245,0.0031586287365262815
2.8487441274206486,2.6846313738971013,2.605363355104847,0.004720293342500294,0.005180932737481389,0.005740346052480797,0.00825885183911996,0.004197204079294147,4.322907804335742,4.880270050027794,5.553838154530295,5.319762234574764,0.002216531406336851,0.0028146414674819335,0.0026336186770428015,0.0028073040578098915
2.9426261457378553,2.803835701191568,2.6882198670944093,0.005123395967002751,0.006256989000916586,0.005607011915673686,0.00808489917506877,0.0046137717690192615,5.241075,4.877558788888889,5.253525244444445,5.316806811111111,0.002954611111111116,0.002711433333333336,0.0026321555555555553,0.0028523888888888843
2.756073,2.369066,2.256635333333334,0.005304777777777776,0.004471333333333321,0.005172000000000004,0.00783488888888891,0.0037705555555555613,5.138640339962225,4.781294156204866,4.60402141984224,5.473263359626707,0.003075447172536383,0.0031453060771025475,0.0025973447394733854,0.003348916787023655
2.4391028888888893,2.4546877777777776,2.3992859999999996,0.0042723333333333224,0.005553888888888883,0.005253888888888891,0.00783488888888891,0.004326444444444436,5.204519486723696,5.5659483946228185,5.60921626485946,4.671332785246083,0.0025299522275302744,0.002794445061659814,0.0025973447394733854,0.002868736807021432
2.4472093565951774,2.4075459495499496,2.5252160240026664,0.0045295032781420205,0.005297033003667078,0.005880986776308484,0.007532836981886896,0.004343260362262477,5.206254712158257,4.419630473438541,4.656017948432984,5.716244798844187,0.002850044454323186,0.0033702933985330116,0.0026414203156256825,0.0029152033785285556
2.4466655927119216,2.777815464948339,2.245254638373514,0.005200866570381069,0.005295856015998228,0.00521808687923563,0.007273302966337068,0.004991889790023328,5.524535618264637,5.326591034329518,5.798136984779468,4.842560426619264,0.002802088656815901,0.0033955782690812215,0.0025163759582268585,0.003278624597266963
2.4134237306965898,2.270538829018998,2.3992144206199315,0.004486279302299745,0.005497389178980117,0.004595489390067766,0.007273302966337068,0.0040147761359848756,4.706913388888889,5.126485044444445,5.427092844444445,4.798334622222223,0.0034962222222222204,0.0029591666666666664,0.002896999999999991,0.0026018111111111176
2.475555111111111,2.772258555555556,2.399481,0.005161999999999988,0.005702222222222227,0.005302222222222221,0.006969444444444387,0.004506555555555557,5.833374208597135,5.251950261024104,4.414548339442408,5.791359546817728,0.002935754748417196,0.002937232033766525,0.0027349216927690817,0.0027382094857269796
2.2009882222222217,2.562232666666666,2.3514011111111115,0.004101555555555544,0.005702222222222227,0.005372222222222236,0.007026555555555585,0.004039000000000003,4.713738666666668,5.253700911111111,5.479692055555556,5.114291544444445,0.0032509555555555536,0.0036073333333333313,0.002326322222222226,0.0021726999999999983
2.6661404444444443,2.8694866666666665,2.7737095555555555,0.004931999999999986,0.0058554444444444504,0.005372222222222236,0.007867000000000068,0.004039000000000003,5.821217822222223,5.112885277777778,5.481928577777778,4.759104677777779,0.0031983777777777815,0.003167555555555552,0.002480833333333329,0.0026347555555555533
2.2416080675630625,2.3693033670407817,2.316920657850872,0.00383020335592843,0.0048118679853317225,0.005659184353817109,0.006728525391710201,0.0033948216468496334,5.700315088888889,5.8943525333333335,5.474801,5.764874333333333,0.002459066666666662,0.0031216555555555548,0.002480833333333329,0.0025873666666666696
2.313520888888889,2.8921716666666666,2.7640098888888884,0.0038352222222222372,0.005881666666666687,0.004946000000000019,0.006619999999999947,0.0038635555555555584,5.572532154019253,5.459324753094137,6.159921115139393,5.440674409301163,0.002274034254281785,0.003023740467558442,0.0022315539442430256,0.0023520690086260856
2.790031996444839,2.3906128207976898,2.3025129430063327,0.004612487501388738,0.005648150205532728,0.00514831685368293,0.006619264526163707,0.0032435284968336947,4.523319897976854,4.399119444739759,4.834024694752923,5.22993612762415,0.00218595214622497,0.0029066193493968496,0.0021451172622619506,0.0022609643138815816
2.3870033329630034,2.4839850016664813,2.3034322853016334,0.0038180202199755474,0.00497511387623597,0.005069992223086335,0.007015442728585681,0.0026903677369181224,4.257915972850679,4.902468857466063,4.550390294117647,3.861069038461538,0.002689490950226239,0.002715169683257913,0.002045554298642535,0.0022334615384615453
2.7106464051561274,2.113650183353706,2.6864869429936657,0.00390643404822757,0.005908323147016337,0.0051392376930770155,0.00720091121235694,0.0023993777086342987,3.9110706607829826,3.978390337180358,4.328749626612356,4.632598766689297,0.0026512219959266836,0.002011880515953834,0.002089545145960616,0.0018628535867843488
2.182282222222222,2.629891333333334,2.192755777777778,0.004670333333333332,0.004804333333333337,0.005845666666666663,0.007200111111111123,0.003081555555555572,4.62531334841629,4.222638359728506,3.5915693891402714,3.553829807692308,0.0023204524886877805,0.002562217194570129,0.0019994909502262545,0.0023187669683257966
2.250196444444445,2.529732333333333,2.6743503333333334,0.003995111111111122,0.004651222222222215,0.005139444444444438,0.0071637777777778435,0.0025902222222222225,3.4780582277048437,3.381309925305568,4.8268257016749665,3.641165040742418,0.00232150294250792,0.0021078655500226294,0.002034483929379813,0.0023324920778632916
2.5903004110654377,2.190385512720809,2.240047105877124,0.005056882568603493,0.004650705477169195,0.005021330963226301,0.007057549161204342,0.00304410621042105,4.537750384615385,4.540337443438913,4.627413235294118,4.365589490950226,0.002591685520361991,0.0025083710407239825,0.0020335633484162923,0.002331436651583715
2.5186022222222215,2.387647,2.3648964444444434,0.004227000000000006,0.0047176666666666695,0.005567111111111103,0.006217888888888881,0.00304444444444443,4.082734264705882,4.33540463800905,3.8107088574660635,3.619178563348416,0.0025300565610859704,0.0029365610859728524,0.0019172850678733132,0.002430678733031685
2.5186022222222215,2.7036141111111114,2.7456776666666673,0.004946111111111121,0.005394555555555557,0.004434444444444433,0.007395999999999959,0.0030234444444444553,3.9072650791855206,4.386116979638009,4.159255090497737,3.6734278619909504,0.002872092760180993,0.0026259615384615397,0.0026598755656108614,0.0025583597285067914
2.572001222222222,2.451293444444444,2.617827555555557,0.005004777777777772,0.004324222222222223,0.0050542222222222195,0.007546666666666665,0.00307088888888887,3.8241314062701592,3.547530470533418,4.816824251971992,4.669043697419672,0.001874587282080594,0.002494161208304414,0.0021901148338300752,0.0019216302157759357
2.4226546282920336,2.728381820202244,2.618118457606401,0.004227469718857656,0.004384820535615058,0.004671963551505729,0.008325258362040271,0.0027397488609845395,4.482550142841841,4.490749034893347,5.368603622497502,4.612010070461622,0.0021927368629672413,0.003018667274112391,0.0025396359472277725,0.0024560936362357753
2.422116320408845,2.2853658482390844,2.586521719808911,0.0052069770025552865,0.005069770025552721,0.004122875236084877,0.006507610265526083,0.0036849238973447494,5.170218626361414,4.563550088908646,6.049883729717715,5.60313630806846,0.0029849188708601874,0.003067603911980441,0.0025808068459657633,0.002855223382973993
2.496172777777779,2.830347555555556,2.204308888888889,0.004447555555555575,0.004968999999999977,0.004383333333333332,0.006079111111111048,0.004214777777777777,5.378106355555556,5.388119100000001,5.123403700000001,4.8451069888888885,0.0026817111111111084,0.003743266666666666,0.0027920000000000015,0.0028545888888888873
2.8551171111111118,2.3138715555555556,2.7193481111111106,0.004718,0.005558111111111104,0.004496888888888897,0.007783111111111099,0.0035323333333333227,4.675692188888889,5.054727333333334,6.272670577777778,5.773456355555556,0.002731277777777782,0.003202266666666671,0.0029418111111110985,0.0028913777777777733
3.0590361680210596,2.7768470871008355,2.7545831521117075,0.006479684102094543,0.00633707222158635,0.00566201213231086,0.008852352065926512,0.005096371752317727,5.491875933333334,5.772126011111112,5.061519633333334,5.39681778888889,0.0032003000000000005,0.003938366666666668,0.0026087333333333273,0.0029743666666666615
2.70870798992674,3.1314815705128205,3.1023308150183166,0.005385989010989021,0.006337797619047613,0.004646291208791197,0.008535714285714206,0.005056547619047637,5.548223233333333,4.632200622222223,5.215672188888889,5.465835844444444,0.0032717222222222297,0.0035170444444444413,0.003226744444444439,0.0029743666666666615
2.717440705128206,2.6119704670329673,2.915848786630038,0.006044528388278388,0.005983058608058606,0.004780677655677646,0.009570283882783841,0.0053211996336996375,4.887671022222222,5.124557800000001,5.215672188888889,5.465835844444444,0.002979088888888896,0.0030964666666666624,0.002757233333333325,0.0030412555555555496
3.170127861721612,2.7656595695970703,2.9183230311355306,0.005890453296703288,0.006278960622710603,0.0054095695970696,0.008356570512820505,0.004836881868131861,5.010174811111111,5.006066544444445,4.850674511111111,5.436280211111111,0.0030674444444444447,0.003543255555555553,0.0025768555555555515,0.0026029444444444403
2.6522102793040294,2.486664835164836,2.5891713598901096,0.005556776556776548,0.006910370879120868,0.004771062271062264,0.008300824175824204,0.0049670329670329786,6.046343428507944,5.720564992778581,4.992042473058549,4.358183024108433,0.003399411176535939,0.0036574380624375016,0.0028622486390401,0.003071769803355173
2.815476021517682,2.7371103353553856,3.0651192629048865,0.005556140551676768,0.006672313150967165,0.005242073938422806,0.008719583381023273,0.004966464461485647,5.330611822222223,5.498783700000001,5.051549522222222,5.515454266666667,0.003053288888888892,0.0035019888888888884,0.0024802777777777787,0.0025052555555555504
3.146868216166705,3.119881841080834,2.5761618960384705,0.005479390886191873,0.005967712388367301,0.0058312342569269435,0.008722578429127586,0.0043789787039157325,5.688616675924899,5.498172791912011,5.090413231863128,4.598787545828242,0.00275482724141762,0.003501599822241973,0.003080157760248866,0.002709987779135649
2.7372906364468865,2.5579782509157507,3.02627838827839,0.006263163919413902,0.005646176739926748,0.004846726190476187,0.009172847985348002,0.00403170787545787,4.669902419533851,5.468617247502775,5.08532846836848,5.389241509433962,0.0032955604883462865,0.0034035960044395087,0.002890899001109875,0.0032370810210876648
2.711214997137951,2.9800589582140806,2.7891166571265025,0.005863766456783063,0.005871207784773902,0.004948826559816835,0.008365197481396627,0.004032169433314248,5.799973600000001,5.59099828888889,4.6933357,5.143866177777778,0.0028801333333333306,0.0034073777777777754,0.0024519444444444415,0.002755666666666658
2.2977124124902772,2.591178686520726,2.632121680186688,0.004748972108011989,0.004932103567063004,0.004360706745193911,0.00731036781864653,0.003026336259584396,4.984343671519058,4.874141182353594,5.308374619402156,4.441878597621958,0.002917046338482048,0.0031845205022780253,0.0028831203467051913,0.0026011445716190673
2.8058276513048317,2.2457198223209347,2.2933141588006642,0.004745807884508594,0.005474181010549705,0.005243864519711292,0.006505830094392091,0.0023516935036091064,5.012472233333334,5.878224677777778,5.105304988888889,4.744687655555556,0.0022646666666666557,0.0028071888888888947,0.0022647888888888907,0.003135844444444448
2.405476391512055,2.734024552827464,2.46399888901233,0.005097878013554059,0.004798800133318515,0.004570603266303763,0.007044439506721449,0.0028517942450838976,5.583624555555557,5.560807166666667,5.105304988888889,5.639365666666667,0.0027505111111111092,0.0028071888888888947,0.0028372555555555563,0.002509422222222221
2.383808021330964,2.2689282301966447,2.4407744695033893,0.004528385734918356,0.004704810576602605,0.004801688701255419,0.007902899677813553,0.003452949672258637,4.834341571285698,4.848559106567396,5.503246694077119,4.610379042115791,0.0027232359151016733,0.002960995666185132,0.002288498722080235,0.0030898655406156254
2.7131190978780126,2.8022659704477264,2.4407744695033893,0.004644817242528615,0.004091989778913451,0.005305521608710142,0.006739584490612144,0.002810132207532488,4.891001722222222,5.1213843444444445,5.253667055555556,5.596505211111112,0.002390588888888887,0.0026896888888888935,0.002790133333333346,0.0026203555555555634
2.2274257777777775,2.6421070000000006,2.370282222222222,0.0054743333333333345,0.0039754444444444455,0.005084777777777778,0.006590111111111124,0.0035551111111111018,4.891001722222222,4.9893431,5.43721838888889,5.1879047555555555,0.0029594333333333375,0.0022816999999999985,0.0034204000000000057,0.0032373666666666626
2.4187902222222215,2.27156088888889,2.8553694444444457,0.004570111111111114,0.004638222222222223,0.004514777777777794,0.008235888888888808,0.003912444444444422,4.929686466666667,5.619471377777777,4.8036732777777775,5.894188166666667,0.002501122222222228,0.0028356444444444366,0.0028201777777777798,0.003226344444444438
2.4185214976113754,2.7518854571714253,2.417615264970558,0.0048616820353294095,0.0048672369736696055,0.005235529385623828,0.006939895567159169,0.003360626597044769,4.934621087754421,5.5189705928150365,5.8091584807029255,5.103360493827161,0.0024025803581359173,0.0026712490268045812,0.002958914470025582,0.0031347792236681156
2.541264303966227,2.739752471947562,2.6126890345517175,0.004844795022775232,0.004060437729141208,0.004813465170536603,0.007596378180202257,0.004005888234640596,4.922664966666667,5.363823077777778,5.051725577777778,5.196528399999999,0.00300167777777778,0.0029550777777777796,0.0029559555555555565,0.0034220111111111155
2.612978111111111,2.2583405555555554,2.2518082222222233,0.004742888888888889,0.004267333333333351,0.004813000000000006,0.006654888888888878,0.004114222222222205,5.859975991556494,5.363227163648483,5.178100877680258,5.924234129541162,0.002495789356738149,0.0024419175647150395,0.003137295856016004,0.003011065437173645
2.104451745608183,2.7753790304647548,2.6399797642873026,0.00474605292417167,0.00372414943295531,0.004473871469868802,0.008195463642428206,0.004732043584611956,4.7331984333333335,5.307498266666667,4.988156033333333,4.839407633333333,0.003026355555555554,0.002608699999999994,0.00313764444444445,0.003081633333333329
2.5933134792754733,2.57499099899989,2.6198738748749864,0.004452605845093889,0.004416712968107574,0.0050751194577175265,0.006650738970996773,0.004467829758862092,4.3315974645625,4.722299549935,5.191361039741249,4.1054280452075,0.0026440051824999883,0.0027149719162499935,0.0026696767075000067,0.003207171371249995
2.4636442938104226,2.57499099899989,2.259877986442936,0.004982331370152225,0.004253805978442059,0.004233470385598405,0.007398377597510912,0.0038665407267474312,4.414684441737914,4.812880818885057,4.112067905598179,4.184176730670108,0.0022739061868712602,0.00213034626532944,0.0027208853827004375,0.0026533776878813146
2.1342600288921,2.447934770530059,2.697420491165683,0.004817646405156116,0.0049501055672852515,0.0042848094232692535,0.007398377597510912,0.004818535392821438,3.860620764965486,4.532936234016068,4.1215889102636645,4.198119056240805,0.0021833201312662642,0.0021062690958469996,0.002379461355663688,0.0029618422541586443
2.631564284920549,2.3902062451383492,2.305813090343371,0.004521502389154348,0.005054339371041211,0.004208134237137452,0.007471385709523199,0.0040737859762195955,4.718112584880036,3.873559585785422,3.8983450543232228,3.436520959710275,0.002236679492983242,0.0021065074694431793,0.0022651312811226877,0.0023337143503847947
2.582443728474613,2.816330852127541,2.2852249750027775,0.0050499944450616615,0.004390512165314948,0.004856349294522827,0.0066633707365849155,0.0038717920231085483,4.32214968311453,4.080967881394296,3.8983450543232228,3.6495700316885467,0.0026596876414667196,0.0019889316432775083,0.0022651312811226877,0.00227750113173381
2.582156854032437,2.3354944456787394,2.666867362808264,0.003995556542990447,0.004417573872472772,0.004647300599866704,0.006662630526549749,0.004327927127305056,4.3216605861717765,4.482869005318547,3.6736610953943645,4.352925008487043,0.0022080683489872025,0.002030440194636189,0.002127950661989367,0.0018335181622722615
2.4842891579648945,2.331941013108198,2.187354143523662,0.004126416351921809,0.005386580759831141,0.004150411019773397,0.006626860697622679,0.004043768051544107,4.1734148353513625,3.8441101278714496,4.630236743238656,4.362835023197918,0.002185096752291496,0.001738655652370711,0.002127950661989367,0.002016080117687004
2.4237975780468823,2.3322000888790124,2.7067334740584363,0.004034329518942344,0.004510387734696135,0.004580824352849701,0.007431952005332707,0.0034087323630707803,3.8709146559529186,4.936970778632865,4.518848177908555,4.426769907197826,0.002185344047080121,0.0022083521955635985,0.0020789610683567186,0.002573641919420549
2.7251204444444443,2.310344222222221,2.634431111111111,0.004034777777777782,0.0051409999999999885,0.004036888888888893,0.0074763333333333695,0.003445444444444452,3.8709146559529186,3.9710696582163876,3.876031982797646,5.015390980081484,0.002177048438207343,0.0022317111815301073,0.002711204164780434,0.002523721140787685
2.542798955903588,2.0211335110518696,2.401362434743976,0.004055314895034993,0.005499278018438292,0.004419082528046203,0.007473842052649153,0.0029500166611129623,4.335986853285673,4.173656088608373,3.7736892436334775,3.8254030286052094,0.0024753065971669526,0.0018411653526013972,0.0024365552167656588,0.002503838827077339
2.487097225077081,2.864290133607399,2.9968014388489226,0.004520554984583779,0.005117574511819105,0.005083247687564217,0.008307502569373074,0.004151387461459394,5.202694537900001,4.11296947796,4.44551337214,4.786041504840001,0.002918657720000005,0.0022167597400000023,0.0024011267399999987,0.0024674320200000015
2.9861839671120234,2.7952718396711225,2.5921308324768777,0.0045949640287769895,0.005360637204522104,0.005551387461459396,0.00920863309352517,0.003933196300102778,5.189202611111112,4.767921900000001,4.43398501111111,5.5212054222222235,0.0029110888888888935,0.002211011111111113,0.0028660222222222243,0.0031611999999999986
2.9230075017983754,2.5156747507964234,3.0479324838146145,0.004101633953344989,0.0053706710512794196,0.005736923235022087,0.008183023327510083,0.004344671667865588,5.101510005552471,5.700257334813992,4.844889450305385,5.518139789006107,0.0027589339255969045,0.0027876624097723495,0.00234696279844531,0.003159444752915045
2.8700301161476016,2.6378901223147286,3.002406208243396,0.004279268167334776,0.005371775105355128,0.0059131462637475535,0.008891766882516125,0.0041214924452667254,5.256697622486391,4.869125997111434,5.703151672036442,5.4058790356627044,0.0026393289634485113,0.002794633929563379,0.0029389067881346507,0.0033187312520831075
2.870620232342964,2.6384325074534787,2.649591857715637,0.004280148041533878,0.005718309859154935,0.005439909530173733,0.008893595147527435,0.004167986018299586,6.112810644444444,4.608839055555556,4.924290844444445,4.7154577444444445,0.0026396222222222275,0.002339300000000001,0.0031430555555555517,0.0033191000000000054
3.0130342381246153,2.760436047707177,3.0902223935842055,0.004514394406744798,0.0055592227020357715,0.006416512440880102,0.008828912194118936,0.0038342586880526523,5.139368518107086,5.354122250610974,4.875470617640523,4.989096889580093,0.0025450011108642525,0.0029213174850033336,0.003142357253943564,0.0033197511664074543
2.709814967105265,2.7598685238486853,2.609247224506579,0.005081517269736849,0.006160670230263154,0.006061574835526315,0.008715666118421079,0.004152343750000004,5.415082001999778,4.282317064770581,5.111373547383625,5.002944439506722,0.0025452838573491844,0.0030147872458615834,0.003295433840684362,0.002773002999666703
2.83014367934224,2.788867831449126,2.803227852004111,0.005080472764645433,0.005576567317574509,0.006060328879753339,0.007253648509763643,0.0044565262076053345,5.415082001999778,5.296117909121209,5.773516264859461,5.049022597489168,0.002429974447283633,0.0025602488612376496,0.0026747805799355612,0.002824052883012995
2.5455715020047287,3.1859379048010696,2.8994288064151323,0.005212501285082762,0.0052835406600185075,0.006179500359823177,0.008705664644803088,0.0044579006888043485,5.433167855555557,5.0264305333333335,5.935605944444445,5.0495836,0.0026990444444444485,0.0030681333333333395,0.002985155555555553,0.0024343999999999924
3.041024152106887,3.072617574511819,2.6148932168550885,0.0051890030832476884,0.005948406988694746,0.006957862281603276,0.007756217882836575,0.004526310380267215,4.5058243000000004,5.0264305333333335,5.21079538888889,5.045336788888888,0.002220944444444454,0.0030115555555555685,0.003397077777777769,0.003182522222222223
2.656454,2.4479104444444446,2.838288444444443,0.0049065555555555624,0.005562333333333324,0.005385888888888888,0.007109333333333289,0.00426088888888887,5.448483744444443,5.163899622222222,6.148191677777778,4.297761433333332,0.002510722222222229,0.0030115555555555685,0.0029259555555555435,0.0028119111111111067
2.2276760391198027,2.921642698377416,2.6832927317181605,0.00490764614358747,0.004885307846188035,0.005529228717492778,0.0078397421649255,0.004765058901978207,5.391250161200667,4.2307477932184545,5.822994430239022,5.462395886603669,0.0027027904391328426,0.002933740967204005,0.00346377987770983,0.0032425458588104493
2.2479254444444434,2.699483888888889,2.2675784444444456,0.00511099999999999,0.006500777777777788,0.004689555555555552,0.007181777777777794,0.004475888888888896,5.469059484387152,5.361891787976441,4.964106700744526,5.594600200022224,0.0024071007889765513,0.002488143127014112,0.00336320702300255,0.00258507611956884
2.5243808888888886,2.699483888888889,2.5637863333333324,0.005722666666666667,0.005957777777777778,0.005519111111111105,0.007181777777777794,0.004587777777777759,5.240880086676298,5.269925802866984,5.699290765640625,5.594600200022224,0.002935826202911434,0.0029070007778642095,0.0027589954439382184,0.003047838648738751
2.323528163537384,2.719153649594489,2.609382290856573,0.004709032329741144,0.005160537718031342,0.004463837351405396,0.007331963115209425,0.00525774913898454,5.241462536119139,5.583094043120695,5.5077144809957765,5.303324138697487,0.002451155812402757,0.0023245276728161837,0.003334952211602578,0.0025770615692376157
2.6390177777777777,2.7194557777777773,2.6096722222222235,0.004314555555555563,0.005509888888888901,0.0048738888888888695,0.007474666666666667,0.0049136666666666565,5.416884320480054,5.582473630403379,5.311533925991776,4.498701666851871,0.0029288476497388704,0.002332959217690848,0.0026175463940437825,0.0032986220691188024
2.588227111111113,2.7080121111111106,2.5285988888888906,0.004314555555555563,0.006291888888888888,0.005787999999999979,0.007474666666666667,0.0045174444444444385,6.059349511111112,5.466173888888888,4.648727466666667,5.0173078,0.003087788888888887,0.002332699999999994,0.003140166666666663,0.0026909888888889
2.9316347777777785,2.279797222222221,2.1408852222222223,0.004435555555555551,0.0055557777777777645,0.004673888888888866,0.007305666666666729,0.0049778888888889,4.85769201111111,5.442420677777778,4.725120933333332,5.784729333333334,0.002523377777777769,0.002367699999999992,0.0030565888888888877,0.0032877333333333407
2.394614752277271,2.4084476782937125,2.6256558542546102,0.00464552321706288,0.005840035547656082,0.0050177738280382305,0.007304043545878755,0.004238391468562543,5.770239059895543,5.443025458384264,5.481785820646737,5.464444293810423,0.0028211245693965954,0.002338304256028437,0.0026449605511723573,0.0030044116012890405
2.398691444444448,2.408982888888889,2.4681339999999987,0.004070555555555553,0.005012111111111119,0.005018888888888906,0.00713499999999999,0.004238222222222242,4.827474863873764,5.678788376486276,5.496435370596731,5.464444293810423,0.0025313145905100556,0.0026640848983220276,0.0032405045005000554,0.0032146460717857564
2.8410949894456183,2.482411509832242,2.13037840239973,0.005085768247972443,0.005715253860682161,0.004648261304299519,0.007664037329185689,0.0038979002333074143,5.252453066666667,5.678157400000001,4.767411733333333,5.355737033333334,0.0024405777777777894,0.0026704000000000003,0.002704244444444441,0.002785455555555555
2.415101888888889,2.145938000000001,2.506831888888889,0.004161222222222236,0.004099333333333332,0.005749444444444437,0.007696555555555583,0.0038983333333333374,5.19651998666815,5.423399988890124,5.494878746805911,4.419904055104989,0.0028548383512943115,0.003110898789023445,0.0028483390734362836,0.0034313965114987333
2.553727666666668,2.5399236666666654,2.5021785555555565,0.004598777777777767,0.004370111111111112,0.004919888888888884,0.007696555555555583,0.0041106666666666705,5.1681,4.685716820353296,5.466526274858349,5.337121375402733,0.002694967225863795,0.0026921342073102984,0.0032201755360515578,0.00296873680702145
2.242539777777779,2.428371555555556,2.358281111111113,0.004598777777777767,0.0049542222222222305,0.005919777777777771,0.007130444444444391,0.003715111111111114,5.169248594288254,4.668899622180241,5.5088476497388585,5.519219791087899,0.0030547949772196962,0.0031442826980775584,0.0030116457384153834,0.0034782420268918827
2.393034551716476,2.4281017664703928,2.358019108987892,0.004723030774358392,0.0039536718142428665,0.004906121542050881,0.007447728030218867,0.0037146983668481307,4.167872282583749,4.772427393873749,4.944670172617498,5.64160248780375,0.002633969178749995,0.002638671701249994,0.003078425707500004,0.0028175152200000018
2.471848000000001,2.267384333333335,2.4243153333333334,0.005361999999999991,0.004013666666666681,0.004718555555555559,0.007448555555555557,0.0037152222222222404,3.5709411438965777,3.9205625561462876,5.0298426660088165,4.550090279157125,0.002090665727450868,0.0026841231146286144,0.002587678489988374,0.0028660472328700037
2.128440333333335,2.642282666666669,2.4243153333333334,0.004379666666666671,0.005054444444444448,0.004718555555555559,0.007479666666666675,0.003582111111111101,4.558702783412216,3.5840097926526933,3.938512632409285,4.412122278566598,0.0020390015776425583,0.0024316430020284063,0.002456107730448506,0.0021900045075501522
2.543748916305436,2.4106367678114906,2.3582186284316964,0.004366344337001209,0.004049683227742581,0.004389574302545293,0.00867355785261754,0.0035833055462931988,4.400512397159924,4.340435760171307,4.305062053420491,4.292839637101319,0.002364859686689963,0.002473672940380936,0.002456384537360537,0.002278857207257972
2.7036330407732465,2.409565492723029,2.2932588601266573,0.0043644039551160845,0.004971336518164659,0.004899788912343074,0.007054771692034257,0.0035239417842461763,4.969563849447824,3.8830625084516557,3.3390148411088583,4.292355882352941,0.002364593193599283,0.0021430245661483004,0.0024910750507099524,0.002196179851250855
2.2612142222222236,2.395656333333332,2.5852618888888896,0.004359999999999994,0.004268111111111115,0.004711888888888898,0.0069278888888888454,0.002915777777777764,4.367896258311733,4.44775198918066,4.241724490025923,4.06767833878057,0.0022376760960216304,0.0022686915361208246,0.0024913557984898144,0.0021964273639130043
2.5830360000000026,2.7266728888888885,2.6917579999999997,0.005067999999999999,0.005039555555555551,0.004376222222222239,0.006995777777777749,0.0037643333333333326,3.5556127141568976,3.556831481064021,4.5994284490532005,4.068136823715058,0.00213745491433724,0.002302006311992792,0.002230737150586117,0.0022254846708746477
2.821695697192822,2.7994766451909814,2.8980176023930055,0.005044983893235168,0.005637827887712845,0.005181661297745058,0.008937298665439427,0.0044316612977450655,3.8686564746985233,4.520797926293247,3.8820476050941055,4.227491536120816,0.0022343175926969497,0.0023017468725346608,0.002275273301025578,0.0026875239490589333
3.1232408238407565,2.649629271660335,2.8994199746864537,0.006113680819238294,0.005946151190887112,0.005066160395811761,0.007846968127948424,0.004575998159015083,3.8682205206220415,4.569039700247914,4.126967478025692,3.2647485913905787,0.001869776876267749,0.002400766283524902,0.0022586995717827334,0.0026217714672075658
3.0698205659075217,3.0390476190476154,2.898419484702089,0.006112951460777562,0.005944099378881974,0.005064412238325282,0.007997699562916918,0.00457441913963654,4.034580113168206,4.062471048928417,4.206420130858489,3.6336607010807658,0.0023683655272181796,0.0025142929275610753,0.0018352394969689458,0.0026722459861612813
2.9732504601932805,2.994930855959502,2.888068913943856,0.0060257708237459705,0.006014496088357089,0.004892429820524637,0.009755062126092966,0.004773584905660361,4.741509679033238,5.146179837285286,5.231654703885251,4.62085702823642,0.002819902158160391,0.0029176704882641524,0.0023891881417208278,0.0031507347287160785
2.9732504601932805,2.6067480441785533,2.888068913943856,0.0060257708237459705,0.00568016566958122,0.006031753336401304,0.008275425678785095,0.00513851817763461,4.662216588888889,5.060119377777778,5.144164833333334,4.543581633333334,0.002772744444444441,0.0028688777777777725,0.00265427777777778,0.003098044444444434
2.9833659266076165,2.815830898424022,2.9442029218911823,0.005938111123892788,0.005679512251236624,0.0051426435062694115,0.008782583688024866,0.005982859772230527,4.718487244444444,5.434120488888889,5.115255711111111,4.953159355555556,0.0029311333333333295,0.0031439888888888812,0.00265427777777778,0.0034297666666666536
2.459876884133012,3.107920722586585,2.9656303072143597,0.007017604418363836,0.005423081348521454,0.005152686687377733,0.008784604763548517,0.005053733747554944,4.965363877777778,5.469488266666667,5.758683955555555,4.953159355555556,0.0029311333333333295,0.0031439888888888812,0.0025320444444444324,0.003449466666666657
2.930098262570472,2.556373719940168,2.6635092624554173,0.005970774364284898,0.005423081348521454,0.005688413301116082,0.008914509262455399,0.006050051777701068,5.184003399622266,5.572553738473504,5.496933396289302,5.057530818797912,0.0028600933229641174,0.0030363181868681144,0.0029587156982557442,0.00344908343517386
3.1275406742607257,2.745994246922102,2.6128023242434666,0.006224945345759976,0.005744678402945582,0.004896214474743969,0.007830284202048086,0.005171326659762958,5.1845794000000005,5.5731729111111115,4.4173213,5.058092766666667,0.0029128111111111073,0.0029229777777777695,0.0031303888888888905,0.0032521777777777833
2.462985555555551,2.7230902222222224,2.574245888888887,0.0051576666666666654,0.004882555555555538,0.004994111111111119,0.007223111111111181,0.004332777777777766,4.993868263140348,5.713739804422714,5.418407778642072,5.207895477275252,0.0029527503055895017,0.003277297477497488,0.00271465718413157,0.003239593288143127
2.561939895567154,2.4341816464837267,2.195100988779025,0.005039662259748931,0.0047722475280524475,0.005038662370847706,0.0082234196200423,0.004339295633818469,4.989432718996335,4.620313167536361,4.431987165537916,6.103124880648385,0.003364161207949367,0.0030862440324192306,0.0029454313311868584,0.002792805595647828
2.5215723018784013,2.4149300878070465,2.6526496609981147,0.004934978326108703,0.004774369234189183,0.0056332110703567985,0.006934422585306266,0.004341224852728692,4.960095366666667,5.59741357777778,5.429516944444445,5.713556466666668,0.0029192777777777676,0.002664477777777771,0.002947722222222226,0.0033612000000000013
2.4832421111111103,2.5426344444444453,2.153342111111114,0.005179777777777783,0.004580333333333335,0.00571866666666665,0.00665588888888882,0.004118222222222221,5.196221866666667,4.467231244444446,5.1931224444444455,4.685091033333333,0.002964944444444439,0.002752166666666659,0.0032717,0.0028482222222222277
2.4835180575619504,2.8580796755195004,2.66838393154795,0.00518035337259696,0.004596066229581071,0.004618846538504261,0.007740304478275365,0.003756084009334367,5.843617311111111,5.506049300000001,5.1931224444444455,5.7093966555555555,0.002964944444444439,0.0031255444444444405,0.0034046111111111083,0.00362386666666667
2.4585892222222205,2.347618777777775,2.5386268888888837,0.005359777777777778,0.005474666666666665,0.005832333333333316,0.006801777777777771,0.00293955555555556,5.031346372625266,5.166881946450394,5.073792211976448,5.469213720697701,0.0026513054105099395,0.0028441506499277836,0.0034042328630152175,0.0031419620042217517
2.7610172241360122,2.5165300588954325,2.55302722524725,0.005000111123458165,0.004800533392599167,0.005312145793977104,0.006802533614846087,0.0036588509834426055,4.980480844444445,4.5437518,4.430927722222223,5.469821411111112,0.0031558777777777698,0.002844466666666664,0.0034828222222222237,0.002664111111111108
2.306377069214533,2.7904643928452377,2.552459948894568,0.004999000111098772,0.005975224975002769,0.00511643150761028,0.007147761359848916,0.0031084323964004224,4.978042955555555,4.936555233333333,4.899190088888891,5.445974644444446,0.002781511111111103,0.0029624777777777765,0.003412733333333328,0.003323811111111118
2.294240639928898,2.579583935118322,2.6316370403288527,0.004804021775358304,0.0056348183535162725,0.005875569381179893,0.007920119986668167,0.0034976113765137224,4.977489901122097,5.734408732363071,5.801601177646928,5.445369603377404,0.0028608265748250148,0.0026024330629929966,0.0028619042328630116,0.002846061548716814
2.6841159017668628,2.1377478608734304,2.182384598288697,0.005571285698410929,0.005017446382931445,0.004982664740526733,0.00811790198910988,0.002813423713745966,5.336045866666669,5.236435544444444,4.801761366666664,5.3576836000000005,0.0023570222222222235,0.0027392555555555568,0.0033397444444444382,0.002883322222222222
2.293700111111112,2.6081713333333347,2.676806222222221,0.004656666666666655,0.005008666666666661,0.0049845555555555355,0.00799744444444439,0.0031225555555555546,6.439841398865785,5.853948960302458,5.789085244078727,5.110507294562439,0.0025485822306238245,0.002380006671855889,0.0027583120204603528,0.0035740909596352656
2.395550000000002,2.5353244444444463,2.2203856666666613,0.004683555555555552,0.005565333333333324,0.004392444444444434,0.00799744444444439,0.0037439999999999943,5.317627219197868,4.875347350294412,5.657902188645709,5.454782824130652,0.003075991556493733,0.003158237973558492,0.003221697589156755,0.0034811909787801337
2.386097444444444,2.4385515555555535,2.699187222222223,0.0038842222222222273,0.004849555555555564,0.00462088888888891,0.007687333333333355,0.003189555555555569,5.089952660815465,5.768718342406398,5.429578080213311,5.454782824130652,0.0025487390289967928,0.0030946005999333438,0.0027426397066992606,0.0034811909787801337
2.798463392956337,2.5011282079768913,2.595472169758918,0.004896455949338966,0.004931785357182543,0.005278413509610053,0.007887790245528215,0.003238084657260318,4.443616501833536,5.710617935326146,5.4307847871985775,5.0834371374597165,0.0031290810090010123,0.0032748194243804865,0.0023052450272252408,0.0030275363929325463
2.3988657777777767,2.5014061111111108,2.63243555555556,0.0048920000000000205,0.004053222222222239,0.004504666666666676,0.0071445555555555,0.004778666666666659,5.593812990332259,4.929769585509501,5.11657338593177,5.135197633070342,0.003148016446271812,0.0029244916101789126,0.0027392821424602623,0.0031391821313479255
2.408032218642377,2.5754221753138546,2.277689923341851,0.004210643261859799,0.005077324741695367,0.004504166203755148,0.008354516164870523,0.004361737584712818,5.884575108345369,6.038603967107457,5.11657338593177,5.749078842093566,0.0026436826314034973,0.0033872208023113686,0.0024548505389487673,0.0031391821313479255
2.9119647777777815,2.3011843333333357,2.755524555555553,0.004801444444444439,0.0039019999999999984,0.004694999999999993,0.006752333333333324,0.003949777777777768,5.139008311111111,5.703509488888891,5.0770286111111105,4.835837744444445,0.0032865888888889017,0.002747144444444445,0.002567199999999998,0.003106111111111106
2.4118852094677217,2.397820313368153,2.2428409823313724,0.004938215357261906,0.004161906878542055,0.003936215135014983,0.007265029447716405,0.00435003889321037,6.171075033333334,4.905018833333336,5.230675300000003,5.667261166666666,0.00315326666666667,0.0033359888888888915,0.002567199999999998,0.003106111111111106
2.4966798888888904,2.7452216666666676,2.6351783333333354,0.0041715555555555586,0.004937666666666655,0.004888444444444437,0.007154888888888896,0.00434955555555557,5.096364944444444,5.434984177777777,5.230675300000003,5.530953233333335,0.00315326666666667,0.0028454999999999995,0.0024986777777777783,0.0032773555555555495
2.4969573285920665,2.5892475830647834,2.660336481831318,0.005046227358595409,0.005072452494721634,0.0039535503944882885,0.006273919324369402,0.0045362818090898885,4.030034449534629,4.8611737658656535,4.2823423018639835,4.921182664438524,0.0025700313289161105,0.0028686025678991115,0.002518964501734592,0.002610389692227153
2.484148555555559,2.6885872222222247,2.660040888888893,0.005084333333333321,0.004515222222222226,0.004976666666666679,0.007633222222222279,0.003914333333333329,4.0917835517118775,4.935657773218112,3.4594707433140446,3.9803214532479143,0.0020671931088114544,0.0021137312252770828,0.002080692801930889,0.0021626690344538953
2.5563628180908977,2.3477868652072487,2.5585900655628375,0.005084898322035768,0.005675297255250584,0.005140682298033101,0.007937548616512982,0.004399933325925107,4.324265952674667,3.9651208029606373,3.8855377481215627,3.9248783783783794,0.002490321857126831,0.0021631266120892695,0.0022177750364472323,0.0021325445777727876
2.5430347716318584,2.908891668579302,2.725595249024557,0.005588822584347015,0.006163529951801699,0.005686252008262564,0.008422308928161594,0.004631168235024081,4.323781060775961,3.891615081856919,4.580277562233686,3.988955786050684,0.002396916348957162,0.0020067391791881574,0.0022175263511998175,0.002251143754204976
2.949416274532308,2.9092255250774746,2.789036611959137,0.005599563870079189,0.006854011247561099,0.005846321588431088,0.009278893607253568,0.0038425341443819785,3.97920438389954,4.449877217176814,3.918671084202267,3.8019219867698166,0.002363830025787647,0.002569727547931384,0.0024793698845162076,0.0022473035093620365
3.021031910009184,2.757750229568415,2.7893567493112905,0.005600206611570245,0.005796258034894401,0.006830922865013785,0.008029040404040434,0.003915748393021118,3.6725950213052285,3.331470542722583,4.711535770352096,4.054055460865664,0.002364095088584887,0.0021030836510428385,0.0021753420049338474,0.0022475555057187707
2.8265941230486638,3.1658391873278213,2.844262970615245,0.0057056932966023976,0.007089761248852158,0.005768824609733717,0.008958448117539085,0.003915748393021118,4.439866031176405,3.4892776606481988,4.719352091510597,4.7587047661769635,0.002336267803072776,0.0028127733542671275,0.0022267354491420886,0.002273275765391939
3.1504334404406706,3.058358847831075,3.165167087445494,0.005507114987376643,0.006054280468212067,0.006382258434702775,0.00905060821666282,0.004142299747532696,3.397811717873962,4.514557770800628,3.6524042386185225,3.9191028930253426,0.002409150033639836,0.0022181991477909805,0.0026102377214622147,0.0022730208566943176
2.660784345231267,2.699590152645471,3.078602433145876,0.005507747044645938,0.006477562263284762,0.006043842534144374,0.0076220589923102905,0.00414277516354871,4.553152119309261,3.382194640053825,4.387656817672123,3.587967133886521,0.002409150033639836,0.002941264857591389,0.0025363085893698196,0.0021719892352545377
3.0772737289108263,2.8671234936302077,2.5419629289567314,0.005531504648226777,0.005550556639504192,0.006745437851486282,0.00869103638241711,0.003973946975783327,3.6096928430716004,4.485214021193707,4.409256446317875,3.7121255052830198,0.00258863328677536,0.0024805091534882756,0.0025128883869651336,0.0027921897291203366
2.984597153678412,2.9220385630666823,3.0542752209342354,0.004768736370939972,0.006734305061402497,0.006335590496958565,0.007286238953288192,0.00453150464822678,4.6331979276075,4.40835464128,4.333698688150002,4.728431390959998,0.003003657952500001,0.0029947297949999957,0.002894319380000005,0.0027443422975000067
2.943280844714796,2.9220385630666823,3.000493056352579,0.005701365775278327,0.006312751061632035,0.0061720417766555685,0.007298289911626259,0.00403041432342475,5.527534051772026,5.313763381846462,4.986444228419069,5.484427763581824,0.0029265748250194433,0.0029178757915787096,0.0028200422175313905,0.0030334962781913134
2.531164480995777,2.3591837074905535,2.726167926205823,0.004889308735274515,0.005682262725050009,0.004952767281618134,0.005563903089575449,0.004167481662591706,5.528148222222223,5.172441655555556,5.261823488888888,5.390981577777779,0.0028395888888888927,0.003084922222222225,0.0034290666666666704,0.0029961222222222275
2.677408333333334,2.3586594444444446,2.2842207777777808,0.004546777777777776,0.005688444444444447,0.005210333333333317,0.006047333333333368,0.0037576666666666717,5.6928592732525845,4.6192847316368475,5.871344871652404,4.784265973997112,0.0027532281364596066,0.002527058562062451,0.0027356484053783743,0.00248633181464608
2.2968568888888843,2.471752111111111,2.6468765555555556,0.004546777777777776,0.005688444444444447,0.005116666666666658,0.006047333333333368,0.0033847777777777925,5.786945444444442,5.7616321,5.085487100000002,4.757133355555555,0.0027529222222222225,0.003102199999999997,0.0033188888888888942,0.003160222222222222
2.392141650927678,2.4853096322630823,2.6266712587490297,0.004749694478391279,0.005594267303632931,0.005721586490389944,0.006538606821464205,0.0038901233196311545,5.02659993334074,5.677779446728142,5.035135229418954,4.927179702255306,0.0026805910454394005,0.0029933562937451454,0.0034500166648150235,0.002507732474169538
2.0779999999999976,2.1891114320631013,2.3153672925230526,0.004648483501833131,0.006529830018886792,0.0051264303966226015,0.0067633596267082,0.002881013220753257,5.862722144444447,4.662083944444444,5.690203233333334,5.8356495,0.0022941666666666653,0.0029936888888888948,0.0030701444444444447,0.00310012222222223
2.605349222222218,2.7169706666666684,2.439388666666667,0.005192222222222216,0.005345222222222211,0.005826444444444443,0.00751722222222225,0.004052111111111121,5.774217720253307,5.657632907454729,4.961098389067883,5.16369213420731,0.002910554382846347,0.0030357182535273863,0.003367559160093326,0.0025489390067770334
2.2021412222222176,2.525111888888887,2.439388666666667,0.004295111111111114,0.006518555555555559,0.005147222222222217,0.006482333333333282,0.0032989999999999903,5.775501022335815,4.714464540504501,4.913268552061339,6.131159273252583,0.0028816312923658155,0.003619335481720189,0.003302200244471611,0.002600500055561729
2.327281111111107,2.4281277777777746,2.3893345555555547,0.005121000000000006,0.006049111111111123,0.005484777777777783,0.007563333333333293,0.0039244444444444465,5.594295144444445,5.732716666666667,5.617989322222224,5.0781576444444445,0.0028189777777777748,0.0030764333333333344,0.0028881888888888933,0.003196777777777783
2.379945666666667,2.4281277777777746,2.0643352222222187,0.004218111111111108,0.005297777777777797,0.005710999999999997,0.0072086666666666905,0.0039244444444444465,5.155947522222222,5.586980900000001,5.720118688888888,5.008288955555557,0.0028189777777777748,0.0034862222222222274,0.003450733333333337,0.003538522222222229
2.3796812576380404,2.5147449172314196,2.265294411732027,0.004371403177424733,0.005269858904566157,0.005710365514942781,0.007207865792689725,0.004085546050438826,5.155374702810799,4.821310609932232,4.7559233529607825,5.097027641373181,0.003053649594489493,0.0032146761470947674,0.00284170647705811,0.003136862570825465
2.2918502055784002,2.5153038115346154,2.581240360040006,0.0037299699966662943,0.005600622291365707,0.0056186242915879534,0.0072746971885764705,0.004340148905433925,5.119667077777778,5.633908544444445,5.219334566666667,5.976662933333336,0.002690733333333328,0.003510555555555555,0.003249900000000008,0.0038269777777777685
2.2915955555555585,2.4570687777777747,2.218297777777783,0.004478222222222211,0.005600000000000001,0.005334222222222228,0.008744777777777775,0.004339666666666656,5.318666933333336,5.624900133333334,5.219334566666667,5.788381500000002,0.0031529444444444383,0.0033204555555555564,0.0030701666666666633,0.0037193444444444516
2.381885209467715,2.4917185242804765,2.199950994554947,0.00398910990110012,0.005218024224913894,0.004729192132459172,0.007353928214246109,0.0045043893765973975,5.318666933333336,4.833786111111111,5.232147455555555,4.920087266666667,0.0026096111111111042,0.0027260555555555527,0.002418444444444446,0.0037193444444444516
2.3816205555555525,2.4914416666666677,2.622033888888887,0.0033862222222222167,0.005094333333333337,0.005562666666666679,0.006834111111111084,0.004503888888888888,5.365383788888889,5.6799836,5.154880977777779,4.902185044444447,0.0032257333333333294,0.0032412333333333336,0.002944555555555564,0.003721466666666664
2.38771047661371,2.5062113098544594,2.513476391512056,0.003722586379291185,0.005582824130652156,0.00423841795356073,0.006959893345183867,0.003985779357849131,5.176504633333332,5.371305411111111,5.730537966666668,4.902185044444447,0.00260902222222222,0.00248238888888889,0.002716477777777777,0.004170433333333334
2.7678519053438504,2.2215116098211336,2.8585354960559917,0.004400955449394526,0.005175202755249407,0.005004221753138559,0.008326630374402847,0.004383846239306734,5.1759295300522155,5.370708665703811,4.823545383846241,5.0433893345183884,0.0025944672814131745,0.002314809465614934,0.0026569936673702913,0.0035970336629263405
2.543580379957783,2.3322995222753073,2.4126639262304184,0.0035751583157427064,0.004498722364181746,0.004859460059993322,0.007245750472169751,0.0039598933451838545,5.453764033333335,5.51462768888889,5.132360188888889,5.703645455555557,0.002658822222222218,0.0028177111111111126,0.0026572888888888877,0.0036965777777777657
2.1406553333333327,2.332558666666671,2.9081148888888926,0.004436888888888898,0.005161666666666657,0.0037541111111111126,0.007277777777777791,0.004268666666666674,4.879302944771642,4.642225369485497,5.139500755639515,5.460530481164572,0.002659117679742189,0.002408189798866538,0.002707167463051451,0.003686942993665957
2.626788444444445,2.3363888888888864,2.394157777777783,0.004106111111111094,0.005531111111111105,0.004467666666666685,0.008735666666666673,0.003391777777777784,5.815009356595177,5.503593377041893,5.139500755639515,4.749483309256583,0.0023835092788087563,0.002571785753972661,0.002707167463051451,0.004033314812756974
2.6220201111111123,2.7906510000000004,2.493025999999999,0.005029444444444433,0.004526333333333336,0.004364444444444468,0.008483777777777807,0.0032835555555555335,4.87694967225864,5.624674736140429,5.087383324075103,4.975495889345626,0.0029726585934896155,0.002555104988334631,0.0028234529496722572,0.003657549161204312
2.6220201111111123,2.3580956666666695,2.86030111111111,0.004280777777777776,0.005220111111111105,0.004320222222222207,0.007012888888888884,0.0032835555555555335,4.874047016998111,4.490948494611709,5.087383324075103,5.401315431618708,0.0025104988334629526,0.0025405843795133875,0.0030708587934673943,0.003399077880235517
2.667894444444446,2.423538999999999,2.3680750000000015,0.004841111111111123,0.004867777777777768,0.004320222222222207,0.008365333333333287,0.0033808888888889025,5.518424291587952,5.271383942660296,4.868415657295254,5.402515857317478,0.002875952883653743,0.002541149016557395,0.0034982553617068533,0.003399833314812744
2.668190910101124,2.4238083120346694,2.44252472496944,0.005521724636070676,0.004852094677186371,0.003944993888209802,0.008539059895543974,0.003993554839426581,4.630398259028002,4.419701960803617,4.285882197316305,4.506900032959118,0.002257009448993625,0.0020234461076384523,0.002968465318008492,0.0028021163653269075
2.681570954451823,2.774870908674755,2.5275020599679543,0.005872968642710024,0.005366674296177614,0.005728542000457757,0.009576333257038215,0.0046469443808651615,3.8165156237651305,3.785763067602617,3.7633492858887987,4.570645976187616,0.0022889327654971128,0.002052065886146998,0.002599716428571423,0.0023869369433388316
2.8015144197756965,2.774870908674755,2.6266920347905724,0.005174181734950793,0.004578049897001603,0.004939688715953289,0.008168459601739515,0.004236896314946199,3.7910473501788915,4.448674295617173,3.7382358005366707,4.462933709749553,0.002257524597495527,0.002269979874776385,0.002228678443649369,0.002861851520572446
2.889542000457774,2.8734479285877756,2.6266920347905724,0.0061594186312657236,0.005275577935454334,0.0047199588006408945,0.009347791256580414,0.004762645914396924,3.7622811493738793,3.884206585420393,3.9539631932021457,3.7991074910554574,0.0018053331842576052,0.0020648144007155704,0.0028097830948121626,0.0027054226296958895
2.8892113514132083,2.8731191211809115,2.693668955258036,0.006331845748941526,0.004592745165350721,0.0047194186977915255,0.009837395583018597,0.004444558874013059,3.7618605477920597,4.72967932923421,4.1306162772498585,4.326760626048074,0.0022650978200111777,0.0020645835662381285,0.002193583007266625,0.002009547233091113
2.956190432593269,2.938184939345387,2.9948760585946417,0.0057853055619134985,0.004455939574273298,0.004967269398031586,0.008336919203479008,0.005234035248340591,3.8555837934503177,3.8622477813792337,4.77569330501844,4.325793427964684,0.0023336760925449897,0.002153101598301116,0.0027065049737342133,0.0023213479378562554
2.495679368348778,2.778749742533466,3.068151275889688,0.006027463096464139,0.00531056184918182,0.005000801006980193,0.008625472021970445,0.005030209406110548,4.697667326400535,3.58608216482165,3.7505525997987244,4.24148527339819,0.001741216593984121,0.0025448842670244857,0.002515162697081513,0.0020055238734205546
3.00147087767479,3.1409489644124053,2.6899070831902945,0.007099210435976667,0.004596063622840142,0.004454170957775501,0.008625472021970445,0.005884311706144893,3.6563528734347024,4.472903834973168,4.419152593917711,3.8402311158318443,0.002319532647584971,0.0021714780858676204,0.002192676654740611,0.0021881596601073467
2.7630162489987433,2.959950451996796,3.1720990960064093,0.00610367318915207,0.004914864400961204,0.005093145668840843,0.00910195674562307,0.005094061105389623,3.961729558412522,3.6882610620458354,4.589370721073225,3.839801799888208,0.002350486305198437,0.0027076467300167686,0.0022616992733370703,0.002834209055338201
2.763332455939576,2.9602891966124973,3.0225795376516347,0.00644300755321585,0.00480991073472189,0.004621652552071409,0.007811284046692576,0.005004119935912151,5.041900819428574,4.176584220992857,5.509063284307143,3.707235366491427,0.0019514527314285766,0.0024870111871428545,0.0023632581328571537,0.002448649375714301
2.6872432222222202,2.442785222222224,2.864267555555557,0.005194555555555555,0.0038218888888888903,0.003678222222222225,0.00761488888888895,0.004255111111111148,4.951769468121018,4.101921669473137,5.4105807206795395,4.27192010575189,0.002538509100903235,0.0024425522247312143,0.002886794472355926,0.0029537486006844696
2.64541073214087,2.818547161426505,2.422598489056773,0.005978780135540491,0.0046860348850127735,0.004206754805021669,0.008456171536495997,0.004254638373514091,5.91564809465615,4.8984893234085085,6.290948605710478,4.995114687256972,0.002458249083435171,0.0028722808576824776,0.0027955227196978173,0.003358615709365633
2.285608487945779,2.6792899677813575,2.9506262637484717,0.005829130096655923,0.004008887901344296,0.004403621819797792,0.008169758915676116,0.003480502166425931,4.7905721888888895,5.039544,5.755973300000002,4.9956697000000005,0.0030418333333333304,0.0025738444444444353,0.002761888888888902,0.0031532555555555553
2.672013108198175,2.6789923350366585,2.38991368584759,0.005336814041324142,0.005119084647856052,0.004403132637191727,0.006591979560097841,0.003992779382359483,5.658472011111114,5.147294677777779,4.707215055555558,5.008071055555554,0.0035148000000000063,0.0031980444444444393,0.002761888888888902,0.0031532555555555553
2.121294156854032,2.4483518107087354,2.5046475227727156,0.005336814041324142,0.00516140857587202,0.00447122861586313,0.007499000222172932,0.003226949566762953,5.367345381793932,5.149011014782706,5.021604368122709,5.0097409692119586,0.0030875958652884297,0.0032094809380904706,0.0028928531732799858,0.002996165388462825
2.6085794444444446,2.4791011111111128,2.367813111111111,0.005206111111111097,0.004332222222222231,0.003782666666666663,0.006961555555555579,0.003538000000000017,5.490387611111112,5.403866955555556,5.019930500000002,5.240291999999998,0.0035002666666666626,0.0025406555555555605,0.003235966666666677,0.0029951666666666707
2.496649038995665,2.127169314520605,2.713403844017335,0.004707254749472284,0.005281413176313752,0.004905899344517267,0.008354516164870523,0.002708365737140319,5.490997721969109,4.522667351927991,5.564837548616512,4.564874186020668,0.002925680631181239,0.0029574619402155853,0.0029052450272252536,0.003176464051561289
2.1815667777777765,2.304519222222224,2.2454968888888898,0.00470777777777778,0.005293222222222221,0.004920333333333317,0.0065403333333332965,0.003557222222222212,5.6078375888888905,5.680789299999999,5.312926300000001,5.6931101,0.0030184444444444378,0.0024240000000000064,0.0032159777777777832,0.003128511111111101
2.719444839462285,2.7161532051994253,2.264031885346075,0.0047119208976780244,0.0054283968447950285,0.004919786690367721,0.0078247972447506,0.0035486057104765893,4.749614355555556,5.5669724444444455,5.533957444444447,5.766848800000002,0.003306777777777776,0.002611500000000006,0.0032159777777777832,0.003128511111111101
2.721306000000002,2.3345652222222197,2.355057444444444,0.004712444444444433,0.005429000000000005,0.004977444444444442,0.006155555555555519,0.002980666666666644,5.565188123541827,5.566353960671037,5.533342628596824,5.783084423952894,0.002968759026774801,0.0030747361404288515,0.003296978113542946,0.0030671369847794705
2.266460940104459,2.434442826980777,2.7679257695299424,0.00467707523058118,0.005563173685965128,0.004448938770974548,0.006817090787865273,0.0035022780308923227,5.215374916648144,5.47476281395866,5.158158757501668,4.926466559235384,0.0033764058679706683,0.002568637474994454,0.003298077350522345,0.0032648921982662816
2.5983324813868243,2.4965777308589834,2.2397806422935855,0.004790865651739101,0.005563173685965128,0.0050330036670741315,0.005958439826647355,0.003474941660184495,6.101689433333336,5.26606068888889,5.293543477777777,5.950189744444443,0.003138555555555561,0.003082322222222233,0.00339924444444445,0.0029296444444444503
2.553760502333854,2.496855190042231,2.586333963102913,0.0051508112913981035,0.005294287619470976,0.005813736385863515,0.007387308290731267,0.003709268726383599,5.234371207911989,5.233026925213913,5.2941317146349585,5.459213157017448,0.002208678742082454,0.0028136459606623,0.003709667740860097,0.003579175463940446
3.0021226939319856,2.6047946210268904,2.4929277617248307,0.0051508112913981035,0.0050407868415203476,0.004791731495887967,0.007615692376083508,0.003709268726383599,5.284646872569712,5.231864159537828,5.280163359626707,6.072941495389402,0.0027590712143095216,0.002256982557493613,0.003068525719364521,0.003079780024441734
2.5146416666666673,2.566039777777778,2.4310289999999983,0.005023555555555559,0.0056333333333333305,0.0057521111111111314,0.006745666666666613,0.0033396666666666423,4.986288144444445,5.072765433333336,5.280750044444445,4.8209300111111135,0.0026948555555555607,0.002777844444444442,0.0029064444444444454,0.003949011111111112
2.505498944327148,2.890980664518281,2.446150572285801,0.005103455939548828,0.004684076008445379,0.005378042004667212,0.006735526169574399,0.0037234137126347564,5.871378677777778,5.711809788888891,5.247793188888889,5.639263800000001,0.0026948555555555607,0.0027892111111111136,0.0031639222222222215,0.003619988888888887
2.9089621111111104,2.6879482222222215,2.4458787777777693,0.005102888888888879,0.0049561111111111125,0.004743111111111142,0.008060111111111132,0.002874444444444476,4.807323535948438,5.220925447271919,5.267616601844651,5.287399377708636,0.0028767418602066914,0.002789521057895324,0.0023576175130570034,0.0035518946549616664
2.787344149349926,2.2762653628180884,2.5658823202578054,0.004968107567507497,0.004126902989221012,0.00564451605733972,0.007754194910545586,0.00343504833870433,5.9161981109012105,4.343801611290142,4.998568518724302,5.050975141682409,0.00258837648627625,0.0028061451272363633,0.003034403822646958,0.0035518946549616664
2.3120344444444454,2.849526444444444,2.2095576666666643,0.00564322222222222,0.005012333333333348,0.00857888888888889,0.007753333333333304,0.006213777777777788,5.8730984444444445,5.408743388888888,4.998013122222222,4.4224598111111115,0.0026198888888888973,0.0023422555555555544,0.0027567999999999985,0.0036648222222222145
2.8710790000000026,2.3738442222222225,1.801339333333336,0.00543044444444443,0.00485411111111109,0.00857888888888889,0.008141777777777767,0.007656111111111111,5.103558749027886,5.194393389623373,5.3032706477058085,5.456063759582267,0.0027703699588934576,0.003028630152205297,0.0030248527941339844,0.002969492278635702
2.5392443333333357,2.70604566666667,1.8020909999999997,0.004509777777777761,0.00485411111111109,0.00803944444444444,0.008141777777777767,0.007205999999999997,5.1146447283635155,4.660285079435619,4.474575413842906,4.4313596600377725,0.0024241973114098475,0.002967014776135983,0.0027040217753582867,0.0035686145983779573
3.6789141034872945,3.7966083736241143,1.349700853821626,0.005210472173644687,0.005085176422178795,0.009175187737887065,0.009842300174879061,0.007557247196790451,5.960782300000001,4.859139688888889,5.428860455555556,4.8740164888888895,0.0029188111111111107,0.002929088888888897,0.0023943111111111087,0.0029198777777777758
3.7375527100689068,3.418615962151603,1.0603637766121552,0.005209400390825877,0.00570626349892009,0.009173300421680568,0.009573588398642412,0.008842744009050739,5.173218668740974,5.693809478830979,5.080285965107234,4.98200023335926,0.0023681297921991323,0.0029294143793754945,0.0029763529281031185,0.0035225358373152556
3.73832167472482,3.8612256969447563,0.7948473408085611,0.005316839831293075,0.005157802695195984,0.009096183520213953,0.009575558070157409,0.008606624832836161,5.5087035329407845,4.937489045661589,6.08426299300078,5.939018409065657,0.0025467281413176376,0.002858849016775921,0.0029944228419064543,0.0030189090101099885
4.1456765764839,4.164341220039085,0.46158543359736776,0.005675547783149881,0.006114288653430713,0.009269313856599086,0.00938360251002988,0.008888900318897205,4.589406847615377,4.266623911471454,4.871790027076774,5.082783206475283,0.0025278333207567863,0.0024130155145450586,0.0027166673693132123,0.0026574058546587906
3.7718802592325895,3.8798031066762646,0.462279909474336,0.005675547783149881,0.005997119637897354,0.010233720810616154,0.008910091554366846,0.008888900318897205,4.650489755280981,3.6524613674969886,4.186868696452957,4.3697323374039385,0.0018871357978452142,0.002445131648233927,0.002752824970412391,0.0021635301297773754
3.865800020574012,4.488295442855673,0.009726056990025114,0.006177862359839519,0.005997119637897354,0.009399753111819746,0.009553029523711527,0.008928608167883958,3.5601736694047488,4.806014493079779,3.5773530775289775,3.814457263418475,0.0023184314166760475,0.002227759648925397,0.0020867671880274575,0.0025243501744120554
4.404711037959052,4.428900010287007,0.010351301306453696,0.006143606624832842,0.0058695607447793495,0.00703507869560746,0.009553029523711527,0.007122312519288147,3.591699178483007,3.7274624127841545,4.3256772563583175,4.55779459824443,0.002018433490884538,0.0026122214719783896,0.002308946657663743,0.0019332770650461388
4.483618454891474,4.428900010287007,0.0063309330315840726,0.005647155642423625,0.006140211912354707,0.008591502931797161,0.008700853821623292,0.006190515379076188,4.365895982444295,4.165771460724736,4.184034953860003,4.573262401530499,0.0020327031285167665,0.0019167004276389914,0.002037114562232726,0.002403398604546483
4.483618454891474,4.175702294002672,0.006956588828311997,0.006307272914309222,0.006140211912354707,0.0078067071288962136,0.009625964406954044,0.006190515379076188,4.278925976364658,4.881851671356217,4.184505863815417,4.57377711873945,0.0024889926842993765,0.0019383455261676992,0.002156499718626894,0.0022748790095666795
4.3372470164609025,4.807997942386833,0.006894753086416087,0.005867283950617299,0.006222736625514394,0.009109979423868313,0.008993930041152261,0.006153395061728379,3.421642151457182,3.753388522561042,4.064660672892991,4.368752728704846,0.001987802408011703,0.0020916507257792124,0.0025706425115336984,0.0028107010239675906
3.146036230273396,3.798768726383643,0.005770949099797493,0.0053210713491887085,0.004766837074905501,0.00718959768837519,0.007888975327850666,0.005372193820849067,4.389556194441316,3.9553360076516273,3.464141622594804,3.637126881962417,0.002740306065038816,0.0020916507257792124,0.0019815348261505565,0.002200776414988182
3.9111967996444066,3.765898099788866,0.005770307811976648,0.005477608623180357,0.005798088676519604,0.007424158239804402,0.007888098677630882,0.005646516279586596,4.060717330632455,3.9557811276164765,3.530053826243528,3.749132905694352,0.0022055142921449354,0.002096781453972529,0.0020483682196713914,0.00229385550303849
3.734913888888893,3.1134615555555585,0.006160555555564114,0.005212888888888885,0.005270555555555569,0.006487222222222213,0.007708777777777738,0.004957666666666663,4.27383688646,4.083662014738572,4.776037419685713,4.521783813354287,0.00238450344428572,0.002266854154285711,0.002155873197142855,0.002378711588571438
4.162746333333341,3.7316712222222277,0.00541044444445207,0.005739111111111115,0.005092222222222227,0.006631777777777793,0.00824355555555556,0.0056773333333333615,5.344101188204675,3.999920633728852,4.6780978821247965,5.250518482615653,0.0028579588658072153,0.0026474282319109746,0.002857297585918961,0.003044973458765148
3.6450500000000075,3.596751333333335,0.005952888888891216,0.004318444444444452,0.005092222222222227,0.006631777777777793,0.007573666666666689,0.005333999999999999,5.919150144444444,4.956412166666667,5.296061655555554,5.028624688888891,0.0027371777777777766,0.0029305333333333318,0.0027365444444444396,0.003516533333333336
3.661506945216143,3.0877340815646184,0.0061819091010054976,0.004652516946327371,0.005350372263584827,0.006582064673852621,0.007574508278697655,0.004506389598844323,5.115238082009113,5.866835903989331,5.458018857650849,5.258550127791976,0.0032008334259362096,0.002551472385820649,0.0028128014223802646,0.0035169241026780772
3.0171620180019976,3.77043549283254,0.0061819091010054976,0.005639404378264244,0.005083564840537836,0.004900766751861278,0.007926547394154885,0.004779975552839207,5.5180749888888885,4.814264999999999,4.616807755555558,4.921358000000001,0.0026290333333333273,0.0030276111111111038,0.0031272333333333337,0.0034792444444444385
3.702635999999997,3.7158143333333307,0.005864999999996852,0.004925777777777782,0.005882444444444425,0.006172333333333323,0.007899555555555536,0.005436000000000046,4.7058581111111115,5.2076187222222226,5.746981322222225,4.921358000000001,0.0027961333333333333,0.0030239333333333253,0.0026850222222222267,0.0034297000000000017
3.864627374736145,3.5132259748916717,0.005107765803799415,0.005208199088990099,0.004920119986668152,0.005381402066437059,0.007034107321408742,0.004922119764470652,5.790399911101231,5.208197410823424,5.639850927880873,5.152804089343262,0.003300022224691625,0.002555450605622848,0.0028611956884098248,0.0029004222691410135
3.8650567777777827,3.513616333333327,0.0054831111111121175,0.005746777777777767,0.0060703333333333755,0.005381999999999998,0.007287777777777708,0.004671666666666655,4.8339951888888875,4.983697211111112,5.639224277777776,5.1522315555555585,0.0025565999999999983,0.0032187555555555584,0.00286087777777778,0.0034318555555555544
3.7274668370181083,3.49023208532385,0.00648250194423076,0.005119097878013545,0.005038106877013683,0.005552605266081545,0.007286968114653856,0.004396289301188759,5.042427366666665,5.733208900000001,5.642792288888888,4.97322128888889,0.003221800000000007,0.002763233333333338,0.0029062999999999992,0.0033958888888888914
3.5201834648294263,4.2754292699188845,0.0062298033114787385,0.005094566062895908,0.005444604956106214,0.006558173130347852,0.007914990554506098,0.004709189909990027,6.124750333333332,5.627966366666669,4.647736766666665,5.456663266666666,0.002749633333333328,0.002973877777777782,0.0029062999999999992,0.0030878777777777772
3.6778172222222136,3.6567445555555578,0.006229111111110797,0.004567777777777801,0.004731888888888857,0.006260333333333337,0.007335777777777806,0.004963000000000002,5.020800244689133,5.6335999666333025,5.550591558224889,4.674593482371259,0.002903091980869757,0.003039806473139805,0.002799232565899239,0.002898309420531639
3.6778172222222136,3.95083277777778,0.005757333333324116,0.005417666666666667,0.006178999999999984,0.006260333333333337,0.006332666666666716,0.0047936666666666345,5.011083277777777,5.246985066666666,4.7293746444444436,5.733268555555556,0.002900188888888887,0.003074222222222221,0.0032600777777777824,0.002723288888888888
3.8147654705032705,3.9503938451283203,0.005599377846902322,0.004444950561048768,0.006500833240750997,0.006121764248416864,0.007726474836129305,0.004793134096211499,5.648706022222221,5.055948877777779,4.993003855555555,4.770429500000001,0.0030055111111111153,0.003074222222222221,0.0030338111111111094,0.0031681222222222304
4.314252194200644,4.039226308187979,0.005599377846902322,0.00454593934007335,0.005635373847350268,0.006121764248416864,0.007147428063548555,0.004141206532607506,5.128583598177576,5.671415012779199,4.9935586954105995,4.875186942993664,0.003395599511056779,0.0032736081786865286,0.0027193688187576383,0.003190243360373385
3.628922333333334,3.566100111111117,0.005601666666671514,0.00454644444444447,0.005786888888888885,0.00645944444444445,0.007463888888888863,0.0041614444444444156,5.781747683590713,5.278257149205644,4.996284423952895,5.703335229418955,0.002777580268859008,0.0028028219086768187,0.00331382068659038,0.0027670814353960766
3.415381264584951,3.733925769529957,0.0064880542282521785,0.004763307034114894,0.005787531947994217,0.005843760417824212,0.007464718302033533,0.004544504944993844,5.412914811111114,5.929872088888889,4.917822477777779,4.622846222222223,0.0027560888888888955,0.0033015111111111112,0.0027289111111111117,0.0033564555555555577
3.415381264584951,4.215389709967777,0.006350705633956964,0.004225247249694401,0.005415712856984097,0.007278808756528497,0.007386820757862025,0.0035303922658072957,5.41351631292366,5.120913523724857,5.562178108678741,5.652539182131348,0.0032833981553506016,0.003083864873874879,0.0032796088454272727,0.002825013890432271
3.5957740502110616,4.050923683625872,0.005348700288821006,0.004674072428349281,0.0062976005332148225,0.006946123083759172,0.007384359031326414,0.00466407465007777,5.575257406378488,5.464354772752526,5.5455309478830985,5.749520168907656,0.003027158573174798,0.003948716524058233,0.003129481053450384,0.002878642071341264
3.7344979999999928,3.26748955555556,0.005187444444446657,0.004832111111111074,0.006161333333333365,0.007049444444444417,0.00722811111111109,0.005049555555555517,5.180622824758306,5.182947360817867,5.5455309478830985,5.384217224136016,0.0036529947771974645,0.003388898766529612,0.003667296366262922,0.003508623180353378
4.149913237822349,4.495413868194843,0.006710601719194081,0.005944756446991382,0.007198051575931252,0.007205157593123204,0.0085524355300859,0.005535472779369607,5.174872327672327,5.791917094017094,5.749344866244867,5.378240737040739,0.0029987567987568007,0.0037534021534021537,0.00305957375957376,0.0034673215673215662
4.657094670487107,3.653274154727795,0.006893982808025384,0.005068080229226363,0.0065745558739255085,0.007205157593123204,0.0085524355300859,0.005695587392550159,5.369605766666666,5.053156888888892,5.755094211111111,5.246347122222221,0.0034695777777777824,0.003324711111111113,0.003140455555555556,0.003042666666666669
3.897959775383911,4.494407976163193,0.00612342424937439,0.005998968599587456,0.005203873481549422,0.0074084345633738495,0.008223470089388035,0.005694934677973886,5.422572036440399,5.294864603932898,5.7085794022886365,5.245764259526718,0.0031690034440617727,0.003976024886123763,0.0027192867459171224,0.0032809021219864383
4.091579025787967,4.331706246418336,0.007533868194845034,0.005623381088825216,0.006025673352435571,0.008714269340974225,0.009456733524355313,0.006452263610315202,4.7755406177091455,4.6800969336740375,5.7085794022886365,5.5547619042328655,0.0034532274191756565,0.00330065548272414,0.003154749472280852,0.0033902344183979563
4.0911101306440525,4.331209832683931,0.006385170754063571,0.006445908778363504,0.006056727022690807,0.007053632821453128,0.00914198945679582,0.0057539537015815,5.111416312923659,4.925794966107348,5.455932436937438,5.5251761084564945,0.0034539948883209335,0.003894143793754858,0.0027979108789865487,0.00339098788754306
4.260084918633966,4.269614141645647,0.006580105432040362,0.0053920467568187224,0.006056727022690806,0.008023263809305528,0.009141989456795818,0.0064177171670868885,4.395936807021444,5.195665959337854,4.8051891567603615,5.52394842795245,0.0033160759915564927,0.003710309965559387,0.002797289190089985,0.0034481724252860713
4.826249942699969,4.278580220032085,0.006515356406147885,0.006289823515929415,0.006449346779738727,0.007768737107494844,0.008949346779738692,0.0064177171670868885,4.306945132783404,5.090484508193119,4.077276879249081,4.4040007822588585,0.0027327255167322807,0.0031986674357111595,0.0022015282175665467,0.003378367364235713
4.624454545454557,3.711992663074622,0.007136535595558604,0.006310443654705941,0.006162788031640513,0.006788834116702984,0.008952424624555751,0.006109939241086799,3.3237357990484013,4.066500085283837,3.0772832932061753,3.4776273308572243,0.002359145432489232,0.0023788227795008853,0.0017366277290999212,0.0029465698482869624
4.04066506244988,4.437204766815627,0.006353156869481592,0.00540380428555061,0.005361865474962769,0.006925518505786654,0.008605935602154292,0.0060771169932394165,3.761751103852221,3.4983256927235873,4.275828407298939,3.777057805812118,0.00235996846136517,0.0028456634377111967,0.0017406735751295276,0.002718303671998184
3.84435062770804,3.701874680591042,0.005985779357855158,0.005042439728918992,0.005404288412398613,0.006815687145872702,0.007761915342739704,0.005075991556493709,4.785069598556609,3.682737110960757,3.156681540369869,4.523934483536309,0.0023626296797474035,0.0023351714027965713,0.002257724402345513,0.002259686513306266
3.353093555555562,4.125529444444447,0.005945222222218642,0.00568444444444443,0.004562222222222209,0.006816444444444465,0.008741333333333342,0.004314777777777766,3.781225383055432,4.4392966538981495,4.1811114127985585,3.580841674177558,0.0024822442541685336,0.002693307796304644,0.0017066584046867993,0.002836818386660667
4.202813757084127,3.3099653294810545,0.0059458828758715155,0.005346260695632849,0.005737637515279455,0.00685287254139346,0.007665518390932336,0.005077564173797087,4.1554901543314156,4.155169798355298,3.7764357553227437,4.5480300889940315,0.0026432240621831688,0.0020322180916976505,0.0022315647178100546,0.002143595809395076
3.9809451111111054,3.4553535555555506,0.005919222222221126,0.005333555555555543,0.004940888888888859,0.006411222222222198,0.007243888888888902,0.004467777777777787,4.15595832582244,4.155637933753942,3.7768612212708432,4.289129551599821,0.0025294276701216746,0.0027492226228030695,0.001790220820189266,0.002332751239296976
3.9809451111111054,3.4553535555555506,0.005919222222221126,0.005409222222222226,0.0050141111111111514,0.006411222222222198,0.007020111111111129,0.004467777777777787,3.8782075813901087,3.915813304044157,3.9641702264278442,3.4790754646840147,0.002824467725582965,0.0021480117156697145,0.002335676467274984,0.0026960459614734675
3.785520666666672,3.6723138888888927,0.0058668888888936035,0.005409222222222226,0.005802111111111113,0.007235888888888869,0.007020111111111129,0.004948666666666688,4.613959918891517,3.8390485073786182,4.892997859637261,4.275362825278809,0.00284837219781458,0.002342649543764789,0.0028615410611693122,0.002040069843415581
3.8119202222222337,3.182210333333337,0.00562244444444736,0.005475888888888885,0.004643555555555512,0.006994888888888885,0.0068192222222222855,0.0053053333333333225,4.46741500684,4.763111634539998,4.01716966654,3.6151394550800027,0.0024191331800000036,0.002421224659999998,0.0025097279199999983,0.00238083746000001
3.6611714253971663,3.9188710143317462,0.005744472836347894,0.005706143761804243,0.005254305077213637,0.0069941117653594,0.007856015998222457,0.004470169981113179,5.5502685000000005,4.953319087499998,5.310113012500002,4.978877212500004,0.0031558375000000013,0.0025179124999999978,0.003257812500000002,0.002784137500000009
4.267521835759524,3.9528525391710216,0.0057457495277216785,0.005707411934659405,0.005255472830314473,0.006807534170463385,0.006723969329925514,0.00475408378708744,4.933572000000001,5.2615522555555545,4.720100455555558,5.547992733333338,0.0033186000000000083,0.002803422222222224,0.0028958333333333353,0.0027860000000000107
3.4655133874013995,3.4617878013554138,0.005404732807461104,0.005627930229974467,0.0052240862126430535,0.006883012998555724,0.006728363515164983,0.00544950561048772,4.735689133333334,5.224354177777776,5.86672108888889,4.81626697777778,0.0033186000000000083,0.002469055555555558,0.0030422333333333293,0.0027860000000000107
4.068342111111103,3.8200256666666648,0.005493000000001302,0.005886777777777772,0.0062636666666666925,0.007804777777777785,0.005750555555555556,0.006211888888888881,4.735163004110656,5.309951160982115,5.6725324075102765,5.813332107543606,0.0031930229974447364,0.0027782913009665616,0.003971136540384404,0.0027804466170425436
3.21908888888888,3.8200256666666648,0.006325888888896872,0.0053224444444444075,0.005735777777777784,0.006513222222222245,0.007347222222222271,0.0054496666666666495,4.8821724153248205,5.238868262076626,4.951544986118821,5.5641435313714585,0.0031565796779566917,0.0027770571904497526,0.0034517379233759238,0.0033064741810105523
3.555670111111113,3.7844930000000105,0.004985222222229722,0.00569044444444443,0.005735777777777784,0.006931111111111123,0.007190555555555515,0.005541111111111096,5.680767859126767,5.880132151983115,6.0762996111543135,4.696429752249748,0.002596600377735811,0.0026719031218753464,0.004155771580935458,0.002563726252638604
3.9834953894011824,4.300388845683815,0.005955227196985498,0.004816131540939871,0.005358960115542688,0.007914565048327995,0.007260193311854177,0.005540495500499929,5.589062804132875,5.1637864015109445,5.66107814687257,5.649155627152538,0.002719753360737704,0.003093756249305633,0.003380035551605368,0.0028735807132540866
4.049486168203523,3.49561026552605,0.004933007443616371,0.0058575713809576714,0.005403510721031027,0.006149983335185001,0.008328519053438477,0.004774358404621667,5.479047683075896,5.041732736970775,4.746100844538281,5.555146527391931,0.0028044338259806626,0.002978508723191461,0.003436715190576741,0.0028742193577064147
3.47422208643483,4.26169870014443,0.005436729252295566,0.004920564381735382,0.005403510721031027,0.006325074991667616,0.007151538717920178,0.004887123652927484,4.855614801644627,5.451330336704081,5.946983787087453,5.555146527391931,0.0028044338259806626,0.002644238248694298,0.003776497388598732,0.00273180353372597
3.829889654406049,4.145899433270361,0.005772863651520554,0.004680520057784215,0.005274586065118347,0.006326480720080031,0.0075149461051227774,0.005265918435381732,4.871027236359592,5.451330336704081,4.940183987109676,5.463562229136568,0.002770385598399831,0.0029934437159684396,0.003200555617290805,0.003040260028892096
3.2232783825816456,3.4067110642079483,0.005770939791161239,0.004678960231059783,0.00602621639635635,0.006794156854032416,0.007512441679626738,0.005255943123750287,5.910357400000001,5.420664055555559,5.652168355555554,5.368454411111111,0.0027240333333333326,0.002800866666666666,0.003713188888888884,0.002728711111111106
3.86395243387419,3.9274487663925237,0.00586697043787025,0.005237719493220713,0.005036452545009998,0.006406090242276057,0.007644587686152503,0.00408690820182266,5.1041101666666675,5.256239655555557,5.61987578888889,5.368454411111111,0.0027240333333333326,0.003205311111111109,0.0030592555555555494,0.0033243000000000023
3.6808555716031592,3.145129874458391,0.0057268081324328155,0.005124763915120586,0.005132985223864024,0.006481390956560349,0.008677146983668536,0.004576824797244777,6.255767599999997,4.420643300000001,4.8003127444444464,5.155620911111113,0.0029735444444444516,0.0025404888888888844,0.002486655555555546,0.002758355555555564
3.6812645555555594,3.8976326666666714,0.005754777777775013,0.0051253333333333775,0.005587222222222237,0.006482111111111078,0.007081444444444449,0.0045773333333333594,5.048615308504722,4.715426503613117,5.856013485269595,5.249474596998334,0.003145792106725952,0.0030285936631461873,0.002488037798777088,0.0028493051695386287
3.6128538888888975,3.9531763333333303,0.005754777777775013,0.005128222222222226,0.005587222222222237,0.006369333333333326,0.006892222222222226,0.0048793333333333345,5.121330488888888,4.966299633333333,4.730081233333338,5.246558222222225,0.003574200000000006,0.0031281777777777795,0.002444255555555571,0.0028477222222222194
4.400187937163174,4.380161220043574,0.006969154913430517,0.006016282536406396,0.006641325536062385,0.006847838550624928,0.007923173947941788,0.00620972365554411,4.497385288888888,5.74998462222222,5.112751577777778,5.307944933333335,0.003159744444444446,0.0027062777777777784,0.002903311111111123,0.0026841555555555583
3.807233318046331,4.379659023159826,0.007662692043106128,0.005758770924099945,0.005781472139417549,0.007814148131162574,0.007560421921577589,0.0063478559963311455,4.9190163204088435,5.026305366070434,5.8763309410065565,4.617281157649153,0.0030959671147650263,0.0028707588045772726,0.002328452394178422,0.0032008110209976663
4.4608400779548365,4.163904505330732,0.006496847414885782,0.006262982918720599,0.006540868967098449,0.007591539607933009,0.007559555198899429,0.006328785968130189,5.68818222419731,4.952231563159647,4.67571483168537,5.784376224863903,0.003626597044772801,0.0028707588045772726,0.0025233974002888664,0.0028165203866237086
3.617750315258513,3.943119225037264,0.006481600366838214,0.005689670984752925,0.008574458328556684,0.007591539607933011,0.00710535366273073,0.005939126447323137,5.682877124763913,5.610993978446837,5.766950783246308,5.463674602821908,0.003091723141873114,0.0029867236973669616,0.002959637818020228,0.002829074547272529
4.157062148836142,3.9440235064786204,0.007161449375071658,0.00855062492833391,0.007798761609907133,0.006990368077055395,0.008951496388028867,0.00919126246990022,4.643637166666662,4.783076044444442,5.055058277777779,4.436458333333331,0.0032279999999999965,0.003033500000000003,0.0030025333333333396,0.002829388888888892
3.4972207702888634,3.40803759743237,0.007148441082072998,0.007296882164144913,0.00888159101329665,0.006356946354883057,0.008555020632737236,0.009188101788170543,5.344147245056656,5.157761153077096,4.99041924016885,5.550251710730948,0.003886180848700283,0.0026284714507887183,0.0030018662519440188,0.0028150077760497635
3.0643247735870665,3.4084282930184564,0.006283044824026425,0.007630746302877442,0.007709274332225123,0.006697122549581591,0.007487905537085796,0.009002865986472548,4.777941988888894,5.158907322222223,4.991528222222221,5.49632948888889,0.0031748666666666587,0.0032668666666666683,0.0031847444444444476,0.003264222222222215
3.064324773587067,2.6334713974550032,0.006540066490886892,0.0076307463028774435,0.007874928350338201,0.007417631548779127,0.009738048836409424,0.010721884672704338,5.73424065555556,5.2669662444444425,4.942275499999998,5.30978328888889,0.0030801555555555536,0.003233955555555557,0.0038460666666666602,0.0026472999999999944
2.3080662540119117,1.829519027968825,0.00653931682714424,0.007946354883081149,0.00787402567629529,0.007005845942228353,0.009498395231545144,0.009589523154516269,5.531766133333335,5.400956399999997,5.860944499999999,5.30978328888889,0.0029949111111111,0.002875833333333334,0.0031858888888888727,0.0034310666666666646
1.1589746666666594,0.9670691111111107,0.005556666666658809,0.007877111111111113,0.007231222222222241,0.006285777777777786,0.007590444444444443,0.009226555555555542,5.531766133333335,4.61727141111111,4.828251177777779,5.144362855555556,0.0033636333333333227,0.002875833333333334,0.0031953111111111096,0.0037481555555555555
1.1589746666666594,0.967711333333341,0.006002777777780466,0.008006888888888923,0.008384999999999988,0.005996111111111091,0.007942666666666752,0.009090444444444451,4.341964627170002,4.459937887777499,3.925537445249999,4.9690686912525,0.0028734980849999987,0.0022405488975000016,0.0030864308849999984,0.0031210431975000033
0.526183242582514,0.41109934437159534,0.006003444827205711,0.00808867651961328,0.007649183242582507,0.005089343260362279,0.00893632625847325,0.00863973774863877,4.5126042283729975,4.2979281380859975,4.627645552037589,4.544785966704116,0.0022467163721785316,0.0027300990705750173,0.002445654172198956,0.002970105198651826
0.5267936895900454,0.004680479946665003,0.0059602266414916704,0.007638595711587589,0.005432507499166746,0.00649050105543829,0.0079752249750028,0.010140206643706256,3.764691409601639,3.6926960061287044,4.371480735444332,3.927867160367722,0.0028051276813074533,0.0023027681307456597,0.002626036772216544,0.00292863125638407
0.005704699477831547,0.0059240084435040665,0.0053029663370732505,0.005886901455393799,0.006330185534940558,0.005551494278413501,0.007580824352849737,0.006048772358626802,4.578068253319716,4.484125229826355,4.371480735444332,4.6020782124616995,0.002250510725229819,0.0024098569969356457,0.002115311542390193,0.00292863125638407
0.005762666666669247,0.0050511111111164715,0.005330222222230279,0.006608222222222201,0.005278666666666679,0.00654477777777777,0.007592111111111146,0.006959666666666673,4.498413547200649,4.633284429914181,4.033810042909683,3.577758970167554,0.0022080608908867953,0.0024103494074376756,0.0026529117286473287,0.002899581119738455
0.005109222222232449,0.00627411111111087,0.0061293333333322965,0.006489999999999984,0.00652466666666666,0.006227888888888897,0.008662888888888887,0.0058871111111111025,4.742444132366459,4.631864773771832,4.620433561433971,3.8623696966601986,0.0027440608722295963,0.002343815749157394,0.002156684710448376,0.0028651823102849605
0.006201533162986304,0.005225641595371022,0.006116987001447438,0.007284079546717001,0.006487612487501385,0.006152983001888674,0.006481279857793578,0.005926119320075556,3.8634033806557047,4.567393361250125,3.698285456031051,3.299797681544274,0.002313686038198347,0.0023913389847819446,0.002051690327852119,0.0028651823102849605
0.005977444444447934,0.006263333333322408,0.006117666666669822,0.006645000000000037,0.006488333333333331,0.005422666666666675,0.006925888888888862,0.006317222222222234,4.033917771422734,3.6238321826166877,3.8046016852211193,4.281887866407923,0.0024050760902869957,0.002075457052395057,0.0023357266877744956,0.002672556429373917
0.006208199088990326,0.005964003999553459,0.005965337184764367,0.005768359071214321,0.006332629707810236,0.005945339406732567,0.006925119431174285,0.006564715031663117,4.033917771422734,4.668928842814832,4.485915473393929,4.475722571749565,0.0020661423756511053,0.0025204575630681228,0.0019050965172096807,0.001916964559289141
0.006208199088990326,0.006115764915003052,0.004846461504280086,0.005830685479391169,0.006337073658482412,0.005999666703699616,0.007241417620264391,0.005825574936118175,4.163912493783751,4.664960542562501,4.622858195346247,3.7852860921987532,0.00277030043125,0.0028247977912500017,0.0025473635449999887,0.0027013164312499924
0.00576658149093653,0.0052274191756480235,0.0057999111209819,0.0059147872458615745,0.006337073658482412,0.005999666703699616,0.007589045661593076,0.0066428174647261235,5.157395666666668,5.373521066666666,4.765403322222219,4.99191266666667,0.003448255555555556,0.0033773777777777792,0.0026259111111111,0.003286677777777772
0.005819888888885948,0.006129222222221466,0.004799777777773468,0.005915444444444449,0.006559111111111134,0.005762222222222224,0.00758988888888881,0.005141000000000014,5.156822686368182,5.372924075102764,5.075760404399515,4.99135807132541,0.0031717698033551832,0.003796444839462281,0.002640051105432724,0.0032838906788134627
0.005976111111117967,0.005780555555550867,0.006184555555554047,0.006197666666666694,0.006646222222222233,0.006532000000000032,0.007888666666666606,0.006801777777777821,5.187344583935121,5.425881946450393,5.672408876791464,5.032386590378843,0.0035146983668481336,0.0035818242417509152,0.0030555271636484764,0.0032838906788134627
0.005040222222217179,0.005780555555550867,0.006321888888881707,0.006144777777777765,0.006646222222222233,0.006314999999999997,0.0077575555555555245,0.005891555555555576,5.548031322222224,5.133372322222218,5.624212111111117,5.755120255555553,0.0029027111111111174,0.0035822222222222215,0.0024716666666666533,0.0033475111111111147
0.005993555555543632,0.005260000000008505,0.00552277777777969,0.0065563333333333125,0.006416111111111129,0.0065132222222221954,0.006686777777777783,0.006842111111111117,4.697311023447045,5.133942760306697,4.98524021557951,4.7151047783087,0.0026755750638959904,0.0035416601844649354,0.0030489165462829074,0.003275419491054554
0.0057802222222183754,0.005260000000008505,0.005506555555547897,0.005761444444444437,0.005191333333333326,0.005889111111111086,0.00847311111111113,0.005136333333333336,5.6996072222222205,5.051853377777777,6.107613444444441,5.869303788888888,0.0029532000000000026,0.0030360555555555536,0.0029381111111111105,0.0038060111111111092
0.005149999999995695,0.005431777777782069,0.005506555555547897,0.005829222222222215,0.0065563333333333125,0.006616666666666641,0.00807011111111115,0.006554222222222203,5.7317374444444456,5.755677733333338,5.883222377777778,5.632213100000003,0.003035533333333338,0.00346188888888889,0.0026291111111111116,0.0032317999999999978
0.004830666666672793,0.005806888888893506,0.005808999999999287,0.005829222222222215,0.006715111111111129,0.00639599999999997,0.009146666666666687,0.0069913333333333745,5.7317374444444456,5.385130577777779,5.14202867777778,4.572544466666668,0.003035533333333338,0.0033873555555555563,0.0033562888888888894,0.003579111111111113
0.005624666666663972,0.005012888888889696,0.005808999999999287,0.006445555555555545,0.006482555555555535,0.006475111111111086,0.007760333333333295,0.0069913333333333745,5.6804687333333295,4.645366799999998,5.286963577777775,5.4731393555555545,0.0030414111111111107,0.002566977777777778,0.0031229777777777826,0.0028799444444444523
0.006001111111118007,0.005824222222220973,0.005734222222220827,0.0069276666666666905,0.006482555555555535,0.006475111111111086,0.007760222222222267,0.006584999999999989,4.8159142682520235,5.000707634181578,6.024645738415381,5.328571107900877,0.002890965662851434,0.0026899099899988896,0.003123324813868212,0.0031107123013668215
0.00522158017558098,0.005944438270919058,0.0064058228692051335,0.006928436492943684,0.006769529947771944,0.006444604956106236,0.007761084564951707,0.007933214801644651,5.826789676630734,5.961655050561173,4.901407256361815,5.328571107900877,0.0025598844316035217,0.002604356039559951,0.0029150572285809528,0.0030154794977219693
0.006629191524374386,0.00632956181856063,0.006243365562641652,0.007319995885620258,0.0069583419049578125,0.007289035177946906,0.009099362271137636,0.007979016663238015,5.783738688888889,5.047129766666668,5.036824533333337,5.1872728,0.0026115777777777783,0.0022827444444444454,0.0030114666666666693,0.003570222222222219
0.006629191524374386,0.00632956181856063,0.006259103065220181,0.007475930878420101,0.0069583419049578125,0.007181649866282658,0.008281114996914233,0.007979016663238015,4.8095769222222255,5.254826211111114,5.3930781777777765,5.20281026666667,0.002934188888888893,0.0029136111111111146,0.0030114666666666693,0.0033619555555555554
0.006371014194615526,0.0066269286155019175,0.006883151614892711,0.006882945895906235,0.007292018103270919,0.006062641431804147,0.00955358979633821,0.00764698621682781,5.49910887777778,5.853363266666669,5.3930781777777765,5.20281026666667,0.002993122222222224,0.002388333333333335,0.003159077777777777,0.003022277777777786
0.006603579510391691,0.007520366179790286,0.0067905780703544005,0.007731228142357572,0.007292018103270919,0.007251902900637727,0.00789991771240485,0.00764698621682781,5.192748094232691,5.824360017779758,5.149571174574954,5.195626602955885,0.0031161351261251267,0.002891943549283257,0.002722746971885757,0.0034630403378153123
0.007360697087827106,0.007135175418481082,0.007569135519374625,0.007775166246273786,0.006719559734005962,0.007332607200183443,0.0077928227470763275,0.006657761981196991,5.185145193910435,5.120457450827868,4.954068029781086,4.98123720413379,0.0025894099344371604,0.0031271030114457146,0.0032827869763306966,0.0034630403378153123
0.00665572927381182,0.00586689981485642,0.006629088664880715,0.007837996297058192,0.007248919975313714,0.006816292943838761,0.008255091544949633,0.006055955564698592,5.1845690666666675,5.155024888888889,5.8524138888888935,4.980683733333331,0.003319666666666664,0.003150633333333334,0.0032150555555555452,0.004603411111111116
0.006627545772475641,0.006784715079203425,0.006629088664880715,0.006898477679489839,0.0063919975313721745,0.006093293560995707,0.009184015634643135,0.006055955564698592,5.064026811111115,6.040947844444443,4.851907977777782,4.8089813333333336,0.00329668888888889,0.003150633333333334,0.0028949888888888833,0.004603411111111116
0.00671343344990191,0.006033635054519051,0.006612836864845521,0.005846430775560593,0.007280600699444594,0.007319687307138467,0.007943324418843892,0.006688747171363949,5.947141706477063,5.120876480391064,4.9100059993334,4.527761093211863,0.0028546050438840067,0.0032332740806577014,0.003726152649705582,0.005291512054216201
0.006712742980556038,0.0060277692070399335,0.006671911961332839,0.007022421063457777,0.00603157461688782,0.006989303712845856,0.009230998662964101,0.005839967088347183,5.539306365959338,5.000831074325076,5.7016603155204955,4.527761093211863,0.0034780024441728613,0.003478724586157095,0.004024030663259637,0.0056109987779135685
0.006785126517178112,0.006688335733387572,0.006529520674761042,0.006782863608311079,0.006346842213536285,0.006247377082904756,0.008014708907632137,0.0070058629911540875,4.667026866666665,5.574453566666665,5.65342135555555,5.00727268888889,0.0035746444444444444,0.003479111111111113,0.003512222222222221,0.005056544444444453
0.005438777777777028,0.006439333333332798,0.005325444444439301,0.005227111111111121,0.007098999999999992,0.006075000000000004,0.007901555555555618,0.005220333333333334,5.298757933333334,5.363390955555559,4.663403811111107,5.264275222222218,0.00325203333333333,0.003446644444444445,0.00404464444444444,0.005288911111111109
0.006001111111105376,0.005415666666673739,0.005814333333331787,0.005862444444444442,0.005722666666666667,0.006075000000000004,0.0065270000000000735,0.005529222222222223,5.44924471111111,4.764853900000003,5.766844522222223,5.264275222222218,0.0037247444444444464,0.003446644444444445,0.003809011111111106,0.005288911111111109
0.005968333333334562,0.00523588888889511,0.006016444444450523,0.00601766666666665,0.006657555555555571,0.006529111111111134,0.008419555555555588,0.005529222222222223,5.0138487105200005,4.148971169880003,5.1558587668000015,4.342942033679997,0.003506319280000001,0.003104651439999998,0.004017744919999995,0.004554181040000001
0.0059689965551740255,0.0052710301144519274,0.00601711301256303,0.006018335370596715,0.006050338926547359,0.006647405267251889,0.007240137793088088,0.005479053228136467,4.171724390982855,4.235955938434289,4.602236061188576,3.7695925711542846,0.0035798306057142877,0.0024579372,0.003498930411428565,0.00464966118857143
0.00621652165217173,0.005370237023696651,0.006111911191128236,0.006788778877887774,0.005445244524452414,0.005982598259825959,0.00746184618461846,0.005972097209720991,3.918181759946053,4.161776871207011,3.4133278714317816,4.66592015059564,0.002623342324117784,0.0023882445493369274,0.002979444819060472,0.0036035738368172623
0.005950500000011516,0.005596749999995154,0.0063305000000042355,0.006777374999999974,0.0057416249999999724,0.00680824999999996,0.006778249999999986,0.0068647500000000305,3.7960170019103265,4.299532981233844,4.172731531632767,3.9282307113158774,0.0025149005506236674,0.0028952354197100748,0.0029791100123609483,0.0036031688953815037
0.0051846666666758925,0.005969111111110377,0.0060107777777729,0.0070725555555555515,0.006754666666666638,0.007046333333333315,0.008639444444444422,0.006629333333333302,3.515390604630251,4.300016183412,4.189297493818835,4.362445032591594,0.003001404810069683,0.0022167565745111243,0.002950528208586198,0.00285774331310407
0.006178555555556563,0.005974444444442876,0.006693888888889888,0.006806555555555526,0.006754666666666638,0.007239777777777759,0.007247444444444461,0.006198222222222229,4.011522398291756,4.182583861541918,3.952893582827603,5.196399033490674,0.002370791189031249,0.002144998876151943,0.0027173746909417806,0.002077511800404585
0.0059098750000003974,0.0059192500000051496,0.006506874999999468,0.00680499999999995,0.006380500000000011,0.008144749999999978,0.008153375000000018,0.005556874999999961,4.011071614788184,3.6025429374086997,3.9921107989661784,4.070458961681088,0.0025134958984155556,0.002558433531857508,0.0027170693336329883,0.002755096078211035
0.006312555555559306,0.00545533333332868,0.006872444444449381,0.007332777777777781,0.006638666666666657,0.007083555555555559,0.007376777777777714,0.00699788888888886,4.2506802247190985,3.79580708988764,3.991662247191013,3.8887805730337113,0.0025132134831460703,0.0019530224719101065,0.0028276629213483196,0.002110685393258433
0.00613688888889404,0.006578666666668041,0.00570944444445508,0.006690555555555546,0.006638666666666657,0.007083555555555559,0.008653555555555532,0.0060971111111110966,4.26602950893359,4.816301224856724,3.64422265423081,4.646746331048435,0.0020874030789976347,0.0024736936734464482,0.0026323407124396086,0.002903112709293187
0.005038777777776381,0.00579333333333428,0.005640111111107318,0.005619000000000016,0.00664844444444442,0.006649555555555539,0.007699444444444482,0.00720166666666665,4.763977361464288,3.753876291964289,3.578875234499998,4.252262458178571,0.002049972214285709,0.002295881035714283,0.0022311013928571406,0.002122807928571428
0.005934999999996964,0.005757111111115086,0.006379555555554362,0.006648000000000012,0.00687655555555559,0.006937333333333327,0.007699444444444482,0.0059414444444444315,5.281984541175091,4.53468540257218,4.605997974114719,4.201882369850722,0.0028387259651137427,0.0027022503280839847,0.00267347212543744,0.002893992327755895
0.006109555555553925,0.006153666666667354,0.0066142222222222505,0.005712777777777777,0.00687655555555559,0.006937333333333327,0.008053111111111042,0.005755888888888894,5.380638824705625,4.619382003999113,5.677725449900023,5.285221373028216,0.003412952677182851,0.0031300377693845825,0.0037775827593867967,0.003814774494556756
0.005764470558819699,0.0058051006375764505,0.006041255156906275,0.006427678459807475,0.006371046380797622,0.0061835229403675055,0.007616702087760892,0.006476184523065389,5.647369952216912,4.704436115123904,4.9282740304478265,5.286983309256583,0.0032458162018002053,0.002629458828758755,0.0037788420935659446,0.0045237581953550335
0.005907290729064266,0.005515151515155126,0.005477847784785313,0.006280628062806299,0.006826682668266825,0.007099209920992084,0.007094309430943061,0.006737573757375716,5.040834522222222,5.845332544444448,5.299902933333342,5.252491722222225,0.002764744444444448,0.003129888888888885,0.003567822222222222,0.004185411111111112
0.006438666666667815,0.005106888888892374,0.005811333333326729,0.005609111111111127,0.006187666666666678,0.0060390000000000044,0.007748999999999957,0.00586355555555556,4.849197233333328,5.120652066666665,4.741885322222224,5.273741122222225,0.003266322222222218,0.002977933333333326,0.0035580444444444537,0.0045801777777777775
0.006052506563317884,0.004399424928122812,0.0065385673209076844,0.0063110388798600005,0.005787598449806251,0.006794724340542573,0.0066719589948743595,0.005372546568321011,4.849197233333328,6.095650900000001,5.206312722222226,5.273741122222225,0.0030546444444444396,0.003075855555555552,0.0035580444444444537,0.003909966666666666
0.006049704970492682,0.004616061606160247,0.006011201120113898,0.005810781078107842,0.006469946994699481,0.006852785278527858,0.006029802980298075,0.004941194119411939,5.004321777777777,5.821521988888887,5.998114044444449,5.3193553444444435,0.0030546444444444396,0.003075855555555552,0.0032998666666666614,0.004595822222222228
0.0056601111111073505,0.005140666666660663,0.006319333333332604,0.00579377777777775,0.0060323333333333435,0.0076088888888889,0.006767222222222221,0.006082333333333326,4.897803077777776,4.812901822222221,5.238657400000004,5.348748177777779,0.003134355555555556,0.002968933333333334,0.003449666666666658,0.003812522222222226
0.006367624999995769,0.005783249999993245,0.005855750000009152,0.006517999999999968,0.00572362500000001,0.007092125000000005,0.006557374999999976,0.005599999999999994,5.211104888345737,5.557590978780132,6.377413576269305,5.236051116542606,0.003548372403066331,0.002590767692478613,0.003449283412954108,0.004438029107876894
0.007526782628728484,0.006537610874318382,0.006588411473330414,0.007139269669392932,0.006711323580232681,0.007556617901163483,0.009258841147333182,0.007035364589333036,4.626888687631955,4.717847216357372,5.288967029669963,5.237214812756972,0.0030700188909878836,0.002728503167018559,0.003451327925325036,0.003627536392932549
0.006373113696570124,0.006369542679415219,0.005542794608908398,0.007236263103329116,0.007949314595092702,0.008639672848750182,0.009114502937449611,0.007118534731021743,5.644230351189153,5.88426550344521,5.330453356301403,5.2835539786619234,0.0028879417648366244,0.002831729273171808,0.002397066014669928,0.003356445876861529
0.007617582670811499,0.00637101048507933,0.006801013941687226,0.006622537158658832,0.0074465952298651975,0.007548104620347987,0.009116603295310525,0.007036870607212805,5.375619977777779,4.776857466666669,5.329268811111114,5.282379855555555,0.002571599999999993,0.0031863333333333283,0.00282434444444444,0.003297955555555559
0.0068298553718980385,0.006872314049594236,0.007001652892559995,0.0059377066115702485,0.006676549586776865,0.006767561983471094,0.009348966942148781,0.006309194214876027,5.982394255555556,4.800678755555557,5.2138784999999945,5.327414022222222,0.0030984333333333343,0.0026856111111111143,0.0026311000000000043,0.003306199999999997
0.006023614790919058,0.0066597166225100925,0.006740352493959426,0.007116576431286723,0.007444188457550986,0.007853588296279223,0.008029720078331996,0.006484967169680928,5.080075691589824,5.5890884235085,5.213299244528381,5.25665187201422,0.0025965670481057743,0.0027663592934118442,0.0021348183535162698,0.00337924675036107
0.006984906095168412,0.006639820255792714,0.006741905749517429,0.007321811268579341,0.00599919345546723,0.007295771402235285,0.008177094135269021,0.0073612167300380164,6.058458795421712,4.615223402600287,5.0036061229025455,5.257820146682962,0.0028057228580953544,0.0026895877319702208,0.0025872985887320796,0.003379997777530835
0.006855785123969155,0.006855578512399429,0.006880888429761366,0.007329338842975209,0.006719834710743802,0.006541322314049592,0.00873719008264465,0.006599999999999996,5.034097399711078,4.894996277364148,4.211716812979219,5.311208767640846,0.0032348149794421614,0.0026895877319702208,0.0022033448160906836,0.003423547060784527
0.0062542626728162255,0.006467972350233015,0.006782258064511088,0.006743894009216623,0.00835299539170506,0.007513248847926296,0.008349308755760405,0.006850115207373316,5.1739595044995035,5.58134852794134,5.261979624486167,5.435435596044886,0.0026877013665148348,0.0028460948783468483,0.002494245083879581,0.0034227863570714325
0.006506970849173886,0.006155893536115034,0.005728770595688367,0.007352575181472533,0.00671724853093673,0.006640281138380022,0.009634980988593165,0.005840534623804626,4.282759395488391,5.661398610956775,4.794222335815092,5.381640871207914,0.002863584842760303,0.003243327036337373,0.002770552283587066,0.0034202355817313118
0.00583409090908886,0.006341115702477326,0.006073037190076284,0.006592252066115716,0.00701425619834711,0.006852066115702475,0.0096242768595041,0.006215185950413244,5.386068614598379,5.660140662148653,5.607009787801356,5.3804450838795725,0.0032060548827908,0.00266375958226864,0.0025456615931563125,0.003419475613820695
0.005658444444444893,0.005258000000000923,0.00637711111111609,0.006057777777777793,0.005421222222222227,0.006284777777777745,0.005984333333333346,0.005441111111111132,5.25769891111111,5.186573211111112,5.184991322222221,5.462914111111111,0.002867466666666672,0.002697822222222226,0.002808955555555555,0.0034279666666666587
0.005374777777774398,0.006408666666667766,0.005938333333334514,0.006567444444444447,0.00582266666666668,0.005695999999999973,0.007481222222222251,0.004852444444444437,5.0829140111111135,6.240436155555554,5.184991322222221,5.462914111111111,0.0034263333333333333,0.002783944444444444,0.00238114444444445,0.0027780777777777674
0.0053747777777743986,0.005160888888882357,0.004966111111103703,0.006567444444444448,0.006745222222222256,0.006421555555555546,0.007196222222222284,0.00587133333333334,5.196717833333337,5.075195722222221,5.252105544444447,5.364660144444442,0.0033653444444444423,0.0030506888888888924,0.0024536000000000033,0.0030896555555555553
0.00566585176131541,0.006340371152348721,0.005388598733193709,0.006556061784642724,0.006019891099011004,0.0065952883653739225,0.007197021891321318,0.005342149127680872,5.196717833333337,5.2019733888888915,5.252105544444447,4.589086299999999,0.0033653444444444423,0.0026131111111111173,0.002712344444444453,0.0030586666666666635
0.005427396955894987,0.006337518053551714,0.006099766692585822,0.006821242084212824,0.007236640373291857,0.005559160093322943,0.007896567048105749,0.005612376402621948,5.391780488888892,5.876175266666666,5.031957644444442,5.616169822222224,0.0033346111111111033,0.002804155555555555,0.00262266666666667,0.0030586666666666635
0.005961106789639175,0.005368263140350869,0.005201689076557032,0.006000222246916292,0.006809867763084768,0.006562951439048795,0.006386265140571115,0.005613623735970679,5.625985953875003,5.0574742955625,5.250533304624997,4.905894477750003,0.003031777218750001,0.002925961062499999,0.0027365887500000034,0.002430444187499993
0.0059597822464129485,0.006616487056998753,0.005766581490949161,0.006843795133874017,0.005330963226308192,0.006104766137095844,0.008197644706143694,0.005345294967225848,4.791065944737513,4.4259190501161365,4.235687510511909,4.041156448548054,0.003091730384850898,0.0023828223735023364,0.0020068386565427715,0.0024785060382095324
0.006086555555561467,0.0056591111111225076,0.005767222222225934,0.006168000000000026,0.006862333333333353,0.006105444444444411,0.006959666666666624,0.006713555555555553,5.1775202602647505,3.367489925959162,3.9795293246578387,4.119153118689699,0.002831041059008307,0.0018605676463989175,0.0016258133273502472,0.002306439308952202
0.0060872319146630955,0.006018557617515488,0.005563173685967645,0.007188243138126476,0.006618402044671645,0.006070230025558377,0.007135237248583186,0.00566162906989667,4.062481916087056,4.124729683643705,3.9089928875925524,4.119153118689699,0.002131893650437514,0.0023974085707875238,0.0017426744446937495,0.0027742988557325435
0.0061604622735838424,0.006985220580064516,0.004845316146234233,0.0063905989554394966,0.006618402044671645,0.005711856872985915,0.008687854206022888,0.006014001555728383,3.930173771595247,4.344299102535337,4.207967040610276,3.8322316131927296,0.0028119811532420877,0.001878382319946153,0.0018974983172537622,0.002164875476778102
0.005244195089430918,0.005833129652260749,0.00527063659593922,0.006435951560937654,0.006794800577713599,0.006482724141762032,0.007189201199866662,0.006678369070103292,3.934830768367917,3.2799008076275955,4.2074950308468875,3.831801749859786,0.002697666853617505,0.0019386427369601819,0.0018972854739203629,0.0027835445877734174
0.006089343260362843,0.0069426602955948505,0.005271807978669731,0.006437381931325681,0.006456717413045861,0.005758528725413922,0.00760595621735746,0.005660851205689476,3.904149040942229,4.067474963544589,4.060932192933257,3.9758112058328683,0.002227380818844644,0.0016693550196298361,0.0020022658440830106,0.0021114189568143533
0.005606333333326398,0.00651822222221199,0.005278999999998431,0.006276000000000023,0.006455999999999969,0.005603333333333331,0.007605111111111088,0.006429888888888859,3.904587020417318,3.879613316131924,4.061387760825665,3.976257224590534,0.002839600628225259,0.002214045321965445,0.0021147408570787512,0.002242876374242756
0.005672296921885168,0.005322591399035257,0.005675519502176364,0.006051005667296375,0.006786420713412612,0.006212356928547626,0.007383820424491625,0.005701077897544124,3.4890481547952876,3.19854808749299,4.371182501402132,4.015760818844646,0.0026859001682557507,0.0020019068984857015,0.0020055973079080177,0.0025833538979248443
0.005156982557495495,0.006519386734804874,0.005674258415741041,0.006049661148761259,0.005771025441617638,0.005968781246528167,0.007382179757804705,0.005699811132096387,3.701301221758117,4.304205949553127,3.713749554809518,3.986133230043665,0.002181421046483155,0.001991203996367869,0.00199487467555655,0.002416221786683534
0.00515755555555744,0.005270555555550043,0.005638666666666521,0.0063806666666666656,0.006746333333333374,0.004992888888888924,0.007199444444444463,0.005832444444444444,4.491175504321805,4.885830537226131,4.647067735688901,4.535657406158216,0.002604279609189478,0.002599522230111873,0.002290567901356075,0.002384900561492313
0.005113777777776503,0.006413777777765973,0.00650211111110366,0.005496666666666657,0.006519888888888906,0.0062371111111111256,0.008748000000000053,0.005028666666666669,4.530908099100102,5.526145361626491,5.415465570492168,4.575783524052885,0.0035863237418064776,0.00262251972003112,0.0023108321297633547,0.0028891900899900035
0.005113777777776503,0.005171111111104034,0.005699333333331601,0.005765666666666657,0.005698000000000006,0.005971888888888937,0.007513111111111156,0.005028666666666669,5.254067111111114,4.77675546666667,5.605765288888887,5.689016455555554,0.0035867222222222338,0.0026684888888888914,0.0024093444444444443,0.002426122222222228
0.005179111111121731,0.005186444444449182,0.006884999999998501,0.005765666666666657,0.006992999999999978,0.005113111111111124,0.007898444444444468,0.005226888888888917,5.650171336518162,4.962996978113542,4.704959271192088,4.83995870458838,0.0036016442617487067,0.003250249972225311,0.0024592045328296792,0.0029314187312520787
0.006240248916557495,0.005809201022336224,0.006477719746643935,0.005876319591065693,0.00683153683742638,0.005539393265918438,0.007899322146905233,0.004561617957550866,5.025739493558418,5.676051954686807,5.607667292314526,5.787486661483788,0.0031546979120391006,0.0027481341625944047,0.002850366503776093,0.002317647712127937
0.005395666666673707,0.005895666666661884,0.00647700000000542,0.0068406666666666685,0.00715266666666666,0.006150333333333357,0.007662555555555568,0.006001111111111149,5.363871652405825,5.4869390043338155,4.6203802866985235,5.506155517279695,0.00396997444160463,0.003336826314034891,0.002276297366374032,0.0030908989887765345
0.006825385855793574,0.006285533287262142,0.0074517392305950576,0.007462911771481211,0.008323312600783226,0.006497466021654021,0.010314098134070445,0.006845081778392096,6.118781364596069,4.757568085342817,5.602200077786422,5.506155517279695,0.003363784864985011,0.003117257473052575,0.0024328592065784964,0.0031821424602733756
0.006043999078548842,0.007260884588804814,0.0069816862474066255,0.006339207555862704,0.006718728403593596,0.006758120248790589,0.008874568071872806,0.006416724257083664,6.009539346811819,5.440323139302377,5.717125483225952,5.4918823150410985,0.0035144301266385298,0.002705576538547002,0.0026703288158187017,0.002843645856476344
0.006340859348008724,0.006019582997343971,0.0069824904964847735,0.007553277272203678,0.00789597972583802,0.0071271742886764205,0.010633567561340897,0.0064174634258726375,5.155452622222221,5.0613391888888914,5.718395955555558,4.586981222222224,0.003919744444444452,0.0033295777777777842,0.0026709222222222177,0.00319881111111111
0.007117037207693959,0.007461467572853999,0.006833429328413136,0.0072580347886188005,0.008315631839649774,0.0071271742886764205,0.008944246054602051,0.006869945858772039,5.064631659073228,5.109082064673854,5.398204622735859,4.880418490943436,0.003464951661295704,0.0026900655628403127,0.002680586731859082,0.003730292254694964
0.005898410504488495,0.006275512554711149,0.005937571988023519,0.007257198802119305,0.006962566228979469,0.007428011978806745,0.009038815941027421,0.006978921907394566,6.00916421111111,4.511357255555556,5.650729933333335,5.640005244444444,0.0030943222222222172,0.0033259222222222283,0.0032440999999999954,0.003246633333333329
0.007088228518778662,0.00747823082239277,0.0072871458189352895,0.006972471780695667,0.0082122782768947,0.006738424326192118,0.010399792674498925,0.006978921907394566,5.930092566666666,5.6409120222222215,4.7169512111111125,5.183680899999999,0.003503122222222209,0.002748533333333345,0.002775455555555547,0.0036558555555555533
0.006774245565536044,0.0074325040313284,0.007025339783465863,0.008317323197419927,0.0075309836443215716,0.008008638562543142,0.008391038931121862,0.007069569223681171,4.77730188909879,4.545714312701414,5.56721505722858,5.184256928547614,0.00319843315923991,0.0029201577953105987,0.0026327925325036116,0.003670952328036455
0.006425132457948142,0.006787606542275066,0.006874337710199259,0.006930315595484876,0.0074130384703984965,0.006766873992167687,0.00973773324118867,0.007069569223681171,5.719119908848379,4.801337772343263,5.635180424633174,5.143124299688746,0.0031994997776789635,0.0029211316140506983,0.0026598488216985254,0.0036721765228990735
0.006425872595312264,0.0066468148830724355,0.006875129593359056,0.0068260569058864315,0.006475751641515959,0.007340052989286932,0.008538186844833514,0.006355258610759122,4.690568247972447,4.901572280857682,5.632050116653709,5.1004766359293425,0.0031655149427841337,0.002893656260415515,0.00300935451616487,0.003420797689145645
0.005213555555555003,0.006434555555554451,0.005795999999994214,0.005235666666666688,0.006669777777777775,0.006687888888888901,0.007590444444444443,0.0057532222222222,4.863394078435725,4.901572280857682,5.499860659926676,5.1004766359293425,0.0036367403621819826,0.0030165648261304256,0.0024829463392956365,0.0032121653149649937
0.006227000000005016,0.006264555555566808,0.006188444444445749,0.006283777777777802,0.007579222222222231,0.006462444444444475,0.007590444444444443,0.005066222222222194,4.207795835646863,5.35297749028318,5.172865907828979,5.054251960022212,0.003324719600222094,0.0030152248750694014,0.002474813992226531,0.0035229761243753396
0.005284999999995914,0.006264555555566808,0.006188444444445749,0.006033111111111082,0.006444444444444426,0.0063023333333332866,0.007684555555555485,0.006473999999999968,5.242484566666667,5.465167588888884,5.834576688888888,6.001211300000004,0.002922033333333327,0.0030006222222222216,0.002931966666666664,0.0032530444444444457
0.005405555555562893,0.005804888888898556,0.005961666666672096,0.006083444444444444,0.00631700000000003,0.0063023333333332866,0.007684555555555485,0.005735111111111074,5.463677191423174,4.774331774247303,5.164542061993113,5.101167448061331,0.0035178535718253445,0.0030002888567936888,0.0025978780135540577,0.0027216753694034018
0.006374041560175236,0.007030114457162324,0.006930992332479398,0.007127347483053666,0.007371374597177467,0.006127347483053644,0.0072396932992554765,0.005065896210690072,4.518686901455392,5.555270603266301,4.973543695144982,5.481275347183644,0.0034031552049772168,0.002885901566492607,0.002514331740917677,0.0031988112431952
0.0052255555555499695,0.0058691111111102146,0.005628333333334012,0.006112777777777782,0.007051666666666654,0.006126666666666639,0.007536555555555522,0.005745333333333344,4.877866518502052,5.323369685520611,4.974649049894431,4.826020435603957,0.002995066118457607,0.0032942993665962808,0.002926814090454489,0.0027902544727191883
0.005178555555554946,0.006127777777780668,0.005760222222218343,0.006239333333333362,0.006413888888888893,0.006309666666666707,0.007536555555555522,0.00446588888888888,4.876782668592376,5.3221868459060095,5.239858349072331,5.809156293745147,0.0031275524941673134,0.003011065437173642,0.0026026663704032827,0.002751483168536831
0.005479719968883904,0.006128458717638183,0.005972774752754628,0.006240026669629987,0.0067888654294921726,0.006310367818646556,0.007887987554172703,0.0056948549838871185,4.744283922222222,5.147690311111111,4.990754499999998,4.903081788888897,0.0036616222222222196,0.0030113999999999944,0.002606466666666673,0.0030893222222222218
0.006079991112106803,0.006010665481619505,0.006805243861788981,0.0064017331407621204,0.006787356960337748,0.006208087990223311,0.00788623486279304,0.0062478613487390155,5.725095077777774,5.063653488888892,5.798240599999997,5.219767099999999,0.002880399999999993,0.0029770000000000044,0.002948244444444444,0.0025668111111111134
0.005295111111119392,0.0060455555555639275,0.005668999999999061,0.006402444444444427,0.006637444444444461,0.006136555555555528,0.007992777777777764,0.00592844444444444,4.79742421111111,5.893436655555552,4.948734044444444,5.820419977777776,0.0029813555555555466,0.002534322222222223,0.002948244444444444,0.0027644777777777836
0.00507766666666814,0.0061263333333272385,0.005713222222210688,0.006569555555555558,0.005728000000000005,0.005502222222222199,0.007992777777777764,0.006551222222222227,4.964044371864989,4.920260078770479,4.235005589739149,4.977252094424414,0.002786898947985739,0.002622342200753785,0.0025480714967002437,0.0025372298134305037
0.005766444444437488,0.0061263333333272385,0.006702111111103983,0.006579333333333369,0.006912111111111132,0.005637444444444473,0.00723055555555558,0.005143444444444454,3.9646220210999985,4.1150752577999965,3.6160219484999985,4.070937159899994,0.002836103400000002,0.002029341600000004,0.002113125299999999,0.0020473362000000004
0.005781444444437511,0.005966666666659472,0.006604222222222234,0.005638444444444465,0.007019888888888875,0.006465888888888907,0.00723055555555558,0.005946666666666693,3.819956309577847,3.9913281207444364,4.350144189741261,4.857895823876528,0.002141886064457562,0.002548275079437134,0.0025503177485247394,0.002673433953699501
0.004813666666665187,0.005768555555555901,0.005635666666674095,0.005714444444444479,0.005966333333333345,0.005106333333333337,0.007759333333333254,0.005946666666666693,3.8199563095778473,4.078013152519289,4.303840217884704,4.2695755560599205,0.0022330912392192434,0.0025879369042215166,0.002456286881525191,0.002186064457557878
0.005753639293256528,0.006442271363491317,0.006701966885217215,0.00571507945327262,0.0064016001777975435,0.006177797533059244,0.007661740193354891,0.006222913657073013,3.9671606648513773,3.1617251985477623,4.302863626049468,4.2686067392784235,0.0022325845246199197,0.0021710347174948978,0.0020351599727705975,0.002956330837304298
0.005835666666661786,0.00524511111110668,0.006393777777778572,0.005825777777777782,0.007040666666666696,0.005723444444444405,0.007660888888888964,0.006222222222222228,5.037726846703738,4.120914228979917,4.114286134120045,4.3704890275729,0.0022624418472710654,0.002192340860093045,0.002655645069783285,0.0024642800408487533
0.0056180424397287414,0.006359515609373827,0.005535162759687722,0.007018997889123402,0.005653705143872924,0.005722808576824758,0.007760026663703974,0.006133318520164388,4.214320154335,4.010614298683608,4.164694008170679,4.370984997730363,0.0017175896504766125,0.0026969473445301916,0.0022251134816159836,0.0026319904675442506
0.005017668629837906,0.005418602066897502,0.005717968663188147,0.005993665962884753,0.006718524280475603,0.006101344593843748,0.00882642515835095,0.005689187687520853,3.888978282083284,4.320308907296036,3.3396015772154812,4.304403324634064,0.002500885056167024,0.00215861795075457,0.002024872347668217,0.003339033246340637
0.006143000000002354,0.0053373333333360685,0.006663333333335687,0.006924777777777793,0.006545888888888888,0.006057777777777792,0.0070777777777778625,0.005013666666666694,4.558826789969365,3.4729188585044852,4.19267060024963,3.6910054011119944,0.0024872461136956734,0.0027856462044706667,0.002404368546465453,0.0026778849426982885
0.005347594177134385,0.005145349483272167,0.006315590621190623,0.00699444382709187,0.006546616290698965,0.006058450938993235,0.00799311034559396,0.005511834648294255,3.6127147440342884,4.254451983891434,4.368697826717142,3.8616147777514276,0.0029722738885714296,0.002221078877142856,0.0019169149371428594,0.002692778065714292
0.005503000000001319,0.005817666666669337,0.005326000000006085,0.006731444444444426,0.006412444444444444,0.005831222222222198,0.007669333333333307,0.006775666666666662,4.7036589251300045,5.120754556610005,4.300556409627498,4.429067386535,0.0029259134025000004,0.002744614950000001,0.002316433872500001,0.0026507770575000056
0.0057849999999967225,0.005897000000004482,0.005554222222220536,0.006731444444444426,0.006201666666666661,0.006013666666666683,0.009052888888888926,0.005339555555555542,5.346011588888893,5.86165515555556,5.061070633333333,4.3753598444444455,0.0032170666666666574,0.0031875777777777793,0.002635833333333334,0.0030415444444444515
0.0069211940981375964,0.0062248656067757065,0.0073867093674909136,0.007543634907926299,0.007911014525906448,0.007479926798581715,0.008983072172023349,0.006366578977467691,5.346605656184024,4.996310423380377,5.285048138682074,4.898460573397046,0.0031128680964551615,0.0030109123235915066,0.002247894210467831,0.00354347149683298
0.007014181152789692,0.006256633119854196,0.00628911253430583,0.008400388838060359,0.006550205855443755,0.007054666056724601,0.007425663311985304,0.006777333028362332,5.247188966666664,5.864404288888892,6.120613455555557,5.6701274777777755,0.0031125222222222228,0.003010577777777775,0.0027437888888888896,0.0027882444444444366
0.006086926684206257,0.006257348736132344,0.006545464943384614,0.007688436463456461,0.006791147203477036,0.006072743909413267,0.008792405352853692,0.007195585039460158,5.062162006889652,5.7628709634403785,5.190338015335039,4.587028492054671,0.003109212134681631,0.0029258584287142966,0.002455861762418047,0.003239759973330364
0.0062997025852332715,0.0059270189887808385,0.007218828643337805,0.0075001143902997044,0.006791924044840967,0.0070825897963852765,0.008297185998627329,0.006022649279341147,5.0610372069770015,5.076187445839354,5.307796011554269,5.651955627152541,0.0034744361737584785,0.002943217420286629,0.002455316075991557,0.003119008999000123
0.006298261665154307,0.006992909423605663,0.007048147301010867,0.007498398902104302,0.007146729185727365,0.006388151875571842,0.008390439158279969,0.006873284537968873,5.361701866874099,4.922605067229694,5.308975652850313,4.577017157461941,0.0031599955550616747,0.002943871541282358,0.0024397488609845626,0.0028886765196132896
0.006507664150074701,0.0066600320292839925,0.0060758407687083035,0.008008236101578595,0.007069778082818574,0.006529741477922672,0.008392358727979873,0.006874857012125352,5.731917968663187,5.92194377153017,5.33093003667074,5.703867074119347,0.00260105567285254,0.0028978442049116576,0.0020680964551616893,0.0028886765196132896
0.006506175663306615,0.005980100640448828,0.006345608417197336,0.006684698078682555,0.008245768526989933,0.006528247941445562,0.008368824336688046,0.006626601097895684,5.731281088888892,5.826138322222226,4.990366999999998,4.671878711111112,0.0028861222222222194,0.0036264888888888906,0.0024675333333333336,0.0027276666666666686
0.006766212970379439,0.006151778565703764,0.007335468374696017,0.007164588813908273,0.007165160699988544,0.00711289031224984,0.00902196042548331,0.0053257463113347715,5.2312717000000015,4.904785900000003,5.812682055555553,5.1574732,0.0028861222222222194,0.003461866666666667,0.0024079333333333333,0.0033972555555555495
0.006436055822472616,0.005276595744675512,0.0062794555021720095,0.007165408373369942,0.007300732097918118,0.0070113246396705615,0.007598604438343631,0.006553877831159938,5.457141811111113,5.261794788888888,5.00001863333333,5.916895633333335,0.003267400000000007,0.002985622222222222,0.0026563666666666627,0.0029743444444444373
0.006281079880018996,0.005136429285638181,0.005618153538495263,0.006434507276969249,0.006536051549827805,0.005557049216753722,0.007582824130652186,0.006166759248972332,6.137783824019554,5.899398822353072,5.059359360071108,5.434316075991553,0.0028081768692367554,0.003105577158093544,0.0026560715476058178,0.0031417509165648227
0.005251916879658418,0.0052063562618006876,0.005619402155794629,0.005602622513612632,0.00653750416712969,0.006154461606845216,0.009043115901766874,0.006340593399266558,5.091123602622514,5.629885520613401,5.24324390487832,5.348296399599961,0.0034719079897766398,0.003106267363040336,0.0025068007556395175,0.003532803644849431
0.006632444444448994,0.006024777777775449,0.005868888888888554,0.006325888888888878,0.006584666666666708,0.006153777777777789,0.0077152222222221945,0.005934333333333313,4.877957344444441,4.792525711111114,5.242661322222224,5.34770214444445,0.003287966666666679,0.0032936999999999984,0.0027537999999999985,0.0030812555555555575
0.005618597933561355,0.005230641039889826,0.005214976113759534,0.006385623819575602,0.007853794022886367,0.006285634929452318,0.007295744917231489,0.0070821019886679335,5.826321480164462,5.880836448494278,5.072246982998111,5.040002033559285,0.0033836759639959955,0.003311045671741308,0.0027541060117790847,0.0032085009445493866
0.006646555555549741,0.0051471111111014685,0.005582777777779787,0.006386333333333334,0.00644500000000001,0.006759666666666646,0.006139555555555553,0.005396000000000031,4.862929785579384,5.1238347072547485,5.962879980002224,6.003487901344294,0.002930941006554821,0.0033103099655593863,0.0028376069325630484,0.0027461948672369684
0.005318075769358296,0.005644928341290504,0.006164426174866514,0.006195533829574464,0.006520053327408058,0.005949561159871105,0.00786112654149535,0.006998222419731167,4.910923775680178,5.044059000555247,5.1034112048861795,4.874722065519156,0.003387806774014435,0.003096835091615772,0.0028363464741810104,0.003403897834536374
0.006316146238467398,0.005646182909207227,0.005159128792087368,0.006196910767863069,0.005377264140460043,0.007019335481720189,0.0077455272808090204,0.006643738193132574,5.707913244444443,5.185273044444441,5.289775355555556,5.599552044444442,0.0030315777777777694,0.0028575222222222145,0.002915700000000003,0.003487655555555546
0.006414111111111096,0.005498666666666294,0.005549444444442189,0.00639633333333335,0.006983000000000011,0.005587333333333315,0.007951888888888882,0.007662222222222238,5.716267544444446,5.185273044444441,5.179236922222224,5.04962282222222,0.003378333333333329,0.0027549999999999953,0.002900400000000003,0.0032970111111111184
0.005569333333331391,0.006565111111108814,0.005549444444442189,0.00752288888888887,0.007037888888888875,0.005966333333333296,0.007951888888888882,0.006469888888888874,4.790475213865129,4.895466603710699,5.178661515387182,5.258546505943785,0.0026701255416064847,0.002754693922897451,0.0023042217531385476,0.0037163315187201365
0.00548022222221789,0.00537699999999101,0.00570099999999406,0.006331777777777751,0.006109111111111096,0.006767444444444425,0.008066666666666618,0.00679266666666667,4.916183377777778,4.998374177777782,5.2112578888888885,4.654301833333337,0.0032167111111111113,0.0026724111111111077,0.0029696555555555663,0.003486133333333336
0.00547961337628719,0.0055294967225950386,0.006812687479171294,0.007537606932563031,0.007129652260859898,0.006391512054216182,0.006607488056882546,0.005264303966225984,5.819213109654481,4.4000306077102564,5.052684790578824,4.615879235640483,0.0025533940673258585,0.003014409510054429,0.002623064103988451,0.0034871569825574967
0.005293921546838675,0.004711634626074374,0.006141904656067106,0.006550950105567299,0.006952550283364807,0.007187243027002977,0.007747416379597743,0.006506389598844318,5.170168288888888,5.445122511111108,5.053246199999999,5.444694788888889,0.002713988888888886,0.0028799222222222185,0.002503911111111112,0.0034875444444444474
0.006203444444445773,0.005766777777782611,0.006141222222216433,0.005479555555555571,0.0069115555555555475,0.006073666666666632,0.007788777777777769,0.0060481111111111065,5.050099977777776,4.357465199999998,4.815725677777779,4.686890099999999,0.002823288888888894,0.002351111111111099,0.004979933333333337,0.0037060222222222287
0.005176686298483171,0.00562506945217185,0.005843649294355276,0.006716079564396044,0.00691232359151016,0.006019557728636521,0.0088486498499833,0.006048783198133121,5.1149663622748145,4.413434985616012,3.9742669511571767,3.7699869591766184,0.002859552832854112,0.0023813101325165517,0.004471663780316289,0.003753624500093768
0.006381222222216821,0.005254888888885034,0.0052606666666608565,0.005480111111111106,0.006937111111111123,0.006018888888888895,0.007125222222222228,0.005383222222222194,4.091111600520573,3.5371977421853344,4.039691339096294,3.8320484896107447,0.0024346728555090374,0.0020541515550903558,0.004545276315531501,0.003136666878178286
0.006367222222226903,0.005254888888885034,0.006587777777781413,0.006904777777777809,0.008315444444444481,0.0061508888888888915,0.007044555555555536,0.0062595555555555495,4.2619199977313995,4.242002654264973,3.178138067150641,4.537102620235941,0.00202413793103449,0.0020926950998185136,0.004019691470054448,0.0025071234119782254
0.005901222222228677,0.005496222222228022,0.006255444444440804,0.00641677777777779,0.006709111111111129,0.006960444444444461,0.007138000000000015,0.0052403333333333165,4.515425728540648,5.298286971311942,2.4506719129153027,4.717787492913029,0.002263272479873,0.0023440526136750076,0.004471992289375209,0.002550629323052499
0.005901222222228677,0.005070777777784012,0.006255444444440804,0.005290222222222271,0.0063285555555555725,0.00567000000000004,0.00795266666666667,0.007151000000000006,4.5174747022121355,4.411674929098131,2.4527200794100965,4.672641020986953,0.0022642994895065217,0.002345116279069755,0.0050372546795235396,0.002712921157118558
0.00580955555555344,0.005070777777784012,0.006030444444453073,0.00638822222222224,0.007382777777777763,0.005674777777777794,0.0062374444444445055,0.006181555555555551,5.070072952121622,4.836962230542316,1.371191195824821,5.563567415475379,0.0022958134785568364,0.002569888813251644,0.0043586113002042175,0.0022652938506920865
0.006468385376156627,0.0052401377930850835,0.0059301033448144495,0.00606167351927994,0.007271585731747944,0.006217801977997537,0.008643960440048974,0.008084009334370465,5.425403948264129,6.254205627410937,0.492949999999999,4.902828432039937,0.0022958134785568364,0.0022203312911277563,0.005139936464715226,0.002452654867256633
0.00620419953338286,0.005999222308629724,0.005345072769699214,0.006251860904343963,0.0065277191423174985,0.005422286412620808,0.007503832907454775,0.007910121097655817,5.42417313974592,5.18638172640654,0.49333551497277356,5.520309437386566,0.0021838929219600645,0.0023370576225045323,0.005421823956442835,0.002452098457350268
0.0052953661517911345,0.0057357484164870815,0.006594288254252151,0.006253250361151241,0.0064958328703189315,0.006655961773530427,0.007842315812868046,0.008437937548616516,5.655098672716963,6.501152909812827,0.00383892229154597,5.520935677821891,0.0020911287577992043,0.002826591038003407,0.002894452637549632,0.002400816789563241
0.00683727628059824,0.006580024686270731,0.007118391277516028,0.007396317630117252,0.008428718370705615,0.006600699444558743,0.009387265994651268,0.00988304875540009,5.993818930474857,6.031965188037986,0.002944863018182062,5.7122494962229275,0.002458903923009409,0.0023418973176780335,0.003751809961218951,0.003008562587818659
0.006466412920481492,0.006547165929437816,0.00777018825224375,0.007397078489867292,0.008351918526900542,0.007905771011212853,0.009388231663409078,0.009888900318897238,6.742362501985001,5.922245922942501,0.003403044317495948,5.608345743924999,0.0029237668724999962,0.0030118681624999905,0.0036835658950000014,0.003425643514999997
0.006080538983750234,0.006546492491263628,0.0073227730919560126,0.007063464307755574,0.007820201604608102,0.007514606048138234,0.009967496399917744,0.008590927792635277,6.526405221642041,7.010710887679147,0.00406479280079513,6.737544139540051,0.0032089434507276988,0.0029153982890789826,0.004402466392623037,0.003315920453282966
0.005405925316324865,0.006363337105239099,0.0063796934471847125,0.006282069745910881,0.007821006069334429,0.0067658677090834075,0.009637280115214449,0.009626170147104218,7.294817494720459,7.058677548071584,0.004472435256191878,7.067066444370347,0.0026284205846393307,0.002910303434478161,0.004241369345337342,0.0034876847838168196
0.006403929232660597,0.00663937461427126,0.007306418432427147,0.007239559761365935,0.008312487142563227,0.00802941781526431,0.008882123019954715,0.008508023040526625,7.292385888888886,7.05632465555556,0.003554066666667824,6.1420956111111105,0.003317911111111115,0.003423855555555562,0.0036883000000000033,0.002908966666666661
0.0064558173027500524,0.006640057607236416,0.007179816891266244,0.006223742413331953,0.007337310976237013,0.007284127147412785,0.00992120152247711,0.008508898261495718,7.159383735140542,7.323983735140542,0.004321675369403996,6.598207421397622,0.0027407065881568746,0.0027823797355849326,0.004669092323075217,0.00346282635262748
0.005845916478088945,0.0066506891586102165,0.006883048755399038,0.00640156346430775,0.007344887883151636,0.007028697798806872,0.008379757251594238,0.007376054309812788,5.907858993445172,5.93618423508499,0.0035319742250855186,6.598207421397622,0.006846450394400639,0.0035122208643484,0.0039039995556049336,0.005349361182090869
0.0058407571237535675,0.005947433391626896,0.006883756815141391,0.0065141446353256,0.008075403765044764,0.007029420841477257,0.009906902582038803,0.007403147824297932,6.3699002333592585,6.492330470052223,0.003958450938996119,5.842389665518393,0.006956739637737533,0.004924747194132685,0.0040959773308145405,0.005350550061117891
0.006658130206730068,0.006215365627891761,0.006537899825160139,0.006512804689910536,0.007444204463642896,0.006912784120127505,0.00876817854571632,0.006275120847475057,5.316792888888886,5.204440033333327,0.0033528555555556575,5.84245625555556,0.00647647777777778,0.004444988888888884,0.004764677777777777,0.005940066666666664
0.006043612425428583,0.006858465336353059,0.00653857231022753,0.006192758691627235,0.00716179798395393,0.006888603168072425,0.009988994034149375,0.00944569018720428,4.163012198644598,4.339877946894788,0.004226719253416329,4.375817020331075,0.00692604155093878,0.0049467725808243585,0.004033207421397621,0.0062448283524052985
0.005041662037553922,0.005180313298515887,0.005507165870460726,0.005848905677147006,0.005483390734362844,0.005987223641817591,0.029254971669814455,0.009922119764470624,3.334091876875207,4.341372896988552,0.004252839204353462,4.377601966885209,0.0069149794421602415,0.004894554950550065,0.004727147460828976,0.005789421046782979
0.005292411954228288,0.005180313298515887,0.0058139095656017156,0.004783912898566838,0.0059561159871125025,0.005208643484057353,0.0286421508721253,0.011589378957893552,3.3351648588575205,3.063789497666148,0.004185396754831783,3.068818881973771,0.006536797066014666,0.005374049788841966,0.0038905090020004466,0.006353678595243392
0.006050549938889744,0.005672036440385317,0.0058139095656017156,0.0059026774802799584,0.0059561159871125025,0.006353182979668931,0.02736118209087882,0.010472280857682472,1.6782933770418964,1.982529869985548,0.0037791865762834788,2.008579131014561,0.007101811312368034,0.004848516501833538,0.004030003333703739,0.006392621402378038
0.004972003110767054,0.0047322519720037455,0.006030329963332001,0.006194867236973698,0.0057662481946450525,0.005710921008776828,0.02869914453949557,0.01193645150538829,1.6782933770418964,2.006415746194013,0.004268240915659417,2.008579131014561,0.007376097344149357,0.007748916546282926,0.0047740748972108,0.0071243693743749305
0.004980555555549574,0.005681444444449982,0.0051011111111039205,0.006706000000000027,0.005766888888888902,0.005711555555555581,0.028464777777777787,0.012620777777777816,0.46408267585287627,0.5811535281697924,0.004026747416379981,0.6804112123569311,0.007376097344149357,0.007748916546282926,0.00379265473941549,0.006570063340371152
0.004980555555549574,0.005324222222220164,0.005302444444446843,0.005633777777777787,0.005727222222222217,0.005383999999999982,0.028743000000000015,0.011942000000000046,0.46408267585287627,0.5817076452939189,0.004788154239361992,0.6808732192465855,0.00413749305478385,0.007941382375819544,0.004210023335926208,0.004953650405600628
0.005188222222222471,0.006159222222221514,0.005302444444446843,0.00558433333333329,0.005766111111111114,0.005383999999999982,0.02709444444444446,0.013382333333333336,0.004162826352628435,0.027277380291079525,0.0038743695144991598,0.003748050216644951,0.003617875791578712,0.006496211532052007,0.0038502721919786713,0.005470436618153547
0.005015001666848751,0.005078119791089652,0.005681742415830359,0.006502500277808646,0.00620280031114569,0.0053110345593955005,0.02864762751416829,0.016909212134681606,0.004037666666666459,0.028022988888889384,0.004379222222221794,0.0039036666666668733,0.004364511111111111,0.006496933333333345,0.0031815444444444527,0.004204644444444449
0.004270444444450227,0.005346333333325978,0.035062333333333605,0.005399333333333337,0.005231888888888876,0.008948444444444438,0.03039533333333328,0.013483111111111088,0.004038115346149364,0.02712105789532217,0.0039252805867300705,0.004698655406156235,0.004199577730858999,0.006703000333370367,0.004057884209356596,0.0042839871096788515
0.005120555555562432,0.00472333333333255,0.03916066666666514,0.005813333333333325,0.006086111111111089,0.008081444444444438,0.008569666666666661,0.013973666666666676,0.004101733140761977,0.02723054105099715,0.004024897233640977,0.0038853571825357746,0.0037179757804688476,0.0060650705477169236,0.003982246417064781,0.004283035218309077
0.00430358928769773,0.005634403822646525,0.03801344593843786,0.0066936326258473355,0.005910212245805109,0.009077564173797077,0.008738637626402921,0.012307589732192498,0.00396881457616145,0.02671646483724294,0.0033220419953350275,0.00464781690923456,0.004619820019997784,0.006305088323519622,0.003982246417064781,0.004506488167981325
0.004495111111118099,0.005036222222227278,0.039159333333335176,0.0055740000000000425,0.008503777777777789,0.0079318888888889,0.008737666666666656,0.015009111111111128,0.004160699999999906,0.027074288888892777,0.0040712222222209805,0.0042025333333302545,0.004054655555555564,0.006865400000000003,0.003837733333333337,0.004525311111111118
0.0054844444444420845,0.005036222222227278,0.03794111111111913,0.005330888888888898,0.0072076666666666496,0.008392666666666642,0.010201333333333335,0.015578777777777782,0.004160699999999906,0.003191066666673237,0.00424704444444362,0.0042025333333302545,0.003937966666666659,0.0034507999999999935,0.005414722222222233,0.003793644444444448
0.005315333333341086,0.03782344444444637,0.0385567777777851,0.0048204444444444544,0.009458333333333346,0.009475444444444432,0.010725555555555507,0.016722333333333308,0.004197522222219795,0.004130044444446905,0.038437699999999755,0.004034877777777348,0.004406811111111103,0.004273233333333328,0.005414722222222233,0.004448666666666672
0.005314742806362602,0.03706910343295317,0.038520497722474976,0.0060886568159093275,0.009103099655593815,0.008655482724141747,0.009704699477835808,0.016720475502721897,0.004197522222219795,0.004112155555555812,0.03767637777777585,0.004396888888888068,0.003538855555555557,0.004046711111111112,0.0070932000000000035,0.004156088888888894
0.005014665037213004,0.03729396733696448,0.03934207310298537,0.005247416953671833,0.00906543717364738,0.009437951338740116,0.012032551938673542,0.01723830685479389,0.003361293461450483,0.003679900260344811,0.0373760771701131,0.004361843364794785,0.0035106490097981005,0.003476501150846979,0.0064845990524596735,0.003609146513861111
0.00430418842350367,0.03825930452172217,0.0380877680257683,0.0054648372403066,0.00811320964337298,0.009560159982224184,0.011417286968114662,0.015146872569714495,0.002702560242859291,0.002981850485714311,0.03735940841714212,0.0035437252785715865,0.002806705017142856,0.003522105689999998,0.006569663644285705,0.0036564910871428606
0.005519444444442141,0.0373007777777856,0.00993655555555506,0.006240888888888889,0.009084333333333324,0.005201111111111089,0.010013111111111153,0.018281888888888907,0.020804344897268453,0.0036390142584494163,0.038280599528460024,0.0027599977545754244,0.006413158190187484,0.002825979566632991,0.005719916919276972,0.0034349163579207244
0.005526169574392053,0.0382954772752611,0.004674741637956663,0.0051434603844871946,0.009446049561062363,0.0060314479386598405,0.010014223802644778,0.01489098788754306,0.020296822366936987,0.0029867168201202945,0.03836248596451954,0.0038959577812693316,0.006413878284302709,0.0037524477880080858,0.006196025151583198,0.004038434763081063
0.005525555555550454,0.038037666666670904,0.005380777777771881,0.005263666666666654,0.008343888888888904,0.0060433333333333025,0.010366333333333306,0.018711111111111123,0.0371820121266511,0.004281248596454519,0.03836248596451954,0.003764608129352519,0.006164192679092749,0.0036308668313496414,0.006196025151583198,0.0032431619133168692
0.005545060562282434,0.03806111790199534,0.005046116235131359,0.005833981553505918,0.006564396044004906,0.006044004889432127,0.010367485276141763,0.018946771863540383,0.03713440377273451,0.0040037053671650655,0.03829888838985274,0.036723040646754086,0.006603761509094979,0.0036370649000673667,0.006489523916460818,0.0040903099034358854
0.006294549627089346,0.040188640275384414,0.006894893861152967,0.006351692484222559,0.007671944922547365,0.006957659208261633,0.011595869191049924,0.019156855995410237,0.03713023464690396,0.004551745817893604,0.03811521275401155,0.03671891770517479,0.006527248231727858,0.0041763893566857495,0.004801358482092733,0.007383619625014038
0.005588734656419705,0.0063971549845077144,0.006257657450952657,0.006350235172651097,0.006462888608466175,0.005838132384994841,0.01213640013766207,0.02177434897327058,0.0369059391489796,0.0036029639609313257,0.0037235432805662726,0.036645312675424306,0.006053508476479176,0.0033453688110474853,0.004801358482092733,0.0072282474458291186
0.006706402019273278,0.006397888939875373,0.006597177604405924,0.006141119779715488,0.006823887104176254,0.006973382285452075,0.012137792565397001,0.021776847177604367,0.037336476928258304,0.0038397552486823553,0.004273245761756565,0.03581274278657333,0.006621690804984843,0.003472471090153806,0.003443471426967546,0.007442562029864149
0.005846489215240584,0.0062938274437781055,0.006439077558508129,0.009572395594309302,0.006806562643414411,0.006165328132170764,0.010976938962826982,0.021354635153740243,0.02079089677852135,0.0033687841834553717,0.0032948222843033692,0.03867270829495797,0.0033302246705651847,0.0036572178534688567,0.005316163741044634,0.00765256751637991
0.04071190913263751,0.006166360715917026,0.006439077558508129,0.009990477283157446,0.006806562643414411,0.006104520422212025,0.014673932996787528,0.028345915557595212,0.021175264395001434,0.035006186219995857,0.03529857733499946,0.03865521388500243,0.0032656042050000023,0.007245216914999991,0.005213007644999995,0.0075040752900000195
0.04017131382673727,0.006167068273084658,0.03488525530694483,0.009190820424555365,0.007867584624211145,0.007632358003442343,0.014093975903614492,0.02511336775674123,0.020293821535727567,0.03420220024447189,0.03429143238137652,0.037689976664075246,0.0037562618068674313,0.006943627069674399,0.007363507056339595,0.007786020668963224
0.03927807732018248,0.03775255248364731,0.03839577836411703,0.010383388780543758,0.009164391419066208,0.00677400481817138,0.015082023631983505,0.027524148216129397,0.020866129569958636,0.03420220024447189,0.034222669185466084,0.03656606289588085,0.0037562618068674313,0.006614623847094123,0.006274663851539059,0.011143249249916658
0.04040587358035947,0.037890329241710555,0.037666284272115776,0.010276700699782043,0.009164391419066208,0.008546288860846643,0.013811517723987641,0.028118848227601217,0.03849101111111332,0.03361566666666565,0.0342188666666677,0.06878784444444049,0.0068393666666666615,0.007207955555555567,0.0073664111111111106,0.011142011111111114
0.04026362280600448,0.03785901112768132,0.03787667775611609,0.009688539635195616,0.009155328668119788,0.009947000114718394,0.016217620741080657,0.025087071240105556,0.0378489945561627,0.03375232751916776,0.034248350183316165,0.03617975780468996,0.006403677369181213,0.0066414731696478315,0.0064494500611043185,0.011029130096655914
0.037453282968550286,0.035805466059335524,0.03505077213643628,0.008915453838462406,0.008001222086434848,0.007755249416731488,0.012899900011109902,0.02533629596711471,0.0384207578619868,0.03321694632737224,0.03376860762307239,0.0366188243138153,0.006411912434714972,0.0065524724969441145,0.006372230247805298,0.008302022446938536
0.03838148683186348,0.03598166462940417,0.03594888320925334,0.00891743527058563,0.008292699188798788,0.008653850427825344,0.010968440937881966,0.02097544171574619,0.08234106210421284,0.03388047994666803,0.0337788579046795,0.0784555827130298,0.008713531829796681,0.007616387068103548,0.006370814353960659,0.007798977891345401
0.03800911111111165,0.035977666666667574,0.03552233333333435,0.008879333333333338,0.0074184444444444315,0.00877844444444441,0.013779333333333416,0.024759777777777815,0.08192412222222048,0.07687697777777992,0.033754377777780877,0.0784642999999979,0.009759366666666663,0.006795599999999998,0.00698237777777778,0.0110005
0.0387640848983221,0.03604144904989599,0.053799199911104274,0.007236915212801433,0.007848427603066973,0.00877941993554836,0.012576841871319099,0.029159128792088,0.08235916009332431,0.07686843684035323,0.0744186534829494,0.08454671703144225,0.00977966892567493,0.010461937562493058,0.008295078324630606,0.011032529718920105
0.004994555555552123,0.05709966666667141,0.053793222222225275,0.005696333333333303,0.01176700000000001,0.011402666666666672,0.009720999999999968,0.02095188888888888,0.0816133888888907,0.04747675555556126,0.04423397777777736,0.08385377777777435,0.009780755555555562,0.007504888888888898,0.00829600000000001,0.01103375555555554
0.02071747583601439,0.05709332296411985,0.02808310187756096,0.009070436618153505,0.010392289745583837,0.009922786357071441,0.009962226419286738,0.028560937673591802,0.08252147539162519,0.046818442395290864,0.04376697033662751,0.08400211087656567,0.009922997444728366,0.007504055104988344,0.006342628596822564,0.011134140651038783
0.020719777777773948,0.026274777777782928,0.025308666666660432,0.008673777777777768,0.007920777777777764,0.011032999999999998,0.009003222222222225,0.02622355555555552,0.0824303111111075,0.06640065555555769,0.04516132222221674,0.29348733333333143,0.009924100000000003,0.009227955555555558,0.008772822222222223,0.010043911111111109
0.020483498166467703,0.026377486387382246,0.026048672074677214,0.007777641960217792,0.010031892432492492,0.009068229803311494,0.02748172019113228,0.02454661629069892,0.048634599999998175,0.26320214444444273,0.3894581333333365,0.2606289222222229,0.006930199999999998,0.010308122222222228,0.010528833333333343,0.010043911111111109
0.10680066666667345,0.025756555555555376,0.02502711111110835,0.009566777777777752,0.010761666666666633,0.007710555555555567,0.025907333333333407,0.03265833333333331,0.048634599999998175,0.2624905222222193,0.38873896666666813,0.267553788888885,0.006930199999999998,0.010308122222222228,0.010976311111111107,0.01004216666666667
0.1373895555555641,0.14347911111110534,0.02588888888888303,0.010368333333333339,0.011404111111111073,0.008744111111111114,0.025943777777777715,0.031024222222222245,0.3781108888888901,0.2636714555555528,0.38985561111110834,0.26712281111110614,0.008510511111111101,0.010263766666666663,0.010403977777777778,0.009511688888888885
0.1364243030101142,0.14224758413862315,0.025886371209588147,0.01036487837387538,0.010029767855159365,0.009604798400533118,0.025935132733533203,0.031013884260801976,0.3335060117790893,0.2641184576064036,0.3892001111234555,0.2261275697299662,0.0066539282142460245,0.009854694966107358,0.010879919991110125,0.010248494277141905
0.31467933333332593,0.14419633333333576,0.02512844444443848,0.010209555555555522,0.01096944444444444,0.008383666666666666,0.024701888888888728,0.02990288888888889,0.3347913434826091,0.22035035003889006,0.3900323702633668,0.22706399599955368,0.0050465718413156965,0.009854694966107358,0.00986629625513946,0.006282153572619174
0.33442773025219213,0.1446607043661836,0.12090501055438019,0.009245417175869351,0.009766581490945479,0.010053327408065768,0.02469914453949545,0.022857793578491284,0.3338236111111112,0.22177682222222314,0.3493164888888932,0.2200499333333315,0.004789355555555541,0.006568666666666666,0.006964011111111104,0.006421711111111118
0.3344648888888868,0.12277255555555813,0.12091844444444179,0.009246444444444446,0.006518888888888865,0.007183777777777777,0.024026666666666766,0.023777888888888953,0.3357765111111159,0.22079731111111303,0.36820174444444836,0.505933755555557,0.004789355555555541,0.006634222222222223,0.007667966666666662,0.006421711111111118
0.3204907777777761,0.1244228888888933,0.11956877777778473,0.006779777777777805,0.0067358888888889,0.007183777777777777,0.023665444444444482,0.016165666666666745,0.3360066118457641,0.49984698299810687,0.6651437159684427,0.5051884653850451,0.005366896321813535,0.007304233803755974,0.007827169685520623,0.008617557506389597
0.3243817777777799,0.12366366666666788,0.12040433333334023,0.006020333333333344,0.0067358888888889,0.006908444444444446,0.023665444444444482,0.01669722222222229,0.6526431555555566,0.4810463999999968,0.663976511111116,0.30497318888888797,0.0060203333333333315,0.004992844444444447,0.005854466666666674,0.006456011111111114
0.3282529718920137,0.12489167870236487,0.12119631152093656,0.00699800022219753,0.005277524719475598,0.0066381513165203595,0.0061359848905677035,0.013977558049105734,0.6515334777777785,0.2845521444444425,0.3196796999999963,0.30497318888888797,0.00567486666666667,0.0031157555555555473,0.0030060111111111097,0.006456011111111114
0.24649355555555355,0.12490555555555401,0.12120977777777221,0.005779000000000028,0.004304000000000012,0.007264666666666673,0.006536111111110978,0.006501888888888906,0.6527084888888924,0.2845521444444425,0.32103326666666654,0.29919231111111505,0.006028133333333334,0.0036001444444444396,0.0031899333333333395,0.005604444444444447
0.2159286587398562,0.00887354150460688,0.2226625180575612,0.004872985887320838,0.004254806089565534,0.006746749638848753,0.005642515835092795,0.004752194688298718,0.5652905222222226,0.2847025666666667,0.31991662222222633,0.30004108888889414,0.004150400000000006,0.003200811111111117,0.0031899333333333395,0.005604444444444447
0.22493287397198375,0.10720526783730261,0.22179073127361754,0.005381418092909531,0.005084463214047561,0.004986441431429221,0.00697499444320961,0.0053996443654145635,0.5548061639227562,0.27835377746054335,0.31398317674334686,0.29309437499680274,0.0036357168603888086,0.0024982780892924077,0.0026648415939492455,0.0047784772885673165
0.04936033333333651,0.10656411111110882,0.22270133333333636,0.004510444444444447,0.004146999999999975,0.0058116666666666724,0.005403222222222226,0.0031658888888889004,0.5600331243428602,0.2816164698842872,0.3163250330571434,0.29560011983429013,0.0036783325057142963,0.0025275613742857107,0.0023492483371428626,0.004834487671428567
0.028824111111109437,0.10506477777777137,0.10928655555556412,0.004896333333333343,0.004977333333333315,0.004140888888888898,0.006358333333333417,0.0031658888888889004,0.5625053191489394,0.28141253324467835,0.3192691156914831,0.29820495345744985,0.0032268617021276686,0.0030122118794326325,0.0031442929964539054,0.004861491578014181
0.04559180628873143,0.248302731237081,0.11396017902226784,0.0057689924259811745,0.006590429194399811,0.005295616249713133,0.0074279320633462865,0.005740761992196438,0.6939360039893556,0.47176660017730143,0.2998990359042511,0.2713795101950319,0.0055274933510638296,0.0037051972517730515,0.003453435283687952,0.007124889184397166
0.04306896156053195,0.2471254159495081,0.20124934021801041,0.005572346528973,0.006598967297762447,0.006822719449225481,0.007479862306368317,0.006653471026964947,0.6927521662049811,0.24737193351800824,0.36737843767313233,0.27134944044320974,0.004183800554016608,0.0030374404432132957,0.0028817396121883715,0.00515436011080331
0.04649426210695963,0.24788868487490684,0.24929320633462937,0.0055729859995409334,0.006599724581133777,0.005962359421620394,0.00923766352995173,0.00610523295845761,0.37764070914127684,0.24711562326869882,0.3669596897506966,0.2625483767313034,0.004434537396121889,0.004253307479224363,0.004219767313019398,0.0044546703601107945
0.04341852191874655,0.24568671103970077,0.24770002295157173,0.005309501950883617,0.007059559329814072,0.006209892127610751,0.009009180628873176,0.00963300436079866,0.37836163563829617,0.24667318262411428,0.36700035460993313,0.26334325132978814,0.0040370678191489415,0.004319381648936171,0.004220234929078021,0.0052595301418439785
0.07899988524213782,0.24674638512737487,0.24877232040395358,0.0065033279779664905,0.0071681202662382554,0.005563575854946038,0.007812600413128402,0.01029114069313748,0.37723155269865444,0.24670052089105698,0.3665174221434112,0.26216805940374704,0.004423373600797961,0.004503502161143732,0.004491466252909236,0.004637759060179555
0.07899082042455409,0.24574733218589154,0.14408617326448875,0.005646586345381523,0.006555134825014351,0.006282501434308679,0.019485484796328268,0.01028995983935743,0.13593829362880375,0.24620093074791852,0.3669967867035994,0.2612635346260386,0.003941396121883655,0.004984864265927971,0.0048973850415512535,0.005687933518005541
0.07077048427817906,0.1442400734450256,0.1441027082855198,0.006054624741794829,0.006770943309616709,0.006283222400734466,0.018112462703695303,0.01194468671103967,0.14513641177142161,0.2619377425257101,0.3893681561885732,0.27741736282285845,0.005118267634285717,0.004393895285714276,0.004375681942857151,0.005353249228571425
0.06725048766494755,0.14391004016064596,0.14433057946069822,0.007309236947791201,0.006770166379804934,0.006607458405048801,0.018958003442340842,0.012302008032128473,0.14238388529999316,0.2578210430400007,0.38198375041500165,0.2728053278099968,0.00564947937,0.005580517274999985,0.005138121330000002,0.006042562155000011
0.06821953178792906,0.14491966949736151,0.14298932751893026,0.006171333486343836,0.007309157677300905,0.007834633922423657,0.01967466146431034,0.015558411751205,0.13753571111110813,0.24770240000000066,0.36771102222222873,0.2620985999999969,0.006009588888888887,0.005361499999999985,0.005421388888888896,0.006525355555555563
0.05179055555554947,0.004967000000002979,0.13847700000000412,0.006207111111111127,0.005854555555555585,0.006377888888888844,0.017230555555555565,0.011754000000000018,0.00434149349928153,0.08178185353928326,0.36836359595511226,0.0036966996332930976,0.003703233692632521,0.00672801422380264,0.0048630514501611264,0.004256395155017225
0.051796310701182936,0.00539015446160405,0.05304567174130249,0.006630847871985804,0.005005778419824456,0.006385376152905843,0.01759351039004338,0.014364929436604067,0.004874044444449055,0.0284905666666712,0.0037544333333351513,0.004417322222220971,0.004402988888888885,0.007144111111111104,0.005387911111111113,0.004245177777777785
0.04541622222221678,0.004677999999999985,0.02823899999999766,0.0066301111111111396,0.006218555555555592,0.006384666666666631,0.018251888888888956,0.016060666666666674,0.004447288888888087,0.027915622222227262,0.003965666666666658,0.004455233333329842,0.00411472222222221,0.006630766666666678,0.0035885111111111046,0.004721022222222238
0.044576602599716145,0.005389845572709105,0.038261193200753066,0.0070335518275747464,0.005120542161982048,0.008226308187979155,0.017524497278080232,0.012643595156093786,0.0037664000000035007,0.028111777777780848,0.004573022222222297,0.00368741111110814,0.00411472222222221,0.006169266666666667,0.0042509666666666526,0.0039145111111111115
0.004776000000005196,0.005213111111111681,0.03722722222221364,0.005308222222222221,0.005221444444444452,0.009573777777777744,0.01872222222222221,0.014954555555555596,0.004471236529276745,0.028108654593937077,0.004374958337958927,0.0040127096989183335,0.0038748139095656086,0.006095011665370526,0.003982201977558054,0.00451538717920231
0.005934555555553642,0.004463555555553791,0.03737300000000232,0.006390555555555554,0.007867999999999962,0.008362111111111058,0.009757444444444374,0.01765233333333338,0.004165411111113965,0.02795630000000118,0.0038132999999981446,0.004013155555551546,0.004497544444444441,0.006057966666666671,0.003574600000000002,0.00421691111111112
0.004924222222219518,0.03776633333332787,0.03795011111110903,0.006572666666666659,0.00890855555555555,0.009594888888888846,0.009757444444444374,0.01646033333333335,0.004319840035552936,0.028644201288610473,0.0038333037102892503,0.003952221728503968,0.004090457676071984,0.006661197511664081,0.004352066207509442,0.004215974227949352
0.005621957995325903,0.037486720746753265,0.03675763973774856,0.005357706411823509,0.009523613734859488,0.009120680075563898,0.011432936992999285,0.015681964662740328,0.004320800000005281,0.027832988888892237,0.0052055000000024165,0.0033293666666701764,0.003487744444444447,0.00544256666666668,0.005764255555555563,0.0041169666666666695
0.004690555555549105,0.03730955555555385,0.03766622222222951,0.006499333333333289,0.009235999999999973,0.00793222222222223,0.00978477777777778,0.01570466666666665,0.004309833333332828,0.028623833333338355,0.037116488888885774,0.004260866666667893,0.0034523888888888877,0.006378700000000009,0.007568722222222228,0.004029022222222218
0.004845222222229495,0.03730955555555385,0.037257333333324524,0.005578111111111087,0.008383999999999947,0.008378444444444454,0.010745333333333287,0.01570466666666665,0.0037700477724670646,0.00417756915898427,0.03650078880124152,0.003675924897234638,0.004199288967892462,0.0037040773247416963,0.007112887456949236,0.004028574602821905
0.005648999999999029,0.03729966666666466,0.03731899999999971,0.005770555555555538,0.009390555555555569,0.007804000000000046,0.010375111111111028,0.014526999999999983,0.0041383666666629584,0.003431666666664847,0.03725321111110702,0.004080533333336689,0.0034995888888889053,0.003899077777777794,0.007308233333333326,0.003782399999999995
0.004820666666660145,0.03807011111110923,0.0148518888888955,0.0067067777777777655,0.008177222222222232,0.008662222222222226,0.009096222222222198,0.01476899999999996,0.003406099999997044,0.004147033333331428,0.036536588888883635,0.004283733333334933,0.004651144444444447,0.0037306444444444435,0.007308233333333326,0.0037712555555555415
0.0048517777777685,0.03735766666666981,0.004825444444451124,0.005579222222222205,0.009192999999999982,0.006091111111111047,0.009096222222222198,0.01476899999999996,0.0042518222222172304,0.0043337000000005016,0.03677702222221847,0.004283733333334933,0.006694277777777781,0.0037306444444444435,0.00745147777777779,0.0037712555555555415
0.005516333333326253,0.03762888888888938,0.005977222222226273,0.006311111111111108,0.009515666666666651,0.005880222222222287,0.010701111111111002,0.012424333333333298,0.03649324444444189,0.0043337000000005016,0.03671441111111228,0.004251733333335198,0.006193644444444438,0.004020555555555549,0.006816944444444447,0.004134688888888892
0.005193999999998293,0.03844555555555316,0.0048851111111060976,0.006643999999999996,0.006869111111111141,0.005880222222222287,0.008361777777777728,0.009726555555555511,0.036057644444442066,0.004227044444448325,0.03671441111111228,0.004915811111113537,0.007021855555555553,0.0035745777777777747,0.007552466666666667,0.0033795444444444504
0.005798022441951008,0.0051422064215100195,0.005364848350190865,0.005559048994556173,0.005641595378291356,0.005809021219864531,0.00935184979446741,0.013020775469392338,0.0362009224272074,0.004223938653030098,0.03687088241831778,0.00418778617470473,0.006557701711491433,0.0037135252278284086,0.006775539008668594,0.004128006223605252
0.005101555555559875,0.0053726666666559855,0.0062195555555541035,0.006407333333333358,0.00608888888888881,0.005860777777777789,0.009182333333333207,0.016828888888888907,0.03619287777777913,0.004222999999996091,0.036036855555554186,0.004838477777776499,0.0074314111111111105,0.003712700000000003,0.005356822222222204,0.003467233333333332
0.006151333333339911,0.0045841111111081375,0.005306888888880066,0.006197000000000033,0.005023999999999992,0.006346777777777825,0.009182333333333207,0.013652888888888864,0.036296155555556694,0.004194177777773373,0.004088277777777686,0.003906977777778783,0.0068849333333333386,0.003698588888888893,0.0036142555555555536,0.006997499999999999
0.00493888888888705,0.005735777777785087,0.005673555555555747,0.006197000000000033,0.0059467777777777705,0.005270666666666695,0.00969099999999992,0.014956777777777734,0.036296155555556694,0.004299588888888669,0.004088277777777686,0.036649322222222246,0.006916877777777766,0.003698588888888893,0.00422394444444443,0.006997499999999999
0.0051352222222299645,0.005443444444444544,0.00583411111112279,0.005509777777777774,0.005600444444444384,0.005599333333333315,0.008667999999999924,0.012640666666666672,0.03626276666666842,0.004725011111107039,0.0041928888888883705,0.03608866666666365,0.007616222222222224,0.003791966666666659,0.0035039888888888865,0.007315900000000015
0.005840888888896088,0.005576333333338982,0.0051413333333382785,0.00544433333333336,0.005600444444444384,0.006119555555555619,0.009046111111111088,0.013154111111111139,0.03699684444444687,0.004009644444440457,0.004660611111112366,0.03582514444444485,0.006439488888888896,0.003826799999999993,0.00412783333333334,0.007557611111111128
0.005997940479873727,0.007234888271041166,0.006755020080323623,0.007861085367109458,0.007253115024199342,0.006630007208320508,0.010907733498094858,0.018001338688085684,0.03615112222222668,0.0037448999999977815,0.004246288888893446,0.03582514444444485,0.004396355555555562,0.003826799999999993,0.003990666666666658,0.007557611111111128
0.036227244645803215,0.006196355024718073,0.006289229818786895,0.0103463756177924,0.006242174629324524,0.006479509884678703,0.009568574958813924,0.01891237644151568,0.0031535774550032545,0.003685543334997816,0.0036195615450037247,0.03453524504999941,0.004326673320000005,0.002895336494999996,0.003927414599999991,0.00648830412
0.036206033772651615,0.00602852141681266,0.006289229818786895,0.009034905271828644,0.006971272652388809,0.007341330313014803,0.012818163097199499,0.01891237644151568,0.003192098520003295,0.003109881171427413,0.003663774622860914,0.034295559034284565,0.002934566068571438,0.0029307031371428537,0.0032426818914285654,0.006567558994285716
0.03564936669755702,0.006743383791584865,0.006368139223556639,0.010204304397075484,0.006183400267737614,0.0068806508083616115,0.011900937081659969,0.01920584903717433,0.003205343425214986,0.0024722661545412057,0.0030308291911446414,0.035766866244913036,0.004085031631269779,0.0029415612291007615,0.00330956845910528,0.006639177586985993
0.036733216639211905,0.012782640032948786,0.006268224876442025,0.010069707578253697,0.007117998352553578,0.00621560955518947,0.011036655683690354,0.015676276771004957,0.003205343425214986,0.0033061680976044987,0.003405049706282576,0.0356874491640272,0.00569987573429733,0.005254767284229547,0.0031408834161771506,0.008647435607772258
0.03576039950576665,0.03690043245469713,0.0360576606260289,0.00920613673805601,0.009384060955518938,0.008991659802306439,0.011036655683690354,0.021626235584843518,0.0345757117035724,0.0025314053321265745,0.0027123474920930503,0.06999105286941149,0.006379010393131487,0.004317329417080882,0.00516476502485313,0.004415578400361513
0.03659174217462632,0.03583319604612088,0.03580313014827994,0.010177306425041171,0.00929273064250415,0.008991659802306439,0.011226523887973733,0.024050967874794098,0.035362245820155305,0.03869648666967843,0.03424308630817946,0.03670127654767729,0.005586669679168551,0.005807139629462259,0.005334749209218261,0.006377959783099867
0.03651848038710693,0.036269020899831333,0.034839081643158534,0.009576855760321227,0.008680016472768472,0.009017708226088782,0.012158035622361936,0.024848038711005913,0.034480196565749174,0.03905011296882414,0.03337584726615681,0.03673020786263292,0.0057525756891098016,0.005720029371893351,0.005334749209218261,0.005996565747853593
0.03667782125206138,0.035435646622735864,0.03580405683689852,0.009790568369027983,0.009330004118616172,0.007741247940691927,0.010805704283360865,0.022577635914332823,0.03455715576640599,0.03904570202191701,0.033761628826386385,0.037032599118943584,0.005150073421439059,0.00513758048119282,0.0052329605783350205,0.007896995368801537
0.035940485996707544,0.036369851729814114,0.035125926688631404,0.010021931630972028,0.008888694398682024,0.008734967051070824,0.01368399917627678,0.025173702635914365,0.0345610596475364,0.03911026886579239,0.046659274740167234,0.037036782647990006,0.006565996384997731,0.008093628558517852,0.007801863985539991,0.007897887483054677
0.0056544444444423594,0.03814199999999346,0.037114555555553534,0.005144333333333369,0.007814333333333343,0.008082555555555556,0.012527111111111032,0.021888111111111108,0.03697982316553553,0.1579422343664865,0.12858904067552984,0.13615317173655933,0.005813767700497664,0.010983601448967933,0.008283000742840826,0.011957741949090299
0.0849548939006778,0.03750227752471331,0.03711043217420083,0.010089545606043797,0.0082966337073658,0.007151760915453814,0.009019442284190488,0.033136318186868116,0.14413625124999682,0.154734880500002,0.12597776599999755,0.1333882912500006,0.010692358999999992,0.010760555999999998,0.0106161955,0.011714914499999984
0.0849548939006778,0.09251772025329562,0.06814087323630749,0.00882890789912232,0.013648927896900271,0.009121986445950416,0.012261637595822696,0.02847083657371404,0.13680327741361495,0.14701504277302327,0.11997412509720755,0.1269261859793374,0.01124645039440062,0.010804921675369408,0.010037840239973336,0.011892945228307967
0.08487401399844684,0.08507421397622685,0.06739395622709014,0.010852571936451515,0.011579268970114381,0.01247950227752469,0.012026108210198913,0.03958793467392511,0.13735753333332923,0.14687242222222432,0.11907387777777799,0.12703522222222496,0.008784244444444447,0.009133222222222218,0.010195844444444437,0.010559955555555544
0.08488344444444668,0.08330477777778672,0.08672455555555796,0.011994000000000012,0.011075777777777834,0.010614333333333332,0.012027444444444493,0.03872799999999998,0.10565904899455231,0.14685610487723796,0.11998695700477413,0.09328535718253116,0.008796355960448836,0.009132207532496385,0.008124575047216963,0.01055878235751582
0.0846261526497147,0.08438906788134795,0.08681535384956106,0.01094478391289859,0.011098100211087647,0.010613154093989552,0.0749836684812798,0.03480368847905786,0.1055114555555529,0.1114581666666652,0.08954128888888609,0.09409561111110698,0.013806988888888903,0.01266026666666667,0.0077296888888888846,0.00943735555555554
0.08476280413287927,0.11498666814798143,0.08681535384956109,0.011829018997889105,0.01109810021108765,0.010278191312076386,0.07946472614153975,0.03845094989445611,0.4816662666666645,0.11068493333333151,0.08954128888888609,0.09970046666666596,0.012944466666666671,0.012041133333333334,0.009476277777777773,0.01024198888888889
0.08388934562826358,0.1149866681479814,0.08781479835574241,0.010728807910232176,0.013060659926674809,0.010278191312076383,0.07946472614153972,0.04278391289856684,0.48090608956550657,0.13175229469940955,0.08946740748972086,0.09894110456717276,0.013451316812979213,0.014430436715190582,0.010621602400266692,0.007666374041560172
0.0845713809576672,0.21242673036329454,0.2150015553827407,0.011527941339851107,0.01207310298855683,0.012054105099433408,0.07668481279857804,0.03676647039217867,0.48484566666666423,0.1310259777777784,0.4153625000000005,0.42231821111111384,0.012703344444444454,0.012139655555555557,0.007425811111111104,0.009349522222222215
0.08360899999999877,0.21283500000000308,0.21435244444444382,0.012974222222222172,0.01281344444444442,0.012097444444444508,0.07697666666666672,0.038976888888888915,0.48508969542018887,0.3203832925744777,0.3431940529124024,0.3327848932859046,0.013049510893730545,0.009234771009337487,0.00799645397954646,0.005903323699421981
0.13358928769863582,0.21449161017890747,0.21662006889653806,0.00802878097566392,0.012340926769641125,0.012098788754306096,0.0769852205800645,0.027728080897877566,0.38406947005888664,0.3202053216309301,0.3430034107321378,0.33260003332962984,0.008751705366070442,0.00989066770358849,0.006040806577046994,0.005900044439506737
0.2116145127236345,0.1586931881320172,0.18548360928992286,0.008947105233914893,0.0069874430492277715,0.010316479608845474,0.07515501722413587,0.02856461829092121,0.3836353483720484,0.32113623735970653,0.3435120346705195,0.3334256584064906,0.007616801866874095,0.009262140237804192,0.006042149127680852,0.00571254583842649
0.33487854206022377,0.15995077230803262,0.18548360928992286,0.006784642738081969,0.007909545505056188,0.0075640626736304456,0.07468985442826978,0.017866540726747423,0.38428021111111044,0.3217609111111083,0.34427507777777877,0.33361433333333446,0.008058488888888882,0.009240511111111117,0.005797777777777782,0.005070988888888897
0.33808100000000096,0.13670522222221534,0.1358979999999974,0.005643666666666628,0.005968111111111125,0.0064643333333333315,0.07468155555555554,0.012643111111111162,0.385248527614183,0.32253455939548725,0.3433868207578663,0.33365140571174684,0.008021291254583847,0.009626502944771643,0.005725525058339826,0.005708300922324709
0.33746927436381613,0.13737126347372414,0.13627780864541653,0.006479386598510974,0.005781975775086179,0.006465051672408044,0.011071785753972779,0.013080231136792936,0.3845914555555589,0.32175095555555644,0.6320097777777787,0.33467516666666736,0.0030107444444444323,0.004633077777777778,0.005343800000000001,0.005458711111111135
0.3385769059791064,0.10680206712602802,0.13735196710380448,0.006235163369637739,0.006314847743943124,0.006556568126250333,0.006793398533007426,0.009075127806179152,0.01059087879124314,0.4177074658371292,0.6795175758249087,0.3317700811021008,0.0038699477835795982,0.005248416842573052,0.005322497500277754,0.004052171980891015
0.3426382931436802,0.10679019891099012,0.1352994777197394,0.006753972663629307,0.004384153794866092,0.007311256806311852,0.007525502833648165,0.004740193354817122,0.010592055555553278,0.6389714666666654,0.6788259888888872,0.33180694444444553,0.00336502222222223,0.0047199999999999916,0.007838322222222222,0.00481646666666667
0.3509553333333315,0.1292232222222209,0.12987266666666783,0.0056994444444444054,0.0072614444444444445,0.004461999999999991,0.0062815555555554665,0.008217666666666606,0.36903401111111284,0.6396524222222206,0.34077593333333,0.3440984444444395,0.009417777777777777,0.0041023111111111055,0.008355522222222226,0.00563577777777778
0.35091634262859495,0.12769936673702462,0.13053016331518436,0.004253971780913224,0.00740017775802695,0.006564270636595889,0.006826685923786174,0.008544939451172018,0.3685758777777769,0.34258322222221854,0.34043676666666384,0.3433205666666671,0.0094937888888889,0.004981355555555561,0.007788433333333334,0.0050899333333333276
0.22725533333333361,0.12713100000000094,0.1289897777777848,0.005252777777777773,0.006604888888888895,0.007187999999999997,0.007588111111111178,0.008545888888888816,0.3672977555555532,0.34325123333333196,0.34043676666666384,0.34410524444444635,0.00905985555555556,0.005137188888888896,0.008031077777777784,0.0058774555555555505
0.14923877777778216,0.12713100000000094,0.12860599999999067,0.004897666666666665,0.007790777777777752,0.007322555555555512,0.00867055555555554,0.010721333333333288,0.3681899444444399,0.34168160000000275,0.3397130666666644,0.34339685555555066,0.009754188888888897,0.005137188888888896,0.008031077777777784,0.005249911111111108
0.027110432174200106,0.1268167981335414,0.12929796689256856,0.00433196311520946,0.0068680146650372,0.006716031552049725,0.007977224752805151,0.012885457171425373,0.36692263081879944,0.3411928674591731,0.3393754138429003,0.3424646372625211,0.009310621042106447,0.005217986890345513,0.009979657815798243,0.005921575380513269
0.05561261364943783,0.1310914949936687,0.13298595925883722,0.0066213603406606375,0.009409828518816832,0.008005294049948186,0.03577062953159158,0.015852226953619517,0.3667372111111102,0.34123298888889214,0.4897490333333347,0.34349417777777724,0.009511500000000018,0.004833644444444443,0.011469533333333339,0.005285555555555549
0.055619014732961006,0.13059622467770798,0.13172502302025213,0.006834484346224644,0.008726174033149082,0.008006215469613234,0.03471017495395934,0.01540273941068149,0.367583611111109,0.4900131999999992,0.20053468888889373,0.3687933777777788,0.013752622222222234,0.008556766666666675,0.011469533333333339,0.006090022222222217
0.05463804810679846,0.1302314420531687,0.1315604787662613,0.008448958453216655,0.009616526642881807,0.007820347565887889,0.0344724364138566,0.019070203705835,0.5309163573730472,0.39405406156239586,0.16696409601067178,0.3655043227025236,0.01289442160240027,0.010515790643404823,0.01108649849983332,0.011267474163795966
0.050392795488547935,0.22604292783979163,0.1324781908159782,0.007910921855219213,0.012485326274600063,0.007699965473587319,0.03567464610426976,0.0289312924387157,0.5308573666666724,0.15845713333333342,0.16694554444444837,0.4989447222222228,0.014534211111111103,0.00865592222222223,0.007564200000000013,0.010502377777777768
0.1913019106814077,0.10082320441988765,0.1209716850828644,0.009378568139963184,0.009505639963167578,0.011740791896869244,0.03567875230202578,0.02533172191528552,0.1629486720000034,0.1526484520000004,0.1605811027500041,0.15795900575000243,0.007581200999999992,0.008374604750000007,0.006817972500000009,0.007739096999999996
0.20463593462246657,0.16849516574585663,0.12027555248618343,0.01209069981583798,0.010509898710865563,0.010256560773480625,0.03519486648250464,0.026683586556169432,0.15391587221095224,0.1440147667342803,0.1519877687626821,0.14902495943205096,0.007389137931034479,0.007691419878296136,0.0064323529411764785,0.007853235294117631
0.1988790424674908,0.167387961790769,0.15410691679134159,0.01105524226032919,0.011223731154333042,0.00961008171250999,0.03440292323627564,0.03097191851766604,0.15434708924948953,0.14430955375253618,0.15269820486815722,0.14909829614604567,0.00738913793103448,0.008245212981744417,0.006503843813387413,0.007134401622718038
0.1988790424674908,0.168535159396946,0.15421579007941993,0.011158821498446313,0.009995396478305914,0.009446426516285002,0.06769432615951201,0.027852226953619545,0.15353271805273694,0.38328788032454486,0.15217957403651175,0.46788904665314884,0.008730233265720071,0.010937768762677482,0.007174523326572005,0.009710294117647062
0.37522628913444717,0.368336671270718,0.15350184162062458,0.016292357274401502,0.015267840699815783,0.00944751381215474,0.06882193830570904,0.034961556169429135,0.3849697332386676,0.3825318592149317,0.15246735977280074,0.46793650471650755,0.011394208337559568,0.01033360381377422,0.004890130844913282,0.010947773607870996
0.3324013333333369,0.3548178888888869,0.1483515555555515,0.014605888888888845,0.0138881111111112,0.010004999999999993,0.03987966666666666,0.03958199999999994,0.384292363083165,0.38250904665313884,0.22327219066936385,0.4676883975659207,0.011142910750507074,0.011076724137931041,0.006961044624746438,0.01094666328600407
0.3334126666666685,0.37224744444444646,0.32420655555555794,0.013565888888888841,0.0138881111111112,0.013757999999999963,0.042443555555555595,0.03958199999999994,0.3843763691683557,0.24670560851926837,0.2237209026369106,0.44333237322515084,0.007271703853955357,0.007678336713995941,0.006961044624746438,0.010435060851926976
0.33222188888889076,0.3714292222222184,0.3232919999999998,0.012367333333333324,0.013153111111111098,0.012911333333333276,0.04145977777777768,0.041499444444444464,0.23384313387423802,0.24744128803245447,0.2109473326571959,0.44393487829614586,0.00905861054766734,0.006150862068965511,0.006423194726166322,0.006177626774847878
0.3332612222222275,0.2798191111111111,0.323207444444443,0.012367333333333324,0.010938666666666702,0.0130148888888888,0.04108733333333328,0.03197911111111108,0.6528429571037386,0.24281523172091812,0.21153510800121314,0.3220635635331106,0.007559770814319045,0.006150238312544362,0.0071962478450461305,0.006177000304228789
0.18908222222221918,0.2806185555555582,0.2125282222222293,0.01132877777777777,0.010938666666666702,0.010045444444444466,0.06474066666666664,0.03744333333333325,2.0645563628908894,0.25557223084692254,0.8641175409718288,0.3399206595200596,0.009198152180586816,0.006678710995031869,0.010395426034636284,0.0066467324582864746
0.17617129526772415,0.21524472339480172,0.21324550099978695,0.010814930015552048,0.00999011330815374,0.009382137302821659,0.0634411241946234,0.038611197511664114,2.149153600000001,0.26670278888888926,0.8995256111111083,0.9695213333333297,0.009575055555555571,0.010031177777777785,0.010821388888888879,0.01060513333333335
0.7279075555555513,0.21649422222222056,0.18070722222221827,0.010817333333333285,0.011574999999999966,0.009384222222222289,0.06447311111111119,0.03447666666666669,3.1448014333333343,0.7172152111111072,2.027713988888891,0.9686563111111074,0.010105133333333337,0.008607533333333339,0.010740322222222225,0.01060513333333335
1.3036149572174662,0.37952683631514156,0.18606134014890138,0.012290921213468135,0.011576286254028189,0.011709967774197128,0.031343593732637016,0.04449072119124346,3.1444520497722475,1.104973102988553,2.7442427952449746,1.6056634707254713,0.007940673258526836,0.006181990889901118,0.010004443950672138,0.008157715809354513
1.131166351816864,0.6440264473830482,0.18606134014890138,0.0073360373374818915,0.009209023224802762,0.01373052561395706,0.031079786642960426,0.035042893654850506,3.9633906333333346,1.1050958777777742,3.3962936888888895,2.181677333333331,0.005565488888888921,0.006520599999999989,0.01051114444444444,0.006501377777777753
1.5693857777777744,0.6439548888888946,0.5532695555555545,0.007332777777777781,0.008803222222222197,0.011315888888888855,0.031076333333333435,0.02704677777777784,4.855714033333334,2.1050376333333345,3.9695229111111168,2.834631500000001,0.0053413111111111355,0.005705322222222207,0.0063588666666666745,0.006501377777777753
1.8670518485622212,1.0038687687354366,0.37712123903629746,0.008516931275674537,0.008796380592872185,0.008189741312312728,0.029990007771733135,0.02783546130787169,5.480195255555557,3.167515944444446,3.9690313222222264,2.834154955555554,0.005670188888888909,0.006364422222222214,0.006882633333333339,0.006160966666666666
2.306896888888888,1.3157613333333353,0.8750759999999976,0.007523222222222299,0.008656888888888936,0.0089642222222223,0.030787333333333403,0.02189233333333333,5.479683611111111,3.1667099666666667,5.087712855555561,3.9440537222222205,0.003712533333333336,0.005759111111111113,0.006740611111111107,0.006107611111111105
2.305857555555551,1.3148707777777797,1.1696973333333367,0.008462555555555579,0.007923999999999943,0.008221555555555643,0.02926633333333347,0.022692444444444466,5.961138282031339,3.8928251583509277,5.087610701189025,4.782836981886876,0.004189987776419609,0.006175019446605177,0.005230847871985777,0.0065602955883987055
2.716841146411906,1.7598590313263753,1.1688478115974243,0.007860364363474858,0.008815041101977264,0.007965896467451605,0.00709575649855593,0.017680071095312184,4.526367218579842,4.954057284142689,5.2759166240693425,4.78186194021558,0.002516479608845417,0.005311656850761196,0.002980120013334821,0.005804467163018117
2.7180488997554995,2.2636551455879115,1.6704026450322227,0.005756723716381509,0.007917092687263752,0.008115470104467667,0.007098910869082073,0.012670815736830382,5.438894133985109,4.952298344628378,5.274744328407956,5.095730507721368,0.003006488167981315,0.0025966892567492496,0.0029794578380180035,0.002665070547716928
2.6144225555555574,2.2619504444444503,2.176861333333338,0.006688444444444485,0.006412666666666647,0.008113666666666674,0.007013444444444517,0.013507999999999952,5.11500258888889,5.289216555555555,5.339237166666667,5.911253444444449,0.002476744444444435,0.002901055555555558,0.002961155555555567,0.0026653666666666747
2.518868555555552,2.454547888888884,2.170763777777779,0.004553111111111107,0.007288222222222215,0.00580433333333335,0.0063654444444445355,0.0034988888888888665,6.03097151111111,5.241203888888892,5.563953355555552,4.923966877777782,0.002803133333333334,0.002376066666666672,0.0033365777777777756,0.0031447333333333377
2.5180292124847234,1.9955988003998633,2.5785037209819013,0.005380428745973593,0.004565144951682787,0.0037827390869710686,0.005546373431078571,0.00453304454070862,4.958322053105204,6.1522892345294995,4.9108621153205165,5.1262464948339055,0.0027249972225308126,0.002575058326852583,0.0032559271192089735,0.0032928119097878055
2.516247999999994,2.5091503333333347,2.2109807777777886,0.005539555555555569,0.0044373333333333305,0.004374444444444533,0.006695444444444477,0.005543333333333283,5.28473777358071,5.151701122097547,4.996016953671814,5.445109810021108,0.0027439395622708405,0.0029447505832685306,0.0032559271192089735,0.0032928119097878055
2.549835538752371,2.651957077727112,2.6871097520293654,0.004352162793283619,0.004440787278994771,0.004374402312909944,0.006552874457911725,0.004736684087623682,4.659905311111111,5.053780144444443,5.713827888888886,5.4457148222222225,0.0024153666666666533,0.002285977777777777,0.00346225555555555,0.003415933333333334
2.1094594444444463,2.3387826666666647,2.7239318888888926,0.005129666666666625,0.005005444444444409,0.003602888888888798,0.005773777777777767,0.005434111111111091,5.652548361293186,5.848636184868348,4.594635840462166,5.107660526608151,0.002902066437062538,0.0026121430952116462,0.0028515942673036265,0.003578502388623482
2.6448542222222184,2.738094888888895,2.4285091111111115,0.004190333333333345,0.005336777777777771,0.004531333333333246,0.007279555555555422,0.005064777777777745,4.712750338851235,5.121358293522946,5.507076824797245,5.210728985668257,0.002792911898677911,0.002196967003666265,0.00333914009554495,0.003126597044772798
2.7731420834293647,2.938065452869325,3.005311362064983,0.005136436967043085,0.005552661903664472,0.004845356072827876,0.006926135054159953,0.005885918414381241,5.849726341517613,5.01137445839351,4.650021886457062,5.8219198866792565,0.0024984779468947833,0.002663748472391968,0.003189556715920449,0.003502333074102872
3.135911059907831,2.7402677419354853,2.8838200460829517,0.005135253456221186,0.006174539170506971,0.004799308755760366,0.008289285714285752,0.005884562211981614,5.754862344444445,5.646363777777775,5.64219611111111,5.487092433333332,0.002380833333333332,0.0022993333333333386,0.0035405666666666648,0.0035381222222222023
2.669502822255498,2.739952079253543,2.7543189724686137,0.004960834005298969,0.006112775025918688,0.005662826863264544,0.007320009215528109,0.005616173251929573,5.083802822535835,4.859032325813981,5.219909167685294,4.672654872763639,0.0028073452605845203,0.0024300033337037417,0.003308367596399602,0.003538515390598935
2.633971780695696,2.930258696152963,3.1558177839207584,0.005682907164247846,0.0052044459801889,0.004786915457267864,0.008065192351992606,0.006024994240958323,5.086078888888894,5.367090800000003,4.8978768222222255,5.862769955555551,0.0028686333333333147,0.002767366666666663,0.002932577777777794,0.003439544444444433
3.0926818757921484,3.3855709183085625,3.0784351883857517,0.004825095057034163,0.006164650305334725,0.005601106118216319,0.0080679801820486,0.005247839612858711,5.752433659295481,5.184068340926768,4.898421091232362,5.084650261140126,0.0024055339482164572,0.0025839982220246653,0.0032247138570952317,0.0029218357595288394
2.640537442396322,2.8533862903225775,3.0780805299539105,0.00473168202764983,0.005301958525345582,0.005634562211981562,0.008125691244239518,0.0035867511520737932,4.533522835870652,5.184068340926768,5.011659939993331,4.846421991332372,0.0026018224247138645,0.0022142238026447406,0.0032247138570952317,0.0032721080120013293
2.836646049297393,2.739696383321822,3.0308049988481907,0.004730592029486354,0.006663787145818934,0.004980419258235526,0.007825961759963133,0.004754434462105522,5.0996465,4.746945837500004,4.830578175000003,5.451618937500003,0.0029267250000000085,0.0024907250000000027,0.0028064500000000055,0.0030227249999999865
2.8372996543778766,2.7403276497695925,2.8804555299539136,0.004886751152073776,0.006254377880184295,0.005637788018433216,0.007827764976958517,0.004415207373271919,3.8507520669769186,3.724836044551569,4.671106880320253,4.430650725790526,0.002300293137182867,0.001732405775927171,0.0027138010046333203,0.002246770400057143
2.800582306185927,2.907236263103326,2.8801237184656108,0.005558461006796437,0.005333947701877678,0.005636217025688294,0.007942172560764934,0.003968091233728846,4.660339932279908,4.51435106094808,4.058141636568848,4.013025395033863,0.0017742889390519208,0.0021970654627539487,0.0024311738148984087,0.0025565349887133218
2.6124798355738172,2.65332718586824,2.7858154649483464,0.004867348072436376,0.005236529274525029,0.0046187090323297,0.006776802577491352,0.0034945006110431286,4.132726746416879,4.146444712786364,4.895433483805439,4.203232705112285,0.002312278523868639,0.0021163186999209925,0.002284459993228768,0.0026470827220403986
2.635993777777786,2.340832000000003,2.400940222222226,0.0048678888888888695,0.004636111111111063,0.0045658888888888945,0.006521222222222179,0.004051555555555512,3.916776819772034,4.248889549712226,3.8882200767407773,3.5987327051122864,0.0022654779370274354,0.0021163186999209925,0.0023122785238686456,0.002054948651393751
2.635408131526336,2.7834453454787775,2.501395800933125,0.005205065540990893,0.004885469895578785,0.0037316151966230297,0.00742335036658517,0.00346900688735832,4.9357409547455156,4.248889549712226,3.856548403114774,4.608562656585039,0.002095384268141291,0.002258277846744168,0.001903295339126506,0.0025187789188579174
2.5689234359373287,2.5326909656628547,2.54374163795977,0.004509612179131077,0.004887098566507413,0.004615735081675735,0.005850983442604667,0.0037926436270696983,4.002517988940299,3.805279325132602,4.291326994695858,4.062203374336989,0.0017013091073242472,0.0019153481548358068,0.002314682315765704,0.00215310912989504
2.4629514444444442,2.0943135555555603,2.2105341111111128,0.005455777777777825,0.0049546666666666385,0.003831666666666678,0.007303111111111113,0.003977111111111024,3.9744420898217125,4.051693805010155,4.290842755585646,4.061744989844286,0.0021044120965922047,0.002217377567140605,0.002023222748815165,0.002491322500564196
2.7728390000000016,2.5876645555555595,2.678989444444445,0.005545444444444394,0.00550955555555562,0.004271888888888853,0.007094111111111209,0.003977111111111024,4.824011070985215,4.052151055185645,4.136178636722715,4.2172258322988405,0.0017859383816724989,0.0022176278072452366,0.0025156302900349917,0.002135876311928673
2.251338888888894,2.6892912222222223,2.2498715555555515,0.005545444444444394,0.004194666666666693,0.005173333333333277,0.00602822222222225,0.004028000000000019,3.6544012483100037,3.6948998445400005,3.414663504569995,4.384094361869995,0.0021528954100000102,0.0023528785099999954,0.0020638958000000055,0.0022889124399999876
2.8225595555555607,2.6892912222222223,2.370128888888884,0.005382777777777786,0.004433666666666645,0.004540444444444446,0.007582333333333383,0.0036551111111111155,4.6886992178400035,4.216312411203753,4.402029656392497,4.335637530386245,0.002384934956250002,0.002647865261250008,0.0025924173000000062,0.002850747735
2.322265444444447,2.5281204444444385,2.7623147777777732,0.004734333333333396,0.005150333333333319,0.004531333333333345,0.005965333333333453,0.0045231111111110585,4.802088533333338,5.137565244444447,4.508486288888887,5.258718277777776,0.0024426111111111133,0.0030148777777777797,0.002999711111111115,0.0029196888888888893
2.401866111111114,2.495974888888883,2.284950222222215,0.005175555555555514,0.004147888888888889,0.004531333333333345,0.00765544444444445,0.004373555555555618,5.28515168888889,4.548169733333338,4.818397955555556,4.459743911111116,0.0023397555555555545,0.002627300000000004,0.0029419888888888796,0.00311042222222223
2.47250822222222,2.495974888888883,2.8146252222222254,0.006115999999999962,0.005171222222222265,0.00452833333333332,0.00659555555555554,0.003816888888888907,5.579083733333341,4.688469044444443,5.889495788888888,5.450420922222227,0.002425933333333331,0.003071311111111117,0.002563944444444438,0.00311042222222223
2.7627592222222197,2.436518444444447,2.33059577777778,0.0058103333333333,0.004209333333333337,0.0051494444444444044,0.007303222222222141,0.004389555555555585,4.5753485612709754,5.712035707143646,5.150099555604935,5.07342561937562,0.002166959226752582,0.003011120986557038,0.0030238862348627832,0.003466725919342306
2.38329101410641,2.6478937020992976,2.3129920026657724,0.005808397200932989,0.004999000333222246,0.005209707875152767,0.00835943574364102,0.003670887481950473,5.448776622222224,5.039148888888884,4.927006344444444,5.164301355555551,0.0025809777777777865,0.003011455555555544,0.002981711111111106,0.0035571222222222335
2.416342555555553,2.6487763333333305,2.3137629999999945,0.0055413333333333,0.0051047777777778105,0.005211444444444485,0.007930666666666556,0.003968444444444528,5.728279888888886,4.879292300000003,5.888484677777775,5.898172466666662,0.0025408666666666786,0.0029183555555555543,0.0025513666666666657,0.003223855555555572
2.5633327777777724,2.6390238888888895,2.3545603333333376,0.005285111111111087,0.004549888888888829,0.005043777777777771,0.007825777777777808,0.004778111111111175,4.892273633333334,4.879292300000003,5.041693588888889,5.726269655555554,0.002294855555555565,0.0032352888888888885,0.0026753999999999884,0.0038148444444444656
2.5636176241804587,2.45377653072564,2.6972324702744706,0.00613545949549952,0.0056455161684630965,0.0041427936437382065,0.007826647405267282,0.003997444160462204,5.609950111111111,5.299844188888889,5.717562377777779,4.618753344444448,0.002520877777777773,0.00246512222222223,0.0031584999999999933,0.003147922222222241
2.5027704444444354,2.4535038888888923,2.6030085555555615,0.005366999999999974,0.005305888888888907,0.004898777777777833,0.0071977777777776615,0.00399699999999993,5.528358182424177,5.741235807132539,5.4836812243084125,5.6772111209865574,0.002654838351294305,0.0026504721697589067,0.0029983557382513046,0.003233862904121764
2.5030485609512074,2.577502722524733,2.2110683409267753,0.006353039226580666,0.005121235692854844,0.004704300477830906,0.00867440826758528,0.0036905211690188406,5.528358182424177,4.922039328963447,5.4836812243084125,4.85907231418731,0.003012831907565822,0.002626219308965664,0.002653794022886348,0.003233862904121764
2.5471675741749094,2.2191454606067373,2.5177801977997576,0.005805756195132819,0.005121235692854844,0.004704300477830906,0.006984109345482939,0.003507945327258589,5.302650233333332,5.920912133333335,5.155795855555555,5.677858955555557,0.0025861444444444446,0.0026265111111111045,0.0027631333333333315,0.0032477111111111194
2.4296587045883697,2.7662311965337234,2.448343961782014,0.0048641262081991115,0.004786801466503692,0.004685812687479134,0.007895678257971292,0.0035071658704588417,4.975046799999997,5.0453176888888915,4.977885855555558,5.649810144444444,0.002822333333333342,0.002876811111111109,0.0030997999999999985,0.0032477111111111194
2.140391130376784,2.383557630321223,2.792690341224846,0.005250861398243835,0.004788929643214376,0.004759919973324405,0.007179948871846188,0.0035187284650439244,4.975046799999997,4.962446222222224,4.977885855555558,5.666489611111111,0.0032699222222222213,0.002736422222222223,0.0026395222222222246,0.003089644444444444
2.6524398755278864,2.3422761724827685,2.3799952211602613,0.005250277839519869,0.0049613247388309075,0.004230162258279637,0.007203045121137932,0.003858746388086167,5.1263563333333355,5.890282044444447,5.1916369666666675,4.923464388888888,0.003181199999999997,0.002736422222222223,0.002968377777777781,0.0029771888888888926
2.7671628440367044,3.170572362385318,3.000822362385328,0.007751032110091733,0.004923394495412892,0.006120412844036714,0.00724277522935784,0.003463188073394455,5.0950293484293505,5.073835397935395,5.031009301809306,5.292459884559886,0.003165245865245855,0.002704506604506598,0.0029654123654123685,0.003397280497280494
2.6988197454420426,2.671139089553944,2.9589744295378937,0.006886136910904718,0.005838091961931036,0.006078087375301,0.007977296181630409,0.003607957803004226,5.099557760248863,5.896817686923669,5.826280546605939,4.582095033885124,0.0031680591045439295,0.002732640817686923,0.0029450172203088587,0.0031554938340184364
2.698510318734241,2.9023866085760144,2.6053501490483884,0.007006764503554201,0.005632767713827075,0.0065905755560651666,0.007976381563861362,0.0031978903921119546,5.482481677777781,5.364262322222225,5.783289077777784,5.659169977777781,0.0036228666666666583,0.002732944444444444,0.0024622444444444436,0.0031558444444444384
2.708202729044837,2.902719412911363,2.5823555784887025,0.0077651645453502526,0.005031647746818006,0.006434353858502465,0.008150097465887022,0.0038857929136567066,5.281227011111112,4.93900727777778,4.966662211111114,4.600081400000007,0.0035614666666666504,0.002743633333333335,0.0031342999999999944,0.0030852666666666604
3.1313109735122158,2.8374126820318684,2.995273821809418,0.006748308680197213,0.00539846347895876,0.0056877651645453825,0.007740855406490095,0.0040498796009631275,5.281227011111112,4.93900727777778,5.973865133333333,5.809364955555559,0.0034686111111111155,0.002464911111111116,0.0036370666666666607,0.0030852666666666604
2.63905491859665,3.178051364365974,2.6784777573950893,0.0070275166246273986,0.005397844531070779,0.006509401513414356,0.007739967897271281,0.003634946113276715,5.5598847205245026,4.793683064784971,5.168211134570507,4.991672841426824,0.00386018446494055,0.002979308812090239,0.0035238582064673844,0.003214034892765857
2.8520462155963378,2.6135558486238546,2.6566397935779915,0.0070291284403669945,0.005658830275229432,0.0057423165137614985,0.007756536697247855,0.004159174311926577,4.987987065229469,4.793683064784971,5.367884809423265,5.124751572396932,0.0032111234581620072,0.0028216246249583273,0.0031871541282364694,0.0037246027336370626
3.267945654666372,3.156554689291435,2.779928915386377,0.006812886952533882,0.006175762439807389,0.005976152258656277,0.007853244668654143,0.004571887181838979,5.930425280586729,5.011243960440048,6.232842460273359,4.49019949994444,0.003201200133348136,0.002447583064784977,0.00360607845316146,0.003552494721635736
2.7400764908257003,2.6823238532110083,3.1291061926605486,0.007459518348623838,0.005775688073394404,0.005548509174311858,0.007721215596330375,0.004221674311926655,4.905537122222219,5.060600377777774,5.193903022222221,5.605799955555554,0.003270411111111094,0.0028432555555555567,0.0033832999999999936,0.003648766666666667
2.709407444444436,2.3845905555555573,2.503759111111107,0.004936111111111154,0.005175888888888894,0.004819444444444463,0.006643777777777792,0.004683333333333373,4.213807427480678,5.312834829250246,4.606732579128313,4.721815867713675,0.003072049977631074,0.0024297678224721596,0.0035519331178043975,0.003386034626845834
2.3184466666666594,2.3845905555555573,2.3789364444444474,0.004936111111111154,0.005303888888888824,0.004791444444444398,0.0065914444444445455,0.0037330000000000358,4.294598760625711,4.538858091728572,3.8488303313057104,4.812347247085711,0.0031309503942857034,0.0021097102199999973,0.0029934828428571387,0.003080578517142863
2.809385111111106,2.278871666666659,2.6649586666666716,0.0045772222222222325,0.004407222222222254,0.004294111111111024,0.007578777777777922,0.00474411111111106,4.03829060243682,4.271238041516244,3.647637003610099,3.4735644855595593,0.0018514666064981876,0.0020019968411552316,0.002840647563176891,0.002923296480144409
2.6857009221197634,2.640121986445949,2.7299875569381213,0.003842684146206008,0.005206754805021721,0.004553271858682358,0.00648450172203094,0.004077435840462156,4.108030997517486,3.670350045136538,4.644386650868876,4.4861631798690995,0.002194211238997966,0.0021959264274430137,0.002367479124351158,0.0028270932069510467
2.275754582824128,2.180304299522285,2.3299142317520354,0.004719586712587538,0.0043199644483946625,0.004553271858682358,0.0066957004777245714,0.003930896567048133,4.108030997517486,4.305946626043781,4.318318111035881,3.2580485330625137,0.0024688783570300126,0.0026186188219363585,0.0018568833220491945,0.0033448205822613495
2.6761420000000022,2.346535666666657,2.6978541111111176,0.003731999999999995,0.005560111111111136,0.004567888888888877,0.00669644444444432,0.00437000000000006,3.6497991538808647,4.556111620036101,4.3173437612815855,4.397500338447651,0.002071175541516245,0.0026096908844765315,0.002058043772563176,0.00253398014440433
2.603556555555555,2.8238008888888797,2.6205941111111066,0.004674666666666679,0.004618444444444395,0.005229666666666688,0.0068744444444443316,0.00456111111111114,4.296705585016361,4.556625679792397,4.026000383617288,4.007252431456616,0.0025965925758772344,0.0020650456955884013,0.0020582759787882206,0.0026241227575313094
2.479950772308026,2.297249138793202,2.157619179908882,0.00458628736526273,0.0049774419379931285,0.0049886654072674825,0.007114234914990394,0.0035779531059006746,4.095233619133576,4.18435682536101,3.1474151060469335,4.772556069494584,0.002151917870036105,0.0025929264440433205,0.0023408506317689494,0.0026408844765342934
2.8040546666666666,2.7165437777777903,2.2499047777777785,0.003960777777777777,0.005516444444444484,0.004988111111111119,0.006968333333333417,0.003966444444444445,4.870864199480988,4.063635721538987,4.200412241904552,3.6397430553988532,0.0023586821617962352,0.00281352815073903,0.0026987363195306317,0.0021633983978336813
2.3516894023550408,2.475178182626086,2.637690179960014,0.0041230837591646466,0.0055296600755387545,0.004431904021328561,0.0069667851588536694,0.003379360142190578,4.362615082636911,3.393405631368155,4.439830216966508,4.610949539709859,0.002334206054946629,0.0027843320950952204,0.0031952885832670034,0.002586016698099712
2.6274127319186804,2.475453171869795,2.555988556827015,0.00476002666370401,0.004996444839462249,0.004470836573714044,0.006311409843350676,0.0038123541828685064,4.305169023012502,4.215926965718752,4.381367403600001,5.211499313350001,0.002782168262499996,0.0034369023874999977,0.003153213650000006,0.0030799059062499956
2.1367662222222257,2.4812283333333327,2.6224487777777767,0.00415211111111111,0.004996999999999968,0.004471333333333346,0.006631222222222159,0.00280166666666669,5.270129055555555,5.027205355555557,5.508759300000006,5.255183022222224,0.0032804666666666686,0.0034657111111111093,0.0036892888888888924,0.003494633333333318
2.271915768418715,2.119920213357032,2.162698633181466,0.005218690965662837,0.004895099455495012,0.004369374374930551,0.006631959106567333,0.0037099677741971484,5.212083868459066,5.68152623041884,5.375045528274632,5.220441884235087,0.0026082213087434774,0.0033593600711032136,0.003492067548050212,0.003511120986557019
2.600363040337815,2.6369756639626623,2.5750015557284076,0.004341593510390012,0.0060136681853539,0.004907323035892866,0.006942993665962969,0.0036201800200022223,5.212083868459066,5.055744995000555,4.688987656927009,5.220441884235087,0.0026785134985001587,0.0035007888012443026,0.003492067548050212,0.0034739584490612175
2.4971796666666632,2.140261555555564,2.474441111111105,0.005359444444444448,0.004773333333333321,0.004095777777777797,0.0078001111111112055,0.0031811111111110795,5.472930755555559,4.78502627777778,5.733048788888893,5.2306313111111145,0.0031136333333333256,0.0033491000000000003,0.0035600444444444474,0.0034743444444444473
2.401836000000003,2.2202992222222266,2.5782819999999953,0.005486333333333309,0.0056442222222222605,0.004420555555555477,0.006694555555555661,0.0028671111111111046,4.835739906677037,5.863634073991779,5.547800677702474,5.254618075769359,0.002596155982668592,0.003850438840128882,0.0035596489278969024,0.003620331074325071
2.121795022775253,2.48714042884124,2.5779955560493226,0.004600266637040375,0.005544272858571239,0.004780468836795984,0.00698611265414955,0.0036041550938784015,5.14259357777778,5.7576533777777845,5.548417099999998,5.088213566666666,0.0032146666666666717,0.003330733333333342,0.0034448000000000013,0.003496700000000004
2.2596073333333306,2.501096333333332,2.584648555555557,0.005678666666666684,0.004430111111111085,0.0047810000000000725,0.006178777777777632,0.0038515555555555837,5.290072977777784,4.899252722222225,5.499434088888889,5.088213566666666,0.0029585999999999935,0.0034169222222222235,0.0029644,0.0038348333333333338
2.7504195376750302,2.542922093798622,2.5130318959768827,0.005766725939097586,0.004943654145365593,0.005095132251611475,0.007845743498555246,0.0035826850411202816,4.681465481613155,5.749188567936893,5.235397855793803,4.866600399955566,0.0029582713031885274,0.0038820242195311567,0.0024421397622486317,0.003391567603599607
2.474590621180126,2.833522724747195,2.250514501611292,0.0051294588287587985,0.004462051339037698,0.004228469829981155,0.00695088343149249,0.003734192688076499,5.68155076119569,5.510935992888095,5.976524658295364,5.235744027114119,0.002957795310590062,0.0031877986442938096,0.00298728747638626,0.0035308589843315802
2.9157879999999956,2.3818373333333387,2.355183999999996,0.0060866666666666725,0.00532266666666676,0.005142555555555539,0.006770111111111119,0.004251000000000005,4.752046133333339,5.472800577777775,4.885194099999994,5.235162277777774,0.0030528666666666602,0.0038168333333333374,0.002477311111111109,0.003141555555555555
2.876695741616958,3.1450962764863224,2.675859596790776,0.006062229993828453,0.004991668380991592,0.006012343139271748,0.00912476856613865,0.003923369677021261,4.704274988888885,4.817848422222222,4.7096953555555565,5.086539799999997,0.0030528666666666602,0.0032072111111111114,0.0027831777777777874,0.0032692222222222293
2.854259411643703,2.982471610779674,2.8118307961324867,0.006062229993828453,0.005293869574161755,0.005514400329150387,0.007642357539600892,0.004939621477062301,5.608962644444444,5.685802433333329,4.7096953555555565,6.0140288555555586,0.0031487111111111066,0.003272677777777779,0.003332933333333334,0.003228744444444438
2.57909370499898,2.9824716107796747,2.936686381403007,0.005920078173215367,0.005293869574161757,0.006463176301172573,0.008226290886648866,0.005319687307138465,4.646152888888889,5.6878562555555545,4.879815500000004,4.881462044444447,0.0027138888888888846,0.0029188999999999994,0.002736644444444433,0.0036747666666666597
2.7441202427483993,2.9517003702941733,2.7606866899814926,0.004929952684632779,0.005552458341904894,0.005549886854556709,0.008836350545155197,0.004963999177124044,5.800043211111106,4.608596944444443,4.842701444444446,4.938841088888892,0.00320081111111112,0.0030184666666666577,0.0031556444444444387,0.002929377777777779
2.7444025306038413,2.704698384939821,3.0889629667729706,0.005696430408394171,0.004848163769159549,0.00534019133833965,0.007430717004423404,0.005027157699825194,5.546779444444443,5.045786599999997,5.7878756777777784,5.1357455555555545,0.003123044444444439,0.0034262999999999876,0.002946655555555551,0.0031208444444444498
2.7750860845418095,2.815707806232641,2.6842040522472503,0.005424046076313958,0.005744831842024116,0.005849943433096724,0.008544790702458083,0.004727656073228436,4.635931311111108,5.959437588888886,4.800240222222218,5.1357455555555545,0.002781111111111114,0.0030725555555555523,0.002900777777777774,0.003295955555555551
2.794668278132069,2.523151614894054,2.8351827813207096,0.004594116436947133,0.005507508743057032,0.005727113762600244,0.008159020777617716,0.004728142357539609,5.615605356150681,5.109430658962109,4.981157473052562,5.1377756639626595,0.003195610623402608,0.0029165573952661477,0.0032603289254361594,0.0032963218135348324
2.7943808495320352,2.6822755322431293,2.834891185847983,0.0053717988275223455,0.00612197881312358,0.006569371593129713,0.00898920086393079,0.004834824642600028,4.6155347294745,5.296000622153095,4.240251838684595,4.93811490945451,0.0032813354071769938,0.0032784690589934425,0.003178246861459832,0.0030722808576824885
2.832384116860413,3.0871013270239724,2.8510991667523964,0.005256969447587732,0.005325995267976545,0.006272091348626718,0.00883561361999796,0.0047714226931386185,5.722764477777774,5.179485755555554,5.391090200000003,5.75140480000001,0.0031336777777777837,0.0026494444444444373,0.0031785999999999945,0.003674300000000007
2.5413574735109634,2.6093495525151766,3.3139663614854413,0.005256969447587732,0.006177759489764433,0.005340499948564979,0.007479786030243799,0.004335562184960466,5.544453961551281,6.007548483164797,5.572231836870765,4.938436804089347,0.0031340260028892156,0.003298144238248694,0.0029592954772752413,0.0030084120457828717
2.407458282413066,2.354912787468054,2.4847005888234612,0.005061548716809233,0.005271747583601788,0.0052671925341628905,0.008062326408176832,0.003258860126652625,4.6396657739748814,5.875420913434828,6.178262273585957,4.8909395266140665,0.0029434492721413584,0.003013301477941996,0.0027586509612179118,0.0031878430936770723
2.4077257777777783,2.8252231111111112,2.4564382222222196,0.004702666666666646,0.006039999999999997,0.004664333333333381,0.007702666666666661,0.0037854444444444094,5.630697611111103,5.0441840666666655,4.96391552222222,5.819391999999991,0.0032863666666666748,0.0034632555555555583,0.0027583444444444433,0.0031531777777777724
2.406202755249417,2.5907122541939867,2.644240973225192,0.005812131985334976,0.004889234529496802,0.005204866125985993,0.007042884123986376,0.003785023886234828,4.477304767196353,5.975072608067569,5.394900933437045,5.0271048449827695,0.0027997555283920386,0.002862240248916549,0.0028082009112123463,0.003153528169796638
2.903494500611047,2.5907122541939867,2.2900122208643463,0.004984890567714729,0.005693478502388629,0.004920675480502201,0.008024663926230545,0.003674147316964741,3.8019757805932697,5.012771576676619,4.597381681704115,4.383813216394545,0.0023342632193868026,0.002535864367733473,0.002515840881047624,0.0026719069673552787
2.4081027777777737,2.5865682222222155,2.6997396666666624,0.005143888888888862,0.004724333333333281,0.004894111111111106,0.008055555555555533,0.0033611111111110743,3.8720589445048192,4.14367512652573,4.6821268438399315,4.464621595493229,0.002377291518686347,0.0022191788138101374,0.0022518724333067956,0.0021810362577306943
2.297554666666669,2.5865682222222155,2.613334777777785,0.005143888888888862,0.005002444444444384,0.004125333333333339,0.007655333333333224,0.003596555555555566,3.729715742618885,4.78726529186387,4.383274340770786,4.420262102772139,0.0022828375028172147,0.002335542032905111,0.002377439711516789,0.0026058260085643522
2.7732313590399094,2.673977330814537,2.6136251805756263,0.005460717857539688,0.0052409156572951875,0.004061451272363589,0.006758306478497541,0.0037706411823536026,4.55873328068592,3.957346965252706,4.38821937048736,4.259035130866424,0.0017086755415162407,0.002393027978339349,0.0019098375451263563,0.0024738267148014382
2.290769581157655,2.236770914342844,2.546114987223634,0.004627041439839959,0.005961559826685905,0.004220086657038101,0.007057549161204342,0.0033221864237306985,3.435423626311633,4.448826243935468,4.246703915152886,4.075457982624392,0.00211216292451766,0.0023932979803678203,0.002687735529730342,0.0018631276091616803
2.6354543939562265,2.791795356071539,2.046222530829908,0.005366181535384901,0.005041662037551357,0.004220086657038101,0.008060548827907922,0.004327296967003647,3.6888660236886657,3.607827411167514,4.384575205865767,4.074538533558937,0.002577608573040038,0.0022351156232374436,0.0021797518330513277,0.002685076142131982
2.760998666518489,2.4147190798977647,2.5421604622735825,0.005016779642182454,0.005039448827647516,0.0043598177575285635,0.006455717301922411,0.0037460828980998184,4.5316568076706165,3.7756575070502048,3.7693842413987606,4.3970500846023715,0.0023961421319796893,0.0018916525662718484,0.002422729836435424,0.0026047377326565173
2.760998666518489,2.4838063118124083,2.1683789309923314,0.0052684742749194696,0.005114679408823157,0.004702189132125729,0.0061739082120234245,0.0034473830425603112,3.5258051901162197,4.6610602053480745,4.847712388581748,3.4546864267178274,0.0025602053480762747,0.0020463387114972365,0.002423276542931292,0.0024993004625973258
2.721309111111105,2.5137156666666622,2.2443332222222305,0.004157777777777779,0.0056986666666666175,0.004709555555555609,0.00617322222222209,0.004432777777777829,4.418752836999438,3.7156181387478755,4.611100710659909,4.468514145516081,0.0029448054145516083,0.002045877044557248,0.0025958150028200944,0.00249873660462494
2.2242092454717093,2.5139949994443778,2.5805391710189993,0.005105011667963092,0.0048948772085787556,0.004673074786087257,0.0068769863318145835,0.003738970996777442,4.093196179285715,3.6873553729257145,3.9241525813285825,3.575054687380004,0.0025472716971428615,0.0020865562771428614,0.0020354324885714396,0.002510500237142859
2.746955217246355,2.2650188909879057,2.4467843093677155,0.004709189909990026,0.005844982775863966,0.0041482386931881166,0.006951439048783278,0.004194466051783562,4.9895207142037865,3.6365483576970967,4.783666544888395,4.473125262206941,0.002982194872356408,0.0025402589250406718,0.002576624426073095,0.002475908772290704
2.3461523333333316,2.633597999999994,2.053928555555558,0.004708666666666694,0.004809999999999981,0.004628555555555538,0.006103333333333399,0.004554999999999964,5.68600895339784,4.61486004893783,5.5814901234567955,5.44306209542877,0.0034237793348904475,0.002525013902791682,0.002561161161161174,0.003095150706261812
2.3510333333333118,2.5305373333333265,2.5982161111111157,0.004480888888888954,0.005034555555555542,0.0037823333333332583,0.007197222222222324,0.0036809999999999716,4.867976911111108,5.512029544444445,5.575908633333339,4.765032455555564,0.0034203555555555568,0.002748877777777782,0.0031631777777777854,0.002777400000000001
2.678609178797625,2.530818535392814,2.5985827314145986,0.005337815312812589,0.004841537948660934,0.0038290921213468025,0.0073578175352816315,0.004246138459828819,5.493644199999999,5.020024288888883,5.462933422222221,5.1249512,0.002952944444444445,0.002748877777777782,0.002397333333333341,0.0033498444444444476
2.333847760862305,2.389348038670967,2.5985827314145986,0.004598510945660681,0.004841537948660934,0.004618068674297166,0.007196355150572252,0.0032408045338370643,5.648506189576619,5.020582131347921,5.378439093232577,5.125520702300254,0.003047594177130803,0.0028715079453272576,0.0031055339482164704,0.0030446716301811257
2.264710111111122,2.7865385555555555,2.4954628888888997,0.004935111111111112,0.005077444444444406,0.0038718888888888974,0.007195555555555524,0.003659999999999997,4.818265018335371,4.925481486831866,5.378439093232577,4.942669829981095,0.0027150794532725896,0.0033784864984998343,0.0030198466496277414,0.002821335703967104
2.7041583157427134,2.247160648816806,2.7850565492723076,0.00417764692811908,0.0042340851016553485,0.003959448950116726,0.007573936229307836,0.003678369070103279,5.640393033333335,4.632818222222227,5.0412967777777755,4.942120644444431,0.0027603222222222193,0.002775911111111105,0.0030195111111111167,0.0025137222222222154
2.201830536726323,2.410681964662749,2.2458248694299283,0.004866540726747428,0.004575952883653698,0.003411267918657641,0.009101900211134604,0.003311145682853584,4.760056088888893,5.542325511111113,5.069323088888891,5.026867344444447,0.0023809222222222204,0.0038012555555555464,0.002880899999999992,0.00296675555555554
2.6860984444444465,2.41041411111112,2.453492000000008,0.004439999999999975,0.004575444444444404,0.00372511111111113,0.007415999999999991,0.0037130000000000036,5.267267990212435,4.813140418195971,5.074397486375266,5.839633544655765,0.002902491380269154,0.004075397619842058,0.0028837837837837757,0.00285855855855856
2.7711106001379617,2.654108070820862,3.077907335019538,0.004958036330190833,0.005839963209933326,0.00442618992871933,0.008695792136123176,0.0042553460565647235,5.077639344444449,5.66046917777778,5.069388933333331,4.893090599999997,0.002944755555555555,0.0035922444444444405,0.003038822222222222,0.0028557000000000014
3.206291364838468,2.78211072783721,3.0782612395078695,0.006023111417730234,0.005840634701621257,0.005025411061285529,0.008696791997240357,0.003638611015292647,5.285773988888885,5.5400098111111005,4.836512333333333,4.881520200000002,0.0028400111111111116,0.00438973333333334,0.003479800000000002,0.0028906333333333337
2.708998620372523,2.632029547022311,3.0050663370889836,0.005061048516900422,0.005707863876753302,0.005626005978385857,0.009241204874683825,0.004303173143251264,5.285773988888885,4.638225455555547,5.760314622222224,5.624060699999994,0.0028400111111111116,0.003746722222222232,0.0033547555555555643,0.0033531999999999915
2.7329137633666774,3.0517612969989623,2.5840919857422207,0.005249626307922289,0.005906979418190169,0.004800965850293213,0.007773715074163493,0.0040420834770610965,5.421163222222231,5.052447577777777,4.862771466666669,5.353565166666665,0.0031919444444444404,0.00428946666666668,0.003717488888888892,0.0027807555555555453
3.2626677015062624,2.623719213521892,3.082663792112225,0.006157870530067766,0.005906979418190169,0.005120041393583974,0.008371507416350576,0.004461193515005178,5.33909543384069,5.774374080657705,4.9381606488167975,5.352970392178645,0.002638406843684029,0.004179102321964236,0.0030092989667814775,0.002788367959115646
2.81503758620688,2.6750166666666684,2.675465977011485,0.005779999999999981,0.00565068965517239,0.0056977011494253015,0.008368620689655283,0.0048140229885057706,5.339688666666672,4.968951988888883,4.938709333333333,5.15015090000001,0.003094788888888888,0.003672644444444452,0.002832855555555566,0.002799811111111106
2.8842731140754365,3.083334521619149,2.9228460211591503,0.005782658693652234,0.006533808647654072,0.004818767249309995,0.008496090156393871,0.004136384544618298,5.644673411111113,5.308745366666672,5.055832733333328,5.847487744444454,0.0028966555555555626,0.004280600000000001,0.0034273666666666753,0.00336192222222223
2.8839414740715186,2.5831222260549627,3.3358711049787275,0.006219041048637461,0.005575370817523285,0.005316430953202213,0.006915833045877961,0.003954812004139353,5.644673411111113,5.218492488888888,5.025899977777772,5.480393788888887,0.0036951444444444526,0.0035687888888889,0.0032660555555555576,0.0029088888888889053
2.816598413428378,2.9546216371579543,2.772769372269481,0.006345481719935623,0.0065266727983444555,0.005051736031271568,0.008132559209013497,0.0040091975166705015,5.660778711111112,5.218492488888888,5.025899977777772,4.673467222222224,0.0031764777777777884,0.0027671888888888972,0.0032660555555555576,0.003192199999999988
2.611399266585181,2.703923213690416,2.274063229247693,0.005233914879430989,0.005008223135904066,0.004330147794199303,0.006702522502500306,0.0030200022224691637,4.8996256250694525,5.250447738637622,5.1329463051450155,5.682327269696631,0.0031108456495166133,0.003444060451161239,0.002999455495055011,0.003192554728303132
2.487750222222202,2.7011212222222034,2.6002375555555597,0.00494577777777779,0.0050076666666667435,0.004373444444444491,0.0077343333333335105,0.00407844444444441,5.048971552394714,4.371673652628075,5.445195821757977,5.553114957217468,0.002756528503167024,0.0026464829425491606,0.0029113457050783426,0.0031492610290032173
2.4880266696299382,2.3990343371485654,2.5232743638182034,0.0058714301589064734,0.005086898544282717,0.004588620957884261,0.006871096788532061,0.004169352150238989,5.048971552394714,5.533835770641192,4.5212908767640885,5.48785820646739,0.003332203578175371,0.0032900766751861273,0.002431759084342704,0.0030785087231914674
2.6617848888888855,2.3162331111111345,2.522994000000002,0.004832777777777686,0.004955777777777806,0.004588111111111163,0.006870333333333337,0.0038569999999999998,5.220080557715803,4.505631896455957,5.491122808576822,4.7658104099544545,0.002627508054660616,0.002746661482057542,0.00262899677813577,0.0030778246861459862
2.149866,2.705739444444463,2.513368222222223,0.004805666666666733,0.005909222222222196,0.004217666666666651,0.006780999999999951,0.0037927777777777808,4.926240411111111,4.761235266666669,5.150665211111109,5.775500433333334,0.0032402666666666827,0.0027928555555555494,0.002996711111111115,0.0030755888888889006
2.588426094687722,2.551016114692149,2.953949988886423,0.004819404312069409,0.005111358079573242,0.004350966881529255,0.006782507223827468,0.003520671260280014,5.927494546868045,5.607498422923146,6.151319024877832,4.961869047090179,0.0031581186139493633,0.003110961794757885,0.002669513549533536,0.003312239004886711
2.0822250861015354,2.156872680813226,2.425285968225758,0.005514276191534295,0.0054148427952450074,0.004349516720364431,0.006494722808576731,0.0035194978335739997,4.801947316964771,4.6907061993111805,5.311808099100103,5.286398422397507,0.0028075213865126104,0.003005754916120438,0.002501866459282298,0.002751294300633244
2.604691367625798,2.683865903788465,2.483621153205206,0.00547283635151645,0.005907232529719004,0.004584712809687757,0.007456949227863481,0.003577935784912817,4.888985553277489,3.9417168910400013,4.613834838593747,4.652261179557494,0.002045537761249999,0.0027410552124999986,0.0022019949712500085,0.00280116319499998
2.5654876097344252,2.680155906211806,2.4841731303478225,0.004830425602844758,0.004988443160351225,0.0045949549949994934,0.007629958884320652,0.003955217246360655,3.778486971921418,4.006994206902858,4.690242851249996,4.729305556637137,0.0020794131557142844,0.002786448814285713,0.0022384613957142944,0.0021578794071428495
2.161465444444452,2.376701777777776,2.542539333333341,0.005408222222222234,0.004975333333333332,0.005499888888888885,0.006489333333333471,0.003954777777777727,4.520214706214048,4.057130946205036,4.341449825194553,4.456155824968991,0.0022335400924777212,0.002478628622984104,0.0021027404984774937,0.0026670576294124276
2.3895696666666786,2.2603932222222185,2.4978699999999967,0.004667111111111054,0.005836555555555537,0.004396777777777731,0.006982444444444427,0.0037865555555555773,4.420655718475079,4.849026900518835,4.103182201669285,4.236754658244972,0.0027044665012406987,0.002478908188585614,0.002020009023234835,0.00243138957816377
2.7792217777777957,2.6513510000000022,2.5687364444444385,0.004679333333333406,0.005355666666666635,0.004757222222222228,0.006225444444444506,0.0036496666666666006,5.010336382090896,3.669017209879322,4.102719454155846,3.548826863651736,0.0021199165444907996,0.002342438254200966,0.0020197812112326655,0.0020334160369910904
2.556494222222227,2.3285773333333157,2.5687364444444385,0.005504666666666738,0.004766111111111076,0.004757222222222228,0.007654111111111127,0.0036496666666666006,4.063489048048719,4.546846593728843,4.234580216557635,4.448076595984655,0.002661121136927575,0.0028099030002255786,0.0019660049627791554,0.0026342093390480503
2.556494222222227,2.4023661111111023,2.5648605555555584,0.005400333333333328,0.004582777777777775,0.0049193333333334,0.007457777777777687,0.003911333333333328,4.248154432664107,4.308460997067446,3.5858331716670446,4.0715449808256245,0.002480836905030451,0.002250214301827209,0.002096041055718469,0.0021166365892172257
2.654815757306375,2.404712301366828,2.125171352372485,0.0048529836648516424,0.0054499388820980444,0.00499422158017557,0.007458606511834556,0.00380542282475834,3.2305506657639462,4.10552255698489,3.644007470097039,4.073382735274203,0.0021007673211464687,0.002308496953283683,0.002096987136086656,0.0022016023470999885
2.654815757306375,2.708431159017676,2.658349149905551,0.004855539504389429,0.004293810423380376,0.00499422158017557,0.007605400600066671,0.004107678630959035,4.325942240018047,4.756330261673824,4.305887390029326,4.022005786149338,0.0025559102188134454,0.0021495939544326705,0.0021129257838935233,0.0025424881570042827
2.592086777777796,2.181078444444438,2.2002674444444463,0.00484666666666674,0.004733111111111102,0.005174111111111164,0.007785555555555688,0.004133555555555527,4.486779712800006,4.593850615199995,4.460557435950001,3.884726272350004,0.002555218049999999,0.001758475950000008,0.00178439415,0.002410808400000003
2.5811894444444383,2.3094997777777735,2.6932232222222234,0.00484666666666674,0.005387222222222161,0.005188777777777709,0.007312333333333341,0.0033018888888888638,4.411514468700005,4.516789268299995,4.385732067706251,4.786115342487502,0.0025123545437499995,0.002340772962499997,0.0023303706374999938,0.002370367350000003
2.580902677480274,2.3092431952005295,2.5197541384290605,0.005165870458837973,0.005175869347850223,0.004282857460282176,0.008084990556604795,0.0038490167759138165,5.293558500000002,5.555320366666661,4.978610844444434,4.682801044444446,0.0032001777777777808,0.0030224000000000023,0.0027978888888888992,0.002842144444444454
2.385772888888874,2.472974888888909,2.2382764444444474,0.005166444444444511,0.004315222222222224,0.005176888888888935,0.0065602222222222025,0.003455444444444468,5.141567014776136,5.585516042661938,5.018680824352858,5.009629296744811,0.0027362070881013162,0.003022064215087215,0.0025264637262526392,0.0032140095544939415
2.4238469058993326,2.387249638929016,2.2401334296189352,0.004958782357515765,0.004613376291523168,0.0049303410732140915,0.007641484279524447,0.0028589045661593904,4.56068062222223,5.586136655555567,5.662383588888893,5.010185922222227,0.0034995222222222117,0.002967111111111118,0.0029199333333333253,0.003214366666666663
2.499419555555556,2.8624967777777783,2.754601222222227,0.004841666666666633,0.004613888888888893,0.004930888888888893,0.007733555555555525,0.0035482222222222863,5.587942844444453,5.502794077777787,5.408850166666667,5.073341322222225,0.003380999999999991,0.0029591666666666703,0.0030331000000000017,0.003384477777777784
2.917298564043653,2.932626995979331,2.9121047673750726,0.005008960367604832,0.00546858127512931,0.005238828259620905,0.008422171165996658,0.003891786329695637,5.55787894444444,5.583730855555562,6.076325722222218,5.415130211111118,0.003283988888888878,0.0029591666666666703,0.0025375777777777875,0.003960144444444462
2.880151981619761,2.627932912119476,2.9121047673750726,0.005856519241815068,0.005809879379666888,0.005431016657093549,0.009351751866743302,0.003745548535324551,5.557261470947668,4.936168603488495,5.016691989778913,5.966624086212648,0.003636907010332179,0.0031713365181646543,0.002901777580268875,0.0033186868125763924
2.880151981619761,2.800979092475588,2.861605284319352,0.005133716255025845,0.006748305571510615,0.005974842044801765,0.00908776565192427,0.003433084434233218,5.354765611111115,5.504847055555549,5.121926266666666,4.995840333333335,0.003188011111111105,0.00336252222222222,0.0028928333333333293,0.0035389444444444604
2.904266544117645,2.801300896139705,2.861934053308819,0.004868451286764687,0.005785156249999951,0.005047909007352904,0.00883754595588232,0.00387557444852949,5.40066826666666,4.762355777777784,4.313814266666656,5.425358566666663,0.0030007666666666748,0.0037113444444444375,0.0028928333333333293,0.003181900000000003
2.5223514072372253,2.8703703618610015,2.8243412981045317,0.005434692705341687,0.006291671453187857,0.005113957495692122,0.007932107983917254,0.004231820792647946,5.40066826666666,5.6053392222222245,5.4743125222222115,4.479667933333332,0.0035688666666666567,0.0031127555555555595,0.002778366666666674,0.0037258777777777756
3.000610134436393,3.259755486613821,2.5391541997012506,0.004507181431690143,0.005780995059174987,0.0060853728599334364,0.00826749396759733,0.0036665517637596095,5.14274417777778,4.469307566666671,5.7442039888888985,5.38288649999999,0.0028268111111110976,0.0029421888888888884,0.0028580888888888787,0.0036916666666666643
2.6595076976102985,2.7042285156249983,3.1046362591911727,0.005444508272058813,0.006760684742647038,0.00516073069852943,0.009521254595588157,0.003806755514705831,4.309573566666665,4.7056057777777704,5.033735044444453,5.190559733333336,0.003316855555555552,0.0037007888888888896,0.0032229222222222146,0.002926788888888902
2.7875927840974453,2.8536727565207256,3.0142818568309773,0.00556038147765146,0.006563368953234565,0.004829828794668417,0.008403309203722805,0.004240032172813903,5.388189399999997,5.497776611111107,5.53374274444445,6.006284711111117,0.0025538444444444456,0.003246733333333332,0.002829733333333334,0.0035523777777777795
2.7625743825387885,2.8196708788052898,2.4819442848937383,0.0048274554853532875,0.007050660539919598,0.005778747846065443,0.008188397472716805,0.005224238943136127,5.117264011111113,5.475447911111107,4.686890100000003,5.05766272222223,0.0030173222222222326,0.0031187000000000007,0.0027136888888888897,0.0032387111111111134
2.7351040115568526,2.290202466940765,2.422232581397937,0.005095232803644849,0.005905322813645889,0.005159684409378748,0.007684520502278032,0.004235026114012643,4.965187411111117,4.651676588888885,5.08682613333334,4.984700522222218,0.00311503333333334,0.003501511111111107,0.0027136888888888897,0.0026630444444444355
2.234965996221796,2.726557061895755,2.6970655628403155,0.005086231803533652,0.005500166685187192,0.00471196799644407,0.006785309478831034,0.004559617735303868,4.965187411111117,5.402830699999997,5.08682613333334,5.370841188888882,0.002761711111111113,0.0033230555555555487,0.002871499999999993,0.003171655555555548
2.664147238582061,2.6367776419602245,2.2127374152683617,0.005086231803533652,0.004592399155461706,0.004185909545505075,0.007377264140460038,0.004559617735303868,5.025438499999998,5.276836144444445,5.329327888888893,6.03702141111111,0.0035055999999999933,0.002786033333333328,0.0031098777777777793,0.0031482333333333304
2.54791144444443,2.6364846666666737,2.691782777777778,0.00505366666666666,0.0052772222222222795,0.004686444444444524,0.006476111111111078,0.004117666666666686,5.146238866666674,5.276836144444445,5.953054211111114,5.003927977777775,0.0034776888888888783,0.0028780222222222255,0.0031098777777777793,0.0031482333333333304
2.548194577175227,2.5350628958773096,2.5436418490943398,0.004505945105011711,0.005073230358928754,0.004881209023224891,0.007814201577952975,0.0037730858984332126,5.146238866666674,5.454352955555556,4.792555955555558,5.938340422222212,0.0034328666666666734,0.0028780222222222255,0.0031616333333333397,0.0032583888888888957
2.525548716809262,2.15864381735361,2.9609063437395844,0.0053080768803466395,0.005072103099655579,0.004430063326297016,0.006716475947116905,0.004405399400066702,5.09482654444445,6.109539922222215,4.855365044444439,5.035121855555553,0.0034328666666666734,0.002901722222222215,0.002564088888888896,0.0027696555555555558
2.525829333333352,2.6729379999999816,2.414069222222224,0.005200666666666681,0.004774444444444489,0.005263111111111071,0.006658444444444535,0.003773333333333382,5.09482654444445,5.66999925555556,5.897018277777768,5.164865799999995,0.0035759222222222224,0.002495099999999997,0.0026965444444444365,0.0031802000000000037
2.4110932222222092,2.600032111111129,2.373271555555549,0.004359111111111129,0.0048676666666666165,0.0046735555555556104,0.007976000000000106,0.004184333333333395,5.169232666666675,4.877828422222223,4.753865444444441,5.1775600111110975,0.003950066666666676,0.0029541111111111066,0.0026965444444444365,0.0029783111111111194
2.5329732192465806,2.504239359928884,2.6875090565618382,0.005161240137793037,0.005134459384376096,0.004693521502389162,0.006662851427936546,0.0035670630070007547,5.431711744444439,4.770596011111113,5.62181925555556,5.733147055555552,0.0030722000000000037,0.0026298444444444397,0.0026890111111111024,0.0025302444444444405
2.4985545555555544,2.841861333333327,2.5562356666666677,0.003985888888888844,0.004603222222222314,0.004098111111111161,0.006918999999999898,0.0035666666666666442,5.4284654444444485,5.859118544444443,4.554407666666672,5.552805866666669,0.003124455555555555,0.0028388000000000102,0.0030179555555555474,0.0030318222222222306
2.4985545555555544,2.4055552222222207,2.5805953333333367,0.004094777777777855,0.004657222222222263,0.004488888888888889,0.006918999999999898,0.003519444444444433,5.444411561687503,5.122969078856246,4.567786239187505,4.628063484993757,0.0031336336437499993,0.002435990318750009,0.0025029531124999933,0.0025306230437500067
2.3625516053771634,2.448181202088654,2.873385623819574,0.0040943228530164084,0.004656704810576644,0.004488390178869014,0.006259415620486586,0.0035190534385068214,4.570040187850013,4.093861632671419,3.6162796010000036,4.0179879338500015,0.0024225666642857225,0.002471707507142866,0.0018561014214285739,0.0020250640571428695
2.4752723333333506,2.4484532222222195,2.3944136666666638,0.004247555555555573,0.004937555555555504,0.004796555555555532,0.007391888888888963,0.0035798888888888395,3.5210935567592,4.085531234484305,3.9348552245542767,4.009811927330175,0.002451929587000694,0.0020190024825095963,0.0018523245317084202,0.0024568269013766765
2.819972114209544,2.5484278413509744,2.593025774913901,0.004737029218975689,0.003997000333296293,0.00477969114542825,0.006053994000666764,0.003905232751916447,4.551896377792819,4.045328469871363,5.029698837734136,3.7717852290679406,0.0022086436470322825,0.0026063755359963855,0.002115515684946965,0.0017925073346874373
2.3807164129347615,2.5489942215801884,2.175679519946659,0.004665740637848624,0.005158906545171703,0.00429258806534062,0.00709345482831425,0.0032728080897877574,3.873559523809517,4.1827239675016985,3.9935605280974844,4.914886752426095,0.0022086436470322825,0.0024838411193861443,0.002533547731888971,0.0023249040848567
2.71335344444444,2.5555623333333544,2.629004222222218,0.0038662222222221295,0.005557999999999928,0.004352777777777798,0.005937999999999851,0.004359888888888818,4.981376066350704,3.5660395960279803,4.020124904084855,3.9976332430602564,0.0018855337395621823,0.0021263823064770885,0.002394403069284604,0.0019079665989618646
2.6472021111111292,2.5762354444444404,2.2878999999999983,0.004627222222222215,0.0047606666666666604,0.004352777777777798,0.006128222222222215,0.003530333333333265,4.411061272850362,4.347053802753328,4.020124904084855,3.870280625141062,0.0018663168584969493,0.002068697810877916,0.002394403069284604,0.002385781990521341
2.1724847777777794,2.5922043333333327,2.5154803333333327,0.004758111111111143,0.00482733333333327,0.004258888888888911,0.007577111111111121,0.0031312222222222236,4.148769800248277,3.6858771809050928,4.335496941654436,4.114218598352332,0.0023544859496670814,0.0023939961629612897,0.002420155738629963,0.002386051235752187
2.3450051111111003,2.5445035555555684,2.436788888888891,0.004758111111111143,0.00482733333333327,0.005175888888888894,0.006010333333333525,0.0031312222222222236,3.5112029000225595,3.675439076957803,4.335007718347998,3.375717264725799,0.0023197133829835313,0.0022680433310764943,0.002927499435793266,0.0026678063642518648
2.3450051111111003,2.5445035555555684,2.421990888888887,0.004586111111111082,0.0051163333333333035,0.004280111111111139,0.007238222222222233,0.003769777777777823,4.511567533979995,4.907089710732865,4.425729939420005,4.665754352125716,0.0019962389742857103,0.002916580628571416,0.003047620007142849,0.003063549132857149
2.5498565396155213,2.4980015557284,2.4818743193688175,0.0051340148905433865,0.005738748749861132,0.005053005889543302,0.007759973330370029,0.004424602733637094,5.197804980182499,4.815861285641257,5.262732951823749,4.579012628110001,0.002739023482499995,0.002862358049999988,0.0037923592550000006,0.003006594241250006
2.825353656024712,2.8214343975283067,2.7539290422245175,0.005576930998970062,0.0062392378990731474,0.00557775489186401,0.0074629248197733596,0.004659629248197777,5.816160095566177,5.631987720857878,5.072649549949992,5.53168402044671,0.0030482275808423154,0.0034633625958439707,0.00365538393154795,0.003380686742971447
2.505568074150361,2.771155612770338,2.646448815653972,0.00512276004119457,0.0071025746652935646,0.005235427394438755,0.0087660144181256,0.004357672502574669,4.800516677777789,5.303286233333324,4.734362266666672,4.831033899999994,0.0027641666666666743,0.003217399999999997,0.003410366666666668,0.0036870555555555593
2.886782102770056,3.1345307383379577,3.038724642158376,0.005039130882504394,0.0060259499536608275,0.005863865719287371,0.008755740912367438,0.004832046133250926,5.703238200000007,5.210828233333331,5.568093988888892,4.73464784444445,0.0033322333333333236,0.0027527666666666687,0.003304788888888867,0.003162822222222226
3.0745525231719815,2.6520367662203754,2.6186361483007228,0.00666096807415043,0.006191658084449077,0.00503656024716782,0.00875664263645728,0.004144902162718839,4.612408177777784,5.210828233333331,5.179149133333331,5.674133600000008,0.0030172888888888787,0.0032719555555555608,0.0033776222222222253,0.003722244444444461
2.7309853759011236,2.758837075180218,2.966115962924828,0.006650978372811489,0.006655715756951664,0.006054376930998954,0.008236869207002992,0.004144902162718839,4.93850967777778,5.598918055555563,5.179149133333331,4.971114288888891,0.003097688888888896,0.003399833333333326,0.0033776222222222253,0.0032368000000000028
3.0016853053238464,2.7665792400370632,2.463939141180108,0.006409123674183908,0.005908351354134542,0.005271135825352671,0.008118628359592171,0.004250643600041205,5.0191248194645075,5.598296022664156,4.934525341628711,5.0562189201199885,0.002616975891567606,0.003079446728141322,0.0034406510387734643,0.0037043106321519863
2.5168505664263665,2.4978842430483925,2.6512988671472684,0.006856951596292505,0.007004222451081387,0.005467044284243077,0.008119464469618906,0.00425108135942329,5.019682500000004,5.448862866666679,5.781905388888883,5.756640244444432,0.0027417999999999874,0.003034044444444444,0.0026122555555555694,0.0029254444444444467
3.0135185871691883,2.861304397075466,2.6714421789722964,0.006163319946452501,0.005952013180928874,0.0054664813098548315,0.008223457934301466,0.003834414581402538,4.987462162462505,5.10392514723859,4.920221491276798,5.589554761640182,0.0032508834314923887,0.0030317924213801506,0.0032725302811423647,0.0026663851539059907
2.8591724848110327,2.8789410977242436,2.718964988157758,0.006589125733704048,0.006093399237977497,0.005608176294923269,0.00692153228297816,0.0032279888785913123,5.148188611111111,5.1033580444444535,5.1109869222222315,5.5889337,0.002981766666666662,0.003031455555555553,0.002885622222222222,0.0032746222222222146
2.5865967459581762,2.8789410977242436,2.718964988157758,0.007008238080527195,0.006401194521676432,0.005668314282772092,0.008335186901451914,0.003540315106580129,4.341702366403728,5.128188512387519,5.898413020775472,5.235184957226981,0.0025733918453505066,0.002829407843572937,0.002885301633151872,0.0027916787023663956
2.64474177777778,2.5897907777777824,2.4399887777777725,0.006740222222222296,0.005314333333333248,0.004751888888888839,0.0068963333333332206,0.004024999999999995,5.232039977777767,5.392489144444464,5.15873604444445,6.165490677777782,0.003121588888888888,0.0030742333333333262,0.002894088888888882,0.0031285111111111147
2.5089999999999897,2.628632555555568,2.2793920000000045,0.006099000000000052,0.005314333333333248,0.004794666666666675,0.006591111111111264,0.003512666666666695,4.329799544393814,4.694993077008572,5.444639526614072,5.802557039671065,0.0029100122235804046,0.0030745749527725224,0.003175563951550191,0.0034922769196577405
1.973616487056987,2.628340517720265,2.674024108432397,0.0050571047661370555,0.005026885901566472,0.004794133985112773,0.006590378846794952,0.004053438506832659,5.472401799999997,5.585420255555553,4.76516913333334,5.560935088888884,0.002909688888888896,0.003213322222222224,0.002742099999999996,0.003246266666666661
2.470950005554943,2.4724139540051198,2.2991736473725077,0.0050778802355293876,0.004526274858349038,0.004436507054771641,0.006944117320297806,0.004053438506832659,5.466395255555556,5.245191711111112,6.002526533333335,5.560935088888884,0.0029418555555555457,0.002683233333333334,0.003583288888888877,0.0028375222222222283
2.5488308700966735,2.396170574508289,2.8085418379819918,0.004406711856872976,0.005646294032670241,0.005409378819868865,0.005623291476830745,0.004242249138793198,5.30075803333333,5.245191711111112,5.068593622222213,5.64614501111111,0.0035210777777777737,0.0032399999999999964,0.003576977777777779,0.002871155555555554
2.5482645261637553,2.3956381513165304,2.26406999222308,0.004688367959115581,0.005207754693922897,0.004280524386179267,0.006682257526941321,0.0052749694478391495,5.922629136131476,5.222869853431033,5.05365086608927,4.942990162114159,0.003361392405063311,0.0032006662225183206,0.003574594714634689,0.0033990228736397975
2.5093621417462955,2.476925461008677,2.493160630970899,0.00540368806931787,0.0052071761830704295,0.005144856698511414,0.0067365029993334425,0.0045663185958675955,5.149421155555555,5.206854466666651,5.8044811555555595,5.010040488888886,0.0028549111111111176,0.0032001222222222234,0.0033880777777777734,0.002960666666666667
2.178740082231375,2.5822316924102746,2.5410601177908743,0.004398599844427101,0.005183909323258198,0.004221246805200602,0.006738748749861056,0.00547649738859873,5.061504633333326,5.206854466666651,4.727188422222213,5.9029132,0.003021477777777791,0.0032001222222222234,0.003345400000000002,0.0032444111111111233
2.6863231111111268,2.581944777777785,2.5407777777777865,0.004667333333333307,0.0049441111111110875,0.004256333333333294,0.0064090000000000605,0.0047166666666667275,5.731545133333327,5.225196355555549,5.030613544444451,5.138144822222223,0.003021477777777791,0.0032915555555555493,0.003345400000000002,0.0032444111111111233
2.532435999999987,2.3783716666666552,2.4307629999999945,0.00440388888888885,0.0050727777777777785,0.005270999999999977,0.00693544444444447,0.004504777777777728,5.7147671111111125,4.308627299999987,6.071132999999994,5.038158866666669,0.00305688888888889,0.0030809111111111185,0.0034910999999999974,0.0032537111111111067
2.2563187423619593,2.344008221308748,2.6946560382179743,0.005006554827241418,0.005866125986001616,0.004549050105543821,0.007288190201088673,0.0047966892567492215,5.714132207532498,5.197945972669696,4.9515525830463245,4.372063537384744,0.0027004221753138646,0.003080568825686042,0.002903610709921108,0.003273702921897565
2.7991119999999987,2.344268666666671,2.3000262222222245,0.004299222222222257,0.004926000000000011,0.005447222222222258,0.007288999999999904,0.003910444444444414,5.6935071555555545,5.286964788888898,5.708958700000005,4.820554822222228,0.003372866666666684,0.0031143888888888844,0.003384477777777759,0.0029602666666666585
2.3017232222222095,2.453518777777769,2.6198971111111105,0.004259555555555572,0.005615111111111126,0.0047067777777778375,0.00736177777777769,0.004684111111111062,5.450798877653077,4.470561584620505,5.164439704411602,4.821090498944331,0.0033277141904656258,0.00362285809534392,0.002922391376819653,0.003597255250583395
2.487101988667947,2.1587763581824126,2.5361502055327088,0.004889123430729884,0.005731585379402291,0.004464281746472598,0.008241862015331622,0.004644039551160929,4.714491037777775,4.413815328662559,5.098885833427227,3.805849339652223,0.0027135409398831235,0.0030271114733091617,0.0023134727301850275,0.003056349969918119
2.8121769606754143,2.6613630304376787,2.870105532103975,0.005004998889135805,0.004986780715396556,0.0050584314596756556,0.008130526549655782,0.004076760719839991,4.151689542082078,3.5628261317653394,4.331671774738314,3.857079271726728,0.0023288361911911956,0.0026825197025597027,0.002344614018304023,0.002566982421707423
2.315759946654803,2.633882862858407,2.3354758835296665,0.004291064681040274,0.005796732607246012,0.004195487886196942,0.006737830629028696,0.004078573016225782,4.211456756147075,3.9428114369501546,4.350243661177535,3.9819641100834686,0.002362361831716675,0.0021931423415294383,0.0023145386871193264,0.0026039363861944517
2.735917111111096,2.13239044444443,2.244967444444443,0.005222999999999978,0.005996888888888879,0.005144555555555523,0.007684555555555485,0.003581222222222162,4.523471505922169,3.9432561985335663,4.35073438240271,3.07594353073886,0.0022974619289340033,0.0030145177664974696,0.001966429780033836,0.0022840383530738782
2.672558506500719,2.5794710523391395,2.760377597510836,0.0045020557839759905,0.005133014779419986,0.004187354150461186,0.006488943215912861,0.003581620180019942,3.8432273434856183,3.891536232374505,4.091706091370555,4.2396953637901875,0.0022974619289340033,0.002411460800902437,0.0024813310772701684,0.002699774393683016
2.2881743333333464,2.6524956666666846,2.482844555555567,0.004735000000000058,0.005333111111111184,0.004089222222222214,0.006559666666666668,0.003374555555555523,3.8262016807670642,4.799042492949806,3.8101334799774444,4.484220879864631,0.002357100958826852,0.002721128031584878,0.002261195713479989,0.00203727016356458
2.655005778419832,2.2556178464273837,2.311447605289472,0.005054339371041235,0.005308256472941407,0.004979219913323772,0.006655406156239539,0.00346627403044783,4.8907160406091394,3.8955945516074437,4.70805970671179,5.079142425267895,0.002992554991539766,0.0030863846587704537,0.002261195713479989,0.0022009362662154582
2.627141444444457,2.710856888888884,2.311190777777774,0.005053777777777787,0.005307666666666637,0.0040810000000000264,0.007543000000000078,0.004002000000000037,4.30005134799775,3.6561810039481037,3.9396780372250353,3.9151687873660297,0.0023101748448956525,0.002384094754653138,0.0022474111675127,0.002636875352509861
3.059420647680294,2.9516929260450184,2.625576711070292,0.006564193844740445,0.005857487367937557,0.006020440973817138,0.007961414790996843,0.00488677078548461,3.6212337017820904,4.485194789081886,4.319554094292814,4.831649063839383,0.0025080419580419504,0.0023112452064065025,0.002796514775547019,0.0019903676968192957
2.905040886642926,3.3379555530033445,2.70012220052832,0.005913632709314375,0.0056124956931204424,0.005266796830136667,0.007051682554266654,0.004576777305616215,4.775481971159996,3.693717995040001,3.815812124700004,4.81893018642,0.003187729259999987,0.002847928800000012,0.0025218115799999995,0.002717281319999987
2.5692566341183314,2.8187403790924797,2.917041010913265,0.006087191269385431,0.006340379092475594,0.005604709936817943,0.007553934520390537,0.004450430786904068,4.678492492264996,4.746566573112501,4.967718934934999,4.7210582793675,0.0031229868524999867,0.004097528972500014,0.0036803844250000058,0.0032454830724999864
3.1208197474167707,2.838991159586685,2.9153664753157265,0.0071626865671642025,0.005502296211251461,0.0056014925373134555,0.007549598163030956,0.004816991963260607,5.582500888888887,5.473635533333332,4.7186900666666665,5.184853455555558,0.004760055555555537,0.004306688888888898,0.0034958888888888943,0.003574033333333322
3.084545297967629,2.839317143185213,3.017842576644846,0.006199448846021448,0.005462739694568752,0.005581122976231528,0.008062234470088414,0.004391663796073045,5.245574155555564,5.473635533333332,5.57460765555556,6.060869477777772,0.004549766666666659,0.0034978777777777787,0.004007766666666668,0.0029971444444444393
2.6255343897117895,2.787974509128479,2.8771149385692794,0.0069377655299116695,0.005462739694568752,0.006480652198874759,0.009290618899988478,0.005042369962108165,5.245574155555564,5.475227699999996,4.738243922222224,4.914573922222215,0.004549766666666659,0.004051044444444442,0.0044942111111111,0.003686155555555552
2.9711710118295542,2.6795087860342206,2.8777758125645865,0.006527391753761271,0.00524543470770641,0.005534282760996948,0.007917193063052688,0.005113357069024994,5.378035488888887,5.146279422222219,5.111513466666664,4.972644077777786,0.004331655555555543,0.0033793666666666767,0.004718377777777762,0.003686155555555552
2.99473837142528,3.1308386355805573,2.8476308717124117,0.005574365453083665,0.00500677615711493,0.00544975307224069,0.007875617319398261,0.004716664752498002,4.329488844444443,5.146279422222219,5.108508277777775,4.38664635555557,0.004044299999999986,0.003496311111111101,0.005179011111111095,0.0036680555555555433
2.462152962792821,2.659715778594394,2.8473038585208967,0.006670877354157095,0.005006201194304053,0.0054491272393201295,0.008020326136885449,0.005594625631603027,4.951446422222212,5.41993757777778,5.108508277777775,5.4044878333333335,0.0045154777777777644,0.0037670999999999955,0.004712044444444436,0.003637522222222217
2.5473498888889026,2.351058111111115,2.7561711111110934,0.005010222222222262,0.004864555555555465,0.004333777777777807,0.006989888888888827,0.003913222222222185,5.621208077777779,5.40071987777778,5.1949465555555445,5.30887784444445,0.0038980333333333223,0.004067888888888893,0.004367888888888893,0.003637522222222217
2.4780357738028984,2.3791564270636525,2.801600711032111,0.005009665592711961,0.00448127985779367,0.004859904455060574,0.006989112320853177,0.003924341739806688,4.744563255555562,6.0098600222222185,5.787558066666662,5.213026577777773,0.004143188888888887,0.004033533333333327,0.004367888888888893,0.0036700555555555453
2.4783111111110987,2.7033074444444387,2.2583920000000086,0.004899888888888803,0.004416666666666637,0.005034555555555542,0.007049999999999952,0.004225222222222275,5.726241211111115,4.9385318111111065,4.619781944444444,5.823770244444442,0.004143188888888887,0.003263855555555547,0.003758122222222216,0.003115911111111101
2.4294829387573667,2.2375665221740606,2.6298799599866602,0.00443970212292979,0.004418139379793235,0.005582416361009148,0.007919751028120453,0.003869289763254475,5.4385421222222154,4.999648211111113,5.388363899999989,5.717703711111107,0.0029305111111111175,0.0028492888888888845,0.004205844444444443,0.0030654333333333273
2.365235359484377,2.710771974663849,2.169337593065888,0.005186576286253966,0.004539282142460338,0.0046514057117456944,0.007665296144015982,0.004884098233137014,4.6530235111111,5.582607255555552,5.217562433333327,4.841687688888894,0.0029002333333333387,0.003469788888888893,0.004055088888888889,0.003390233333333332
2.6537598622069076,2.313616401822428,2.2998389821091316,0.004472052450272197,0.005119568840982378,0.004670185576175135,0.006476497388598752,0.0042543615957328735,5.364889166666669,5.261927155555564,5.217562433333327,5.709276500000007,0.0029002333333333387,0.00291662222222223,0.00306146666666667,0.0026307222222222244
2.7482403066325927,2.5265096100433335,2.768789690034453,0.0049220086657038335,0.004474280635484947,0.00466914787245862,0.00778013554049549,0.004160982113098565,5.431721666666669,4.696981766666669,5.103083911111109,5.199078744444443,0.0032137777777777755,0.003769299999999994,0.003089777777777787,0.0030168222222222217
2.359209111111113,2.3831927777777717,2.4427593333333437,0.0049225555555555784,0.004959444444444492,0.004935111111111112,0.007999777777777656,0.004161444444444465,5.431721666666669,5.633619266666658,5.040689511111118,5.776157533333336,0.0034912444444444584,0.0038804000000000095,0.0030244666666666763,0.0027768777777777793
2.7618319813312646,2.7691269029892154,2.845630070007784,0.004772974774974959,0.0060240026669630305,0.004935659517724193,0.007636959662184753,0.0036670741193466343,5.042752100000001,4.616393344444438,5.040689511111118,4.758316055555573,0.0035677333333333384,0.003960622222222229,0.003674088888888893,0.0023780111111111183
2.2634269999999916,2.7312384444444433,2.689627111111122,0.004941333333333317,0.0049536666666666965,0.00524055555555552,0.0068726666666667005,0.004536777777777859,5.376751499999997,4.900605644444439,4.8649688777777875,5.131417677777769,0.0035677333333333384,0.003223266666666669,0.0036275111111111176,0.002941599999999998
2.4309674408267545,2.329774974997221,2.4834408267585397,0.0049418824313812474,0.004943993777086325,0.005517390821202344,0.007975330592288119,0.003938104233803781,5.968088322222208,5.133065499999996,4.27235736666667,4.44903348888889,0.0034541888888888917,0.0033191333333333446,0.003894455555555559,0.002705655555555572
2.7481376513720726,2.4986662593045232,2.4828890123319742,0.0052097544717254465,0.005186534829463388,0.004421730918786759,0.006479502277524768,0.0043162981890900246,5.544364077777779,5.133065499999996,5.445763055555561,4.812908333333335,0.0034541888888888917,0.0033344555555555695,0.0033550777777777863,0.0029944333333333456
2.7512348888888787,2.49894388888889,2.453635444444444,0.005235444444444484,0.0059027777777778375,0.0049866666666666705,0.006740666666666605,0.004316777777777701,4.693524655555564,5.084301288888889,5.7799092333333455,4.88873715555556,0.003477111111111116,0.0036477777777777776,0.00358221111111111,0.0028977555555555635
2.429712000000008,2.434463555555567,2.9191712222222277,0.004487666666666693,0.004868777777777784,0.005803777777777816,0.006928222222222323,0.003635111111111083,5.2668768333333436,5.192454322222233,5.094793111111115,5.6693012000000005,0.003132411111111119,0.0030272777777777694,0.00322108888888889,0.0025729555555555586
2.438604333333337,2.796605444444443,2.7259791111111253,0.0051916666666667055,0.0051253333333333775,0.004914555555555546,0.006928222222222323,0.004099444444444483,5.385482999999987,4.528784888888895,6.0865434222222285,4.8017123888888875,0.0036086666666666645,0.0036473111111111132,0.00399756666666668,0.002854244444444435
2.41027891987999,2.2946800755639347,2.2567159684409477,0.004857873097010764,0.005993999333259238,0.0058855428380931475,0.00710390043338156,0.004078453161462386,4.329882266666662,5.349712088888885,6.04526910000001,5.011006799999996,0.0033204555555555676,0.0027946333333333487,0.003292444444444453,0.0024681444444444377
2.409743361848687,2.398752471947565,2.749514498389068,0.004856793689590032,0.004970447728030204,0.0048112431952005656,0.006701477613598581,0.004077546939228976,5.1273494888888855,5.13373524444446,5.22621135555556,5.497748144444431,0.0027044222222222217,0.0027484333333333433,0.0036664000000000145,0.0027257222222222145
2.4844460000000104,2.401845888888905,2.651250444444461,0.00490311111111108,0.004709555555555609,0.005813555555555579,0.00603666666666669,0.0038672222222222693,4.233400939532501,4.991145748030015,5.081053335155004,5.345048189732487,0.0020968516700000067,0.0023308338200000067,0.002932986775000019,0.002650015287499992
2.8566602955884117,2.050940215579522,2.256870096677421,0.004150127791976839,0.004710078897655348,0.005526502944771718,0.007318590954550583,0.003868652072452484,3.2920901711942814,3.9809332388971517,4.174403351125716,4.241624337294281,0.002119104765714293,0.002355570080000007,0.0024441299428571545,0.0021243886628571442
2.35217686923677,2.5797814687256926,2.3689673369625366,0.004916120431063205,0.004968670147761294,0.004722475280524444,0.007644817242528628,0.0038677924675036,3.5363460306720826,4.161962889039242,5.359681596752367,4.381244846639597,0.0021696436626071347,0.0023518606224627895,0.0022536648624267167,0.0024813148398736906
2.549758084231586,2.366222469163227,2.761381375708406,0.004537726414045951,0.004088343149238807,0.005640071119013186,0.007646516279586641,0.0033417046338482656,3.710959873688954,4.846750253749862,4.169279936844476,4.430517209879329,0.002169888350062036,0.0018572685237397083,0.0028125972707792966,0.002584222397654217
2.5091138509385664,2.365171165167153,2.4191862712429346,0.0039282461401754735,0.0042523603243363305,0.0053263356658892124,0.00786726646673329,0.003704876152393674,4.610494248336524,4.519258678245175,4.2393708131273184,3.750242889365059,0.0020776812901770595,0.0021395173113792827,0.00270572910792828,0.002234972369459787
2.5096713698477853,2.431368959004548,2.365395733807356,0.004578713476280407,0.005007332518609053,0.005075880457726939,0.006490834351738552,0.004324297300300021,4.028087832656737,3.817349797022995,4.899484878213796,3.918400586377986,0.002466418583671623,0.0024697564276048773,0.0027054239963915263,0.0029630130807397404
2.656998505747118,2.9145994252873617,2.468411494252863,0.005058505747126432,0.005031954022988465,0.006585172413793127,0.009381034482758543,0.0043695402298850215,4.153394970113905,4.8031653997969945,3.8934114243825335,4.857489748505697,0.002314164881019514,0.0021315100936055006,0.002600947332807039,0.002783511898048951
2.7927955172413803,2.9145994252873617,2.993252413793089,0.005228505747126408,0.00512793103448276,0.006381149425287344,0.007849885057471247,0.004703793103448204,4.152926612539467,3.9694770861524624,3.5845973725755513,4.016858243121338,0.0018579273793414453,0.002131269733874602,0.002600654036986921,0.0027831980153360447
3.1625834482758686,3.040130919540237,2.892254597701145,0.005674022988505717,0.00512793103448276,0.006381149425287344,0.008573103448275866,0.005069540229884963,4.208050620207487,4.113908355886329,4.279089027965714,3.859824334686519,0.0022231844835363087,0.0021850811907983742,0.0022728912945421636,0.002607870996842592
3.0641466666666592,2.6382826436781537,2.5777873563218225,0.004683793103448267,0.005243218390804584,0.006533678160919512,0.009403448275862163,0.004365517241379222,4.528056859985307,4.474531311384993,3.475842320886144,4.152037498999659,0.0020644391249770313,0.002619286707182649,0.002956967278080528,0.0026700030828893965
2.6794257471264267,3.142206436781603,2.996642298850574,0.005419540229885085,0.005814942528735596,0.005681954022988461,0.00807816091954027,0.004243908045976974,4.666097850000003,4.610940537499999,4.7955339375,5.630936850000005,0.0027198749999999897,0.00269913749999999,0.0030471124999999852,0.0027514000000000045
3.204241522014024,2.594895275319015,2.9873636050120838,0.005649040119553933,0.005513622255431682,0.006780319576962804,0.008238992987699766,0.005640303483158949,5.242826066666668,5.097692400000007,5.2960094,5.8573267666666755,0.002417666666666658,0.002732588888888875,0.003158777777777764,0.0030637444444444515
2.6713398850574777,2.7473272413793235,2.5816643678160873,0.004792528735632163,0.005512988505747149,0.005831494252873595,0.008238045977011525,0.005126206896551689,4.513231844444442,4.423487111111115,5.2960094,4.834650833333333,0.002989377777777765,0.003081622222222219,0.003017811111111111,0.003258900000000006
2.5717480740485215,3.054759802230662,3.0832380131079584,0.005575370817523284,0.005510175922731953,0.006199034149706756,0.008434862596297655,0.0053948487984362345,4.672734166666667,4.823016933333334,5.037040877777783,5.53353728888888,0.002948999999999992,0.002802311111111113,0.0028612555555555534,0.003258900000000006
2.9760802391079544,2.9918907920450684,2.657099206805379,0.005748131969191889,0.004728704448787183,0.006127141050695497,0.009399471203586621,0.005039314863777435,5.729756172908094,5.702415668407599,5.091213134792753,5.488465173908219,0.0025660184464940507,0.0029320257806422965,0.003151539059895542,0.003091421269029883
2.878577824686146,2.4259441173203085,2.7660689923341835,0.004540717698033564,0.005019442284190671,0.0046324852794134095,0.0065076102655259845,0.004506832574158438,4.775109332296409,5.3419833574047315,5.746877069214533,5.1651276302632985,0.00295176091545383,0.0026448950116653726,0.00247766914787245,0.003049216753694028
2.698326111111126,2.426213666666677,2.259030111111113,0.0042641111111111725,0.0052020000000000035,0.004854999999999956,0.007873444444444527,0.004288222222222199,5.621498800000003,5.342576911111109,5.070680655555549,5.165701533333327,0.003346400000000006,0.0030734777777777778,0.002894999999999992,0.0030495555555555493
2.3411245693966087,2.2868760973441526,2.3429389932214706,0.0045519502166908015,0.005821646849649938,0.004855539504389331,0.006226136237359767,0.003935103900433381,5.342819202133569,5.137495510612284,5.415734459384368,5.479787031892434,0.0029868318702078005,0.002807134126013991,0.002797677519724401,0.003131114568285359
2.3600133318520293,2.58080502166426,2.8110636595933873,0.005146205977113735,0.004906565937118035,0.004565270525497157,0.00651638706810342,0.004419286745917131,5.437554122222234,4.201024844444447,5.415132711111104,5.47917816666667,0.003072511111111108,0.0022057777777777757,0.0027160555555555506,0.0030103666666666746
2.3600133318520293,2.444060104432835,2.4062155316075926,0.004435062770803289,0.005759693367403607,0.004565270525497157,0.007800355516053627,0.00420653260748803,5.438158362040237,5.36711891321259,5.393060417824198,5.425047783087013,0.003007111901322375,0.002696610734526065,0.0027163573730414436,0.00301070118902101
2.3152392222222162,2.444331666666661,2.488237666666666,0.004349333333333366,0.005786888888888934,0.004218777777777819,0.006894999999999899,0.0031540000000000274,5.301454477777775,5.300421877777773,5.111022933333333,5.334563522222219,0.0034216777777777863,0.0026867000000000145,0.002898566666666675,0.0030745777777777695
2.6974252388357947,2.4543789157964944,2.487684847811597,0.004823261497445023,0.0057856031992890924,0.004951010886469683,0.006893468118195856,0.003153299266829621,6.0306544717253665,5.299833007443613,5.110455104988334,5.3339708587934656,0.0028496500388845805,0.0023374069547828055,0.002488834573936235,0.0029305188312409797
2.6572294444444604,2.1587577777777875,2.38111766666667,0.004740444444444473,0.005511111111111097,0.0037997777777777726,0.006677333333333301,0.0032161111111111357,4.9855809666666655,5.024837911111114,5.319561011111107,5.3378668888889,0.003225077777777777,0.0026277333333333233,0.0029198555555555545,0.002930844444444451
2.265596711476507,2.279704143983994,2.380853127430289,0.004521053216309226,0.006268081324297301,0.003968225752694062,0.005742473058549095,0.0026057104766137196,4.957542817464736,4.903313098544607,4.6145382846350405,5.1467151316520425,0.0035178535718253566,0.0027264192867459073,0.003056693700699923,0.0029766914787245947
2.3172742526947463,2.4928382042449133,2.3842446938548623,0.005088898766529617,0.0061885765085008876,0.0046201800200021455,0.0070631181242360236,0.0034330481164573812,5.859333566666677,4.292239777777774,4.687997899999999,5.424005888888893,0.003233800000000006,0.0027267222222222124,0.003057033333333334,0.002575433333333343
2.4005006666666557,2.49256122222222,2.7795812222222294,0.004527111111111124,0.005045111111111093,0.0036245555555555324,0.006646111111110958,0.0031318888888889835,5.013474666666671,5.47598518888889,5.766543633333341,6.0020790555555585,0.0028394888888888803,0.0027864444444444434,0.003185466666666677,0.003259722222222224
2.4005006666666557,2.4774462222222207,2.3002091111111187,0.0046423333333333655,0.005252555555555619,0.004428444444444482,0.006646111111110958,0.0038364444444445316,5.571237318075772,5.683032096433728,4.737259437840252,4.778982035329405,0.0033804243972891798,0.0028036218197977996,0.0028364626152649905,0.0034926785912676415
2.551259028780968,2.5552108012001287,2.222902100233352,0.004047449716635192,0.00629881097899772,0.00455750638959889,0.006650961217913226,0.0038854317146350234,4.749455382735242,5.683032096433728,5.44613317409177,5.879588834573936,0.0033794578380179907,0.0028036218197977996,0.0030214309521164467,0.003089767803577378
2.5509755555555484,2.2045606666666675,2.7009023333333366,0.004848444444444371,0.004892222222222249,0.004557000000000046,0.006114888888888991,0.0033442222222222918,5.659859644444431,5.667401533333327,5.206333133333336,4.732911666666666,0.0033230999999999925,0.0029158333333333185,0.0033300888888889036,0.0036785777777777694
2.5320976558160124,2.6932564159537913,2.179154427285866,0.005136207088101288,0.005516498166870284,0.004887456949227794,0.005436284857238157,0.003925452727474682,5.520096055117235,5.353474641626854,5.045892243582615,4.698248549838873,0.0029085231692410167,0.0031059451050116506,0.0026976441826869675,0.0029966440715635113
2.150071349188714,2.2566193598577486,2.634501111358092,0.004662813958657466,0.006182484996665908,0.004155590131140214,0.006919093131807059,0.004286174705490061,5.43553831111111,5.352879811111118,5.860680777777775,5.6785214888888875,0.0035964222222222043,0.003105599999999983,0.0034962333333333332,0.0031497111111110864
2.3564416796267578,2.8073914685625465,2.567193290379915,0.004548211508553601,0.005578649189069123,0.0049805598755831995,0.006970784270162236,0.0035996445234391977,5.43553831111111,5.287143066666665,4.739328000000004,5.549271699999995,0.0031529777777777757,0.0031498666666666675,0.0031448666666666673,0.003636655555555544
2.7268899011221044,2.564174202866354,2.5674785023886226,0.004536718142428664,0.0056305966003777335,0.00431496500388849,0.006971558715698306,0.00489001222086434,5.358028225358366,5.283352805867313,5.799894277141908,4.839399133237015,0.0028601289032114605,0.0025961440160017822,0.002718057561951325,0.003041026780753408
2.689484444444462,2.06952144444444,2.433206222222225,0.004533111111111075,0.00456955555555558,0.0049428888888888925,0.007052333333333513,0.004819444444444463,5.216478633333332,5.282765766666662,5.069434788888891,5.065579922222226,0.003124033333333335,0.003000033333333337,0.0032904555555555593,0.003687455555555549
2.254762915231653,2.6140653260748743,2.4834996111543015,0.004532607488056846,0.005686590378846824,0.005901122097544736,0.006102766359293592,0.004520608821242048,5.216478633333332,5.160817611111113,5.1489730666666595,4.487506755555561,0.003124033333333335,0.0029307333333333276,0.0031199333333333185,0.003506344444444445
2.672577777777785,2.2500824444444385,2.4837755555555407,0.004539777777777686,0.005480111111111106,0.005705111111111075,0.007207777777777875,0.0045341111111111155,3.9114392902625017,4.112708651375007,4.929498089699993,4.296226780100005,0.0024726336875000032,0.002475059037499999,0.0029869461749999857,0.0026998613249999944
2.793277932528629,2.9709372743216833,3.022639740018583,0.005755699989683278,0.005373981223563371,0.005964923140410529,0.007784689982461399,0.004839574950995519,4.669357445944572,3.924714343721455,4.056459760430414,3.936017521063841,0.0024397015531418165,0.002784925388285455,0.00266001421175514,0.00257644909146279
3.1469158155369756,2.9709372743216833,2.578584751882806,0.005521613535541105,0.006117507479624465,0.005964923140410529,0.007089445991952824,0.004839574950995519,3.8373034913224418,3.9064631279813287,4.121342494671669,4.611577418045263,0.0024094083020399885,0.0022340809905612574,0.0023778443113772344,0.002542220643458842
2.735278861033736,2.9106434540389934,2.8781247291860073,0.004416382956772925,0.005483751160631399,0.005662024141132787,0.008379242752501813,0.005004539358299818,4.024819050035528,4.2435743529889365,4.285647447477932,3.947531289962446,0.002687942758550694,0.002136100679995958,0.002801755810413059,0.002542220643458842
3.148978233959165,2.9103432019806026,2.9255833505260833,0.005310088714668875,0.005531256447286936,0.006546729936042979,0.007878172065194963,0.00492232308644527,4.246984794965488,4.244005085261875,3.54124457978076,3.934699685343084,0.00244636622005685,0.0025511165245635467,0.0024630836378400234,0.0024110840438489817
3.0830201217624533,2.8675459704880732,2.6380777009596525,0.004793107006500888,0.005532968733876748,0.005780724383448594,0.00660241461149516,0.005297286141781039,4.246553760276057,4.316855455191319,4.484519019587941,4.348532030853554,0.0023871815690652744,0.001960397848371054,0.0020130721607632177,0.002466111844108391
3.000558489787482,2.5951868165875784,2.9804699814318067,0.00520136166701054,0.005638436146069735,0.006476377140499312,0.008139467711986759,0.004097895605529171,4.187532866423074,4.500831191636221,3.5167143016646354,4.348973416565172,0.0023874238733252286,0.0024309987819732043,0.002622614697523357,0.0028077446203816476
2.6554899938105874,3.075708892098205,2.8692669692593324,0.004678976686610299,0.006273983907571658,0.005289457396327682,0.006840416752630379,0.0044862801733031,4.103919701734805,4.498548128233748,4.470458871867711,4.2581906259511,0.0022474688038957103,0.002391752054377594,0.002098376788069398,0.002215785736025157
3.0492123181677386,2.9190218714536273,2.7348284328897257,0.005598163623233233,0.005236871969462459,0.005430001031672357,0.007966986485092262,0.004486743010419916,4.106002486804707,4.343478755582622,4.156615194884286,4.260351705237515,0.0027285525781567204,0.0023251319529029655,0.0023642915144133207,0.0023765225334957518
2.93736723746646,3.1934004538890135,2.7345463173096873,0.005589024138642517,0.0058542397359191475,0.0048656901175985244,0.006940891272952346,0.004093975655044337,4.283584813853352,5.3327068195948115,5.206015556494895,4.422686968609403,0.0024345938437382838,0.0020234690546494173,0.002161072119891266,0.0029617051462317123
2.7611390550856196,2.668371363730159,2.815841860944918,0.004989065401279172,0.005204043738394911,0.005873117392201366,0.00705797400453886,0.004890035073241112,4.995372522222226,6.16140137777778,5.357233877777781,5.471474266666683,0.0029819444444444494,0.0025025222222222264,0.0028611444444444573,0.0034245000000000005
2.1830028882470547,2.631004221284147,2.253063985780931,0.004746834036880775,0.005108309264607858,0.005203732503888036,0.0077554987780493415,0.00405443234836702,5.9727792976997485,5.031833625958442,5.454961629069905,5.3937298922102395,0.0026106567396377398,0.0029633181464607168,0.0033985665073897084,0.0032722746971885924
2.6927671963551636,2.2077756417379644,2.475788198688746,0.005499166574063791,0.005612401377930923,0.005506722969218877,0.006368818757639608,0.0037861984664962884,5.605122955555551,5.17033712222223,5.392141488888889,5.393130588888884,0.00294912222222223,0.0028878666666666587,0.0033835222222222345,0.0032719111111111274
2.55920933333333,2.697836666666667,2.281721999999996,0.004535444444444438,0.004896000000000061,0.004552555555555573,0.006901333333333427,0.004036999999999995,4.7169711634626035,5.1709116679631135,5.392740682298032,5.472906634070447,0.0025259251027892043,0.002434070452272479,0.0029560062229136677,0.003567640848983214
2.3418861111111053,2.6342411111110984,2.7253802222222325,0.005025555555555568,0.005572222222222263,0.005611111111111061,0.006901333333333427,0.0036348888888889284,5.475806367374158,5.4332881875763945,5.287968918768753,5.162034003778195,0.002731692410267796,0.0030861429047672017,0.0034418046449605625,0.003484731636848545
2.060137934867183,2.6351194842725225,2.8850952539735526,0.003998555073913487,0.004649327553628992,0.00486150939201951,0.0071601644992775534,0.006963765699677679,5.336728230196631,4.477866659260089,5.2867939451172115,5.160887012554159,0.0032071325408287864,0.0025705810465503883,0.003655260526608135,0.003827163648483516
2.0603685555555686,2.8301722222222203,2.6007713333333413,0.007327444444444393,0.005103444444444488,0.005684333333333354,0.007157777777777794,0.006952555555555505,4.669397064709802,5.658186190793875,5.169564331776739,4.866938937069155,0.0030947409384033896,0.002855081165221274,0.003658105403602382,0.0038301423171003034
1.6376685187242934,3.0006785198355246,2.9733043671519024,0.007850427825313921,0.0058570952328036415,0.00553239248805424,0.0076285142793644425,0.00795988443160351,5.494358750972328,5.831853950438935,5.355237081897994,5.8897144571619044,0.003000033337037455,0.0025090010001111327,0.0034999999999999884,0.0038523724858317452
1.3400529999999993,3.143983444444429,3.496390555555561,0.008268111111111094,0.005189444444444371,0.00553177777777779,0.0076276666666667365,0.007664000000000017,5.372818844444438,5.098262255555559,4.547516277777779,5.7960959111111165,0.0029997000000000066,0.003010633333333346,0.0034996111111111,0.0034057111111111234
1.0528139999999995,3.143983444444429,3.025485333333336,0.009035666666666664,0.006004666666666658,0.005131222222222201,0.007814666666666723,0.007482888888888953,5.4923728888888945,5.174724277777775,5.3598731444444425,4.87577371111111,0.0029914333333333396,0.0031888888888888895,0.0034046555555555373,0.0036372000000000197
1.0538238497443866,3.384020115581246,3.6969914425427888,0.008101133585241142,0.0050480106690375965,0.005208713047343844,0.007651366970437862,0.007853411869304288,4.515629755555561,6.191873433333329,5.250887422222222,5.184684400000006,0.003300511111111114,0.0027284222222222275,0.0034551555555555444,0.0035929444444444346
0.5456495555555547,3.383268111111117,3.1516168888888894,0.008786777777777822,0.005117444444444471,0.005307222222222229,0.007649666666666654,0.0077246666666666765,4.903972722222227,5.693192899999993,4.54235127777778,5.184684400000006,0.0026568222222222225,0.002860844444444427,0.0030057333333333115,0.004002466666666658
0.23303000333370374,3.626004667185239,3.682024780531184,0.009508834314923945,0.005118013112568089,0.005307811979108796,0.007700744527169586,0.007553172574730525,4.903972722222227,5.693192899999993,5.50521386666667,5.132291600000006,0.003312866666666667,0.0034628222222222206,0.0035841444444444297,0.0032562555555555625
0.005118986779256151,3.7051312076436176,3.7527866903677207,0.009865348294633997,0.005261193200755443,0.005006665926008237,0.008585268303521772,0.008288634596156003,5.160054171758684,5.42400371069881,5.595593156315966,4.4162073214087325,0.002767025886012673,0.002810509943339626,0.003475447172536366,0.0033501388734585055
0.005753111111112554,3.705542888888911,3.224776444444438,0.009866444444444511,0.006382111111111064,0.005769555555555547,0.006672000000000012,0.005385000000000023,4.408383283383284,6.258475857475852,5.590624264624266,5.442463258963258,0.0028346653346653337,0.0033143856143855997,0.0025919746919746906,0.002630935730935722
0.004836315146120569,3.6183990443382683,3.945234137126344,0.007731747971996879,0.005863429269918874,0.005392932548060857,0.007863207023002663,0.004474608289809984,5.412186745917121,5.754078002444166,5.488872191978666,5.600133962893016,0.0030062993000777656,0.0031046105988223487,0.003333851794245096,0.0033779357849127857
0.004997555827130541,3.0717421397622684,3.8833848461282194,0.007301299855571663,0.0051092100877680666,0.005030441062104194,0.00617920231085436,0.0034672814131762697,4.585323966666664,5.391840600000002,5.25139525555555,4.575390466666669,0.002574233333333333,0.003104955555555551,0.003238922222222229,0.0035139888888888813
0.005972774752767262,3.4486876319591127,3.806886098455366,0.006053561506834114,0.005485165018335393,0.005031559062117995,0.007483609289921051,0.004385487276364025,4.795528369818874,5.392439759973331,5.251978808756522,4.86474246027336,0.003074419379931099,0.0031832981442382383,0.003645338370930104,0.0035143793754861567
0.0054621111111272415,4.2018521111111165,3.8064631111110936,0.006398000000000003,0.005697444444444422,0.0051911111111111715,0.007357222222222189,0.0037086666666666566,5.004193533333333,5.656922911111107,5.58099958888889,5.917651299999995,0.002605711111111103,0.0025844111111111073,0.0031025888888888873,0.0035472666666666445
0.00568455555556587,3.87378522222222,3.8580706666666633,0.006398000000000003,0.005697444444444422,0.005048777777777779,0.007077444444444581,0.004561333333333393,5.585805840550738,4.636682633799686,4.7020026315789405,4.943326104819011,0.002875460803908507,0.003124194981123687,0.002899389296024884,0.003190417499444809
0.004644666666662387,3.87378522222222,3.8580706666666633,0.006352888888888902,0.005599999999999976,0.004466888888888873,0.007077444444444581,0.004607111111111056,4.544184622222224,5.0429485888888905,5.718801711111102,5.615216055555553,0.0028773777777777797,0.00296044444444446,0.002901322222222234,0.0036279888888888934
0.005529333333318695,3.809696444444449,3.728639999999991,0.00638011111111108,0.005599999999999976,0.004938333333333292,0.007275666666666681,0.004256888888888829,5.478944266666664,5.635802977777777,5.496787599999996,5.257342233333336,0.0026295444444444406,0.0026823666666666644,0.0030581111111111225,0.0036279888888888934
0.006169588632981721,4.110288415262967,4.377799472900196,0.007042167984416165,0.0059831557236164025,0.0050414804629311406,0.0085895496734273,0.0048666208319009885,5.174566807423051,5.643900655628404,5.086081242360261,6.023591976886315,0.0030085120568952074,0.0026826647405267224,0.0030723080342260323,0.0035418268696521876
0.0055155820348422435,4.10981748395966,4.377297891842348,0.008285747021081487,0.005755384967919388,0.005250916590284199,0.008588565536205323,0.005580545371219097,5.4552507651378335,5.0642452560751,5.361965478759855,5.263065291189607,0.002595740938047565,0.002293748764393001,0.0032389591975907467,0.003733946136889867
0.00703231350979813,4.2709299873954185,4.150054314197335,0.007054657958061191,0.00511573278331615,0.00603918872464768,0.00977884725564325,0.006800160421679893,4.48758820180067,4.447934500100529,4.58757633036577,4.437687888864628,0.002007733824934173,0.0018743579605249691,0.002507537926234354,0.0030068044624742283
0.007072075169033502,4.663230434284391,3.9183070929299872,0.00834066689584052,0.006899736450097423,0.005424773690844556,0.010977655551735884,0.006800160421679893,4.902951007682889,3.440912927290951,3.511926945774417,4.720016434695461,0.0023417214118694957,0.002193575325687567,0.0022516868945551753,0.001962899454403754
0.007264924945558067,4.371898017646383,4.11367296894695,0.00834066689584052,0.006539131431190556,0.006759482067147892,0.010844963905122105,0.007137962644665921,3.873446409085843,4.452917447945665,4.504674601937432,3.7131442378354245,0.0018408195078499028,0.0021901347288720615,0.0018448168355417079,0.0025861596704153346
0.007264924945558067,4.222668500057292,4.11367296894695,0.008316718230777979,0.006448951529735317,0.005888392345594055,0.01049467170849095,0.008364271800160387,3.8071317523936785,3.4350463482520652,3.3599233800935253,3.651904052549555,0.0022952905811623255,0.002189890892896903,0.002249922066354931,0.0019430527722110996
0.0076098315572380466,3.7846550933883347,3.9756318322447433,0.008316718230777979,0.006448951529735317,0.006597456170505336,0.009433253122493393,0.00710461785264119,4.220957676024957,4.497757765151523,4.306384291443849,3.654345164884146,0.0017145276292335058,0.0024043449197860994,0.0022898507130124754,0.0026359625668449255
0.008393446379456477,3.9463564390467347,3.9751763290558983,0.008162236480293255,0.008512832263978006,0.007654330889092557,0.010875229147570931,0.00902944546287816,4.218607738559183,4.335637423449506,3.2881778977842133,4.036881527669529,0.0022240285046208593,0.0021046654047433442,0.0022885758824184367,0.0024371562186838846
0.007481209899173851,3.256970439963321,3.5254688359303312,0.008339252978918384,0.009635999083409695,0.008202108157653553,0.009943629697525243,0.009703253895508726,4.1104242262302515,4.457957726564237,3.680288721888223,4.272327510576695,0.0021733800935203737,0.00234896459585838,0.00211175684702738,0.0024368848808728537
0.00692811111108919,2.46237833333334,2.388136222222228,0.006789999999999926,0.00832255555555555,0.008453777777777758,0.009711888888888964,0.008210666666666614,4.142686482574325,4.307636232045427,3.0713733659948828,3.505603117692901,0.0017941877296514842,0.0023492261440819467,0.0021727424562966186,0.002612949560182597
0.00692811111108919,2.463344555555548,2.388871888888894,0.00667700000000002,0.008427444444444494,0.007487777777777736,0.009711888888888964,0.009457999999999918,4.319588174440009,4.2323447813999975,4.188589321500001,3.818550954380001,0.001807605259999995,0.0024114166799999986,0.0018116639999999902,0.003056800100000004
0.006273080768804067,1.6814280635484982,1.8894795022775122,0.006676258193534072,0.00842650816575941,0.007195644928341289,0.008214309521164406,0.008020997666925806,4.272690820932861,5.310965362117312,4.8903425966317515,3.7770933137992913,0.0017879802634826844,0.002680287694663156,0.0021459788657667636,0.003023612715207478
0.005210999999993268,1.302052777777792,1.503056666666655,0.005661999999999958,0.007694666666666628,0.008119555555555498,0.008384666666666658,0.008616222222222211,5.458904511111115,5.453238766666664,5.727144411111113,5.0267646666666765,0.0022777444444444426,0.0030403444444444296,0.002646155555555539,0.0036454222222222256
0.005316631485393496,0.7687428063548593,0.8681049883346276,0.006762804132874106,0.007050883235196077,0.006824575047217006,0.008178980113320631,0.008252305299411249,5.458904511111115,5.272378333333339,5.524067155555556,5.0267646666666765,0.0026671666666666684,0.003121522222222216,0.0031192222222222086,0.003622755555555558
0.006129777777788251,0.1610818888888793,0.8682014444444425,0.005674111111111183,0.007399222222222237,0.008136111111111196,0.00737622222222218,0.007064111111111161,5.489248388888882,6.035166855555553,5.524067155555556,5.205281255555548,0.002561933333333328,0.003121522222222216,0.0027147222222222186,0.003622755555555558
0.00479775530614727,0.1610997888654199,0.2810560062229138,0.006599399933325948,0.00804111567951995,0.006928769863318216,0.008235137237470713,0.00774852761417932,5.3536585287254095,4.978132492499161,5.586016379597737,5.20585968440937,0.0029957106345149358,0.0029081342371374604,0.0028787087454161505,0.003340782309145457
0.005063007000779874,0.00480108900990898,0.282254806089571,0.0061149016557395346,0.005021113457050786,0.006743749305478354,0.00683553728192018,0.006102122458050893,5.353063677777774,5.146416122222216,6.1838448666666785,5.2071357,0.0024859999999999917,0.0029078111111111122,0.0033306555555555496,0.0032793999999999944
0.005062444444446455,0.005502555555570629,0.005605666666674046,0.00519433333333335,0.005262555555555536,0.006458666666666662,0.007518888888888854,0.005448000000000046,5.423257128569825,5.275174841649077,5.0518657517502,4.95649077675298,0.002615512834759418,0.0028741526836315126,0.0032473385931770155,0.00327976441826869
0.005071333333338165,0.005155999999993179,0.005829888888885964,0.006484000000000083,0.005800777777777791,0.006094777777777832,0.00680611111111102,0.0065631111111111,4.6799438506832525,4.630194867236976,5.94046957004777,5.746275247194768,0.0026149316742584165,0.0031988556827019297,0.0027947561382068694,0.0033227752471947686
0.006100222222231525,0.004955000000008012,0.005094222222219793,0.006092333333333342,0.005792666666666632,0.006094777777777832,0.00680611111111102,0.005510444444444534,4.881206977002552,5.759992345294973,5.727633707365855,5.4683812020886595,0.002641373180757699,0.002648483501833127,0.003393411843128553,0.0028256527052549696
0.00528444444444176,0.004955000000008012,0.006146111111118242,0.006092333333333342,0.005792666666666632,0.00630255555555554,0.006983666666666722,0.005510444444444534,5.796964662740302,4.6064477386376295,4.961575797310815,6.205906689632187,0.0030120791199022058,0.0029045449494388195,0.0035011556839649035,0.0036709189909989934
0.005936555555561225,0.005147888888889915,0.0052115555555600525,0.006111222222222206,0.0059675555555555905,0.006254444444444415,0.007130666666666644,0.006047111111111114,4.719322641509437,5.381347014428413,5.443815904550496,5.051116537180906,0.0025670255271920002,0.002613063263041062,0.00361398446170924,0.003126226415094334
0.005619957773096669,0.005148460940105481,0.0057708634292786875,0.005010223358150867,0.006967996444049364,0.006255139459939963,0.006161906878542026,0.005165796199577724,5.864649816687044,5.343426552605267,5.30980539940007,5.900108132429717,0.002770792134207303,0.0024482613042995285,0.003144583935118346,0.002946405954893883
0.005423222222210219,0.004787555555569472,0.005770222222230991,0.005896666666666661,0.005678999999999965,0.005976666666666594,0.007548444444444395,0.006294888888888887,5.732998855428381,4.581740826758537,5.310985487276366,5.585177930881208,0.0028020668963218112,0.0028818424269363234,0.003810645627291929,0.003367374152683612
0.005422619708909229,0.0058201310965649055,0.005550827685830645,0.0049715587156982976,0.00582301966448168,0.005976002666370331,0.007659482279746792,0.006770247750250006,4.873026088888891,5.435698811111109,5.41894048888889,5.584557355555556,0.002368311111111114,0.002340944444444434,0.003616844444444462,0.0034525333333333443
0.005503055216099368,0.005516498166861304,0.0054929452283078665,0.005470058882346462,0.007094211754249454,0.005961782024219543,0.007659482279746792,0.0063166314853904905,5.607185398377606,5.4843352372485805,4.821027003000327,5.352223691521285,0.0027733970441160068,0.0029336259584398262,0.0031649294366040835,0.0028658184242693744
0.0055042782531515054,0.004815646182904084,0.005494166018446393,0.00680431159017673,0.005764418268696494,0.006352039115457266,0.007257250805645063,0.006897099677741957,5.491417398066888,4.639625974891672,5.667070092211975,4.731663926230426,0.002601855349405613,0.0027572603044106253,0.0031364181757582528,0.0033505832685257237
0.005146222222214824,0.005250777777771672,0.005459888888885366,0.005513888888888868,0.005872888888888915,0.006413555555555562,0.005960777777777753,0.005781222222222265,6.302990743415944,5.712766062895874,5.612960928992113,4.961341337926434,0.0030164129347705106,0.0024324591621291206,0.0035248805422824856,0.0029470163351483394
0.004791421269035393,0.004486054005993883,0.006231025669515434,0.0059202133570397065,0.005973663740415607,0.007221913545949536,0.0073899322146905025,0.005706967440826695,5.129190533333334,4.582208299999994,4.635983633333332,5.027592377777783,0.0024748111111110955,0.0029776888888888853,0.00321688888888889,0.0029466888888888794
0.00479088888889439,0.00537711111110184,0.005954888888886166,0.006843333333333313,0.006694000000000027,0.006093666666666664,0.007923888888888718,0.005706333333333271,5.289673758471283,5.281261404288407,5.54467716920342,5.244761926452613,0.0025883790689923453,0.0024190201088768013,0.002746139317853571,0.0026974669481168753
0.0052559173241421495,0.004346149572154762,0.006818090898981271,0.006086009556617418,0.005522613623735997,0.006467718635404008,0.006445716190687813,0.005502278030892269,5.294379350606028,5.42646548426554,4.946719170465919,5.249427565884573,0.003026731902590914,0.0030207717113310373,0.0028684087623707267,0.003164038696764148
0.0062356658623436275,0.006494771917712734,0.006726531081222268,0.007330345857750198,0.005950706652878354,0.007546478225899115,0.008368608525795705,0.00644662759967823,5.049067099999993,4.636543288888883,4.294766333333327,5.435914433333339,0.0024337333333333392,0.0025282111111111045,0.002866177777777772,0.002745266666666678
0.005598184534081828,0.006413995174069117,0.007566241525918776,0.007525106285188987,0.00712892106170287,0.007351487992646207,0.007979202573825289,0.006405262553142588,5.024797189201203,5.578514053993996,5.351392345294964,4.580351027663588,0.002437751360959893,0.002733985112765262,0.0027683257415842765,0.002867359182313086
0.006460415948528139,0.00534551304146479,0.007311386878086485,0.007525106285188987,0.007462828909571456,0.007351487992646207,0.008482592209582916,0.005929334712168226,5.024797189201203,4.7241419175647215,5.2978789912231985,5.554994978335738,0.002757515831574269,0.002733985112765262,0.002926941450949891,0.0028249750027774657
0.0062567225924926185,0.005694782808542708,0.00613238336015875,0.0070330958400367455,0.006148816364054313,0.006980349344978216,0.009540795219489771,0.00544150769937946,5.179353582935229,4.760065614931674,5.2978789912231985,5.420948972336406,0.0026449283412954207,0.0027515942673036254,0.002926941450949891,0.0028249750027774657
0.006255284926455741,0.0056934742646988345,0.007390395220581028,0.005653262867647044,0.007933019301470655,0.0069528952205882445,0.00840085018382358,0.005704963235294083,4.62227478115376,5.003801383197499,4.678662916058746,5.698524802038748,0.002448017823750002,0.002515953112499994,0.0026064517462500067,0.002459369568750004
0.006281397219362129,0.005978513156402394,0.006338618867055975,0.007447431920027509,0.007264506492014227,0.007030219464552443,0.009916695392393565,0.006956681604044601,3.8475300030008017,3.956129574638924,3.879113348772727,4.721241158798747,0.002053997212337026,0.002567273072214168,0.0022437749762278855,0.0022015531478156276
0.006544347426457369,0.005977826286784241,0.00703630514705743,0.007623046875000006,0.007043772977941133,0.00619439338235295,0.008438648897058953,0.005679227941176513,4.262764707175035,4.4075314141303155,4.667476123502913,4.468124876387205,0.001893846830018691,0.00227939786836612,0.002139017690363686,0.0025260850455993884
0.006545099391001372,0.006206250718162494,0.00623417212454277,0.0066686200160864725,0.007319659887395083,0.007334367459496672,0.008136849362289028,0.006568424681144475,3.9378998131868124,3.7160641978021993,3.768671835164838,3.5251185384615398,0.0018304175824175794,0.002279648351648359,0.0027869560439560417,0.0023882197802197803
0.006359489889702233,0.006205537683842852,0.0066576286764848365,0.007246208639705869,0.007318818933823461,0.0060427389705881695,0.009196231617647162,0.005609834558823566,4.64672375247307,3.65945917784128,4.294170092327986,4.362794152561002,0.001689052539019552,0.002163772257639046,0.0021152341173884307,0.0019299296548692029
0.00442528607931708,0.005204199533394156,0.0055442728585931465,0.007076102655260586,0.006921008776802568,0.006412843017442513,0.007245528274636211,0.0057005888234640725,3.7556341391055934,4.465626469618727,4.292754587407979,4.248741303153503,0.0016884957696956244,0.0021630590045050033,0.0025177013514998355,0.002879309965937814
0.0053047005222658095,0.00517613068118113,0.006106345149443973,0.00600222246916329,0.005783087009667756,0.006556172908100902,0.00769407711967992,0.005613290365596146,3.914614361059221,3.533496439951657,4.287786660806502,4.248741303153503,0.0019237226678387007,0.002107768377101405,0.0022784089660476806,0.0023426546533348064
0.004470333333327087,0.006205000000010033,0.006301666666660014,0.00726722222222224,0.006132888888888842,0.006555444444444448,0.0062365555555555915,0.0058268888888889005,4.769523349082512,4.515611097681569,4.052467531040532,3.8815229645093936,0.0016074717064058915,0.0024600153829249477,0.002293912756839905,0.002453433688605633
0.004552605266081049,0.005217420286648307,0.00630096655926454,0.007380291078768976,0.006132207532496343,0.006769470058882272,0.006336629263415186,0.005826241528719043,3.8916970659340557,4.014189978021984,4.052912857142845,4.166776307692315,0.0019269560439560355,0.0018570219780219836,0.0022941648351648327,0.0024537032967032824
0.0053099233248241375,0.0060872319146630955,0.00608578730972327,0.007381931325702805,0.005667629736637369,0.006554506056228436,0.0077243027003000685,0.005956217357484199,4.124207592718754,3.9728596445015634,3.5314788300952116,3.2504056715146152,0.0024449620277386553,0.002357581422141927,0.002517843973424784,0.0023138371407139804
0.004492444444445533,0.0055931111110870315,0.0067741111111243105,0.006607444444444512,0.0056669999999999655,0.005573111111111078,0.007083222222222179,0.004745777777777763,4.0857280493099974,4.5852041532450025,4.153166141850001,4.137592307444995,0.0024221501249999983,0.002756048025,0.0027851491200000084,0.0029548894650000004
0.004620888888894115,0.0055931111110870315,0.006059777777788137,0.005961222222222161,0.005722555555555589,0.006825666666666644,0.007083222222222179,0.005629222222222237,5.21890158906545,4.764130358928773,4.315233137015225,5.150172263584843,0.003631714634959438,0.002863595955106123,0.0034050450050005653,0.0030701966885209476
0.005533555555555521,0.005439111111096888,0.006842666666670994,0.005961222222222161,0.005884,0.006606555555555597,0.006664444444444387,0.005752777777777792,4.471627666666665,5.492405900000001,5.419235466666663,5.149600022222224,0.0035924111111111136,0.003631322222222221,0.003471377777777772,0.003071000000000012
0.005180888888895021,0.006161444444438126,0.0055699999999837425,0.0061285555555555945,0.005884,0.006606555555555597,0.007255444444444395,0.005752777777777792,4.785468770136652,5.576479102321966,4.2961603821797585,5.373065692700812,0.003299644483946241,0.0036984557271414263,0.0034709921119875507,0.0036373291856460427
0.005180888888895021,0.005880555555551029,0.006435777777773587,0.005056444444444432,0.005867333333333274,0.006484777777777772,0.007255444444444395,0.005436999999999989,5.393572311111107,5.4041707888888855,5.412774966666659,5.031330988888883,0.00395596666666668,0.003698866666666664,0.0036188222222222027,0.002677055555555554
0.0053132985223978,0.005976335962675426,0.006019108987900528,0.006348739028996705,0.005866681479835515,0.006331074325075015,0.0071276524830573024,0.005705810465503786,4.508751799999998,5.4041707888888855,4.360578033333328,5.031330988888883,0.003985844444444441,0.0034998111111111266,0.003293055555555547,0.003520533333333334
0.006043222222236485,0.004947555555544467,0.0059351111111077956,0.0060462222222222,0.005835777777777848,0.006331777777777801,0.007128444444444308,0.005318777777777722,4.466401955555558,5.103653455555548,4.592730666666672,5.151624055555546,0.003985844444444441,0.0036745333333333464,0.0039025666666666647,0.0034406111111111234
0.005051666666683256,0.005594999999983783,0.0059351111111077956,0.005150666666666699,0.006399999999999986,0.006339777777777834,0.00715233333333328,0.005318777777777722,5.094872858571271,5.227097466948117,5.631990767692484,4.866898277969098,0.004196211532051997,0.003674125097211434,0.004433229641150981,0.003782501944228431
0.005549666666663851,0.005763444444457693,0.005803111111112634,0.006153888888888916,0.005847111111111088,0.006454777777777822,0.006944888888888754,0.005262111111111128,4.8795231222222215,4.429158977777778,4.992855633333332,5.781602899999993,0.0036286555555555514,0.0036664888888888933,0.006091088888888893,0.003380700000000002
0.005549666666663851,0.004949000000023161,0.0060148888888862636,0.006232222222222244,0.006678444444444469,0.006454777777777822,0.006939111111111155,0.006309666666666659,4.87952312222222,4.8698264555555575,5.171038433333326,4.828391677777785,0.004283555555555549,0.003644155555555543,0.00578897777777778,0.0033078444444444633
0.005244444444441696,0.00579333333333428,0.005283333333333455,0.0056000000000000745,0.006728999999999986,0.006314444444444413,0.006939111111111155,0.005426222222222185,4.995738840128875,4.869285423841798,5.7795509943339525,5.1006408843461815,0.00361783135207199,0.00364375069436728,0.006160704366181536,0.003307476947005907
0.004331777777780291,0.005749777777787637,0.005619444444442303,0.006757555555555585,0.005580555555555576,0.006645444444444396,0.007605222222222313,0.005609444444444458,5.67743609598934,5.232024652816357,4.675191900899894,5.1006408843461815,0.003237184757249187,0.0037731363181868513,0.005439173425174989,0.003328563492945218
0.00493933333331774,0.005027444444446398,0.006397000000005291,0.005455222222222192,0.006475444444444515,0.006645444444444396,0.005988777777777917,0.005609444444444458,4.648026944444448,5.095978777777774,5.8170670000000015,4.774137855555557,0.004016566666666659,0.003576700000000006,0.006161555555555558,0.003179900000000013
0.005886444444437681,0.00509211111110138,0.005531222222215446,0.006598222222222185,0.006464555555555585,0.006757666666666711,0.007141222222222195,0.005894888888888931,4.925824655555556,5.127259344444445,4.700929766666676,5.166530077777786,0.0036498444444444385,0.003576700000000006,0.00560642222222223,0.003549777777777787
0.0048751111111060815,0.005043555555554728,0.005876444444437665,0.006396444444444526,0.006464555555555585,0.006576888888888929,0.007173888888888888,0.005380555555555648,5.843998288698742,5.127829103233695,5.830138226469622,5.787935481720195,0.002998955439493277,0.0037599511056783962,0.00606429603289255,0.002706600733414831
0.004927000000002914,0.005043555555554728,0.004968777777776268,0.005434000000000063,0.006155666666666646,0.007516000000000054,0.007173888888888888,0.004854555555555646,5.588271452383594,5.48422918102012,5.819841460162246,5.064149094343826,0.0035920213357039715,0.0036254583842649,0.005456006222913653,0.00261592399155462
0.004927000000002914,0.005595444444452369,0.006105999999994715,0.0062277777777777705,0.005591444444444507,0.006288666666666684,0.007023000000000027,0.005702666666666683,4.95861353333333,5.597372988888886,4.779308933333339,5.163857455555557,0.0027657555555555633,0.0036250555555555368,0.004924244444444441,0.0030792222222222328
0.004731222222214153,0.005350222222205048,0.0060154444444277845,0.006299777777777769,0.005938444444444456,0.006189333333333282,0.006769444444444557,0.00533577777777773,5.1941482279746785,5.596751127652481,5.794498411287643,5.041210609932227,0.003129863348516828,0.003171036551494284,0.003032263081879781,0.0030788801244306294
0.005497933884301191,0.006530303030284011,0.006436639118465968,0.006360422405876903,0.00700975665748391,0.00747555096418727,0.00732679063360866,0.005314049586776848,5.195302611401276,5.1054370152239095,5.712948727636402,5.800188232025776,0.002978586509612183,0.0030364707189687676,0.0030329369929992123,0.003351594621624612
0.005643595041336659,0.005658057851243598,0.006436639118465968,0.007425160697887904,0.005986570247933879,0.007389921946740131,0.008445592286501317,0.006333792470156108,5.049818377777783,5.875870911111108,5.103159222222223,4.675701699999999,0.0028985333333333414,0.0034288222222222256,0.002725433333333329,0.003802477777777769
0.006598025711654765,0.005716712580348328,0.006449954086318873,0.006229338842975186,0.006995179063360862,0.007232552800734647,0.006881772268135836,0.005990587695133095,5.465775763973776,4.784818135348371,5.726207223024778,5.385684498277592,0.0031529614401600145,0.002531659073230369,0.0027257361929103195,0.00368352039115458
0.005365932047747887,0.006809113865926818,0.005646694214869504,0.006862947658402257,0.006070707070707,0.007232552800734647,0.00850103305785108,0.005990587695133095,5.465168455555555,5.012662877777781,5.219965255555557,5.627772577777777,0.0023735888888888855,0.0029499111111111038,0.0024595999999999997,0.003265411111111103
0.005238980716258435,0.006498278236937288,0.006907139577602392,0.006490587695133149,0.006269513314967849,0.007026515151515129,0.008823117539026632,0.0055320247933884036,4.725582500000001,5.629709777777785,5.219965255555557,4.656986011111105,0.005310088888888897,0.0029499111111111038,0.0028336222222222203,0.003399666666666658
0.005840794306715742,0.005797176308558019,0.006511707988982546,0.0061348714416895505,0.007202020202020243,0.007292355371900853,0.007414830119375593,0.005692148760330505,3.8086450333333444,5.629709777777786,5.566913911111104,5.134639522222222,0.0053100888888888975,0.002897422222222233,0.0027807777777777926,0.003817766666666661
0.005686524334235863,0.006623048668511024,0.006511707988982546,0.007082415059687728,0.006046487603305796,0.006322199265381096,0.008403351698806398,0.0062230257116620905,3.6474641250000133,5.153321775000016,5.090586074999997,5.7764694625,0.005306725000000005,0.0028136000000000133,0.002486575000000015,0.003853987500000003
0.00626193755737207,0.006246097337000289,0.006374311294762228,0.006262396694214889,0.006893021120293822,0.0073055555555554905,0.008411386593204829,0.007888200183654851,3.5199633175280267,4.045070687033163,4.912639476260484,4.715457080981369,0.005121223045945344,0.002715247758659413,0.0023996542491784684,0.002844322391770247
0.005168503213957997,0.006282369146012188,0.006216597796146343,0.00598186409550051,0.006720844811753972,0.0072951101928374696,0.008942837465564655,0.007330234159779736,2.3033199181765056,5.082498270017535,5.039100070134416,5.2898581998831,0.005246510812390431,0.002553933372296896,0.0019049094097019436,0.0027561426066627648
0.005344149349927427,0.005110790087795233,0.0049022113568085056,0.0048948772085787556,0.0056948549838871185,0.006015335037226365,0.008553172574730646,0.00731925769529945,2.303050712949978,5.509239282374938,4.222808695652175,4.492143489948568,0.005554838709677425,0.0025709093034128206,0.0024038101916783517,0.0026402057035998052
0.005625111111107294,0.006215777777773232,0.006108444444432988,0.005269222222222246,0.005694222222222243,0.005917111111111102,0.007469222222222251,0.007541888888888812,1.309524734073642,4.698777416715364,5.552610298071308,5.395770344827592,0.005166370543541784,0.002503436586791345,0.0022996727060198728,0.0027229339567504318
0.004701744638310291,0.00584098233136612,0.005753972663630173,0.005269807756417403,0.005773752639182125,0.0048564284920546525,0.008388043115901704,0.0073478164240471325,0.15585440093512712,6.042904967855061,4.897822945645831,6.004999497369952,0.005306721215663362,0.002854926943308007,0.0022996727060198736,0.002345458796025711
0.0054939437715306304,0.0047834203800426614,0.006382153572638482,0.0060334481609067405,0.005773752639182125,0.006423158128681028,0.00802478053117012,0.0073478164240471325,0.1558544009351271,4.948616610169498,5.643469339567498,4.968034319111625,0.0060507539450613745,0.0020441262419637687,0.002323857393337226,0.00316355347749853
0.005380888888895344,0.004942888888889583,0.005161333333338311,0.006273111111111125,0.00583111111111112,0.006715222222222255,0.006559666666666668,0.007418666666666636,0.003200970192872317,5.243016797194606,7.069701800116884,6.5467160257159485,0.002657229690239618,0.002491443600233792,0.0022965400350672275,0.0030153243717124536
0.004798333333332671,0.0059189999999994655,0.005600222222230716,0.006347111111111106,0.004928444444444402,0.005805333333333293,0.007859555555555571,0.007716333333333362,0.0032883006077551163,6.392656323048142,5.516796984572231,6.357973924731179,0.003400444132772325,0.0023324333800841365,0.0022775011687704355,0.0030906030855539974
0.005172111111126773,0.0051195555555649565,0.00658000000001064,0.00542988888888887,0.006274444444444447,0.0069283333333332526,0.008072111111111132,0.007202444444444388,0.0032681684699942676,5.11464280473,5.471098727580002,4.6983568326300045,0.0026727912000000017,0.0023272851599999934,0.0022272840899999822,0.00302245776
0.005346888888905395,0.005329666666663495,0.005575777777797461,0.006505888888888874,0.006383333333333359,0.005976444444444439,0.00706833333333338,0.005554333333333341,0.003217058661244357,6.24844038527125,5.385538019132501,6.0377854592687585,0.0032749575937499943,0.002290889514999993,0.0026246690974999977,0.003443906363750003
0.005346294856143601,0.004502277524707108,0.006162759693381298,0.0065384957226974835,0.005494278413509598,0.006473169647816961,0.007308299077880286,0.006858571269858851,0.003784831647948279,7.275811701300139,6.748741804644968,5.963244971663528,0.0038060340037781933,0.002786487387487487,0.003072263584842756,0.003401389043227028
0.005576158204648454,0.005785023886242533,0.007042328630155734,0.0065384957226974835,0.00571658704588377,0.006473169647816961,0.007327296967003511,0.00578013554049558,0.0049433555555474925,6.245907199999999,7.6434401222222235,7.557302855555568,0.0038162333333333328,0.0024905222222222113,0.0030463111111111198,0.003172777777777796
0.004402444444445388,0.005414000000023913,0.005836333333339402,0.00647355555555556,0.006684000000000011,0.006728555555555578,0.0073281111111109555,0.005898888888888997,0.0041057425302595246,7.619341463956459,6.377733111185157,6.6966222481395095,0.003814961679440186,0.003257980673108962,0.002901732755748083,0.0034333555481506203
0.005478724586142376,0.004817909121220474,0.006000666592607157,0.00747616931452064,0.006613931785357174,0.007792134207310288,0.007461615376069296,0.005259415620486631,0.004336755555543606,7.626050166666659,7.8252544555555525,6.664367377777783,0.00412534444444445,0.0034775111111111,0.002902699999999999,0.003889866666666658
0.004686701477615563,0.005952116431497587,0.005372625263847489,0.006099433396289312,0.006613931785357174,0.006225752694145,0.007609376735918331,0.006104655038329025,0.0051993110345545795,7.6268975997332955,7.263476097344151,6.6651079453272635,0.004002589176575179,0.0034778975441715635,0.0032474497166351886,0.003112568063118119
0.005219333333318193,0.005877888888865831,0.0067062222222173465,0.006249111111111125,0.00641077777777779,0.0062273333333333625,0.007610222222222321,0.005963444444444398,0.004520722222221391,7.5593307333333355,5.906955855555557,6.796401766666675,0.004002144444444448,0.003714811111111102,0.002899033333333324,0.00356947777777779
0.005219333333318193,0.005541111111092,0.006202111111103174,0.006186555555555609,0.00641077777777779,0.0062273333333333625,0.00801077777777791,0.004754555555555484,0.004491887987561085,7.6592978553172575,7.116017024113796,5.877342404711641,0.00378247583064785,0.003351627958662077,0.003113734859428841,0.0036771530170018954
0.005266888888880002,0.005541111111092,0.005900111111107739,0.007353666666666728,0.006186999999999918,0.006404000000000052,0.0068413333333333295,0.006117777777777692,0.004911256806318588,7.6592978553172575,5.761230058895439,7.3654661406823045,0.004713557061895753,0.005049627736415163,0.006355483942660309,0.0036771530170018954
0.005370999999993527,0.005777000000004288,0.005900111111107739,0.006277666666666725,0.00606877777777775,0.007429111111111158,0.00823344444444432,0.006390555555555406,0.0049107111111178865,6.633610500000003,5.761558544444452,5.9697808555555545,0.004077088888888883,0.005049066666666673,0.00652283333333333,0.006320366666666661
0.005370999999993527,0.006457111111128851,0.00595588888887101,0.0065065555555555345,0.007026444444444459,0.00606033333333331,0.00744700000000008,0.0059252222222221625,0.005118153538510383,5.529208865681595,4.331994656149312,5.969682701922002,0.004297189201199872,0.005095411620931008,0.0060422175313854,0.006319664481724246
0.005101333333338213,0.005174222222219922,0.00507622222221471,0.0065065555555555345,0.006590777777777786,0.007471222222222234,0.007742000000000163,0.0059252222222221625,0.004475444444444242,5.529823222222228,3.4370278111111143,4.375625533333325,0.003490400000000008,0.006218055555555559,0.0062316444444444315,0.0063469222222222055
0.005951216801862459,0.005395155017208715,0.006104789421033633,0.006053894877208547,0.006507056339593234,0.006971107900877842,0.007742860317813252,0.00803178130903422,0.0049794464206331665,4.179905168963988,3.4394821476211734,4.378453279235211,0.0041026345042241156,0.0051235215651400596,0.006560726989773228,0.006248810582481099
0.004873666666677916,0.006138444444433036,0.005162333333323154,0.005856666666666597,0.005520444444444452,0.00590588888888889,0.02828488888888892,0.010599666666666688,0.004251783135212796,2.8964400177758005,1.992336684812807,3.122156927008109,0.003984068436840352,0.007501210976558166,0.00655708254638373,0.005790023330741037
0.00623069001030353,0.006471678681776629,0.007362100926884643,0.00707518022657052,0.007028012358393467,0.00812378990731206,0.026650875386199768,0.012619052523172025,0.0041096999999991925,2.896761844444443,1.211216222222223,3.12326945555556,0.004109622222222236,0.007502044444444452,0.006508855555555553,0.006658500000000003
0.005781050463455863,0.005817198764167462,0.006126570545827499,0.005988980432543757,0.006951802265705475,0.00738918640576721,0.027916889804325374,0.013948609680741516,0.004584855555555755,1.392497666666663,1.211216222222223,1.4912771777777734,0.004109622222222236,0.007916699999999997,0.0069241777777777815,0.006582233333333302
0.00578045515396524,0.005995469055721795,0.006361754711164148,0.00607053856451442,0.006951086396869547,0.007388425496859192,0.028161878282360137,0.016234579343013165,0.004464770581041096,0.20042437506943894,0.0037844461726425716,1.4911114987223595,0.004129896678146862,0.00791582046439284,0.006838373514053977,0.006458715698255732
0.005561425187926676,0.006823293172708039,0.0057336010709560965,0.005593862630007207,0.007122129543816346,0.00800329523221092,0.02911039027906496,0.014971166718154771,0.004138173536266839,0.20042437506943894,0.004628630152206745,0.004126297078099617,0.0036698144650594566,0.006538951227641378,0.003597344739473379,0.006458715698255732
0.0055167868177179325,0.005637178166854709,0.03646055612769938,0.005594438722966011,0.0063719876416066055,0.01041894953656019,0.027823069001029953,0.01650978372811543,0.004139093232574488,0.02750554506054741,0.003660928992110413,0.004408445382819342,0.003670630070007798,0.007222724747194131,0.0035318479831092336,0.004168696521835753
0.0055167868177179325,0.005872399588038069,0.03605272914520644,0.005795777548918607,0.0066088568486096,0.01041894953656019,0.029217404737384017,0.01875561277033984,0.004125425047223486,0.02690300033335952,0.003992621402375205,0.0038432381375743743,0.0036361151239026513,0.006651927991999119,0.005005345038337586,0.004733503722635847
0.005572914521103573,0.005872399588038069,0.03605272914520644,0.005795777548918607,0.008479402677651954,0.01023789907312047,0.02887765190525218,0.01875561277033984,0.0036093000000063415,0.02767543333333341,0.011227699999996807,0.004461500000006583,0.0042582222222222466,0.006260111111111115,0.004367144444444454,0.004838211111111105
0.005537843682418463,0.03613026464834957,0.036193080012375055,0.005921326330964925,0.007660797034291086,0.01040088559365672,0.028874678199979274,0.018562969828030105,0.004013231863126044,0.004053060771025651,0.010300877680249086,0.004569103432950791,0.004251194311743148,0.006259415620486615,0.00652478613487392,0.004147316964781678
0.006130895983509678,0.036210916580838505,0.03685180226570883,0.005174047373841452,0.009968383110195662,0.010401956745623107,0.01086261585993815,0.016183934088568393,0.004013677777777502,0.00399401111111312,0.03787795555555186,0.004569611111110009,0.003671366666666685,0.004113577777777785,0.007038388888888889,0.004874577777777781
0.005314179796106734,0.03620718772525404,0.0357347338070157,0.006402224281742389,0.009891463289053642,0.010214087117701665,0.011694676140459248,0.018270929873339517,0.0039060777777769496,0.00399401111111312,0.038013844444445034,0.004611155555554408,0.004659977777777772,0.004113577777777785,0.00626402222222222,0.004006744444444454
0.005133333333333212,0.03831177777778471,0.03789766666667068,0.005831444444444402,0.00851544444444446,0.009690444444444484,0.011326666666666757,0.013956000000000105,0.037078555555555996,0.004167466666665911,0.038013844444445034,0.003944377777783201,0.007472244444444422,0.003761122222222231,0.006602422222222223,0.004289633333333336
0.005706745193891587,0.038187576397380275,0.03783853761527765,0.004984998333148116,0.009567174130458869,0.010331592399155449,0.01003189243249254,0.015494388265362773,0.03701011980750033,0.00364041046499216,0.03763520159625216,0.00399323875750549,0.007051031464999995,0.003807713123750009,0.006161997757500013,0.003862427043749996
0.005538059784423269,0.037294254917209876,0.03855539504387749,0.005387487498610947,0.009301477941993553,0.008368263140348864,0.009008334259362136,0.01703733748194241,0.036990404192858775,0.0036981433885634636,0.03736376323142422,0.0032256196042892114,0.006678616497142834,0.0030079553871428513,0.006259720294285727,0.003923680907142853
0.004750333333327541,0.038052111111104146,0.0054007777777719135,0.0061964444444444,0.009300444444444445,0.005948000000000064,0.010270777777777814,0.014292444444444405,0.037058319289967494,0.003271722278408043,0.03720732501965306,0.0034261768340576614,0.007052477249747207,0.003205718458600167,0.006237703628805752,0.003559948320413433
0.005643888888875558,0.0371182222222362,0.005604888888910864,0.005948111111111191,0.00938100000000001,0.005948000000000064,0.00787255555555571,0.01514511111111124,0.03680736995842476,0.003271722278408043,0.03693258060892943,0.004044646668917193,0.006805651050443779,0.003205718458600167,0.005128322660375236,0.004744298393438923
0.005185333333328244,0.03835522222223315,0.005604888888910864,0.005948111111111191,0.006709444444444361,0.005865888888888825,0.009123777777777854,0.016354999999999998,0.03680736995842476,0.0030960903269306476,0.030266711605438562,0.0034190765082580035,0.006176216155488127,0.0032384451185260054,0.005128322660375236,0.004055510616784624
0.005138317964681708,0.005516720364394351,0.005399511165421884,0.006003444061770928,0.008008443506277012,0.005771914231752043,0.01065070547716922,0.01312498611265416,0.03650455056179241,0.0033325280898885575,0.030270112359551526,0.03565969662921562,0.006332314606741554,0.0037519775280898957,0.003001011235955043,0.006908471910112361
0.0044996666666874165,0.005787888888890949,0.00558855555555561,0.006004111111111124,0.005520555555555578,0.0057725555555555716,0.008493000000000035,0.01700688888888892,0.03710793258426356,0.0028352584269689457,0.0031190561797716375,0.03631107865168567,0.006332314606741554,0.0029563146067415735,0.0029111235955056316,0.006727202247191008
0.005424000000023929,0.005787888888890949,0.00558855555555561,0.005831333333333374,0.005743111111111057,0.005666444444444431,0.008832777777777938,0.01533244444444431,0.037024424221991856,0.0034839231547000716,0.002881833501853573,0.035490854960111756,0.005310493203010891,0.003510347152005391,0.003483777103696223,0.007568834962363772
0.00429788888888854,0.00534666666665847,0.005512444444447182,0.005917333333333355,0.006637777777777743,0.004604000000000003,0.008721777777777717,0.01533244444444431,0.0030025502752419973,0.0032642736771256583,0.002881833501853573,0.036329917986736564,0.0031738456353218843,0.0035303224356813706,0.0027216717222783944,0.00653029996629593
0.004772333333347787,0.00578844444443247,0.005161777777781633,0.007223111111111181,0.005587111111111161,0.005340444444444457,0.008049777777777737,0.015161222222222333,0.0032235691783882425,0.0028153219264637594,0.003310562257943754,0.03706012802407105,0.0032518147366702773,0.0026697317526067485,0.0029873872487603758,0.006722199875017859
0.005362000000003617,0.00578844444443247,0.005476222222240621,0.006910555555555556,0.005997888888888921,0.0063991111111111705,0.009426666666666646,0.013618444444444539,0.0031692298537554686,0.003580469914992798,0.003976943603753182,0.03643540982626304,0.004045963312500011,0.003187841398749989,0.0036195245812500024,0.007151986721249999
0.02106022222223045,0.005950555555551142,0.005476222222240621,0.006101000000000036,0.007111777777777779,0.00518800000000002,0.00816322222222215,0.0146243333333334,0.0039384957226913835,0.004279957782465598,0.0038838240195564902,0.0362501166537135,0.004363204088434607,0.0038863015220530987,0.003534773914009557,0.007731329852238639
0.02016666666668243,0.006722222222227478,0.005775444444427396,0.009574999999999988,0.005818000000000052,0.006488333333333331,0.009438333333333266,0.014111333333333241,0.0039735251638721375,0.004279957782465598,0.00409301188755833,0.03563851794244978,0.003849861126541474,0.0038863015220530987,0.0037789467836907126,0.005995456060437736
0.03874299999999191,0.006310777777773385,0.005775444444427396,0.009574999999999988,0.006898222222222275,0.006098333333333391,0.00836977777777786,0.012901444444444484,0.0044756639626598585,0.0041930214468309055,0.003450872319145231,0.03644026002888858,0.0042252916990776854,0.0037772196910767952,0.0037797866429603406,0.006661517946438505
0.0379816646293827,0.005546171796861249,0.005712190243365678,0.00942349149905543,0.006647405267251939,0.005329703300366713,0.007633959328814451,0.017997888654294927,0.0038725444444449096,0.0038922444444406466,0.03651145555556292,0.03824364444444781,0.007009988888888881,0.003269333333333331,0.006089644444444448,0.006364177777777773
0.03903077777777576,0.005410999999993591,0.004816444444461215,0.009422444444444426,0.0066466666666666905,0.0063773333333333095,0.007633111111111251,0.014115444444444434,0.036738777777777114,0.037359766666665135,0.035784900000006954,0.03759950000000522,0.007533899999999998,0.006951155555555555,0.005665655555555551,0.0074466333333333265
0.03890588888887376,0.005410999999993591,0.006034444444442974,0.009362111111111047,0.006328888888888903,0.006514111111111061,0.010279444444444312,0.017582000000000087,0.03688773469614936,0.03671384290634645,0.03617001444283871,0.03817479168981451,0.006845250527719142,0.0064021775358293525,0.006236195978224621,0.006612776358182421
0.03954966666664304,0.005761444444437479,0.0059329999999893825,0.009204888888888955,0.005434222222222217,0.006514111111111061,0.00849599999999996,0.022746000000000106,0.03689593288143576,0.03669644404933342,0.03696175130569813,0.03735335037226725,0.006917668629847761,0.006418946549616637,0.00698698744304921,0.00724784976108456
0.039141666666662585,0.036452333333348484,0.03672799999998865,0.00789911111111113,0.007145333333333288,0.00867511111111114,0.010567666666666753,0.018912444444444374,0.03690874541615602,0.037324080453378525,0.03616527391932409,0.03740622291365485,0.006932736970774526,0.00747488609845539,0.006198966551839082,0.007337259695521712
0.037903777777778994,0.036452333333348484,0.03569677777775521,0.008188333333333317,0.008103444444444404,0.008652777777777744,0.009190777777777845,0.02132888888888888,0.036900544383956,0.03652220864349002,0.03607650261081427,0.038208299077869906,0.006102110876569261,0.00948304632818576,0.006188834573936213,0.00734353960671037
0.02454467156638062,0.03800206706477958,0.05097565457050932,0.0091806384933394,0.008131603123564517,0.010486449242076246,0.013701538814882867,0.025475539733578263,0.03670704522724753,0.07237353039226536,0.03654547171907731,0.07125056117346296,0.006866851872430273,0.00871187909767752,0.00619021002333591,0.00659819979997778
0.042323417939590526,0.03791949006544753,0.04960365223385295,0.007643045825198121,0.009720110256115787,0.01235006316756632,0.013116802572642658,0.02767129895486382,0.07541601289031198,0.07295483942660852,0.05896012890321753,0.07125056117346296,0.006866851872430273,0.00943984887209689,0.008537815312812532,0.010980064451605754
0.022611921442538985,0.053098082002982,0.05446112323418097,0.00950442172964278,0.011746985184334398,0.011581601010681054,0.011910072355575873,0.03028758470196396,0.0749064333333283,0.07243288888888819,0.05953457777777911,0.07228620000000142,0.00945582222222221,0.009388022222222216,0.008536866666666665,0.010314188888888907
0.02379166188126487,0.05419179970140534,0.05351567704144702,0.008547145974503264,0.011747214884575615,0.0125516251292064,0.01333203169863313,0.031219937980934857,0.07557076666667387,0.07277835555555297,0.02647361111110374,0.037606877777774474,0.006273600000000006,0.009896777777777765,0.006712766666666663,0.008692288888888894
0.022702882738027598,0.05319650855635557,0.05462294705409219,0.009685080969335036,0.011747214884575615,0.012353968071666504,0.01425531181807727,0.031219937980934857,0.04283962222222234,0.03994557777777964,0.026937411111109418,0.038466522222212994,0.005749688888888888,0.00621495555555554,0.00726812222222221,0.008349799999999998
0.022873220027568836,0.05446302250805876,0.054526871842000016,0.0092888148828664,0.012304317868626572,0.012104386770785508,0.02643959577400088,0.02987207165824525,0.04215789532169677,0.04429885542838324,0.19856941882430865,0.03789119902210727,0.007162229136570724,0.008745549505500614,0.0061308923213690475,0.008350727858650956
0.023055121727166162,0.05329352319708252,0.05376033532384584,0.008638837850252634,0.012304317868626572,0.012104386770785508,0.02643959577400088,0.024534910427193322,0.3615703333333329,0.0436695000000024,0.19776374444444086,0.3742291999999989,0.00818528888888889,0.007984777777777783,0.008265833333333354,0.00928518888888889
0.022397036866891262,0.021693350178008074,0.02215929711726414,0.010685080969334963,0.01124509015734475,0.010254737567474422,0.02543574135752831,0.0322942460089583,0.3607483888888826,0.37354721111111333,0.34949555555555717,0.37475694444444235,0.007705677777777778,0.008831088888888885,0.008265833333333354,0.009219911111111133
0.12620062011942268,0.021690858980238443,0.14762103812586092,0.00961736334405144,0.011798231511253985,0.011069591180523667,0.025432820395038934,0.03442030316949917,0.3619493943771459,0.3735887209689987,0.3499184020446657,0.3739880208912161,0.008266907434159362,0.006271752416935203,0.008254106011779094,0.009127014112679178
0.12056333333331774,0.13509333333331597,0.1305846666666639,0.01035311111111111,0.010537222222222198,0.009216999999999982,0.021834999999999976,0.028977555555555493,0.3612271525386097,0.33794341739806644,0.35040817686923587,0.34129452283079276,0.007089878902344203,0.0068178646817020315,0.008252271969781143,0.009124986112654141
0.13076313742917717,0.1360089990001312,0.1305701588712338,0.007332074213976146,0.009759248972336347,0.007088434618375743,0.02202599711143214,0.02361270969892238,0.3231728666666811,0.33824209999999594,0.32731536666666255,0.6632323444444492,0.007695700000000019,0.0065724555555555664,0.005920288888888886,0.0053058555555555225
0.330206555555555,0.12051411111113138,0.12737711111112227,0.006330111111111099,0.0076276666666667365,0.0070892222222222285,0.022028444444444517,0.02108422222222216,0.3249670333333433,0.3397493444444453,0.45079004444444437,0.6613950555555607,0.005201788888888883,0.00596980000000001,0.006344377777777771,0.0062813222222222005
0.33203299999998614,0.12068077777775621,0.12737711111112227,0.006330111111111099,0.006579111111111166,0.006945666666666641,0.02123333333333339,0.015985222222222244,0.3339574047328017,0.3388567381402161,0.6485204199533369,0.6677150983224126,0.004840773247416953,0.006105032774136208,0.00514380624375069,0.005378413509610041
0.33203299999998614,0.12068077777775621,0.12787755555554112,0.006098444444444419,0.007525111111111156,0.006088666666666656,0.021367111111111114,0.016398888888889,0.33326274444444776,0.7073389555555613,0.6519402111111074,0.6669296444444545,0.005800533333333331,0.006105711111111113,0.015915700000000022,0.004751188888888884
0.33788098677630285,0.12120302255805696,0.12776441826870039,0.006002666962995802,0.006245582842538075,0.006132014668296508,0.006641182353594983,0.013655295032781517,0.3336418308162533,0.7037902518075053,0.47998388354125404,0.6676882769150101,0.004393781136250002,0.0035801566899999835,0.015933804108750026,0.0047565933662499955
0.33706111790198157,0.22418502055783557,0.12880620068895415,0.006801755750638942,0.006900322258028612,0.007019113234803832,0.006641182353594983,0.01438204244916104,0.01406141613428376,0.713947210637148,0.4869109140471468,0.33573987461571914,0.0026353659385714248,0.003631824788571411,0.013233849188571433,0.00323186456571428
0.3485164444444359,0.22290088888889337,0.22915666666666668,0.004822333333333361,0.006880333333333254,0.005271666666666638,0.006684777777777898,0.007212999999999939,0.3334444306791307,0.378588500957311,0.33217258700303964,0.3351308368059425,0.0026302849419979684,0.005710327739610322,0.013208334271877469,0.0035546908435634523
0.24807822222222362,0.2244524444444475,0.10776300000000245,0.0056453333333333295,0.003933888888888879,0.004285111111111049,0.007571777777777832,0.002973777777777779,0.33322716522131707,0.378588500957311,0.3322923977925618,0.3351308368059425,0.0027847392724405823,0.006191902241243394,0.013289773623155756,0.0038409055073769694
0.25151972441382164,0.1091174574952886,0.10823669296587143,0.003903544838315398,0.004561506834092689,0.004285587287476323,0.0062789198799867016,0.003379375486165224,0.33326469925659774,0.6059599346699733,0.3328986708718228,0.3355833408425329,0.0027850529398513106,0.006110137418337462,0.013882755125028146,0.0038413381392205584
0.23413157017444933,0.10903922658071265,0.10823669296587143,0.004684298255361709,0.004410712301366874,0.004040226691854638,0.006197244138237552,0.0030177797533060074,0.6125879716184176,0.6050378308368061,0.3328611780605972,0.009258903029612573,0.0032894470097984013,0.005621162293051014,0.013237740736569416,0.0041031084581597
0.034676666666655365,0.110117999999981,0.2412783333333361,0.0038857777777777536,0.004187444444444448,0.004039777777777766,0.006934222222222176,0.004086444444444442,0.6686652399188939,0.7689040437035346,0.5612964744311786,0.378339840054066,0.00477502815949539,0.008623496282946608,0.013463888263122335,0.003114699256589309
0.038147428063542814,0.19484357293635177,0.24182857460280766,0.0048113542939673855,0.0041869792245306115,0.0052936340406621145,0.00675224975002776,0.005889012331963217,0.6593743861230021,0.7689040437035345,0.36077587294435853,0.3733367988285636,0.004775028159495389,0.008560238792520864,0.014951306600585731,0.004917008335210627
0.04456266666668146,0.19486522222223357,0.2402837777777778,0.00468277777777774,0.005253777777777716,0.005910555555555518,0.005726000000000022,0.006932000000000037,0.6593001238878266,0.39539427863497617,0.36038993129857244,0.37386188759995176,0.004382025002815644,0.009155794571460773,0.003976371212974413,0.004829282576866768
0.03778544444445389,0.2385739999999967,0.2400035555555557,0.0040688888888889,0.006016777777777785,0.005876444444444376,0.005998777777777736,0.006932000000000037,0.35539274341999866,0.41199364918000514,0.3758513698342887,0.3885830076314327,0.005269139174285716,0.00536284648285716,0.004146965377142835,0.00412093687428571
0.04024877777778279,0.13560344444444025,0.2396738888889003,0.004185444444444464,0.0053621111111111916,0.004989444444444442,0.008336666666666659,0.008462666666666705,0.34956885651651315,0.4043873548828811,0.3697334373744441,0.38227386585315354,0.005630293170630708,0.005896575318946119,0.004788755346058879,0.005026434385313782
0.02875280524386787,0.13665970447728684,0.1390427730252214,0.006019442284190626,0.0057705810465504105,0.006154538384623947,0.007979224530607702,0.009568047994667215,0.3369021222222178,0.39041907777777857,0.35633603333333974,0.36888442222223405,0.005924100000000007,0.006114988888888895,0.005311133333333314,0.005344177777777774
0.07180411111110314,0.13597044444443582,0.1390582222222242,0.005197111111111122,0.005771222222222249,0.005315888888888923,0.008016666666666537,0.011487555555555634,0.33665260584508,0.3910077897544219,0.3560746638515341,0.3689254139348934,0.005211990221135681,0.005640515612845872,0.004586109567729747,0.004617879764418259
0.06839055555555106,0.13597044444443582,0.13830566666666125,0.006184666666666653,0.006338333333333384,0.006607333333333385,0.008016666666666537,0.011082333333333319,0.33665260584508,0.16567914212690626,0.35448486498499676,0.3682708078675491,0.005948072008000887,0.005923447049672204,0.0046284364929436795,0.005454250472274683
0.05936962559716037,0.1353696255971609,0.1382903010776526,0.005403399622264207,0.005729474502833023,0.005877680257749138,0.01845672703032994,0.013617598044661694,0.06076388487609419,0.16662229136571136,0.355312534726079,0.3682708078675491,0.005249216579619948,0.007131025669518834,0.0046284364929436795,0.005326958550950113
0.060004888345731415,0.13501610932119995,0.004859571158755085,0.006881235418286912,0.006541717586934748,0.007349405621597575,0.017719142317520267,0.012548716809243495,0.004488867903573233,0.028022964115101752,0.006685823797362069,0.005108354627256936,0.0033128319075658203,0.007283412954116212,0.004651049883346293,0.005325774913898463
0.05356877777777906,0.04972800000000967,0.004283000000011978,0.006976666666666632,0.007324666666666622,0.006425555555555561,0.018460777777777833,0.011996111111111122,0.003962466666668737,0.028539888888881634,0.006686566666672889,0.00425173333333204,0.004318177777777778,0.006701955555555547,0.0038031777777777624,0.004304544444444466
0.05060512702609139,0.05273019887342315,0.00651569145880471,0.007175767329578187,0.006658351534659195,0.007380273594666125,0.02008598689504541,0.013189562018622697,0.004545699999997371,0.02786327777777034,0.00407305555555758,0.0036922222222225782,0.00429136666666667,0.006743977777777759,0.003302222222222222,0.00373085555555557
0.05059931034482403,0.0057080459770003965,0.006359655172390973,0.008092873563218446,0.006388390804597682,0.00659793103448283,0.019754712643678122,0.015612528735632106,0.0036750638959864123,0.02792183575952286,0.004640904544946485,0.004513545949547029,0.003630425602844774,0.006744727191910193,0.003958939882209132,0.004483775975108334
0.0493497701149445,0.006715632183914259,0.005623103448257077,0.008636091954022916,0.006388390804597682,0.007579655172413778,0.01733620689655165,0.01474839080459771,0.0038422222222228206,0.028589500000000122,0.0043050888888842564,0.0042954111111157545,0.0036795222222222317,0.006991222222222211,0.0038459777777777628,0.004057133333333339
0.05036440970226765,0.006510633406115475,0.006033796988164087,0.006738935509828685,0.006601333486607689,0.007354638464191348,0.017853316473157778,0.013257155994942075,0.004316266666671078,0.027904677777782026,0.0043050888888842564,0.004309166666663108,0.0036553888888888886,0.007021744444444444,0.0031500777777777786,0.004264055555555548
0.005826761696764306,0.005634210828824909,0.006895275319001136,0.008014139556270884,0.006601333486607689,0.007354638464191348,0.01931739280377073,0.013624669502241572,0.0044482613043016475,0.02783909565603854,0.004146328185758691,0.004308687923560489,0.004144561715364961,0.007020964337295855,0.0038406732585268407,0.004263581824241742
0.006964597701154298,0.006930344827599156,0.00576977011494547,0.006991609195402372,0.006541724137931008,0.006828160919540222,0.019315172413793286,0.013623103448275798,0.004448755555557682,0.028366977777772542,0.005010866666670685,0.004182033333326748,0.003409022222222225,0.006940344444444432,0.0032153111111111127,0.004227644444444438
0.0069556270835631605,0.006913668237733264,0.0069491895620252125,0.008341188642372708,0.007534084377514582,0.00844959190711572,0.009077250258650409,0.012759512587653647,0.0043403666666708635,0.028005211111105967,0.004183288888893028,0.004883711111110264,0.003703711111111119,0.005732900000000007,0.004126511111111114,0.004174533333333345
0.006298310150595236,0.006150821933552167,0.005811242671562835,0.007721807104264885,0.006814576388090611,0.006926773192320941,0.009077250258650409,0.015220944936199634,0.004000677853100036,0.00402461384597255,0.004138726525165374,0.0039283031448005545,0.0045117235248360865,0.0033152128014223726,0.004160484498277581,0.004666018446494062
0.007422462351995448,0.006534659156206378,0.04017599724105571,0.006665708702149719,0.006005287964133842,0.00986860558684909,0.008676284630417183,0.013000000000000018,0.0040002333333385804,0.004031633333334462,0.004138266666662579,0.004124211111107772,0.003506244444444433,0.003973799999999981,0.003541155555555558,0.0039094444444444315
0.005418731252068287,0.00574225086101743,0.03681346517052653,0.006523386290412142,0.005860348850127707,0.009167759137873523,0.0074318409065658895,0.012672258637929099,0.004000944444448528,0.004578544444449841,0.0039171666666675264,0.004124211111107772,0.0034198222222222114,0.0038248777777777757,0.004198088888888887,0.0047082111111111016
0.006566555555562244,0.006752000000005865,0.03750422222222167,0.006338666666666666,0.005358222222222153,0.010204777777777767,0.008488000000000027,0.010329999999999926,0.004738684590601857,0.003853560715479159,0.004186823686260595,0.004170314409511674,0.004133385179424499,0.003824452838573489,0.0035414176202644143,0.003955349405621612
0.005969777777762728,0.005777999999989132,0.038751555555563755,0.005916555555555567,0.006232111111111118,0.00925577777777785,0.0099557777777777,0.010987555555555615,0.0038605043884026463,0.0038671480946483117,0.0037308299077896488,0.004079435618262041,0.004121630929896664,0.0036987556938118168,0.0038620153316298233,0.004152160871014329
0.005710333333329092,0.005582000000003973,0.03769488888888696,0.005916555555555567,0.009728111111111087,0.009223111111111059,0.008672555555555425,0.013723333333333285,0.003980542282479488,0.003868007556387316,0.004283764862760514,0.0036041671296748595,0.004182120235581731,0.0039176908545393956,0.004490243360373377,0.003994643849316607
0.005710333333329092,0.039059666666667506,0.03804866666668103,0.005685888888888831,0.009728111111111087,0.009223111111111059,0.007787888888888854,0.011211777777777796,0.0037047005222905667,0.004101689076563789,0.004073752639182276,0.004328914323809555,0.003692432492499165,0.0039176908545393956,0.0037991443493721445,0.004699811090121135
0.005634333333344128,0.037806111111093645,0.03804866666668103,0.005685888888888831,0.00936022222222219,0.009439333333333307,0.007787888888888854,0.0132147777777778,0.004486101544276701,0.004169247861353684,0.003208865681588614,0.0042563048550185,0.004347861348739038,0.003938229085657159,0.004752138651260959,0.0038989890012220995
0.004632777777790883,0.037754555555541934,0.037969444444444084,0.00558288888888894,0.008401777777777793,0.007872888888888893,0.008576666666666653,0.013376666666666717,0.004179524497279182,0.0035880346628193176,0.037219486723700394,0.003554705032770789,0.0042219308965670286,0.003938229085657159,0.007042006443728477,0.0038037662481946455
0.005628222222235814,0.03908511111111087,0.037969444444444084,0.005956111111111027,0.008735888888888828,0.008960444444444488,0.008576666666666653,0.010997555555555434,0.003744261748688195,0.00387379180091608,0.03694447283635674,0.004521697589150304,0.0034145094989445563,0.003953338517942482,0.006339228974558395,0.003312854127319191
0.004541666666682431,0.03863466666666682,0.005872555555545963,0.006644999999999988,0.009514888888888863,0.0059149999999999914,0.00867333333333341,0.012217222222222152,0.003697962922493685,0.003311116462504245,0.036487644270005164,0.0036775760175002496,0.0033722881499999953,0.0032537193150000425,0.006260842665000013,0.0032718897750000043
0.0056470000000040784,0.037969222222222425,0.005872555555545963,0.005864444444444475,0.009584222222222315,0.004960555555555561,0.00953677777777785,0.012177111111111256,0.0031608236399994685,0.0028061135057143175,0.036313359717142654,0.0037241397342859675,0.0029561733485714177,0.002813302600000038,0.0056831623714285896,0.002514527397142859
0.005324666666663487,0.037948777777779066,0.005403333333333649,0.006109333333333349,0.009584222222222315,0.004946999999999986,0.007577666666666656,0.01495888888888904,0.0031410155370435126,0.003572708849359891,0.03660104706147444,0.0028945958117526606,0.003164084665615856,0.0034742963296555134,0.00627849583427158,0.0035604368385498773
0.005412888888890343,0.037948777777779066,0.005225666666673432,0.006087888888888868,0.009670111111111072,0.004946999999999986,0.007437777777777852,0.012879333333333342,0.0031410155370435126,0.002879261427612942,0.037207836072955906,0.0029878743526231227,0.002678146813780691,0.002733235757712244,0.006037637919387531,0.003552082864219763
0.005394444444441939,0.03830988888888796,0.005225666666673432,0.006087888888888868,0.005798222222222273,0.005152999999999963,0.007437777777777852,0.01252122222222221,0.003399842395589004,0.0034999437127199505,0.036644331869866834,0.0037265450861182843,0.003971338511764058,0.0027376561972306582,0.005934290217268952,0.0029960824045930277
0.005394444444441939,0.005592444444447312,0.005080999999993057,0.006007222222222275,0.006386888888888918,0.006198555555555609,0.008301222222222097,0.01252122222222221,0.035892311156130605,0.003724383654163557,0.036879106157828585,0.002992333671053765,0.003971338511764058,0.0027376561972306582,0.005934290217268952,0.003102983226387494
0.00512777777776642,0.005592444444447312,0.005860444444427534,0.007155999999999965,0.00561744444444449,0.005199000000000078,0.009625222222222224,0.01247922222222226,0.0351036478270622,0.0031236545822943026,0.03688325827516228,0.0031622157171788744,0.006322517451024545,0.0027779328979959336,0.005582548975455994,0.0035234969601441193
0.00512777777776642,0.0055667777777822875,0.004800333333327621,0.005955333333333239,0.006978888888888869,0.006251888888888897,0.007472333333333402,0.010616777777777822,0.03526877181132373,0.003986614882359511,0.003235438477988895,0.003928650230779564,0.006233040639423641,0.002777620173364841,0.0023384329618372167,0.0029716424631318294
0.005346111111116949,0.004925888888894608,0.005709555555565911,0.005748000000000038,0.005842222222222206,0.006017666666666699,0.009383555555555628,0.014617666666666789,0.03582081738347273,0.003164298581402986,0.003740182391348097,0.002949144336865893,0.006844348119792856,0.0029081400585453474,0.0031546948885386133,0.006433472190947988
0.006134888888886457,0.00506011111110638,0.004591000000017529,0.0058816666666666375,0.006006888888888895,0.005836555555555537,0.009108888888888859,0.013398000000000071,0.03717522808598877,0.0034494492542989108,0.003765945494419039,0.04019713104179572,0.006784131692207238,0.003338971004856428,0.0035920560177117476,0.006998119269798195
0.005887000000004466,0.005979444444442885,0.005958222222236347,0.0058816666666666375,0.005891111111111021,0.005836555555555537,0.008245444444444416,0.013684888888888797,0.03721427265000014,0.003956564100000512,0.0036908060749998766,0.039395104275005643,0.006648772400000002,0.003272350724999979,0.003520386099999992,0.006858490425000002
0.005062111111101331,0.004990777777771251,0.005869222222246309,0.005966000000000015,0.006511333333333289,0.006261444444444406,0.009722555555555543,0.012762333333333271,0.03614884444444834,0.003765466666667155,0.004283111111107019,0.03838114444445119,0.0071181666666666485,0.0036548999999999857,0.004126,0.007030055555555557
0.005227555555570184,0.0059154444444528866,0.004799555555564439,0.004968888888888974,0.005551555555555569,0.006261444444444406,0.009411000000000058,0.012762333333333271,0.03614884444444834,0.004289799999996705,0.004268011111109774,0.0377640111111172,0.007589588888888873,0.0041442666666666435,0.00402898888888889,0.007128400000000014
0.004530222222228986,0.004877777777791279,0.005797999999989164,0.006142222222222296,0.005830333333333333,0.006212111111111184,0.011241888888888872,0.011779555555555593,0.036064133333332575,0.0036768666666596853,0.004268011111109774,0.03780400000000681,0.0057796555555555285,0.004370022222222242,0.00350302222222222,0.007600611111111121
0.03626257098605486,0.006015591120302485,0.005864945792468923,0.009977284460505867,0.00842643262777486,0.006495095508518302,0.009984615384615514,0.020769230769230783,0.003477866666675785,0.003601766666671817,0.004290299999992284,0.03879760000000627,0.007462788888888884,0.006696800000000012,0.004427266666666649,0.008452133333333332
0.0355582860092923,0.03580278781622678,0.0061788332473017,0.008909757356737234,0.01021404233350543,0.008265358802271548,0.011783066597831567,0.018946928239545656,0.03698394444444059,0.035158166666671306,0.0051197999999948885,0.037990477777782417,0.004486555555555553,0.006860099999999996,0.0038211111111110933,0.008037477777777781
0.03626143520909476,0.035003407330939484,0.0061788332473017,0.009982756840475013,0.008948890036138428,0.007286938564790973,0.012861848218895092,0.02450748580278772,0.03629035448382433,0.03430988998777421,0.0043121791310058635,0.06914982775863379,0.006356217357484163,0.006860862318035332,0.00677765307256362,0.010468907656406264
0.03584088797106796,0.03539927723283621,0.03530955085183817,0.010286422302529723,0.009588848735157477,0.00899969024264319,0.011085802787816103,0.020789571502323013,0.03654617777777642,0.035190655555548275,0.033921477777776474,0.06965303333332903,0.00657384444444444,0.006798688888888883,0.006893944444444454,0.007813822222222223
0.03510427421018662,0.03567871154244728,0.03606049969026459,0.009521061325624646,0.009681808796200647,0.009305698946933725,0.01187755523435882,0.02584616972950636,0.03712796977441221,0.03438010890097437,0.03403422602511411,0.03551452383598278,0.006120957884209348,0.006394110456717415,0.006535692854761643,0.006637148572063565
0.035366649457915025,0.03482808466702281,0.03479370160040614,0.010294889003613866,0.009784512132163177,0.009306659783169857,0.01187878162106345,0.02548415074858033,0.03702943333333211,0.03463601111110709,0.03403044444444466,0.036050244444440854,0.006888566666666686,0.006393400000000003,0.00815653333333333,0.007321933333333333
0.036040991223531486,0.03594868353124556,0.03500175529168425,0.010419721218378898,0.009208156943727407,0.008581208053691308,0.011540010325245235,0.023756427465152316,0.03629745555555056,0.03463601111110709,0.033878988888893166,0.03516146666666171,0.0066560222222222555,0.006357377777777779,0.007380888888888879,0.007340111111111106
0.035189551930603816,0.04514268015692174,0.035661160437734,0.010418645467685282,0.011394073921123314,0.009110158992360107,0.014297439603551444,0.030109539541606466,0.03725217777777503,0.0349611444444425,0.12134971111110973,0.0357789222222209,0.006184600000000031,0.008905033333333352,0.010185855555555559,0.008540322222222214
0.03624189551929595,0.04514268015692174,0.03473342969234658,0.009996696262647063,0.012223621722073095,0.008700082593433814,0.012596221350402639,0.03419213297542841,0.036487866666662844,0.12796426666666763,0.12134971111110973,0.03561462222221697,0.007901955555555566,0.007993922222222222,0.010881333333333324,0.008068111111111108
0.03512400619513975,0.10715776974702006,0.11002436757872372,0.008811254517294784,0.011283118224057873,0.007736293236964428,0.01501187403200834,0.04047083118224067,0.12376365555554496,0.12769218888888015,0.12160663333333825,0.034621022222217517,0.010345588888888872,0.008111377777777765,0.010433788888888892,0.010385055555555554
0.049315409398957386,0.08271825352738713,0.11706877013665946,0.010024775024997275,0.011108432396400357,0.011853571825352748,0.011073769581157794,0.03646494833907355,0.09025757777778015,0.09663912222221586,0.12141577777778266,0.11954215555555456,0.010345588888888872,0.007677166666666677,0.010433788888888892,0.010385055555555554
0.08156088888889221,0.08272744444444571,0.11708177777778575,0.011937555555555573,0.012362111111111062,0.012382555555555503,0.011030222222222325,0.035429333333333486,0.09088200000001241,0.09663912222221586,0.12141577777778266,0.08837654444445144,0.008476433333333318,0.007677166666666677,0.008219022222222217,0.008634366666666666
0.08079966666668448,0.08268966666666226,0.0859695555555441,0.010565555555555545,0.011673444444444453,0.010811888888888968,0.04944022222222226,0.03947844444444451,0.09087793333334086,0.0964990111111206,0.0915387222222282,0.0878656555555608,0.009298644444444436,0.009430711111111111,0.00729667777777777,0.009388633333333316
0.08160111111111393,0.08273066666667243,0.08515744444444964,0.01142888888888886,0.011324888888888928,0.009740000000000058,0.04722200000000005,0.03984555555555562,0.43607561111111043,0.4353001888888931,0.09096205555555534,0.4289045444444355,0.011019977777777783,0.008976188888888882,0.009285366666666666,0.010677555555555565
0.20741250972116032,0.08272147539162893,0.08600588823465224,0.010596044883901763,0.010650038884568405,0.010622486390401087,0.08136484835018348,0.03767025886012661,0.43542695555554983,0.43566819999999973,0.12515435555554671,0.42836487777777343,0.010251688888888867,0.009747188888888897,0.007663800000000005,0.009992033333333344
0.2910355516053858,0.21068103544050767,0.08602599711143083,0.011998444617264778,0.010650038884568405,0.011505610487723604,0.08129252305299414,0.04113176313742917,0.4368560444444414,0.43566819999999973,0.43842702222221425,0.429602555555549,0.010340188888888862,0.009861488888888884,0.009134344444444437,0.010136255555555564
0.2911002333592707,0.19990321146794574,0.08533148127570388,0.012695410601177865,0.010994554950550038,0.010937881986887481,0.0773249249916658,0.034300144460495584,0.43590132222221695,0.43646519999999595,0.35037256666666394,0.43033898888888683,0.010340188888888862,0.006824466666666653,0.0062282333333333086,0.008129244444444456
0.4165842222222283,0.20141533333334238,0.21327555555555794,0.011974777777777766,0.009982444444444443,0.012262666666666632,0.07844888888888887,0.031057777777777754,0.43730836666666545,0.3434620777777708,0.35128815555555726,0.4309253333333345,0.009283866666666672,0.007362577777777769,0.005885611111111115,0.008899422222222234
0.41980411111111005,0.13449644444444353,0.1329190000000027,0.012703555555555567,0.009982444444444443,0.012262666666666632,0.07663688888888882,0.021208444444444377,0.35108341111110997,0.3439535444444554,0.3513036666666728,0.4309253333333345,0.005701144444444454,0.004918344444444454,0.005408911111111118,0.005442633333333333
0.3749952222222217,0.13516866666666122,0.13225211111110488,0.008487111111111112,0.006963444444444436,0.006860888888888855,0.07663688888888882,0.021208444444444377,0.35108341111110997,0.34345021111112023,0.35176661111111374,0.3479252888888817,0.005701144444444454,0.0050515,0.006025288888888891,0.005442633333333333
0.34416800000000575,0.1361252222222144,0.13353711111110697,0.005420777777777768,0.006470333333333381,0.00633322222222225,0.07689955555555548,0.017220555555555548,0.6942379888888865,0.6843173444444549,0.39666247777777625,0.347182411111103,0.0069014777777778044,0.009025266666666655,0.006219577777777794,0.00842253333333333
0.3500356627041301,0.25597333629597235,0.13393445172757673,0.006044439506721496,0.006469614487279239,0.006245750472169697,0.03915420508832358,0.013437729141206544,0.675585197349995,0.6659708761749996,0.38578460832499584,0.3382424640249921,0.0051229312500000275,0.006325393899999999,0.006059423650000015,0.00672824627500001
0.3492731111111122,0.25493244444444624,0.13394933333332423,0.006009000000000006,0.007839666666666665,0.006887111111111091,0.03915855555555561,0.009104999999999919,0.34240131060000883,0.3395508714000049,0.3899848366571386,0.00561771268571444,0.0034834397142857296,0.006394261599999999,0.0037815231428571616,0.005532095771428556
0.23147360817867446,0.25589098788753345,0.25362873652627244,0.00667851983553731,0.007855317257473043,0.008034892765862896,0.00617368596510707,0.014151016779642185,0.3524011918147173,0.3486486395322675,0.6753158871149152,0.33551669664943207,0.005128704744771739,0.0067313357319541255,0.005997919946031037,0.00568410164155609
0.14983720413379345,0.12730936770752618,0.25329558839871,0.004657073008111959,0.007855317257473043,0.006484831647960883,0.007923769307700841,0.010688743193688155,0.3509550708342783,0.34927746795592574,0.35768310096694933,0.3351549921295335,0.004474522149763881,0.006105082077805272,0.004970260850011263,0.006908095345176516
0.15152588888890428,0.1272952222222254,0.25326744444444355,0.0039623333333333515,0.006336555555555555,0.007137444444444382,0.007922888888888875,0.015564222222222117,0.3514479986507849,0.3476113784573929,0.3582771194063444,0.3337849673937483,0.005349201709017318,0.00690409264672813,0.0045001461659546025,0.006908095345176516
0.055056672963661804,0.12677486387375198,0.12625969552172495,0.005314146016224028,0.006085009445493918,0.006288032003555977,0.008270363373708161,0.013666518502055771,0.3509374634585101,0.3482955025860231,0.3580474477175554,0.3331254553631642,0.004680290083202151,0.007134585113559701,0.004726096244659326,0.007190937710816271
0.05182490834352372,0.1262970781024324,0.12488201310965208,0.005918009110098889,0.006736140428841243,0.006286634818353545,0.008332629707810197,0.014842017553605091,0.34983477234401905,0.3479204834176521,0.3570115795390557,0.3336651826868973,0.00464758853288363,0.007133783024170881,0.004725564924114675,0.0077433052276559946
0.05258473163686057,0.125716857428597,0.1260664518279764,0.005352816979664387,0.006052450272252535,0.006439159906656325,0.03306756306256252,0.01813601511279038,0.35077453339331016,0.3479596019788639,0.3567661457162066,0.3317587137395991,0.0052832808635034905,0.008685091072633225,0.004922577018214543,0.007744175848886898
0.0504038440173259,0.12519331185423316,0.12559748916785496,0.006236751472058623,0.0065431618709032,0.006437729141206564,0.03168159093434066,0.017175869347850273,0.0028983247132921444,0.1542941533618142,0.31189765010119525,0.33253337081178697,0.0035777490442995157,0.004663964470429503,0.004628738475376657,0.007819979761637058
0.0457158573174885,0.004253250361138464,0.18207711967996348,0.005613734859428758,0.007346927436381811,0.008176241804645,0.032303922658073185,0.023847427491943584,0.10599848243999184,0.16454905021143423,0.05402686603999292,0.18320614355427078,0.006068704380000026,0.007804188459999998,0.006616704991428564,0.008391812877142857
0.1526223928489671,0.13751673160669323,0.2880326610130646,0.010615746046298441,0.009353082741233122,0.009778478111391186,0.03434437313774914,0.030036099014439654,0.20249298749999411,0.18136048749999745,0.055971474999992665,0.18980034999998452,0.007978850000000027,0.008748199999999994,0.008397437499999973,0.010880862499999998
0.193445462878096,0.1365261228231104,0.16468572410632099,0.010769362969752476,0.008748739688359312,0.009898029330889064,0.03434647112740621,0.02482756645279556,0.17999376666666145,0.16187261111111362,0.14829207777777104,0.16942170000000248,0.007542722222222228,0.007776177777777773,0.007464388888888865,0.010132655555555549
0.19160020625646004,0.14536587601694265,0.17592483098430353,0.010911424315343187,0.010682479660822688,0.010631259310186797,0.031473014781712,0.02851082846338942,0.18066838888888825,0.16125118888888956,0.1489184444444397,0.16925794444443912,0.007542722222222228,0.009573866666666663,0.007587222222222215,0.010133855555555571
0.18984152629769635,0.14536587601694265,0.17592483098430353,0.010911424315343187,0.010511745158702882,0.009957488254841381,0.06719181849432791,0.023481608800275024,0.18486039999999726,0.4169170555555582,0.14833142222221973,0.3864240888888857,0.009734355555555565,0.011824600000000003,0.007587222222222215,0.010133855555555571
0.3468110461785372,0.14540540850235023,0.33703460524808837,0.01483258851839124,0.012840609602383365,0.014077804514724394,0.06637023031969762,0.03604079294144621,0.4610318222222216,0.42775855555554665,0.14866835555555882,0.38588439999999957,0.009734355555555565,0.01105871111111111,0.009607611111111115,0.012219044444444452
0.34746413018565164,0.320165024066012,0.3381449690579733,0.013458514783405923,0.012169035067613956,0.014936740774696318,0.06550091680036682,0.04328271831308728,0.4610830536726296,0.427713368152014,0.41132330258917554,0.4416890432270244,0.012987331925769542,0.011648472052450273,0.012269585509501059,0.013277297477497493
0.3474958175776341,0.31944505557464825,0.33785607883580193,0.01429712386845422,0.0144472327260226,0.01479305603300094,0.04259676864902021,0.04145055574653375,0.4607718444444421,0.4276658444444416,0.41045822222221773,0.4416399666666659,0.012883622222222234,0.010241266666666665,0.011903511111111108,0.01327582222222222
0.3475356406142577,0.31981228512492105,0.33702429520973204,0.014591680036672038,0.013782718313087356,0.014794751317900435,0.04404526701810668,0.0414553059821224,0.4613404222222136,0.2790848777777784,0.41066499999999767,0.44160613333332954,0.012883622222222234,0.010241266666666665,0.013236111111111103,0.010218688888888893
0.34709648218174144,0.32097078033689735,0.27839566861466186,0.0153361980061877,0.012953821473587722,0.012958748710897198,0.042715824452847266,0.03513085825598721,0.3660076888888884,0.27988532222221985,0.3635634222222279,0.2756506111111195,0.010352755555555563,0.007574022222222214,0.009629511111111122,0.013977255555555559
0.23632022222222482,0.18215733333333145,0.17274422222223823,0.009364333333333284,0.010099333333333288,0.014207777777777845,0.06467422222222217,0.027311111111111213,0.28433195200532946,0.270176402621936,1.7408772803021955,1.3913087101433315,0.009406943672925237,0.00907066992556383,0.009433218531274322,0.012506043772914128
0.18757273030337498,0.18294921657961538,0.9411599066562875,0.01272252472496944,0.010100455606178418,0.01206045116124017,0.0645937326369595,0.038840648960995684,0.333973422222218,0.6014364555555574,3.0652569222222263,2.604665755555554,0.011967277777777776,0.0107027,0.00997251111111112,0.01247577777777779
0.8363753333333332,0.17491833333332985,1.4077471111110957,0.01203777777777779,0.009277000000000079,0.012665111111111078,0.06554633333333332,0.038941000000000045,1.117963688888889,1.286100266666665,3.91191026666666,3.3781882777777845,0.012296933333333331,0.00890501111111111,0.00939468888888888,0.01059977777777777
1.428258415731578,0.2816285968225889,1.4075907121430797,0.01308410176647041,0.012421842017553612,0.01358393511832011,0.030907565826019417,0.03893667370292194,1.1132845555555568,1.0304343999999965,3.91191026666666,3.1610221333333377,0.009240922222222208,0.006343911111111119,0.00987053333333332,0.011114155555555543
1.246035444444437,0.2806216666666741,1.7719195555555418,0.008614222222222228,0.009352444444444509,0.008484111111111088,0.03136677777777782,0.03313011111111111,1.864943755555566,1.6752053777777862,4.627084944444448,3.993003488888892,0.009644366666666676,0.006929566666666662,0.007273999999999982,0.007979277777777776
1.562881444444454,0.61142722222222,1.770880444444452,0.008614222222222228,0.010240333333333358,0.008472888888888875,0.03277899999999987,0.024943000000000187,1.864943755555566,2.6064120888888866,5.378042600000006,5.0451528777777845,0.0063011111111111,0.006341099999999992,0.005140911111111094,0.00657877777777777
2.040907555555552,0.61142722222222,2.3212438888888807,0.008486222222222199,0.00855622222222231,0.008300111111111126,0.03025077777777775,0.023424444444444446,2.9165070222222296,2.6064120888888866,5.378042600000006,5.0451528777777845,0.005775688888888862,0.006082766666666669,0.005166299999999998,0.00657877777777777
2.040907555555552,1.0906681111110983,2.3212438888888807,0.007316999999999969,0.007950666666666687,0.008300111111111126,0.029848000000000024,0.024578222222222047,3.5653973000000105,3.5921708000000008,6.223486966666665,6.239861544444451,0.00630715555555554,0.006082766666666669,0.003608155555555542,0.006358344444444435
2.4597554987780432,1.089267162852682,2.8017071761830548,0.007834703399244655,0.008607531659631124,0.008382914907798274,0.030566874027994084,0.024634970006665025,4.372606988888887,4.395357277777774,7.052145144444451,6.239861544444451,0.005253766666666653,0.005715122222222227,0.003928044444444455,0.002599777777777769
2.704512222222219,1.6175559999999982,3.0547319999999827,0.008456777777777784,0.008023111111111092,0.004796555555555532,0.0063211111111114195,0.02464044444444428,4.372355383931546,4.3958457050783375,5.675268440937887,6.078614290476718,0.005283375930658962,0.004065485053894873,0.0027524169352150436,0.002754050450049998
3.0844264444444387,2.0372735555555566,2.6602037777778,0.004279888888888886,0.008023111111111092,0.00595244444444444,0.006829222222222203,0.013710777777777851,4.9514282207907625,5.011717558862729,5.250777387827637,5.599241292758774,0.0025895713016437284,0.002782152376721458,0.0026587405597512277,0.0029959684584628956
2.7388286666666524,2.036115333333353,2.1820193333333515,0.005129888888888878,0.008058888888888838,0.005209222222222248,0.007505333333333179,0.010037333333333405,5.060887212531942,4.328800199977786,5.353763804021784,4.826954516164871,0.0022608154649483543,0.0027830796578157987,0.0029503944006221638,0.0029969670036662493
2.1470254472719117,2.4167140793421518,2.7385728414268224,0.0045396155128347715,0.0039008778753194333,0.004289365485053966,0.007506167351927838,0.010784976108456492,5.060887212531942,5.364075513831801,5.353763804021784,5.970811665370511,0.0030423397400288947,0.0027247972447505854,0.0027891456504832977,0.0030494722808576745
2.610010999999986,2.416445555555558,2.216941555555549,0.004508777777777794,0.004591555555555497,0.005206111111111196,0.007964999999999852,0.00410588888888894,4.931094177777773,5.5341146444444425,5.632535066666662,5.139493733333332,0.002639233333333318,0.0026469777777777814,0.002789455555555573,0.0030498111111111033
2.622578222222223,2.4239161111111116,2.7441375555555525,0.004508777777777794,0.004346222222222215,0.005213555555555595,0.006552777777777803,0.0037051111111110974,5.785169444444434,5.269976966666671,4.618968166666665,5.09345741111111,0.0027119666666666703,0.0026469777777777814,0.00274183333333336,0.0027136444444444408
2.4521080000000035,2.806339555555572,2.192860111111107,0.004655777777777814,0.004585333333333294,0.004555111111111189,0.007915777777777954,0.004777222222222161,4.554661449974989,5.071430584447504,4.4449485409874985,4.9015614031474986,0.0026097933225000037,0.002105716795000006,0.0021850658375000146,0.0026114078899999965
2.451835573825134,2.326058771247656,2.6946160426619374,0.005272080879902246,0.005244861682035287,0.005803244083990721,0.00691812020886586,0.003623041884235203,4.389242493175607,3.8974673238297446,4.123258588615912,3.5468762915782004,0.0023139824082499248,0.002504923667981001,0.002108866646446282,0.0020535234051157654
2.51444932207158,2.819234496554805,2.2131315847966375,0.00403056234718822,0.004587686152478376,0.005359413202934015,0.007815959102022665,0.0038860857968439372,3.6551173205257887,3.9504455813953445,3.9110144388270887,4.535438048533874,0.002314216380182003,0.002381597573306372,0.002085753286147597,0.002576461071789685
2.6460701111111073,2.659639777777759,2.513468666666667,0.004465333333333297,0.004751666666666685,0.005905222222222228,0.008712888888888574,0.0044775555555557475,4.649027836198178,4.704212780586455,4.9474357735085865,4.397142234580384,0.0022350455005055473,0.0019839231547017218,0.002085753286147597,0.002004843276036396
2.2661558888888877,2.2391506666666476,2.1387316666666467,0.005239000000000043,0.005681444444444455,0.005458888888888878,0.007116444444444407,0.004237888888888838,4.635597521747923,3.8408188448310714,4.037967641108634,4.294234351608333,0.00254600445073842,0.0020212826218895417,0.002128393688043705,0.0019026299817924285
2.344660333333347,2.741447222222203,2.6229834444444453,0.004389000000000051,0.004593888888888861,0.0048862222222222,0.006722666666666852,0.004877777777777661,4.4192455758924005,4.7602543836586175,3.9410014359389245,4.29293162099302,0.0025452320760440917,0.002361108302153901,0.0022742542218626882,0.002431914248154517
2.6496951449839075,2.254124986112635,2.5955566048216903,0.004545606043772918,0.005397622486390496,0.0060268859015664275,0.006721919786690554,0.004130874347294701,4.418798736097063,4.468988594539935,4.649734014155714,4.31303812942366,0.002323033367037419,0.001977805864509593,0.0019877553083923246,0.0019157937310414616
2.8008438003220784,2.8737925005750915,3.0317481021394213,0.004699907982516631,0.0060020703933747616,0.005913618587531547,0.008122498274672435,0.004712675408327583,4.548455474673949,3.717188575472649,4.265044151248614,4.312602072591243,0.002636255181478108,0.0018890102113032004,0.002514245273480949,0.002452188858558281
2.807572972972956,2.799970672800469,2.859217941345616,0.005856239217941303,0.006268545140885544,0.00595767682576187,0.008976998274870512,0.005763082231167349,3.7716982507583503,4.1558253286147595,4.265475399393332,4.3644615065722965,0.002187654196157734,0.0022119716885743083,0.0020777856420626864,0.0020983417593528715
2.4886687370600273,2.764538417299287,3.200189671037498,0.006023349436392946,0.005476880607315351,0.006699217851391668,0.007567057740970525,0.005157464918334441,4.19292277835625,4.395250217968747,4.830561415699998,5.334196393756246,0.0023333869437499946,0.001795865599999987,0.0022303312749999966,0.003029229256249993
2.9988481536868608,2.764856436213045,3.069570343954903,0.005385367537098873,0.0055640170251926805,0.005407109168296259,0.009391924536983863,0.0051580582077533224,5.024639022222217,5.7289829999999995,5.019091022222221,5.542382122222219,0.0028080111111111073,0.0025517222222222256,0.00262966666666666,0.003147455555555549
2.952420126509474,2.6632558941920528,3.068864289821733,0.005964002300172517,0.006457619321449058,0.005842898217366234,0.008890396779758428,0.005371477860839486,5.710148355555556,4.867211911111123,5.340927877777778,5.299262644444435,0.0032174777777777795,0.002214222222222222,0.002825155555555566,0.0031182666666666713
2.5604449172033106,2.8289229530818796,3.03519779208832,0.0059818307267709685,0.00552035418583255,0.006325436982520661,0.007959291628335134,0.004757819687212437,4.6174380846572705,4.803290712143088,4.79241830907677,5.287798755693814,0.0031010554382846427,0.0026895789356738086,0.002824841684257316,0.0031179202310854404
2.9551648263170076,2.829573729008515,3.03589602024385,0.005182309638831335,0.0055202438463309,0.00559236254888425,0.009098113641592239,0.005083965953531173,5.012807011111119,5.974062800000006,4.792950799999999,4.665675477777779,0.0027961222222222214,0.002651122222222215,0.002912822222222228,0.0031275666666666733
2.9500824706694253,2.770972739820588,2.901309868875082,0.005942834138486328,0.006160915573959005,0.006699562916954172,0.009123533471359463,0.0044215550954682095,5.09238062222222,4.962527188888884,4.974894677777784,5.804855755555551,0.0032514444444444422,0.0028097666666666602,0.0024610444444444395,0.0030846555555555555
3.062077303577582,2.771291498907189,2.7102161509260396,0.006032900034510467,0.005328885310019381,0.005518693201426431,0.010291038766823765,0.004994938456229193,5.092380622222222,5.274526622222226,4.195638433333341,4.638299699999998,0.002713722222222221,0.0031321111111111137,0.002973911111111101,0.0035359000000000054
2.438505832685255,2.6524888345739472,2.700508610154427,0.006110876569270112,0.005095878235751635,0.005594156204866162,0.007217642484168238,0.004305410509943319,4.885125377777778,5.274526622222226,4.742164944444448,5.782874533333342,0.002873855555555558,0.0030718222222222116,0.00239507777777777,0.002946188888888905
2.436322146905218,2.2157444160462263,2.622677075230575,0.004994443827091925,0.0047400822313591415,0.004724636070674534,0.008011334592732906,0.0038684298255360293,5.974748711111114,5.161076533333338,5.489286455555552,5.254375333333336,0.0032822222222222415,0.0031707111111111217,0.002907599999999988,0.003598844444444458
2.812149777777778,2.3525003333333343,2.2933246666666744,0.0046527777777777895,0.004739555555555657,0.004830777777777801,0.008010444444444827,0.0033815555555555144,5.612283742638071,6.039644271585731,4.399267774197134,4.508552416935222,0.0028995110567841017,0.0031710634514946216,0.0027694521613512556,0.0027575397266363026
2.675125986001566,2.658681479835561,2.4457644706143746,0.005408399066770282,0.0053699588934562606,0.005386845906010512,0.007954671703144109,0.003934562826352675,4.944136781864659,4.8773224024891615,5.466902000222259,5.370842026891878,0.00321615735081676,0.0029114790532281283,0.0028056784087120822,0.003346027336370713
2.237862318035346,2.5986868540948986,2.446308034226023,0.004849316590732277,0.0051982442493611275,0.004980220024447172,0.006817757528614338,0.0032534726080675285,5.345939351183198,5.599985323852905,5.439584401733138,5.231050438840134,0.003452705254971675,0.003211654260637697,0.002315364959448961,0.0032153316298189154
2.6124473216270276,2.3924766614803312,2.4004217603912044,0.004689597688375174,0.005198821960435741,0.004621693709713234,0.00805856857079336,0.0032538341853744937,5.343564697390335,4.833003642420889,5.485436935036089,4.438124097723484,0.0030664630760688523,0.003159766796224323,0.0026986451971127215,0.0036001110494169822
2.7183023333333396,2.3919450000000024,2.7429412222222207,0.004688555555555535,0.005122555555555408,0.005538555555555627,0.008441999999999913,0.003505555555555478,5.47378220197756,4.829030274413952,6.061744650594379,5.446503744028431,0.0031727696922564134,0.0028104321742028703,0.0025685146094878266,0.003032963004110647
2.340301855349409,2.3898511276524657,2.388434285079421,0.004820908787912456,0.004503166314853898,0.004468503499611236,0.007174536162648697,0.003505166092656294,4.738508733333338,5.866851633333327,5.037145311111101,4.884446033333334,0.003237988888888882,0.0028490333333333426,0.0030844111111111194,0.0030841222222222193
2.295256749250077,2.8735117209198813,2.4719154538384553,0.004843684035107238,0.00538717920231097,0.0056245972669703844,0.007672369736695848,0.003485279413398516,5.743592211111115,4.8390016777777785,5.704592666666656,5.873673855555555,0.003563355555555549,0.002526688888888891,0.0025715444444444594,0.0033091333333333315
2.295766862984769,2.376363040337807,2.348095121680182,0.004641849094343807,0.005523835981775752,0.004759195466162916,0.0076740748972107245,0.004025113901544465,5.82461543504833,5.522796544060453,5.540006178464272,4.729624536059551,0.00305907323035893,0.002499066562951468,0.0030490387820869135,0.0036777641960217757
2.511205421619828,2.929019886679257,2.3656699255638176,0.004640817686923667,0.00497889123430728,0.005773580713254134,0.007338962337517851,0.0041273191867570785,4.733818942339729,5.172088701255413,4.79173669592268,4.934234196200415,0.00326313742917453,0.0023581713142984168,0.0029121430952116487,0.003024363959560047
2.4203536273747406,2.444186868125754,2.748552716364839,0.0050575491612042354,0.005609598933451862,0.004951338740140062,0.008313854016220215,0.0041273191867570785,5.030244995000554,5.027723797355846,5.754921353182984,4.934234196200415,0.003694333962893009,0.002807899122319738,0.0025500944339517818,0.0035330852127541425
2.0650784531614557,2.634622180242253,2.220857317479709,0.004302366929658863,0.005159351039004315,0.005325925102789269,0.007454161573507849,0.0039043227025225423,5.030244995000554,5.027723797355846,4.687524352849676,5.1768263192978665,0.0029942450838795764,0.0027431396511498683,0.0028370181090989744,0.0034500166648150287
2.563173999999991,2.631585444444454,2.774630222222211,0.005453333333333335,0.004467111111111027,0.004674666666666777,0.007453333333333016,0.00405333333333344,4.885169122222228,5.3096469777777795,4.916434066666679,5.300977722222232,0.0030625444444444387,0.0024425888888888873,0.0028373333333333185,0.003035133333333335
2.477313666666684,2.3085928888889007,2.5962580000000095,0.004539666666666658,0.005238666666666663,0.004980888888888973,0.007275666666666878,0.00405333333333344,4.888428074271742,6.01433243273293,5.034698376695584,5.304514064932185,0.0030645875027796245,0.0025205359128307805,0.0027485101178563475,0.0031869913275517055
2.4272226666666685,2.677491888888906,2.566471000000017,0.005586777777777781,0.005047000000000148,0.004062999999999977,0.005792111111111196,0.0036090000000000722,4.916360895655078,5.735206611845753,5.0800245693966,5.28111577953107,0.003118513168129794,0.002875352816979666,0.0026406267363040313,0.003644982775863991
2.750668963218127,2.6863480386709617,2.566756195132809,0.005547505278364215,0.00504756084009349,0.0051231247916435655,0.007417046338481877,0.0051463495943994166,4.915268492389741,4.696762704143982,5.078895800466617,5.493689434507281,0.002964648372403074,0.0023037773580713303,0.0021244861682035133,0.0035432063104099566
2.6964372222222313,2.2023352222222203,2.6851674444444598,0.005559888888888883,0.005172222222222208,0.003966333333333418,0.006866111111111116,0.004612333333333317,4.399572550000009,5.284445137499997,4.963514362500003,5.068206025000006,0.0029695625000000087,0.002592037500000005,0.0023903124999999775,0.0032257624999999963
2.6961376513720787,2.747411065437192,2.39339273414066,0.0048320186645928,0.004970003332962927,0.0052266414842796,0.007943672925230683,0.004158537940229036,3.252847003820383,4.3578703783674735,3.7547603851936433,4.890885518736309,0.0028656668960556743,0.002151798409921023,0.0017886639572917936,0.002713146565898748
2.5673686666666526,2.1944700000000115,2.5729321111111103,0.005992666666666659,0.005769666666666575,0.005076888888888773,0.006659555555555604,0.003478444444444525,4.219912037349535,4.119910529868378,4.39387820902238,3.7552549555630597,0.00246932163347959,0.0020503431207109855,0.0016253009337383185,0.002530329620879738
2.7364067118568687,2.7016489609956533,2.5033781531281303,0.004923102566951906,0.005139459939993198,0.005784309367707414,0.006591065673963718,0.0043282586954105804,4.20973813273341,4.416801124859391,4.096983093363321,4.818943172103492,0.00232452193475816,0.0020784139482564706,0.0016251181102362106,0.0024770191226096837
2.736102666666663,2.2050012222222097,2.503100000000005,0.0057405555555555396,0.005427555555555507,0.004853555555555408,0.00705911111111135,0.0043943333333332415,4.20973813273341,4.416801124859391,4.876056636670415,4.4394667491563435,0.00232452193475816,0.002005793025871769,0.001402272215973011,0.0024181102362204744
3.140136833639699,2.4899819623161688,2.542848575367665,0.005645335477941175,0.006600298713235304,0.006083639705882289,0.009127757352941504,0.004314797794117486,4.390889257592799,4.489907896512937,4.510948863892006,4.284330573678283,0.0021188188976377985,0.002619482564679416,0.0018718222722159796,0.0024181102362204744
2.8419365808823285,2.9232105928308694,2.7054532398896947,0.006274701286764716,0.0068893612132353,0.006355124080882379,0.00890062040441167,0.004623621323529355,4.390395399842535,4.342189888651453,3.747057822517144,4.283848700933521,0.0021185805871105643,0.0021116072432797077,0.00189766055561805,0.0023708806658418718
2.7085504365808624,3.0114176240808654,2.8802223115808636,0.0060464154411765106,0.0062051930147058705,0.007229434742647048,0.00890062040441167,0.004841911764705929,4.328742582386678,3.442935856484096,4.02354483185244,4.412328556967723,0.0020117872005398817,0.0023685637161174177,0.0015515240130469189,0.002315093915195132
2.7932894071691248,2.54361477481618,2.8802223115808636,0.005748046874999968,0.007231158088235217,0.006133846507352854,0.009446346507353005,0.0032528722426471393,4.329229505061862,4.428644409448825,4.023997424071997,3.6127580314960683,0.0016404724409448922,0.002368830146231717,0.001930416197975268,0.001820168728908875
2.8603936573595297,3.101875675054594,2.68350028725727,0.005607261863725147,0.007165575089049781,0.00791658048948627,0.008336320808916544,0.003888773985981869,3.9610824438085723,3.5809507687542856,4.059147558522865,4.529679027280003,0.0018017618828571403,0.0025521428171428476,0.0020204071542857405,0.002289089502857147
2.859736473291211,2.5372997128087253,3.002711545089028,0.005605973578403212,0.006879954049397026,0.00738621481906948,0.008313153360137717,0.004706605399195748,4.827636927020302,4.6117130928133205,4.883601223533,5.188422677140985,0.002059568117032235,0.0025241301551368485,0.0023774103918260295,0.0027610198600956067
2.7754722509479515,3.0138607376766418,2.507229346202474,0.0053082844995978856,0.006788119039411727,0.006493163277031043,0.008315063771113273,0.004994369757554713,4.951836451505396,4.730357593600711,5.009240528830134,5.321904055104991,0.0023936562604155017,0.0030585712698589173,0.002822808576824805,0.002832051994222857
2.700838139000578,2.4891121194715713,2.710600229753016,0.0053070649052269275,0.006786559448592793,0.0065955198161975455,0.00898357265939127,0.004115106260769624,4.914819379931104,4.706590121124571,5.392953250361154,5.376106289587729,0.0025083453717079547,0.0025814646071785894,0.0028234359373263775,0.00280518946549614
3.054294002757363,3.046180951286778,2.710911649816177,0.005123851102941244,0.006169117647058871,0.007317095588235393,0.007625689338235262,0.004361213235294118,6.005109177777776,4.70606716666667,4.622802499999997,5.321966300000011,0.0025080666666666544,0.0028332666666666703,0.0028919555555555632,0.002753344444444429
2.1547581111111263,2.762307888888902,2.6294013333333375,0.005261888888888974,0.006141333333333381,0.006775222222222156,0.007212555555555235,0.003633555555555606,4.883894321591284,4.64830521169018,4.979197577508611,4.64795425047228,0.0023687743082564747,0.0026460940104456117,0.002860728969885553,0.0027536504056006063
2.5350026666666663,2.3433276666666845,2.584956555555563,0.004653222222222296,0.005605333333333265,0.00555155555555547,0.007604777777777609,0.004120666666666711,6.081311645738416,5.151216612956983,5.781466818535384,5.670185042782535,0.002811267918657629,0.0026460940104456117,0.0025410934548283116,0.0027966996332925826
2.5110581111111214,2.2852400000000066,2.1026695555555714,0.004363888888888883,0.005605333333333265,0.005304444444444359,0.008890666666666725,0.0039623333333332535,4.973633155555553,5.775175466666661,4.885633999999985,4.556560744444445,0.002931144444444441,0.002508577777777774,0.0030689888888888774,0.002768311111111113
2.4543278524608265,2.7528274636151506,2.650665148316859,0.004568936784801698,0.005718364626152581,0.006041439840017673,0.0067380291078770705,0.003961893122986255,5.733537359706633,4.802430614512723,5.513221702411372,5.6500384376041755,0.0029314701633514797,0.0029378375375041614,0.0026951994666073913,0.0031916324036004133
2.075821333333326,2.2135776666666516,2.2951098888888737,0.003970000000000005,0.004773888888888757,0.00487277777777785,0.007895888888888753,0.003757000000000035,5.513754449505607,5.97828946783691,4.487473991778687,4.621773047439173,0.0029202199755582648,0.0023315520497722516,0.002774725030552149,0.0031509387845794832
2.5488319626583564,2.6022356079128635,2.4772946210268842,0.004505112247166091,0.00492542787286061,0.004124027561680363,0.008266392531673978,0.0033796399199821983,4.580819333333324,4.88123506666667,4.745663000000005,5.110198222222213,0.00299621111111111,0.0028316777777777917,0.0030617666666666785,0.0026413888888888923
2.688321075436065,2.14114876124876,2.4764689478946686,0.004284635040550987,0.004215087212532025,0.004913120764359382,0.008263637373625428,0.0034206199311188094,5.480065096121784,5.573139893321473,5.754637115235026,5.7679986665185,0.0030460162240248936,0.0026582286920768827,0.002677786420713424,0.0033677519724413835
2.3064766085120585,2.664185576175144,2.4134367151905787,0.004813201466829606,0.005225580620068857,0.00410690076675189,0.007835870652294736,0.0034213801533504165,5.537595089434511,5.388426408176865,4.700405032774137,5.380337073658479,0.002642750805466067,0.0029193534051771895,0.0032336518164648455,0.0034957560271081205
2.3511606488167933,2.5742663037440296,2.814004666148216,0.004171980891012089,0.005335296078213599,0.0042463059660037845,0.008877346961448741,0.003618931229863385,4.447374488888897,6.116958188888886,5.58969893333334,5.486664199999988,0.0032556555555555396,0.0030955555555555615,0.002749833333333334,0.0034701111111111187
2.760731807576945,2.223479835573816,2.6473846239306513,0.003938895678257933,0.004981446505943826,0.004366181535385045,0.007271414287301635,0.0042831907565826334,5.328062881902021,5.0972654038440135,5.268793722919678,6.163772925230528,0.002883357404732783,0.003049394511720915,0.0027041995333851624,0.0034697255860460016
2.3807940000000247,2.7680826666666642,2.2383441111110947,0.003939333333333295,0.004466888888888971,0.004366666666666754,0.00753733333333331,0.003497888888888825,4.969150661037659,5.02666828130208,5.184044772803033,5.1417692700811015,0.0029851905343850553,0.003049394511720915,0.0031305632707476928,0.003545561604266197
2.582507555555544,2.653838888888888,2.6654448888888918,0.004030666666666664,0.005479111111111164,0.004927555555555685,0.007423999999999925,0.0038023333333333893,4.9697027888888865,5.171452266666668,5.18462077777779,6.183326377777778,0.0024573222222222064,0.003073477777777775,0.002967377777777777,0.003169433333333348
2.2341206800755566,2.5019085453939462,2.1173900433381614,0.003923880431159027,0.004373708189798981,0.004190354483831683,0.00811190132236908,0.004340926769641045,5.369434240639924,5.170877724697256,5.3947443395178265,5.089910921008778,0.0031147650261082105,0.0026442506388179073,0.0033897122541939723,0.0034182313076324914
2.6979018888888886,2.5016305555555696,2.632615555555554,0.004789666666666668,0.005133111111111157,0.004476111111111002,0.006953888888889124,0.0039312222222221355,4.674424233333332,5.09049888888888,5.395343755555552,5.857842277777779,0.003203155555555553,0.0031685888888888917,0.0028329333333333216,0.0034604333333333463
2.7113293333333486,2.606576999999991,2.4400254444444474,0.004255555555555506,0.005372555555555418,0.005121555555555565,0.006506333333332985,0.0038788888888888888,5.725123322222228,5.887658399999999,5.411707355555551,5.5000666111111265,0.002842733333333335,0.002668722222222216,0.0025312666666666614,0.0034604333333333463
2.2323431492388126,2.922837204133787,2.862888765418383,0.004584398266474106,0.005373152572507918,0.004895321702411367,0.007891099011001181,0.0043819313257029355,4.82595023886235,5.195795500499952,5.176039362293076,4.8423690145539435,0.0030663815131651943,0.0028543050772136466,0.003023730696589265,0.003332607488056893
2.6727826908121224,2.3997429174536076,2.764452727474737,0.004842795244972783,0.005275080546606068,0.004894233974002878,0.006764803910676654,0.004380957671369928,4.925584742749179,5.292457161906885,6.057243482609173,4.987478330925661,0.0035629736637403982,0.0030778086454050424,0.0024678186465162794,0.00277560840093343
2.5742785865096116,2.4217430825647184,2.3638737637515317,0.004843871541282366,0.005282586954105946,0.005058339815535035,0.007130458939882341,0.004553839315479425,5.5246114888888815,5.241440788888898,5.167798822222213,5.190468111111109,0.002949966666666674,0.0026936444444444485,0.003067266666666661,0.0029473111111111222
2.4883113679297635,2.4217430825647184,2.556017668629865,0.005031892432492528,0.005069674408267566,0.0042095788420935375,0.007971441271252397,0.004374597177464204,5.353238993221458,5.24202323591511,5.129025669518835,4.513175986220676,0.003390698966551852,0.0026884987220802295,0.003200644516057347,0.002947638626514068
2.7883206666666513,2.4075254444444454,2.5557336666666846,0.005492333333333359,0.005069111111111093,0.0049967777777778135,0.006470777777777986,0.004374111111111153,5.185640533333334,5.174578455555551,5.1017863,5.165321177777767,0.0033929000000000077,0.0026881999999999987,0.0027738777777777703,0.0029360555555555637
2.3024758888888956,2.5221707777777738,2.546159999999999,0.005451777777777759,0.005072666666666553,0.0043076666666666975,0.006838888888888938,0.004104333333333364,5.445894867600001,4.626938958249991,5.3578321999312495,4.331325459549989,0.0035631811687500082,0.002301649268750002,0.0025301467312500016,0.003083408843750009
2.7529234444444532,2.2064857777777687,2.546159999999999,0.0048143333333333285,0.005860444444444508,0.004926444444444419,0.006151888888888932,0.003566222222222335,4.314482724,4.7214674379999915,4.5695796617571505,4.419814548057132,0.002931062285714276,0.0023486720214285738,0.0021288423500000066,0.002426104171428576
2.8633128347754466,2.8442816234033828,2.6971206221672914,0.0049184177997528165,0.006012772970745809,0.005451689328388969,0.00845096827358856,0.004891326740832303,4.073570320404722,3.3487876335019635,5.101678864530642,4.511474839797635,0.002061720067453625,0.00229281618887015,0.002592996065205174,0.001758043844856665
2.811792417842798,2.7382443597403974,2.8326870299783664,0.005828474296899133,0.005700834449366517,0.0048538168332130475,0.00879159369527168,0.004252189141856379,3.834302136031473,3.7117946037099396,3.9224034401349104,3.644454423833606,0.002493726812816192,0.00229281618887015,0.002752107925801006,0.0022805059021922427
2.811792417842798,2.7247604821263134,2.7648851344390564,0.005558256927990117,0.005700834449366517,0.005072215926650923,0.008235603172967973,0.003988770990007069,4.515948499156825,4.48469743676222,3.9287972231590733,4.294644137155693,0.0024087577290612793,0.0023575941540191162,0.002253490725126466,0.001674907251264759
2.785038013804481,3.1209144946945493,2.4413330586174733,0.004828577315339479,0.0057796435561964,0.005722159266508746,0.008235603172967971,0.0039887709900070685,4.098642524730225,4.302822380845324,3.939403316097131,4.125879676258994,0.0019068345323741177,0.0022208071043165597,0.0027843300359712006,0.00234857239208633
2.8877075607746296,2.6843154099711617,2.8701950968273535,0.005827564894932051,0.005795735475896146,0.005595385249279006,0.00796611042439204,0.003702204367532047,3.492451669477237,4.282549589657109,4.688141023046667,3.725762293423275,0.0025654974704890556,0.0022933333333333182,0.002177841483979748,0.0018008431703203974
2.5879194395796885,2.987657875759767,2.7003902338518437,0.004778613371793556,0.005273410940558262,0.00559596167714027,0.008561244462758705,0.0036780673740599385,3.905961998426439,4.89779140159604,3.9237300325952624,4.56804935371475,0.0024541081263347317,0.0019211082387321568,0.0024664044059795414,0.002386984376756211
2.65784033786568,2.8859738360115337,2.7001120725174954,0.005312010712814149,0.006191388545529391,0.006063040791100046,0.008560362587556524,0.004174495261639868,4.181092120053967,3.9669451326438883,4.033663871402874,4.4968199640287825,0.0019011241007194334,0.0024191996402877754,0.002466681654676257,0.002156620953237412
3.052761512310714,2.5186323271865754,2.7196103842587744,0.004767590398681383,0.006029051200164856,0.005627691356752781,0.008601730709796819,0.0036506644689399347,4.12864450050001,5.071360440900008,3.205772585099995,3.339642325799999,0.0024924606000000047,0.0022932822000000016,0.002548337999999997,0.0024785522999999994
2.6348504326328888,2.917682632880104,3.0542266172229,0.005519262463947293,0.005298104655953713,0.006178203543469221,0.008600844664194243,0.004712402142562802,4.986968046599497,5.007949234579984,4.254644666817039,4.012039231336088,0.003026553939741918,0.00258146312874953,0.0028264899718003955,0.0024475610121391074
2.740543572311505,2.790418726823238,2.9246088792748153,0.005364132674083171,0.0052027194066749756,0.005529151215492237,0.00838988463123226,0.004606304079110154,5.055168755555564,6.095362477777789,5.318045499999992,4.719650033333333,0.003067944444444455,0.0030091000000000085,0.00286514444444444,0.003066755555555566
2.34970528771382,2.708101310819819,2.3712760497667182,0.004286491890690925,0.004812819373472494,0.005752277271717518,0.0072598311486334385,0.0037476116418574865,5.363648088888883,4.939431077777787,5.318045499999992,4.719650033333333,0.003380822222222225,0.0030091000000000085,0.0027984888888888735,0.0025503888888889032
2.6968163537384737,2.4070433285190402,2.383167870236647,0.004187868014665065,0.004813354071769735,0.005796133762915178,0.007618486834795926,0.0038202421953117825,4.6899542666666605,5.459998966666664,5.623707766666681,5.162320022222224,0.00291021111111111,0.003050144444444437,0.0032935666666666645,0.003147777777777768
2.2852414712745985,2.3374438270919162,2.8350935659517744,0.0047313034781643,0.004885431714635046,0.005096344038226428,0.0076201800200020155,0.004619735526169732,5.112795211643157,4.724328963448503,4.732305910454397,5.34960774358404,0.003252916342628599,0.002700199977780235,0.002768303521830918,0.0028595044995000617
2.335205866014886,2.708003555160535,2.3716445950449825,0.0036522608599045127,0.0048669036773692975,0.005134429507832279,0.007803577380291286,0.004625486057104786,5.885117944444445,5.095479599999996,5.094856322222209,5.5362380444444454,0.002963900000000007,0.00286446666666667,0.0031876222222222174,0.003326077777777788
2.7163550716586835,2.381166425952667,2.559987668036888,0.004650261082101917,0.00580524386179317,0.006035662704143861,0.006321853127430498,0.004166870347739193,4.766780453383709,5.3194477608623245,5.862401255695069,4.703285131681288,0.0032201800200022178,0.0028647849761084597,0.0028421935770641103,0.0027465496166240713
2.3406622222222118,2.4894754444444516,2.8478005555555734,0.004290222222222282,0.004815111111111116,0.004744222222222187,0.0076300000000001,0.004610999999999995,4.902964496055108,5.3194477608623245,5.063332692521391,4.873902378042006,0.0032201800200022178,0.0029316146238470946,0.0034682631403489196,0.0028646516279586614
2.3575719364515053,2.875228752360854,2.409275747139216,0.004289745583824079,0.004840239973336434,0.005734140651038738,0.0068192423064103724,0.004610487723586262,5.673012644444435,4.883416277777779,6.083506277777781,6.035104666666668,0.003266855555555556,0.0030805000000000016,0.0027789444444444407,0.003015299999999999
2.7019794421602272,2.738302922546959,2.5703512612512607,0.0044536059562173885,0.005525725080564476,0.005095788420935639,0.006820757861984639,0.004053450383375892,4.751149072119116,6.008678153128116,5.639120502278027,5.311773152572504,0.0026941660184464887,0.0027596177353039274,0.0028151905767307374,0.003015635070563394
2.6912677777777643,2.436212888888905,2.169855333333342,0.0037808888888890067,0.004919444444444329,0.005095222222222202,0.006941222222222068,0.0036777777777776935,5.634468355555549,4.9890849222222124,4.633278711111116,5.73567751111111,0.0031968111111111116,0.0028632666666666387,0.003146533333333331,0.00315692222222221
2.3682614734970606,2.2725427269696734,2.6666498499833384,0.004709967774197269,0.004962662518057685,0.005000333370374446,0.005718302033559423,0.00417135237248579,5.558060822222224,5.82380875555555,5.366950177777783,5.73567751111111,0.002944444444444441,0.0028632666666666387,0.0026818888888888942,0.00315692222222221
2.5750372222222118,2.6323765555555636,2.6057073333333345,0.00411966666666667,0.00592033333333338,0.004157222222222343,0.005996000000000064,0.004142777777777656,5.557443328519055,5.356727196978108,5.032828130207756,5.704278035773807,0.003302166425952684,0.002998544606154864,0.002729230085546035,0.0031532496389290363
2.5747511387623487,2.5612469725585987,2.577138762359749,0.0044985001666480815,0.004851238751249858,0.005166759248972428,0.00742884123986246,0.0038516831463169835,5.467571752416935,5.357917713079225,5.0339466607400825,4.822190010001119,0.0029597955328369905,0.003504667185242798,0.0031500722302477864,0.0033711745749527605
2.5188683040675657,2.615521226939329,2.577997999555468,0.005124472104912065,0.005198044009779831,0.004983774172038366,0.006128250722382754,0.003150811291397967,5.615383052164264,5.120135205327422,4.935419800221982,5.1182974694783585,0.003189001109877908,0.0029317647058823464,0.003151287458379597,0.0034892674805771366
2.6166118888889085,2.614940000000009,2.4890289999999977,0.004716333333333446,0.004258444444444404,0.004752222222222318,0.00721266666666646,0.003946444444444413,5.62162236666667,4.871813088888887,4.1740100444444455,5.7332339888889,0.003114722222222224,0.0034133999999999927,0.002694833333333344,0.003912322222222222
2.6166118888889085,2.574078111111097,2.201500555555539,0.005030333333333322,0.005474111111111155,0.004752222222222318,0.006665111111110949,0.0029668888888889143,5.4071816444444405,5.4703839222222195,5.236718111111101,4.980902900000006,0.003114722222222224,0.0028544555555555457,0.0026112444444444352,0.0034247999999999995
2.53974755555555,2.52911911111111,2.7383333333333315,0.005030333333333322,0.004608444444444379,0.004753000000000106,0.007235111111111082,0.0037861111111110704,4.6360736029330045,5.33466377069214,5.021382168647923,4.923914631707579,0.0029576158204643772,0.002876591489834451,0.0026109543384068346,0.0035047216975891563
2.5061900899900023,2.2356981446505926,2.216323297411396,0.00525374958337954,0.004888790134429623,0.00417886901455409,0.007234307299188948,0.0031980891012109982,5.805007588045769,4.2101944672814176,5.18439572269748,5.719039440062208,0.0029576158204643772,0.0034062437506943563,0.0029191200977669203,0.0035047216975891563
2.475771752416929,2.708908767640838,2.674813868207566,0.005254917213023586,0.005787865318368898,0.005291365707300887,0.007326258473163748,0.003933103678186481,5.628913871612617,5.342703509551319,5.182668358507332,4.640374933362945,0.0030046201688138435,0.003414682363394068,0.0025866392714349157,0.0033022767658818244
2.814626666666679,2.372931111111105,2.178018444444433,0.004949333333333349,0.005113888888888912,0.005319333333333356,0.0073254444444445085,0.0038976666666666266,4.585121444444449,5.342015666666669,5.240573322222222,5.368590722222223,0.002995844444444445,0.0034162000000000207,0.0031430777777777716,0.003759855555555565
2.260699222222229,2.5466715555555517,2.400260222222212,0.005557888888888801,0.00530077777777787,0.005319333333333356,0.007190888888888796,0.003315777777777819,5.488631725747316,4.524551239026568,5.277037137459709,5.180364340482265,0.00263804867207466,0.003207600844538289,0.002600644516057341,0.003625002778086428
2.77782199999999,2.260369111111105,2.3349974444444497,0.004636111111111063,0.00530077777777787,0.005638666666666718,0.006592222222222136,0.003939555555555549,5.277328930118872,5.648367981335419,5.275864592823012,5.179213276302623,0.0030236751472058503,0.0030804243972891933,0.0026682035329407905,0.0030289523386290446
2.9037076675479847,2.8446681227727324,2.836372571559944,0.006335555811012808,0.006100471318542528,0.00615162662374972,0.00828784917806626,0.005011035751235894,5.0724022578133665,4.857735368702033,5.179620464909353,5.073816894672449,0.002969502836169493,0.003083850517183854,0.0022466688911133193,0.0028682460238015723
2.80084881581971,2.844995171303748,2.884401011726836,0.005724649344676858,0.006101172683375656,0.006126925730052773,0.008841572775350538,0.004187629340078206,5.2617366259560505,4.438343953114611,5.372956899619734,4.630580846983179,0.002551908249125102,0.0027022288506905437,0.002330528887482798,0.0025400478163666983
3.1548017935157526,2.8729038859508065,2.884401011726836,0.005694987353414438,0.005718441020924425,0.0071412968498503785,0.008955047137273056,0.004536100252931737,4.44706021596354,3.889460020082335,4.350745546376038,4.718721467208754,0.0026004824525067767,0.0027536643260146552,0.001800948082416801,0.0025883962627787803
2.7761391124396493,2.5199464244653957,2.7371362382156765,0.006506208323752492,0.006883191538284674,0.00611554380317297,0.0075640377098185625,0.004760059783858445,4.253323591588893,4.269513831103123,3.994816068818176,3.3945482964129137,0.0019750477903969503,0.0024020240638704497,0.002248813673675938,0.002223546609693018
2.921692687974243,3.0421882041848725,3.090324212462622,0.005266383076569319,0.005884456196826855,0.006656702690273634,0.009115428834215141,0.004760059783858445,3.978344821769938,4.269513831103123,4.002485291802532,3.6267720116946,0.0026000000000000086,0.002196795232205111,0.002022185988980097,0.002223546609693018
2.535345556960573,2.921006897344513,2.6161761121968015,0.006191976089205748,0.005717783653293352,0.006355098287159364,0.007788711346131827,0.0044522358891825806,4.175078695163112,3.988248211473561,4.656407390326206,3.627995894263226,0.0024833520809898965,0.0020929921259842618,0.002405196850393703,0.0023268841394825813
2.69677546562428,2.9213427224649258,3.121271441710739,0.005547482179811421,0.006342377558059305,0.006057944355023987,0.008809381467003784,0.003978730742699401,4.943165006184646,3.712228123242996,3.8560670752277066,4.070434127965813,0.002466411784549646,0.0024605419993253093,0.002191577645339037,0.0023993140672438937
3.1303222579903394,2.8565653023683613,2.5804826396872924,0.005962979995401289,0.005807426994711279,0.006057944355023987,0.008332605196596832,0.004588411128995261,4.028947886215426,4.448986743872279,3.8610889251180565,4.081458983584452,0.0028188329210703847,0.0019407128401169285,0.002191331234540146,0.0019347650101191936
2.5952446539434497,2.8565653023683613,2.7587589100942593,0.006738790526557875,0.005807426994711279,0.005550816279604433,0.008722924810301264,0.003928834214762118,4.170716610436342,4.179681185335131,4.869814934772827,4.082376990553319,0.002428520017993704,0.002172559604138547,0.002183805668016192,0.0024440733243364945
2.521101988667942,2.328808354627272,2.7365314965003784,0.004400288856793708,0.0047900233307408575,0.004337962448616909,0.007966448172425167,0.002892789690034416,3.4458075115259166,4.915580805127616,3.951257584617112,4.028263791746315,0.0025240638704599034,0.0026870572360283363,0.0027156752501967824,0.002519419768357136
2.405775555555566,2.32906711111112,2.546314555555556,0.005313555555555559,0.004790555555555385,0.004441777777777903,0.006347333333333359,0.003564666666666562,4.44253464725714,3.776507379354269,4.321708481200002,4.65259940376,0.0028647149771428644,0.0029142775200000116,0.0021906418914285604,0.0024958031371428552
2.437242444444438,2.2880552222222077,2.546314555555556,0.005236555555555553,0.004791111111111117,0.004085333333333373,0.006584555555555483,0.003844777777777648,5.0960638454431795,4.466634444017205,4.87634082820938,5.386498901259532,0.0032824990065164392,0.0028740993569508805,0.002729980496780845,0.002461394339526814
2.7468549372431235,2.287292791291777,2.5715682550260923,0.004987337554148749,0.0036642230367655896,0.004083972009330263,0.007762745751416066,0.0028081750527600706,5.102861866666665,5.147047644444437,4.882845744444438,5.393684355555555,0.003686433333333344,0.0034208222222222493,0.0027336222222222196,0.0030641111111110947
2.2962796355960444,2.3188880124430455,2.525531607599166,0.004988445728252548,0.0047676924786134505,0.0042871903121875325,0.006265303855126917,0.003681590934340542,5.214295877319706,6.0256583953772545,5.164023913768204,5.460251127903097,0.003495421713523727,0.0034967329703300396,0.003096032892543616,0.0034969774419379845
2.6635630000000172,2.277623222222221,2.8455703333333484,0.004990444444444483,0.0047059999999999515,0.003992555555555555,0.007617777777777551,0.003244777777777862,4.9431590111111,5.169824200000001,4.51885457777778,6.1959339000000035,0.003060166666666654,0.0030937444444444355,0.003978133333333325,0.0028692777777777592
2.1684607265859377,2.2773701810909883,2.3574525052772026,0.004989890012220902,0.004102544161759649,0.0041517609154539505,0.007853682924119547,0.0041373180757694255,4.182347994667249,5.604142328630156,5.613835984890572,5.030834051772034,0.0032349627819131177,0.004021753138540153,0.0036327185868236774,0.0031950338851238582
2.2505381624264027,2.270880679924441,2.7376079324519624,0.004698255749361209,0.004244195089434515,0.004668814576158359,0.007028663481835488,0.003945450505499378,5.101724588888885,4.876271299999995,5.780269222222214,5.260666433333329,0.0028867777777777754,0.004809277777777781,0.004530711111111101,0.0037093999999999864
2.7714965555555615,2.6490609999999988,2.641885666666667,0.0047483333333333795,0.0051912222222221995,0.0038300000000000742,0.007096111111111094,0.0034516666666666554,5.029977455555566,4.960818666666667,5.397293466666667,5.260666433333329,0.0035506777777777766,0.004550466666666673,0.004050299999999998,0.003575411111111099
2.3370512222222213,2.1670161111111006,2.164723111111117,0.0055269999999999365,0.004340666666666672,0.004680777777777855,0.006140555555555791,0.004239666666666667,5.816972088888889,5.019632022222239,5.397293466666667,5.278808700000007,0.0033166222222222384,0.004041844444444446,0.004130511111111118,0.0030759999999999924
2.381060666666675,2.7154612222222014,2.3802907777777973,0.004614222222222174,0.005113333333333378,0.004592888888888819,0.007435111111111405,0.003568111111111192,4.834681333333335,5.7371107777777866,5.360219566666663,5.7016116666666665,0.0035009555555555556,0.003945288888888896,0.004564411111111105,0.0031800888888888893
2.3299962222222095,2.241262333333326,2.6716175555555615,0.004850777777777932,0.004764111111110994,0.003969000000000062,0.007630555555555437,0.003801777777777855,5.118165970447728,5.648437084768369,4.744658749027888,4.901959115653816,0.0030427285857127055,0.0043388956782579756,0.004440195533829572,0.003664637262526379
2.5359170834722704,2.76394342558631,2.2517476936756786,0.004977103478937241,0.00528931866177607,0.004859397576970148,0.006451928420584577,0.0043625652995443924,5.792717400000003,5.7283778999999955,5.80423805555556,5.814335244444449,0.003112111111111087,0.0037964888888888785,0.004440688888888887,0.0034745111111111095
2.535353483720415,2.6197641960217886,2.4661570174463834,0.004975997333036821,0.004185242804756109,0.004132903655961687,0.007807978664296217,0.0034886098455384584,5.49892116431507,4.849897789134537,5.745970381068771,5.336674691700927,0.0035155427174758344,0.004015287190312193,0.004187945783801799,0.003041695367181414
2.688293222222203,2.3051247777777917,2.1461248888888855,0.0050741111111111,0.004504444444444447,0.004141000000000025,0.006455333333333455,0.004035555555555546,4.867476211111116,5.768282888888886,5.746608822222224,5.264341122222217,0.0035159333333333325,0.00401573333333334,0.002928311111111119,0.003684233333333336
2.6885919546616095,2.7050668963218127,2.6571482386931944,0.0050746749638848655,0.005617068563173789,0.0040421157906433604,0.006448605400600036,0.0040330036670741835,5.896323899999999,5.541844277777775,5.828073377777783,5.264341122222217,0.003445766666666665,0.00327057777777779,0.003635344444444457,0.0028296666666666748
2.7040027777777595,2.7204163333333327,2.7363706666666685,0.005231222222222264,0.00484666666666674,0.004093888888888841,0.007245111111111098,0.00394833333333327,5.785831299999994,5.541844277777775,4.86933482222224,5.182132277777782,0.00391676666666667,0.0030448333333333304,0.00273775555555557,0.002834044444444455
2.183051883124079,2.3422280857682374,2.302046328185773,0.00517253638484604,0.00467836907010343,0.004093434062881854,0.007158760137762537,0.004462504166203786,5.0124948450172075,5.699458104655039,5.260703566270419,5.836005810465507,0.003252505277191425,0.002695789356738137,0.0032593489612265407,0.0030138317964670497
2.641102789198802,2.838488276475173,2.8746071785754017,0.004394932770307834,0.005496832981442458,0.0041270141126791655,0.008258473163684645,0.004079453272585688,5.1347182777777824,5.6720022777777634,5.261288088888895,4.9044104222222265,0.003388733333333332,0.0032608888888888844,0.003172800000000004,0.0030141666666666576
2.3323824019553414,2.6429588934562926,2.343104766137082,0.005255638262415368,0.005553716253749589,0.0034643928452394624,0.006962226419286476,0.004078546828130052,5.695616957439714,4.955074086009549,5.100002811423493,4.850385042782532,0.003315335037226364,0.0026893877097455238,0.002739204356039576,0.0030822980331147876
2.467818686812593,2.6429588934562926,2.436816464837234,0.004134540606599241,0.005056660371069877,0.004174980557715713,0.006822019775580557,0.0038896789245638276,4.695200366666664,5.291576866666674,5.80380075555556,4.849846111111113,0.0036535000000000074,0.002946944444444439,0.0026673111111111137,0.002597000000000004
2.432566555555569,2.6672201111111162,2.8939778888888874,0.00452188888888906,0.0055145555555555295,0.004165666666666587,0.008227666666666918,0.0033307777777776457,4.902373788888886,4.537808833333347,5.543378488888888,5.0090039888888915,0.003184900000000028,0.002946944444444439,0.003014944444444442,0.00320987777777779
2.8824001838869173,2.691429490863122,2.802266636018835,0.005402712331915983,0.0068505918859900865,0.005000804505229258,0.007913917940466588,0.004122629582806598,5.200408844444446,5.47152291111112,5.14789832222222,4.395435511111108,0.003125244444444453,0.002938699999999995,0.003006955555555558,0.00320987777777779
2.6701034363866363,3.129519135731517,3.284892081369962,0.005297666934835,0.006677278473738691,0.005158717388805883,0.009265371796345385,0.0042814619009309,5.767208188888892,5.489217822222217,5.14789832222222,4.800088344444441,0.003125244444444453,0.003398666666666655,0.003006955555555558,0.0030711888888888786
3.133459372485921,2.716144351224004,2.756613377772665,0.005297666934835,0.0062814619009309665,0.004549362142282453,0.00800873462820392,0.004028387541661795,5.411302977777777,4.720463266666659,4.784981966666667,5.696083088888893,0.0031556555555555567,0.002851488888888883,0.0031009444444444543,0.003526566666666657
2.9269136781609353,2.772643908045985,2.7163720689655153,0.005411034482758482,0.006282183908046017,0.004893563218390818,0.00875379310344822,0.003704942528735602,5.208561666666672,5.402610111111112,4.784981966666667,5.437530599999996,0.002684655555555551,0.0027112888888888888,0.0031009444444444543,0.003550033333333326
2.926577289966686,3.139355476382034,2.716059878174921,0.004643719112745639,0.00663038731180326,0.005727272727272679,0.00871509021951498,0.004227674979887378,5.208561666666672,5.301742344444434,4.955309522222229,4.783008622222219,0.003265011111111108,0.0027112888888888888,0.003142311111111123,0.003001133333333344
2.844355131594045,2.6266372830709,2.708160786116541,0.0057464659234571554,0.00578496724514429,0.004813469716124504,0.00840340190782679,0.0038097919779337603,4.413632913844999,4.663576100589998,5.086377459085007,4.9095192002799966,0.0028037823899999957,0.002203263520000002,0.0026926064500000088,0.0030805133100000113
3.2774629352947797,2.6867226755545306,3.0859857487645024,0.0054506378577174755,0.005925525801631996,0.005745661418227657,0.00840340190782679,0.004662797379611733,3.905578282937952,4.745013298190664,4.333273080990891,3.969213051769957,0.002387474400697849,0.00224173777297121,0.0027396258014161334,0.0026344573121186736
2.804119310344818,2.983979655172407,2.9942971264367824,0.006221724137930995,0.005926206896551724,0.005739310344827597,0.008823793103448305,0.004684137931034625,4.9070495565285785,3.588292286965288,4.143233164926462,4.59677435724711,0.002511114853486014,0.002135410351409002,0.002271707645671953,0.003073122263388335
2.829548379682811,2.418878074005964,2.5210720524017427,0.005903815214893147,0.0058493449781658975,0.004828889910365443,0.0080093082050101,0.004683061365203543,4.017144048955766,4.421158982708278,3.3366392432068315,4.4482937233325845,0.0025113968111385504,0.0026232203009207314,0.002374208398832247,0.002452503929934866
2.3812558320373105,2.507477671628527,2.5651764052432933,0.00500588758053774,0.005249944456787339,0.004874361253054926,0.006961897356142872,0.004380693179293404,3.8565985178531337,4.2086483606557366,3.5451221199191547,5.063522232203013,0.002438479676622494,0.0020033011452953013,0.0021887042443296746,0.002999315068493152
2.626684444444436,2.4310772222222314,2.0991548888888856,0.004994888888888957,0.0054293333333333355,0.004746888888889029,0.007239222222222077,0.004294111111111221,4.288060345795434,4.0330776917031725,4.2807139328617945,3.9837865835859523,0.002438205905467602,0.0021036263612888586,0.0021884585157741195,0.0024902099472325244
2.5326922222222445,2.4310772222222314,2.6380511111111042,0.004994888888888957,0.005399444444444315,0.004746888888889029,0.007239222222222077,0.0036487777777778835,3.6080915235208275,4.0330776917031725,4.273478893005497,4.114728853710562,0.0023748063320983667,0.002606219827102282,0.0024061524643538687,0.0026868418098125067
2.2156600377735858,2.3861312076436105,2.5358047994667303,0.004734140651038785,0.005398844572825113,0.004563937340295425,0.006525497166981411,0.004029330074436146,3.7261364657011296,4.461269147861234,4.273478893005497,3.341169552037724,0.0029009879869765416,0.0021806893454586287,0.002927585045469838,0.002562681037386326
2.7033062562506918,2.4431039004333837,2.5363683742638106,0.005379931103456057,0.004940993443715925,0.004179019891098955,0.0065933992665851504,0.003980442271363406,4.496225600718615,3.451406175611958,3.9089806647204135,4.1720988547047,0.003145542331012805,0.002591724679991019,0.002358645856725787,0.002562968785088705
2.324981555555572,2.442832444444447,2.4708051111111016,0.004997555555555404,0.005840777777777757,0.0041785555555555005,0.005796000000000134,0.003979999999999922,3.4144896339542825,4.711793551381441,4.233730053781427,4.377005126000004,0.002638330982857144,0.002400638481428566,0.0029079905585714205,0.0027637971957142865
2.416739222222229,2.5734372222222346,2.53837977777779,0.004421777777777673,0.004874111111111172,0.003899666666666709,0.007306888888888826,0.0035463333333333306,4.444394219599999,4.640176536208761,4.169379375808747,4.310476735250002,0.0031199114949999876,0.002826636406250015,0.002863790488749991,0.003146527002500003
2.8237312819373566,2.6107646078649225,2.2418079315707717,0.004669851144190157,0.00590679848922473,0.003685181070873217,0.005738169295712089,0.0034561208620306873,5.135970322222224,5.55217174444446,5.04018502222222,5.167385633333339,0.003738222222222211,0.0028013888888889045,0.003364577777777776,0.003118422222222226
2.3190712222222425,2.9054245555555553,2.793345444444463,0.003928888888888773,0.005634777777777779,0.004265222222222241,0.006251444444444588,0.003456888888888917,5.133118589672406,5.46155443642421,5.951675680177672,4.993623109383675,0.0037361465852304154,0.002808617434758464,0.002914147695724611,0.0031532259855635812
2.856582240497902,2.4096582573905163,2.3409153145143433,0.005200266725939091,0.004931984885530121,0.00339053122916196,0.0076273616359190805,0.003662480551233541,5.185915909343407,4.74063888456838,5.734738673480725,5.10274480613265,0.003579324519497837,0.003259604488390178,0.0030097322519719956,0.0026135873791800863
2.296042111111117,2.6190278888888723,2.871321333333324,0.005081333333333247,0.004866000000000013,0.0035915555555554595,0.006043333333333105,0.0030483333333331964,5.172362711111119,4.862870133333325,5.006991266666667,5.820771877777775,0.003991888888888878,0.0027004888888889048,0.0034502222222222343,0.003170566666666677
2.318501499833339,2.618736918120192,2.6837756915898208,0.005893900677702474,0.004166092656371558,0.004252638595711592,0.007717698033551773,0.0037181424286190333,5.172362711111119,5.914098833333327,5.021184388888891,4.795187933333334,0.003878277777777754,0.003084100000000013,0.0024337555555555743,0.0028765333333333324
2.3187591111110986,2.469643111111105,2.36552933333332,0.005170222222222323,0.005294555555555568,0.0035340000000001486,0.007779555555555836,0.0037008888888888773,5.472750383375932,4.8087194799422175,5.753526425158339,5.590227058562058,0.0033579064340482144,0.0035107567507500852,0.002460951216801873,0.002457828647627505
2.3659253333333305,2.4221398888889025,2.7625794444444285,0.005255888888888826,0.005539888888888851,0.0036221111111112395,0.006556222222222235,0.002730222222222128,5.474708677777771,5.955787322222222,4.938984877777759,5.450537499999999,0.0030772666666666524,0.003103866666666668,0.002863277777777778,0.0030920444444444417
2.3659253333333305,2.8345775555555472,2.2635118888888934,0.005668444444444513,0.005409333333333303,0.00450855555555564,0.007451111111110878,0.0035184444444443922,5.47166886174347,5.2902132704053315,5.1726045086063275,4.555845874514167,0.0030755580233203634,0.003086096612992812,0.002783986674069974,0.0034922154358689823
2.3676976330703297,2.2926135126124954,2.340609734414943,0.005669074341593579,0.005409934437159654,0.003886654072674779,0.007309923324814115,0.0031277919768861883,5.2458696303696355,5.2878644133644155,5.839029437229433,5.596521622821625,0.0032930180930180837,0.0029828393828393823,0.002782750582750596,0.003070140970140988
2.363378639697695,2.4265393420760106,2.7888520782396014,0.00549677706156922,0.005192487219381979,0.004062236052456141,0.007310735719048925,0.00311680373416301,5.080339311111109,5.493152711111107,4.936821922222218,5.441181633333331,0.0030090777777777764,0.0035290111111111163,0.0029020777777777804,0.0036506222222222207
2.363116012890305,2.1321572396932966,2.23744160462272,0.005496166240693392,0.005306145127236429,0.0040888987665296936,0.007826536281809005,0.0038448716524057446,5.083163290717063,4.759610883824346,5.08414648137855,5.666700644802672,0.003488393551973321,0.003039433018343542,0.0034359644246803878,0.0035914396887159537
2.28954722222223,2.5834430000000137,2.7547042222222196,0.005113888888888715,0.006032333333333442,0.004905444444444543,0.0072154444444447255,0.0039503333333333526,5.131571874652736,5.554093888209799,5.202054939437718,4.94838507611957,0.002947149683298135,0.0030667629736637627,0.0029873985998444437,0.004035170574508275
2.729894789467848,2.3655836018220393,2.524187423619605,0.005343850683257395,0.0050911009887791,0.004738473502944043,0.007214642817465007,0.004642261970892218,4.150899866666666,4.6695199333333335,6.031007077777787,5.059038222222225,0.0030190222222222355,0.003579833333333347,0.0030777888888888806,0.0034780333333333155
2.353772641404613,2.784153017001896,2.5349117679742115,0.004531725747305152,0.006024891654628352,0.004077897544171399,0.007090121124569516,0.003972996999666596,5.314344522222213,4.726176955555553,5.2098208666666705,5.059038222222225,0.0029882666666666588,0.002698822222222221,0.0035206666666666507,0.0037527666666666913
3.0791459431524584,2.7132218087855255,3.0996372093023314,0.006253953488372033,0.006564651162790736,0.005178087855296994,0.008013436692506402,0.0041468733850130194,5.0920608376847,5.608703521830903,5.324916087101439,5.179237329185644,0.0034672147539162278,0.0026226085990445707,0.002977369181202091,0.004086557049216767
2.5816207502325113,2.8156170300712877,2.729723984706012,0.005573421514932306,0.0064103544486927315,0.0053435982225896374,0.008011780510488729,0.004708277358685576,4.980335318297976,5.157505954893908,6.360470936562613,5.45053446283746,0.003332474169536716,0.00325134985001667,0.0031324186201533368,0.003452138651260978
3.0473705043406367,2.432284725093019,3.167851591566757,0.005527490698635901,0.005695018602728328,0.00451963621331132,0.008298057048367098,0.004524080198429116,4.983657387437473,4.63991946637021,5.207965603112842,6.176664602556975,0.00377269594219009,0.0032533407448582423,0.003348738187882138,0.003049294052251243
2.943525940471276,2.859623604795381,2.693774803637847,0.006201426209177379,0.006575237701529612,0.005488218272013164,0.00797767672591945,0.004524080198429116,4.941128072516957,5.538543543543533,5.236628239350464,5.134626504282066,0.0030375709042375636,0.0028980647313980624,0.003350228005783543,0.0036118340562785005
2.5686452046300206,2.8069333402232357,2.793736978090119,0.005437784208350604,0.00660241835469211,0.005533691608102572,0.00900661430343108,0.004227159983464333,5.413084842760308,5.268818046449599,5.91290443382599,5.552973752639178,0.003301644627180786,0.003151527947549723,0.003362818090898987,0.003031147905322833
3.0029880128138933,2.806643277875377,3.0772938927353466,0.006060142606179707,0.005905445902655833,0.0049692053322311315,0.008527332851090353,0.003996176500981607,6.068337384735024,5.267647328074651,4.852411109876682,4.5769168981224215,0.002823586268192407,0.0031508276858126824,0.0031721142095322676,0.0031315076102655325
2.572115026870597,2.773476126498526,2.9138886936750628,0.005844977263332007,0.006025320380322464,0.004965894997933023,0.007817589913187213,0.0035689334435716935,5.113637433333329,5.311582277777781,5.207176477777779,5.670057322222214,0.0034455111111111143,0.0031369666666666543,0.003652177777777781,0.0031095111111111144
2.5530642894056785,2.7984405167958695,2.6344783462532257,0.004920516795865637,0.006025943152454796,0.004414263565891584,0.008714418604651225,0.0029251679586562293,5.79119934444444,5.311582277777781,4.377646333333328,4.841394255555549,0.0034954666666666507,0.003006522222222215,0.003121300000000009,0.0031095111111111144
2.879261161637018,2.409356862339825,2.670154919388175,0.005972612649855305,0.006124431583298894,0.005298780487805046,0.008585055808185024,0.0035778214138072854,5.439892533333341,5.290433044444449,5.491479633333332,6.054057333333336,0.0031057222222222246,0.003006522222222215,0.0032373111111111256,0.002957211111111086
2.739657742402297,2.905556026462693,3.044582282406455,0.006140066156708795,0.005249017986355216,0.005423919784990576,0.007559437667975919,0.003206946454413933,4.713498974181254,4.477744730470006,4.718337388875009,5.221022367123761,0.0026683782812499976,0.002698643419999981,0.0032890676225000148,0.002664901346249985
2.857167111111115,2.5552615555555653,2.4751077777777684,0.004981000000000001,0.004827777777777777,0.004477444444444325,0.008050666666666552,0.0028475555555556773,4.116668319711427,3.831746084965709,3.725899937211434,4.320969181114286,0.0022916343771428537,0.0020933719328571384,0.0027668860114285735,0.0027083629671428413
2.3567212222222276,2.5552615555555653,2.504171333333337,0.004634999999999994,0.005499000000000168,0.005154000000000005,0.006848888888888954,0.003045777777777777,4.650268945356419,4.54256918147066,4.545361277265582,3.5039015740948956,0.002339723409039828,0.0022876208680009066,0.0020633798066112203,0.001968844164605336
2.3750645483835178,2.5221584268414516,2.846841906454849,0.005194311743139648,0.004552160871014364,0.0047308076880348,0.007292300855460885,0.0030454393956227083,4.654830413762085,3.636231268270765,3.8413600966944115,4.264210748819427,0.002339723409039828,0.00264715538565325,0.002975039352372406,0.002054857207105894
2.796814353960659,2.5490111098767114,2.291550494389517,0.005194311743139648,0.004521830907676764,0.004885457171425245,0.006886790356626985,0.00334140651038766,3.604869435701435,3.6644055418165467,4.059553394784166,3.65968880395684,0.0023399392985611702,0.0018380170863309326,0.0026614995503597087,0.0025028776978417294
2.3298246666666578,2.549294333333364,2.4645221111111115,0.006013333333333253,0.004522333333333172,0.004885999999999848,0.005753999999999988,0.002861333333333407,3.873783541315347,4.293663237774035,4.897455469364807,4.416686913996636,0.0029831253513209885,0.00231651489600899,0.002683383923552557,0.0020137268128161997
2.742275666666678,2.6234326666667083,2.123031555555549,0.005356777777777803,0.0047833333333332385,0.005057111111110994,0.007284111111110924,0.004010333333333449,4.679257582911749,3.4438894435075844,3.7662365711073615,4.089850219224295,0.0023541765036537406,0.0022353344575604386,0.003665654862282174,0.0022661832490163134
2.718640666666665,2.55187155555556,2.632752444444451,0.00593722222222226,0.005790888888888901,0.005057111111110994,0.007207555555555227,0.004010333333333449,3.9936974704890402,4.606023237774025,4.708702282180998,4.089850219224296,0.0024530860033726886,0.0018478471051152484,0.0036656548622821744,0.0028879370432827486
2.3676591111111267,2.55187155555556,2.5816655555555728,0.0054398888888888865,0.005488666666666673,0.005189999999999905,0.007094333333333462,0.0044248888888890215,4.058778504777966,4.3351857672849885,4.249084688026978,3.6082904553119657,0.0024530860033726886,0.002641146711635755,0.0035989432265317377,0.002403912310286691
2.4875189423397575,2.3959344517275936,2.4826167092545313,0.0046878124652815845,0.00548805688256861,0.004946005999333529,0.007093545161648835,0.00483735140539953,4.190413990928576,3.6404668657499872,4.193277178285712,3.702473279571421,0.00265356035714285,0.0025847498214285644,0.003692882071428549,0.003037445857142865
2.0918602066896343,2.5731580175574797,2.483168463162577,0.005457828647627565,0.0051019002111347125,0.004947105233915,0.006901433492610289,0.004384153794866091,4.708991313673453,4.699840903541647,4.123010433438318,4.771394589808065,0.002609094646762898,0.0025414371691819706,0.004163458557524056,0.003361811023075254
2.579278666666672,2.572872111111085,2.4965328888889013,0.005771888888888713,0.004430111111111085,0.005408444444444487,0.006900666666666667,0.004304333333333293,4.6124510832129815,5.229579257860222,5.045173658482388,4.673575013887341,0.0032342517498055727,0.0029093656260415443,0.004078102433062989,0.0032928896789245774
2.4714199355483846,2.4844087120791376,2.1537853094788364,0.004487943104789316,0.005754194910545541,0.005757195243915841,0.006863651516835054,0.004692965885098373,4.8600165314965,5.229579257860222,5.045173658482388,5.071661337629146,0.003923775136095973,0.003053382957449169,0.0036492945228307812,0.0034698366848128124
2.3801658888888952,2.4625032222221916,2.6975590000000063,0.005199888888888893,0.005577000000000018,0.004887666666666649,0.007006888888888736,0.0041346666666666945,5.805819988888895,5.1157676777777965,5.320463933333341,5.619224133333328,0.003297788888888875,0.0030537222222222185,0.0038318555555555567,0.003414755555555553
2.6925767307478745,2.7533369263251366,2.5323475941771414,0.004778419824424967,0.006225691743527057,0.005897988665407355,0.00798955439493287,0.004715301700189002,5.54063187777778,5.500372977777776,4.492788444444449,4.8714642999999915,0.0033693333333333292,0.003092833333333332,0.003468522222222218,0.0037726555555555414
2.2798265555555495,2.2633402222222183,2.5320662222222334,0.004777888888888921,0.005943000000000057,0.004913333333333449,0.0074538888888891425,0.003718666666666574,4.744555033333335,5.500372977777776,5.626933433333332,5.008034611111103,0.0033693333333333292,0.003042333333333317,0.0025446555555555437,0.003517611111111103
2.3652529718920077,2.4321482057548867,2.5857923564048453,0.0050781024330629285,0.004934896122652989,0.005652149761137801,0.006566492611932276,0.003718253527385754,5.592480559564784,5.337843810369716,5.791284700788277,5.6826532141667405,0.003306217386477184,0.003523270789386007,0.00306725879871211,0.0029008548906406108
2.7139366737029196,2.82839295633818,2.2364580602155315,0.005086990334407282,0.005212531940895434,0.005340739917786852,0.006743472947450127,0.00319242306410391,5.4111920555555555,5.250885711111105,5.136211122222221,5.65434195555556,0.0038286777777777896,0.0027419666666666513,0.002907588888888902,0.0034697555555555405
2.272057333333325,2.4515545555555542,2.456858333333331,0.005087555555555549,0.0052131111111110885,0.004627222222222116,0.0077996666666666995,0.003153222222222141,5.5387136888888815,5.250885711111105,5.1380951444444385,5.65434195555556,0.0031667111111111216,0.002821122222222213,0.002907588888888902,0.002919977777777768
2.667508999999983,2.373467777777781,2.456858333333331,0.005543333333333283,0.005106333333333287,0.0053324444444443255,0.007678999999999943,0.003153222222222141,5.706170330036672,5.3054477608623225,5.969212268029765,5.430364607178559,0.0038161573508167664,0.003375108345371695,0.0028233581509056584,0.0031159462162462484
2.564512498611263,2.7288496833685496,2.42103644039551,0.005484501722030987,0.006167425841573102,0.0047270303299633415,0.007678146872569657,0.003547605821575512,5.706170330036672,4.679217624180466,4.962298422046881,6.014610645627297,0.003720468940993446,0.002954983887098554,0.0028233581509056584,0.003681564618290909
2.5565156093767656,2.391012776358188,2.73295056104876,0.005484501722030987,0.0048441284301744165,0.004456838129096896,0.007474058437951469,0.0031595378291301578,5.663293065896206,5.491877641960236,6.098082686965213,4.864997933103687,0.0030307923102567097,0.002909412156906308,0.002874152683631525,0.002858884320480038
2.2259824444444756,2.3775744444444373,2.6327993333333226,0.005818000000000052,0.0048686666666666574,0.00513822222222239,0.007283333333333531,0.003636666666666757,4.7174003555555455,5.668418288888881,5.732055366666664,4.752669633333344,0.0037291777777778024,0.002909088888888874,0.0028114888888888835,0.0030795333333333286
2.8418991394148034,2.9026448651749885,2.7010869764773284,0.005791279403327588,0.005385886402753966,0.005160757314974197,0.00880975329890991,0.003998278829604005,5.144162822222219,5.4005712111111155,5.732055366666664,4.752669633333344,0.003535944444444439,0.00318482222222222,0.0032589444444444397,0.0027216333333333407
2.842225269680975,2.9029779664907074,3.2098980950195206,0.006397750745926067,0.00552696809731462,0.005682005967408682,0.007782763369290805,0.0034695891668579406,5.143591312076433,5.399971214309526,5.657818286857013,4.868567181424293,0.003535551605377175,0.0032825797133651854,0.002731985334962781,0.0029124652816353764
2.74976623823733,2.8543718154693662,2.627661579068174,0.006702777140234108,0.0064319485884783735,0.004918292403029488,0.00917615331650187,0.004954555887078322,5.247376381630153,5.236192438563326,4.561669020349154,4.951237885021683,0.003854364505726686,0.0035942844434560276,0.0027829311686867367,0.0029150561547870587
2.772095478540289,2.829026738581571,3.1149925407390415,0.006764402111544593,0.005384094560477455,0.005457195317879261,0.008442506311682538,0.004907849437686431,5.524457455555548,5.147987211111109,5.616430322222222,4.2433965111111,0.003331477777777777,0.0035914888888888955,0.0027210888888888926,0.003072422222222226
3.0765399357355903,2.829026738581571,2.5745657562543127,0.006764402111544593,0.006324076199219716,0.006128184530640454,0.008485999540968606,0.004522148267156256,5.4908845017220385,5.147415276080434,5.496429418953451,5.2072499277858,0.003906443728474611,0.003559560048883458,0.0032030996555938137,0.0033772691923119845
2.6678030981067145,2.7016819277108843,3.142854847963273,0.006604016064256989,0.0065119908204244945,0.005399196787148714,0.008563511187607587,0.005643602983362059,4.7473553827352495,5.165721286523718,4.6660678035773895,5.427913087434749,0.0032574936118209066,0.003006010443284083,0.0031579157871347587,0.0028140984335073924
2.7447068747848156,2.7409722254103,3.0099955239297596,0.006404912200160733,0.006028463215884345,0.005761850109032454,0.008565476873637106,0.004859290715023543,5.7442798555555425,5.1662952555555535,5.6550815555555625,4.844335066666664,0.0032249000000000184,0.0035227222222222283,0.0031582666666666627,0.0028085777777777966
2.7722504016524963,2.740657677300889,2.6874629332109357,0.006404177186137304,0.006027771402341095,0.005041771861372521,0.008644135873307255,0.00512875831994486,4.730680413287412,5.275534862793008,5.249690334407285,5.982032351960885,0.0035921786468170245,0.0030686145983779703,0.0031589601155427036,0.0033262970781024483
3.247784025705724,2.845181087904562,2.783367798944231,0.005971884324076066,0.006239270140004731,0.005233532246958727,0.00796958916685796,0.004636332338765119,5.617372527472536,4.992060705960698,4.439073193473189,4.9817540459540375,0.002890964590964585,0.0036095238095238125,0.0026875901875901844,0.002715151515151513
2.6012371111111054,2.481629666666676,2.704122777777785,0.005563777777777822,0.005046333333333388,0.004198444444444308,0.0070691111111109714,0.0045226666666666505,5.180293877777783,5.070077433333334,5.284593888888882,6.059695355555537,0.003018500000000017,0.003237866666666666,0.0027660666666666596,0.003234866666666654
2.600948116875897,2.4813539606710457,2.558976113765131,0.004976669258971291,0.0054808354627264464,0.0045133874013998845,0.008433951783134917,0.004875347183646374,5.986918377777781,5.070077433333334,4.842542511111119,5.761035122222208,0.0035928333333333476,0.003202666666666653,0.003197777777777781,0.0030915333333333375
2.6845644444444288,2.43738800000003,2.5592604444444382,0.004762555555555616,0.005097888888888846,0.005225111111111187,0.008100555555555803,0.004073555555555528,5.056534135692503,4.266067525302501,4.862760126095007,5.024608411075002,0.0027171748175000014,0.002420508049999993,0.002635267610000012,0.003104440485000004
2.6862114444444263,2.467983999999989,2.505181222222215,0.005028666666666719,0.005744555555555506,0.003930444444444545,0.007336111111111087,0.0035281111111111273,4.140966339094291,3.673206089237152,3.856349917988573,5.0990744555142875,0.0027574440771428585,0.0024563806285714212,0.00239793203999999,0.002410330568571445
2.391441555555553,2.7807430000000046,2.855154222222205,0.005028666666666719,0.005676888888888757,0.003978888888888853,0.0074483333333330085,0.0042219999999999975,3.3685248541292583,4.321662993716352,3.2103018626570927,4.079171117594247,0.002151514811490129,0.0018877468581687575,0.002290417414721732,0.0027965103231597675
2.6753047777778094,2.4250731111110833,2.3045748888888893,0.004808444444444504,0.0048462222222222335,0.004747222222222113,0.007604888888888835,0.003135555555555472,4.500256569056434,4.247164602266357,4.313355817345445,3.9644280264781715,0.0029173005721979156,0.0022804218557163814,0.001894468753506111,0.00310280489173116
2.6189585601599745,2.593729363404048,2.4463080768803493,0.004698811243195207,0.005255971558715729,0.004688256860348862,0.0076040439951116,0.0033229641150982355,4.300048109502984,4.247164602266358,4.074202232693823,4.673811601032199,0.0023618422528890255,0.00214709974194996,0.002499730730393807,0.0025376192078985535
2.2894587777777815,2.594017555555537,2.446579888888891,0.004699333333333339,0.006057666666666566,0.00529099999999991,0.007288111111111088,0.0030618888888888705,4.300048109502983,4.379377975990135,4.312122371816458,3.524338067990579,0.002814843487041396,0.0021470997419499598,0.0024467182766745184,0.002295983395040931
2.250371888888923,2.6244977777777323,2.428977111111105,0.00506000000000009,0.00519055555555544,0.004424444444444515,0.008230222222221943,0.003731222222222207,4.466844204851748,3.675230424528311,4.316480986073685,4.1670361298292935,0.002817688679245279,0.002070833333333343,0.002449191374663071,0.002628526504941586
2.4717305555555464,2.1739545555555098,2.4243494444444376,0.00442222222222218,0.006222555555555411,0.00522044444444446,0.007762777777777786,0.003464666666666795,3.8152962414450795,3.7036960619320065,4.1558274094020105,3.997107741501197,0.0029959609559070902,0.002091865813979582,0.002380780881857965,0.0026425558173454435
2.7819171111110945,2.614717222222175,2.4042527777777805,0.005060999999999934,0.004817444444444282,0.004400888888888825,0.0063970000000001595,0.0033958888888887787,3.751761887131157,3.7036960619320065,4.327754818803991,3.2660843262650197,0.0030192191181420457,0.0020805677100863918,0.0019448558285650114,0.0025774150117805275
2.3061708888888766,2.6168123333333018,2.8283761111111088,0.004516444444444348,0.0053653333333332715,0.004929111111111064,0.00662944444444433,0.00276044444444443,4.8027297540659495,4.296994424466512,4.497041222448116,4.421912998209551,0.0037280998646111708,0.0025812944365090854,0.0021330625264758046,0.001934169598934846
2.376406777777801,2.2144672222222352,2.4106106666666722,0.004177999999999966,0.004718666666666612,0.004929111111111064,0.008197444444444419,0.0034201111111112287,4.717893541995001,4.8294941117625045,5.503333340564999,4.34380359624751,0.003662246092499994,0.002535698025000016,0.0028937489850000063,0.0023890716674999954
2.376406777777801,2.2976180000000066,2.552783111111113,0.004177999999999966,0.0048783333333333925,0.0053084444444445236,0.006987666666666886,0.0027262222222223585,5.432531274302864,5.6333995222752895,5.338690656593709,5.094379557826915,0.004083624041773139,0.0031852683035218416,0.0028071769803355235,0.0026534607265859297
2.5444375555555077,2.7037437777777695,2.552783111111113,0.004523222222222185,0.005628888888888955,0.005262555555555635,0.0068164444444447116,0.00388055555555569,4.3119689666666705,4.5375127777777715,5.459137733333333,4.822968666666672,0.0038210111111111277,0.0027965333333333296,0.003422522222222215,0.0023501111111111084
2.141694888888853,2.4483996666666727,2.4761592222222237,0.004594777777777676,0.004626333333333301,0.005271333333333357,0.007943333333333413,0.003777222222222321,4.6461001,5.404744188888888,4.707484199999992,5.061465766666667,0.0038210111111111277,0.0030086000000000097,0.003305388888888872,0.0028753111111111057
2.618408777777758,2.7745062222222465,2.79675633333333,0.004594777777777676,0.004597555555555547,0.004669111111111235,0.007943333333333413,0.003777222222222321,5.4273023666666615,4.35141337777777,4.8670275333333315,5.061465766666667,0.0036044111111111286,0.0030086000000000097,0.0028339888888888887,0.003300522222222213
2.7452599999999925,2.2493510000000345,2.2779437777777884,0.004584999999999914,0.005399777777777794,0.00571866666666665,0.00700122222222256,0.004227111111111034,4.375287765307254,5.574495655072786,4.867568374263805,5.643985387265254,0.003992799199911104,0.003099177686409596,0.0036100011112345847,0.0029741526836314985
2.229206000000027,2.6278158888889167,2.4397101111111272,0.00516655555555544,0.004367777777777823,0.004922666666666705,0.0070032222222222475,0.003644888888888747,5.399085942882534,5.5025653405933985,5.342067074119343,4.735043549283252,0.0035219468829870205,0.002663940437826418,0.0031520057784198245,0.0028179464384931736
2.427324888888911,2.510612333333332,2.470524111111091,0.004527777777777686,0.005669333333333526,0.005747666666666658,0.0070032222222222475,0.004624999999999978,5.5407284,5.501953944444444,5.297952466666677,5.62545641111111,0.0029241888888888955,0.0033314111111111175,0.0035888222222222386,0.0027996888888888924
2.427324888888911,2.1368885555555406,2.481365888888882,0.005164777777777809,0.0046287777777778896,0.0054196666666666005,0.007159444444444398,0.005188777777777808,4.678965944444444,5.4150411999999815,5.297952466666677,5.5286941333333335,0.0026995666666666776,0.002931755555555548,0.0035396222222222207,0.003286677777777778
2.3766007777777407,2.6317581111111394,2.791356888888888,0.004534222222222242,0.005427555555555507,0.0054196666666666005,0.00619822222222213,0.004529111111111009,5.841296267081448,5.605862570825457,5.399810443284076,5.528079902233085,0.003243806243750717,0.0035698700144428273,0.0027647483612931773,0.002811876458171319
2.9593009184844803,3.053939724454654,2.7324714121699385,0.006496670493685549,0.0056809414466131,0.005276463834672655,0.008425487944890847,0.005661423650975825,4.986621791310151,4.658508767640859,6.1017819979997725,5.866501211245691,0.00271346816312925,0.0033182575841760103,0.003280586731859092,0.002951372374708308
2.8571018019052468,2.6333849420406485,3.1721949959830225,0.006001032939286096,0.006016756570641599,0.005490875702972487,0.007433604958108379,0.004770917020543909,6.07227739748861,5.362097710856759,5.659375897321926,5.14757140793421,0.002708334259362156,0.0033182575841760103,0.0026654850538948864,0.002951372374708308
3.304789896670506,2.778930424799066,2.745561653272093,0.005253386911595872,0.006998277841561408,0.005340528128587677,0.007476808266360484,0.004331113662456828,4.938798933451842,5.587280979891127,5.658118397955783,5.038028563492938,0.0030337851349850073,0.0031951338740139907,0.002570681035440517,0.0029904566159315656
2.8118809551142196,2.4416857995637358,2.80815153254506,0.006316496383882478,0.006199517850993093,0.0058563884743427375,0.007406382734473494,0.004876937205831585,5.307875052783645,5.588522735859544,5.603974174908306,5.039148249805527,0.0024346927436381923,0.0031958439826647333,0.0025712523613734967,0.002602278030892342
2.769873249138904,2.9680717566016055,3.1254746268656737,0.0053070034443169324,0.006321239954075857,0.004772560275545448,0.0074072330654418594,0.00399127439724465,5.991978333333335,5.098340688888884,5.603351511111094,4.995234177777788,0.002581233333333334,0.003117022222222207,0.0022599111111111176,0.0030421222222222276
3.1192814006888523,2.994402870264046,3.0847298507462493,0.005774282433984035,0.006321239954075857,0.005758897818599309,0.008031458094144567,0.00399127439724465,5.751997022553056,5.2848114320630994,5.448216075991542,5.770131963115207,0.0027501944228419013,0.0034615598266859206,0.002543917342517503,0.002664492834129526
2.9000869115958445,2.66007083811712,2.7146065442020677,0.005774282433984035,0.005935935706084822,0.005623995407577503,0.008031458094144567,0.003402411021814092,4.867230270030003,5.285985965107231,5.308109867763092,5.4857955217246355,0.00275080564507167,0.002871730192243573,0.002447927547505277,0.002732659184353818
2.899753989209024,3.231772701182426,2.7515517162208782,0.00577074962690852,0.006598783147744057,0.004681666857995649,0.007771553208586849,0.003150269773849229,5.86353917777778,5.233513755555569,6.0153273555555415,4.602141788888892,0.0031144333333333394,0.0028714111111111016,0.0022679888888888842,0.002701333333333346
2.8002073240730505,2.720485133738919,2.4312763172999676,0.00577074962690852,0.00577350476409137,0.005557570887383858,0.008278728045000709,0.004082080128573184,4.70055982222221,5.072551533333335,4.859505411111109,5.536649611111102,0.0025698333333333268,0.0027476777777777754,0.00271021111111112,0.002701333333333346
2.6186324852794076,2.3182883012998383,2.5188573491834245,0.005396067103655125,0.006021330963226256,0.005324519497833614,0.007291078769025577,0.003000777691367698,5.798926299999984,5.072551533333335,5.225721733333343,5.27890573333334,0.0033520111111111028,0.002274544444444443,0.0021950444444444454,0.0026246444444444476
2.6566464769948843,2.3190612358301665,2.381040675705717,0.004680262280506836,0.006088352967325927,0.005393087352745052,0.007293509668815204,0.0035971326961547786,5.4566551333333315,5.287855311111126,5.107103366666662,5.27890573333334,0.003212877777777765,0.0028712444444444424,0.0026843999999999974,0.003209444444444459
2.5177735555555754,2.3395033333333433,2.3805115555555605,0.0057081111111111,0.005962000000000048,0.004705444444444417,0.007536444444444692,0.0035963333333334114,5.4566551333333315,4.940176722222204,5.885903322222245,5.288836555555558,0.0028867888888888743,0.0023972333333333257,0.00298547777777777,0.002644500000000022
2.5177735555555754,2.6402952222222464,2.499716777777773,0.004678555555555519,0.005962000000000048,0.00501777777777769,0.0075634444444444195,0.003664222222222217,5.4230177333333405,4.940176722222204,4.815285166666697,6.2725412,0.003239555555555539,0.0031151555555555452,0.003553644444444439,0.0027196888888888987
2.4933998888888915,2.5295663333333023,2.4910331111111144,0.0056437777777777545,0.00579055555555562,0.006180555555555461,0.0075634444444444195,0.0037665555555555447,5.419621030996549,5.29443779580046,5.51590912120876,5.101117786912545,0.003235929341184328,0.003248372403066335,0.0034228085768248087,0.002279302299744498
2.4782696666666704,2.4486733333333683,2.0689475555555723,0.0046099999999999535,0.006730333333333308,0.005226000000000002,0.007039222222222148,0.0037665555555555447,5.223203533333346,4.336732655555557,5.411519077777804,4.963318788888892,0.0027200777777777836,0.003374088888888874,0.0031389000000000126,0.0029885222222222558
2.181610975338841,2.4481293045990133,2.580089313485915,0.0054791157520550264,0.005800377693845851,0.005741501888469326,0.007037658298155891,0.003885692068429224,5.193275869668647,4.311884250646405,4.780044549683244,4.3329968391724485,0.0027044924052462248,0.00289491725253092,0.002782244338598303,0.002523645694678811
2.5645253917101916,2.4291423491499105,2.422877208578737,0.005254583842649151,0.0061446827425269725,0.005743415935103997,0.007174130458939901,0.004225136126236224,4.259621264451439,3.39981938544856,4.132054731368593,4.392270336368573,0.0020336045785714313,0.002934518451428558,0.0025428372171428758,0.0020986122857142987
2.732187909767724,2.4291423491499105,2.422877208578737,0.005254583842649151,0.006873985998444283,0.005863318146460696,0.007404267140793531,0.003638404267140675,4.270002739110922,3.9157531320161856,4.142125303098361,4.141388695554571,0.00268439604849572,0.002897665020206558,0.0027516838796587317,0.00244283789851818
2.336165129458827,2.5123050338926465,2.434092788087566,0.004513057006334087,0.005367485276141751,0.005153017001889083,0.006169352150239231,0.003638404267140675,4.021837041194296,4.888740083062066,3.876349040296331,3.991984498821405,0.001893927489055998,0.002897339768773152,0.0033300370411942955,0.0020404310248063762
2.481603555555517,2.512025888888881,2.658885888888891,0.004512555555555606,0.005193333333333507,0.00511000000000017,0.007236000000000095,0.003292333333333354,4.063688271604934,3.9600959034792313,3.8501295061728467,3.9915364646464537,0.002013894500561162,0.0027147586980920254,0.003338002244668909,0.0020850617283950596
2.1873328519053166,2.512462615264987,2.658590489945564,0.0043428507943561664,0.005172980779913318,0.005109432285301804,0.007177980224419204,0.003609154538384478,4.064144404534737,4.00047146705581,3.9051956785273094,4.051873554832202,0.002546133123807373,0.0031956336289145713,0.00264220451229095,0.002546469861937373
2.66290265585063,2.662055006111788,2.5384033781531357,0.005067229692188055,0.005899433270363367,0.005286698522058022,0.006232692521391157,0.00417224136015121,3.7442748372614996,4.694520325477022,3.9047573849606954,4.021104758698087,0.002617474747474738,0.0024701010101010027,0.0027111335578002328,0.0026517171717171596
2.179760444444431,2.2633347777778,2.5353333333333317,0.004101444444444467,0.005150888888888853,0.004991000000000017,0.007289444444444608,0.003807888888888932,3.9354960148181517,4.214665929501571,4.21943975078581,4.022007566232595,0.002081084418500207,0.0025191850022451873,0.0023741917377638,0.0026523125280646493
2.387607222222212,2.4699901111111005,2.8349757777777747,0.005120666666666749,0.005209000000000094,0.004991000000000017,0.00715722222222226,0.0042979999999999624,4.070627926815572,4.872080839600401,4.1720172185430435,4.162062532270737,0.0026992030530923468,0.002043820855314877,0.002976057918958354,0.002665574138511597
2.388137919537664,2.4705391198043896,2.3237770615692277,0.0051273616359191615,0.005210157812847392,0.004575905756834832,0.00818148477439456,0.003484107579462076,4.273949256633882,4.628765557291742,5.101096315533122,3.653365077964544,0.0025336413251463626,0.0023623426393790258,0.002442906644601298,0.0024427062952612133
2.4590528830130314,2.3323819575602758,2.505782690812114,0.004300522164204064,0.005400177758026943,0.00457438062437505,0.006892011998666995,0.0035459393400733225,4.748004786049784,5.17865832059715,5.005710787741361,4.758204619221732,0.00248626470253718,0.0023181691351862117,0.003088425005311835,0.0028991425731939753
2.392127333333368,2.701209555555579,2.8344591111110984,0.005355444444444481,0.004671555555555627,0.004679000000000026,0.00688644444444443,0.0032311111111111603,5.40837858015775,4.974910487723546,5.494420286634809,5.350803532940786,0.0029678035773802814,0.002836595933785133,0.0034028107988001315,0.003458871236529269
2.392127333333368,2.5634218888889237,2.312099222222211,0.005290111111111094,0.005620222222222262,0.005576555555555511,0.00688644444444443,0.0039615555555556625,5.44802828574603,4.79023449616709,4.69022845239418,4.538288901233211,0.003711643150761028,0.0033917786912565136,0.002830063326297076,0.003458871236529269
2.4170706745194153,2.5637067451939446,2.2594294921658147,0.005290698966551822,0.005393377041893468,0.00462095788420919,0.006768085342815783,0.004688409823313588,4.66141848067525,5.777537994224794,5.194117492225684,5.58622067969792,0.003570824078187454,0.0029745668591736945,0.0028217014660151044,0.0035447912039093714
2.4170706745194153,2.4537354150461224,2.2594294921658147,0.005362929214357162,0.005425491721302339,0.005392932548060759,0.006262918102011503,0.005093677075230759,5.80732224691631,4.995180808978773,5.556236248472065,4.687397744193794,0.003046116235137227,0.0030461940215579736,0.0031993665962884808,0.0030901989109900995
2.6257631578947667,2.4753924664602875,2.6677792569659546,0.006201135190918433,0.005197316821465407,0.005435603715170293,0.007787306501548212,0.00443085655314757,5.007393822222206,5.059176533333326,5.555618888888903,4.773824955555559,0.003388611111111103,0.0033610555555555633,0.0031256333333333254,0.0031340555555555583
3.1139844120987004,2.9189167957056044,2.915954784763083,0.006815319500361306,0.006473521213998132,0.005380922886342542,0.008559719211314069,0.004432228760194069,5.140824861141962,4.44642974894469,5.2848550544323425,5.447896811819597,0.003775972006220824,0.0027004998889135616,0.00312493890246611,0.0036201399688958118
2.6207673170228167,2.810808506245482,2.94974460617323,0.006483637865180076,0.006549912253535515,0.005380922886342542,0.00757097140497592,0.004459481779704712,5.476986765196134,4.987294766085131,5.292455806200668,4.67336785198354,0.00316506278475386,0.003256472941437934,0.003272030225580601,0.003331425713968224
3.1198469240297335,2.8105183732452503,2.9494401321222217,0.005669281585466531,0.006549236168455671,0.0055459331131297055,0.007959021469859419,0.004871696944673885,5.477595454545456,4.971311058012895,4.613424783285167,5.767543587463882,0.0032806401422538368,0.0025814069793287596,0.0037160368970882225,0.0033317959546565953
3.0218825229689013,2.801915350469714,2.964574894188102,0.006836998038608354,0.006696603695674522,0.005546505626096891,0.007959843088675343,0.0045603385981212155,5.547574655555556,4.93805946666668,5.534994944444438,5.6703961777777945,0.0037207888888888883,0.0031446555555555795,0.00305113333333332,0.0034919444444444507
2.65406822873655,2.459231833195701,2.6591922997522808,0.006481833195706082,0.006695912469033763,0.005429913294797667,0.007791081750619208,0.004903282411230282,5.76922025555556,5.811124177777793,5.869273622222207,4.89050501111112,0.003141366666666673,0.0031637888888888894,0.003214199999999985,0.002818077777777789
3.017351362510293,2.6453124483897503,3.0095319983484945,0.006407617671346035,0.00693383567299759,0.004596098265895999,0.008962118084227652,0.004540668868703457,4.8769235692854815,5.801933314812758,5.869925836204006,5.631319679964427,0.0030850983442604766,0.002608834314923892,0.003214557173019209,0.003310356706300713
2.8528027456647322,3.1323285507844414,2.8850583195705974,0.006407617671346035,0.00707504128819158,0.005412572254335382,0.00808123451692817,0.003360858794384821,6.004163494886617,4.814089206313911,5.542530780346802,4.582820497999105,0.0032155180080035636,0.0032375166740773805,0.0034832592263227932,0.0031099044019564214
2.8530972437287008,2.7996560338597782,3.1733055641581416,0.006515742748012916,0.006299783214617532,0.0052855373180552,0.0087088882006813,0.0036993909363063652,4.8583082111111215,5.778906622222217,4.3479929777777535,5.74392276666666,0.0032140888888888956,0.0026903999999999878,0.0031056555555555344,0.0031085222222222188
2.8950122832369933,2.8018697357555817,3.052640483071842,0.005541701073493091,0.007261663914120613,0.005087427745664703,0.008396263418662304,0.003699009083402122,5.988779933333355,5.026803011111105,5.462381444444418,5.469530900000002,0.0029353000000000265,0.002919077777777779,0.0029836666666666627,0.003262811111111119
2.5256802577491286,2.5129685590489714,2.2517093656260463,0.005395622708588046,0.005548161315409419,0.004013665148316906,0.006296300411065435,0.003689923341850899,4.984427380820104,6.005573119235477,5.676071507945338,5.615261806867443,0.002997566396266258,0.0029194021557950893,0.0035552061340148877,0.0035277253028114203
2.825824908343517,2.4786651483168565,2.302962559715551,0.005523164092878549,0.005540051105432702,0.005008776802577407,0.00795133874013973,0.003423730696589353,4.9013061555555515,5.6836373888889025,4.814866266666671,5.614637888888903,0.003399122222222245,0.002871255555555557,0.0028127333333333357,0.003094833333333337
2.2886162222222186,2.478940555555558,2.5870787777777577,0.005523777777777758,0.00632233333333332,0.004678111111111013,0.006511222222222162,0.002979888888888856,4.901850805645068,5.036353572619197,5.727023947105226,5.267841971330156,0.0029282142460273436,0.0028715746194021567,0.003221135681742414,0.003589676630736759
2.3976706666666767,2.623203999999987,2.394361555555558,0.005197222222222249,0.005595777777777953,0.004678111111111013,0.007813222222222372,0.0037141111111110726,5.184583522222224,5.348119366666665,5.451586944444443,4.928787066666657,0.0030582555555555466,0.0028780222222222177,0.003550600000000012,0.0034077444444444377
2.7258941111110997,3.019604444444415,2.394361555555558,0.005397333333333402,0.005595777777777953,0.004635222222222248,0.007549888888888746,0.003970222222222357,5.071847671963541,4.47555193910434,5.19191932436938,5.563119202133559,0.0033827869763306895,0.0026250027780864585,0.0034282586954106054,0.0038188465385042875
2.6337983333333392,2.4688279999999803,2.5714794444444227,0.0053323333333332975,0.005139444444444487,0.005270444444444541,0.006289333333333345,0.0036301111111111737,5.071284133333323,4.808682244444444,5.191342444444451,4.822312111111122,0.003071766666666664,0.002963044444444455,0.003427877777777783,0.003737199999999993
2.2494799999999993,2.300503888888923,2.245339222222204,0.0053323333333332975,0.004870666666666739,0.004391555555555569,0.007705000000000221,0.0042112222222221935,4.972141715746208,5.610963762640316,5.499660662295823,5.930957750861224,0.0029459051005667246,0.0023357706411823624,0.0033847649738860085,0.0035448049783309288
2.7207779135651884,2.787094656149329,2.482670369958901,0.005458726808132284,0.0058425730474391,0.005005888234640502,0.007607265859349062,0.0031244306188200214,4.971036918120223,4.642867436951473,5.498438651260985,5.554366270414405,0.002945250527719138,0.002859837795800485,0.0033840128874569712,0.0035440173314076253
2.4990222246916565,2.453926769641074,2.510260140015532,0.005459939993332445,0.0048076452939214195,0.005091232359151049,0.0066771863540393776,0.004024447160795597,4.881802666962991,5.705119691076782,5.0920323147016395,5.518639471052335,0.0029241360151127634,0.0026390710078897676,0.0035605067229692263,0.0033440048894321714
2.5625370596733283,2.604252028003121,2.510260140015532,0.005343704856095111,0.005511056784087013,0.005091232359151049,0.00830203355928432,0.0034794977219690833,4.8039092950932885,4.651486281966246,4.070618105877757,4.623195641776457,0.0024344786130297545,0.002596962353887988,0.0029416019703244214,0.002551144541505202
2.261571761830725,2.224426238613637,2.6359953343701807,0.0053277049544545405,0.004437458342590589,0.005222172850477695,0.007679404576760858,0.003873472561653019,3.8924272158557187,3.841829555702837,4.119794461145705,4.679047580091414,0.0020635905242856988,0.0021231538871428497,0.0029771388985714345,0.002581964428571443
2.7615416666666435,2.740831222222217,2.352720777777803,0.005328888888888865,0.004760888888889012,0.0045812222222222,0.008615000000000114,0.0043509999999999695,4.776907697441597,4.500573770856491,3.821337563959964,3.9560002669632692,0.0027554727474972045,0.0021339599555061104,0.002669610678531713,0.002100111234705235
2.304668740971199,2.4969944438270812,2.57860128903209,0.0051242360262251435,0.005237026336259467,0.005544504944994013,0.007313812645849441,0.0032315812868096106,3.8896422961397175,3.608330859939931,3.173175258649461,4.107643030370452,0.0021838357993102736,0.002081788853042624,0.002339681833351872,0.002302970297029707
2.4140922324702765,2.10054994999445,2.939879319924432,0.005179131014557155,0.005237026336259467,0.0055219468829870305,0.007879319924436136,0.003615623958217534,3.7080799755256395,4.45896054066082,3.580834030481712,4.216794904883742,0.0023292691066859623,0.0017058070975637073,0.002627767271109146,0.0028856936255423206
2.497048639644662,2.5832744031094204,2.3839891171571423,0.005226985008328561,0.005369572459744448,0.004883398112159872,0.008785452526374185,0.004007884508606217,4.5820768298109025,3.3545583759733133,4.614723325917689,4.21632585094549,0.002403381535038935,0.002054638487208008,0.0026274749721913364,0.0024742269187986703
2.4987135237248785,2.2290355595066207,2.71008145349483,0.006188798755417242,0.0047483053672628985,0.006050005556172925,0.007375486165129197,0.0034293810423380155,3.5555177975528194,3.6909333036707355,3.50321121245829,3.9193506785316843,0.002489098998887657,0.0023355951056729684,0.0023694660734149115,0.0027252169076751992
2.5250762222221965,2.2775146666666743,2.620545333333313,0.005013555555555667,0.004902333333333391,0.004799888888889036,0.007199333333333237,0.004095333333333389,4.471743101913643,4.794872174009795,4.411873943035166,3.131347229639515,0.0024896528704939956,0.0018107699154428021,0.002690932354250119,0.0031891410769915468
2.637831111111104,2.2775146666666743,2.479033555555563,0.005802555555555719,0.005898777777777772,0.005012777777777681,0.008281555555555542,0.0031961111111111036,3.4294485650722906,3.7315226696329553,3.7033008120133655,3.3532973526140135,0.002351512791991107,0.001889521690767522,0.002368665183537262,0.0026953058954393644
2.2463505166092474,2.3099455616042572,2.478758137984676,0.004838573491834245,0.005832463059660031,0.00593367403621803,0.006656149316742655,0.00383279635596048,3.7209658415185927,4.316057339374273,4.361796550247141,4.297666403882864,0.002218934215714276,0.002820008444285719,0.0023562298628571365,0.003322776581428546
2.735623805290063,2.63754223160699,2.385230829073103,0.004943209602133899,0.00583440764614358,0.004807512780617892,0.00695287841742607,0.0038105134474326592,4.657478245602502,4.233593639452488,5.054757593680006,4.927170363236258,0.0021765386887499906,0.002766128638750005,0.002311211129999994,0.0037496392424999927
2.5061845760640136,2.1212811423491167,2.8083188132014296,0.005677297477497532,0.005576730747860766,0.005710523391487981,0.006018113123680409,0.0033333703744860346,4.469870141126794,5.207862362484715,4.8511466607400875,4.728698777641967,0.0026409823313701597,0.0032305922880320145,0.0028922102455828354,0.003598599844427151
3.15228353062871,2.8858372600850797,2.7430943569705013,0.006021606711872358,0.005420296517641667,0.005639351798643847,0.008436731410182806,0.004141248132398547,5.691505711111127,5.207283711111106,6.040009466666688,4.936794022222229,0.0030751333333333443,0.0027119888888888777,0.002891888888888882,0.003455322222222236
3.038077241379341,2.8861689655172738,2.3697152873563385,0.006376436781609139,0.006128505747126537,0.005733793103448332,0.007780000000000221,0.003764942528735617,4.916681379846704,5.483243539606686,4.8725442617487005,4.833931063215201,0.003041628707921343,0.0034595378291300796,0.0025471392067547894,0.0031320519942228658
2.6427993099482365,2.762936285221365,2.8361322599195065,0.005692811960897165,0.006079930994824682,0.006418631397354715,0.006840598044853728,0.004196664749856306,5.011030288888903,5.483852788888865,4.701471199999996,5.781207444444457,0.0029144111111111077,0.002772955555555552,0.002944533333333314,0.0031324000000000013
3.0839634482758447,3.154917241379307,2.8873978160919807,0.0060811494252873705,0.006849999999999983,0.005211609195402155,0.008285057471264335,0.004194252873563285,6.033323291476839,5.570887631959098,5.553996477386376,4.970418268696539,0.0024952994777197534,0.0030538726525169463,0.002969818868763178,0.0029755861762418047
3.000582480744891,2.6011190941487734,2.7687252557765287,0.006662030118404354,0.005684676399586098,0.006001609380388376,0.006991838142314997,0.004230141395562619,5.818361770914353,5.200630085546032,4.646190434396174,6.1542500388845855,0.003065459393400735,0.003461815353849568,0.0026486834796133575,0.003008854571714256
2.8828127586206627,3.140490229885086,2.4823243678161067,0.005845057471264255,0.005743563218390899,0.005939195402298931,0.007504252873562975,0.004941149425287283,5.819008255555566,5.201207933333314,5.5725834666666545,5.203241700000023,0.003214144444444456,0.003060633333333334,0.0028599111111111165,0.0030091888888888908
2.8821501953573616,3.038417030567695,2.7939755228683323,0.006764766720294109,0.005082739600092008,0.008231096299701358,0.0075025281544470095,0.0042810848080899805,5.936177577977559,5.308571950271969,4.56908737928738,5.643374936174943,0.002790997890997916,0.0027786213786213866,0.002965478965478977,0.0032772227772227846
3.1868540229884954,3.277815287356343,2.360613448275886,0.006485287356321785,0.005999655172413748,0.008232988505747267,0.007444022988505659,0.005909540229885075,5.92303883333332,5.313880522222242,4.915352044444458,4.966142566666671,0.0031735888888889123,0.003191877777777787,0.002968444444444456,0.002809955555555546
2.9068396736007633,3.2774385702792994,1.9236895759108539,0.005724744282266412,0.00614584530513741,0.008345477531318209,0.007443167452016922,0.006818181818181954,5.9223807910232065,5.19747100322188,5.82341358737919,5.903620775469413,0.0031391178757915954,0.0031696144872791782,0.0026154316187090502,0.0033970558826796893
3.00391332370259,2.913111567951998,1.4721727969774365,0.005295477275252766,0.005194910545616197,0.008232136904100414,0.007055783975997293,0.006457606400711332,5.597169185465043,6.006678775419485,5.413997888654271,4.852389832203586,0.002705322813645974,0.0031703189243249114,0.0033079231025669505,0.0028764862762529018
2.676694444444416,2.9127878888888925,1.472009222222217,0.004648444444444443,0.005324555555555419,0.007259111111111081,0.007153444444444151,0.006347888888888894,6.37608956550725,4.880394532725864,5.413997888654271,5.26692220246694,0.0026742526947438625,0.0028409934437159876,0.0028883209245471734,0.0026574841649072037
3.262477222222212,3.269038999999996,1.0237323333333028,0.005377222222222144,0.004994888888888957,0.00764522222222218,0.008702444444444445,0.005537999999999994,5.408741715746168,5.816203322591403,5.562587343038122,5.225527903100338,0.0023508167574174885,0.0032613179242138076,0.0030993332592510426,0.0030595399488832025
3.412397955782683,2.8882681924230376,0.6489186757026986,0.004670036662593074,0.0060432174202867785,0.008690256638151424,0.007301522053105595,0.005963892900788712,5.572984177777762,5.529533122222214,4.710061111111114,5.993743933333324,0.003085588888888886,0.002699733333333337,0.00261754444444445,0.0031400555555555552
2.9951387623597516,3.720937895789357,0.3056797022553226,0.007968670147761354,0.0060432174202867785,0.00873947339184553,0.008355293856238354,0.008009221197644745,4.872956728525376,4.797480142238015,5.6546642849205435,4.809210445605059,0.002878542060228918,0.0028799311034559526,0.003192854761640169,0.0026437159684409377
2.6969690034440807,3.1999544495055803,0.306718253527358,0.008682257526941429,0.006148761248750037,0.008548939006776918,0.00915798244639481,0.008887568047994726,6.069111988888886,5.672845699999995,5.386424033333337,5.908800588888874,0.002753866666666654,0.00334988888888889,0.0031448555555555514,0.0032549111111110983
2.698951767059384,2.812635141142462,0.00567348299622494,0.007794398755278892,0.006804512113803131,0.00541220271171362,0.009161035785730128,0.008890531229162094,5.010484084084088,5.449449371593791,6.104604460015572,4.77206989211433,0.002756623289956611,0.0028649983316649903,0.002657880102324541,0.002550806361917466
1.9162425825091718,2.254763640404489,0.0056728525391745764,0.008197799755528387,0.006619068785420711,0.006374930547838683,0.009406378486498654,0.00782775863984886,4.930057266666685,5.443999922222197,5.7319592555555365,5.553734599999991,0.0029914333333333305,0.00297037777777778,0.0032002777777777667,0.0031489444444444403
1.916918999999982,2.255519000000024,0.00554288888886529,0.009398555555555651,0.0062265555555555754,0.006173222222222287,0.009405333333333488,0.006947777777777652,5.70336732222224,5.326623366666664,4.8232506666666515,5.6922033444444144,0.0030587444444444283,0.002912322222222239,0.0028789777777777606,0.0025614666666666664
1.1830083333333683,1.555915222222211,0.005392999999963246,0.0087688888888889,0.0062265555555555754,0.006193111111111094,0.008788444444444427,0.006925333333333229,4.807192523052993,5.286159782246426,5.204177669147872,6.313405932674114,0.0030584046217086826,0.002911998666814815,0.0027557271414287337,0.002954849461170984
1.1835182757471587,1.5565807132540515,0.006440951005412151,0.009576047105877209,0.006574825019442432,0.00619242306410397,0.009041884235085207,0.007635151649816638,4.955844861682042,5.286159782246426,5.885724352849698,5.2586301966448,0.003403599600044445,0.0030433729585601556,0.0027557271414287337,0.0029351294300633424
0.5978670000000016,0.8367694444444472,0.005424444444441987,0.00956077777777785,0.0067873333333332815,0.006198444444444581,0.007493888888888813,0.008316777777777852,5.8606291189868065,5.430774625041674,4.875739684479505,5.140481513165188,0.003403599600044445,0.002623141873125217,0.002567525830463267,0.00302558604599491
0.020703222222234925,0.8377794444444489,0.005439111111071624,0.010156333333333163,0.004990555555555511,0.005754444444444297,0.00901299999999989,0.00789022222222238,4.67169976682214,5.3206466799911265,5.65228448811904,4.369343137908049,0.0031642016433488834,0.003190528536531202,0.0031878969575838225,0.0025277481678880843
0.020705522835883356,0.005017779753283155,0.006399822202429002,0.0062972552505833335,0.006040448938770841,0.005840093343704846,0.008796866318479965,0.0063752639182131175,4.594314411044707,5.232511706245326,4.630936302910018,4.2969662322597,0.002754634349081942,0.0025592685844991214,0.0025700354865101256,0.0024858767504059554
0.0056221111111275,0.0054644444444420515,0.005360444444451989,0.006546444444444473,0.005960333333333444,0.0052121111111112445,0.0072616666666666975,0.0056547777777778115,3.4598066117216373,4.424876641179265,4.03247123489662,3.2549050470412926,0.002437488554603861,0.0021225995396145685,0.0021446826653410754,0.001907847220862672
0.004538777777775573,0.004555333333327225,0.005433111111112036,0.008063777777777918,0.005306777777777723,0.006684444444444419,0.0072616666666666975,0.0056547777777778115,4.506380429752081,4.227295327823714,4.083834391184579,4.2143184132231415,0.002995283746556473,0.0024478236914600503,0.00213821487603305,0.00261157024793389
0.005916888888855789,0.005950000000009621,0.006592888888866987,0.007052666666666794,0.005727333333333344,0.0069063333333332375,0.007066111111111045,0.00646644444444454,3.641170512396707,4.227295327823714,3.3696849146005574,3.434381112947662,0.0023830192837465476,0.00193338842975205,0.0021271955922865043,0.0024669201101928436
0.005027555555544597,0.004944111111096087,0.005562222222225602,0.006736888888888891,0.00604133333333322,0.006094222222222199,0.00823511111111112,0.007190777777777769,3.70293098855129,4.025364156759133,4.475600055041839,3.4075695618670356,0.002226387054161154,0.001897831351827377,0.0024537978863936544,0.002958234258036116
0.005177091434261452,0.005610154427255072,0.005782801910912068,0.007553716253749499,0.006906343739584403,0.006091212087545774,0.006853127430285596,0.006676591489834429,4.419298457300278,4.3490101597796125,3.840796705234182,3.499112881542706,0.0026950633608815396,0.0018997134986225776,0.00189204407713498,0.0025707107438016586
0.005731111111092307,0.005881111111143077,0.005424777777787111,0.006122555555555446,0.005743888888888746,0.007264000000000061,0.007075999999999836,0.006419666666666639,3.4998467379325686,4.349489442362793,3.165156314745434,4.375986753361263,0.002331121886709294,0.001962629490852976,0.0045199471016090014,0.002809091910954382
0.005731111111092307,0.006557999999990393,0.005424777777787111,0.007042333333333299,0.006327888888888862,0.006214111111111168,0.008124666666666435,0.006436666666666548,4.046301575757566,4.4611778512396745,3.1653084848484827,4.536184881542703,0.002330865013774119,0.0023028099173553625,0.004655404958677692,0.0023203746556473837
0.005577444444447287,0.00554799999998876,0.0055967777778076,0.0058166666666667295,0.006327888888888862,0.006369222222222249,0.006605555555555359,0.006436666666666548,4.04853217199558,4.480281080485125,2.393811267916198,4.538685534729883,0.0024044762954796017,0.0021878059536934932,0.004481697905181912,0.002705909592061733
0.006247972447519302,0.006671036551500573,0.0053408510165460716,0.007128763470725492,0.006180091100988912,0.006305743806243587,0.006742584157315571,0.008704366181535392,4.363426186788558,4.981086797074279,1.7226037687885731,5.333778826257145,0.0023828600628571506,0.0019690853314285827,0.004754771599999993,0.0027819080914285705
0.006656939338225159,0.006923828125008293,0.006643037683861555,0.007856962316176417,0.006710248161764676,0.007362477022058633,0.008771254595588222,0.009123506433823569,5.483937517384977,4.890748327439994,1.692041900855013,5.237043829225002,0.002339643805000008,0.0025623494400000045,0.005582490980000011,0.003282814975000011
0.007874325100513424,0.006923032739813002,0.005736358414704761,0.007525674899482939,0.007908558299827725,0.00688523836875364,0.009651694428489416,0.010566111430212433,5.306000011112323,5.781176141793549,1.6375611512390307,6.3122393154794905,0.0028945660628958854,0.0029431492388043165,0.005401355706189586,0.003606011779086558
0.006449511774870467,0.00671120045952675,0.005731418724870744,0.008185180930499646,0.006749454336588216,0.0064699597932223445,0.008284663986214783,0.008551981619758642,6.815755477777764,6.83332655555556,1.6379653333333408,6.31153795555555,0.0028942444444444533,0.0032863555555555524,0.005525033333333337,0.003150777777777768
0.007303308823533094,0.007429457720560774,0.0066632582720457965,0.007828814338235285,0.006738281250000011,0.0074198069852940834,0.008703010110294158,0.008508846507352985,7.0158134579023494,6.127576165053949,0.5192669336002779,6.769076754532314,0.0030252585919252842,0.0028272828383939437,0.0058553664775887115,0.003001501501501492
0.0069469209558715266,0.006105238970586497,0.005767233455871941,0.006983340992647139,0.006713809742647221,0.0065043658088234976,0.009843060661764812,0.009669692095588293,6.289464548383503,6.210192578602387,0.003073536273746324,6.768140695478288,0.0025515942673036526,0.003285423841795364,0.006364626152649711,0.0056190089990001135
0.00666027113972652,0.005987017463231623,0.005831227022082765,0.00828102022058817,0.006713809742647221,0.00626516544117627,0.008414062500000163,0.00908857996323535,8.101573214087331,7.856456882568624,0.0038735696033798768,5.893901310965439,0.003008510165537161,0.0026722364181757602,0.0037156204866125907,0.004947961337629145
0.00666027113972652,0.006322954963271641,0.006788258272043677,0.007334673713235299,0.006400505514705823,0.00626516544117627,0.008699448529411817,0.008367072610294141,6.646191100000011,7.630009066666642,0.0033688777777898496,4.946084066666661,0.005008355555555526,0.0031290000000000055,0.003694500000000011,0.006018766666666639
0.0065558363970427205,0.006322954963271641,0.005708524816144485,0.008709214154411856,0.006400505514705823,0.006838465073529548,0.009819852941176394,0.011158318014705952,8.017336704078236,6.783122480275551,0.003938504278260602,4.946633692632508,0.004438593177019656,0.005768907656406273,0.003987276364040441,0.006290854539393251
0.006894198736321966,0.006167375071807209,0.0059709362435472705,0.007350832854681354,0.006632969557725332,0.0059749569213097395,0.008811143021252143,0.008926249282021785,6.887181220135575,5.895392076897417,0.00441513501500465,3.4773794866096095,0.004586765196132914,0.006273585953994882,0.003987276364040441,0.006075530614512728
0.005585712698569448,0.005484279524493795,0.005575491611998792,0.006621042106432715,0.0060278857904677,0.005967114765026173,0.0074686145983780166,0.007668259082324028,5.726323955555573,5.895315277777779,0.003756988888881097,3.476993111111098,0.0051649444444444555,0.005664388888888891,0.0037884888888888766,0.005541444444444438
0.005273999999998422,0.0054848888888854065,0.005576111111066793,0.005424000000000047,0.0048687777777776855,0.004956222222222214,0.008001999999999992,0.009954444444444575,5.725687768025793,4.845775336073747,0.004051183201873937,2.232268170203319,0.004533674036218208,0.006007921342073118,0.003788067992445272,0.005957682479724483
0.005273414065102299,0.005349738917867927,0.005402288634622853,0.005912898566825894,0.005594822797466779,0.005449616709254488,0.008001110987668026,0.01188923452949678,4.217224147127468,3.794687809756628,0.004045549505498056,2.233445782864763,0.005084587176352934,0.006001722413601543,0.0039535726191799155,0.005959006556284038
0.005511387623626497,0.005381068770153772,0.004501833129691536,0.006620597711365438,0.005411176535940565,0.0056261526497056544,0.028497055882679822,0.011207643595156101,3.184425266666684,3.794266177777767,0.003656066666659778,0.729943788888881,0.005116022222222205,0.0060010555555555884,0.0040851222222222094,0.0061949888888888985
0.005251083212993246,0.0060734362848945634,0.005654705032769806,0.006620597711365438,0.00537195867125861,0.006285968225752727,0.02739462281968676,0.011634707254749377,3.1855015890654617,2.615549816646282,0.004415746194016682,0.013073730414486933,0.005116590732303572,0.00909732192465831,0.003569696632959209,0.004008267585287257
0.0048755693811849445,0.005079102321960649,0.005849905566043641,0.00626363737362532,0.00537195867125861,0.005345294967225945,0.028938562381957623,0.01311643150761036,1.3728376333333283,0.99347813333332,0.004346722222212268,0.003713866666676798,0.00503398888888886,0.009632666666666666,0.00446731111111111,0.004706155555555563
0.0048755693811849445,0.005082657482489391,0.004924452838606715,0.006549494500611006,0.00548372403066335,0.006372403066326039,0.02850738806799253,0.015368625708254764,1.373528444444446,0.02783295555557667,0.004346722222212268,0.0037438555555569216,0.003676477777777795,0.008832966666666662,0.003931877777777769,0.0036359000000000287
0.005198444444431516,0.005083222222209669,0.005785666666674337,0.005220888888888769,0.005484333333333424,0.005844999999999977,0.027427000000000215,0.012670888888888973,0.003975491612038335,0.028377502499751326,0.003816020442162983,0.004164626152651163,0.003676069325630503,0.006234062881902017,0.00382919675591603,0.003758015776024892
0.0048157573063746,0.005106345149454709,0.005870985665095181,0.006283364818313015,0.005454717190798989,0.006686298477608555,0.028561840204467365,0.014088565396155286,0.003393445172751888,0.02838929007890091,0.0033394956115930805,0.003381613154098223,0.003905943784023977,0.006218364626152669,0.004309487834685049,0.0033423952894122816
0.0048157573063746,0.005194466051794738,0.004986887431966843,0.005338815423935892,0.005277808645405003,0.005683631514612765,0.028269363262584717,0.014670852316924127,0.0037234222222208603,0.02781420000000405,0.0041267111111046185,0.0039600555555681346,0.0038971888888888816,0.006733233333333351,0.004197166666666684,0.004277499999999996
0.005109234359384894,0.005194466051794738,0.006110123347062476,0.006810534503833687,0.005277808645405003,0.0066226247360818,0.02864373819313287,0.013145349483275899,0.0037234222222208603,0.028441277777776327,0.003411122222208481,0.003994499999988774,0.0038971888888888816,0.005925144444444447,0.004197166666666684,0.004010833333333344
0.006261777777783411,0.005357444444446932,0.005127666666642957,0.005682333333333271,0.005668000000000006,0.006029777777777826,0.028640555555555856,0.01120777777777783,0.003487279191193565,0.028400588823455055,0.003635107210304448,0.003312709698918661,0.0042981779802243915,0.006307210309965547,0.0041927674702810554,0.004010387734696155
0.005199355483941522,0.0055019446605233625,0.0058998777641948935,0.005765418379819797,0.004952439159906535,0.004935881764640548,0.008053450383375784,0.012289476608512026,0.0040217555555652025,0.028906611111096936,0.004215544444434727,0.0036102444444294536,0.004272044444444434,0.006307911111111099,0.0040629777777777916,0.00407155555555556
0.0053072563618097165,0.004809423269237456,0.03709489943329048,0.006758639848871976,0.005230581175686156,0.008036004000444573,0.008053450383375784,0.013727303033670504,0.00329937777779479,0.02807525555554473,0.004065077777770259,0.0035458111110971105,0.004272044444444434,0.003639788888888863,0.004468733333333348,0.0042319222222222
0.00578953217022804,0.005883764862764182,0.03614768307588334,0.006709189909989973,0.006209912212468017,0.00957395266140691,0.007889432159128617,0.011817646405156076,0.004070652294694117,0.004228292032445229,0.003333859317696015,0.0041965996221955335,0.0043062118013112655,0.0037784087120791383,0.003571119013223699,0.0035339815535059176
0.00578953217022804,0.00565729525502064,0.037245249472145185,0.005706189576619749,0.005100677853094661,0.00854661629069906,0.006995888432047982,0.010939771085676009,0.003350172003910529,0.003723141554801953,0.0033046688375050395,0.0034015021311471273,0.0036320581166395696,0.0037453258629985184,0.00353985114350232,0.003503038850559418
0.005468392400868348,0.005656038217968084,0.036376402621938066,0.006669036773691906,0.006042550827685863,0.008782024219531073,0.00938284635040533,0.013988779024552696,0.002688905743676659,0.0032220443059114644,0.002791835011022465,0.003023194291246828,0.0036798747584348684,0.0032993612271140847,0.0029490133479272607,0.0027645486553180987
0.005746583712949725,0.032222753027464864,0.03631729807799616,0.006298522386401621,0.004945228307965892,0.007941562048661215,0.009188645706032573,0.01123152983001878,0.0033316353301298986,0.002613347179709866,0.003672759073023249,0.002961237428967327,0.002829000874508093,0.0027507324005247094,0.0031356908613904767,0.0033127568867511907
0.005747222222251165,0.03833011111110965,0.03691744444444744,0.00690366666666679,0.008531888888889031,0.009247222222222283,0.007948666666666703,0.01268655555555556,0.0025123893805260923,0.0035568556757198085,0.002897061072874951,0.0031347427073078536,0.0031177100404239,0.0030941112203648913,0.0031981645362176283,0.0029478750136567246
0.005426333333313475,0.03833011111110965,0.035794333333342365,0.006261666666666659,0.009516333333333312,0.009340333333333383,0.007109333333333092,0.011343888888888919,0.0032529135235536,0.002942188695737717,0.0037248496774929547,0.002604285558116107,0.003766579206297141,0.0036951459494916285,0.006377533617579529,0.0031888488028861722
0.0049815535059379995,0.03832603622625431,0.036679631070138906,0.006262362484720517,0.008399822202466945,0.008655961773530374,0.00880831203467018,0.013651961329036587,0.0038053782247498714,0.0031597944906072402,0.002933460865764769,0.0035725951027534074,0.003812385220813312,0.0035614451246174213,0.00557115216440754,0.0039192173152601565
0.005706143761783718,0.037448505721589774,0.03679868903454104,0.006077102544161805,0.009400844350627872,0.009741362070880917,0.008388179091212106,0.012568714587268189,0.0032792131147386092,0.003269748633898128,0.03474371584700032,0.003708655737708512,0.0032578688524590267,0.004278437158469936,0.006219158469945335,0.003285453551912559
0.005922298850571511,0.04021160919542492,0.0054117241379363,0.006642413793103407,0.010098275862069095,0.006948620689655055,0.009785402298850462,0.012512068965517258,0.004037581985112605,0.004103224748591276,0.034807050721468454,0.0032649978137370725,0.003952547004809803,0.003405279842588553,0.006459717971141239,0.0034336576300830874
0.004862084817830374,0.040237329042637056,0.006112515802805691,0.006742788185266071,0.009084243190438015,0.006699459832203171,0.009786576255602603,0.01619986208481783,0.0039768473983380435,0.003297748141665756,0.03533105596852623,0.003513554875366323,0.004881493222562306,0.003574868823786612,0.007051639702667246,0.004019796676869274
0.005949425287389172,0.03943620689657193,0.005908965517271841,0.007967356321838944,0.009940459770114962,0.007693333333333281,0.011688045977011589,0.016860919540230036,0.003445300799995298,0.0040614863999947565,0.036690919028568705,0.004246234114251461,0.005129049085714281,0.0042731451428571245,0.006653065542857142,0.0035881141714285882
0.00595689159671178,0.04071479480400589,0.006469479250490891,0.00697068628577987,0.00999609150477054,0.006638119324060306,0.009217956086906797,0.013705483388895379,0.03879831778081802,0.004874932366609023,0.036101921071146854,0.004178069476072687,0.008065683353153502,0.004204548502937851,0.00727933649573385,0.0043316772151987945
0.005031727784762777,0.012194735026990174,0.005450741464522895,0.007178986090355227,0.00999609150477054,0.00785320151741581,0.009777445683411832,0.015836303023336027,0.0381452666666683,0.005238533333327825,0.03632536666666258,0.005022244444426684,0.007929922222222203,0.0049473777777777495,0.007514155555555566,0.004258766666666685
0.006120114942483457,0.006334942528709867,0.005729999999972675,0.007449540229884925,0.006683908045976952,0.00650252873563209,0.009776321839080405,0.017976091954023023,0.03883589059371611,0.004280386924624512,0.03634959973315135,0.004268923726925658,0.007790438069824334,0.004085179008227702,0.006880409161663339,0.0044676339782076906
0.006215747126463674,0.006334942528709867,0.005729999999972675,0.007512413793103426,0.005665517241379419,0.0068886206896550395,0.011333448275862317,0.01713436781609184,0.038513976224862384,0.0048619042328583864,0.03638646817020023,0.00483532940784415,0.007127063659593386,0.00412380846572604,0.004497622486390395,0.00493216309298969
0.005483563218410706,0.006017701149416433,0.005894022988495531,0.007512413793103426,0.007131149425287434,0.0074997701149425765,0.010364482758620869,0.015729195402298845,0.037419624402706304,0.004472641404603588,0.03639455495054698,0.03760151127904169,0.006957350816757424,0.00415513945993997,0.005269507723080351,0.006972196910767874
0.005910334521211921,0.006018392918717435,0.0057176686975177055,0.007806414530405905,0.006679618346936276,0.007270375905276494,0.009264168295206323,0.015731003563628,0.038353134029771585,0.00442670593465116,0.004243087352741442,0.03748115136697085,0.007527561680373414,0.0034257057123805324,0.0039517670593465495,0.006972971771504789
0.004989111111121424,0.00553255555552015,0.004753333333307334,0.0073160000000000265,0.005015444444444326,0.00629300000000003,0.00926777777777785,0.016377888888888928,0.038323458162007454,0.003579664407161465,0.004076230692297453,0.03747698633181505,0.0068212690298922116,0.004128980997888647,0.003780097788643176,0.006953905989554404
0.006331481275718204,0.0054524947216271465,0.0052436937437499226,0.006370374486053897,0.005977775308367584,0.005896099566618435,0.007886320702300434,0.013847983109234347,0.03761011111110217,0.004149722222229634,0.004043355555546037,0.037382677777777144,0.005903144444444462,0.003281588888888869,0.0036378666666666594,0.006901888888888887
0.005280222222204935,0.006132111111077797,0.005000888888844202,0.006298888888889052,0.006075555555555686,0.004935444444444394,0.007461888888888682,0.01363611111111101,0.0384076999999997,0.004122066666676953,0.004060044444454686,0.03684626666668262,0.006491800000000017,0.0034286555555555426,0.004110088888888879,0.006901888888888887
0.00560422222224588,0.004900666666647643,0.0053213333333385696,0.007311111111111244,0.0058167777777777575,0.006203333333333364,0.009548555555555302,0.01363611111111101,0.004197366959213752,0.003257849127894572,0.0040595933785237395,0.037517209198994664,0.004031818686812589,0.0034282746361515262,0.0037756249305632554,0.006870147761359851
0.00560422222224588,0.006105777777773054,0.0053213333333385696,0.00641855555555557,0.0058167777777777575,0.006201333333333281,0.008070333333333303,0.013135444444444429,0.004198299811077117,0.0035066229581115368,0.003910901211243259,0.03723633737082436,0.0040327147460829105,0.0034332481386820882,0.003914179353261455,0.006871674630514503
0.00563292967448074,0.005649372291976694,0.005612820797702151,0.007669036773691863,0.00567759137873575,0.00620064437284741,0.009086990334407298,0.009028219086768123,0.004174233333350862,0.004231600000012906,0.003910466666664232,0.037232200000005385,0.0038084888888888844,0.0034328666666666795,0.003913744444444426,0.006768344444444448
0.03768777777774328,0.006376555555561937,0.005613444444457451,0.006779555555555601,0.0064853333333333065,0.005512555555555645,0.008036777777777598,0.011618444444444462,0.003715446160691707,0.003647094121594696,0.0038202022446942765,0.0373058895432867,0.005372130236692962,0.00444361595732858,0.003746727414157131,0.0054780531170129905
0.03835973780686122,0.005472169758904877,0.005545717142520056,0.010397844683924008,0.00506799244528386,0.00564726141539815,0.008014665037218196,0.012946117098100085,0.020181688888878096,0.03555861111112791,0.004314622222220048,0.004120077777764033,0.006872111111111088,0.006094899999999996,0.004202122222222194,0.00449473333333331
0.03722633333331437,0.006210000000010041,0.004818666666677827,0.008968999999999857,0.005500666666666772,0.006627666666666699,0.008015555555555665,0.01294755555555543,0.03463696666667223,0.03558367777777802,0.03591137777776668,0.033505488888901404,0.006302799999999985,0.006094899999999996,0.004202122222222194,0.006826299999999999
0.038208199089020456,0.005568047994679631,0.007921008776848506,0.009139428952338668,0.009056549272303175,0.0066269303410732465,0.01019208976780363,0.016344739473391847,0.03438436840351279,0.03557972447505857,0.035408432396389786,0.033501766470404704,0.007132296411509833,0.005919797800244431,0.0061783468503499375,0.006503566270414389
0.036866681479855334,0.03791012109766828,0.03886090434392302,0.010408954560604351,0.008094989445617144,0.00884090656593717,0.01019208976780363,0.01930574380624379,0.03438436840351279,0.03565762693033283,0.03564903899566038,0.033239517831344656,0.0071106654816131525,0.0065321408732363214,0.0063001777580268875,0.006461159871125436
0.03784611111111897,0.037850333333355794,0.03820744444444952,0.009297888888888729,0.008755111111110974,0.008841888888888939,0.011150777777778053,0.021488333333333408,0.03442724747193276,0.03557585287252716,0.03510444493830985,0.03372653628182121,0.006523524836092897,0.0058863318146460866,0.005829303255917327,0.006462595843982669
0.036700699922240246,0.037846128207999354,0.03844283968447318,0.009208199088989994,0.008862459726697138,0.008923119653371748,0.010021886457060664,0.021485946005999408,0.03678973219248073,0.03729306589619918,0.04555370596732593,0.08251259028781577,0.006747783087009684,0.006667796421824661,0.006424702744749417,0.008833814868318694
0.037850888888897316,0.03764377777780384,0.038447111111104784,0.01017188888888892,0.008863444444444547,0.0077516666666667,0.010023000000000337,0.021380555555555566,0.03678155760472549,0.036591178757909924,0.08129135651595946,0.08186900344406381,0.0067462837462504335,0.006779924452838559,0.008808521275413842,0.009930741028774588
0.03757806422937185,0.03803578175356047,0.038364596066252865,0.008054672741415834,0.008997444160462116,0.008956328480942344,0.009825647294143827,0.02526058450939,0.03674608888888997,0.08122201111110093,0.08130038888890567,0.08260930000000775,0.007429066666666666,0.006780677777777763,0.008809499999999998,0.009263033333333347
0.005427174758374571,0.03730085546053944,0.03937229196755546,0.00982201977558062,0.008188423508498981,0.00904432840795464,0.011514942784135234,0.02628330185534935,0.07643462222222297,0.0818894111111048,0.0813158111111155,0.08264597777777757,0.008644900000000014,0.008003533333333344,0.008683744444444442,0.010103133333333346
0.004752083564869557,0.03815068340928783,0.06365429492167947,0.006204356039560125,0.010371152350261129,0.008320146682964795,0.0117076341815755,0.02401155683964883,0.0599679666666854,0.049438622222207115,0.08132104444444445,0.0820816555555742,0.006317311111111144,0.0063387777777777895,0.008198666666666663,0.008304400000000024
0.023938562382005812,0.037405066103765545,0.06364015109434436,0.009834907232529874,0.01285423841795352,0.010761026552605212,0.013923564048438797,0.033902788579046744,0.04542013557063027,0.04967593065897064,0.04895698410935505,0.052559173241465716,0.007269541060117794,0.006339482164684976,0.00819957773085898,0.00677999777753083
0.02394566062895201,0.06272596955218797,0.06114390487829963,0.008558506500722379,0.009299811090121088,0.011346816312923624,0.011334926102900303,0.028498944327147356,0.04527881060720331,0.05006809574564869,0.04934347349489963,0.052974099996869015,0.006489993653894225,0.005856159185835735,0.005790067561648333,0.006426343645377551
0.02394299999999324,0.030341222222179772,0.0296358888889093,0.008354444444444553,0.010412111111111165,0.009282777777777678,0.01133366666666665,0.024499222222222155,0.04597193814679438,0.05017097515973177,0.04934062658951704,0.053221579376145696,0.005773640356785642,0.0053190410033066,0.005283379908864518,0.006010827572306246
0.024192222222205198,0.029724999999972274,0.030590333333344058,0.00939822222222237,0.008827777777777929,0.009282777777777678,0.010115222222222227,0.02349733333333326,0.04358750961223541,0.4080380753597834,0.04863383499946087,0.051500955728886785,0.01714216192464022,0.00648168735581676,0.0066095023618587285,0.0072637811710425096
0.023392367199569473,0.029290974729259008,0.03490273336770608,0.011261062403300642,0.01047839092315622,0.009285714285714357,0.023371222279525424,0.03171820526044356,0.37505838734482405,0.4063404811600664,0.21885488300560782,0.3390257387674562,0.016417598593870146,0.007377106448423607,0.005638591673074812,0.005575337800725039
0.1299279084158156,0.11016006600659327,0.03489913366335711,0.010936262376237611,0.010477310231023058,0.011980404290429146,0.02463613861386109,0.0318630363036304,0.38443185014283726,0.4088311030542729,0.32682142386286145,0.3491792902658716,0.020256493078444307,0.006456921555702071,0.006341430454845119,0.004489255108767291
0.2206009694719386,0.10914665841583672,0.11120503300328108,0.010936262376237611,0.011559921617161762,0.01086313943894401,0.023875721947194666,0.028264129537953774,0.3837526911247897,0.3654426735500804,0.3267496265377597,0.349196078646757,0.019775593145869946,0.007264059753954329,0.00634003734622147,0.006818189806678357
0.3183006394389171,0.11080806518148106,0.11026165429043484,0.010123865511551082,0.011559921617161762,0.010827557755775576,0.021832198844884413,0.025175639438943985,0.346311379613348,0.36478289762740523,0.3270206722319838,0.34852778998243883,0.017028460017574677,0.004839334358523716,0.006345474516695975,0.005987686731107182
0.3183006394389171,0.111442244224414,0.08828011551153653,0.010123865511551082,0.010243708745874594,0.010827557755775576,0.022162541254125617,0.02572194719471962,0.3471849060749041,0.3661204877512894,0.3265621773041901,0.3496172031198492,0.01771752169614411,0.00424595188399428,0.005971877403053968,0.006820971108425777
0.3041781330582476,0.11145373904073419,0.08937833935014834,0.007655389375966928,0.007010933470861269,0.00770541516245493,0.020105105724600544,0.01687096441464682,0.3463247253954131,0.36609835237257643,0.32799336555360237,0.3489260874340981,0.016775021968365562,0.004728921353251304,0.006464158611599312,0.006403328207381366
0.3032297854785233,0.08908209570954824,0.0888185849834726,0.007654599834983435,0.007764335808580927,0.00771318069306937,0.020393048679868093,0.015315800330033064,0.3587438597399885,0.006310698659999059,0.3376183582799933,0.36107693999999363,0.005989822019999994,0.004042993500000003,0.0051194316600000015,0.0051066628199999955
0.30983290355849946,0.08817153171739288,0.15526178442496272,0.007506034038163948,0.007424239298607494,0.007235791645178026,0.020395152140278594,0.016092315626611658,0.3534449535224887,0.010989863142494963,0.33814229310248706,0.3557435724999938,0.0064583306599999835,0.003983275562500004,0.005808169367500011,0.006123960080000006
0.3144754047643767,0.18135794575642405,0.1829513251521353,0.007325255233577385,0.007422708054037295,0.008083427864288008,0.02050953903269053,0.013323089615344955,0.3534905555555573,0.2868444555555622,0.6086833444444375,0.6784302444444342,0.0070338666666666695,0.007207655555555557,0.006123533333333341,0.007149277777777772
0.314507838283845,0.18058694306930034,0.18297019389441588,0.007825804455445411,0.007065697194719351,0.007515264026402795,0.0072164810231021975,0.014160375412541308,0.3380172647483689,0.28681258749028543,0.4268811354293857,0.3393104099544345,0.00703308521275414,0.005931163204088438,0.006122853016331526,0.0061664592823019605
0.22799388888890665,0.10716544444443976,0.19004977777780774,0.004160999999999859,0.006060777777777718,0.00424622222222225,0.006730555555555561,0.0033834444444443713,0.32955879346737993,0.28661890901011805,0.28229582268638836,0.329858960115544,0.004068014665037204,0.005931163204088438,0.003210521053216294,0.0061664592823019605
0.13622544444448675,0.10853722222221526,0.1067708888889077,0.005036777777777681,0.0041133333333333395,0.00490455555555553,0.006730555555555561,0.003851333333333429,0.32963203689297554,0.2864292254695077,0.2823585620624716,0.3299387376374864,0.003372530281142343,0.005562895877319697,0.003211234581620165,0.004394121569063264
0.030134681631337718,0.10779175463940235,0.108647627514153,0.00414312701411264,0.0041137904211579115,0.004816201800200005,0.007315035003889295,0.004125902878097587,0.3288123124791761,0.2864292254695077,0.28230868985442786,0.3310599844427074,0.004112245805089456,0.005131881320146688,0.003154450494499379,0.004878475386154021
0.03966270414403017,0.10624330629928214,0.1087014776136137,0.005181090989890036,0.003961337629152258,0.0048151316520386464,0.006780357738028976,0.003810354405065959,0.7003042773025323,0.28600771025442895,0.28316924786134123,0.34260933229640617,0.005518842350849905,0.006165848239084553,0.003612154205088334,0.004843506277080331
0.035721919786720624,0.19567948005779418,0.10752838573495244,0.004885346072658525,0.0049425619375624286,0.0055113876235972905,0.006780357738028976,0.003450061104321659,0.7003820888888994,0.6244640444444309,0.2817166999999977,0.3426473999999947,0.0061918999999999915,0.007932355555555558,0.0031139222222222474,0.004459344444444449
0.04401855555554196,0.193988111111139,0.24701500000002047,0.005596111111111037,0.00413066666666653,0.005988555555555467,0.007492888888888574,0.0059265555555554844,0.7001117000000111,0.6244640444444309,0.6183522777777739,0.7135110444444371,0.005594922222222215,0.007395899999999993,0.004987222222222239,0.006756355555555563
0.04296733333335902,0.24582211111111169,0.17542077777776893,0.004690444444444392,0.0056547777777778115,0.0054521111111110404,0.007492888888888574,0.00509177777777777,0.7007187111111144,0.620280322222224,0.6133624777777856,0.7141385666666591,0.005841188888888898,0.007996633333333347,0.004227066666666675,0.006229777777777766
0.03925002778082525,0.14639615512834453,0.144613957106319,0.00463918213134794,0.005655406156239615,0.005457717524169289,0.006981220135570518,0.008338148683186991,0.698653427396946,0.3447744583934977,0.3409255749361201,0.3894539384512795,0.005845250527719144,0.004749838906788149,0.004573314076213765,0.005170236640373292
0.04061551283475939,0.14690887876434872,0.14560073341478247,0.004100677853094935,0.006274252694743836,0.004946660740082092,0.008045005000555473,0.007437493054783782,0.3765716079564402,0.3455205911767833,0.3409342926991857,0.3892118235359484,0.0058465496166240725,0.005140504500500038,0.005285798422046897,0.00541073452605845
0.034517333333345356,0.1451775555555691,0.14550077777777107,0.004944888888888875,0.006536888888888963,0.00587811111111098,0.006739000000000002,0.009056444444444584,0.3760863207023044,0.34324033781530766,0.34043305922879974,0.3884332814757244,0.005761584620513399,0.0057421491276808305,0.00505770641182354,0.00541073452605845
0.07199222222218143,0.14500611111109013,0.14631833333330888,0.006305444444444438,0.006113111111111162,0.0052197777777777,0.007823111111111164,0.009757222222222122,0.3765804444444459,0.3424258000000199,0.3403952333333299,0.388323300000012,0.0062482888888888855,0.008357055555555548,0.005057144444444449,0.005685411111111082
0.07275291634263004,0.1439576713698566,0.1444376180424493,0.006859460059993405,0.006985223864015195,0.005670369958893587,0.01740162204199515,0.010925563826241482,0.3760225086101478,0.36699292300855885,0.3400223530718796,0.3871591600933144,0.005508043550716575,0.008356127096989215,0.0054497722475280634,0.005983479613376303
0.06431270141123153,0.1451161240138118,0.14405489498834034,0.005821869096566293,0.006996888543171481,0.006619735526169578,0.016652405822869067,0.010654072674741694,0.003612933333335554,0.366079244444437,0.3399597444444504,0.37532544444443755,0.0040251333333333255,0.008886622222222218,0.00462896666666666,0.005790788888888889
0.06488833333332877,0.05565388888888063,0.14403888888889724,0.006136333333333374,0.006014777777777801,0.006002555555555647,0.01774588888888889,0.011814666666666678,0.0042139555555549026,0.027580833333356876,0.3399597444444504,0.37532544444443755,0.0042181222222222444,0.007054677777777799,0.005394166666666642,0.005790788888888889
0.056595666666705964,0.0568195555555475,0.0051549999999830716,0.006249666666666758,0.007279333333333367,0.005662111111111183,0.01575188888888906,0.012011777777777906,0.003910632151970322,0.028380079991133393,0.004113876235969485,0.00384989445616179,0.004717898011332092,0.007686534829463409,0.0035204755027219026,0.004460004443950638
0.051312666666641846,0.006152333333324754,0.005665666666674144,0.007138666666666775,0.005837888888888859,0.005662111111111183,0.01760644444444479,0.014206777777777903,0.0038670481057672818,0.02781770914343862,0.003623208532375711,0.003921475391623402,0.003917798022441965,0.007085868236862566,0.004298833462948558,0.0038999222308632123
0.049711000000014695,0.005171777777781649,0.0065222222222271545,0.006339777777777735,0.0066473333333332526,0.005692888888889019,0.017903666666666616,0.010961333333333477,0.003867907545284066,0.028050105567297787,0.0043317479719918485,0.003922346927436632,0.00410756750750083,0.007719357706411829,0.0039702966996332835,0.004729758862095794
0.048340295522695136,0.005786134873882504,0.0055349405621799375,0.007188979002333024,0.005290967670258947,0.005692256415953913,0.01835373847350303,0.014427841350961068,0.004141684257307286,0.02787835796023267,0.0035354627263597138,0.0037756915898077047,0.004106654816131537,0.0075648261304299465,0.0038720253305188426,0.00480564381735363
0.049353960671029345,0.005786134873882504,0.03826619264527187,0.0069370069992223645,0.00537173647372517,0.009487056993667352,0.01835373847350303,0.015317409176758114,0.004461982001989365,0.02787835796023267,0.0037771580935371785,0.004531429841109734,0.004255293856238192,0.006963315187201421,0.003422064215087221,0.00480564381735363
0.0051623152983265,0.005436173758500841,0.038094989445617566,0.0058732363070770595,0.006397289190089993,0.010638373514053966,0.01877313631818706,0.01570547716920347,0.003926130429944513,0.028160815464939697,0.004497489167867431,0.004228974558384327,0.004218020219975578,0.004667414731696472,0.003981879791134306,0.004911132096433744
0.005294810534476459,0.01894888320924635,0.03880431159018889,0.005319702189132116,0.005525725080564475,0.00951016779642168,0.009678186465162844,0.013974774974997264,0.0043919000000048275,0.003556044444451345,0.0037795222222219613,0.004229444444446371,0.004773388888888876,0.005245044444444452,0.004590255555555555,0.004768766666666681
0.004213888888898509,0.01782044444442161,0.03757499999998497,0.006499888888888824,0.008600444444444596,0.009563777777777777,0.009677111111111162,0.01612011111111104,0.0043919000000048275,0.004486388888880003,0.03691988888887939,0.004075400000008105,0.005078877777777796,0.003680255555555558,0.004590255555555555,0.004695255555555559
0.004584064896097994,0.03839726636289528,0.038541393488159166,0.00623635959551072,0.008601400155572992,0.00921257917546385,0.009611401266807514,0.016851427936437523,0.0038651315962578525,0.0037889570812338026,0.03764305721249032,0.0041552268975082645,0.004295975287499998,0.0033211590074999895,0.003899978831250019,0.004787223873750003
0.0056548161315237,0.03722319742247449,0.037942117542528,0.005411509832240925,0.008895567159204528,0.008481946450394306,0.011477169203421832,0.015718031329852167,0.0033048624400133166,0.003020618652842995,0.03745465075000236,0.003409577772864052,0.0038493107557142866,0.0027208939057142786,0.0039653258071428756,0.003865263977142891
0.005440444444452118,0.03712033333335462,0.038008888888877365,0.005333666666666619,0.008736444444444462,0.009692333333333242,0.01088844444444427,0.013524777777777707,0.0033613377193045394,0.0037091008771838827,0.03658188596491747,0.0035034978070139565,0.0036642872807017557,0.0032521491228070004,0.00588055921052632,0.0036794736842105597
0.005074444444441421,0.037716666666660285,0.038020999999995794,0.006389888888888843,0.008833222222222246,0.00954077777777762,0.012005222222222126,0.016213999999999926,0.0042563486842196515,0.0030443530701680334,0.035883541666667365,0.0035034978070139556,0.003984703947368423,0.003280186403508757,0.0063195942982456205,0.004089912280701778
0.005074444444441421,0.0373181111110878,0.038020999999995794,0.006248333333333239,0.008833222222222246,0.00954077777777762,0.009776888888888873,0.0156924444444445,0.0034014146287990534,0.003917008443910168,0.03660357495340319,0.0036280403553079544,0.0039851409145739685,0.0026410571334576265,0.0057143107796907506,0.004050455093760274
0.00480464496053592,0.037322258028646534,0.005341260139997242,0.005656295143904838,0.008473608178686377,0.0058422046894099225,0.010842871430158803,0.014165573952661372,0.016486644736845163,0.003916578947370266,0.036742576754390584,0.0036119188596659886,0.007191798245614025,0.003683717105263164,0.00687473684210525,0.004050010964912275
0.005422888888865095,0.03758588888887163,0.0056461111111174335,0.005501888888888869,0.008929111111111018,0.005725444444444487,0.010749333333333055,0.01260722222222219,0.035803520122818726,0.004032777716843735,0.036035596008333746,0.003863910516504016,0.0067483934641956135,0.003774745037833099,0.006788244325035644,0.004038260774207701
0.005457888888890415,0.02471333333333961,0.0049453333333278554,0.006148555555555528,0.008929111111111018,0.006331111111111239,0.009643999999999962,0.014707888888888793,0.03487172935627735,0.004554600285105595,0.03678019519684385,0.003863910516504016,0.006857605000548319,0.0032051650400263094,0.005901973900646983,0.003864623313959846
0.005457282524165509,0.024710587712482666,0.00606743695142653,0.005983112987445774,0.006481502055327119,0.005327852460837796,0.009642928563492907,0.0125596044883902,0.03559103070175315,0.0036359978070197385,0.0032596820175550033,0.0037071820175396046,0.005944331140350862,0.003924243421052628,0.005901326754385948,0.0038445942982456055
0.005417444444447028,0.005189000000023549,0.005754333333344322,0.005872666666666662,0.007017444444444286,0.006023444444444495,0.00965433333333326,0.013465888888888876,0.03601996546713576,0.003448034031428476,0.0030454138628604587,0.027765727155716242,0.007067796385714272,0.003968858407142861,0.0036077800099999884,0.007244672761428576
0.005026666666657952,0.005189000000023549,0.005754333333344322,0.005872666666666662,0.0060873333333333335,0.006605888888889035,0.010357222222222302,0.013694333333333279,0.03554938353374299,0.003402987277499906,0.0038314714349968956,0.036218913450010395,0.007686418132499981,0.004414175943749993,0.004346681808749991,0.007150024916250005
0.005276080435498856,0.005180313298528518,0.0057885790467712755,0.00626619264526167,0.005418064659482173,0.005395844906121685,0.009091656482613114,0.016203644039551175,0.0363893099233236,0.004287976441821169,0.003863140348924528,0.036518279808878125,0.008296221802422492,0.0044506611845760565,0.004756717413045872,0.008301466829647719
0.004670036662586563,0.005392178646856614,0.004920008887895266,0.0062838573491834585,0.0054862793022997,0.005372069770025727,0.008379291189867756,0.013514720586601506,0.03595631111110404,0.005124744444433165,0.00456524444444363,0.03708205555555348,0.0071660000000000066,0.004641177777777771,0.004459344444444433,0.007593933333333325
0.005451666666683903,0.00466366666670284,0.0058397777777625184,0.005576111111111202,0.006252999999999966,0.006534111111111093,0.008380222222222185,0.013406777777777793,0.036494111111102887,0.0037369888888747487,0.003839677777768379,0.036241733333333234,0.007810044444444433,0.004641177777777771,0.004459344444444433,0.006880344444444471
0.006110329670343992,0.007088571428589554,0.006842527472504667,0.007482417582417557,0.007585714285714449,0.007599890109890205,0.011744065934066125,0.013156813186813106,0.02242281364596199,0.004427636404035264,0.003705889543294951,0.03620547838648161,0.004126180686742981,0.004217924213801539,0.0042141126791865645,0.007757484164907208
0.006351318681311739,0.006678351648368555,0.005901208791188905,0.007279010989010934,0.00675450549450562,0.006575934065934119,0.011402527472527553,0.016109670329670235,0.003672977777796405,0.003999433333338706,0.004328222222227396,0.0360725888888851,0.00478075555555555,0.0038709666666666793,0.003742166666666658,0.007587622222222226
0.03753038127676462,0.006047247555235705,0.006737501373478564,0.011231513020547259,0.0074435776288321225,0.006977804636853012,0.010585540050543941,0.01403054609383581,0.004824333333342819,0.0034707111111187162,0.003573777777780328,0.04353968888888934,0.004115199999999992,0.007196644444444443,0.0037424555555555486,0.007123433333333349
0.03753863061873115,0.006864160896801284,0.006769425211575432,0.010229036157819699,0.00620914386196288,0.007723705901747452,0.013790856138037441,0.020151994724695015,0.0046552505834088825,0.034973452605842094,0.034598077564171034,0.06769134348261169,0.004719368818757642,0.006468340926769634,0.005081864651627963,0.009863229247694213
0.037834945054942934,0.006886043956061199,0.006127472527443568,0.010249670329670212,0.006342417582417692,0.006391758241758318,0.012761868131868285,0.020924945054945063,0.03532673333333176,0.035056266666660785,0.03392732222222448,0.042853666666663535,0.00580540000000002,0.006366022222222221,0.004559277777777778,0.006549666666666679
0.03830538461538159,0.006886043956061199,0.03807912087907696,0.01160032967032968,0.007170439560439556,0.00915615384615382,0.011778131868131939,0.01917252747252761,0.03532673333333176,0.035056266666660785,0.033787622222228544,0.03470132222220299,0.006755833333333347,0.005864800000000009,0.006227466666666669,0.007745888888888883
0.037533846153854654,0.03716769230767578,0.03690406593405287,0.010408791208791273,0.010288131868131855,0.009861318681318546,0.013857802197802206,0.02300263736263742,0.03558726808132192,0.034861726474837935,0.034346217087009155,0.03469746694809765,0.006208932340851009,0.006708865681590958,0.006635773802910809,0.007659782246417093
0.038818461538499875,0.037382417582383635,0.03774274725276553,0.010345604395604314,0.009324395604395573,0.010017472527472454,0.01347857142857162,0.024460769230769213,0.03510933229641212,0.03484546161538358,0.10870042217533805,0.034839551160993174,0.006783957338073547,0.006493411843128537,0.006123208532385303,0.007121664259526717
0.038045934065948944,0.03812483516482574,0.03787175824177562,0.010345604395604314,0.009381428571428607,0.008868791208791325,0.01347857142857162,0.021654835164835105,0.11935401622043036,0.03484546161538358,0.15087439173426292,0.036421953116326254,0.011902133096322617,0.008292234196200432,0.01047520275524942,0.007963004110654337
0.03830362637362779,0.036875714285697844,0.037536703296679595,0.010875384615384702,0.010155824175824214,0.008977692307692324,0.014728571428571343,0.02779692307692294,0.11993367777778177,0.034786277777761325,0.15069051111110338,0.03572638888889262,0.011359044444444423,0.007660022222222223,0.011208355555555577,0.007087611111111105
0.03780655555556223,0.03667088888889541,0.036880111111107304,0.00965955555555552,0.007595111111111072,0.009805111111111093,0.0111294444444445,0.026015666666666784,0.1190973336295883,0.12061199866680294,0.15005109432285246,0.12683354071771208,0.01140651038773473,0.010052716364848335,0.011207110321075459,0.009296322630818784
0.005341777777781924,0.03667088888889541,0.03665033333335386,0.005015222222222073,0.008123555555555563,0.008792333333333366,0.0126395555555558,0.035579000000000055,0.1188756027108043,0.12061199866680294,0.150868825686026,0.11936727030330943,0.012110521053216328,0.008087034773914027,0.011499777802466407,0.011483957338073529
0.09136777777777955,0.03655488888888512,0.11918433333332562,0.012837333333333195,0.012521444444444462,0.013423888888888928,0.012583222222222192,0.03960666666666669,0.11832564444442698,0.0898960777777802,0.11986513333332975,0.09852538888890194,0.012126522222222226,0.00808793333333335,0.010162211111111112,0.008224999999999974
0.09087868014663622,0.11823675147206067,0.11917109210086997,0.012887679146761465,0.01460604377291403,0.013910898789023381,0.013410287745805848,0.03602277524719464,0.08779486666666496,0.08969654444445674,0.1205726777777664,0.09852538888890194,0.01051067777777777,0.008806555555555559,0.010935622222222226,0.009098644444444437
0.08973200000001372,0.11824988888889089,0.08793055555558264,0.012247555555555482,0.013139888888888902,0.010534888888888835,0.011835444444444301,0.03985588888888872,0.08780462273585782,0.431153061451278,0.12063337037449673,0.09867709745526398,0.008844471607956442,0.008807534170463387,0.010019079897766415,0.010986676297366384
0.09041771307924414,0.08785342815870337,0.08879675519502149,0.012248916546282844,0.010928547616401949,0.010852094677186454,0.0808247583064785,0.038063451494610455,0.08790582222223345,0.4337102222222219,0.47843249999999676,0.09866613333332452,0.011321744444444448,0.010200611111111126,0.009234855555555548,0.00997848888888889
0.09003900433377347,0.0868279808867961,0.08794866096229728,0.013146905211690187,0.010928547616401949,0.010659073230358994,0.07973863762640293,0.03658895432825872,0.43438246471830017,0.43293734859428773,0.40341232359149914,0.45252188020891077,0.012921646849649958,0.013196288476497406,0.01126607400822313,0.012452916990776748
0.09074286031778855,0.21044516057337906,0.08760440048894673,0.013146905211690187,0.012733859317701969,0.010659073230358994,0.08113379264362695,0.04383309256584061,0.35061096666665514,0.43423211111111315,0.3658892555555503,0.4525766888888888,0.007548388888888918,0.011718788888888882,0.00691234444444445,0.011610100000000028
0.20968592378622072,0.21039840017774009,0.2080812131985685,0.0141163204088434,0.011948116875902678,0.01258071325408289,0.07908510165537166,0.04208232418620157,0.35000567714697856,0.43355683812911827,0.3653002999666652,0.4525264081768692,0.007547550272192009,0.012194189534496167,0.005900688812354162,0.012377302521942038
0.22121100000003938,0.21161011111108666,0.20810433333336834,0.014702444444444476,0.012805666666666741,0.010933444444444539,0.07909388888888892,0.040709777777777845,0.3509789888888817,0.3486268666666648,0.3664476888888797,0.3620665111111079,0.00745792222222221,0.009288655555555568,0.0059013444444444224,0.009933300000000016
0.2212355817313428,0.21163362595841534,0.2090772308033968,0.015283253694855036,0.012444160462273462,0.010934659406600827,0.07839771085676164,0.03114990554506069,0.3616316480437491,0.3601620581174981,0.37772764487999905,0.37404638679749663,0.006977300793750002,0.008191224521249993,0.005163554984999989,0.00800169888000002
0.3184757249194856,0.2133882901899905,0.12715798244640567,0.00745861570936567,0.008622041995333703,0.006666925897122442,0.07600166648150192,0.021691700922119785,0.36823757142193875,0.36593161906257704,0.38462759374619854,0.3768951347582997,0.006454328919746163,0.008340853575713668,0.00525787761625889,0.008147865870589936
0.3347156350705779,0.13066040671183848,0.12718624291589034,0.007507723080342322,0.005866762973663707,0.006747083009223285,0.07632036892988128,0.021696521835759545,0.3493293407202278,0.3464168531855809,0.3650847756232848,0.3585282437673002,0.005640409972299165,0.007175069252077568,0.004869606648199438,0.007466548476454298
0.3347156350705779,0.13202244693851511,0.12767629736638564,0.007439159906656347,0.006649961106789727,0.006747083009223285,0.07632036892988128,0.01830814534948342,0.3492906381564433,0.007779470418785247,0.36430629293152766,0.35761483492135504,0.006415100819853741,0.007878041214269884,0.00403119875914027,0.0043915688012408655
0.33816153760692585,0.1323964003999395,0.12843017442510876,0.007437506943672979,0.0057088101322075105,0.006625597155871613,0.0066122653038550834,0.014047216975891516,0.35036294736840756,0.005630216066481383,0.00880755678669259,0.35947830470916853,0.004590847645429341,0.005646249307479194,0.004626304709141263,0.005092132963988911
0.33724141762028204,0.1323964003999395,0.12843017442510876,0.006291078769025622,0.006695589378957853,0.0066022664148427355,0.007631929785579178,0.014592711920897698,0.0048936627520492345,0.005629592288942444,0.010200531797028402,0.0059442831819210675,0.0024230445380013068,0.002671183248393536,0.0026016729448260457,0.002625648127631285
0.34002666370401574,0.00967681368737642,0.12913165203867918,0.006291078769025622,0.004519942228641331,0.0066022664148427355,0.006237084768358982,0.00735018331296531,0.005471457063707768,0.3411501828254913,0.0055142714681489565,0.005771578947371174,0.0029017063711911217,0.0040723324099723145,0.003351645429362876,0.003581939058171738
0.22729044444445715,0.01131044444446161,0.049075222222199955,0.004723111111111086,0.004520444444444513,0.0045453333333333274,0.005875111111111251,0.0036854444444445436,0.305091701750498,0.3424269222246846,0.3257083425659202,0.0057709395080905,0.002901384888101028,0.004161954354088198,0.002701329492577012,0.0037569798360292538
0.21502844760525924,0.008793643738200612,0.04908067563060335,0.004208356484053881,0.004569063229247677,0.0063152572508055295,0.0067979775530613,0.002881320146682925,0.3281271246537458,0.34111214404432816,0.34023622160665073,0.32661551246535964,0.004699922437673133,0.004162415512465381,0.004775113573407224,0.0032117894736842095
0.22231355555555235,0.010129222222227934,0.13082544444442748,0.0036287777777778514,0.003705444444444576,0.006314555555555441,0.005991999999999899,0.005606555555555559,0.32869171702857325,0.34363616080000153,0.3406264674057076,0.3268745781028556,0.004721595794285718,0.004518246857142862,0.004579948365714295,0.004780492182857138
0.07202344444441325,0.12944099999999203,0.12978099999999257,0.004395777777777789,0.005581333333333463,0.006191333333333265,0.006516111111110946,0.004845555555555671,0.32501472722511293,0.3397910294305458,0.3368298812415637,0.32335186151104983,0.005620063048368951,0.004896017306430433,0.004521225560789286,0.004719198061726655
0.05777806997482871,0.13431511548136052,0.13441870569405362,0.005933912645780877,0.006331237136977043,0.0075836954036130055,0.009277040932997738,0.014073176309169952,0.3292512222222084,0.34357606666667256,0.3412335666666751,0.32743265555555157,0.005682666666666663,0.005452977777777772,0.005359866666666667,0.005706022222222209
0.05777806997482871,0.1337172421678604,0.13360782071803207,0.006168305511090795,0.006971186828264269,0.0075836954036130055,0.009277040932997738,0.014625428767436397,0.32973802222221593,0.3425304666666686,0.34173532222221564,0.32743265555555157,0.00586381111111113,0.004747177777777784,0.005426388888888871,0.006340455555555535
0.054287740164710885,0.13203213632205082,0.13303819762122268,0.006169716376944203,0.0075813129002744355,0.009001143641353912,0.03377641811527911,0.014289341262580005,0.32778006666666215,0.34141538888889045,0.3408647555555591,0.3264153999999925,0.005215588888888913,0.008055855555555574,0.004830077777777778,0.005638433333333325
0.05492303293686677,0.13325148673377754,0.13303819762122268,0.006418458371454856,0.0065655306495882694,0.01002847666971629,0.03373021500457467,0.019907365050320265,0.3285995111654294,0.5164580491056465,0.33942906343739077,0.32707806910342524,0.007002644150649935,0.011183312965226063,0.009232974113987337,0.007992811909787801
0.051331541628559525,0.13158314272645785,0.275575137236936,0.007145013723696272,0.006809469350411557,0.01002847666971629,0.03373021500457467,0.02177790484903939,0.3269522275302826,0.17967160315519726,0.4675164203977308,0.3255644150649885,0.009027308076880349,0.009455771580935432,0.008481290967670254,0.009696300411065433
0.04520562671545769,0.13335189844464554,0.23387053979873784,0.00834149130832578,0.010663769441902855,0.011252859103385181,0.034652333028361994,0.02914043915827997,0.19844614957217943,0.1783930547838634,0.14646495166129833,0.4889756528503118,0.00902931436826314,0.009869841093454837,0.010427047449716625,0.010141604622735842
0.12727352773012296,0.2851240708976604,0.23384379645513598,0.007659462550028524,0.009731846769582466,0.008926129216695217,0.03369937106918238,0.029137106918239,0.17488806666666,0.1793262111111176,0.16484023333334286,0.16671371111112246,0.008281888888888866,0.011512277777777762,0.008927144444444434,0.010140477777777763
0.19194339622638748,0.28374854202402017,0.1491431675243264,0.011244711263579045,0.011694225271583786,0.009685191538021757,0.0352257289879932,0.030211549456832354,0.17486863681812467,0.1783571269859024,0.1648219197866999,0.16669518942340875,0.009001833129652222,0.010648683479613364,0.008484623930674368,0.008714798355738232
0.15796214547119122,0.15922129460204318,0.14925068618483187,0.011657822506861877,0.009169716376944232,0.009784423604757682,0.03386379231473018,0.03576772644098799,0.1753678853205844,0.4236054450494605,0.16521244582730057,0.16687083009224635,0.008034037115234993,0.01324059339926657,0.0112703633737082,0.009263007000777843
0.1532528058672991,0.15436359595511204,0.14506367374148962,0.009219246582953715,0.009352483609289945,0.007761417935326239,0.06379675519502183,0.02592276919657735,0.174732344444452,0.42461688888890753,0.39447319999997416,0.16637341111111761,0.012247477777777788,0.012736699999999978,0.010480833333333354,0.00832772222222221
0.32518990998998454,0.30947149683295855,0.14430870096674803,0.013312590287809721,0.011076119568841011,0.008923658184242686,0.0646666296255141,0.030601289032114815,0.4778728222222463,0.42383105555557504,0.3946126777777674,0.4077685888889088,0.011288777777777778,0.013461733333333323,0.011629011111111118,0.012383655555555546
0.3250233333333199,0.30943711111108824,0.14417499999995523,0.013920999999999852,0.010483666666666657,0.01130333333333332,0.04129477777777761,0.04000411111111113,0.4784149000000058,0.42440768888888497,0.39363501111109955,0.4076026555555612,0.012247033333333312,0.010811255555555548,0.011629011111111118,0.013040733333333327
0.3244061111111276,0.3181138888888503,0.14417499999995523,0.012917999999999888,0.01253922222222216,0.00958833333333331,0.041167333333333216,0.03400033333333319,0.47761201244582524,0.2493353483720474,0.39443095899543074,0.40694886098455957,0.011371663518168687,0.007036370707856439,0.007940671185687316,0.010686654072674726
0.3254315555555473,0.3190878888888923,0.16445622222221978,0.01316777777777784,0.011849222222222228,0.011241777777777845,0.041167333333333216,0.036187222222222225,0.47837691111110797,0.24914746666667675,0.2669909888888798,0.4075279777777736,0.008474822222222221,0.007511111111111099,0.007939788888888908,0.009014900000000011
0.32429455555555053,0.315736888888902,0.16464244444442658,0.011890111111111108,0.009061333333333366,0.01002133333333334,0.040325777777777856,0.02823055555555559,0.317453626189301,0.2580893804555785,0.27657330749319453,0.25297185343550427,0.008778983973097112,0.006766537362907717,0.006211334828458964,0.007901021120406833
0.24542200000001282,0.16934911111108403,0.16546466666664453,0.011890111111111108,0.009740777777777945,0.010896000000000091,0.07314222222222237,0.031206111111110997,0.32291274193870606,0.2619199626796195,0.24584360845704117,0.25694436956035743,0.007181043820474637,0.005158910677760301,0.005715124807578522,0.00804907602842452
0.17527544444444884,0.16934911111108403,0.1644489999999779,0.009644888888888975,0.008528111111110922,0.01015844444444447,0.0716591111111112,0.028892444444444526,-,-,-,-,-,-,-,-
