dockerfiles-laptop-clientapp-0-1,dockerfiles-laptop-clientapp-1-1,dockerfiles-laptop-supernode-0-1,dockerfiles-laptop-supernode-1-1,dockerfiles-serverapp-1,dockerfiles-superlink-1,dockerfiles-desktop-clientapp-0-1,dockerfiles-desktop-clientapp-1-1,dockerfiles-desktop-clientapp-2-1,dockerfiles-desktop-supernode-0-1,dockerfiles-desktop-supernode-1-1,dockerfiles-desktop-supernode-2-1
0,153.1816,286.4224,191.0238,0,674.5882,82.1678,0,82.1678,0,214.90040000000002,0
62.054,158.7276,206.4112,137.6619,1014.9095,486.1441,57.983900000000006,108.76270000000001,108.76270000000001,213.75130000000001,285.97385,151.6502
138.2184,180.3096,299.47319999999996,230.2218,883.7729999999999,784.233,137.361,93.6418,93.6418,308.3976,246.2159,246.2159
166.9322,205.9006,371.64795,277.25489999999996,843.2182499999999,726.0497499999999,206.64955,166.46015,166.46015,380.848875,340.65947500000004,226.336925
158.90576000000001,196.00048,406.53808000000004,353.77836,1593.81976,13176.01948,195.75964000000002,157.68812000000003,195.75964000000002,360.7791,423.41704000000004,322.70758
189.40040000000002,261.0916,392.8484,341.86530000000005,1540.1498000000001,12834.904600000002,225.15929999999997,225.15929999999997,225.15929999999997,399.54009999999994,407.71419999999995,310.73965
254.59279999999998,289.5461714285714,432.78414285714285,432.78414285714285,12861.541742857142,12515.432514285714,218.96511428571432,218.96511428571432,218.96511428571432,388.54865714285717,497.9107714285715,447.2043285714286
249.65965383654088,283.93574731317176,424.3982519995002,424.3982519995002,12612.328625656088,13023.757544988754,301.25,280.5,301.25,570.25,622.875,585.625
272.44444444444446,352.8888888888889,533.6666666666667,526.3333333333334,13307.77777777778,12496.666666666668,329.7777777777778,296.8888888888889,267.77777777777777,582,607.7777777777778,574.6666666666667
272.44444444444446,277.77777777777777,440.00000000000006,486.7777777777778,13515.000000000002,12391.555555555557,292.22222222222223,344.44444444444446,318,669,563.6666666666667,574.6666666666667
308,337.33333333333337,531.6666666666667,578.4444444444445,12824.444444444445,12782.444444444445,281.70587500000005,264.139425,274.850675,511.4621875000001,459.51262500000007,459.2984000000001
311.5555555555556,304.44444444444446,513.2222222222223,492.22222222222223,13532.111111111111,17549.55555555556,220.36602857142856,266.6450571428571,277.45791428571425,425.26967142857137,463.8715714285714,378.99064285714286
278.6666666666667,340.8888888888889,433.5555555555556,14873.333333333334,13511.000000000002,17549.55555555556,202.92365998917163,249.2690850027071,260.0974553329724,348.2403898213319,373.3622089875474,14986.356253383867
344.6666666666667,14783.111111111111,15245.555555555557,14793.666666666668,13040.111111111111,10725.444444444445,295.5825032481594,249.24209614551756,228.02078822000868,476.9380684278909,14589.107838891296,14893.568644434821
14744.000000000002,14743.111111111111,15245.555555555557,15276.77777777778,13040.111111111111,11882.88888888889,263.5625338386573,14338.819707634002,14319.653492149431,431.40227395776935,15078.613968597727,14982.999458581484
14694.77777777778,14710.222222222223,15272.333333333334,15199.77777777778,2612.888888888889,11882.88888888889,14425.446670276124,14371.088251218192,14319.653492149431,15025.771521386032,14987.439090416892,14852.62587980509
14698.044009779951,15267.170482329406,15275.727939542121,15245.610135585686,2613.4696599244276,11252.722827294954,14370.438548998376,14324.959393611261,14255.549539794261,14881.104493773688,14904.602057390362,14747.37412019491
17579.222222222223,17538.88888888889,15155.222222222223,15123.111111111111,1630.3333333333335,11439.222222222223,14308.466868774363,17644.218276310094,17601.342572542228,14831.528800346472,14850.25985275011,14702.143785188395
17579.222222222223,378523.86408888886,15108.444444444445,15069.000000000002,1563,11213.555555555557,15125.71737953438,456703.76791553875,941144.0127016784,14752.896589063346,14803.681645912291,14708.283703302654
554691.2719777777,669733.694311111,15016.77777777778,14977.333333333334,1777.0000000000002,10822.666666666668,18650.764519354376,1420403.8076274819,962048.741551207,15949.969427836839,16004.87526271757,109.69459975105597
554501.3327335332,669510.7252027103,14936.687770743087,14972.342552482507,1068.977007664112,5856.270132178163,1200663.6692,2018730.4446999999,1148029.5155,15661.13285,15715.044399999999,107.70815
1999718.7702222222,1137153.8839111112,14941.666666666668,542.1111111111112,1209.2222222222224,5858.222222222223,1998204.8469333332,2000784.0064000003,1537803.2554666665,15138.111111111111,15190.222222222223,104.11111111111111
2000286.978822222,1136047.609688889,82.8888888888889,542.1111111111112,1093,1613,1998214.1605289478,2000804.4853983778,2009185.3611401268,15007.667518613178,514.7238582064673,104.12268029781086
1999181.4706,2005204.9861111115,82.8888888888889,59.00000000000001,1093,446.11111111111114,1998277.088,1999777.7149333332,2008160.6656000002,15006.000000000002,14.000000000000002,14.000000000000002
1997857.4172995777,2004461.7012658229,9.32711525649567,42.41616699977793,1077.6149233844103,445.81390184321566,1997265.684,1999775.4104,2008235.0015999998,30.555555555555557,14.000000000000002,14.000000000000002
1999180.2024444444,2005746.4820444442,9.333333333333334,0,1192.6666666666667,358.33333333333337,1997265.0344000002,1999775.4104,2008235.0015999998,30.555555555555557,4.666666666666667,14.000000000000002
1998956.734711111,2005566.0464888886,0,0,1109.2222222222224,254.00000000000003,1997060.4688333336,1999330.431277778,2007790.5526111112,4.666666666666667,4.666666666666667,4.666666666666667
1998296.0711207374,1666847.2731311785,0,0,1075.9746751082973,253.91536154615127,1997206.7791999998,1591639.3333333335,1099816.2222222222,0,0,0
1480243.777777778,1369208.2222222222,0,0,1002.4444444444446,254.00000000000003,1997031.3817757526,627873.097010779,1099938.4376041782,0,0,0
1480737.3568967434,1369664.7771479383,0,0,1257.085695231744,303.10103367789264,833634.4444444445,4.666666666666667,898739.5555555556,0,0,0
587,890582.888888889,0,0,1116.7777777777778,303,81.33333333333334,4.666666666666667,486221.55555555556,0,0,0
0,890286.1268466067,0,0,1116.40564256359,302.8990336554482,81.33333333333334,0,76.66666666666667,0,0,0
0,597.8888888888889,0,0,1116.7777777777778,295.6666666666667,0,0,76.66666666666667,47.77777777777778,0,0
0,0,0,0,1139.5374694240606,295.8639092728486,0,0,0,47.77246972558605,0,0
0,0,0,0,1024.4444444444446,383.44444444444446,0,0,0,47.77246972558605,0,0
0,0,0,0,1138.7777777777778,298.77777777777777,0,0,0,47.78308700966774,0,47.78308700966774
0,0,33.122151828387246,0,1146.49327553629,478.6039791041459,0,0,0,47.77777777777778,40.44444444444445,47.77777777777778
0,0,33.111111111111114,0,1006.0000000000001,661.6666666666667,0,0,0,52.44444444444445,40.44444444444445,47.77777777777778
0,0,33.111111111111114,0,1006.0000000000001,712.4444444444445,0,0,0,52.44444444444445,40.44444444444445,47.77777777777778
0,0,33.111111111111114,33.111111111111114,1120.3333333333335,712.4444444444445,0,0,0,52.44444444444445,40.44444444444445,52.44444444444445
0,0,33.122151828387246,33.122151828387246,1220.4068022674226,712.6820051128154,0,0,0,52.44444444444445,40.44444444444445,52.44444444444445
0,0,33.111111111111114,33.111111111111114,1220,719.7777777777778,0,0,0,4.666666666666667,45.111111111111114,52.44444444444445
0,0,33.111111111111114,33.111111111111114,1098.3333333333335,719.7777777777778,0,0,0,4.667185242804756,45.116124013779306,52.450272252472494
0,0,33.111111111111114,33.111111111111114,1205.3333333333335,632,0,0,0,4.667185242804756,45.116124013779306,52.450272252472494
0,0,33.111111111111114,37.77777777777778,951.1111111111112,721.3333333333334,0,0,0,4.6221000000000005,44.6803,4.6221000000000005
0,0,0,37.77777777777778,1091,541.6666666666667,0,0,0,4.6824,4.6824,4.6824
0,0,0,37.76518938131734,1090.6364545151616,358.32500277685216,0,0,0,0,4.559765497774401,4.559765497774401
0,0,0,37.77777777777778,1098.3333333333335,281.8888888888889,0,0,0,0,4.559765497774401,4.559765497774401
0,0,0,4.666666666666667,1223.7777777777778,298.44444444444446,0,0,0,0,4.559765497774401,0
0,0,0,4.666666666666667,1009.7777777777778,315,0,0,0,0,4.559765497774401,0
0,0,0,4.666666666666667,1171.6666666666667,315,0,0,0,0,0,0
0,0,0,4.666666666666667,1024.4444444444446,315,0,0,0,0,0,0
0,0,0,4.666666666666667,1131.4444444444446,315,0,0,0,0,0,0
0,0,0,0,1238.4444444444446,303,0,0,0,0,0,0
0,0,0,0,1245.7777777777778,303,0,0,0,0,0,0
0,0,0,0,1246.1931755029455,303.10103367789264,0,0,0,0,0,0
0,0,0,33.111111111111114,1098.5555555555557,385.44444444444446,0,0,0,33.10743250749917,0,0
0,0,0,33.111111111111114,998.6666666666667,453.5555555555556,0,0,0,33.10743250749917,0,0
0,0,0,33.111111111111114,1212.6666666666667,437.00000000000006,0,0,0,33.111111111111114,0,0
0,0,33.111111111111114,33.111111111111114,1050.7777777777778,447.33333333333337,0,0,0,33.111111111111114,40.44444444444445,40.44444444444445
0,0,33.111111111111114,33.111111111111114,1198,722.6666666666667,0,0,0,33.11479053228136,40.44893877097455,40.44893877097455
0,0,33.111111111111114,33.111111111111114,984.0000000000001,722.6666666666667,0,0,0,33.11479053228136,40.44893877097455,40.44893877097455
0,0,33.111111111111114,33.111111111111114,1098.3333333333335,730,0,0,0,33.111111111111114,40.44444444444445,40.44444444444445
0,0,33.111111111111114,33.111111111111114,1091,730,0,0,0,33.111111111111114,40.44444444444445,40.44444444444445
0,0,33.111111111111114,33.111111111111114,1198,730,0,0,0,33.10743250749917,40.43995111654261,40.43995111654261
0,0,33.111111111111114,0,1083.6666666666667,624.3333333333334,0,0,0,0,40.44893877097455,40.44893877097455
0,0,33.111111111111114,0,1190.6666666666667,539.6666666666667,0,0,0,0,40.44893877097455,40.44893877097455
0,0,33.111111111111114,0,976.6666666666667,539.6666666666667,0,0,0,0,40.43995111654261,40.43995111654261
0,0,0,0,1138.5555555555557,444.6666666666667,0,0,0,0,0,0
0,0,0,0,991.3333333333334,277.22222222222223,0,0,0,0,0,0
0,0,0,0,1229.2222222222224,311.77777777777777,0,0,0,0,0,0
0,0,0,0,1007.8888888888889,227.11111111111111,0,0,0,0,0,0
0,0,0,0,1013.3333333333334,302.5555555555556,0,0,0,0,0,0
0,0,0,0,1146.111111111111,319.11111111111114,0,0,0,0,0,0
0,0,0,0,1146.111111111111,405,0,0,0,0,0,0
0,0,0,33.111111111111114,1037.2222222222224,421.5555555555556,0,0,0,33.111111111111114,0,0
0,0,0,33.111111111111114,1168.111111111111,421.5555555555556,0,0,0,33.111111111111114,0,0
0,0,0,33.111111111111114,1144.2222222222224,421.5555555555556,0,0,0,33.10375472117307,0,0
0,0,0,33.111111111111114,1144.2222222222224,495.00000000000006,0,0,0,33.58015587904536,0,0
0,0,33.111111111111114,33.111111111111114,1136.888888888889,555.5555555555555,0,0,0,34.12462969763741,0,0
0,0,33.111111111111114,33.111111111111114,1136.888888888889,555.5555555555555,0,0,0,32.352621865161225,39.517967647378136,0
0,0,33.111111111111114,33.111111111111114,1138.7777777777778,652.7777777777778,0,0,0,32.349109856708644,39.51367781155015,32.349109856708644
0,0,33.111111111111114,33.111111111111114,1113,636.2222222222223,0,0,0,36.912387362935625,39.517967647378136,32.352621865161225
0,0,33.111111111111114,33.111111111111114,1113,567.1111111111112,0,0,0,36.91639522258414,39.52225841476655,32.356134636264926
0,0,33.111111111111114,0,1114.888888888889,550.5555555555555,0,0,0,4.5592705167173255,39.51367781155015,32.349109856708644
0,0,33.111111111111114,0,1098.3333333333335,635.2222222222223,0,0,0,4.560260586319218,39.52225841476655,32.356134636264926
0,0,33.111111111111114,0,960.3333333333334,635.2222222222223,0,0,0,4.561251086012163,44.09209383145091,32.363162467419635
0,0,33.111111111111114,0,1207.2222222222224,538.5555555555555,0,0,0,4.663776603342379,4.663776603342379,37.75438202705736
0,0,0,0,1105.6666666666667,466.6666666666667,0,0,0,4.605807086614173,4.605807086614173,37.28510498687664
0,0,0,0,1105.6666666666667,466.6666666666667,0,0,0,4.666148205754917,4.666148205754917,37.773580713254084
0,0,0,0,1105.6666666666667,387.44444444444446,0,0,0,4.667185242804756,4.667185242804756,4.667185242804756
0,0,0,0,998.6666666666667,387.44444444444446,0,0,0,0,4.666666666666667,4.666666666666667
0,0,0,0,1267.5555555555557,286,0,0,0,0,4.666148205754917,4.666148205754917
0,0,0,0,1127.6666666666667,378,0,0,0,0,4.667185242804756,4.667185242804756
0,0,0,0,1129.5555555555557,293.33333333333337,0,0,0,0,4.666666666666667,4.666666666666667
0,0,0,0,1129.5555555555557,326.44444444444446,0,0,0,0,0,4.666666666666667
0,0,0,0,1135,395.7777777777778,0,0,0,40.44444444444445,0,0
0,0,0,33.111111111111114,1006.0000000000001,484.22222222222223,0,0,0,40.44444444444445,0,0
0,0,0,33.111111111111114,1274.888888888889,559.6666666666667,0,0,0,40.44444444444445,0,0
0,0,0,33.111111111111114,1013.3333333333334,466.22222222222223,0,0,0,40.44444444444445,0,0
0,0,33.111111111111114,33.111111111111114,1136.888888888889,577.8888888888889,0,0,0,40.44444444444445,0,0
0,0,33.111111111111114,33.111111111111114,1127.6666666666667,658,0,0,0,40.44893877097455,0,0
0,0,33.111111111111114,37.77777777777778,1127.6666666666667,661.3333333333334,0,0,0,40.43995111654261,40.43995111654261,0
0,0,33.111111111111114,37.77777777777778,1127.6666666666667,661.3333333333334,0,0,0,40.44444444444445,40.44444444444445,40.44444444444445
0,0,33.111111111111114,37.77777777777778,1273,720.2222222222223,0,0,0,40.43995111654261,40.43995111654261,40.43995111654261
0,0,33.111111111111114,37.77777777777778,1234.6666666666667,566.2222222222223,0,0,0,0,40.44444444444445,40.44444444444445
0,0,33.111111111111114,4.666666666666667,1234.6666666666667,589.5555555555555,0,0,0,0,40.44893877097455,40.44893877097455
0,0,33.111111111111114,4.666666666666667,1111.111111111111,589.5555555555555,0,0,0,0,40.44893877097455,40.44893877097455
0,0,33.111111111111114,4.666666666666667,1349,589.5555555555555,0,0,0,0,40.44444444444445,40.44444444444445
0,0,0,4.666666666666667,1118.4444444444446,477.8888888888889,0,0,0,0,40.43995111654261,40.43995111654261
0,0,0,4.666666666666667,982.3333333333334,473.22222222222223,0,0,0,0,40.44444444444445,40.44444444444445
0,0,0,0,1120.3333333333335,377.8888888888889,0,0,0,0,0,40.44444444444445
0,0,0,0,1234.6666666666667,394.44444444444446,0,0,0,0,0,0
0,0,0,0,1089.3333333333335,377.8888888888889,0,0,0,0,0,0
0,0,0,33.111111111111114,1020.6666666666667,377.8888888888889,0,0,0,0,0,0
0,0,0,33.111111111111114,1020.6666666666667,354.44444444444446,0,0,0,39.62983124659772,0,0
0,0,0,33.111111111111114,1113.2222222222224,279,0,0,0,39.62983124659772,0,0
0,0,0,33.111111111111114,1127.6666666666667,449.6666666666667,0,0,0,39.625517091225774,0,0
0,0,0,33.111111111111114,1127.6666666666667,466.22222222222223,0,0,0,39.62983124659771,0,0
0,0,33.111111111111114,33.111111111111114,1140.2222222222224,537.4444444444445,0,0,0,39.62983124659772,0,0
0,0,33.111111111111114,33.111111111111114,1125.7777777777778,561.3333333333334,0,0,0,39.62983124659771,0,0
0,0,33.111111111111114,33.111111111111114,1125.7777777777778,561.3333333333334,0,0,0,39.457600000000006,32.303200000000004,0
0,0,33.10007775186049,33.10007775186049,1125.4026435632568,646.0068865933578,0,0,0,43.58409999999999,31.990299999999998,39.075399999999995
0,0,33.10007775186049,0,1118.0717538598246,646.0068865933578,0,0,0,45.111111111111114,33.111111111111114,40.44444444444445
0,0,33.111111111111114,0,1232.7777777777778,646.5555555555557,0,0,0,4.666148205754915,33.10743250749916,40.4399511165426
0,0,33.111111111111114,0,1162.2222222222224,746.6666666666667,0,0,0,4.666148205754915,33.10743250749916,40.4399511165426
0,0,33.111111111111114,0,909.8888888888889,592.5555555555555,0,0,0,4.666666666666667,33.111111111111114,40.44444444444445
0,0,33.111111111111114,0,1147.7777777777778,576,0,0,0,4.666666666666667,37.77777777777778,40.44444444444445
0,0,0,0,1011.6666666666667,429.33333333333337,0,0,0,4.666666666666667,37.77777777777778,45.111111111111114
0,0,0,0,1140.4444444444446,480.8888888888889,0,0,0,4.666666666666667,37.77777777777778,45.111111111111114
0,0,0,0,1147.7777777777778,480.8888888888889,0,0,0,4.666666666666667,4.666666666666667,45.111111111111114
0,0,0,0,1148.160497943759,320.66244303656777,0,0,0,0,4.666666666666667,4.666666666666667
0,0,0,0,1131.5994220295654,379.57096810047796,0,0,0,0,4.666666666666667,4.666666666666667
0,0,0,0,1016.8888888888889,284.11111111111114,0,0,0,0,4.667185242804756,4.667185242804756
0,0,0,0,1096.6666666666667,184,0,0,0,40.44893877097456,4.667185242804756,4.667185242804756
0,0,0,33.111111111111114,1325.1111111111113,338,0,0,0,40.44893877097456,4.667185242804756,4.667185242804756
0,0,0,33.111111111111114,1087.2222222222224,338,0,0,0,40.44444444444445,0,4.666666666666667
0,0,0,33.111111111111114,1348.7777777777778,449.6666666666667,0,0,0,40.4399511165426,0,0
0,0,0,33.111111111111114,1096.4444444444446,449.6666666666667,0,0,0,40.44444444444445,0,0
0,0,33.10007775186049,33.10007775186049,965.233810951905,432.96678884816174,0,0,0,40.44444444444445,0,0
0,0,33.111111111111114,33.111111111111114,965.5555555555557,608.3333333333334,0,0,0,40.44444444444445,0,0
0,0,33.111111111111114,37.77777777777778,1089.111111111111,566,0,0,0,40.44444444444445,0,0
0,0,33.111111111111114,37.77777777777778,1212.6666666666667,549.4444444444445,0,0,0,40.44444444444445,0,0
0,0,33.111111111111114,37.77777777777778,965.5555555555557,608.3333333333334,0,0,0,0,0,0
0,0,33.111111111111114,4.666666666666667,980.2222222222223,479.00000000000006,0,0,0,0,0,0
0,0,33.111111111111114,4.666666666666667,1234.6666666666667,479.00000000000006,0,0,0,0,40.44893877097456,40.44893877097456
0,0,33.10007775186049,4.665111629456848,972.7868488281684,537.8207264245252,0,245.33333333333334,0,0,46480.333333333336,40.44444444444445
0,0,33.111111111111114,4.666666666666667,1094.5555555555557,557.6666666666667,0,276,0,0,52290.375,45.5
0,0,0,4.668222740913638,1218.5172835389576,557.8526175391797,0,265.33851428571427,0,0,50270.472514285706,43.742399999999996
0,0,0,4.666666666666667,1218.111111111111,22461,0,272.76160000000004,0,0,51676.8346,44.96613333333334
0,0,0,0,22368.111111111113,22444.444444444445,0,338.59713551230266,0,0,51208.593463092184,44.55869751499572
0,0,0,0,22351.55555555556,22477.55555555556,0,354.4675642594859,0,0,51321.542227662176,44.55324357405141
0,0,0,0,43844.55555555556,66364.66666666667,299.17982617211413,354.5109560533725,289.5091198433101,0,51431.75419267965,51224.752111641574
0,0,0,0,43601.444444444445,66406.22222222223,351.5730199534827,398.8248255600441,289.5091198433101,51188.76239441793,51431.75419267965,51224.752111641574
0,0,0,0,43477.88888888889,66406.22222222223,351.5299877600979,467.07466340269275,357.7723378212974,51346.02203182374,51460.70991432069,51270.01223990208
0,0,0,0,64875.06946760031,66361.00922529733,419.8800342759212,230.9952258538377,357.81613416574857,51352.30750397846,302.9746603011385,51276.28840739381
0,0,0,0,64732.00000000001,66760.77777777778,424.1195,198.82920000000001,414.35115,52007.56095000001,411.0126,51922.36610000001
0,0,0,33.111111111111114,64732.00000000001,66925,479.70691731471845,193.42244810483132,446.6278294858449,50621.10853591329,463.2275171963342,50510.4439511767
0,0,0,33.10007775186049,64710.42985671443,44831.500610907475,498.56232029003627,270.7838479809976,488.6860857607201,52610.826353294164,560.6950868858607,52585.57319664959
0,0,0,33.111111111111114,43582,45165.66666666667,505.1672408045338,240.69341037893096,434.38159795532835,46879.875541726855,498.3887098566507,46857.42860317812
0,0,0,33.111111111111114,43475,45132.55555555556,552.6666666666667,273.77777777777777,522.1111111111112,46874.66666666667,465.22222222222223,46852.222222222226
0,0,33.111111111111114,33.111111111111114,22203.333333333336,1468.888888888889,281.11111111111114,319.22222222222223,259.33333333333337,46961.66666666667,448.6666666666667,451.7777777777778
0,0,33.111111111111114,33.111111111111114,22365.222222222223,1386.1111111111113,295.5555555555556,279,321.33333333333337,574.4444444444445,448.6666666666667,559.7777777777778
0,0,33.111111111111114,33.111111111111114,22234.333333333336,1574.3333333333335,295.5555555555556,279,304.77777777777777,426.00000000000006,444.00000000000006,472.5555555555556
0,0,33.111111111111114,33.111111111111114,1058.111111111111,1471,279,279,343.11111111111114,503.7777777777778,536.4444444444445,587.8888888888889
0,0,33.111111111111114,33.111111111111114,1179.5555555555557,1077.6666666666667,324.44444444444446,248.00000000000003,295.5555555555556,380.8888888888889,442.11111111111114,472.5555555555556
0,0,33.111111111111114,0,1081.7777777777778,1211.3333333333335,262.4152871903122,300.74436173758477,317.2980779913343,430.2855238306855,454.1717586934786,547.6058215753806
0,0,33.122151828387246,0,1317.9948871846173,1211.7372457485828,309.9655593822909,262.4152871903122,295.5227196978114,514.3872903010778,506.3881790912121,467.83690701033225
0,0,33.111111111111114,0,1072.5555555555557,963.5555555555557,300.74436173758477,262.4152871903122,357.51583157426955,399.06677035884906,506.3881790912121,461.504277302522
0,0,33.111111111111114,0,1179.5555555555557,1322.3333333333335,253.22222222222223,276.8888888888889,269.77777777777777,474.22222222222223,489.8888888888889,553.2222222222223
0,0,0,0,958.2222222222223,1110,315.22222222222223,231.44444444444446,293.44444444444446,387.22222222222223,412.11111111111114,499.11111111111114
0,0,0,0,1057.888888888889,1325.4444444444446,253.22222222222223,284.22222222222223,269.77777777777777,420.11111111111114,489.8888888888889,513.7777777777778
0,0,0,0,1164.888888888889,1137.2222222222224,276.8888888888889,245.8888888888889,279,420.11111111111114,497.22222222222223,513.7777777777778
0,0,0,0,1208.6666666666667,1282.888888888889,269.77777777777777,262.44444444444446,240.66666666666669,429.33333333333337,482.5555555555556,497.22222222222223
0,0,0,0,1087.2222222222224,1159.2222222222224,248.00000000000003,262.44444444444446,264.33333333333337,429.33333333333337,482.5555555555556,551.3333333333334
0,0,0,0,1094.5555555555557,1246,248.02755861762415,262.4736081786865,255.13945993999332,460.6067340815646,470.4967218579842,476.2751416824091
0,0,0,0,994.5573697656337,1317.0054426302345,262.44444444444446,238.7777777777778,278.77777777777777,482.5555555555556,347.7777777777778,534.7777777777778
0,0,0,33.111111111111114,994.8888888888889,1246,262.44444444444446,276.8888888888889,216.7777777777778,482.5555555555556,439.22222222222223,503.5555555555556
0,0,0,33.111111111111114,1109.2222222222224,1239,262.44444444444446,253.22222222222223,255.11111111111114,482.5555555555556,380.6666666666667,411.8888888888889
0,0,0,33.111111111111114,1109.2222222222224,1169,255.11111111111114,253.22222222222223,255.11111111111114,482.5555555555556,439.44444444444446,449.44444444444446
0,0,33.111111111111114,33.111111111111114,1123.888888888889,1181.2222222222224,255.11111111111114,262.44444444444446,278.77777777777777,452.33333333333337,453.11111111111114,404.5555555555556
0,0,33.111111111111114,33.111111111111114,1123.888888888889,1463.5555555555557,255.11111111111114,238.7777777777778,224.11111111111111,494.5555555555556,415.5555555555556,404.5555555555556
0,0,33.111111111111114,33.111111111111114,1009.5555555555557,1317.888888888889,209.2691375,184.5987625,216.34846249999998,393.43885,326.078,295.1864
0,0,33.111111111111114,33.111111111111114,1009.5555555555557,1354.7777777777778,188.22539999999998,186.3843,195.3732,397.2444,329.23199999999997,245.2995
0,0,33.111111111111114,33.111111111111114,1092.6666666666667,970.1111111111112,242.3346473937801,159.76784932106875,176.08409986859394,394.21813403416553,275.1861585632939,326.6535260621988
0,0,33.11479053228136,33.11479053228136,1058.2286920768972,1283.6981886876317,181.25068448143685,211.80593582302046,152.77625670791807,326.6893001861789,387.03318366005914,366.33446500930893
0,0,33.111111111111114,0,1186.888888888889,1347.6666666666667,152.5405168637757,174.2225142356548,197.54708716600962,326.6535260621988,296.868155935173,289.64082347787996
0,0,33.111111111111114,0,1072.5555555555557,995.8888888888889,204.57781184974263,183.1124739897054,197.56872193626108,322.0895849304567,417.807469061439,363.7060562917533
0,0,33.111111111111114,0,1310.2222222222224,1259.6666666666667,150.69543313985324,211.80593582302046,197.56872193626108,342.78830358120683,359.8729602453181,379.80505968678125
0,0,0,0,1034,1102,211.80593582302046,174.02256050815902,188.47880845471468,266.12638265250246,343.7739568502902,303.1431387580769
0,0,0,0,1057.888888888889,819.6666666666667,202.7160223414741,174.02256050815902,188.47880845471468,330.96046435220677,374.3292081918738,356.4779323184755
0,0,0,0,929.1111111111112,1171.4444444444446,162.89653314832577,211.31563348093133,211.31563348093133,314.9017283245251,462.28994327340996,413.39730650723374
0,0,0,0,1172.2222222222224,1204.5555555555557,201.7818,207.23850000000002,256.9293,308.826,453.37050000000005,444.663
0,0,0,0,1065.2222222222224,1204.5555555555557,229.33333333333334,260.33333333333337,260.33333333333337,387,509.00000000000006,425.5555555555556
0,0,0,0,1216.2702822849521,1116.69259835519,229.30785468281306,207.53249638929012,260.3044106210421,349.4056215976003,464.05954893900685,395.28941228752365
0,0,0,0,1087.2222222222224,1052.3333333333335,245.9162129125458,236.4707189687743,276.91965773974886,403.6004000444493,464.16268474274915,503.61151239026555
0,0,0,0,1094.5555555555557,1155.4444444444446,229.30785468281306,236.6403732918565,238.5290523275192,429.95222753027446,395.51160982113106,428.39684479502284
0,0,33.111111111111114,33.111111111111114,985.6666666666667,1452.1111111111113,269.5256082657483,207.53249638929012,229.30785468281306,408.9545606043773,485.057215864904,409.9544495056105
0,0,33.10007775186049,33.10007775186049,985.3382205931356,1414.750638675997,207.55555555555557,212.7777777777778,238.55555555555557,479.6666666666667,447.5555555555556,518.2222222222223
0,0,33.111111111111114,33.111111111111114,1116.5555555555557,1415.2222222222224,214.8888888888889,260.33333333333337,238.55555555555557,444.6666666666667,379,464.11111111111114
0,0,33.111111111111114,33.111111111111114,1116.5555555555557,1222.6666666666667,269.5555555555556,229.33333333333334,231.44444444444446,386.11111111111114,423.6666666666667,464.11111111111114
0,0,33.111111111111114,37.77777777777778,1094.5555555555557,1368.5555555555557,229.33333333333334,229.33333333333334,229.33333333333334,456.7777777777778,444.6666666666667,426.5555555555556
0,0,33.111111111111114,37.77777777777778,1192.3333333333335,1422.888888888889,214.8888888888889,229.33333333333334,214.8888888888889,438.33333333333337,463.8888888888889,464.11111111111114
0,0,33.111111111111114,37.77777777777778,940.0000000000001,1126.111111111111,214.9127680853428,243.80486720746748,245.9162129125458,438.38204244916096,395.37726414046,501.7224136015112
0,0,33.111111111111114,37.77777777777778,1087.2222222222224,1341.6666666666667,229.33333333333334,229.33333333333334,229.33333333333334,471.44444444444446,437.33333333333337,431.00000000000006
0,0,33.111111111111114,37.77777777777778,972.8888888888889,1373,207.57861984664962,181.79797755306143,229.35881764640513,447.60528947660845,383.2648072008001,431.0478942104678
0,0,0,4.666666666666667,1065.2222222222224,812.5555555555557,191,243.7777777777778,267.6666666666667,447.5555555555556,413.6666666666667,480.6666666666667
0,0,0,4.666666666666667,1065.2222222222224,901.0000000000001,221.9753360737696,229.30785468281306,205.6438173536274,452.17198089101214,376.06932563048554,435.6182646372626
0,0,0,4.666666666666667,1026.6666666666667,1220.4444444444446,222.00000000000003,222.00000000000003,229.33333333333334,452.22222222222223,421.00000000000006,435.6666666666667
0,0,0,4.666666666666667,1164.6666666666667,1061.2222222222224,191,207.55555555555557,251.11111111111114,452.22222222222223,435.6666666666667,421.00000000000006
0,0,0,0,1164.888888888889,1010.7777777777778,191,229.33333333333334,205.66666666666669,452.22222222222223,435.6666666666667,473.22222222222223
0,0,0,0,950.8888888888889,956.4444444444445,222.00000000000003,205.44444444444446,229.33333333333334,379.22222222222223,341.33333333333337,435.6666666666667
0,0,0,0,1079.6666666666667,1212.2222222222224,222.00000000000003,191,243.7777777777778,452.22222222222223,464.00000000000006,390.7777777777778
0,0,0,0,932.4444444444445,1252.7777777777778,221.9753360737696,229.30785468281306,198.31129874458395,364.9594489501167,421.95311632040887,353.1829796689257
0,0,0,0,1155.6666666666667,1118.3333333333335,207.53249638929012,243.75069436729254,243.75069436729254,407.288079102322,459.5044995000556,428.28574602821914
0,0,0,0,1087.2222222222224,1369.7777777777778,220.11111111111111,181.7777777777778,222.00000000000003,489.7777777777778,445.6666666666667,449.33333333333337
0,0,0,33.122151828387246,1087.5847504723797,1451.2615316216518,185.36907499999998,164.022225,217.60717499999998,406.243625,436.8480375,378.4709375
0,0,0,33.111111111111114,1107.3333333333335,1131.3333333333335,165.9175199461301,126.03561940131,196.65522782459647,338.55547064705036,397.38678250045905,382.8442110310771
0,0,0,33.111111111111114,969.3333333333334,1272.4444444444446,204.12439347154827,187.69298632554035,144.46404940449932,338.8839876488751,285.1786501985002,292.45699161887956
0,0,33.111111111111114,33.111111111111114,985.6666666666667,1571.888888888889,204.07938257993382,166.04189636163173,189.5259095920617,305.9536934950385,322.38147739801536,277.8390297684674
0,0,33.111111111111114,33.111111111111114,1223.5555555555557,1571.888888888889,166.04189636163173,142.55788313120175,166.04189636163173,379.3825799338478,373.98015435501645,359.4266813671444
271.5555555555556,0,33.111111111111114,33.111111111111114,1094.7777777777778,23334.88888888889,166.0602050942772,204.1018855441614,135.29606351306649,374.24192303451315,322.41702503032303,298.70989083691694
271.5555555555556,0,46310.444444444445,33.111111111111114,22499.444444444445,23078.77777777778,166.0602050942772,151.72565883779907,196.8243466754879,374.24192303451315,322.41702503032303,352.40930642849264
333.5555555555556,262.77777777777777,46390.333333333336,46331.333333333336,22276.222222222223,23383.111111111113,187.69298632554035,166.07851786501985,151.74239082487867,327.85619761799734,357.63123070136743,277.90030877812086
373.7777777777778,262.77777777777777,46484.66666666667,46331.333333333336,22346.77777777778,45214.11111111112,151.74239082487867,180.414644905161,135.31098367887074,246.02999558888396,322.4525805028672,261.46890163211293
395.5555555555556,324.7777777777778,46484.66666666667,46406.444444444445,22346.77777777778,45278.444444444445,136.2996990225886,126.5556206256249,144.0480023261983,366.28342889791253,343.2733160568898,375.20571755055397
443.11111111111114,365,46546.11111111112,46406.444444444445,43679,45871.222222222226,188.50626484189476,173.52716066741658,205.67462270341207,427.8262599987502,427.8262599987502,368.2555149356331
443.11111111111114,365,46628.333333333336,46529.11111111112,43907.11111111112,45730.11111111112,181.75758249083438,196.2004221753139,227.19697811354297,412.5097211420954,450.0611043217421,407.06588156871464
505.11111111111114,412.5555555555556,46595.222222222226,46583.222222222226,43892.66666666667,45419.66666666667,219.8888888888889,243.7777777777778,220.11111111111111,490.33333333333337,391.5555555555556,369.5555555555556
505.11111111111114,474.5555555555556,46670.333333333336,46653.66666666667,43761.55555555556,46083.333333333336,205.44444444444446,229.33333333333334,243.7777777777778,416.33333333333337,943.6666666666667,393.44444444444446
295.5555555555556,474.5555555555556,46757.333333333336,46691.222222222226,43761.55555555556,24064.55555555556,243.7777777777778,35923.66666666667,229.33333333333334,369.5555555555556,727170.888888889,393.44444444444446
319.22222222222223,520,480.00000000000006,46691.222222222226,22480.444444444445,725321,227.24747194132678,35942.10467829758,181.79797755306143,451.82798088676515,727251.6946327368,419.935548394266
295.5555555555556,257.22222222222223,475.22222222222223,501.00000000000006,22480.444444444445,725747.6666666667,243.75069436729254,35905.23275191646,181.75758249083438,383.1796467059216,727087.768025775,535.1627596933674
255.33333333333334,319.22222222222223,380.8888888888889,555.1111111111112,723365,1404135.888888889,243.75069436729254,35952.78302410844,229.30785468281306,441.9508943450728,727090.1010998779,445.61715364959457
295.5555555555556,295.5555555555556,488.8888888888889,446.8888888888889,723580.888888889,1403869,220.11111111111111,35971.222222222226,229.33333333333334,440.11111111111114,727170.888888889,400.6666666666667
271.6666666666667,255.33333333333334,481.5555555555556,700840.3333333334,702097.6666666667,1404260.2222222222,167.3519279919991,35927.65862873652,196.24402711412378,374.2638070896766,727185.0205578397,400.7111901322369
310,735624.1111111111,399.33333333333337,701371.5555555556,701869.5555555556,1404260.2222222222,222.02466940771194,35960.7734192688,220.13557061895764,449.38326480720076,727249.1387931992,478.7198577619735
248.00000000000003,735951.7777777779,490.7777777777778,701317.4444444445,701806.3333333334,1404401.6666666667,220.13557061895764,35942.10467829758,181.79797755306143,334.0371152350261,727249.1387931992,478.7198577619735
310,735889.7777777779,453.22222222222223,1426722.777777778,701806.5555555556,2104350.5555555555,234.55555555555557,35938.11111111112,181.7777777777778,438.22222222222223,726606.2222222222,710153.888888889
248.00000000000003,735951.7777777779,366.22222222222223,1426786.1111111112,701806.5555555556,2104350.5555555555,196.2004221753139,243.75069436729254,735825.6860348851,454.727252527497,351.07210309965564,710074.9916675925
264.5555555555556,735944.6666666667,488.8888888888889,1426786.1111111112,1402369.1111111112,2110473.666666667,198.31129874458395,229.30785468281306,735811.2431952006,372.51416509276754,423.61959782246424,1437125.208310188
226.22222222222223,735944.6666666667,484.44444444444446,1426770.5555555557,1402369.1111111112,2109742.666666667,160.01777975330592,258.2509167685298,736020.2244693855,709002.111345705,353.03922658073117,1437350.2611401265
271.6666666666667,735930,484.44444444444446,1426716.4444444445,1401905.1111111112,2111104,735972.888888889,196.22222222222223,735876.4444444445,708864.5555555556,322,1437190.5555555557
262.44444444444446,735930,499.11111111111114,1426775,1401910.5555555557,2111104,735998.6666666667,196.22222222222223,735921.888888889,1435635.4444444445,444.6666666666667,1437250
262.44444444444446,735930,445.00000000000006,726468.5555555556,1401818.2222222222,2817104.2222222225,735916.8981224309,196.2004221753139,735811.2431952006,1435475.947116987,423.61959782246424,1437090.3232974117
262.44444444444446,614,551.1111111111112,725814.6666666667,2102353.3333333335,3518850.666666667,735980.2222222222,196.22222222222223,735885.6666666667,1435652,343,1437178.5555555557
262.44444444444446,262.44444444444446,497.22222222222223,725873.2222222222,2102193.3333333335,4219350,735958.4444444445,167.33333333333334,735900.1111111111,1435687.4444444445,393.11111111111114,1437247.1111111112
224.11111111111111,300.77777777777777,497.22222222222223,467.8888888888889,2102307.666666667,3518974.2222222225,735944,196.22222222222223,735876.4444444445,1435583.2222222222,442.7777777777778,727465.7777777779
255.11111111111114,238.7777777777778,497.22222222222223,404.5555555555556,2102453,3518974.2222222225,736066.0073341482,134.23713745971773,212.80142238026446,1435818.6465162796,452.0502278030892,727628.8476497388
736087.888888889,247.7777777777778,701022.4444444445,404.5555555555556,1401766.888888889,2812485.777777778,735944,196.22222222222223,227.22222222222223,1435659.1111111112,379.44444444444446,390.5555555555556
736087.888888889,247.7777777777778,1426903,403.5555555555556,1401966.2222222222,3513076.3333333335,727008.5719347581,165.30166385451818,179.57073178352707,718280.1830825835,374.8374382889639,365.0686148606424
736080.5555555556,253.22222222222223,1426903,441.11111111111114,701438.6666666667,5612288.444444445,131.1822857142857,167.4241714285714,181.87645714285713,727503.0492857142,337.62762857142855,369.7561714285714
736027.7777777779,253.22222222222223,1426855.4444444445,700640.7777777779,1402358.1111111112,5612288.444444445,123.83632820956917,163.02229919896084,132.82095691708162,284.2606624810565,245.83243126217798,256.65728512665083
736056.888888889,253.22222222222223,1426909.3333333335,726014,1402572.1111111112,4906064.444444445,160.94815456218205,177.07544106505034,160.94815456218205,336.9412274055634,245.8058231410326,692973.0490312804
736042.2222222222,735640.4444444445,1426803.2222222222,726014,702037,4225228.444444445,716374.3506493507,116.66666666666667,716297.1861471861,247.61904761904762,695950.7575757576,692841.0173160173
736042.2222222222,735616.7777777779,1426840.777777778,726047.1111111111,702299.3333333334,3524433.2222222225,716437.8179456651,716465.0936248512,716488.5810152615,714719.6666305878,695977.270267345,717516.0731680918
736071.3333333334,735631.2222222222,1426803.2222222222,726028.888888889,702170.3333333334,3525368.3333333335,716451.8887325468,716577.5516830826,716516.7225890248,714760.5801493669,720606.7756250676,717568.7845004871
736102.3333333334,735671.4444444445,1426894.6666666667,725991.3333333334,702501.2222222222,3525749.0000000005,716372.2943722943,716500,716378.7878787878,714572.7272727273,720555.8441558442,721364.8268398269
229.33333333333334,735677.6666666667,726284.3333333334,726076.4444444445,702501.2222222222,3532560.666666667,716449.8322329257,716594.4366273406,716505.4659595195,718641.8443554498,720633.8348306094,721846.4119493451
261.11111111111114,735677.6666666667,333.11111111111114,730052.7777777779,703138.5555555556,2833854.666666667,794560.3583988,794780.0069867569,794669.5557767256,1595584.9052104799,763534.0549758197,760180.0540932927
39342.222222222226,774731.888888889,4928.222222222223,730015.2222222222,2337139.888888889,32810.555555555555,782375.5712106299,782949.2132483439,782766.9407636545,1571116.2008444257,751825.06412011,1575543.7162237533
39747.77777777778,775175.888888889,822341,30252.55555555556,1635999.1111111112,3071369.2222222225,774773.6918120208,775010.7765803798,774844.7950227752,1556291.4120653258,1562814.6872569711,1559569.0478835683
39718.66666666667,775175.888888889,822287.1111111111,822409.6666666667,1635892.1111111112,3771248.666666667,774887.3333333334,775135.2222222222,775022.6666666667,1556410.2222222222,1562988.3333333335,848705.5555555556
39695,39825.555555555555,822395.3333333334,822409.6666666667,1636008.3333333335,3750338.2222222225,39560.444444444445,775168.2222222222,39744,1556485.3333333335,848764.3333333334,848772.6666666667
39735.333333333336,39849.222222222226,822320.2222222222,822393.1111111111,4086651.777777778,3752030.2222222225,39556.04932785246,39806.79924452838,39622.70858793467,822948.6723697366,848670.0366625929,823359.293411843
39728,39796.444444444445,822388.7777777779,822340.888888889,4086559.4444444445,7251792.777777778,39593.444444444445,39666.88888888889,39598.222222222226,823052.2222222222,823478.6666666667,823438.6666666667
39697,39809,822372.4444444445,822426,4087174.0000000005,7251412.111111112,39555.333333333336,39681.333333333336,39643.66666666667,1526667.888888889,883626.2222222222,819379.4444444445
39718.77777777778,39779.11111111112,822334.888888889,822361.888888889,4087174.0000000005,7249065.111111112,750306.3333333334,750414.1111111111,750327.6666666667,1522570.1111111112,883626.2222222222,1522716.888888889
39687,39779.11111111112,1522638.3333333335,1518616,4086567.888888889,7251898.777777778,711813.2222222222,711280.5555555556,711224.888888889,705224,1523902.888888889,1522733.4444444445
711322.3333333334,711462.1111111111,1518535.777777778,1518961.888888889,2452571.777777778,7251898.777777778,711813.2222222222,711681,711577.4444444445,705240.5555555556,1523902.888888889,704006.5555555556
710916.7777777779,710979.7777777779,701047.888888889,1518466.3333333335,2452785.777777778,4213389.777777778,711655.5555555556,711681,711563,704168.5555555556,705216,704023.1111111111
712546.888888889,711715.6666666667,701057.1111111111,700865.5555555556,2452678.777777778,3512825.555555556,711589.888888889,711628.2222222222,711580.3333333334,704168.5555555556,705232.5555555556,703948
713454.3333333334,711626,700956.2222222222,700882.1111111111,2452685.888888889,3512825.555555556,711703.9671074564,711747.6386265141,711659.4066007334,704171.6857428603,705256.8063118125,703975.6639626626
713696.2222222222,711651.7777777779,700956.2222222222,700807,1887.1111111111113,3511133.555555556,711624.888888889,711654.1111111111,711565.888888889,704058,705195,703936.4444444445
713650.7777777779,711651.7777777779,700887.6666666667,700807,2132.1111111111113,10310.88888888889,711577.4444444445,711654.1111111111,1066422.3333333335,704003.888888889,705105.4444444445,1405124.3333333335
715502.1111111111,711599,700812.5555555556,700721.888888889,1148.3333333333335,361199.6666666667,1065281,711639.6666666667,1066424.4444444445,388.22222222222223,1346115.888888889,1405124.3333333335
720143.2222222222,1064229.4444444445,700812.5555555556,1401457.6666666667,1148.3333333333335,934511.4444444445,355433.6037337482,355285.8095343927,355729.52550283365,701607.1785753972,1346265.4739415492,701455.0505611735
720270.4444444445,1064229.4444444445,509.11111111111114,701135.7777777779,1401777.4444444445,1404219.1111111112,354797.55555555556,355260.7777777778,355704.4444444445,701232.6666666667,701325,701429.1111111111
9515.888888888889,354331.4444444445,16.555555555555557,700831.888888889,1401656,1404219.1111111112,354851.42793643737,354574.8416490721,355110.3455939549,701294.0326702967,701402.9336592954,701507.0563395933
9515.888888888889,354378.7777777778,16.555555555555557,700940.888888889,1401672.5555555557,1404450.1111111112,354638.88888888893,354535.4444444445,355132.88888888893,701233.1111111111,701364.888888889,701487.6666666667
8652.333333333334,353672,350583.7777777778,700924.3333333334,1401810.777777778,2806084.1111111115,354707.1896877431,354627.6252916991,355048.7831981331,701419.2688076453,701496.9441049006,701565.6184020446
7759.333333333334,353672,350576.4444444445,700949.7777777779,1402605,2806084.1111111115,354619.1534273969,354475.50272191974,354969.89223419613,701263.4151760915,1228127.4302855236,2123574.4917231416
7491.555555555556,353637,350618.4444444445,700949.7777777779,1402498,2818389.777777778,354658.55555555556,2115556.5555555555,2116006.3333333335,2109412.777777778,2111583.4444444445,2123771.4444444445
7491.555555555556,353637,1751106.777777778,2102154.5555555555,1402360,2818278,2115667.3333333335,2115556.5555555555,1761149.888888889,2109412.777777778,2111583.4444444445,1773065.3333333335
1766674.6666666667,2114712.777777778,1751106.777777778,2102154.5555555555,1402253,2479839.888888889,1761963.777777778,2115556.5555555555,1761292.5555555557,2109927.3333333335,1410378.777777778,1773065.3333333335
1762011.777777778,1762225.2222222222,1751531.4444444445,1751881.1111111112,1402498,1901838.6666666667,1787063.0103182415,1787101.683289589,1787244.0855135296,1429555.6312874954,1431171.5526442009,1799145.6642583741
1762085.6666666667,1762287.2222222222,2102102.2222222225,1751989.3333333335,9901.888888888889,1436063.5555555557,1702272.5515463916,1702367.3754295532,1702275.1288659794,1700359.8582474226,1709219.9312714776,1713608.2474226803
1762085.6666666667,1761395.2222222222,2102102.2222222225,1751947.3333333335,9901.888888888889,1436063.5555555557,1702075.8080103083,1702186.6208525717,1702092.3440352196,1700177.2790722647,1709036.4007301622,1720658.649200043
1762114.5555555557,1761362.3333333335,2102144.2222222225,1759263.0000000002,10465.444444444445,1446239.1111111112,1702293.5996563572,1702397.3367697594,2058117.3754295532,1700352.0189003434,1716366.6237113401,2060035.0085910652
1761338.777777778,2129567.4444444445,1751588.777777778,2110343.5555555555,10327.222222222223,44529.66666666667,1702082.8948781274,1702163.5348437668,2057882.4224202728,1700064.855578224,1716114.0341458176,2059813.8086545689
2129366.3333333335,2129567.4444444445,2109976.888888889,2110339.1111111115,9516.666666666668,47920,2057969.1795532645,2058240.2276632302,2058149.3771477663,2046730.992268041,1546392.6116838488,685403.6726804123
2129351.888888889,2129589.2222222225,2109934.888888889,2110339.1111111115,9966.77777777778,37021.444444444445,2058188.8960481097,356239.5833333333,356182.7749140893,685857.4957044673,692705.1116838488,685455.9707903779
2129562.2222222225,2129589.2222222225,709575.1111111111,709192.888888889,9859.77777777778,37021.444444444445,356182.9896907216,356262.4570446735,356196.73539518897,685857.4957044673,692705.1116838488,346676.54639175255
368544.3333333334,368551.55555555556,709683.3333333334,709278,11146.333333333334,33483,356096.18894256576,356147.718733226,355898.2286634461,692412.3456790124,699747.1819645733,346619.4310252281
368421.5261579474,368300.5664778407,716843.2744640675,358675.1082972343,10897.700766411197,35155.83694324114,717960.4573404888,717938.4674181354,359140.6034487877,356904.9974510999,357361.58623297093,349741.2657019436
736371.5555555556,368361.3333333334,366511.4444444445,358728.4444444445,2837.1111111111113,26516.77777777778,736453.888888889,736422.1111111111,736452.6666666667,366524.22222222225,366553.7777777778,358737.4444444445
736371.5555555556,368375.7777777778,366577.6666666667,366605.6666666667,2837.1111111111113,28285.000000000004,736453.888888889,736407.6666666667,736452.6666666667,366557.3333333334,366586.88888888893,359205.1111111111
736368.4444444445,736416.4444444445,366535.6666666667,359181,2288,17885.111111111113,736417.6666666667,736378.7777777779,368212.55555555556,366515.3333333334,359152.55555555556,8179.777777777778
736108.6304565145,368059.53571031877,366392.5358213929,8123.514384094191,2425.4137509718985,17879.151393979784,736335.8515720477,736296.9670036663,368171.64759471174,366491.1676480392,359112.654149539,8178.869014553939
368312,368182.22222222225,8126.555555555557,8088.666666666667,2562.3333333333335,14562.444444444445,368294.63392956345,368106.3215198312,368124.09732251975,8035.996000444396,8102.544161759805,8174.425063881792
368312,368146,8126.555555555557,8105.222222222223,2112.222222222222,13230.77777777778,368108.22222222225,368108.88888888893,368169.22222222225,8015.88888888889,8049.333333333334,8121.222222222223
368101.6666666667,368146,7998.000000000001,8046.666666666667,2219.222222222222,13230.77777777778,368108.22222222225,368085.22222222225,368154.7777777778,8063.666666666667,8049.333333333334,8121.222222222223
368054.1111111111,368107.88888888893,7889.777777777778,7961.555555555556,1161.111111111111,4318.555555555556,368161.1469215381,368167.0371193598,368236.60813514114,536.3414092020449,496.8881973771949,8066.5703489664365
368176.83672335226,368192.28631766146,66.24430365677449,7964.210292319663,1161.4982772035123,1968.3227742580862,25.780642293588173,33.11479053228136,368148.1275697299,536.2818090898988,49.67218579842204,8004.222691410156
25.77777777777778,368069.55555555556,66.22222222222223,7919.555555555556,1101.888888888889,2139.5555555555557,0,16.555555555555557,33.111111111111114,97.44444444444446,49.66666666666667,8003.333333333334
25.77777777777778,368055.1111111111,33.111111111111114,42.333333333333336,1223.3333333333335,541.7777777777778,0,0,33.10743250749917,64.32618597933563,16.553716253749585,49.661148761248754
0,0,33.111111111111114,42.333333333333336,978.3333333333334,485.44444444444446,0,0,33.111111111111114,69,47.77777777777778,49.66666666666667
0,0,33.122151828387246,16.561075914193623,1054.4625986439926,485.6063132155163,0,0,33.11479053228136,52.450272252472494,47.78308700966774,49.67218579842204
0,0,33.111111111111114,16.555555555555557,932.4444444444445,417.7777777777778,0,0,33.111111111111114,52.44444444444445,47.77777777777778,0
0,0,33.111111111111114,0,1170.3333333333335,489.22222222222223,0,0,0,52.44444444444445,47.77777777777778,0
0,0,33.111111111111114,0,1063.3333333333335,505.7777777777778,0,0,0,4.666148205754917,47.77246972558605,0
0,0,33.10375472117307,0,980.0044434570094,581.0930904243501,0,0,0,4.667185242804756,52.450272252472494,0
0,0,33.111111111111114,0,980.2222222222223,581.2222222222223,0,0,0,4.666666666666667,52.44444444444445,0
0,0,33.111111111111114,0,1054.111111111111,409.33333333333337,0,0,0,4.666148205754917,52.43861793134097,47.77246972558605
0,0,0,40.44444444444445,1161.111111111111,238.8888888888889,0,0,0,4.667185242804756,52.450272252472494,47.78308700966774
0,0,0,40.44444444444445,1161.111111111111,385.6666666666667,0,0,0,0,4.666148205754917,47.77246972558605
0,0,0,40.44444444444445,1070.6666666666667,490.22222222222223,0,0,0,0,4.666666666666667,47.77777777777778
0,0,0,40.44444444444445,949.2222222222223,565.6666666666667,0,0,0,0,4.666666666666667,47.77777777777778
0,0,0,40.44444444444445,963.6666666666667,418.7777777777778,0,0,0,0,4.89977034120735,50.164315398075246
0,0,0,40.43545878693623,1085.092201732948,425.3499222395023,0,0,0,0,5.0004,51.19457142857143
0,0,0,40.453434096465884,1168.7041564792175,408.9797732829518,0,0,0,0,0,52.552171860245515
0,0,0,40.44444444444445,1168.4444444444446,408.8888888888889,0,0,0,0,0,55.693215339233035
0,0,0,40.44444444444445,1061.4444444444446,408.8888888888889,0,0,0,0,0,4.956921987489673
0,0,0,0,956.3430348811374,500.7776049766718,0,0,0,0,0,4.956337030918102
0,0,0,0,1101.888888888889,354.11111111111114,0,0,0,0,0,4.956921987489673
0,0,0,0,978.3333333333334,249.55555555555557,0,0,0,50.73746312684366,0,4.95575221238938
0,0,33.111111111111114,0,1199.6666666666667,416.00000000000006,0,0,0,50.7494393957276,0,4.956921987489673
0,0,33.111111111111114,0,1076.111111111111,416.00000000000006,0,0,0,51.54266666666667,0,0
0,0,33.11847077128251,0,1061.6803734163148,392.8650811291398,0,0,0,50.329036801175675,0,0
0,0,33.111111111111114,0,833.0000000000001,392.7777777777778,0,0,0,49.407000000000004,0,0
0,0,33.111111111111114,0,1109.2222222222224,392.7777777777778,0,0,0,47.77777777777778,40.44444444444445,0
0,0,33.111111111111114,0,1002.2222222222223,525.8888888888889,0,0,0,47.77777777777778,40.44444444444445,0
0,0,33.11847077128251,0,1100.0222271615914,433.98533007334964,0,0,0,47.77246972558605,40.43995111654261,0
0,0,33.111111111111114,0,1068.7777777777778,433.8888888888889,0,0,0,47.77246972558605,40.43995111654261,0
0,0,33.111111111111114,0,1068.7777777777778,492.7777777777778,0,0,0,0,40.44444444444445,0
0,0,0,33.111111111111114,1075.888888888889,346.11111111111114,0,0,0,0,40.43995111654261,0
0,0,0,33.111111111111114,1078,346.11111111111114,0,0,0,0,40.44893877097455,0
0,0,0,33.111111111111114,971.0000000000001,438.11111111111114,0,0,0,0,40.43995111654261,0
0,0,0,33.111111111111114,1223.5555555555557,549.2222222222223,0,0,0,0,40.44444444444445,40.44444444444445
0,0,0,33.111111111111114,1068.7777777777778,549.2222222222223,0,0,0,0,0,40.44893877097455
0,0,0,33.111111111111114,1183.111111111111,423.44444444444446,0,0,0,0,0,40.43995111654261
0,0,0,33.111111111111114,962.0000000000001,423.44444444444446,0,0,0,0,0,40.44444444444445
0,0,0,33.111111111111114,1083.4444444444446,482.33333333333337,0,0,0,0,0,40.44444444444445
0,0,0,33.111111111111114,1207,423.44444444444446,0,0,0,0,0,40.44444444444445
0,0,0,0,1116.5555555555557,361.33333333333337,0,0,0,0,0,40.44444444444445
0,0,33.111111111111114,0,985.6666666666667,515.2222222222223,0,0,0,0,0,40.43995111654261
0,0,33.111111111111114,0,1185,423.22222222222223,0,0,0,40.44444444444445,0,40.44444444444445
0,0,33.111111111111114,0,1039.4444444444446,253.22222222222223,0,0,0,40.44893877097455,0,0
0,0,33.111111111111114,0,1153.7777777777778,253.22222222222223,0,0,0,40.43995111654261,0,0
0,0,33.111111111111114,0,1039.4444444444446,399.8888888888889,0,0,0,40.44893877097455,40.44893877097455,0
0,0,33.111111111111114,0,1301,587.1111111111112,0,0,0,40.44444444444445,40.44444444444445,0
0,0,33.111111111111114,0,1065.2222222222224,528.2222222222223,0,0,0,45.116124013779306,40.44893877097455,0
0,0,33.10007775186049,0,1048.317227590803,528.0462068199489,0,0,0,45.111111111111114,40.44444444444445,0
0,0,33.111111111111114,0,1039.4444444444446,554,0,0,0,44.7006,40.0764,0
0,0,0,33.111111111111114,1039.4444444444446,400.11111111111114,0,0,0,42.535358826610796,38.13514929282347,0
0,0,0,33.111111111111114,1061.4444444444446,495.22222222222223,0,0,0,4.400209533787323,42.535358826610796,0
0,0,0,33.111111111111114,1075.888888888889,554.1111111111112,0,0,0,4.3997485857950975,42.53090299601927,0
0,0,0,33.111111111111114,980.2222222222223,554.1111111111112,0,0,0,4.400209533787323,42.535358826610796,0
0,0,0,33.111111111111114,1101.888888888889,433.22222222222223,0,0,0,4.400209533787323,4.400209533787323,0
0,0,0,33.111111111111114,840.3333333333334,328.11111111111114,0,0,0,4.4006705783738465,4.4006705783738465,0
0,0,0,33.111111111111114,1068.7777777777778,328.11111111111114,0,0,0,0,4.400209533787323,0
0,0,0,33.122151828387246,1161.4982772035123,328.22051795042796,0,0,0,0,4.4006705783738465,0
0,0,0,33.111111111111114,1032.3333333333335,415.8888888888889,0,0,0,0,4.540209713714214,39.34848418552319
0,0,0,0,1153.7777777777778,415.8888888888889,0,0,0,0,4.667185242804756,40.44893877097455
0,0,0,0,932.4444444444445,328.11111111111114,0,0,0,0,0,40.44444444444445
0,0,0,0,1072.5555555555557,361.22222222222223,0,0,0,0,0,40.44893877097455
0,0,33.111111111111114,0,1153.7777777777778,456.22222222222223,0,0,0,40.44444444444445,0,45.111111111111114
0,0,33.111111111111114,0,1032.111111111111,423.11111111111114,0,0,0,40.43995111654261,0,45.10609932229753
0,0,33.111111111111114,0,1160.888888888889,499.6666666666667,0,0,0,40.44444444444445,0,45.111111111111114
0,0,33.111111111111114,0,1153.7777777777778,499.6666666666667,0,0,0,40.44444444444445,0,45.111111111111114
0,0,33.111111111111114,0,954.4444444444445,499.6666666666667,0,0,0,40.43995111654261,0,45.10609932229753
0,0,33.111111111111114,0,1068.7777777777778,445.00000000000006,0,0,0,40.43995111654261,0,4.666148205754917
0,0,33.111111111111114,0,1208.888888888889,445.00000000000006,0,0,0,40.43995111654261,33.10743250749917,4.666148205754917
0,0,33.111111111111114,0,1208.888888888889,534.3333333333334,0,0,0,40.44444444444445,33.111111111111114,4.666666666666667
0,0,33.111111111111114,33.111111111111114,1061.6666666666667,442.33333333333337,0,0,0,40.44444444444445,33.111111111111114,4.666666666666667
0,0,0,33.111111111111114,840.3333333333334,501.44444444444446,0,0,0,0,33.111111111111114,0
0,0,0,33.111111111111114,1076.111111111111,501.44444444444446,0,0,0,0,33.11479053228136,0
0,0,0,33.111111111111114,1175.7777777777778,401.6666666666667,0,0,0,0,33.103754721173075,0
0,0,0,33.111111111111114,954.4444444444445,401.6666666666667,0,0,0,0,33.111111111111114,0
0,0,0,33.111111111111114,1087.2222222222224,434.7777777777778,0,0,0,0,33.111111111111114,0
0,0,0,33.111111111111114,1101.888888888889,424.8888888888889,0,0,0,0,33.10375472117307,0
0,0,0,33.111111111111114,840.3333333333334,424.8888888888889,0,0,0,0,0,0
0,0,0,33.111111111111114,1068.7777777777778,328.22222222222223,0,0,0,0,0,40.44444444444445
0,0,0,0,954.4444444444445,482.33333333333337,0,0,0,0,0,40.44444444444445
0,0,33.111111111111114,0,1182.888888888889,328.22222222222223,0,0,0,0,0,40.44893877097455
0,0,33.111111111111114,0,947.1111111111112,423.44444444444446,0,0,0,0,0,40.43995111654261
0,0,33.111111111111114,0,973.1111111111112,456.5555555555556,0,0,0,0,0,42.56118577322166
0,0,33.111111111111114,0,1101.888888888889,456.5555555555556,0,0,0,0,0,43.4297671761177
0,0,33.111111111111114,0,1183.111111111111,423.44444444444446,0,0,0,40.176600441501094,0,40.176600441501094
0,0,33.111111111111114,0,1054.111111111111,495.33333333333337,0,0,0,40.18103543437466,0,40.18103543437466
0,0,33.111111111111114,0,1175.5555555555557,495.33333333333337,0,0,0,40.176600441501094,0,40.176600441501094
0,0,33.111111111111114,0,1175.7777777777778,495.33333333333337,0,0,0,40.176600441501094,0,0
0,0,33.111111111111114,33.111111111111114,1297.2222222222224,400.11111111111114,0,0,0,40.17216642754663,0,0
0,0,0,33.111111111111114,1068.7777777777778,400.11111111111114,0,0,0,40.17216642754663,0,0
0,0,0,33.111111111111114,1201.5555555555557,433.00000000000006,0,0,0,40.176600441501094,0,0
0,0,0,33.111111111111114,947.1111111111112,404.5555555555556,0,0,0,0,32.298942857142855,0
0,0,0,33.111111111111114,1061.4444444444446,404.5555555555556,0,0,0,0,31.986575000000002,0
0,0,0,33.111111111111114,847.4444444444445,499.6666666666667,0,0,0,0,33.111111111111114,0
0,0,0,33.111111111111114,1083.2222222222224,404.5555555555556,0,0,0,0,33.111111111111114,0
0,0,0,33.111111111111114,1068.7777777777778,404.5555555555556,0,0,0,0,33.10743250749917,0
0,0,0,33.111111111111114,1079.888888888889,421.11111111111114,0,0,0,0,33.111111111111114,0
0,0,0,0,958.4444444444445,460.8888888888889,0,0,0,0,33.10743250749917,0
0,0,0,0,1101.888888888889,460.8888888888889,0,0,0,0,33.111111111111114,0
0,0,33.111111111111114,0,969.1111111111112,428.00000000000006,0,0,0,0,33.111111111111114,0
0,0,33.111111111111114,0,1183.111111111111,364.44444444444446,0,0,0,0,0,40.44444444444445
0,0,33.111111111111114,0,940.0000000000001,518.3333333333334,0,0,0,0,0,40.44444444444445
0,0,33.111111111111114,0,1175.7777777777778,423.22222222222223,0,0,0,0,0,40.44444444444445
0,0,33.111111111111114,0,940.0000000000001,364.33333333333337,0,0,0,0,0,40.44893877097455
0,0,33.111111111111114,0,1048.6666666666667,456.33333333333337,0,0,0,0,0,40.44444444444445
0,0,33.111111111111114,0,932.4444444444445,439.7777777777778,0,0,0,0,0,40.43995111654261
0,0,33.111111111111114,0,932.4444444444445,341.11111111111114,0,0,0,40.44893877097455,0,40.44893877097455
0,0,33.111111111111114,0,1032.111111111111,590.2222222222223,0,0,0,40.43995111654261,0,40.43995111654261
0,0,0,33.10007775186049,1138.7315339331335,494.8350549816728,0,0,0,40.44444444444445,33.111111111111114,40.44444444444445
0,0,0,33.111111111111114,925.1111111111112,495.00000000000006,0,0,0,40.44444444444445,33.111111111111114,0
0,0,0,33.111111111111114,1160.888888888889,400,0,0,0,40.44444444444445,33.111111111111114,0
0,0,0,33.111111111111114,1148.3333333333335,400,0,0,0,45.111111111111114,33.111111111111114,0
0,0,0,33.111111111111114,1148.3333333333335,588.5555555555555,0,0,0,45.111111111111114,33.111111111111114,0
0,0,0,33.111111111111114,1141,496.5555555555556,0,0,0,45.111111111111114,33.111111111111114,0
0,0,0,33.10007775186049,1017.1054093080085,496.39009219149176,0,0,0,45.111111111111114,37.77777777777778,0
0,0,0,33.111111111111114,1168.4444444444446,496.5555555555556,0,0,0,4.666666666666667,37.77777777777778,0
0,0,0,33.111111111111114,925.3333333333334,306.33333333333337,0,0,0,4.666666666666667,37.77777777777778,40.44444444444445
0,0,0,0,1047.126820051128,306.43547849283095,0,0,0,5.2493438320209975,5.2493438320209975,45.494313210848645
0,0,0,0,1182.888888888889,329.5555555555556,0,0,0,5.047721754035138,5.047721754035138,43.746921868304526
0,0,0,0,1150.2222222222224,270.6666666666667,0,0,0,4.704828049736753,4.704828049736753,40.77517643105186
0,0,0,0,927.0000000000001,457.8888888888889,0,0,0,0,4.704301075268818,40.77060931899642
0,0,33.111111111111114,0,1099.7777777777778,423.44444444444446,0,0,0,0,4.704301075268818,40.77060931899642
0,0,33.111111111111114,0,891.4444444444445,423.44444444444446,0,260.69908133542464,0,0,399668.27246246923,40.779744566435134
0,0,33.122151828387246,0,1113.1488273869068,22206.40213404468,248.90780777416825,289.79500392069,0,0,399639.9686344797,45.480004480788615
0,0,33.111111111111114,0,43523.222222222226,22199,278.0017921146954,304.323476702509,0,399360.77508960577,399595.20609319,399573.8127240144
0,0,33.111111111111114,0,43523.222222222226,22855,292.5954968074381,318.92012994286995,257.5333258653523,399405.5113700011,399661.14036070346,399577.7976923938
0,0,33.111111111111114,0,43508.77777777778,44611.77777777778,285.8274285714286,311.54314285714287,280.0277142857143,390187.48742857145,390472.1111428572,390376.4705714286
0,0,33.111111111111114,0,43372.66666666667,44588.55555555556,296.7865438695164,368.54784167604055,276.97912682789655,386008.89157761534,386221.1448279903,386161.0731533559
0,0,33.111111111111114,33.111111111111114,64678.333333333336,45095.222222222226,366.62593045217204,392.73414065103884,298.7445839351183,396301.18875680486,396554.4939451173,396370.18109098997
0,0,33.111111111111114,33.111111111111114,64785.333333333336,44908,366.7074119346594,407.26747416379595,313.25702855872873,396389.2654739415,396642.6269585509,396542.6158462051
0,0,0,33.10007775186049,64712.42919026991,45013.55103854271,381.11111111111114,407.22222222222223,360.7777777777778,396401.6666666667,396655.22222222225,396498.55555555556
0,0,0,33.111111111111114,64841.00000000001,45130,381.06877013665155,177.5358293522942,389.62337518053556,396357.6269303411,346.29485612709703,396513.83179646713
0,0,0,33.111111111111114,64726.66666666667,23354.444444444445,163.11111111111111,148.66666666666669,389.6666666666667,396458.1111111111,325.33333333333337,396553.22222222225
0,0,0,33.111111111111114,22165.222222222223,23543.111111111113,148.68318702078008,181.79797755306143,404.15601733525943,379.48660962329143,400.48894321591285,263.1403489276586
0,0,0,33.111111111111114,22402.88888888889,22828.222222222223,174.44444444444446,196.22222222222223,203.33333333333334,379.44444444444446,379.44444444444446,331.6666666666667
0,0,0,33.111111111111114,22188.88888888889,1290.6666666666667,174.42506388179092,210.64326185979337,174.42506388179092,379.4022886345962,358.4046217086991,343.7395844906122
0,0,0,33.111111111111114,22419.444444444445,1427.5555555555557,188.8888888888889,148.66666666666669,188.8888888888889,343.7777777777778,379.44444444444446,365
0,0,0,0,1039.4444444444446,920.8888888888889,155.79508834314922,196.24402711412378,174.46382931436824,298.58873208134236,370.26336259584394,400.48894321591285
0,0,0,0,932.4444444444445,1143.4444444444446,155.76047105877126,196.2004221753139,188.86790356627043,400.17775802688595,370.18109098989004,316.07599155649376
0,0,0,0,1032.6775591863955,869.0674669334223,181.5757306367374,210.6900766751861,141.3490387820869,343.8159795532837,343.8159795532837,337.1485720635626
0,0,33.111111111111114,0,1061.4444444444446,1098.4444444444446,203.35592843649292,181.79797755306143,167.12968107567505,364.81831314590505,331.7035226136237,379.48660962329143
0,0,33.111111111111114,0,1168.4444444444446,1098.4444444444446,174.44444444444446,196.22222222222223,203.33333333333334,308.33333333333337,331.6666666666667,421.44444444444446
0,0,33.111111111111114,0,1168.4444444444446,1095.888888888889,188.86790356627043,210.64326185979337,188.86790356627043,277.52471947561384,340.8510165537163,379.4022886345962
0,0,33.111111111111114,0,1078,1095.888888888889,148.68318702078008,181.79797755306143,148.68318702078008,352.70585620624513,383.7093010334481,346.3718190910101
0,0,33.111111111111114,0,1170.3333333333335,1013.4444444444446,203.33333333333334,196.22222222222223,163.11111111111111,331.6666666666667,348.22222222222223,346.33333333333337
0,0,33.111111111111114,0,939.7777777777778,1153.111111111111,196.22222222222223,210.66666666666669,188.8888888888889,400.44444444444446,357.44444444444446,364.7777777777778
0,0,33.089051743282255,33.089051743282255,1046.080390850544,1152.3428825227627,196.2004221753139,148.6501499833352,225.08610154427288,379.4022886345962,300.4110654371737,329.29674480613266
0,0,33.111111111111114,33.111111111111114,1268.111111111111,1125.2222222222224,196.178626971784,186.95845367696066,210.6198622528327,277.7160630970895,393.0237724950011,364.69673405909793
0,0,33.111111111111114,33.111111111111114,1046.7777777777778,1313.888888888889,170.42550827685815,196.2004221753139,210.64326185979337,367.29252305299417,362.84857238084663,364.7372514165093
0,0,0,33.111111111111114,1010.1111111111112,1158.111111111111,188.8888888888889,196.22222222222223,170.44444444444446,346.33333333333337,372.11111111111114,315.11111111111114
0,0,0,33.111111111111114,1019.3333333333334,1158.111111111111,188.8888888888889,196.22222222222223,196.22222222222223,400.44444444444446,372.11111111111114,340.8888888888889
0,0,0,33.111111111111114,1019.3333333333334,1125.5555555555557,168.13799999999998,141.04909999999998,206.202575,361.4967,302.414875,358.22735
0,0,0,33.111111111111114,1024.7777777777778,1125.5555555555557,171.56324606688838,143.92250086722305,194.91491011488154,288.3215663068541,262.70622053992287,327.519002387414
0,0,0,33.111111111111114,932.4444444444445,1158.5555555555557,142.0448210502843,105.6974021630059,167.91169584123088,326.45779908573974,266.91938900657817,252.20202921172927
0,0,0,33.111111111111114,1160.888888888889,1018.7777777777778,149.1805106477868,120.19177165793288,142.0448210502843,221.87534842234362,333.8164789831642,236.36971791727058
0,0,0,0,925.7282632866356,1019.457416055148,120.19177165793288,182.40606533615787,120.19177165793288,238.48812576652915,277.17694280298804,257.4423012598952
0,0,0,0,917.7777777777778,909.1111111111112,143.95628902765387,129.46030330062445,134.70115967885818,238.51471900089206,221.900089206066,242.9750223015165
0,0,0,0,1039.2222222222224,995.2222222222223,182.40606533615787,134.68614115285985,175.04738543873341,255.10090311071465,221.87534842234362,221.87534842234362
0,0,0,0,939.7777777777778,819.8888888888889,156.52173913043478,134.6711259754738,160.5351170568562,311.7056856187291,221.85061315496097,298.21627647714604
0,0,0,0,956.3333333333334,954.4444444444445,156.53919054521128,149.1805106477868,127.32746125543538,257.4423012598952,297.2460697959639,260.5641654588025
0,0,0,0,956.3333333333334,943.0000000000001,146.98885714285714,194.00771428571426,139.7382857142857,255.74742857142854,272.11614285714285,256.73614285714285
0,0,33.111111111111114,0,1061.4444444444446,1191.3333333333335,168.477375,191.83175,138.171,252.879,327.069875,309.038125
0,0,33.111111111111114,0,1168.4444444444446,1021.5555555555557,172.33333333333334,210.66666666666669,155.7777777777778,343.7777777777778,376.5555555555556,413.00000000000006
0,0,33.111111111111114,0,940.0000000000001,986.1111111111112,181.75758249083438,210.64326185979337,203.31074325074994,343.7395844906122,279.6355960448839,353.6273747361405
0,0,33.111111111111114,0,1146.4444444444446,1106.4444444444446,196.2004221753139,163.09298966781472,188.86790356627043,348.1835351627597,361.84868347961344,379.4022886345962
0,0,33.111111111111114,0,1039.4444444444446,1139.3333333333335,172.57473052561394,163.1292365818424,174.46382931436824,400.26669629958883,378.48649849983326,400.48894321591285
0,0,33.111111111111114,0,1012.2222222222223,864.5555555555557,148.66666666666669,196.22222222222223,134.22222222222223,294.11111111111114,378.44444444444446,400.44444444444446
0,0,33.111111111111114,33.111111111111114,1142.888888888889,1096.4444444444446,188.8888888888889,210.66666666666669,163.11111111111111,300.8888888888889,391.22222222222223,324.33333333333337
0,0,33.111111111111114,33.111111111111114,1010.1111111111112,1098.5555555555557,188.8888888888889,181.7777777777778,157.88888888888889,405.11111111111114,316.11111111111114,331.6666666666667
0,0,33.111111111111114,33.111111111111114,1010.1111111111112,1162.5555555555557,181.7777777777778,163.11111111111111,143.44444444444446,346.5555555555556,388.5555555555556,400.22222222222223
0,0,0,33.111111111111114,995.4444444444445,914.2222222222223,187,163.11111111111111,196.22222222222223,388.5555555555556,329.22222222222223,343.7777777777778
0,0,0,33.111111111111114,888.4444444444445,1171.2222222222224,187,196.22222222222223,196.22222222222223,303.44444444444446,363.11111111111114,288.8888888888889
0,0,0,33.111111111111114,1102.4444444444446,1190.111111111111,186.7777777777778,181.7777777777778,134.22222222222223,393,419.5555555555556,288.8888888888889
0,0,0,33.111111111111114,896.0000000000001,1138.111111111111,172.3524836092899,196.24402711412378,163.1292365818424,405.1561284587176,337.3708189798866,315.146127347483
0,0,0,33.111111111111114,1034,1020.2222222222223,225.11111111111111,196.22222222222223,188.8888888888889,353.11111111111114,334.44444444444446,327.22222222222223
0,0,0,33.111111111111114,1070.6666666666667,1154.888888888889,196.22222222222223,148.66666666666669,225.11111111111111,402.22222222222223,410.33333333333337,400.22222222222223
0,0,0,0,1068.7777777777778,1064.4444444444446,155.98266859237864,196.2004221753139,196.2004221753139,338.9623375180536,331.8520164426175,348.1835351627597
0,0,0,0,1175.7777777777778,1081.111111111111,194.11111111111111,196.22222222222223,201.44444444444446,301.44444444444446,390.44444444444446,336.33333333333337
0,0,0,0,1175.7777777777778,875.0000000000001,172.33333333333334,196.22222222222223,225.11111111111111,385.7777777777778,353.44444444444446,372
0,0,0,0,1068.7777777777778,1086.3333333333335,174.44444444444446,210.66666666666669,172.33333333333334,343.7777777777778,353.44444444444446,372
0,0,0,0,1068.4216372320338,829.0569810063313,196.22222222222223,177.55555555555557,188.8888888888889,379.22222222222223,352.6666666666667,381.22222222222223
0,0,0,0,1076.111111111111,1009.3333333333334,187,163.11111111111111,210.66666666666669,348.22222222222223,348.22222222222223,381.22222222222223
0,0,33.111111111111114,0,1206.7777777777778,1058.888888888889,187,181.7777777777778,196.22222222222223,294.11111111111114,348.22222222222223,367.5555555555556
0,0,33.111111111111114,0,1170.3333333333335,1058.888888888889,172.33333333333334,210.66666666666669,170.44444444444446,336.8888888888889,355.5555555555556,393.7777777777778
0,0,33.111111111111114,0,1039.4444444444446,1103.2222222222224,172.33333333333334,196.22222222222223,134.22222222222223,334.5555555555556,315.11111111111114,320.7777777777778
0,0,33.111111111111114,0,1017.4444444444446,1065.3333333333335,165.38843839854985,140.59763095386924,140.59763095386924,350.44657847855984,330.0785441930242,336.014371327666
0,0,33.111111111111114,0,910.4444444444445,996.8888888888889,127.97400000000002,143.40685714285715,112.54114285714287,286.2201428571429,274.11128571428577,315.3051428571429
0,0,33.111111111111114,0,910.4444444444445,1117.2222222222224,158.65759839446986,134.68614115285988,120.1917716579329,184.18998773553355,221.87534842234368,229.23402831976813
0,0,33.111111111111114,0,1010.1111111111112,905.8888888888889,156.5391905452113,120.1917716579329,120.1917716579329,257.44230125989526,297.24606979596393,229.23402831976813
0,0,33.122151828387246,33.122151828387246,1224.5192842058464,1204.2903189952208,134.68614115285988,136.80454900211842,142.04482105028433,259.5607091091538,305.3852157431152,260.3411751588806
0,0,33.111111111111114,33.111111111111114,1002.7777777777778,1093.5555555555557,120.20517395182873,182.42640499553968,134.70115967885818,264.8305084745763,253.23371989295273,281.4451382694023
0,0,0,33.111111111111114,1133.6666666666667,1077,143.94023859962095,149.18051064778686,120.1917716579329,264.8009811573197,295.3506522466273,221.87534842234368
0,0,0,33.111111111111114,925.1111111111112,1077,105.68561872909702,134.67112597547384,134.67112597547384,313.82385730211826,236.56633221850618,221.85061315496102
0,0,0,33.111111111111114,1032.111111111111,1052.3333333333335,158.65759839446986,134.68614115285988,175.04738543873344,266.9193890065783,274.27806890400274,297.24606979596393
0,0,0,33.111111111111114,1054.111111111111,948.7777777777778,147.56168506539882,118.88751606913297,171.27301712000326,306.4827524639337,271.3017528108229,286.74168996265837
0,0,0,33.111111111111114,947.1111111111112,1052.3333333333335,145.858725,178.34445,169.2964125,302.9457375,341.8632,318.2074875
0,0,0,33.111111111111114,1161.111111111111,1071.7777777777778,177.55555555555557,181.7777777777778,187,367.33333333333337,348.44444444444446,324.33333333333337
0,0,0,33.111111111111114,1061.4444444444446,1071.7777777777778,172.33333333333334,210.66666666666669,201.44444444444446,374.6666666666667,325.33333333333337,361.8888888888889
0,0,0,0,1070.6666666666667,962.3333333333334,172.33333333333334,179.66666666666669,148.66666666666669,337.11111111111114,298.5555555555556,339
0,0,33.111111111111114,0,1070.6666666666667,772.4444444444445,210.66666666666669,163.11111111111111,188.8888888888889,341.11111111111114,298.5555555555556,318
0,0,33.111111111111114,0,954.4444444444445,1004.3333333333334,186.97922453060772,179.6467059215643,225.08610154427288,341.07321408732366,315.07610265526057,376.5137206977003
0,0,33.111111111111114,0,1068.7777777777778,1004.3333333333334,201.46682964773862,165.24058228692076,196.24402711412378,301.4779419935548,315.146127347483,296.25513945994
0,0,33.111111111111114,0,961.7777777777778,1018.0000000000001,163.09298966781472,196.2004221753139,170.42550827685815,301.4109543384069,327.18586823686263,301.4109543384069
0,0,33.10375472117307,0,1075.8720284381247,1213.6191957342812,172.3524836092899,210.6900766751861,134.23713745971773,339.03767085231686,327.258584287143,308.812090232248
0,0,33.111111111111114,0,1290.1111111111113,1025.4444444444446,172.31418731252086,148.6501499833352,172.31418731252086,406.7325852683036,294.07843572936343,273.3029663370737
0,0,33.111111111111114,0,1197.5555555555557,1107.4444444444446,196.22222222222223,177.55555555555557,188.8888888888889,348.22222222222223,294.11111111111114,370.22222222222223
0,0,33.111111111111114,33.111111111111114,1175.7777777777778,1107.4444444444446,172.55555555555557,187,174.44444444444446,319.8888888888889,322.44444444444446,353.6666666666667
0,0,33.111111111111114,33.111111111111114,952.5555555555557,1082.4444444444446,187,187,210.66666666666669,340.8888888888889,303.5555555555556,360
0,0,0,33.111111111111114,1114.4444444444446,1216.888888888889,134.22222222222223,181.7777777777778,156,273.11111111111114,379.44444444444446,397.5555555555556
0,0,0,33.111111111111114,1183.111111111111,1142,172.3524836092899,179.68663184798308,148.68318702078008,353.4837204133792,320.92454717190793,339.03767085231686
0,0,0,33.111111111111114,1068.7777777777778,1142,210.64326185979337,179.6467059215643,172.31418731252086,348.1835351627597,379.4022886345962,398.2890789912232
0,0,0,33.111111111111114,1190.2222222222224,1058.6666666666667,196.22222222222223,163.11111111111111,188.8888888888889,428.5555555555556,337.11111111111114,376.5555555555556
0,0,0,33.111111111111114,947.1111111111112,1068,172.53638484612821,186.97922453060772,188.86790356627043,348.1835351627597,395.6227085879347,338.9623375180536
0,0,0,33.111111111111114,961.7777777777778,1068,201.44444444444446,210.66666666666669,187,329.7777777777778,353.6666666666667,383.6666666666667
286,0,396292.7777777778,33.111111111111114,22200,44550.88888888889,148.66666666666669,181.7777777777778,156,389.11111111111114,414.8888888888889,286.77777777777777
286,255.44444444444446,396313.7777777778,396256.4444444445,22085.666666666668,44744.55555555556,172.31418731252086,157.87134762804135,184.86834796133766,358.07132540828803,393.0674369514499,324.2973002999667
300.44444444444446,269.8888888888889,396313.7777777778,396277.4444444445,22332.77777777778,44581,188.8888888888889,186.7777777777778,172.33333333333334,337.11111111111114,355.5555555555556,318
340.6666666666667,269.8888888888889,396418,396333.88888888893,43689.444444444445,44640.77777777778,188.8888888888889,163.11111111111111,225.11111111111111,383.8888888888889,343.44444444444446,339
362.44444444444446,324.5555555555556,396418,396333.88888888893,43596.88888888889,45018.55555555556,187,165.22222222222223,196.22222222222223,303.5555555555556,381,339
391.33333333333337,324.5555555555556,396464.7777777778,396404.55555555556,43596.88888888889,45018.55555555556,140.12947243405424,172.49381250781346,180.1498929553694,268.0788168833604,336.6355372546568,291.97506797724714
391.33333333333337,360.7777777777778,396521.22222222225,396477.55555555556,43710.88888888889,45524.333333333336,142.89106607066316,160.51587471679628,150.69802828975568,187.8402424836201,297.72915008266483,235.39173963627456
453.4340964658813,398.9775505667926,396609.35763503,396565.6812625028,43827.62836185819,45329.18426316959,148.99777282850778,129.28730512249442,156.34743875278394,249.99999999999997,221.6035634743875,271.826280623608
453.33333333333337,398.8888888888889,396575.3333333334,396531.6666666667,43803,45814.88888888889,120.0311769290725,105.55617414541811,120.0311769290725,285.7142857142857,425.45373566418,273.9115911368445
196.22222222222223,451.6666666666667,282.5555555555556,396552.6666666667,22443.333333333336,656390.1111111111,158.2229150428683,386491.9274022938,148.98118249638125,226.25542812604388,1081195.1898452288,294.9560182607728
196.22222222222223,210.66666666666669,343.7777777777778,385.7777777777778,22666.55555555556,656196.4444444445,134.52115812917594,386534.9665924276,120.04454342984408,273.16258351893094,1081298.9977728284,295.76837416481067
229.33333333333334,196.22222222222223,433.33333333333337,364.7777777777778,22419.444444444445,705238.6666666667,141.85502727981296,386477.45239951013,151.09675982629997,273.1321679100323,1081199.6436922392,273.9115911368445
218.00000000000003,236.44444444444446,329.11111111111114,377.11111111111114,701421.7777777779,705044.4444444445,170.8050328471217,386477.45239951013,120.0311769290725,285.7142857142857,1081135.7309876406,215.23215677541478
210.66666666666669,203.55555555555557,396.8888888888889,377.11111111111114,701392.6666666667,1405693.777777778,134.5061797127269,386508.51798240736,120.0311769290725,306.758712838214,1081174.145418105,271.79601380692577
181.7777777777778,1085717.888888889,350.11111111111114,701093.4444444445,701592,1405802.4444444445,119.196,383802.7165714286,133.57028571428572,231.97885714285715,1073651.3357142857,287.48571428571427
229.33333333333334,1085681.6666666667,369.5555555555556,1776213.3333333335,701356.5555555556,2806529.2222222225,155.24425,379230.1295,146.1765,300.98375,1060870.5955,284.05
196.22222222222223,1085683.7777777778,411.5555555555556,1776213.3333333335,1401727.5555555557,2806529.2222222225,196.2004221753139,385676.4803910677,172.31418731252086,373.8473502944118,1078897.011443173,711239.5289412289
196.22222222222223,1085683.7777777778,426.00000000000006,1776217.777777778,1401620.777777778,2806538,210.6900766751861,385762.1957995332,172.3524836092899,288.92099122124677,1078975.330592288,1787900.3222580284
198.33333333333334,1085667.2222222222,480.11111111111114,1776248.777777778,1401620.777777778,2158288.5555555555,172.55555555555557,179.66666666666669,1085661.1111111112,362.8888888888889,306.11111111111114,1787680.6666666667
198.33333333333334,1085700.1111111112,397.8888888888889,1776159.2222222222,1401651.777777778,2859558.555555556,186.97922453060772,165.20386623708478,1085569.381179869,316.07599155649376,332.62970781024336,1787448.39462282
196.22222222222223,1085700.1111111112,329.33333333333337,1776250.888888889,1401758.777777778,2810516.3333333335,163.11111111111111,196.22222222222223,1085635.3333333335,49824.77777777778,311.6666666666667,1787699.0000000002
181.7777777777778,1085689,385.7777777777778,1776182.1111111112,1401830.4444444445,3511322.1111111115,134.2073102988557,210.64326185979337,1085521.830907677,49759.91556493723,353.6273747361405,1787500.388845684
229.33333333333334,1085681.6666666667,318,1776217.5555555557,1401738.1111111112,2810036.666666667,1085448,148.66666666666669,1085642.4444444445,705237.2222222222,339,1787701.1111111112
229.33333333333334,167.33333333333334,419.8888888888889,1075451.5555555557,1401645.777777778,2813087.666666667,1085592.600822131,163.09298966781472,1085516.6092656374,1783305.18831241,359.9600044439507,1787434.729474503
210.66666666666669,222.00000000000003,344,258.6666666666667,1401645.777777778,1411770.4444444445,1085675.1111111112,179.66666666666669,1085622.7777777778,1783467.888888889,368.11111111111114,1787706.3333333335
181.7777777777778,203.55555555555557,358.44444444444446,381.33333333333337,1401781.1111111112,2815566,1085771.8635403933,196.24402711412378,1085772.5302811423,1783640.2933659293,352.70585620624513,1076817.3130347815
196.22222222222223,203.55555555555557,348.44444444444446,343.7777777777778,1401781.1111111112,2815129.666666667,1085651.2222222222,196.22222222222223,1085666.3333333335,1783442.1111111112,310.6666666666667,267.77777777777777
264.44444444444446,196.22222222222223,294.33333333333337,364.7777777777778,1401781.1111111112,2809746.1111111115,1085651.2222222222,179.66666666666669,385395.3333333334,1783448.4444444445,712612.2222222222,248159.55555555556
264.44444444444446,189.11111111111111,700896.2222222222,364.7777777777778,2102534.4444444445,2108476.1111111115,1085795.5328369818,179.68663184798308,1085673.8526502943,1783625.625069452,712622.8469829981,1088561.3957106343
1085745.888888889,225.33333333333334,1776116.4444444445,327.22222222222223,2102427.4444444445,5611766.666666667,2171054,1085519.1111111112,1085553.2222222222,2441051.888888889,1087568,1088461.2222222222
1085776.888888889,1085431.2222222222,1776097.5555555557,701028.3333333334,1402048.888888889,4910960.888888889,2171054,1085550.1111111112,1085577.1111111112,2817510,1087568,1088461.2222222222
1085714.888888889,1085416.7777777778,1776097.5555555557,1075996.6666666667,1402496.777777778,4928532.555555556,1085634.0406621487,1085451.2831907568,1085456.5048327965,2161777.0247750254,1087463.7262526387,1088310.0766581492
1085760.3333333335,1085593.7777777778,1776094.4444444445,1075975.6666666667,1402389.777777778,4925372.888888889,1085503.888888889,1085543,1085582.3333333335,1083793.1111111112,1087563.5555555557,1088492.2222222222
1085731.4444444445,1085577.4444444445,1776115.4444444445,1076034.2222222222,1402589.1111111112,4926745.666666667,1085503.888888889,1085550.1111111112,1085611.2222222222,1091832.4444444445,1087525.2222222222,1088419.2222222222
1085760.3333333335,1085555.6666666667,1776059.0000000002,1075970.888888889,702832.6666666667,3532890.1111111115,1478242.9730029998,1085384.0684368405,1085437.8402399735,1091669.1478724587,1094943.0063326298,1088319.297855794
1085793.4444444445,1085584.5555555557,1776097.3333333335,1075949.888888889,702725.6666666667,3532821.888888889,1478392.777777778,1085519.1111111112,1085567.6666666667,2260203.777777778,1095064.6666666667,1096004
1085708.6666666667,1085555.6666666667,1776097.3333333335,1075944.6666666667,702963.3333333334,3532224.666666667,1478445.5555555557,1478486.6666666667,700321,2260186.777777778,1550491.4444444445,848112.2222222222
1085708.6666666667,1085577.4444444445,1083255,1083480.3333333335,1955.7777777777778,4352896.111111111,1478243.1952005334,1478322.4086212644,393028.4412843018,2259956.6714809467,1551457.0603266305,1175436.5070547718
392793.55555555556,1085541.2222222222,8013.777777777778,1083426.2222222222,819127.4444444445,850915.2222222222,392999.1112098656,393120.0977669148,393042.8841239863,1552959.5600488835,1176542.1619820022,1175326.1859793358
393128,393250.88888888893,1175805.4444444445,1550470.5555555557,819005.7777777779,850915.2222222222,393042.7777777778,393132.7777777778,393048.22222222225,1176674,1176664.888888889,1176457.3333333335
393128,393250.88888888893,1175859.5555555557,1175850.3333333335,4086257.555555556,3870251.666666667,409481.48193749995,409567.60923749994,409502.20342499996,1225932.5153249998,1225841.98905,1225677.2590124998
393097,393128.55555555556,1175850.3333333335,1175887.888888889,4086257.555555556,3870251.666666667,417415.93849999993,417534.42484285706,417437.0630571428,1249734.4652571427,1249686.787485714,1249453.8272857142
393125.88888888893,393112,1175829.3333333335,1175829.3333333335,4087048.888888889,7371589.333333334,393728.29474621546,393772.9296527159,393690.338379341,1170694.9020480854,1178661.5093499555,1178462.822796082
393097,393112,1175902.5555555557,1876526.0000000002,4086192.0000000005,7369470.888888889,134.47623288433707,393831.23678058555,1456505.6217299344,1170825.2254258043,1171217.9672715128,1885787.9327618834
393119.6666666667,1453902.888888889,1175805.6666666667,1876542.5555555557,4086406.0000000005,7369470.888888889,134.46126447016917,393801.8699910953,1456940.0044523596,707200.801424755,1300347.284060552,1878017.3642030274
393105.22222222225,1454526.5555555557,1876029.3333333335,1876474.777777778,4086168.3333333335,7371150.777777778,1062639.3770856506,119.91101223581757,1455967.6307007784,706715.1279199109,708466.2958843159,1876763.959955506
1453914.3333333335,1454464.5555555557,1868894.3333333335,1868972.2222222222,4086422.555555556,6553669.555555556,1063511.8557274851,1062876.6559055995,1063420.6835133028,707244.7957252588,707878.2144049872,708255.0372926639
1061302.5555555557,1454508.888888889,1868910.888888889,1868972.2222222222,3269357.888888889,6552359.888888889,1063482.9121674274,1063572.3032394522,1063450.6289658244,707187.2425692976,707836.1349215184,708271.6241790047
1062035.6666666667,1061661.7777777778,701098.2222222222,701226.7777777779,3269265.555555556,6552450.444444445,1063602.6939775131,1063557.8314594233,1063436.1571857953,707187.2425692976,707818.6574640988,707269.1751085384
1062035.6666666667,1061661.7777777778,701044.1111111111,700843.2222222222,1801.6666666666667,3515628.4444444445,1058613.5592,1058616.6616,1058579.4328,703833.1780000001,704503.518,703987.7440000001
1063162.888888889,1061607.1111111112,700971.1111111111,700805.6666666667,1908.6666666666667,3515628.4444444445,1045715.2893000001,1045718.3539000001,1045681.5787000001,695257.59325,695919.76575,695410.2760000001
1063499.1111111112,1061585.3333333335,700971.1111111111,700805.6666666667,1146.4444444444446,12934.555555555557,1061633.5555555557,1061589.1111111112,1061551.7777777778,705809.4444444445,706481.6666666667,705964.4444444445
1063679.7777777778,1061618.2222222222,700897.888888889,49.66666666666667,1146.4444444444446,5170.444444444445,1061609.888888889,1061574.6666666667,787.7777777777778,705809.4444444445,706460.6666666667,64.33333333333334
1063609.5555555557,798.4444444444445,700897.888888889,66.22222222222223,1039.4444444444446,5170.444444444445,1061609.888888889,1418650.5555555557,359219.1111111111,66.22222222222223,577430.7777777779,702209.5555555556
1070585.5555555557,174.7777777777778,674.2222222222223,66.22222222222223,1286.3333333333335,3536.0000000000005,232.82188125416948,1419611.4076050702,359458.7502779631,16.56659995552591,701637.7585056705,702678.007560596
12702.77777777778,353633.22222222225,49.66666666666667,33.111111111111114,1032.111111111111,1053379.2222222222,354626.70814353967,357876.0137762471,359208.0879902234,701131.7631374293,701150.6499277859,702182.7574713922
12702.77777777778,353588.88888888893,33.111111111111114,700717.2222222222,1032.111111111111,1404559.2222222222,354666.1111111111,357173.88888888893,359203.6666666667,701268.2222222222,701202.7777777779,1286134.888888889
12507.111111111111,353520.22222222225,350587,700747.4444444445,1402646.6666666667,1404468.6666666667,354575.4444444445,2118117.666666667,2120133.666666667,701268.2222222222,2109114.5555555555,2114865.777777778
12507.111111111111,353520.22222222225,350629,700747.4444444445,1402410.888888889,2813248.4444444445,354554.22222222225,2118077.4444444445,2120009.3333333335,2107393.666666667,2109114.5555555555,2114834.5555555555
11379.88888888889,2114487.2222222225,350612.4444444445,2101735.1111111115,1402517.888888889,2825457.555555556,2115510.666666667,2118347.1111111115,2120009.3333333335,2107950.3333333335,2467057,2465347.666666667
1771972.6666666667,2114487.2222222225,1751005.888888889,2101775.5555555555,1402532.5555555557,2825441,2115463.1111111115,2118370.777777778,2120216.1111111115,2458435,2467057,2465418.3333333335
1771792.0000000002,2114646.666666667,1751754.888888889,2101775.5555555555,1402532.5555555557,2834045.555555556,2115660.666666667,2118385.2222222225,2120230.5555555555,2458435,2467286.2222222225,2465418.3333333335
1771808.5555555557,2114646.666666667,1751754.888888889,2452237.777777778,1402639.5555555557,2834595,2115660.666666667,1761280.4444444445,1761194.5555555557,2458562.5555555555,2467328.4444444445,1763315.1111111112
1764999.1111111112,2114661.1111111115,2102281.777777778,2452291.888888889,1402392.6666666667,2834499.888888889,2115698.777777778,1761339.4444444445,1761194.5555555557,2465997.5555555555,1766217.3333333335,2121784
1762101.6666666667,1761257.3333333335,2102317.4444444445,2452291.888888889,1411138.777777778,1791396.2222222222,1761416.7129681073,2129719.1910212245,2129612.1791310143,1765000.5556172905,2124802.0891210134,2121968.55206134
1762149.2222222222,2129432.888888889,2102317.4444444445,1759490.777777778,1411031.777777778,1443199.2222222222,2129434.4444444445,2129499.1111111115,2129375.5555555555,2115763.4444444445,2124612.777777778,1537863.1111111112
1761231.888888889,2129404,1759630.0000000002,2110044.1111111115,9631.222222222223,1443199.2222222222,2129420,368555.3333333334,368500.22222222225,2115805.4444444445,716684.4444444445,709216.5555555556
2129413.777777778,2129432.888888889,2110223,2110044.1111111115,10339,36963,2129197.8669036776,368559.82668592385,368481.05766026,709584.601710921,716677.8135762694,709137.7624708366
2129399.3333333335,368465.88888888893,2110223,709098.4444444445,10125,24753.88888888889,368437.0625486058,368304.6328185758,368481.05766026,716525.6082657484,358812.68747916905,358728.36351516505
368470.3333333334,368513.22222222225,709871.5555555556,709143.1111111111,9988.888888888889,25094.666666666668,736584.7777777779,368321.88888888893,368344.1111111111,366120.55555555556,358911.1111111111,358748.7777777778
368532.3333333334,368364.4444444445,709122.5555555556,709201.6666666667,11003.666666666668,16432.666666666668,736305.4105099434,368295.41162093106,736279.7466948117,366525.9415620487,358625.48605710483,358708.9212309744
368515.7777777778,368378.88888888893,709212.1111111111,358706.3333333334,11003.666666666668,25340.222222222223,736387.2222222222,736340.1111111111,736347.1111111111,366439.1111111111,366446.4444444445,366538.7777777778
368240.91969343554,368241.6972120404,358612.46251249587,365965.78918138397,11000,27644.340775297125,736349.1111111111,736283.2222222222,736347.1111111111,359004.1111111111,366446.4444444445,8069.88888888889
368334.7777777778,736308.888888889,358696.3333333334,366541.22222222225,2412.1111111111113,17723.777777777777,736267.3036329298,368115.7649150095,368122.0975447173,358964.22619708924,8064.10398844573,8118.65348294634
736292.6666666667,368159.1111111111,366540.88888888893,358658.22222222225,2626.1111111111113,15562.555555555557,382838.83541197976,382828.4360165917,382867.2604260405,8305.534901106112,8338.46631983502,8422.008129452568
736292.6666666667,368159.1111111111,358691,8124.333333333334,2412.1111111111113,15562.555555555557,390182.43028648966,390187.14108290646,390168.7689768808,8420.66636500908,8498.747815618177,8494.508098843022
368143.88888888893,368130.22222222225,8056.000000000001,8124.333333333334,1825.7777777777778,12966,368885.5361318339,368858.924395947,368865.2711279368,7961.362877185169,7995.212114463869,8031.176929072487
368143.88888888893,368130.22222222225,8065.222222222223,8082.333333333334,1825.7777777777778,13091.111111111111,368902.1267119475,368844.4493931634,368865.2711279368,480.23605389154886,7957.577107226368,7966.26210889656
368115,368082.88888888893,8039.777777777778,7997.222222222223,1947.4444444444446,12790.111111111111,33.17377268173216,368762.3288433708,368754.20238227764,496.7160191472782,7897.139040409662,7929.756206167204
368053,368039.3333333334,8039.777777777778,7938.666666666667,932.6666666666667,12790.111111111111,33.177466043197505,368774.4377644177,25.829436651079934,49.766199064796254,7898.018258739701,7930.639055889556
368053,368024.88888888893,7950.222222222223,7938.666666666667,947.1111111111112,3392.0000000000005,33.17377268173216,33.17377268173216,25.82656128242235,49.76065902259824,90.2816431036402,66.34754536346432
368161.2759808825,368147.60475714126,7906.079804379238,503.27887073468935,1201.956207624764,1189.3964654884962,33.17377268173216,16.58688634086608,25.82656128242235,49.76065902259824,90.2816431036402,66.34754536346432
368038.55555555556,25.77777777777778,7903.444444444445,49.66666666666667,1047,1189,33.1811602271462,0,0,49.7717403407193,64.46943547489144,16.5905801135731
33.111111111111114,0,99.33333333333334,49.66666666666667,1039.4444444444446,426.11111111111114,33.090605423714976,0,0,49.635908135572464,31.20288632236211,16.545302711857488
33.111111111111114,0,66.22222222222223,0,1039.4444444444446,616.6666666666667,32.67929790026247,0,0,88.93594160104988,47.15469160104987,16.339648950131235
0,0,66.22222222222223,0,1046.7777777777778,583.5555555555555,33.10743250749917,0,0,90.10109987779137,47.77246972558605,16.553716253749585
0,0,57.00000000000001,0,1268.111111111111,517.3333333333334,16.553716253749585,0,0,56.993667370292194,47.77246972558605,16.553716253749585
0,0,40.44444444444445,0,1039.4444444444446,477.5555555555556,0,0,0,40.44893877097455,47.78308700966774,0
0,0,40.44444444444445,0,1160.888888888889,572.7777777777778,0,0,0,40.44444444444445,47.77777777777778,40.44444444444445
0,0,40.44444444444445,0,932.4444444444445,577.4444444444445,0,0,0,40.44893877097455,16.55739526614068,40.44893877097455
0,0,40.44444444444445,0,899.3333333333334,467.11111111111114,0,0,0,40.44444444444445,16.555555555555557,40.44444444444445
0,0,40.44444444444445,0,1160.888888888889,559.1111111111112,0,0,0,40.43995111654261,16.553716253749585,40.43995111654261
0,0,0,0,954.4444444444445,500.22222222222223,0,0,0,40.44444444444445,16.555555555555557,40.44444444444445
0,0,0,0,1061.4444444444446,404.7777777777778,0,0,0,0,0,40.44444444444445
0,0,0,33.111111111111114,1168.4444444444446,404.7777777777778,0,0,0,0,0,40.44893877097455
0,0,0,33.111111111111114,947.1111111111112,404.7777777777778,0,0,0,0,0,40.44444444444445
0,0,0,33.111111111111114,1054.111111111111,404.7777777777778,0,0,0,0,0,40.44444444444445
0,0,0,33.111111111111114,932.6666666666667,309.5555555555556,0,0,0,0,0,0
0,0,0,33.111111111111114,1175.7777777777778,328.11111111111114,0,0,0,0,0,0
0,0,0,33.111111111111114,954.4444444444445,328.11111111111114,0,0,0,0,0,0
0,0,0,33.111111111111114,923.4444444444445,328.11111111111114,0,0,0,0,47.77777777777778,0
0,0,0,33.111111111111114,1175.7777777777778,414.5555555555556,0,0,0,0,47.77777777777778,0
0,0,0,33.111111111111114,1068.7777777777778,319.44444444444446,0,0,0,0,47.78308700966774,0
0,0,33.111111111111114,0,947.1111111111112,473.5555555555556,0,0,0,0,47.77246972558605,0
0,0,33.10007775186049,0,1053.7598578251693,414.52849050316564,0,0,0,40.44444444444445,47.77777777777778,0
0,0,33.111111111111114,0,947.1111111111112,414.6666666666667,0,0,0,40.43995111654261,47.77246972558605,0
0,0,33.111111111111114,0,1175.5555555555557,567.3333333333334,0,0,0,40.43995111654261,47.77246972558605,0
0,0,33.111111111111114,0,1017.4444444444446,485.22222222222223,0,0,0,40.44444444444445,47.77777777777778,0
0,0,33.111111111111114,0,1017.4444444444446,485.22222222222223,0,0,0,41.97788713910762,49.589262279715044,0
0,0,33.111111111111114,0,1039.2222222222224,477.8888888888889,0,0,0,42.7804,0,0
0,0,33.10375472117307,0,917.5738724727837,493.890246611864,0,0,0,40.51196438508626,0,0
0,0,33.111111111111114,0,917.7777777777778,494.00000000000006,0,0,0,40.507456042733146,0,40.507456042733146
0,0,0,0,1032.111111111111,398.7777777777778,0,0,0,40.51196438508626,0,40.51196438508626
0,0,0,0,925.4195843058798,398.9107480271202,0,0,0,0,0,40.507456042733146
0,0,0,0,1131.7777777777778,398.7777777777778,0,0,0,0,0,40.51196438508626
0,0,0,33.111111111111114,1139.111111111111,400,0,0,0,0,0,45.186421814134675
0,0,0,33.111111111111114,1054.111111111111,404.6666666666667,0,0,0,0,0,45.186421814134675
0,0,0,33.111111111111114,1161.111111111111,404.6666666666667,0,0,0,0,0,45.1704
0,0,0,33.111111111111114,1061.4444444444446,378.8888888888889,0,0,0,0,0,44.5991
0,0,0,33.11847077128251,930.7623916425872,334.1853745276728,0,0,0,0,0,45.111111111111114
0,0,0,37.77777777777778,1146.4444444444446,338.7777777777778,0,0,0,0,0,4.666148205754917
0,0,0,37.77777777777778,1046.7777777777778,279.8888888888889,0,0,0,0,0,4.666148205754917
0,0,0,37.77777777777778,1046.7777777777778,338.7777777777778,0,0,0,0,40.44444444444445,4.666666666666667
0,0,33.111111111111114,37.77777777777778,1054.111111111111,527.5555555555555,0,0,0,0,40.43995111654261,4.666148205754917
0,0,33.111111111111114,4.666666666666667,939.7777777777778,432.5555555555556,0,0,0,0,40.44444444444445,0
0,0,33.111111111111114,4.666666666666667,1046.7777777777778,427.8888888888889,0,0,0,0,40.44444444444445,0
0,0,33.111111111111114,4.666666666666667,939.7777777777778,427.8888888888889,0,0,0,0,40.44444444444445,0
0,0,33.111111111111114,4.666666666666667,1000.8888888888889,427.8888888888889,0,0,0,40.44444444444445,45.111111111111114,0
0,0,33.111111111111114,4.666666666666667,1131.7777777777778,370.11111111111114,0,0,0,40.44444444444445,45.111111111111114,0
0,0,33.111111111111114,0,915.8888888888889,492.33333333333337,0,0,0,40.44893877097455,45.116124013779306,0
0,0,33.111111111111114,0,1039.4444444444446,551.2222222222223,0,0,0,40.44444444444445,45.111111111111114,33.111111111111114
0,0,33.111111111111114,0,1146.4444444444446,589.1111111111112,0,0,0,40.44444444444445,4.666666666666667,33.111111111111114
0,0,0,0,1039.4444444444446,400.33333333333337,0,0,0,45.116124013779306,4.667185242804756,33.11479053228136
0,0,0,0,918.0000000000001,341.44444444444446,0,0,0,45.111111111111114,4.666666666666667,33.111111111111114
0,0,0,33.111111111111114,1039.4444444444446,495.44444444444446,0,0,0,45.10609932229753,4.666148205754917,37.773580713254084
0,0,0,33.111111111111114,1039.4444444444446,495.44444444444446,0,0,0,45.111111111111114,4.666666666666667,37.77777777777778
0,0,0,33.10007775186049,1039.3202265911364,436.41008552704653,0,0,0,4.666666666666667,0,37.77777777777778
0,0,0,33.111111111111114,1039.4444444444446,495.44444444444446,0,0,0,4.666666666666667,0,37.77777777777778
0,0,0,33.111111111111114,1299.3333333333335,368.5555555555556,0,0,0,4.666666666666667,0,37.77777777777778
0,0,0,33.111111111111114,1047,424.8888888888889,0,0,0,4.667185242804756,0,4.667185242804756
0,0,0,33.111111111111114,1068.7777777777778,328.11111111111114,0,0,0,4.667185242804756,0,4.667185242804756
0,0,0,33.111111111111114,1068.7777777777778,328.11111111111114,0,0,0,0,33.111111111111114,4.666666666666667
0,0,0,33.111111111111114,1297.2222222222224,480.7777777777778,0,0,0,0,34.3147,4.8363000000000005
0,0,33.111111111111114,0,1068.7777777777778,326.7777777777778,0,0,0,0,34.964347968077064,0
0,0,33.111111111111114,0,1183.111111111111,421.7777777777778,0,0,0,0,33.16269752949032,0
0,0,33.122151828387246,0,969.4342558630656,480.8269423141047,0,0,0,0,33.16269752949032,0
0,0,33.111111111111114,0,1074.2222222222224,421.7777777777778,0,0,0,0,33.16269752949032,0
0,0,33.111111111111114,0,1052.2222222222224,421.7777777777778,0,0,0,0,33.16269752949032,0
0,0,33.111111111111114,0,1190.2222222222224,306.5555555555556,0,0,0,0,33.16269752949032,0
0,0,33.111111111111114,0,1175.7777777777778,403.22222222222223,0,0,0,0,33.16269752949032,0
0,0,33.111111111111114,0,1068.7777777777778,465.33333333333337,0,0,0,0,0,40.507456042733146
0,0,33.111111111111114,0,969.1111111111112,312.6666666666667,0,0,0,40.5704,0,40.5704
0,0,0,0,1076.111111111111,498.33333333333337,0,0,0,40.049099999999996,0,40.049099999999996
0,0,0,33.10007775186049,961.4572920137732,403.1989336887704,0,0,0,40.44444444444445,0,40.44444444444445
0,0,0,33.111111111111114,1197.5555555555557,439.6666666666667,0,0,0,40.44444444444445,0,40.44444444444445
0,0,0,33.111111111111114,1197.7777777777778,439.6666666666667,0,0,0,40.44444444444445,0,40.44444444444445
0,0,0,33.111111111111114,959.8888888888889,521.7777777777778,0,0,0,40.44444444444445,0,40.44444444444445
0,0,0,33.111111111111114,1081.5555555555557,598.6666666666667,0,0,0,40.44444444444445,0,40.44444444444445
0,0,0,37.77777777777778,1076.111111111111,523.2222222222223,0,0,0,40.44444444444445,0,40.44444444444445
0,0,0,37.77777777777778,1076.111111111111,461.11111111111114,0,0,0,40.44444444444445,0,0
0,0,0,37.77777777777778,1068.7777777777778,461.11111111111114,0,0,0,0,0,0
0,0,0,37.77777777777778,961.7777777777778,334.33333333333337,0,0,0,0,0,0
0,0,0,4.668222740913638,1183.5056129821053,334.4448149383128,0,0,0,0,33.111111111111114,0
0,0,0,4.666666666666667,1076.111111111111,239.11111111111111,0,0,0,0,33.111111111111114,0
0,0,0,4.666666666666667,1054.111111111111,486.6666666666667,0,0,0,0,33.111111111111114,0
0,0,33.111111111111114,4.666666666666667,1054.111111111111,404.5555555555556,0,0,0,0,33.11479053228137,0
0,0,33.111111111111114,4.666666666666667,915.8888888888889,386.5555555555556,0,0,0,0,33.111111111111114,0
0,0,33.111111111111114,0,1044.888888888889,365.33333333333337,0,0,0,0,37.781975775086124,0
0,0,33.111111111111114,0,1044.888888888889,398.44444444444446,0,0,0,0,37.77777777777778,0
0,0,33.111111111111114,0,1068.7777777777778,398.44444444444446,0,0,0,0,37.773580713254084,0
0,0,33.111111111111114,33.111111111111114,1183.111111111111,493.5555555555556,0,0,0,40.44444444444445,37.77777777777778,0
0,0,33.111111111111114,33.111111111111114,1068.7777777777778,587.2222222222223,0,0,0,40.44444444444445,4.666666666666667,0
0,0,33.111111111111114,33.111111111111114,940.0000000000001,587.2222222222223,0,0,0,40.44444444444445,4.666666666666667,40.44444444444445
0,0,33.111111111111114,33.111111111111114,961.7777777777778,493.7777777777778,0,0,0,40.44444444444445,4.666666666666667,40.44444444444445
0,0,0,33.111111111111114,961.7777777777778,493.7777777777778,0,0,0,40.4399511165426,4.666148205754915,40.4399511165426
0,0,0,33.111111111111114,1061.6666666666667,517,0,0,0,40.44444444444445,4.666666666666667,40.44444444444445
0,0,0,33.111111111111114,1076.111111111111,517,0,0,0,40.44444444444445,0,40.44444444444445
0,0,0,33.111111111111114,1076.111111111111,505.11111111111114,0,0,0,41.85129703712964,0,41.85129703712964
0,0,0,33.111111111111114,1175.7777777777778,580.5555555555555,0,0,0,42.63583881108888,0,42.63583881108888
0,0,0,0,1061.4444444444446,426.5555555555556,0,0,0,0,0,40.51647373107747
0,0,0,0,1061.4444444444446,332.8888888888889,0,0,0,0,0,40.51647373107747
0,0,0,0,1061.4444444444446,391.7777777777778,0,0,0,0,0,0
0,0,0,0,1061.4444444444446,237.66666666666669,0,0,0,0,0,0
0,0,0,0,1275.4444444444446,237.66666666666669,0,0,0,0,0,0
0,0,33.111111111111114,0,1054.111111111111,250.55555555555557,0,0,0,0,0,0
0,0,33.111111111111114,0,923.2222222222223,403.22222222222223,0,0,0,0,40.507456042733146,0
0,0,33.111111111111114,0,923.2222222222223,382,0,0,0,0,40.6536,0
0,0,33.111111111111114,0,908.7777777777778,382,0,0,0,0,40.11716972878391,0
0,0,33.111111111111114,0,1046.7777777777778,382,0,0,0,0,40.44444444444445,0
0,0,33.111111111111114,0,1153.7777777777778,398.5555555555556,0,0,0,0,45.10609932229753,0
0,0,33.10007775186049,0,1153.3933133399978,398.4227479728979,0,0,0,0,45.111111111111114,0
0,0,33.111111111111114,33.111111111111114,1039.4444444444446,493.6666666666667,0,0,0,0,45.111111111111114,0
0,0,33.111111111111114,33.111111111111114,932.4444444444445,493.6666666666667,0,0,0,33.10743250749917,45.10609932229753,0
0,0,0,33.111111111111114,932.4444444444445,551.2222222222223,0,0,0,33.111111111111114,45.111111111111114,0
0,0,0,33.111111111111114,1046.7777777777778,398.5555555555556,0,0,0,33.11479053228136,4.667185242804756,33.11479053228136
0,0,0,33.111111111111114,1275.4444444444446,518.3333333333334,0,0,0,33.10743250749917,4.666148205754917,33.10743250749917
0,0,0,33.111111111111114,1044.888888888889,518.3333333333334,0,0,0,37.77777777777778,4.666666666666667,33.111111111111114
0,0,0,33.111111111111114,1044.888888888889,518.3333333333334,0,0,0,37.77777777777778,4.666666666666667,33.111111111111114
0,0,0,33.111111111111114,830.8888888888889,501.7777777777778,265.69618846538503,0,0,37.78197577508612,0,37.78197577508612
0,0,0,33.122151828387246,1061.576080915861,518.5061687229077,265.6371514276192,0,0,396356.07154760585,0,37.773580713254084
0,0,0,0,939.7777777777778,423.22222222222223,280.11111111111114,0,0,396400.1111111111,0,37.77777777777778
0,0,0,0,1046.7777777777778,22098.111111111113,294.5882875875097,0,261.3623735970663,396432.04800533387,0,37.78197577508612
0,0,0,0,22413.77777777778,22191.77777777778,308.9656704810577,269.85890456615937,261.30429952227536,396343.96178202424,396291.3009665593,396126.20819908904
0,0,33.111111111111114,0,22178,22191.77777777778,309,284.33333333333337,275.77777777777777,396444.4444444445,396377.3333333334,396179.1111111111
0,0,33.111111111111114,0,22163.333333333336,44144,337.8888888888889,284.33333333333337,304.6666666666667,396486.4444444445,396377.3333333334,396179.1111111111
0,0,33.111111111111114,0,22163.333333333336,44593,392.5555555555556,313.22222222222223,319.11111111111114,396550.3333333334,396412.7777777778,396235.55555555556
0,0,33.111111111111114,0,64714.88888888889,44749.333333333336,392.5555555555556,313.22222222222223,319.11111111111114,396550.3333333334,396464,396235.55555555556
0,0,33.111111111111114,0,64821.88888888889,44749.333333333336,141.31763137429175,342.07310298855685,347.96133762915235,396560.3821797579,396419.953338518,396207.8657926897
0,0,33.111111111111114,0,64591.55555555556,44757.11111111112,170.22222222222223,389.6666666666667,395.5555555555556,277.5555555555556,396562.7777777778,396341.4444444445
0,0,33.111111111111114,0,64843.88888888889,45005.66666666667,155.7777777777778,389.6666666666667,395.5555555555556,298.5555555555556,396591.1111111111,396341.4444444445
0,0,33.111111111111114,33.111111111111114,64629.88888888889,23330.77777777778,155.7777777777778,404.11111111111114,148.66666666666669,277.5555555555556,396591.1111111111,396416.55555555556
0,0,33.111111111111114,33.111111111111114,43491.333333333336,23289.666666666668,146.01105763220403,138.66458932366544,153.58710307538442,286.74184116764593,264.24328197274656,293.5143666395799
0,0,0,33.10007775186049,43591.13628790403,23298.456070198823,148.67862857142856,126.00280000000001,141.19794285714286,232.60257142857142,224.8881142857143,254.69397142857144
0,0,0,33.111111111111114,43391.66666666667,1386,112.59457053849577,119.93769470404985,134.4014241210503,235.87004895416112,287.1606586559858,277.9261237205163
0,0,0,33.111111111111114,43627.66666666667,861.5555555555557,86.78237650200268,119.93769470404985,134.4014241210503,167.22296395193592,272.6969292389853,221.40631953716067
0,0,0,33.111111111111114,1173.888888888889,900.1111111111112,141.5062854600067,148.84859272444098,148.84859272444098,273.66781621982426,221.38168873067082,242.40738680609635
0,0,0,33.111111111111114,1066.888888888889,900.1111111111112,127.04416509066635,119.92435198576037,134.38647235510066,271.55412170430526,256.86950717543664,271.55412170430526
0,0,0,33.111111111111114,1326.5555555555557,1138,112.59457053849577,134.4014241210503,86.78237650200268,236.09256786826882,259.01201602136183,236.09256786826882
0,0,0,33.111111111111114,1190.4444444444446,959.4444444444445,127.03003337041156,148.83203559510565,134.3715239154616,257.06340378197996,230.58954393770856,236.04004449388208
0,0,0,0,1190.4444444444446,1144.4444444444446,127.03003337041156,148.83203559510565,148.83203559510565,257.06340378197996,294.43826473859843,250.50055617352612
0,0,0,0,1083.4444444444446,939.3333333333334,142.26411428571427,149.64574285714284,120.5666,258.4688428571428,222.5672857142857,258.4688428571428
0,0,0,0,969.4342558630656,1026.7867066800045,154.728225,176.359275,133.3179,255.0477375,275.685525,255.0477375
0,0,0,0,1190.4444444444446,874.6666666666667,155.7777777777778,177.55555555555557,134.22222222222223,331.8888888888889,277.5555555555556,292.22222222222223
0,0,0,0,1061.4444444444446,1130.2222222222224,181.55555555555557,163.11111111111111,148.66666666666669,400.44444444444446,286.77777777777777,334.22222222222223
0,0,33.111111111111114,0,1024.7777777777778,1063.4444444444446,141.33333333333334,196.22222222222223,188.8888888888889,294.11111111111114,414.8888888888889,367.33333333333337
0,0,33.111111111111114,0,1131.7777777777778,1283.3333333333335,141.3490387820869,210.69007667518613,174.46382931436827,298.58873208134236,379.4866096232915,317.2574730525614
0,0,33.111111111111114,0,872.1111111111112,962.2222222222223,155.76047105877123,148.65014998333515,210.64326185979334,298.5223864015109,299.5222753027441,315.0761026552605
0,0,33.10007775186049,0,871.598356103521,1045.0960790847496,155.7777777777778,163.11111111111111,177.55555555555557,298.5555555555556,365.22222222222223,373.6666666666667
0,0,33.111111111111114,0,1002.7777777777778,860.4444444444445,170.22222222222223,163.11111111111111,163.11111111111111,334,322.44444444444446,319.5555555555556
0,0,33.111111111111114,0,1109.7777777777778,1160.7777777777778,155.76047105877123,177.53582935229417,177.53582935229417,348.18353516275965,322.4086212643039,298.5223864015109
0,0,33.111111111111114,33.111111111111114,1109.7777777777778,1128.6666666666667,188.8679035662704,148.65014998333515,163.09298966781466,385.73491834240633,286.96811465392733,298.5223864015109
0,0,33.111111111111114,33.111111111111114,995.4444444444445,1212.2222222222224,188.8679035662704,210.64326185979334,217.7535829352294,310.6321519831129,369.1812020886568,319.52005332740805
0,0,33.111111111111114,33.111111111111114,888.4444444444445,956.6666666666667,163.11111111111111,196.22222222222223,188.8888888888889,298.5555555555556,385.7777777777778,277.5555555555556
0,0,0,33.111111111111114,917.7777777777778,1073.4444444444446,148.65014998333515,163.09298966781466,148.65014998333515,298.5223864015109,257.63804021775354,294.0784357293634
0,0,0,37.77777777777778,810.7777777777778,853.5555555555557,177.53582935229417,148.65014998333515,163.09298966781466,284.0795467170314,314.07621375402726,360.73769581157643
0,0,0,37.77777777777778,1024.7777777777778,1116.111111111111,148.68318702078008,163.12923658184243,155.79508834314925,355.2616957439716,318.81320146682964,350.81675741749086
0,0,0,37.79037456930088,1037.901522729799,963.2099588751806,163.11111111111111,148.66666666666669,155.7777777777778,313.22222222222223,288.5555555555556,327.6666666666667
0,0,0,37.76938458120417,906.4652299489002,1062.6527438347032,134.22222222222223,163.11111111111111,141.33333333333334,370.22222222222223,267.5555555555556,292.22222222222223
0,0,0,37.77777777777778,923.4444444444445,1002.6666666666667,188.8888888888889,148.66666666666669,141.33333333333334,350.7777777777778,351.8888888888889,292.22222222222223
0,0,0,4.666666666666667,1153.7777777777778,931.1111111111112,155.79508834314925,196.2440271141238,203.35592843649295,313.25702855872873,330.9256584064896,367.3741526836315
0,0,0,4.666666666666667,1046.7777777777778,980.5555555555557,170.24113790421157,134.23713745971776,148.68318702078008,334.25936215135016,321.70241137904213,310.92343593732636
0,0,0,4.666666666666667,1175.5555555555557,1169.111111111111,141.31763137429172,163.09298966781466,177.53582935229417,313.1874236195978,295.8560159982224,362.8485723808465
0,0,0,4.666666666666667,947.1111111111112,924.2222222222223,170.22222222222223,163.11111111111111,163.11111111111111,313.22222222222223,355.22222222222223,365.22222222222223
0,0,0,0,1161.111111111111,1007.6666666666667,141.33333333333334,163.11111111111111,177.55555555555557,317.8888888888889,298.77777777777777,319.5555555555556
0,0,0,0,1068.5555555555557,950.1111111111112,196,163.11111111111111,163.11111111111111,331.8888888888889,315.11111111111114,277.5555555555556
0,0,33.111111111111114,0,939.7777777777778,950.1111111111112,172.43517939742466,153.40310507563444,153.40310507563444,342.4626867420927,288.5766931803975,249.82463823602947
0,0,33.11847077128251,0,1161.3691931540343,1096.9104245387864,175.58332006613188,125.85027861123017,156.20377809074765,251.58381299369296,293.8452238074827,254.38567448410996
0,0,33.111111111111114,0,1039.2222222222224,910.0000000000001,127.03003337041156,165.4060066740823,134.3715239154616,188.43159065628475,264.18242491657395,282.5361512791991
0,0,33.111111111111114,33.111111111111114,1039.4444444444446,1239.888888888889,112.56952169076752,117.79755283648498,95.99555061179088,261.5127919911012,264.18242491657395,207.34149054505005
0,0,33.111111111111114,33.111111111111114,1039.4444444444446,1106.888888888889,127.03003337041156,163.29254727474972,148.83203559510565,261.5127919911012,228.69855394883203,282.5361512791991
0,0,33.111111111111114,33.111111111111114,1017.6666666666667,1071.7777777777778,141.5062854600067,134.3864723551007,119.92435198576038,268.10546223161646,280.78762932473023,289.90988986539105
0,0,33.111111111111114,33.111111111111114,1246.111111111111,1071.7777777777778,112.56952169076752,119.91101223581757,148.83203559510565,268.075639599555,242.38042269187986,247.05228031145717
0,0,33.111111111111114,33.111111111111114,1032.111111111111,1140,141.5062854600067,148.84859272444098,134.3864723551007,256.86950717543664,263.4330848815219,226.05406608076538
0,0,33.111111111111114,33.111111111111114,1017.6666666666667,935.0000000000001,119.67523078634188,148.81548214881545,134.35657880102323,242.35346457568676,221.33244355466573,247.02480258035808
0,0,0,33.111111111111114,1246.111111111111,1146.7777777777778,105.92497142857142,135.2614857142857,135.2614857142857,243.98574285714284,210.61825714285715,243.98574285714284
0,0,0,33.111111111111114,1024.7777777777778,900.2222222222223,147.81554999999997,133.4538,147.81554999999997,304.13767499999994,207.803475,240.725025
0,0,0,33.111111111111114,1022.8888888888889,971.7777777777778,163.11111111111111,179.66666666666669,210.66666666666669,336.11111111111114,272.33333333333337,317.22222222222223
0,0,0,0,1022.8888888888889,826.6666666666667,191.97866903677368,179.64670592156423,186.9792245306077,263.08187979113427,331.62981890901005,383.84623930674366
0,0,0,0,1022.8888888888889,826.6666666666667,163.09298966781466,163.09298966781466,163.09298966781466,313.1874236195978,336.0737695811576,308.74347294745024
0,0,0,0,1039.4444444444446,844.0000000000001,163.09298966781466,163.09298966781466,177.53582935229417,271.19208976780357,263.08187979113427,313.1874236195978
0,0,0,0,932.4444444444445,1084.111111111111,177.57528614290476,163.12923658184243,148.68318702078008,313.25702855872873,286.8096455161685,283.0314479386599
0,0,0,0,1039.4444444444446,932.4444444444445,148.66666666666669,163.11111111111111,148.66666666666669,362.8888888888889,307.77777777777777,313.22222222222223
0,0,0,0,932.4444444444445,1085.7777777777778,177.7777777777778,148.66666666666669,163.11111111111111,292.22222222222223,376.33333333333337,365.22222222222223
0,0,0,0,939.4646229034767,873.7087637454182,192.24358262029114,165.24058228692078,210.69007667518613,356.0395599511057,319.9244360484498,308.812090232248
0,0,0,0,1046.7777777777778,1009.3333333333334,163.11111111111111,194.11111111111111,196.22222222222223,322.44444444444446,357.44444444444446,367.33333333333337
0,0,0,0,925.3333333333334,1021.1111111111112,177.57528614290476,148.68318702078008,163.12923658184243,292.25469496610737,367.1519057673075,292.25469496610737
0,0,0,0,930.5555555555557,1143.111111111111,148.66666666666669,163.11111111111111,163.11111111111111,348.6666666666667,343.44444444444446,284.8888888888889
0,0,0,33.111111111111114,930.5555555555557,1143.111111111111,163.12923658184243,163.12923658184243,148.68318702078008,298.58873208134236,301.47794199355485,284.92054672741415
0,0,33.111111111111114,33.111111111111114,1066.6666666666667,1212.5555555555557,148.66666666666669,163.11111111111111,134.22222222222223,352.6666666666667,357.8888888888889,272.33333333333337
0,0,33.10007775186049,33.10007775186049,944.907253137843,1005.2204820615351,196.20042217531383,163.09298966781466,163.09298966781466,310.6321519831129,350.73880679924446,328.7412509721142
0,0,33.111111111111114,33.111111111111114,1068.7777777777778,1005.5555555555557,210.64326185979334,196.20042217531383,163.09298966781466,305.8549050105543,308.74347294745024,352.6274858349072
0,0,33.111111111111114,33.111111111111114,1197.5555555555557,1112.4444444444446,148.66666666666669,210.66666666666669,196.22222222222223,305.8888888888889,287,279.6666666666667
0,0,33.122151828387246,37.79037456930088,962.0984772702012,1112.815382905413,163.11111111111111,163.11111111111111,163.11111111111111,293.33333333333337,360,315.11111111111114
0,0,33.111111111111114,37.77777777777778,1090.7777777777778,1016.8888888888889,163.12923658184243,163.12923658184243,163.12923658184243,298.58873208134236,322.4802755861763,315.14612734748306
0,0,33.111111111111114,37.77777777777778,1212.2222222222224,1085.3333333333335,134.22222222222223,163.11111111111111,163.11111111111111,298.5555555555556,270.44444444444446,357.8888888888889
0,0,33.111111111111114,37.77777777777778,976.4444444444445,861.7777777777778,163.11111111111111,163.11111111111111,163.11111111111111,284.11111111111114,277.5555555555556,298.5555555555556
0,0,33.111111111111114,4.666666666666667,1190.4444444444446,861.7777777777778,148.66666666666669,163.11111111111111,177.55555555555557,361.8888888888889,298.5555555555556,343.44444444444446
0,0,0,4.666666666666667,1183.111111111111,773.4444444444445,210.69007667518613,163.12923658184243,177.57528614290476,307.8119791087899,242.13801533503724,348.7054117124125
0,0,0,4.666666666666667,1183.111111111111,963.2222222222223,163.11111111111111,210.66666666666669,172.33333333333334,372.5555555555556,303.33333333333337,292.22222222222223
0,0,0,4.666666666666667,1068.7777777777778,963.2222222222223,153.23445,153.23445,162.74002500000003,301.20075,312.65325000000007,245.42707500000003
0,0,0,4.666666666666667,1061.4444444444446,896.3333333333334,156.0108,140.8528,100.6258,306.658,269.2294,249.8738
0,0,0,0,1061.4444444444446,896.3333333333334,119.91101223581757,134.3715239154616,134.3715239154616,241.26807563959954,242.38042269187986,278.08676307007784
0,0,0,0,1039.4444444444446,1024.3333333333335,134.3715239154616,134.3715239154616,148.83203559510565,257.06340378197996,242.38042269187986,278.86540600667405
0,0,0,0,918.0000000000001,1007.8888888888889,134.35657880102326,148.8154821488155,119.89767545323102,292.51473695918145,289.8454009565121,257.0348125903682
0,0,0,0,1161.111111111111,1008.1111111111112,134.37152391546164,134.37152391546164,148.8320355951057,250.50055617352618,247.05228031145722,257.06340378198
0,0,0,0,1061.4444444444446,1008.1111111111112,148.83203559510565,119.91101223581757,134.3715239154616,193.65962180200222,291.7686318131257,233.14794215795325
0,0,0,0,809.1111111111112,1140.111111111111,86.75342008675342,165.3876098320543,134.35657880102326,286.17506395284175,291.73618062506955,212.10098987876768
0,0,33.122151828387246,33.122151828387246,1061.7983772368568,1180.6157608091587,134.37152391546164,103.33704115684095,139.5995550611791,221.35706340378204,254.39377085650727,263.4037819799778
0,0,33.111111111111114,33.111111111111114,945.2222222222223,1180.2222222222224,135.43319933886994,150.0079641683841,87.4485889770849,265.4849470483808,261.6730854775848,189.69616993490723
0,0,33.111111111111114,33.111111111111114,1054.3333333333335,1107.111111111111,162.3600018747657,147.98207255343084,133.604143232096,282.8028098050244,295.52174728158985,276.2774418822647
0,0,33.111111111111114,33.111111111111114,1175.7777777777778,1107.111111111111,163.09298966781472,163.09298966781472,163.09298966781472,333.40739917786914,296.85590489945565,307.7435840462171
0,0,33.111111111111114,33.111111111111114,1068.7777777777778,1124.2222222222224,163.09298966781472,163.09298966781472,148.6501499833352,282.1908676813688,369.847794689479,298.52238640151097
0,0,33.111111111111114,37.77777777777778,1190.2222222222224,1128.7777777777778,177.57528614290476,148.68318702078008,177.57528614290476,303.2559173241471,322.4802755861762,277.58639848872093
0,0,33.111111111111114,37.77777777777778,1168.4444444444446,1045.3333333333335,186.79853317035224,177.57528614290476,163.1292365818424,303.2559173241471,322.4802755861762,319.5910656739637
0,0,33.111111111111114,37.77777777777778,1161.111111111111,1128.6666666666667,172.33333333333334,210.66666666666669,148.66666666666669,352.8888888888889,277.77777777777777,298.5555555555556
0,0,33.111111111111114,37.77777777777778,1161.111111111111,844.7777777777778,210.66666666666669,165.22222222222223,163.11111111111111,260.44444444444446,376.5555555555556,333.44444444444446
0,0,0,4.666666666666667,1044.888888888889,793.5555555555557,177.55555555555557,194.11111111111111,196.22222222222223,324.22222222222223,315.11111111111114,336.33333333333337
0,0,0,4.666666666666667,1044.888888888889,793.5555555555557,177.57528614290476,163.1292365818424,196.24402711412378,303.2559173241471,288.92099122124677,386.48738748749855
0,258.33333333333337,0,396239.3333333334,22319.55555555556,773.2222222222223,163.11111111111111,163.11111111111111,163.11111111111111,326.8888888888889,315.11111111111114,296.8888888888889
254.00000000000003,258.33333333333337,396257,396260.3333333334,22198.111111111113,44592.88888888889,163.11111111111111,177.55555555555557,163.11111111111111,277.5555555555556,315.11111111111114,325.22222222222223
254.00000000000003,272.77777777777777,396257,396260.3333333334,22321.666666666668,44491.333333333336,163.11111111111111,163.11111111111111,163.11111111111111,334.22222222222223,298.5555555555556,275.11111111111114
282.8888888888889,301.6666666666667,396278,396312.1111111111,22307.222222222223,44298,163.09298966781472,163.09298966781472,163.09298966781472,277.74691700922125,277.52471947561384,338.8512387512499
297.33333333333337,301.6666666666667,396334.4444444445,396333.1111111111,43497.222222222226,44795.333333333336,165.20386623708478,179.6467059215643,148.6501499833352,391.1787579157872,337.9624486168204,296.85590489945565
311.77777777777777,363.6666666666667,396334.4444444445,396333.1111111111,43732.66666666667,45219.66666666667,165.22222222222223,132.11111111111111,163.11111111111111,299.5555555555556,518.5555555555555,327.11111111111114
311.77777777777777,363.6666666666667,396409.55555555556,396422.6666666667,43732.66666666667,45219.66666666667,163.11111111111111,385448.55555555556,203.33333333333334,341.5555555555556,419.7777777777778,346.33333333333337
373.7777777777778,378.11111111111114,396409.55555555556,396476.7777777778,43703.55555555556,45479.66666666667,163.09298966781466,385632.8185757138,155.76047105877123,322.4086212643039,1076575.6027108098,292.18975669370064
373.7777777777778,407,396470.7777777778,396476.7777777778,43948.55555555556,640979.8888888889,163.11111111111111,385690.1111111111,155.7777777777778,343.44444444444446,1076657.6666666667,263.11111111111114
402.6666666666667,148.66666666666669,396512.7777777778,315.11111111111114,22443.333333333336,640880,162.93007769145393,385262.04217536066,155.6048834628191,298.44617092119864,1075440.9544950055,343.06326304106545
163.11111111111111,203.33333333333334,255.7777777777778,346.33333333333337,22535.666666666668,703018.888888889,177.55555555555557,385675.6666666667,141.33333333333334,334.22222222222223,1076679.1111111112,284.8888888888889
210.66666666666669,188.8888888888889,329.7777777777778,346.33333333333337,722772.4444444445,1403693.2222222222,148.66666666666669,385690.1111111111,141.33333333333334,315.11111111111114,1076677.888888889,326.8888888888889
181.7777777777778,197.55555555555557,367.33333333333337,701115.6666666667,722948,1403693.2222222222,188.8888888888889,385690.1111111111,141.33333333333334,315.11111111111114,1076677.888888889,263.11111111111114
181.7777777777778,1085634.7777777778,355.5555555555556,701094.6666666667,701643.6666666667,2104205,170.4633848205356,385735.0816757417,194.13268140904543,298.58873208134236,1076804.2004667185,336.1484609401044
196.22222222222223,1085587.2222222222,355.5555555555556,1776212.2222222222,701301.2222222222,2103942.4444444445,170.42550827685815,385663.8151316521,203.31074325074994,319.5200533274081,1076421.9531163205,305.85490501055443
210.66666666666669,1085587.2222222222,339,1776176.777777778,1401787.888888889,2804620.555555556,163.11111111111111,390.22222222222223,148.66666666666669,277.5555555555556,1076541.5555555557,710464.6666666667
187,1085634.7777777778,398.33333333333337,1776122.6666666667,1401894.888888889,2804148.777777778,138.21153269158643,138.21153269158643,138.21153269158643,239.81073884235528,274.0203814539317,731580.8729544317
210.66666666666669,1085620.3333333335,337.11111111111114,1776179.1111111112,1401649.888888889,2210893.1111111115,140.66136674352643,110.38656926561511,140.66136674352643,200.0465464117371,278.8774613830677,744526.3198083946
181.7777777777778,1085634.7777777778,332.6666666666667,1776127.1111111112,1401771.3333333335,2734264,134.13280035531872,134.13280035531872,1084889.2960248727,256.3846324672441,274.4836775483012,1787099.6002664894
196.22222222222223,1085580.1111111112,374.6666666666667,1776173.6666666667,1401679,2628305.4444444445,119.56521739130436,133.9840283939663,1083686.0026619344,220.71872227151732,251.99645075421475,1785117.4578527065
163.11111111111111,1085618.2222222222,300.6666666666667,1776173.6666666667,701434.888888889,2111191.5555555555,148.40283939662822,105.14640638864242,1083700.421472937,225.15527950310562,238.7976929902396,1785124.7781721386
163.11111111111111,1085619,340.8888888888889,1075392.7777777778,1401748.1111111112,2111191.5555555555,1083670.918367347,133.9840283939663,1083686.0026619344,1781364.7959183676,238.7976929902396,1785145.7409050579
179.66666666666669,181.7777777777778,355.5555555555556,1075449.2222222222,1401748.1111111112,2116408.5555555555,1083649.1792369122,100.93167701863355,1083633.3185448092,1781268.078970719,222.27151730257322,1785114.1304347827
174.44444444444446,196.22222222222223,355.5555555555556,331.6666666666667,1401748.1111111112,2817934.888888889,1083816.860787576,133.99889073765945,1083758.7354409315,1783565.612867443,201.33111480865222,1785312.1464226288
188.8888888888889,210.66666666666669,339,298.5555555555556,1401704.1111111112,2817810.555555556,1083696.6503992903,133.9840283939663,1083686.0026619344,1783388.7533274181,201.30878438331857,1076236.5794143744
165,148.66666666666669,279.6666666666667,298.5555555555556,1401597.1111111112,2817810.555555556,1093177.0218285713,135.15794285714284,120.6128,1799003.3512,233.5054857142857,223.77142857142857
141.33333333333334,188.8888888888889,701130.1111111111,324.33333333333337,1401825.5555555557,2816354,1078802.4506180463,133.37892861607705,147.73262126515817,1775323.9986302978,272.1680952306539,262.5621624578073
1085659.4444444445,196.22222222222223,1776258.0000000002,364.7777777777778,1401704.1111111112,2292983.1111111115,1085623.2222222222,163.11111111111111,148.66666666666669,1786578.777777778,273.8888888888889,322.11111111111114
1085661.5555555557,196.22222222222223,1776216.0000000002,266,1401811.1111111112,2993523.4444444445,1085652.1111111112,148.66666666666669,163.11111111111111,1786612.777777778,294.22222222222223,322.11111111111114
1085661.5555555557,187,1776291.1111111112,322.44444444444446,1401818.4444444445,4560387.666666667,1085772.7525280586,177.57528614290476,163.1292365818424,1786827.8697633068,303.47816424047113,314.81275697299697
1085661.5555555557,172.33333333333334,1776249.777777778,336.11111111111114,1402138,4560387.666666667,188.9098788754306,1085509.8344260473,148.68318702078008,2377.597510834537,303.47816424047113,704081.0090010001
1085659.4444444445,172.33333333333334,1776228.0000000002,279.6666666666667,1402031,4904749.888888889,188.86790356627043,1085254.193978447,1085410.6210421065,2377.069214531719,1078491.9453394068,1079262.08199089
1085674.1111111112,1085359.7777777778,1776228.0000000002,701161.3333333334,1402147.2222222222,4211750.777777778,1085357.9602266415,1085387.6235973781,1085405.3994000668,1078271.7475836019,1078454.3939562272,1079262.08199089
1085659.6666666667,1085504.5555555557,1776251.6666666667,701140.3333333334,702159.888888889,3511197.0000000005,1085449.6666666667,1085508.2222222222,1085492.888888889,1078370.5555555557,1078637.4444444445,1079339.2222222222
1085668.888888889,1085533.4444444445,1776305.777777778,1076157,702052.888888889,3512767.3333333335,1085478.5555555557,1085508.2222222222,1085492.888888889,1078357.5555555557,1078598,1079339.2222222222
1085668.888888889,1085478.7777777778,1075476.3333333335,1076131.2222222222,701931.4444444445,3512156.4444444445,1085343.517386957,1085402.0664370626,1085357.8491278747,1080274.4139540053,1078436.1737584714,1086740.36218198
179.66666666666669,1085480.6666666667,310.8888888888889,1076069.7777777778,701931.4444444445,3512156.4444444445,1478082.777777778,1085493.7777777778,1478360.1111111112,1080364.2222222222,1078620.4444444445,1086803.2222222222
179.66666666666669,1085533.4444444445,391.22222222222223,1076144.888888889,702911.4444444445,2822348.2222222225,1478528.5031670183,1085643.2936993,1478509.9455495053,2253772.8636515164,1078698.966551839,2255979.553283698
187,1085519,337.11111111111114,1076088.4444444445,702787.888888889,1071840.2222222222,1478359,1085493.7777777778,1478331.2222222222,2254390.666666667,1085994.5555555557,2255728.888888889
187,1085495.3333333335,279.6666666666667,1083556.3333333335,1635826.4444444445,2594278.3333333335,1478185.5349405624,393170.75880457734,1478181.4242861907,2254123.6529274527,1085873.9028996779,1551847.4613931787
392763.7777777778,1478083.4444444445,8256.333333333334,1083556.3333333335,1635826.4444444445,2361167.777777778,1478514.0571174573,393258.1397933103,393047.0052228025,2254624.6249583284,1176503.8337593065,1176780.642293588
393050.4444444445,393164.6666666667,8256.333333333334,1550713.777777778,1635924.2222222222,2352395.4444444445,393085.12056895206,393106.01177908655,393023.335926214,1176441.9379931102,1176562.3958217578,1176866.3184798309
393036,393005.4444444445,1175658.7777777778,1550734.777777778,1635585.1111111112,3755606.777777778,393055.88888888893,393062.3333333334,392994.1111111111,1176332.2222222222,1879876.6666666667,1176667.7777777778
393065.1111111111,393022,1175663.2222222222,1175718.1111111112,1635585.1111111112,3754036.4444444445,393041.4444444445,393047.88888888893,1453733.5555555557,1176290.2222222222,1879835.3333333335,1880385.1111111112
1453782.3333333335,393022,1175642.2222222222,1875916.3333333335,4087354.666666667,7255658.888888889,392910.474286349,1453286.3489947796,1453234.6995445963,1881579.4735088304,1879584.0275463734,1872588.8037320892
1453753.4444444445,1453778.1111111112,1876305.777777778,1876407.0000000002,4087461.666666667,7263600.333333334,1062035.67063007,1453932.3258139791,1061695.2994777197,1882432.3813757082,1880355.0394488275,1873421.1579064338
1454648.1111111112,1454457.777777778,1876242.0000000002,1876331.888888889,4086601.666666667,7256752.777777778,1061489.3900677704,1454334.7405843798,1061444.950561049,708952.2275302745,1879937.2291967561,704209.0878791247
1455592.4444444445,1454452.5555555557,1876230.2222222222,1876381.5555555557,4086601.666666667,7256752.777777778,1061474.947228086,1603484.0573269639,1061444.950561049,708058.6601488724,1872504.4995000558,704167.0925452728
1455592.4444444445,1454502,1876230.2222222222,1868871.6666666667,2452647.777777778,5734347.777777778,1118803.1111111112,1210701,1061548.4444444445,1408620.777777778,2573228.2222222225,704245.3333333334
1063715.1111111112,1061913.888888889,1868249.1111111112,1868871.6666666667,2452771.3333333335,4916886.555555556,1417218.6666666667,1419126,1418353.777777778,1408620.777777778,1405227.3333333335,1405452.5555555557
1067624.888888889,1061616.3333333335,1868249.1111111112,700832.5555555556,2452791.666666667,4916945.444444445,1461530.10295,1463497.111975,1462730.5215999999,1452614.8516875,1449132.9959125,1449337.305425
1071920.35988004,1061262.5791402867,700569.476841053,700578.029545707,2451858.1583916475,3512563.256692214,1488294.4347008755,1490312.6543975668,1489501.6792072335,1479208.945453432,736872.4781754536,1475893.3988263628
1072224.888888889,1415071.4444444445,700744.4444444445,1401452.1111111112,2452791.666666667,4917401.777777778,1406863.0046326935,1408785.1312596514,355015.5526141628,1399638.0983895874,696552.5038605779,696592.4332671519
13266.555555555557,1415071.4444444445,1051271.4444444445,701197.4444444445,1401735.1111111112,1415602.2222222222,1407343.0431424472,355887.67516274966,355133.0685203575,697090.146750524,696452.1681562397,696469.1603221891
13319.333333333334,354306.1111111111,350607.88888888893,700760.888888889,1401628.1111111112,1408975.888888889,353071.1370905481,355745.0093746553,354270.6518142715,696831.3664938789,696187.3828168082,696161.9058122863
12393.666666666668,353573.6666666667,350666.4444444445,700848.5555555556,1401628.3333333335,1405413.6666666667,353138.7602029561,355063.97529230086,354309.72865651886,696908.2285462166,696264.1738363114,696275.9761747187
11456.444444444445,353617.22222222225,350657.22222222225,700798.888888889,1402305.6666666667,1405413.6666666667,353129.60511802335,206984.00617692477,354324.0679461725,696929.0756673284,696272.9980145599,696275.9761747187
372204.1111111111,353582.22222222225,1751414.6666666667,700803.3333333334,1402305.6666666667,2807030.555555556,296342.92962717847,565219.1705272446,354324.0679461725,1507.8314581954555,1412060.3353187733,1654055.0408118244
371475.7777777778,353582.22222222225,1751381.5555555557,2102309.666666667,1402396.1111111112,2828749.666666667,1747970.1113929634,1748137.7522885187,1747949.045990956,1400362.9645968897,1411173.486268887,1410870.9606264473
1767458.4444444445,2114470.5555555555,1752285.777777778,2102309.666666667,1402161.777777778,2840702.777777778,1758297.0645428572,1758521.280057143,1758436.9634857143,1757233.7882,1419827.1597714287,1769079.7117714286
1763585.4173613428,2115366.12204068,2103391.4638212738,2453589.529843281,1402874.4025786375,2841649.994442592,1736618.343975,1736839.79505,1736756.51805,1735568.177175,1402321.5648,1747345.6269
1762997.5555555557,1761160.4444444445,2102819.3333333335,1752131.1111111112,1402290.5555555557,1438231.1111111112,1761144.6666666667,1761432.5555555557,1761132.6666666667,1759919.777777778,1780104.2222222222,1771884.777777778
1761267.5555555557,1761174.888888889,1752329.888888889,1752209.777777778,1693.7777777777778,1455150.6666666667,1761159.1111111112,1761461.4444444445,1761132.6666666667,1759943.6666666667,1780083.2222222222,1771849.3333333335
1761229.2222222222,1761160.4444444445,1759760.4444444445,1752175.2222222222,1693.7777777777778,1454734.5555555557,1761354.8172019112,1761642.738082009,1761313.9237693076,1760073.5637293032,1780238.2486942993,1779460.8289809977
1761229.2222222222,1761198.5555555557,1759685.3333333335,1759949.6666666667,10288,1454412.2222222222,2129518.8354261583,1761628.2920324479,1761313.9237693076,2118562.3958217576,1788042.3380375595,2130466.9407711965
2129376.2222222225,2129322.4444444445,2110723,2110530.2222222225,9610.666666666668,1459301.2222222222,2129320.3333333335,2129658.4444444445,2129313.4444444445,2118272.888888889,2138430.777777778,2130230.2222222225
1768666.888888889,2129346.3333333335,709965.5555555556,2110509.2222222225,9610.666666666668,58139.333333333336,2129282.2222222225,1768796.2222222222,2129313.4444444445,2118331.4444444445,716878.6666666667,1165469.4444444445
1768681.3333333335,2129346.3333333335,710033.3333333334,709057,9935.444444444445,36403.66666666667,368431,368612.55555555556,368481.55555555556,709097.888888889,716920.6666666667,709074.3333333334
368478.3333333334,368486.88888888893,709181.1111111111,709130,9935.444444444445,24476.333333333336,368467.22222222225,368556.88888888893,368329.4444444445,358629.88888888893,716671.1111111111,358634.55555555556
368286.4444444445,368320.1111111111,358754.55555555556,358705.55555555556,10544.222222222223,24476.333333333336,368481.6666666667,368571.3333333334,368329.4444444445,358650.88888888893,716692.1111111111,358614.4444444445
368315.3333333334,368320.1111111111,358667.55555555556,358705.55555555556,11340.555555555557,24211.444444444445,368300.6666666667,368327,368329.4444444445,358674.55555555556,358568.3333333334,358571
368326.6666666667,368334.55555555556,358630,358668.88888888893,11224.333333333334,7429.555555555556,382569.92955,382597.285275,382629.835125,372553.463475,372467.93355,372492.519075
