dockerfiles-laptop-clientapp-0-1,dockerfiles-laptop-supernode-0-1,dockerfiles-serverapp-1,dockerfiles-superlink-1,dockerfiles-desktop-clientapp-0-1,dockerfiles-desktop-clientapp-1-1,dockerfiles-desktop-supernode-0-1,dockerfiles-desktop-supernode-1-1
0,0,0.0011900382000000413,0.002476663800000022,0.0012898992800000095,0,0.001221266800000005,0
0.0015654337999999992,0.0023561426000000296,0.0008580691000000297,0.0038989055000000104,0.0016533456000000016,0.001370788480000005,0.0016736612800000187,0.0013512798400000024
0.0024051886666666667,0.0034867422000000293,0.0047856577333333485,0.003396103666666676,0.0014573304000000014,0.0012082723200000044,0.0014752375200000167,0.0019289894400000018
0.0032519159999999953,0.003228631650000027,0.004431393300000014,0.003701817000000007,0.002395753799999998,0.002070335520000001,0.002454641200000005,0.002639673960000002
0.003095932799999996,0.003992400720000009,0.005403104080000003,0.00615366740000002,0.0028083649440000026,0.0019807724160000014,0.0031876064640000033,0.0025254811680000024
0.004267514300000006,0.004763387866666688,0.0418522373666667,0.006526722500000001,0.002723709120000002,0.0029971420799999975,0.003091518720000003,0.003142028160000004
0.005174726657142853,0.004645132457142877,0.18041151060000002,0.006364690714285715,0.003342274834285712,0.00366042629714286,0.0038603519771428633,0.0036802810971428585
0.005075923324999996,0.005774741225000001,0.17696683427499998,0.006492198900000002,0.003987381300000001,0.0035980942600000025,0.004700224500000006,0.003617610960000001
0.00562555555555555,0.005542111111111112,0.2561235555555556,0.007195555555555573,0.0038931666666666685,0.004239511111111111,0.005048877777777778,0.004376399999999999
0.006570222222222219,0.006509111111111126,0.44574166666666676,0.005979000000000006,0.004071388888888887,0.004959066666666671,0.004403933333333331,0.004376399999999999
0.005503777777777774,0.006287777777777769,0.4602604444444444,0.005570000000000001,0.004211933333333334,0.00397768888888889,0.0045282666666666685,0.004146255555555554
0.005772111111111114,0.005165888888888878,0.45710211111111104,0.006208777777777779,0.004211933333333334,0.0047389666666666636,0.005104722222222213,0.00413452222222222
0.00603588888888889,0.006049666666666657,0.4658880000000001,0.005738222222222225,0.004241955555555561,0.003917544444444444,0.004165488888888888,0.0034027111111111074
0.00603588888888889,0.014268333333333329,0.46598977777777784,0.023810444444444443,0.023129022222222222,0.007732355555555552,0.018061344444444447,0.017477180448888883
0.030052222222222223,0.021172888888888883,0.43332811111111114,0.04324288888888889,0.023129022222222222,0.05388871111111111,0.018560100000000006,0.018334536004444443
0.1713124444444445,0.021172888888888883,0.3019114444444445,0.04324288888888889,0.14983735555555555,0.16751407777777777,0.017756344444444447,0.01820711378222222
0.37204700000000007,0.020853333333333342,0.30299122222222225,0.043655,0.14915192222222223,0.16751407777777777,0.0175408,0.018646558226666665
0.37129288888888895,0.020853333333333342,0.21670555555555554,0.04295422222222222,0.2698502888888889,0.25891006666666666,0.017692666666666673,0.01780229156
0.4057412222222223,0.02101788888888888,0.02826933333333326,0.04295422222222222,0.5602597777777778,0.25819051111111113,0.018162033333333334,0.01832904711555556
0.4170683333333334,0.020298888888888894,0.013750555555555563,0.04248511111111111,0.5596167555555556,0.6009952111111111,0.01748443333333332,0.01854488044888889
0.4159853333333334,0.020298888888888894,0.015158333333333336,0.04222466666666668,0.6559718444444445,0.6515365111111111,0.017651,0.017957269337777783
1.6182010000000002,0.020627555555555562,0.006372444444444428,0.04222466666666668,0.6550393222222223,0.6515365111111111,0.017651,0.01853494711555556
2.513444888888889,0.012736555555555567,0.0074554444444444225,0.02250166666666667,0.6464983777777779,0.6591108444444445,0.0036497888888888893,0.005140544444444451
2.4882575555555557,0.005001111111111111,0.007854777777777718,0.0032465555555555676,1.257933388888889,0.9288534,0.0045551111111111035,0.0036331555555555576
3.777801333333333,0.006363999999999988,0.007854777777777718,0.0032465555555555676,2.2654097222222225,0.8145275888888889,0.0045551111111111035,0.005213011111111112
4.570066444444445,0.006366444444444453,0.008982777777777784,0.0031395555555555625,3.3715198,2.5952453222222225,0.006997777777777773,0.0076007333333333385
4.570066444444445,0.006366444444444453,0.010424444444444446,0.0032843333333333214,3.2508214333333334,3.7734106555733335,0.008751566666666662,0.0076007333333333385
6.000651666666667,0.006630444444444446,0.008658000000000006,0.0038083333333333398,4.49000736384,5.382697480728889,0.0082822,0.010577407546666667
7.29072,0.006783777777777771,0.010759333333333369,0.003246888888888898,4.49000736384,5.059183535048889,0.011126688888888894,0.012621623902222219
8.112028555555556,0.006783777777777771,0.010866222222222296,0.0032763333333333134,6.330996089177778,6.350132349795556,0.013189200000000003,0.012621623902222219
6.908683555555556,0.007070222222222213,0.010866222222222296,0.0037154444444444444,6.330996089177778,8.105420680875556,0.013189200000000003,0.01595021326222222
7.375454111111112,0.007216666666666674,0.010993222222222186,0.0030334444444444467,8.158712634813334,8.101721201951111,0.01661253333333333,0.01791418131555556
8.385035,0.007216666666666674,0.009627888888888868,0.002863222222222215,9.177767087084446,9.552901871853333,0.015208455555555556,0.02068970551111111
6.953277222222223,0.0072707777777778,0.011261555555555624,0.002863222222222215,9.190019866666667,10.640085871542222,0.018535633333333343,0.018673244444444445
7.321653888888888,0.0064186666666666715,0.011238555555555568,0.0033054444444444477,8.083909788888889,10.27177648888889,0.017289944444444448,0.019427222222222217
8.342992666666666,0.007913888888888875,0.009796888888888905,0.003686111111111131,10.175541057537778,8.996292855555556,0.017097988888888895,0.019427222222222217
6.877014444444444,0.007530111111111114,0.011331666666666667,0.00413533333333333,8.635246290871113,9.194174944444445,0.017097988888888895,0.019925133333333334
7.000097000000002,0.006712000000000003,0.01104066666666665,0.00413533333333333,10.136582070111112,9.194174944444445,0.017580533333333332,0.01692487777777778
6.178788444444446,0.008311999999999998,0.00952599999999995,0.004442222222222236,9.324477566666667,9.6752018,0.017654144444444436,0.020361188888888892
7.719672333333334,0.007613222222222223,0.0116086666666666,0.004003111111111106,11.115703400000001,9.48707358888889,0.017654144444444436,0.016451311111111113
7.5238152222222245,0.006324111111111099,0.009246222222222242,0.004702555555555543,9.252067955555557,10.640794150093335,0.016288888888888887,0.01815508888888889
7.476076111111113,0.00782699999999998,0.01126066666666671,0.004556111111111107,9.270619675751112,8.905037866666667,0.016288888888888887,0.01959455555555556
7.476076111111113,0.007347777777777756,0.010962444444444448,0.005392222222222218,9.829479666666668,9.420345644444446,0.015898122222222217,0.01959455555555556
7.4919790000000015,0.007347777777777756,0.008777666666666722,0.004405888888888882,9.829479666666668,9.646930877777779,0.016555833333333332,0.019334644444444448
7.358989225813617,0.007534932800177735,0.01072964567366437,0.004098855936909918,9.695818466666667,9.646930877777779,0.016605344444444448,0.02157685555555556
7.361442222222222,0.007687777777777788,0.011179000000000076,0.0037668888888888756,9.695818466666667,9.568499022222223,0.016605344444444448,0.017573055555555554
7.016085831667778,0.007682656007106383,0.009362425049966752,0.004225405285365315,9.722498622222222,10.943414555555556,0.016880311111111112,0.02031343333333334
7.0207632222222225,0.007492444444444462,0.010899444444444425,0.00351355555555556,10.188694744444446,9.105116855555556,0.015822677777777783,0.018721244444444445
7.080657333333332,0.00669233333333335,0.008816777777777772,0.004359555555555561,8.397468911111112,9.57699387777778,0.015822677777777783,0.021791011111111112
7.075008333333333,0.008349888888888905,0.010776111111111123,0.004073222222222222,10.162911322222223,8.423146633333333,0.016262888888888896,0.017440333333333335
6.113166555555555,0.008034333333333353,0.00989477777777776,0.003680333333333335,9.92150938888889,9.860162133333334,0.019284555555555558,0.016924466666666665
7.424062444444446,0.00847555555555557,0.010540777777777758,0.003908222222222227,8.223158744444445,9.758211322222223,0.016348144444444438,0.016924466666666665
7.0576946666666664,0.00847555555555557,0.010540777777777758,0.003908222222222227,9.866226944444445,9.296374555555557,0.016659133333333336,0.016433777777777787
6.1689489829943325,0.008417139046348776,0.010995554073580056,0.00397132377459151,7.906040955555556,9.296374555555557,0.016550355555555556,0.016808133333333336
7.56063888888889,0.007252222222222216,0.009011333333333286,0.003330111111111108,9.974171966666669,9.19778808888889,0.018975866666666667,0.016808133333333336
8.062330664887705,0.008951412052479426,0.01047142539470755,0.003705470313542349,10.375028400000001,9.484634755555556,0.015373866666666671,0.017642177777777778
8.05695577777778,0.007540777777777767,0.01038900000000008,0.0037029999999999876,8.781250455555556,10.652113911111112,0.017140133333333342,0.015798055555555558
7.824277444444445,0.009031333333333318,0.01038900000000008,0.003969888888888878,9.875660022222222,8.5882096,0.019717033333333335,0.017896188888888893
6.66376911111111,0.008527777777777764,0.009877888888888879,0.0035567777777777794,9.184088455555557,10.093467144444444,0.016560344444444437,0.021628122222222226
7.944680222222225,0.008616666666666668,0.009999333333333324,0.004595888888888893,9.501819255555555,8.656451644444443,0.01609506666666668,0.017921366666666674
6.633784333333334,0.0072376666666666735,0.00937999999999997,0.003995444444444453,10.713574066666668,9.1694029,0.01921835555555556,0.0202262
7.21865177777778,0.00878633333333334,0.00937999999999997,0.004422333333333331,9.070505866666668,9.445043855555557,0.01638401111111111,0.01953338888888888
7.21865177777778,0.008465111111111121,0.008932000000000015,0.0038766666666666767,10.780765144444445,9.445043855555557,0.016635588888888896,0.021632722222222227
7.410844888888894,0.008465111111111121,0.011025333333333345,0.004640111111111129,8.712634133333333,9.466915355555557,0.016428599999999998,0.021632722222222227
5.830729000000001,0.008293222222222212,0.010973999999999942,0.004466333333333338,8.47955758888889,9.102039044444446,0.016428599999999998,0.023523444444444444
7.270201888888885,0.008293222222222212,0.009518666666666576,0.004466333333333338,10.214720188888888,7.93455988888889,0.015758633333333338,0.026078355555555554
6.833668222222223,0.007821222222222233,0.011807555555555559,0.004245555555555564,9.120310622222222,9.81724168888889,0.015639755555555565,0.02091045555555555
7.712662444444448,0.007750222222222227,0.011582777777777845,0.004245555555555564,10.119066055555555,8.311984144444445,0.015639755555555565,0.020649588888888883
7.4952232222222195,0.007705111111111102,0.010328222222222294,0.0038249999999999925,8.431599611111112,10.285141522222224,0.015944033333333336,0.023313044444444448
7.4952232222222195,0.007705111111111102,0.011237111111111118,0.0033614444444444295,9.322250055555555,9.423025611111113,0.012820744444444455,0.02100821111111112
7.473575111111113,0.0075337777777777755,0.011237111111111118,0.003845111111111102,10.773820866666668,7.989804288888889,0.016958222222222225,0.02184698888888889
8.482224777777775,0.00623133333333333,0.011598666666666684,0.004990555555555561,9.06356158888889,9.9121223,0.017045877777777777,0.01972388888888889
6.89628544444444,0.008047666666666651,0.010783333333333367,0.004227111111111108,10.921840188888892,9.867982577777777,0.01482735555555556,0.021777188888888882
7.9008418888888885,0.007794666666666667,0.010925777777777788,0.004257888888888894,9.220043544444446,8.571096688888888,0.01824168888888889,0.01631204444444444
7.666129222222222,0.008764222222222224,0.010925777777777788,0.004726000000000008,9.601581522222224,10.496702322222221,0.018585222222222218,0.01733213333333333
6.734563222222222,0.008821555555555553,0.010569555555555513,0.00383388888888889,9.601581522222224,9.872578055555556,0.016127199999999998,0.0200314
7.06650488888889,0.0077385555555555575,0.010596000000000001,0.004475555555555542,9.469360955555556,9.872578055555556,0.01830615555555555,0.016560333333333337
6.003033000000004,0.007751555555555549,0.010596000000000001,0.004858666666666666,9.469360955555556,9.933338922222225,0.019179333333333323,0.01665361111111111
7.587229333333338,0.00880911111111112,0.010101555555555525,0.004858666666666666,9.421322088888891,8.775726522222223,0.019179333333333323,0.022384899999999996
6.93010433333333,0.00861433333333333,0.011896888888888846,0.005253555555555561,9.229085966666668,10.658778422222221,0.0189935,0.01940838888888889
7.059231444444449,0.00861433333333333,0.009576666666666593,0.004108111111111103,10.531683633333335,10.290280611111113,0.016540122222222217,0.020132944444444443
7.059231444444449,0.008363444444444455,0.010585777777777732,0.004867111111111107,8.673405033333333,8.654953511111113,0.018995977777777766,0.020339988888888893
7.597774222222219,0.007095111111111127,0.009041555555555587,0.004175888888888881,9.887163866666667,10.627410111111113,0.01558164444444444,0.020339988888888893
7.383697777777779,0.007643333333333348,0.011207888888888956,0.0043756666666666545,9.5991914,8.701804477777777,0.015788111111111107,0.020159011111111125
8.294659111111116,0.007476555555555549,0.00927522222222225,0.004960000000000002,9.5991914,8.967034033333336,0.0180059,0.017459744444444453
7.083723222222224,0.007476555555555549,0.01049877777777771,0.004724666666666686,9.359733833333333,10.391391044444447,0.017820388888888893,0.021436777777777784
8.205958444444441,0.00755211111111113,0.01049877777777771,0.00442622222222222,9.359733833333333,8.3574728,0.014086544444444448,0.020936122222222218
7.4355081111111065,0.007604111111111096,0.011301333333333337,0.00442622222222222,8.970581877777779,10.190467544444445,0.01781866666666667,0.015204833333333334
6.518502333333332,0.006421555555555545,0.010726333333333393,0.0040226666666666805,9.341651300000002,9.454852000000004,0.013867022222222221,0.018980044444444448
6.936066222222224,0.00823244444444445,0.012664888888888923,0.0040226666666666805,8.039053633333335,9.408335988888888,0.01683154444444444,0.017817800000000005
8.089141111111108,0.007717444444444431,0.01037777777777777,0.0042804444444444695,9.964646477777777,9.408335988888888,0.017677533333333335,0.015557455555555566
6.546041888888889,0.007717444444444431,0.012835444444444438,0.0042804444444444695,8.750887644444443,9.073608866666667,0.017677533333333335,0.01927382222222223
7.15975011111111,0.0074530000000000065,0.010669111111111068,0.004360222222222247,8.5459508,10.189065544444446,0.017595788888888894,0.015879799999999996
7.1613487777777705,0.0065438888888889055,0.012801333333333295,0.004992222222222213,10.161274955555555,9.954852977777778,0.015378000000000001,0.01939456666666666
7.1613487777777705,0.00815433333333335,0.010327888888888914,0.004585888888888877,9.579197366666667,8.530495966666665,0.01700146666666667,0.01767048888888889
7.094645888888895,0.00825622222222222,0.012852333333333318,0.004642444444444468,9.579197366666667,10.53229558888889,0.01891794444444445,0.015414411111111111
7.682221888888895,0.007146666666666684,0.010273222222222206,0.005212333333333326,9.471750466666666,8.699300844444444,0.019011155555555558,0.01916337777777778
8.529739555555562,0.008954000000000005,0.011047222222222234,0.005042777777777779,7.841346355555555,9.296402366666666,0.019011155555555558,0.0195393
6.974398888888889,0.008510777777777782,0.010776666666666657,0.005042777777777779,9.870242788888888,9.711375277777776,0.018154766666666666,0.017384188888888884
7.240097888888891,0.0074603333333333535,0.01257266666666664,0.005241333333333308,9.668482277777779,9.711375277777776,0.01819476666666667,0.020377733333333328
7.240097888888891,0.008951444444444463,0.010114999999999973,0.005241333333333308,9.668482277777779,9.336453411111112,0.020800844444444445,0.019712555555555556
7.065472111111111,0.0076981111111111096,0.011725666666666672,0.005077111111111076,9.624465766666667,9.690762933333334,0.017414777777777776,0.021299900000000007
7.253165333333338,0.00923644444444443,0.01162033333333332,0.004443888888888864,8.00914161111111,8.401188411111113,0.021978622222222226,0.01778513333333334
7.253165333333338,0.009043777777777774,0.01162033333333332,0.004443888888888864,9.008245301044216,10.331260019995558,0.02040165518773606,0.01855986447456121
7.245394333333328,0.007622222222222222,0.010972444444444465,0.004488555555555557,10.213793811111113,9.556203633333334,0.01848971111111111,0.020519100000000002
6.760771000000003,0.009453333333333314,0.012568888888888926,0.0039186666666667005,10.003863655555557,10.93973888888889,0.016783622222222228,0.016770133333333333
7.148224111111113,0.007645999999999993,0.01057455555555552,0.003892888888888872,10.003863655555557,9.195201011111113,0.019283777777777775,0.015944599999999993
7.148224111111113,0.007493666666666658,0.01153355555555555,0.004766444444444456,9.754167166666667,8.918413566666668,0.019691266666666676,0.015944599999999993
6.974684555555554,0.008881555555555526,0.009737555555555569,0.0035511111111111346,9.81414786666667,10.202968888888893,0.016349422222222226,0.016735011111111114
8.063318777777782,0.007390444444444416,0.011640333333333351,0.004229888888888904,9.81414786666667,8.94016127777778,0.018016477777777783,0.017996444444444443
7.47029822222223,0.009226000000000007,0.012007666666666713,0.0042975555555555545,9.499140600000002,9.358165633333334,0.018016477777777783,0.016409099999999996
6.370045000000005,0.0076876666666666855,0.009980777777777838,0.0037144444444444525,11.382000133333337,10.846008322222223,0.016587022222222216,0.020046744444444445
7.987837999999998,0.007971222222222204,0.011729222222222231,0.004591888888888927,9.264082740609023,8.915622127139363,0.014545776839297616,0.01701871527006002
6.940076666666667,0.00922199999999999,0.011021555555555632,0.0037874444444444422,9.98937237777778,9.363299577777777,0.01915551111111111,0.018525755555555554
7.265647999999993,0.008636222222222219,0.009425111111111169,0.005041888888888865,8.641535000000003,9.444351555555555,0.020884922222222217,0.018525755555555554
6.863054999999994,0.008636222222222219,0.011683444444444469,0.004335333333333333,10.668431566666667,10.7257513,0.01838476666666667,0.01831052222222223
6.863054999999994,0.009111777777777757,0.010549333333333325,0.004128888888888849,10.236281622222222,9.080261644444446,0.01916407777777777,0.01831052222222223
7.09072666666667,0.007723888888888889,0.010549333333333325,0.0051328888888888535,8.45246858888889,9.790789177777778,0.01916407777777777,0.018159
7.357599777777776,0.009423222222222262,0.010783333333333367,0.004454111111111085,9.935027355555556,11.037299222222224,0.01712393333333334,0.017188266666666674
6.52085411111111,0.00864588888888888,0.010590111111111078,0.004685444444444483,10.289715433333333,9.149528666666669,0.018823222222222227,0.01901581111111112
7.377106222222223,0.00864588888888888,0.010590111111111078,0.005288444444444442,8.4068559,8.994718700000002,0.01826281111111112,0.017522844444444442
7.251458444444451,0.008721222222222233,0.01012355555555554,0.004739222222222228,9.526164,10.509366666666669,0.021060122222222234,0.017522844444444442
8.19264411111111,0.007470444444444447,0.010194888888888878,0.004739222222222228,9.0897694,8.835260566666669,0.016447155555555565,0.017401633333333343
6.95037411111111,0.007904111111111138,0.011649666666666609,0.004412000000000009,9.0897694,8.771682855555559,0.014747222222222224,0.017401633333333343
7.459938333333336,0.007904111111111138,0.009391333333333307,0.004412000000000009,9.074617444444446,9.312702977777777,0.01803400000000001,0.01703034444444445
7.459938333333336,0.007372777777777797,0.009702111111111104,0.004428666666666686,9.193881833333334,10.471733788888889,0.014739066666666675,0.020636944444444444
7.364520444444439,0.00870788888888891,0.011174222222222223,0.004223222222222243,10.415207311111113,8.476650933333334,0.01796717777777779,0.01700451111111111
6.8384105555555585,0.007744444444444406,0.011070888888888852,0.004223222222222243,8.932648544444445,9.222899911111112,0.018391433333333342,0.017949933333333327
6.8384105555555585,0.0066862222222221985,0.009286111111111082,0.003954111111111066,9.1594938,9.222899911111112,0.016692144444444456,0.02021673333333332
7.520824444444442,0.00787966666666668,0.010943777777777738,0.003908000000000023,9.1594938,9.700313966666666,0.016726333333333333,0.018072055555555546
7.082215222222216,0.006103000000000019,0.010962333333333322,0.004133888888888857,9.854941944444445,8.185666,0.016738888888888893,0.02057835555555555
6.141029555555558,0.007566999999999978,0.011178111111111062,0.004133888888888857,8.360441544444445,9.936713288888889,0.016738888888888893,0.01918941111111111
7.299861000000003,0.005887999999999968,0.01104555555555553,0.003951333333333344,10.353727233333332,10.081126422222221,0.01773276666666667,0.02236657777777778
7.2570063333333295,0.007281777777777758,0.01104555555555553,0.003951333333333344,9.392795033333334,8.258706555555555,0.01444598888888889,0.019627500000000003
7.2570063333333295,0.007341333333333348,0.01120388888888889,0.0037656666666666797,9.45992621111111,9.165286066666669,0.017811833333333336,0.021006811111111114
7.104060222222226,0.0069653333333333425,0.009731777777777771,0.003653000000000005,9.52455788888889,9.165286066666669,0.01876818888888889,0.025025722222222227
7.703995999999999,0.0072251111111111144,0.00938311111111112,0.004607777777777766,9.52455788888889,8.777410877777779,0.01856017777777778,0.020738411111111115
8.515669111111102,0.0072251111111111144,0.00938311111111112,0.003994444444444461,9.150189777777777,10.174104533333333,0.021396066666666668,0.02056812222222224
6.977003111111104,0.006973999999999987,0.01005522222222223,0.004691111111111103,10.289830522222223,8.363657755555556,0.018787900000000014,0.023960333333333347
6.98422355555556,0.008438999999999986,0.00875477777777779,0.0046685555555555525,10.1209113,10.217684622222222,0.018764366666666657,0.021454033333333344
7.8058298888888915,0.006975000000000028,0.009496555555555534,0.0046685555555555525,10.1209113,10.041410322222223,0.0210266,0.021862288888888883
7.539995222222224,0.008303777777777811,0.010106777777777786,0.004707999999999984,9.422743655555559,8.49598766666667,0.02037536666666667,0.02208505555555555
6.240907888888892,0.006910000000000021,0.010106777777777786,0.004707999999999984,10.312382344444444,10.216189444444447,0.02037536666666667,0.02208505555555555
7.854757666666666,0.007402222222222212,0.009626111111111139,0.004908888888888877,8.778936777777778,9.725007255555557,0.020222911111111117,0.021113955555555564
7.505208333333334,0.007550222222222224,0.009626111111111139,0.004859666666666633,9.400672466666668,9.725007255555557,0.016038444444444445,0.01709504444444445
6.970969888888881,0.007875999999999994,0.010256222222222198,0.003904888888888872,9.400672466666668,9.652518611111107,0.016779233333333327,0.020179833333333327
6.1592967777777785,0.00885566666666667,0.011312444444444422,0.004356222222222231,9.683840888888891,9.664892088888891,0.01394334444444444,0.020103677777777773
7.6239233333333365,0.007913333333333316,0.010252888888888893,0.0037897777777778055,9.902929133333334,9.664892088888891,0.01761895555555554,0.016711466666666664
7.767100666666668,0.007812555555555564,0.01169644444444451,0.0032582222222222613,9.466899766666668,9.642673477777779,0.014832622222222223,0.018838266666666662
6.945494333333336,0.009082222222222214,0.009498666666666742,0.0038675555555555503,9.466899766666668,9.31946837777778,0.015222922222222221,0.016474233333333338
7.157329888888891,0.007753444444444431,0.009629222222222289,0.0036748888888888946,9.5589553,10.463091733333336,0.015760666666666662,0.017180777777777788
8.063721555555555,0.009039777777777758,0.011649777777777834,0.0036748888888888946,7.618504200000001,8.742889955555558,0.015760666666666662,0.017180777777777788
6.449871777777781,0.007328444444444434,0.010168444444444487,0.003531000000000025,9.643541288888892,8.81618901111111,0.015616022222222211,0.01724878888888889
7.143240444444448,0.007902777777777766,0.01168766666666669,0.0028943333333333815,8.845146866666669,10.235735955555553,0.018364766666666657,0.021153277777777774
6.248145666666675,0.007741777777777811,0.010865666666666662,0.0035901111111111585,10.595178422222224,9.788334288888894,0.015174744444444438,0.018068488888888897
7.7850310000000045,0.006762111111111136,0.00980944444444444,0.0036141111111111083,8.840077288888889,9.678647600000003,0.01805523333333333,0.017271233333333337
7.304275777777776,0.008032222222222244,0.010955555555555583,0.004100222222222221,9.408876455555557,9.678647600000003,0.016521333333333343,0.02020823333333333
6.948196666666668,0.007912333333333325,0.009511999999999965,0.004100222222222221,8.199068800000001,9.56190561111111,0.019373444444444457,0.01808143333333333
6.948196666666668,0.0066426666666666735,0.011376222222222232,0.004583777777777817,9.648551955555556,9.616388455555555,0.016720911111111115,0.02087511111111111
7.07115744444444,0.007849222222222224,0.009313222222222233,0.00458088888888887,8.261378377777778,8.472765099999998,0.016957677777777784,0.02074529999999999
7.491301888888883,0.008084666666666667,0.009815888888888897,0.00458088888888887,10.296406944444447,10.100746644444442,0.019131177777777796,0.02074529999999999
8.453962444444441,0.008084666666666667,0.011609111111111108,0.004956666666666622,9.548422144444444,10.072847911111115,0.016062433333333348,0.01932236666666667
6.885601111111101,0.008046888888888888,0.010089888888888905,0.004956666666666622,9.702096888888889,8.653300966666672,0.016702,0.01837297777777779
8.264249888888875,0.00688644444444443,0.010954555555555641,0.005374666666666627,7.9520653333333335,8.9451738,0.019305944444444452,0.02119227777777777
6.727364555555546,0.008676222222222208,0.010954555555555641,0.005405000000000006,9.600899233333333,9.1014557,0.018721055555555567,0.018141633333333324
7.295217777777781,0.007406111111111101,0.010457555555555548,0.0042317777777777605,9.088140722222223,9.1014557,0.01657934444444445,0.01787330000000001
6.447363111111107,0.007749777777777795,0.011592222222222226,0.004907444444444428,10.247037422222222,9.231146188888891,0.016056311111111117,0.02111075555555556
7.959157222222214,0.008971222222222242,0.009727999999999959,0.00415211111111111,9.894393922222227,9.816538944444448,0.019584488888888897,0.018317077777777777
7.66231500000001,0.008495111111111096,0.011903333333333304,0.004101444444444467,9.894393922222227,9.816538944444448,0.01631861111111112,0.01840526666666668
7.29218655555557,0.006973333333333325,0.009380111111111096,0.004515666666666709,9.923634155555552,10.020292311111113,0.016401599999999995,0.01840526666666668
6.329526000000013,0.008667888888888895,0.0095485555555555,0.0035847777777778195,10.067638677777778,8.400463855555556,0.019700822222222223,0.01962001111111111
7.508627555555576,0.008065333333333344,0.010877555555555536,0.00393844444444448,8.804665511111113,10.281389888888889,0.016312511111111122,0.019186644444444442
7.137357333333335,0.008065333333333344,0.009843888888888862,0.0034830000000000264,10.78494508888889,10.047368177777782,0.015782177777777785,0.01979793333333335
7.137357333333335,0.007683111111111135,0.009843888888888862,0.0029773333333333383,9.13611118888889,9.83304012222222,0.015077299999999998,0.01979793333333335
7.119897999999997,0.007683111111111135,0.009614222222222265,0.0036686666666666413,9.175497266666667,9.83304012222222,0.018924722222222218,0.02024798888888888
7.119897999999997,0.007549777777777767,0.010129666666666618,0.0033245555555555407,9.966990922222225,9.998878766666667,0.01659564444444444,0.01701053333333333
7.093360333333345,0.007367222222222205,0.011492888888888924,0.0029869999999999745,8.870151266666667,8.107435277777777,0.016839822222222214,0.020569811111111114
7.049791333333335,0.0066367777777778005,0.009317555555555579,0.0032664444444444485,10.855998822745446,9.659372501110617,0.016832341181697012,0.01884002665482008
7.290584888888892,0.007534222222222257,0.011550444444444433,0.002852222222222207,8.796554911111114,9.01688008888889,0.018347222222222227,0.0188484
7.290584888888892,0.006869000000000015,0.0109775555555556,0.0038270000000000005,9.314684033333334,10.784419288888888,0.01729657777777777,0.019775877777777787
7.363560555555549,0.005827888888888892,0.011289111111111083,0.00438411111111112,9.314684033333334,8.903493255555555,0.020844322222222208,0.017254144444444452
7.357837666666684,0.00761311111111112,0.009965222222222181,0.003725777777777791,9.252561077777777,8.959376522222223,0.0187707111111111,0.018111833333333327
7.357837666666684,0.007681111111111102,0.011432666666666673,0.004627888888888876,10.419076966666669,9.756925311111114,0.019373677777777775,0.021063088888888887
7.04433277777778,0.007681111111111102,0.011324000000000015,0.004494111111111149,10.405428877777778,9.756925311111114,0.017800499999999997,0.017944366666666677
8.057289888888894,0.007166111111111108,0.011296333333333427,0.004162555555555583,8.455038522222221,9.199855322222223,0.01961725555555555,0.020959922222222226
7.506761555555563,0.007151000000000006,0.009933111111111122,0.00470955555555556,9.981810411111109,10.355351466666665,0.0158449,0.01980995555555554
7.752460000000005,0.007923999999999994,0.011473444444444425,0.004588111111111114,7.994691162738994,8.803033648288125,0.019489184081814145,0.017474277456647373
6.555258777777782,0.008404888888888894,0.010844000000000027,0.004588111111111114,9.858371744444444,9.560295833333331,0.018281044444444436,0.0203714
7.658375222222226,0.00848511111111108,0.009455222222222245,0.00422155555555554,9.476951311111112,9.183777811111113,0.01603246666666666,0.015569288888888887
7.463933222222219,0.00848511111111108,0.009617444444444444,0.0037758888888888504,9.476951311111112,10.256504344444448,0.015271266666666674,0.018835288888888874
7.417218555555539,0.00815544444444442,0.01171688888888895,0.0037758888888888504,9.095093344444447,9.05777643333333,0.015271266666666674,0.018317522222222233
7.417218555555539,0.007561888888888893,0.01024944444444446,0.003535999999999984,8.99761667777778,8.76960232222222,0.016532822222222222,0.01703393333333333
7.568319888888887,0.007561888888888893,0.00996599999999997,0.0036794444444444453,7.557109044444446,10.104402277777774,0.014258577777777781,0.019789499999999995
7.651293333333343,0.00795933333333333,0.008343555555555524,0.0036794444444444453,9.516509255555555,9.987955255555553,0.016140722222222233,0.01677394444444445
6.7165652222222185,0.008193555555555529,0.010760222222222185,0.003560777777777771,9.514825777777778,10.00538177777778,0.0190668888888889,0.017807177777777787
6.504367222222199,0.00843855555555558,0.010839111111111048,0.003801666666666679,11.0862558,10.00538177777778,0.015431266666666672,0.01969737777777779
7.358821222222206,0.007060222222222221,0.009235666666666593,0.003801666666666679,9.219022022222223,9.999144588888889,0.015246311111111115,0.016792488888888873
7.65422211111109,0.007485000000000013,0.011111333333333325,0.004251444444444462,8.96806393333333,8.608123411111109,0.017890433333333334,0.019285499999999987
7.554917333333329,0.007485000000000013,0.010686333333333329,0.004311000000000003,10.453298133333332,9.07367625555555,0.016992377777777783,0.018022088888888885
6.59997633333334,0.00781833333333336,0.009636222222222183,0.00532022222222222,8.916999477777773,10.409332844444444,0.016992377777777783,0.01682977777777776
8.081213333333356,0.006936333333333335,0.009636222222222183,0.0046580000000000015,9.906450299999998,10.28729386666667,0.01785519999999999,0.015162111111111098
6.709351666666685,0.008459777777777759,0.010240333333333358,0.004938111111111088,9.906450299999998,8.952493911111114,0.01785519999999999,0.01611964444444444
7.191679555555539,0.008521999999999993,0.010240333333333358,0.005551222222222189,9.822299833333334,9.403987788888895,0.01703392222222222,0.019077100000000007
7.191679555555539,0.00829011111111111,0.009998111111111128,0.005122888888888887,9.653262677777777,9.605963933333335,0.01410775555555555,0.01563455555555557
7.768133111111133,0.007272111111111072,0.008378888888888962,0.005085111111111109,8.081832655555555,10.674841200000001,0.018802866666666664,0.017146044444444463
7.749508000000005,0.008354777777777737,0.010521000000000077,0.005085111111111109,9.84457108888889,8.734954300000004,0.016423411111111116,0.019639700000000013
6.350990666666677,0.008182888888888901,0.010039666666666669,0.004629444444444402,10.342119288888894,10.513726522222225,0.017529488888888896,0.017146688888888897
6.827146888888896,0.008182888888888901,0.010537888888888958,0.004890888888888926,8.856885088888893,8.975447144444448,0.018921588888888896,0.018593077777777786
6.827146888888896,0.007609777777777765,0.009488555555555599,0.0038816666666667094,10.78784257777778,9.345453255555556,0.018921588888888896,0.01808441111111112
6.699389555555551,0.009193555555555517,0.010918777777777796,0.004479444444444456,8.729352533333333,9.39658065555556,0.01754884444444445,0.020022477777777794
7.740467666666645,0.007670111111111095,0.010993666666666594,0.0039880000000000046,10.245662444444447,9.39658065555556,0.01754884444444445,0.01902340000000001
6.162209222222222,0.007818777777777768,0.010993666666666594,0.0038360000000000247,9.918775733333334,9.561575622222222,0.017967788888888885,0.0188278888888889
7.674121777777778,0.007760888888888929,0.010196666666666607,0.0038360000000000247,8.562724477777781,8.186676811111113,0.017967788888888885,0.0188278888888889
7.066987333333323,0.007760888888888929,0.012376444444444426,0.003606555555555533,10.216845433333337,9.058124677777778,0.01676118888888889,0.0194613222222222
6.231158444444444,0.007996666666666702,0.010234333333333309,0.003606555555555533,9.602544722222227,9.058124677777778,0.020262922222222226,0.01696766666666665
7.739550333333328,0.006634222222222233,0.010774222222222168,0.0035578888888889225,7.798189111111116,9.230872600000003,0.016512722222222227,0.021009855555555564
7.486083666666674,0.008479000000000002,0.008898222222222153,0.0033204444444443976,9.845530044444443,10.7041505,0.0164506111111111,0.01756087777777779
8.351874222222225,0.008301999999999983,0.011190222222222188,0.004124777777777755,9.50667226666667,8.9984878,0.018929333333333333,0.01985123333333333
6.998394555555555,0.007924333333333373,0.009759999999999991,0.004288222222222249,9.50667226666667,9.09499113333333,0.015984011111111123,0.020277377777777772
7.157261555555579,0.007924333333333373,0.01017111111111113,0.004378999999999985,9.190430466666664,10.351207744444444,0.019713066666666668,0.020469422222222224
8.343853777777793,0.007970000000000008,0.011981444444444477,0.003917888888888863,9.173425555555557,9.52301198888889,0.016416499999999997,0.01770747777777777
6.831941222222238,0.007001777777777749,0.010604000000000034,0.004676222222222206,10.413945411111111,9.52301198888889,0.01923155555555556,0.020203733333333307
7.282434333333337,0.008860444444444424,0.010212888888888926,0.0040066666666666645,9.949305433333334,9.472891255555556,0.01825361111111111,0.018841477777777792
8.30034300000001,0.008906555555555567,0.010212888888888926,0.005056222222222228,8.800867711111108,9.472891255555556,0.01719634444444444,0.021246022222222227
7.713352555555553,0.008906555555555567,0.010181888888888935,0.005069777777777754,10.487616177777774,9.270337811111109,0.01719634444444444,0.017203833333333314
6.527980568509865,0.008494670219853406,0.011278258938485454,0.00451809904508107,8.440275244444447,8.919932133333331,0.016324955555555562,0.01982162222222221
7.136163111111096,0.008414333333333327,0.010942777777777796,0.00447544444444444,8.698590844444444,8.919932133333331,0.016410422222222214,0.01842434444444446
8.202642555555562,0.0072082222222221845,0.010942777777777796,0.004150555555555534,8.698590844444444,9.133190777777777,0.016410422222222214,0.016060133333333344
7.002697444444443,0.00879644444444441,0.010510888888888934,0.004246444444444455,9.524929611111116,8.968726933333333,0.01572947777777778,0.016595711111111106
6.650041111111099,0.008426333333333326,0.008700555555555588,0.004246444444444455,9.46827067777778,9.352730522222222,0.018086411111111124,0.016595711111111106
6.650041111111099,0.008426333333333326,0.010568000000000036,0.0039953333333333264,8.227750822222227,9.352730522222222,0.015271355555555562,0.01741780000000001
6.916551333333322,0.008282111111111127,0.010199999999999914,0.004628777777777791,9.07950205555556,9.420216377777779,0.01578471111111111,0.0175348888888889
7.0523724444444476,0.007926444444444434,0.011601888888888863,0.00404244444444446,10.768786066666669,10.683899611111109,0.01693560000000001,0.015130344444444466
6.13097100000002,0.007926444444444434,0.010673000000000007,0.003905111111111125,9.082037600000005,10.102251566666668,0.01693560000000001,0.018466488888888907
6.649202913053166,0.016612741827885292,0.009575494774294029,0.003907716255281313,11.092577588888894,8.97937934444445,0.017252522222222223,0.018048788888888903
5.176101000000017,0.029445222222222248,0.008814999999999944,0.01311066666666669,9.24216227777778,10.523304077777782,0.01703448888888889,0.01856692222222222
4.109621555555552,0.029445222222222248,0.008814999999999944,0.01327433333333334,10.563574055555558,10.306097833333338,0.01703448888888889,0.01856692222222222
4.111153777777772,0.029461888888888926,0.008706111111111033,0.017870888888888894,8.537167177777777,9.214345066666667,0.01687527777777778,0.017701077777777796
3.278047222222237,0.0291807777777778,0.02117277777777776,0.017870888888888894,9.193091844444442,9.766833088888887,0.017786555555555555,0.02144292222222224
3.278047222222237,0.03039366666666668,0.01930533333333331,0.018295777777777814,10.49984172222222,10.846856677777776,0.017786555555555555,0.018124577777777793
1.6720880000000056,0.028679222222222203,0.019957888888888893,0.01766233333333335,9.81314134444444,8.889166422222218,0.01787847777777778,0.018743377777777796
0.518358222222206,0.02904144444444443,0.018555999999999944,0.018917777777777763,8.123857333333332,9.70813744444445,0.01683703333333334,0.021362
0.5200994444444405,0.030606888888888902,0.01931133333333336,0.019030111111111105,9.837018533333334,9.694257966666667,0.019687977777777782,0.020562677777777774
0.008063888888879472,0.020493111111111125,0.021584555555555558,0.0201311111111111,8.933383755555553,9.694257966666667,0.017023966666666675,0.018362588888888885
0.007111888888882985,0.008346111111111092,0.020389666666666726,0.010166888888888862,8.933383755555553,9.730014233333334,0.01722564444444446,0.019314666666666667
0.008287222222204745,0.009797888888888898,0.022530666666666675,0.010464222222222208,9.470402366666669,9.08394846666667,0.020517788888888888,0.02152245555555557
0.008151222222219683,0.008192999999999994,0.020683777777777797,0.005933333333333322,11.378736733333334,9.08394846666667,0.019906255555555558,0.018946655555555553
0.007321888888883324,0.00888844444444444,0.010125444444444397,0.00668688888888891,9.248112877777778,8.542109866666673,0.016638044444444437,0.018400533333333313
0.008360222222209916,0.00913244444444445,0.010125444444444397,0.005754777777777775,9.670488688888888,8.598596266666672,0.02066586666666666,0.02142644444444442
0.008166444444441368,0.00913244444444445,0.010180777777777867,0.0066522222222221835,8.315956855555555,8.598596266666672,0.01995774444444445,0.018017688888888852
0.009784000000005715,0.009250444444444462,0.010180777777777867,0.004933555555555537,10.307131222222226,8.524840266666665,0.017403833333333323,0.0188138
0.008042777777771133,0.008691444444444437,0.010140444444444422,0.005463888888888886,9.850433911111109,8.815188677777774,0.01699732222222222,0.01947565555555555
0.007514333333321904,0.010429777777777736,0.00962533333333335,0.005565555555555553,9.966770444444448,9.987243033333334,0.020282377777777767,0.01947565555555555
0.009252111111108106,0.010133555555555557,0.011152666666666615,0.005565555555555553,11.117129077777781,9.652261388888887,0.01773454444444443,0.01961328888888888
0.008076777777786346,0.008681777777777752,0.009011666666666666,0.005158222222222225,10.366702411111113,8.525974033333327,0.017844866666666653,0.017405499999999977
0.007636111111120651,0.009802444444444447,0.010231555555555636,0.005922222222222237,9.530588955555556,10.296614777777775,0.018142322222222226,0.02064982222222221
0.009337666666675027,0.00816455555555557,0.01026144444444446,0.005168666666666649,9.530588955555556,10.264089444444439,0.018142322222222226,0.020505033333333336
0.008299333333348436,0.008713777777777784,0.01026144444444446,0.006810000000000008,9.859344400000005,9.127579455555553,0.017829411111111113,0.017479122222222226
0.008934888888890985,0.009947111111111104,0.009517222222222128,0.006995333333333341,9.859344400000005,11.210535977777775,0.015421688888888889,0.021711622222222237
0.0073173333333266385,0.009912444444444429,0.011301888888888872,0.006995333333333341,9.781648833333332,9.20163772222222,0.01898784444444444,0.02039363333333334
0.008940111111112654,0.008905999999999982,0.009612555555555563,0.006836777777777778,8.525184944444446,9.145528300000002,0.016543411111111107,0.017194955555555568
0.008824222222225824,0.009270777777777777,0.0093548888888889,0.0056341111111111175,9.188751155555556,9.471320933333331,0.016959200000000008,0.020021733333333343
0.007086444444439622,0.008807111111111137,0.0094765555555556,0.006961222222222249,9.444979099999996,9.681489811111115,0.01913051111111112,0.018729522222222232
0.008745222222235801,0.009636888888888893,0.0094765555555556,0.006471222222222246,8.336975377777772,9.681489811111115,0.015728044444444464,0.02082652222222223
0.007789666666667473,0.008516222222222198,0.00976144444444444,0.005737444444444437,8.967585622222222,9.622087200000001,0.017099688888888905,0.017582199999999996
0.007572111111105389,0.009711666666666662,0.009350111111111146,0.005737444444444437,10.13429255555556,8.134588044444447,0.019576655555555565,0.01792704444444444
0.009036222222221113,0.008758222222222223,0.009350111111111146,0.005494999999999954,8.076411422222224,10.140396111111114,0.018675800000000013,0.01792704444444444
0.007348888888903579,0.009329333333333327,0.010269444444444492,0.004930888888888893,9.69224534444444,9.71331865555556,0.018675800000000013,0.01771234444444445
0.008601777777787195,0.007874888888888876,0.008484777777777749,0.006087666666666665,9.065483088888891,9.71331865555556,0.018696477777777786,0.017925133333333315
0.008331888888884958,0.00898500000000002,0.010071111111111069,0.005699333333333328,10.773018766666667,10.171410044444452,0.020725055555555566,0.021007622222222216
0.008236666666663143,0.006881888888888929,0.010446666666666618,0.005699333333333328,8.88621081111111,8.673563055555562,0.018887100000000004,0.020390344444444458
0.009270999999999833,0.007854888888888894,0.008797666666666655,0.005540333333333308,9.536137888888886,9.08135242222223,0.01671578888888889,0.017112100000000022
0.007612222222203653,0.008363222222222227,0.010204111111111107,0.005540333333333308,9.536137888888886,10.581958811111118,0.01889367777777778,0.018146455555555555
0.009246222222221453,0.008363222222222227,0.010717111111111066,0.00562522222222222,9.548553277777776,10.103114366666668,0.018585833333333312,0.018146455555555555
0.008774222222225743,0.009070333333333342,0.00919022222222221,0.006720222222222214,9.862303388888883,10.103114366666668,0.016108866666666652,0.019258366666666683
0.007310111111110019,0.008017666666666676,0.01134777777777776,0.0062054444444444735,9.862303388888883,9.379847333333336,0.017052844444444437,0.019258366666666683
0.008855111111112517,0.00789977777777779,0.009044111111111105,0.005686777777777794,9.990632055555556,9.626347500000003,0.018756622222222217,0.019031399999999993
0.00841455555554502,0.009018111111111123,0.01036655555555546,0.005580777777777781,8.703915511111108,9.626347500000003,0.015169788888888895,0.019774844444444453
0.007061666666661242,0.009110999999999968,0.010802333333333358,0.006040999999999988,8.677451233333331,9.206794788888887,0.016158344444444438,0.019434411111111105
0.0072905555555785725,0.010705777777777778,0.010200555555555645,0.006040999999999988,10.552846255555556,10.916238599999996,0.01429545555555555,0.017224911111111088
0.007616555555563941,0.00884333333333334,0.010200555555555645,0.005935444444444481,8.496332600000006,9.053580999999992,0.017879577777777766,0.01984354444444442
0.00874711111110729,0.009147444444444474,0.010363888888888914,0.006454222222222238,9.863824944469135,9.326871023989336,0.01569471346068413,0.0190037983118614
0.007113111111089489,0.009147444444444474,0.008346111111111141,0.006627222222222242,8.15296232222223,9.445994777777779,0.01562701111111111,0.019012244444444448
0.00782466666666753,0.008471888888888885,0.010174222222222282,0.005532222222222247,8.500553444444446,9.445994777777779,0.0194894,0.018059622222222214
0.00869588888887544,0.009739777777777755,0.009305444444444354,0.005691444444444423,10.198326133333332,9.567922255555555,0.015731366666666663,0.018059622222222214
0.0071508888888729425,0.008053222222222219,0.009305444444444354,0.005691444444444423,8.454163544444441,9.251310933333333,0.017324911111111112,0.018185855555555554
0.007526444444440333,0.008358333333333344,0.010030555555555569,0.005896666666666661,9.933711777777773,9.251310933333333,0.017324911111111112,0.018013977777777763
0.009140000000014779,0.007155333333333354,0.00800844444444435,0.004910777777777783,10.05856643333334,9.904244577777773,0.016862733333333338,0.015271922222222208
0.0078871111111059,0.007032333333333332,0.008595333333333165,0.005637111111111142,8.183171411111116,8.194800766666665,0.016862733333333338,0.018927199999999988
0.00778922222222415,0.00913388888888885,0.009886444444444347,0.004574555555555539,9.689911622222224,9.80714466666667,0.016686788888888887,0.01929793333333334
0.00761088888889895,0.007491666666666626,0.008316666666666627,0.005006999999999984,9.846791662961314,8.032673054690973,0.019137750111160517,0.017005435749221882
0.00761088888889895,0.008689555555555532,0.010135888888888821,0.004506333333333304,10.969840211111103,8.520455777777784,0.015565299999999999,0.02069863333333333
0.007396444444440123,0.007462555555555541,0.00830777777777768,0.005621333333333331,9.141792044444443,10.385205833333337,0.015354266666666673,0.017143566666666672
0.00794044444445616,0.008151777777777784,0.009035000000000003,0.00457800000000002,9.269249100000005,8.980737322222227,0.015354266666666673,0.020768722222222234
0.008744666666669017,0.009159000000000016,0.01046866666666683,0.00527722222222223,10.597792588888893,9.161237966666667,0.01604295555555555,0.01962568888888889
0.007556777777785505,0.007735555555555558,0.008421111111111263,0.004021222222222232,9.11824435555556,9.161237966666667,0.01880863333333332,0.0203633666666667
0.007059444444444631,0.009394000000000001,0.010086222222222219,0.005743777777777817,9.385591922222218,8.885164411111115,0.01625367777777777,0.0203633666666667
0.008606333333318616,0.008934555555555532,0.008225111111111103,0.005775666666666673,10.811416988888888,10.269555977777783,0.02031037777777776,0.02060457777777778
0.007343888888878307,0.008203111111111137,0.009080000000000076,0.006611222222222226,9.304676777777779,8.657212077777778,0.016902199999999992,0.021453555555555563
0.007964000000002773,0.009223000000000032,0.010907666666666711,0.0056600000000000235,9.822663100000007,10.464002366666662,0.01775464444444444,0.021453555555555563
0.007964000000002773,0.008025111111111125,0.009088444444444517,0.0057997777777777995,8.695238200000011,8.625277399999993,0.020081188888888886,0.020176822222222234
0.007754777777765615,0.009486000000000033,0.011009333333333279,0.004684777777777773,10.330715144444452,8.787494988888886,0.016429833333333324,0.023482333333333338
0.007142333333326355,0.00939577777777778,0.010439000000000063,0.006110666666666672,8.505485400000005,10.600036877777772,0.021669066666666667,0.019857177777777773
0.00782466666666753,0.008388555555555548,0.009005333333333237,0.006074222222222216,9.202288800000003,10.03219571111111,0.020028244444444447,0.019554266666666667
0.00782466666666753,0.009853888888888879,0.011280111111111109,0.007348000000000009,9.202288800000003,10.03219571111111,0.017262566666666677,0.018454011111111102
0.007625444444430388,0.009398222222222223,0.009615000000000151,0.005625444444444424,9.104210111111112,10.126433122222222,0.020828066666666673,0.02228751111111111
0.006905222222232826,0.008385888888888903,0.01176766666666672,0.005451888888888886,9.289240333333334,8.742041555555554,0.018946222222222236,0.020853300000000012
0.008443444444462028,0.008747333333333341,0.009621666666666567,0.006104222222222215,10.474773,10.518379788888888,0.018946222222222236,0.017014955555555537
0.006871111111119414,0.009265999999999972,0.010311777777777724,0.006104222222222215,8.43240672222222,8.711589500000002,0.01873843333333335,0.01926592222222221
0.00801933333332272,0.009265999999999972,0.012190333333333254,0.006417999999999986,10.381261133333329,10.62747743333334,0.018970944444444478,0.019074011111111094
0.007483444444460475,0.009453888888888873,0.010269444444444492,0.0073703333333333555,8.745784188888889,9.861560366666668,0.018970944444444478,0.019147811111111114
0.00797444444444611,0.007587000000000011,0.010398999999999999,0.005944444444444456,10.7137989,8.049018477777782,0.016833722222222226,0.019147811111111114
0.006487888888892081,0.009152666666666686,0.011822555555555584,0.0061410000000000015,8.688452011111112,8.752938333333335,0.014488533333333335,0.01995402222222222
0.007675888888899055,0.009441555555555543,0.00954777777777771,0.0057905555555555705,10.216811444444446,8.752938333333335,0.016610511111111132,0.017435499999999996
0.0067588888889026245,0.008238777777777756,0.011622888888888738,0.0057905555555555705,9.31476098888889,8.920547144444445,0.01789380000000001,0.017485655555555556
0.007527111111105316,0.009738333333333307,0.011164333333333332,0.005939999999999983,9.051004866666672,10.403098155555556,0.015718944444444452,0.018979200000000016
0.007272111111104904,0.008006777777777746,0.011164333333333332,0.0055199999999999945,9.042381311111109,8.626759922222222,0.019299211111111117,0.022440488888888912
0.007272111111104904,0.008144555555555587,0.010661333333333387,0.006190333333333323,9.042381311111109,10.520159866666667,0.019318344444444444,0.020189522222222242
0.007084333333346473,0.00912222222222223,0.008782777777777856,0.005207333333333342,9.041715088888887,8.60427193333333,0.01675928888888887,0.023066666666666687
0.007592666666646943,0.007473444444444422,0.010999555555555516,0.005857111111111104,9.041715088888887,9.44427957777778,0.018567944444444425,0.019687355555555563
0.006298888888876617,0.009223666666666642,0.011539333333333346,0.006272777777777745,9.098693733333334,10.73753635555556,0.018178911111111116,0.02207484444444446
0.0075570000000071665,0.008796555555555537,0.010115777777777762,0.005825888888888908,10.320804533333327,9.971836555555566,0.019952922222222235,0.021055655555555566
0.0074807777777752766,0.008273444444444483,0.012157777777777786,0.006071222222222191,8.792445099999993,9.971836555555566,0.01783094444444444,0.023271166666666673
0.0074807777777752766,0.008273444444444483,0.010082666666666759,0.006071222222222191,9.584404122222228,9.630589333333335,0.01561433333333333,0.0224492
0.00673711111110404,0.007890111111111153,0.00989855555555567,0.0062265555555555754,8.237304955555555,9.792020666666666,0.018391822222222222,0.018493377777777775
0.0062598888888866595,0.009106777777777797,0.011223888888888922,0.005801555555555579,9.004453166666663,9.792020666666666,0.014811555555555559,0.01791639999999998
0.0062598888888866595,0.007430444444444431,0.009209111111111076,0.0051312222222222505,10.392842733333335,9.905153555555556,0.014851022222222237,0.01791639999999998
0.007132666666671463,0.008347999999999998,0.011547777777777787,0.0059083333333333305,9.728334511111111,9.905153555555556,0.017657766666666682,0.01664034444444444
0.006910777777799619,0.009551777777777777,0.01065422222222227,0.005089666666666659,9.728334511111111,9.73470956666667,0.019830477777777793,0.019822533333333323
0.006910777777799619,0.007801555555555556,0.008539222222222205,0.0046740000000000176,9.682340766666671,8.44145278888889,0.01940747777777778,0.019756355555555535
0.006853222222212531,0.008306222222222253,0.010574111111111112,0.0049705555555555276,8.46022996666668,9.347404977777767,0.017633466666666656,0.0174982111111111
0.007190333333331486,0.008191111111111088,0.009955999999999953,0.004777888888888921,10.201698066666665,9.347404977777767,0.021448011111111095,0.019918911111111125
0.007967777777771011,0.008191111111111088,0.009955999999999953,0.004777888888888921,10.22086803333333,9.356535888888882,0.018815833333333334,0.01974558888888889
0.007116555555563133,0.008794555555555503,0.010240555555555513,0.004734888888888881,10.22086803333333,9.330251166666672,0.018994611111111115,0.02248720000000001
0.007195333333331493,0.00757788888888886,0.010971111111111043,0.005043777777777771,9.767454411111114,10.562051122222226,0.021367577777777782,0.019602888888888902
0.008258888888879786,0.009334888888888919,0.010971111111111043,0.005043777777777771,9.882942144444444,8.55551828888889,0.018221866666666656,0.02175633333333334
0.007334777777764936,0.008494333333333357,0.010099888888888922,0.00487066666666669,8.59926217777778,10.106347911111115,0.01921383333333334,0.02095552222222223
0.0062843333333199155,0.007290555555555579,0.010090555555555665,0.005350444444444423,10.324007677777779,9.851143777777773,0.018599066666666664,0.020678588888888894
0.007332111111105002,0.008801555555555594,0.011026666666666667,0.005350444444444423,8.345008066666658,9.851143777777773,0.0163090888888889,0.02160976666666668
0.0069755555555527995,0.007158333333333329,0.010567555555555528,0.006382111111111114,10.314125799999996,9.540727711111117,0.01910886666666667,0.02160976666666668
0.006819555555542442,0.007913666666666647,0.009143666666666661,0.005406111111111075,8.57265770000001,9.540727711111117,0.0171706,0.01906044444444446
0.006946555555562858,0.007913666666666647,0.011222333333333348,0.0059528888888888964,8.657745911111109,9.497554600000013,0.0171706,0.019303055555555577
0.006946555555562858,0.007788777777777769,0.009427777777777714,0.005547444444444426,9.702585188888888,9.418868255555555,0.018317099999999982,0.01892884444444444
0.007344888888888414,0.008968555555555547,0.009672777777777914,0.005400999999999989,10.069000933333337,9.353388077777778,0.018811677777777768,0.01892884444444444
0.006281333333340121,0.00880388888888886,0.009672777777777914,0.005976333333333313,9.706970311111121,9.353388077777778,0.02127051111111112,0.0211081777777778
0.0068508888888977205,0.00774922222222221,0.00968355555555552,0.005372333333333312,9.70373573253361,9.619823658780401,0.01746597800733088,0.018069765633677674
0.0068508888888977205,0.009488111111111093,0.010527555555555464,0.005390666666666692,9.54932253333334,9.046598366666668,0.016115522222222213,0.018368888888888907
0.007730222222208896,0.009389333333333324,0.009591444444444461,0.005390666666666692,10.975072044444454,10.520177988888891,0.018755455555555547,0.01929999999999999
0.008397777777771707,0.009389333333333324,0.00978466666666675,0.004555222222222266,9.005954311111116,8.787994422222223,0.018654333333333346,0.02170541111111112
0.007104888888888026,0.008907333333333354,0.00978466666666675,0.006217888888888931,11.067157900000002,10.08512222222222,0.016778055555555574,0.01961852222222221
0.007519000000002053,0.010270777777777814,0.010184888888888861,0.0056711111111111085,9.097796222222227,10.18479241111111,0.0214105888888889,0.01900433333333332
0.008717999999993885,0.010355111111111192,0.011465777777777773,0.0056876666666666595,9.664890488888886,8.645781133333333,0.017307822222222245,0.01916075555555557
0.008477666666673638,0.009175333333333412,0.010497111111111106,0.005708333333333353,9.379094044444443,9.219038133333337,0.017573955555555566,0.021446777777777776
0.008477666666673638,0.009620666666666722,0.011715333333333276,0.005855888888888908,8.237247366666656,10.301581800000001,0.015115122222222215,0.020522955555555562
0.00838933333332332,0.009620666666666722,0.01023711111111108,0.006201444444444457,10.026365788596197,9.708661387129053,0.019073491163721243,0.020529798821829506
0.00838933333332332,0.009413555555555576,0.01016066666666661,0.0060003333333333115,10.012171522222225,8.606446966666672,0.01907147777777777,0.019789422222222235
0.007681333333342385,0.00938422222222219,0.012301888888889008,0.0060003333333333115,8.586422011111111,8.98938698888889,0.016431544444444432,0.018928422222222234
0.007005555555578111,0.00938422222222219,0.010532888888888951,0.005880666666666645,10.693710088888883,8.98938698888889,0.016715277777777756,0.016523011111111104
0.007005555555578111,0.009623444444444493,0.012053111111111096,0.005135222222222217,8.632506499999998,9.584770022222228,0.0201536222222222,0.02141846666666666
0.006730555555552403,0.008260000000000033,0.010505555555555546,0.005872000000000001,10.359175111111114,9.451977000000003,0.017360633333333313,0.02225416666666667
0.006507444444448791,0.00786811111111104,0.009224666666666635,0.005414444444444487,8.747241566666675,9.451977000000003,0.017360633333333313,0.021780366666666648
0.006379999999985052,0.00786811111111104,0.010182555555555499,0.006007333333333303,9.117325800000001,9.055450944444447,0.017865666666666665,0.01949434444444444
0.0075753333333321085,0.00777499999999994,0.008964333333333328,0.005284444444444425,10.331276155555562,9.082534622222225,0.017865666666666665,0.019834588888888862
0.006185000000010001,0.00874599999999997,0.011245666666666586,0.00586711111111112,9.950400088888886,9.826344677777772,0.01734828888888887,0.02328518888888887
0.007438000000017079,0.008570555555555576,0.011072777777777808,0.005533000000000035,8.394154511111108,9.826344677777772,0.015333622222222225,0.020820366666666642
0.007093333333336381,0.007187666666666716,0.01011199999999985,0.005971777777777811,9.668179944444438,9.45604624444445,0.017916100000000004,0.02080895555555555
0.007409666666666858,0.008839999999999985,0.01011199999999985,0.0051862222222222405,8.827400522222229,9.45604624444445,0.017510822222222215,0.023049144444444464
0.007409666666666858,0.008752444444444427,0.011183555555555577,0.0056665555555555575,10.690042511111113,9.46018471111111,0.016194477777777785,0.021219755555555546
0.008111555555539478,0.008752444444444427,0.01025222222222233,0.0053761111111110755,8.963373899999997,9.423162499999997,0.014354933333333344,0.01786726666666665
0.0071356666666512565,0.009127222222222287,0.012362000000000133,0.0053761111111110755,10.785441888888895,9.423162499999997,0.017254777777777786,0.019478555555555555
0.007898111111116022,0.009127222222222287,0.010071888888888955,0.005105666666666675,8.844094655555567,10.084293644444442,0.015531344444444446,0.019478555555555555
0.00823799999999311,0.008917888888888904,0.012481555555555622,0.005829333333333341,9.698749411111102,10.20698638888889,0.015531344444444446,0.019099655555555563
0.00823799999999311,0.009689444444444443,0.011994555555555547,0.004901111111111097,8.29384917777777,8.238861155555558,0.01537525555555556,0.015649055555555555
0.008500555555555265,0.00937222222222219,0.010085999999999967,0.005521666666666647,9.9252328888889,9.175629966666673,0.017951511111111113,0.018321300000000013
0.007626111111120635,0.010243555555555537,0.010525111111111072,0.005082888888888872,10.221326355555554,7.860599277777767,0.015369033333333332,0.01743890000000003
0.007508999999976772,0.00859122222222227,0.011681777777777767,0.005787555555555546,8.954817699999992,7.899366455555553,0.014860500000000006,0.04427890000000001
0.008811777777762271,0.008540666666666653,0.010846555555555545,0.008951333333333337,7.879901400000011,6.002717155555559,0.013511744444444453,0.04121283333333338
0.007066333333341391,0.009540999999999973,0.012156777777777746,0.008505000000000035,7.936368644444448,4.384257355555561,0.013511744444444453,0.04257223333333337
0.007966444444466309,0.00787899999999997,0.010046999999999943,0.021377000000000007,6.115240866666663,4.38493455555556,0.023413999999999997,0.038910922222222255
0.006288666666680203,0.009260888888888886,0.047229666666666704,0.020228555555555548,6.115240866666663,2.3815515777777803,0.022298800000000004,0.04015366666666667
0.006226888888881553,0.00752566666666669,0.045959999999999904,0.03306833333333333,4.047864688888897,1.1492314888888904,0.022298800000000004,0.03749182222222221
0.0077314444444406645,0.007595666666666606,0.04416566666666672,0.03621733333333335,4.106378000000013,1.150401533333337,0.026758200000000013,0.03749182222222221
0.006215888888871431,0.006556555555555517,0.04647888888888889,0.035527222222222245,2.4749942888888845,0.21363272222222288,0.032554733333333356,0.03620202222222222
0.007183222222213064,0.00730955555555557,0.04621455555555561,0.035527222222222245,0.9060968000000067,0.04378710000000929,0.03326274444444446,0.03474573333333332
0.007179666666666486,0.008904444444444456,0.04505788888888892,0.04464133333333331,0.9060968000000067,0.005019922222222325,0.031194166666666683,0.005665544444444421
0.005876888888880987,0.007414000000000007,0.0648903333333334,0.04007999999999997,0.11934984444443508,0.006033144444441203,0.031480866666666656,0.007307822222222202
0.0074728888888936735,0.007765444444444431,0.06490422222222215,0.04141277777777777,0.06378076666666428,0.029036199999997812,0.03225316666666667,0.015166344444444419
0.006572777777768756,0.007765444444444431,0.06490422222222215,0.031635666666666694,0.06284055555555156,0.028358999999997855,0.020293511111111134,0.015166344444444419
0.00798144444444107,0.00800377777777772,0.029010222222222187,0.03712566666666669,0.06367649999999181,0.0711086000000023,0.019493433333333345,0.023039866666666686
0.006508000000015576,0.00800377777777772,0.02973211111111122,0.023562222222222238,0.0632055999999971,0.0711086000000023,0.020084188888888896,0.02313308888888892
0.006335333333330103,0.007837666666666682,0.02973211111111122,0.02551444444444447,0.005533122222216334,0.07120038888888935,0.013164611111111103,0.02313308888888892
0.006335333333330103,0.011373000000000053,0.03261311111111118,0.024837666666666685,0.005533122222216334,0.07120038888888935,0.004791822222222208,0.022942600000000007
0.046930222222221755,0.009748666666666654,0.03125788888888891,0.028058333333333324,0.005303511111110185,0.07094279999999584,0.005135255555555549,0.02197010000000001
0.08667733333335391,0.029969666666666624,0.03843600000000002,0.01823955555555558,0.006096166666657786,0.07094279999999584,0.005763599999999999,0.024654533333333343
0.08667733333335391,0.031141666666666627,0.017999333333333332,0.027299444444444494,0.0525450222222206,0.10043843333333295,0.01652042222222222,0.03809755555555557
0.0867666666666638,0.029789888888888883,0.018124666666666813,0.025966666666666697,0.051646855555554164,0.09630805555555828,0.01777266666666666,0.02887963333333337
0.0867666666666638,0.03147288888888886,0.018124666666666813,0.028645666666666694,0.05325727777777287,0.09630805555555828,0.017608411111111104,0.029995422222222238
0.08682866666665885,0.030863333333333368,0.0182814444444443,0.0231556666666667,0.0530256111111132,0.05361800000000017,0.017608411111111104,0.02087915555555555
0.08682866666665885,0.030863333333333368,0.0164195555555554,0.025403999999999986,0.05303235555555514,0.05451818888888877,0.025198788888888903,0.020956422222222205
0.08692577777777742,0.030689999999999985,0.018559777777777755,0.036905555555555504,0.0521915222222194,0.05383615555555506,0.03492460000000002,0.020956422222222205
0.08820244444445458,0.02777599999999995,0.013365555555555632,0.036905555555555504,0.2090863222222197,0.05383615555555506,0.03492460000000002,0.031664922222222204
0.046640222222221285,0.029271555555555533,0.026768444444444487,0.036552333333333346,0.3249091111111082,0.05794293333333814,0.03452066666666669,0.031664922222222204
0.007446333333316742,0.0074556666666666755,0.021548222222222278,0.036552333333333346,0.32411645555556057,0.22481764444444569,0.034369944444444446,0.0346192
0.007446333333316742,0.02630177777777782,0.02103077777777765,0.05010988888888888,0.4711648444444387,0.19430878888888972,0.023051822222222244,0.020223522222222203
0.1988247777777714,0.027060666666666698,0.019581333333333204,0.05053077777777778,0.6571896333333314,0.35530236666666803,0.021495633333333354,0.020223522222222203
0.32541966666667577,0.02537766666666672,0.02037488888888876,0.04475688888888889,0.9015041333333361,0.5125582888888846,0.02081744444444446,0.0198763111111111
0.3239490000000084,0.02518588888888888,0.019923555555555694,0.045231666666666615,0.9008998555555555,0.5116998555555515,0.0213047888888889,0.0198763111111111
0.504503222222234,0.025868555555555537,0.0207533333333334,0.04352366666666669,1.4982946555555607,0.661614544444436,0.014413511111111084,0.020047144444444456
0.709132444444448,0.024395444444444477,0.018613111111111046,0.02692088888888892,1.8561361111111125,0.8756525222222189,0.0038693333333333084,0.020954688888888885
0.7078557777777709,0.02486388888888897,0.020071444444444433,0.027694111111111162,1.6992413111111124,0.8756525222222189,0.0045836555555555415,0.009054233333333331
1.208506777777782,0.024044111111111082,0.007397888888888816,0.024826666666666677,2.140424822222223,1.4125973444444324,0.003936144444444426,0.010442988888888892
1.2069221111111246,0.024666333333333335,0.0054399999999999145,0.02525322222222225,2.140424822222223,1.6912474222222267,0.004517588888888893,0.004804277777777764
1.6556936666666693,0.00464822222222219,0.006105555555555538,0.0031062222222221834,2.450312977777783,1.6912474222222267,0.005004433333333324,0.005045511111111101
1.781834666666681,0.00454244444444443,0.007114777777777804,0.0026853333333332805,2.4433758555555523,2.0516974777777715,0.005430922222222205,0.005045511111111101
1.8146222222222201,0.005117888888888879,0.007105888888888857,0.003092444444444453,2.3100426777777794,2.335839722222223,0.005430922222222205,0.005600122222222241
1.8146222222222201,0.0049341111111110714,0.006929666666666674,0.003020555555555582,2.3100426777777794,2.5765200333333387,0.0064583111111111025,0.006802322222222225
1.7855071111111,0.004251444444444413,0.006099888888888967,0.0030879999999999797,1.8723545444444452,2.550937277777779,0.005168455555555575,0.006554011111111101
1.699302000000014,0.00496833333333334,0.006984000000000003,0.0030879999999999797,1.5145130888888934,2.3363194999999957,0.07818125555555556,0.005646466666666671
1.8296540000000177,0.0044366666666666695,0.0071987777777777024,0.010756888888888878,1.5306483777777817,2.51418094444444,0.08283183333333334,0.007483388888888896
1.3290030000000066,0.003760888888888974,0.006469444444444466,0.010756888888888878,0.9735805777777766,1.9720420333333382,0.08919094444444445,0.006094633333333337
1.5319588888888929,0.0043835555555555355,0.010823000000000053,0.0397887777777777,0.974291588888892,1.6019488444444412,0.08813187777777778,0.06234532222222224
1.2488597777777766,0.0043835555555555355,0.012595333333333318,0.05681633333333331,0.46992745555556015,1.6029546333333196,0.09033334444444445,0.06439424444444446
0.9527452222222211,0.07388522222222221,0.012735444444444374,0.05681633333333331,0.29161367777778147,1.0616094333333246,0.09020346666666666,0.06439424444444446
0.7933627777777778,0.07330977777777777,0.01272777777777792,0.17094199999999996,0.17957485555554817,0.6209125333333311,0.09020346666666666,0.06858888888888887
0.7941889999999856,0.11715788888888895,0.011909888888888887,0.20877944444444443,0.17957485555554817,0.38106963333332705,0.08964004444444444,0.06837000000000001
0.6433037777777726,0.1178727777777778,0.09821522222222218,0.20817166666666667,0.020303799999993547,0.25648112222222924,0.09054635555555555,0.06756853333333335
0.5243513333333188,0.11715588888888886,0.09838055555555553,0.25086911111111115,0.02224189999999895,0.25648112222222924,0.017533555555555563,0.06865923333333336
0.3948168888888783,0.11820888888888882,0.09670744444444444,0.2429551111111111,0.006610211111109265,0.07942947777778248,0.012801833333333318,0.06682231111111113
0.3957816666666582,0.11923588888888888,0.09860411111111114,0.28525822222222225,0.005679911111112941,0.08023870000001113,0.007454266666666647,0.06761064444444445
0.1928257777777718,0.11869700000000007,0.2391953333333334,0.25579977777777785,0.0060344666666638765,0.004807100000006257,0.007454266666666647,0.012205322222222198
0.028002666666679946,0.11869700000000007,0.2361225555555557,0.25414566666666677,0.0060344666666638765,0.004576266666674655,0.005091811111111119,0.0098478666666667
0.004912444444446212,0.049407555555555566,0.41189811111111124,0.25414566666666677,0.006259255555549873,0.005370455555562457,0.004864222222222227,0.010446166666666673
0.006054999999984527,0.05023011111111113,0.6110797777777778,0.1404954444444445,0.005706333333332876,0.004669188888887751,0.005536733333333337,0.005568355555555562
0.006082111111128244,0.00574688888888887,0.6110797777777778,0.10277822222222227,0.006526511111117215,0.004822122222224026,0.0045854222222222185,0.004585044444444427
0.005528222222235653,0.006001000000000071,0.6766625555555555,0.10333655555555558,0.006078888888892051,0.004178511111108366,0.004405577777777756,0.0051493555555555464
0.0051301111111064935,0.0067002222222222315,0.9668549999999999,0.060639111111111144,0.004140788888886643,0.00494404444444601,0.00493266666666666,0.004058655555555532
0.0054896666666637535,0.005830555555555586,0.9668549999999999,0.06140255555555552,0.004330566666662132,0.004880566666666179,0.005232633333333351,0.0052239444444444096
0.004524888888883854,0.0048035555555555245,1.354992888888889,0.01909944444444436,0.004960911111109252,0.004684611111103879,0.004221088888888913,0.0044356111111110985
0.0053014444444367355,0.005010777777777796,1.3448263333333337,0.020247222222222208,0.00461631111111021,0.005471444444433852,0.0049704444444444535,0.0046532222222222565
0.004452111111100345,0.005715444444444471,1.3448263333333337,0.004403333333333315,0.0055388333333326045,0.004696488888887037,0.004145944444444432,0.005139599999999992
0.0053846666666635835,0.004850111111111172,1.3882524444444444,0.00504522222222222,0.004540155555563135,0.004756188888892313,0.004703744444444442,0.004541300000000017
0.009124888888891292,0.004987222222222205,1.1882937777777778,0.004162666666666661,0.005733600000007124,0.00568151111111269,0.005130800000000032,0.004734822222222253
0.008271555555539737,0.012132333333333339,1.3830102222222223,0.005341222222222146,0.004913422222222784,0.004691166666664989,0.005130800000000032,0.011116900000000023
0.009321333333319774,0.01116333333333329,1.357635666666667,0.08765922222222214,0.009416400000004741,0.01004315555555498,0.01776213333333336,0.010552588888888903
0.009410666666680199,0.011500333333333322,1.066393777777778,0.08765922222222214,0.010344033333328501,0.010304333333332732,0.03224512222222223,0.011724033333333328
0.008233555555559886,0.010758888888888861,1.289736777777778,0.13251577777777782,0.009650655555554347,0.009558011111115169,0.04679761111111111,0.015801477777777767
0.009231888888886413,0.012218444444444447,0.9780952222222222,0.20377822222222236,0.010133688888878903,0.010058644444446449,0.05648296666666666,0.015801477777777767
0.009049777777792973,0.011852444444444407,0.8433169999999999,0.23230344444444445,0.009412722222211617,0.009271811111116475,0.05573361111111112,0.025766944444444422
0.009049777777792973,0.05887322222222214,0.8445808888888888,0.25718822222222215,0.009381400000001526,0.010053755555557271,0.07258663333333336,0.03199367777777774
0.009385333333335034,0.05887322222222214,0.6242298888888892,0.25654633333333327,0.009381400000001526,0.010056211111118627,0.07149145555555558,0.03199367777777774
0.00524100000001858,0.06421277777777777,0.6256596666666666,0.2603355555555555,0.009265100000005886,0.009130888888898249,0.11008488888888887,0.04764976666666665
0.005802111111127791,0.05706766666666664,0.43211422222222223,0.2586338888888889,0.009976377777781585,0.009898044444450232,0.11008488888888887,0.04126768888888888
0.005223111111111697,0.05785133333333331,0.30560066666666647,0.18073466666666685,0.005342066666659978,0.0045460555555602395,0.09753490000000004,0.06044043333333334
0.005241777777781762,0.056815111111111115,0.30651522222222227,0.1826596666666668,0.004414433333336219,0.004497422222227796,0.08309653333333337,0.09266173333333337
0.005241777777781762,0.057984333333333346,0.08317222222222241,0.13651155555555564,0.005111011111119348,0.00544681111111029,0.0682022222222222,0.08847588888888891
0.005611888888880559,0.056524777777777764,0.006698777777777486,0.0680255555555554,0.004627800000018094,0.004332911111112657,0.05902308888888891,0.08847588888888891
0.005017444444421118,0.05736100000000002,0.00809322222222243,0.03835255555555545,0.005320544444449145,0.005462477777784772,0.05902308888888891,0.0783300888888889
0.013336888888867787,0.03468244444444451,0.0068293333333334285,0.01440744444444459,0.004429344444436841,0.08042427777778333,0.04301221111111112,0.08915651111111114
0.14351088888889132,0.03468244444444451,0.008348444444444504,0.014809000000000024,0.052014655555552736,0.0795679333333289,0.05334768888888888,0.0896753777777778
0.2779985555555413,0.028957222222222277,0.00776944444444499,0.011019777777777802,0.05093751111110439,0.3078366999999926,0.013654688888888896,0.07318574444444445
0.27743744444443214,0.028957222222222277,0.006598444444444833,0.011631333333333377,0.26922597777777607,0.3070695444444406,0.014455188888888863,0.07391236666666669
0.6442447777777842,0.02900300000000004,0.007966222222222541,0.007168333333333147,0.913535177777779,0.9197485111111077,0.01446792222222221,0.056901822222222204
0.6582055555555447,0.029494111111111113,0.00898844444444396,0.005836000000000002,0.913535177777779,0.9187704333333248,0.013896211111111098,0.02350907777777775
0.6582055555555447,0.028324888888888882,0.00898844444444396,0.005836000000000002,0.9146183333333322,0.9196534777777825,0.014091522222222243,0.0233157777777778
0.8609313333333578,0.029424555555555603,0.008735444444444814,0.003669111111111197,0.9139881666666617,0.9208413888888806,0.014190177777777795,0.0233157777777778
0.8946027777777898,0.028893666666666623,0.007340999999999869,0.00424833333333336,0.9148509666666832,0.9197118222222085,0.014190177777777795,0.023178055555555563
0.8862833333333432,0.0038467777777777303,0.008354555555555187,0.0035552222222220804,0.9158967222222304,0.845411688888883,0.014323255555555551,0.005564044444444429
0.9395325555555398,0.004496777777777794,0.007862111111110596,0.003526666666666777,0.8683114111111144,0.8511471444444365,0.004508733333333336,0.005678144444444453
0.8587775555555608,0.0046090000000000115,0.007011333333332617,0.003949444444444537,0.8722433888888917,0.6394708111111085,0.005122777777777767,0.005678144444444453
0.8587775555555608,0.005115444444444389,0.00817011111111062,0.0033378888888889614,0.6589325444444462,0.654327900000008,0.0043222777777778,0.005787188888888872
0.5153426666666595,0.005220666666666714,0.007950333333332714,0.003692555555555662,0.029028988888891643,0.04164893333334085,0.004331155555555565,0.0036249888888888904
0.505974444444443,0.004729555555555641,0.006013555555555507,0.003099888888888853,0.029028988888891643,0.5001668666666603,0.004938511111111093,0.005169511111111108
0.50926933333335,0.005658111111111117,0.007491111111111733,0.0036362222222222507,0.3357191333333339,0.4983344333333201,0.004151877777777763,0.004305922222222209
0.3051751111111116,0.004558444444444396,0.005824555555555833,0.003483555555555561,0.3357191333333339,0.67817417777778,0.004618333333333299,0.00603994444444444
0.276646444444446,0.00453955555555563,0.007121555555555246,0.0029043333333333976,0.5511749666666567,0.7204604000000011,0.005353855555555528,0.0052950222222222084
0.276646444444446,0.0052015555555555955,0.007069000000000535,0.009424222222222254,0.6649014888888871,0.7190167888888873,0.00437863333333332,0.056826222222222236
0.09441766666668627,0.004551555555555531,0.006042333333334051,0.009051222222222126,0.6649014888888871,0.714272933333332,0.04023116666666668,0.05700753333333333
0.15555966666665377,0.004531444444444372,0.029305666666667368,0.05007655555555542,0.6889941555555544,0.6976804999999963,0.039617122222222245,0.05771083333333334
0.15555966666665377,0.038093333333333416,0.03050588888888939,0.06315044444444438,0.6844446555555521,0.6840847333333248,0.04400943333333337,0.05687516666666669
0.2318276666666811,0.037158666666666666,0.03640444444444471,0.08662922222222215,0.6702660777777744,0.6848529888888809,0.044465922222222204,0.058248111111111146
0.22761200000000928,0.03853711111111105,0.03640444444444471,0.09950422222222224,0.6702660777777744,0.22633505555556138,0.04451691111111111,0.05670358888888893
0.22431711111110217,0.037608555555555576,0.05310833333333342,0.09896788888888886,0.3630479999999952,0.2274603333333308,0.04451691111111111,0.05789572222222224
0.22527199999998024,0.03860711111111116,0.054147888888888614,0.09961466666666674,0.3636461555555507,0.04643267777777283,0.04429128888888892,0.05708080000000002
0.22119444444443717,0.03896466666666666,0.052850888888889204,0.10085844444444449,0.14740151111110816,0.00527753333333673,0.044251777777777807,0.05708080000000002
0.22119444444443717,0.0383026666666667,0.14845333333333285,0.09409200000000005,0.03262923333333055,0.006065388888885082,0.044251777777777807,0.0057643111111111
0.21942488888887765,0.039009333333333354,0.36881844444444395,0.09490233333333345,0.03357772222221911,0.0050737888888868895,0.008566766666666677,0.005980477777777768
0.10381177777778956,0.03927044444444445,0.3455551111111106,0.053454222222222396,0.006319577777781484,0.006105533333327332,0.00923293333333333,0.005277177777777756
0.10476388888890951,0.0052021111111110315,0.4575226666666663,0.04105199999999994,0.0051801777777819155,0.005684477777773762,0.01950669999999996,0.006832255555555578
0.005340222222205032,0.0061085555555555615,0.6286666666666668,0.018112333333333435,0.020362111111116597,0.019490055555552194,0.018220788888888874,0.0158784333333333
0.004352777777765166,0.004730111111111176,0.7084311111111115,0.036787333333333234,0.021094355555564766,0.019490055555552194,0.018822344444444458,0.01675056666666664
0.0053079999999883715,0.005607000000000066,0.6902496666666664,0.09922600000000002,0.02063321111111173,0.019371677777778967,0.034337411111111146,0.01555843333333333
0.00435311111111029,0.09497188888888886,0.6903640000000001,0.12976477777777776,0.020035055555556232,0.020049511111112552,0.04181143333333331,0.020462866666666663
0.1108482222222291,0.09378066666666662,0.6915069999999999,0.12852100000000002,0.01978917777778596,0.018918433333327458,0.04111542222222219,0.030335155555555566
0.1108482222222291,0.09542422222222216,0.5949435555555557,0.13173000000000004,0.01978917777778596,0.01889194444445429,0.05627693333333333,0.037931422222222254
0.32843411111111387,0.0947175555555555,0.3757933333333333,0.13091966666666663,0.019728488888896816,0.01974505555555892,0.06637131111111108,0.03690097777777781
0.5211596666666639,0.09478555555555564,0.3757933333333333,0.13346744444444428,0.01957697777777096,0.01871331111111848,0.06570514444444443,0.04751864444444449
0.5202075555555439,0.09574600000000011,0.2630070000000002,0.13564077777777783,0.020328622222220046,0.018679533333337557,0.06856922222222225,0.05965332222222221
0.7131616666666661,0.09483955555555558,0.0856184444444447,0.13583911111111116,0.00429818888888652,0.004646644444439593,0.06856922222222225,0.04923420000000003
0.7131616666666661,0.09586655555555555,0.006583777777777301,0.10428911111111126,0.00439124444444398,0.005276233333328643,0.10114302222222223,0.09177492222222226
0.9904742222222215,0.09498966666666665,0.006583777777777301,0.04771744444444437,0.004096200000004855,0.004269333333332447,0.08562795555555554,0.09230542222222224
0.9904742222222215,0.00538266666666666,0.006552999999999858,0.016320555555555474,0.00481692222222326,0.004572377777779795,0.07822266666666668,0.0864818888888889
1.1816236666666606,0.00538266666666666,0.005410000000000063,0.016320555555555474,0.004296066666660813,0.005232088888890177,0.07870379999999999,0.07737172222222223
1.3665100000000117,0.004289333333333269,0.006783111111111061,0.013820222222222098,0.004933388870366755,0.004469232478055643,0.06352111518382758,0.0698915583694324
1.1482311111111208,0.005001333333333315,0.006887111111111387,0.014990444444444468,0.06885781111110609,0.004353455555559549,0.053634422222222235,0.07063262222222222
1.0074354444444553,0.03468833333333324,0.006887111111111387,0.012442666666666824,0.06824282222222501,0.004353455555559549,0.0703340888888889,0.06001495555555554
1.0086424444444524,0.035110555555555464,0.007589222222222248,0.010569777777777864,0.202427188888881,0.02718053333332983,0.05384659999999998,0.056498522222222215
0.8150007777777926,0.035110555555555464,0.006787222222222057,0.01004322222222223,0.3974828555555645,0.1715686555555591,0.05384659999999998,0.05692785555555554
0.8162873333333462,0.03569766666666673,0.007455444444445113,0.010579444444444402,0.5094331111111091,0.17093906666667005,0.020678199999999994,0.014012266666666657
0.5390876666666726,0.03569766666666673,0.008511555555555914,0.004712444444444507,0.5089375000000018,0.35569547777778454,0.021226744444444442,0.013481766666666674
0.5401744444444477,0.03650888888888895,0.008835333333333356,0.00491577777777784,0.7717816222222212,0.3547146000000036,0.02082788888888889,0.01428814444444443
0.24261555555555486,0.03650888888888895,0.010113000000000089,0.006325111111111189,1.0636268000000024,0.5705044111111148,0.021021966666666697,0.013526022222222194
0.05772922222220384,0.03805333333333335,0.010026222222222714,0.005616444444444548,1.0633422807602597,0.7076162498610714,0.021028976325441845,0.013429320884739346
0.058693444444442223,0.03834355555555568,0.008707333333333622,0.005383444444444448,1.4303588777777825,1.1181243999999961,0.020891844444444422,0.01355651111111108
0.007654444444445593,0.008765888888888974,0.009923333333333062,0.006443333333333357,1.5726141111111172,1.1181243999999961,0.005056577777777809,0.014177544444444443
0.006447444444448694,0.00738322222222227,0.00768099999999963,0.0054712222222222575,1.437678100000012,1.3994812333333377,0.004013911111111141,0.004004222222222234
0.008125666666652858,0.009229555555555614,0.010021666666666817,0.005231333333333292,1.3042349777777658,1.4585061444444485,0.02889589999999999,0.004505277777777795
0.008134000000003047,0.009099222222222123,0.0097376666666662,0.007664777777777706,1.1922740777777803,1.4585061444444485,0.02906214444444442,0.022122366666666667
0.007065888888898068,0.009099222222222123,0.011166111111111359,0.007664777777777706,1.1922740777777803,1.2911655222222262,0.028513599999999972,0.022821066666666674
0.00717822222223832,0.008721777777777717,0.01064666666666704,0.009863555555555613,0.9299392111111047,1.2917744222222232,0.0288125222222222,0.02201468888888892
0.00695077777777442,0.010058555555555534,0.010471444444444306,0.009551333333333368,0.6380940333333235,1.0759852555555591,0.02894801111111107,0.03054744444444441
0.008205888888899912,0.008717333333333441,0.009185111111110682,0.02775199999999995,0.6454206111111079,0.9391092888888896,0.029457588888888858,0.029746666666666637
0.007241666666661533,0.0077151111111110685,0.07656511111111068,0.026814777777777684,0.21323898888888318,0.6595548000000078,0.05415714444444448,0.051203477777777805
0.12616277777776003,0.041381555555555574,0.0768238888888888,0.06242455555555538,0.22117378888889208,0.6595548000000078,0.05329274444444443,0.050582444444444444
0.24563211111111136,0.0419482222222223,0.0768238888888888,0.0628844444444443,0.3547432333333297,0.528477577777775,0.053903155555555526,0.0512574888888889
0.2439538888889072,0.04010188888888896,0.07585155555555506,0.06204466666666658,0.2931306888888925,0.525499533333336,0.029632733333333338,0.05122648888888889
0.44209411111109553,0.03945888888888899,0.07473755555555547,0.05951177777777773,0.5134427888888841,0.525499533333336,0.028801188888888912,0.03311213333333332
0.44209411111109553,0.03945888888888899,0.07306677777777774,0.05981033333333328,0.5134427888888841,0.7258443777777821,0.029474722222222232,0.03314391111111111
0.6509929999999966,0.03911988888888887,0.07314844444444428,0.0571626666666665,0.7300588888889006,0.7252354777777853,0.029886433333333344,0.03314391111111111
0.650069555555572,0.03853999999999995,0.07277033333333331,0.056656111111111095,1.0757703888889063,1.1282503888888902,0.029075733333333357,0.025854900000000083
1.1448982222222084,0.038437444444444364,0.07365866666666676,0.03914266666666677,1.5737830777777808,1.625287788888885,0.02971092222222227,0.026520100000000088
1.4624263333333198,0.038437444444444364,0.007350000000000042,0.03953944444444445,1.5737830777777808,1.8692330222222169,0.004266500000000016,0.0048257222222222425
1.6463286666666794,0.0044155555555555675,0.005875222222222476,0.0028697777777778478,1.957711566666657,1.8692330222222169,0.005238599999999994,0.0048257222222222425
1.526859333333328,0.00450233333333314,0.006555000000000336,0.0029187777777778877,1.8241421222222194,2.2421728555555536,0.005710377777777785,0.005228355555555524
1.9618122222222056,0.005199444444444387,0.006182555555555938,0.0029187777777778877,2.3177870444444424,2.454066333333335,0.006576933333333344,0.004328966666666641
1.8818971111111298,0.004358666666666622,0.007152777777778378,0.0028851111111111534,2.096660288888886,2.454066333333335,0.006576933333333344,0.005525633333333339
1.8818971111111298,0.005080777777777712,0.006339000000000144,0.003011000000000171,2.4521881333333257,2.426259455555548,0.00663828888888893,0.00556173333333334
1.800201555555557,0.004664666666666761,0.006592888888889093,0.003011000000000171,2.4352449111111096,2.426259455555548,0.006253733333333372,0.00556173333333334
1.9318727777777744,0.004357888888888834,0.006527333333333256,0.0027536666666665927,2.089533411111104,2.240260722222208,0.00728473333333334,0.005382100000000004
1.4357890000000124,0.0037069999999999543,0.005638999999999802,0.002437222222222128,1.7959182444444495,1.896705855555562,0.006139966666666635,0.006137355555555523
1.3274078888889058,0.004534222222222242,0.005890666666666613,0.0020404444444444498,1.7959182444444495,1.520835244444451,0.0602860111111111,0.005525488888888878
1.1930359999999938,0.0037851111111110295,0.005890666666666613,0.003094000000000029,1.3500052888888914,1.584971500000001,0.08854313333333334,0.1049824
1.1930359999999938,0.004311222222222355,0.007187333333333533,0.009443555555555526,1.3506166333333296,1.038118488888892,0.08746094444444445,0.10521913333333338
0.8733699999999974,0.08067344444444441,0.007429777777777721,0.009443555555555526,0.8569717111111068,0.6263223555555537,0.08761002222222221,0.1068809333333334
0.8159757777777689,0.08067344444444441,0.006459555555555281,0.09953166666666668,0.857921677777777,0.6272701444444364,0.09047213333333334,0.10568426666666669
0.8166012222222132,0.14850011111111114,0.009796666666666454,0.14708933333333324,0.502393833333337,0.43731638888888513,0.08973724444444443,0.1071864222222222
0.6881987777777694,0.14876022222222218,0.07818944444444438,0.14708933333333324,0.30257174444443535,0.43803917777777385,0.09081896666666663,0.1071864222222222
0.5572599999999915,0.14920044444444455,0.07753066666666718,0.17618777777777775,0.303489100000001,0.22147223333334412,0.09183214444444447,0.1082968222222222
0.5583641111111067,0.14920044444444455,0.07864922222222268,0.21332933333333337,0.0917649999999968,0.06861082222221487,0.09183214444444447,0.10803778888888889
0.349217111111102,0.14943388888888898,0.0787316666666666,0.21332933333333337,0.09280013333332704,0.06861082222221487,0.03964485555555556,0.10803778888888889
0.18091799999999442,0.150409,0.0787316666666666,0.2775876666666667,0.004594566666665085,0.00559477777778107,0.011122944444444444,0.009446033333333348
0.1818784444444393,0.1492294444444444,0.0784204444444446,0.2707292222222222,0.0051321000000067825,0.00559477777778107,0.011964477777777798,0.009001988888888878
0.06659155555555825,0.07308622222222225,0.07718211111111137,0.2719397777777777,0.005945622222223316,0.005492033333332024,0.010925222222222256,0.007910022222222184
0.005511888888880398,0.07420399999999994,0.07921755555555561,0.18144855555555556,0.004995655555553135,0.005136788888892044,0.00806311111111112,0.007910022222222184
0.005765666666674305,0.0062283333333332065,0.07588044444444443,0.18523555555555563,0.00595127777777154,0.005912066666676689,0.008968199999999977,0.006756977777777785
0.005765666666674305,0.005533111111111014,0.1967422222222221,0.18688,0.0048705111111107475,0.005189277777787993,0.007044811111111108,0.006756977777777785
0.006122555555571631,0.005815777777777717,0.33973344444444425,0.15807,0.004927944444441816,0.005069411111110059,0.006193577777777768,0.005583333333333307
0.005730111111107464,0.005815777777777717,0.46016622222222187,0.12055766666666658,0.005661833333325225,0.005089300000011892,0.006193577777777768,0.005235044444444448
0.005730111111107464,0.00580644444444446,0.6160668888888895,0.1213275555555556,0.005523988888894691,0.005089300000011892,0.005127477777777763,0.005235044444444448
0.005607666666668997,0.005580333333333422,0.6160668888888895,0.05665166666666662,0.005523988888894691,0.004760155555554017,0.004982888888888889,0.005141988888888878
0.005402888888890327,0.005580333333333422,0.9742393333333329,0.05665166666666662,0.005118277777771457,0.0055402000000034,0.005140777777777738,0.004271622222222235
0.005402888888890327,0.005708444444444381,0.9742393333333329,0.056472777777777795,0.00482945555556095,0.0045696666666717395,0.0045528333333333115,0.004789811111111129
0.005224888888884986,0.004590666666666681,1.2868355555555553,0.056472777777777795,0.005741633333343543,0.004792500000001433,0.0053873555555555355,0.004789811111111129
0.00492811111111122,0.005122333333333353,1.2868355555555553,0.005412888888888764,0.0053986000000097395,0.0040172222222167875,0.0053634,0.004870155555555546
0.00492811111111122,0.005711111111111222,1.3036373333333329,0.004207666666666734,0.0053986000000097395,0.004925488888883618,0.0053634,0.004870155555555546
0.03038455555555528,0.004538111111111181,1.2930261111111108,0.004983111111111112,0.005136933333334229,0.003935766666668567,0.005143322222222219,0.004727455555555584
0.029672888888904306,0.02796277777777788,1.3123787777777784,0.004983111111111112,0.00440304444445082,0.004183266666656336,0.005143322222222219,0.018379544444444423
0.030446888888895452,0.02691144444444444,1.1550726666666669,0.005479444444444445,0.004554233333332529,0.018315899999988814,0.019563555555555553,0.019495455555555555
0.02952600000000732,0.027306555555555515,1.3511951111111111,0.10559222222222214,0.018537633333336443,0.018130711111113997,0.01900083333333332,0.019212699999999958
0.029801222222229425,0.02876922222222215,0.9913574444444448,0.10559222222222214,0.018408555555563706,0.017350666666664617,0.031850088888888885,0.019212699999999958
0.030686555555550717,0.028197222222222332,1.1446131111111113,0.18908322222222218,0.01788385555555768,0.018255055555547038,0.0426181,0.028570933333333375
0.029818444444446063,0.028197222222222332,0.8299814444444447,0.18908322222222218,0.018046855555550363,0.017984277777777103,0.055944811111111166,0.04042338888888888
0.029907888888879422,0.028019555555555603,0.8349263333333331,0.24110266666666688,0.018243744444441115,0.017984277777777103,0.05506367777777785,0.03922735555555556
0.08744611111109812,0.09844766666666674,0.6285275555555556,0.263651,0.018243744444441115,0.01790561111110694,0.07341171111111114,0.06152274444444446
0.06090033333331728,0.09844766666666674,0.49614755555555556,0.26517688888888896,0.018347633333339296,0.018814333333330702,0.07243884444444444,0.06066457777777776
0.22528433333332035,0.07684399999999987,0.35675222222222186,0.26517688888888896,0.019244733333332913,0.01792582222222134,0.09140572222222222,0.06466051111111111
0.22451033333332918,0.07684399999999987,0.35675222222222186,0.2661381111111112,0.018196255555551488,0.004579611111113183,0.07609283333333333,0.09286448888888889
0.6556095555555557,0.07665733333333336,0.1620483333333327,0.1653893333333336,0.005029033333326222,0.004552777777771806,0.11468023333333337,0.09237514444444446
0.6710573333333388,0.07587888888888886,0.16339922222222233,0.17119011111111132,0.005366544444443536,0.005168422222220039,0.1008315555555556,0.11296904444444446
0.6701720000000175,0.07610122222222218,0.01178033333333338,0.08931177777777796,0.005366544444443536,0.0042640333333376175,0.09105770000000006,0.10355038888888883
0.8682406666666794,0.07666,0.012543555555555802,0.08975133333333338,0.005098144444446007,0.004790711111111377,0.0782240888888889,0.09169793333333333
0.8708185555555651,0.07573288888888897,0.007598666666667322,0.037485222222222274,0.004288666666670654,0.004790711111111377,0.0782240888888889,0.10090732222222225
0.8132803333333465,0.005679444444444373,0.00786055555555581,0.014497666666666792,0.005307677777778963,0.06532436666666779,0.06047015555555557,0.07861193333333334
0.8151827777777878,0.006328111111111115,0.00883088888888908,0.01216433333333337,0.004490666666659612,0.1932021555555505,0.07826331111111116,0.08678392222222221
0.6543661111111053,0.005391888888888888,0.007322222222222132,0.012579888888888984,0.08218544444444358,0.4350929555555594,0.05929643333333339,0.06903444444444448
0.6543661111111053,0.006293777777777818,0.009421111111110906,0.01035244444444435,0.2391592666666706,0.8934225444444431,0.060085066666666714,0.04076661111111114
0.2271714444444418,0.005336333333333264,0.009456555555555864,0.01175788888888876,0.23834308888889194,0.8928435000000011,0.022095244444444457,0.04076661111111114
0.21446688888888985,0.006147222222222206,0.008105666666666246,0.006625888888888673,0.896571244444437,0.8935591333333327,0.022639444444444462,0.02104672222222224
0.217489999999998,0.005452666666666575,0.00814844444444418,0.0039815555555553,0.8979322333333263,0.8945085444444487,0.021645288888888895,0.02062916666666669
0.019421333333336104,0.005607444444444375,0.0073852222222217595,0.004158666666666891,0.8971254555555486,0.8945556999999996,0.021239911111111114,0.02127438888888887
0.01938411111109417,0.0064209999999999615,0.009088777777777403,0.0036961111111111227,0.8989785444444339,0.8945556999999996,0.022029499999999935,0.012064999999999956
0.01938411111109417,0.006471333333333323,0.008755333333333226,0.004367000000000035,0.8979595333333256,0.8345004000000025,0.02143539999999998,0.01283663333333335
0.08482966666666572,0.005822666666666581,0.007784999999999956,0.003777333333333546,0.8996112666666692,0.7076314333333377,0.004445177777777717,0.004664644444444483
0.27084433333334346,0.005533222222222239,0.009253333333333558,0.003887444444444555,0.8254942777777691,0.47744518888888543,0.004445177777777717,0.00480563333333334
0.27084433333334346,0.0046313333333333085,0.008610444444444613,0.003887444444444555,0.6685204555555421,0.018329177777777282,0.00434936666666662,0.0037535777777777763
0.30334322222221194,0.0054701111111111885,0.007156444444444472,0.0031327777777777994,0.6823114444444419,0.030669500000003486,0.004473344444444422,0.004483399999999943
0.30419355555555844,0.00472222222222227,0.008586444444444416,0.002758000000000038,0.03390024444444369,0.037610211111105706,0.003929144444444415,0.004414300000000004
0.3046598888888891,0.005510888888889041,0.008305000000000007,0.002758000000000038,0.032539255555554474,0.036660799999989675,0.004679877777777742,0.003804255555555553
0.3046598888888891,0.004797333333333419,0.008305000000000007,0.0026728888888886758,0.4483536777777823,0.466234622222228,0.0047768666666666145,0.004337744444444495
0.30768522222223915,0.004705777777777698,0.007379555555555979,0.002974888888888848,0.44650058888889693,0.6669158444444463,0.003987277777777792,0.005101000000000047
0.30768522222223915,0.004797555555555475,0.006530555555556027,0.0028646666666666144,0.6177895666666745,0.6656078888888904,0.004795722222222231,0.05175517777777778
0.244954666666672,0.004797555555555475,0.0083525555555555,0.0028646666666666144,0.7329027777777842,0.7533098777777841,0.04974157777777783,0.05175517777777778
0.055372666666673676,0.005236111111111244,0.008523555555555618,0.00711011111111088,0.7284278888889067,0.7416053222222274,0.04974157777777783,0.06370052222222226
0.13746344444444328,0.005236111111111244,0.00706755555555579,0.00711011111111088,0.7514156444444559,0.742482322222227,0.05474887777777784,0.06470217777777779
0.22557055555557784,0.005080777777777712,0.030426777777777483,0.03979888888888894,0.7383815444444414,0.7310874777777802,0.05402732222222226,0.06466542222222227
0.22094611111111187,0.039232444444444466,0.02899677777777754,0.039504888888889096,0.7285578111111085,0.7228154888888981,0.05630837777777779,0.06386051111111112
0.23068855555554063,0.038443777777777695,0.04704811111111143,0.10535600000000006,0.7293865222222249,0.7239715222222319,0.056533088888888895,0.06500344444444449
0.2314337777777635,0.03927555555555549,0.048144222222222297,0.10603677777777777,0.3135720999999971,0.29395816666666663,0.05551385555555557,0.06382473333333337
0.2259997777777648,0.04017000000000002,0.0488051111111108,0.1057347777777776,0.3144735888888906,0.09327694444444824,0.05632975555555559,0.06410714444444446
0.22698444444444654,0.03906444444444447,0.0488051111111108,0.10665888888888889,0.14318461111111308,0.09449801111111672,0.05660165555555559,0.017479066666666657
0.22236700000000081,0.03957544444444455,0.227420777777778,0.10722511111111091,0.027412099999989125,0.005625966666662584,0.010852866666666653,0.017479066666666657
0.22330799999998718,0.03854155555555552,0.22578144444444428,0.10245400000000003,0.028283388888878692,0.006218722222226031,0.012018755555555538,0.005577555555555512
0.14180599999998675,0.03961588888888892,0.3927379999999998,0.10296600000000014,0.0052956333333295585,0.005341722222226508,0.0071996888888888645,0.005612499999999984
0.01791688888887519,0.03976788888888885,0.48692311111111214,0.07009966666666677,0.005754655555556889,0.005218777777776672,0.011390666666666636,0.005699133333333328
0.01791688888887519,0.0048689999999999385,0.615065222222223,0.07009966666666677,0.019050955555564367,0.006151744444448721,0.009109611111111101,0.005699133333333328
0.005926000000019687,0.005773555555555514,0.5956157777777781,0.027867555555555475,0.019038866666673156,0.004995711111114866,0.02888784444444449,0.005262744444444415
0.005180777777796822,0.005564666666666638,0.6756904444444448,0.02665522222222213,0.019038866666673156,0.02003421111110192,0.04807764444444447,0.030854122222222183
0.05026422222221704,0.1093952222222223,0.6753747777777778,0.137291,0.01903110000000652,0.02003421111110192,0.04726174444444444,0.02980845555555554
0.04927955555553531,0.1093952222222223,0.6753747777777778,0.13740966666666665,0.01903110000000652,0.019857988888885656,0.06004424444444442,0.04193625555555553
0.24211966666666743,0.11054311111111106,0.4959426666666668,0.139870888888889,0.01895522222222389,0.0199712000000021,0.07269371111111113,0.051652800000000054
0.24117866666668106,0.11054311111111106,0.4968152222222221,0.139870888888889,0.018727288888896965,0.019939133333328606,0.08432488888888887,0.05075630000000006
0.45728833333335694,0.11041266666666655,0.3298586666666665,0.1419504444444443,0.019408233333343284,0.02061067777777718,0.08344383333333331,0.06352165555555554
0.5976162222222128,0.11014400000000003,0.21358622222222184,0.14147722222222195,0.018192322222230613,0.019788144444447653,0.12416384444444446,0.07807278888888888
0.5976162222222128,0.11014400000000003,0.08629611111111046,0.14437999999999976,0.004706133333336817,0.01977349999999155,0.12416384444444446,0.07807278888888888
0.7618858888888806,0.11016122222222219,0.08629611111111046,0.1271644444444446,0.003889511111111688,0.01977349999999155,0.10418723333333327,0.11204946666666668
1.0110635555555392,0.11008211111111108,0.006377333333333014,0.1271644444444446,0.004628411111111872,0.005207733333340533,0.0856597222222222,0.0869075
0.9651762222222261,0.004635111111111022,0.006139444444444722,0.016928777777777845,0.004627111111103786,0.00593621111112144,0.08626806666666664,0.08763478888888888
1.2405967777777833,0.005477444444444362,0.006800444444444844,0.015745777777777588,0.004627111111103786,0.004891366666669228,0.07240522222222222,0.07470925555555556
1.1776309999999943,0.004621555555555545,0.005794888888889065,0.01271833333333324,0.0043138888888860395,0.004593588888888513,0.06047032222222218,0.06559213333333327
1.1776309999999943,0.010843666666666647,0.00640111111111076,0.013223444444444492,0.08289706666665274,0.008373144444451303,0.04767325555555556,0.06632465555555551
1.078447555555537,0.009899777777777768,0.00776111111111138,0.011602555555555623,0.08221612222220642,0.007701600000002726,0.06439132222222227,0.06268422222222222
0.9391908888888895,0.03519533333333335,0.006489222222222048,0.012762555555555525,0.2923168777777758,0.11489727777777464,0.020195877777777753,0.04735338888888889
0.9391908888888895,0.03519533333333335,0.007464777777777778,0.009859777777777703,0.4534974444444389,0.28242747777778104,0.020195877777777753,0.0480438
0.7751074444444537,0.035869888888888944,0.007464777777777778,0.004872444444444568,0.4534974444444389,0.4277167000000033,0.02002793333333331,0.013360577777777754
0.525929777777795,0.03532611111111115,0.008130222222222176,0.004872444444444568,0.6014687222222159,0.42656506666666716,0.0198980333333333,0.01364663333333335
0.5275227777777775,0.036901444444444605,0.008530111111110412,0.005059000000000049,0.6005762999999971,0.5906333999999984,0.01982351111111112,0.013548133333333367
0.2530675555555667,0.036059111111111264,0.007869111111110291,0.004638555555555652,0.9916987555555593,0.5906333999999984,0.01982351111111112,0.014806733333333435
0.12459077777776253,0.037135333333333326,0.009843444444443765,0.005975555555555525,1.4052329555555585,0.9468858888888925,0.020952344444444458,0.01420731111111119
0.12459077777776253,0.03214900000000003,0.01035122222222324,0.005470444444444272,1.3260064222222292,1.2250114333333215,0.021721977777777766,0.014729666666666669
0.008648222222240697,0.03214900000000003,0.00899122222222262,0.0055574444444444916,1.4762095444444552,1.5142369777777718,0.005003911111111056,0.005394300000000044
0.006955555555578031,0.007926777777777814,0.010484000000000531,0.00439744444444459,1.3530667111111003,1.4070413,0.0243549666666667,0.005394300000000044
0.007914777777791137,0.008845555555555626,0.010083222222222491,0.007297333333333316,1.1911312111111083,1.3738702777777723,0.025211455555555592,0.00802814444444446
0.007634222222223899,0.00873855555555557,0.010083222222222491,0.007127555555555492,1.1921742444444463,1.2391261333333274,0.0246023333333334,0.023198388888888925
0.007634222222223899,0.00982244444444448,0.010662444444444457,0.007127555555555492,1.0446288333333358,1.2391261333333274,0.025055966666666728,0.02319172222222223
0.007502888888893723,0.009375888888888777,0.011145000000000653,0.009257777777777835,1.0446288333333358,1.0754152888888833,0.025230766666666682,0.022562933333333333
0.0065375555555470385,0.009375888888888777,0.036676333333334005,0.01037855555555546,0.6543112222222129,1.0754152888888833,0.025230766666666682,0.02228695555555552
0.006347111111128672,0.008428999999999971,0.03470200000000053,0.019335999999999923,0.32254266666667303,0.7197176333333271,0.04766530000000004,0.023161488888888804
0.007128333333336438,0.00719322222222216,0.07510999999999987,0.019335999999999923,0.32254266666667303,0.438162155555555,0.05570401111111114,0.021906611111111085
0.005555888888870363,0.02886122222222218,0.07586944444444378,0.0463010000000001,0.3290242888888789,0.1489366111111047,0.05570401111111114,0.04111713333333329
0.13870999999999692,0.04314533333333337,0.07523755555555549,0.0463010000000001,0.4168637444444446,0.2858625111111053,0.03634025555555553,0.050266099999999966
0.3070584444444396,0.04282022222222221,0.0746471111111112,0.05924144444444461,0.4168637444444446,0.28737184444444275,0.03621222222222223,0.04694184444444443
0.30591177777776263,0.04133088888888893,0.0746471111111112,0.05847033333333308,0.6333687333333337,0.27682676666666517,0.03621222222222223,0.03228024444444443
0.4670263333333272,0.04092511111111108,0.07319499999999993,0.05847033333333308,0.8495607777777726,0.45965662222222176,0.036072922222222185,0.03222591111111109
0.6475237777777795,0.040487000000000016,0.07142711111111075,0.05633233333333326,0.8495607777777726,0.6105904444444453,0.03590278888888885,0.03222591111111109
0.6473080084416322,0.04047350883038989,0.04709485726979951,0.055521270687548564,1.1918107555555684,0.6105904444444453,0.0366567222222222,0.03227723333333328
1.0858868888888842,0.04042822222222221,0.048136111111110345,0.045245333333333415,1.628859477777774,0.8414544000000004,0.01237878888888884,0.03237977777777782
1.3615469999999985,0.04105666666666667,0.006550222222221199,0.04581644444444461,1.628859477777774,1.1940966555555659,0.0047268333333333225,0.03308781111111113
1.3615469999999985,0.019388666666666648,0.005790777777777281,0.018308999999999763,1.9799332111111219,1.1940966555555659,0.0047268333333333225,0.013051133333333355
1.6483591111111007,0.004358666666666622,0.005927333333332285,0.018308999999999763,1.8051358333333416,1.667114133333333,0.00503795555555556,0.004998333333333352
1.479051444444445,0.0043715555555555365,0.006404555555555982,0.002998666666666594,2.3550244000000036,1.530327300000001,0.004309499999999966,0.004998333333333352
1.8729704444444402,0.005100666666666717,0.006404555555555982,0.00284000000000025,2.3046752276260283,2.0688652120808455,0.005510493004663546,0.005857883633133474
1.882056555555538,0.004864333333333409,0.006421555555555693,0.00284000000000025,2.088854866666673,2.4333709888888992,0.005494188888888906,0.0051873222222222565
1.7000974444444334,0.004173666666666718,0.007264666666666623,0.0028114444444445517,2.2982551333333405,2.281351200000008,0.006354733333333363,0.006236922222222268
1.8477220184505974,0.004834611537179098,0.00605190619095155,0.002484050238968762,2.1012013111111085,2.4946496222222265,0.005600800000000011,0.006197688888888927
1.5711825555555505,0.003959444444444553,0.0063134444444443725,0.0029352222222224595,1.5817836111111143,2.2626679111111168,0.06315765555555558,0.005220611111111106
1.2947412222222283,0.004270555555555531,0.005504777777777766,0.0028943333333333815,1.6271288666666712,2.091386777777773,0.08940107777777782,0.005554188888888886
1.4992991111111122,0.00517066666666683,0.006416555555555685,0.0064820000000002966,1.1202839333333292,2.091386777777773,0.09554734444444447,0.04697326666666663
1.0793328888888836,0.0049331111111110305,0.005419111111111066,0.015422444444444653,1.121081300000002,1.6255783111111113,0.0945333777777778,0.04587709999999996
1.2449567777777906,0.004326555555555464,0.006529777777777844,0.014892444444444585,0.5717767222222297,1.626223577777779,0.09816783333333337,0.06990674444444443
0.9012206666666822,0.1314584444444444,0.007341222222221531,0.0720989999999999,0.403924827662894,1.0879032021347548,0.09877420502557258,0.07058835890593726
0.7375486666666752,0.13101666666666667,0.010446666666666715,0.1283024444444444,0.4036555444444521,0.5412215444444415,0.09788161111111111,0.07054129999999997
0.7375486666666752,0.13206811111111114,0.009603555555555785,0.1403198888888887,0.19519344444444503,0.5423487333333255,0.09814792222222223,0.07420865555555549
0.5915164444444498,0.13217522222222222,0.010728000000000293,0.19301744444444444,0.04919244444444202,0.3290503111111068,0.09814792222222223,0.07321394444444439
0.4285854444444542,0.13282544444444433,0.010626000000000444,0.19256544444444443,0.05010844444444413,0.3302513777777689,0.04132300000000001,0.07671552222222218
0.4285854444444542,0.13262655555555566,0.010626000000000444,0.2421596666666667,0.005587988888881531,0.1485736999999953,0.015135233333333314,0.07638221111111113
0.22506311111111346,0.13172644444444437,0.1047081111111115,0.23805677777777767,0.005702733333338175,0.1492577555555575,0.008988966666666653,0.03496313333333338
0.22506311111111346,0.13229955555555567,0.1047081111111115,0.2835744444444445,0.004905366666665461,0.005122844444451226,0.009898055555555538,0.03616043333333333
0.060758444444445565,0.13229955555555567,0.10394133333333223,0.2842764444444445,0.005465700000002016,0.005616377777777694,0.00713454444444441,0.013221622222222212
0.01057555555555862,0.006198666666666637,0.10312988888888855,0.22805733333333342,0.004851577777777215,0.005396544444437268,0.006216944444444459,0.011214966666666666
0.005441777777782085,0.006198666666666637,0.12469533333333359,0.17185388888888892,0.0056778999999980645,0.005396544444437268,0.006889166666666706,0.01209683333333331
0.006294222222221733,0.00621833333333319,0.25198666666666725,0.18795955555555585,0.0054577222222241695,0.005002522222228992,0.005223822222222267,0.008119800000000042
0.005317777777766727,0.006294000000000071,0.25086222222222276,0.1352620000000001,0.006470033333341816,0.006010266666663711,0.006058800000000025,0.008119800000000042
0.005692666666669135,0.005643777777777951,0.4498573333333332,0.13647899999999977,0.006088222222223926,0.004809200000001587,0.005326866666666683,0.00579697777777786
0.005692666666669135,0.005884,0.6342231111111118,0.08702855555555544,0.005263422222229666,0.005004911111115007,0.005264377777777817,0.005088677777777822
0.0056574444444474166,0.007088333333333413,0.6542296666666675,0.08702855555555544,0.005017388888894124,0.004320855555552802,0.005902144444444474,0.00589094444444446
0.006833444444459423,0.0058585555555556515,0.6542296666666675,0.0336763333333331,0.005905477777777909,0.005392499999999245,0.004993055555555589,0.005561033333333354
0.00626222222220147,0.006952888888888885,1.1653335555555566,0.03297433333333307,0.004761155555551492,0.00425370000000511,0.005170055555555584,0.005354588888888851
0.00626222222220147,0.005972777777777852,1.1653335555555566,0.03263233333333323,0.005469111111112726,0.004587088888898608,0.004342466666666669,0.005354588888888851
0.005776222222215842,0.005972777777777852,1.3609733333333338,0.033017555555555515,0.005289711111102078,0.0053251000000089895,0.004554211111111065,0.005515822222222238
0.004923777777776195,0.006013666666666732,1.3504592222222225,0.004968555555555396,0.0045717222222157895,0.004591933333333347,0.017149077777777733,0.005510322222222216
0.005662888888890747,0.005171555555555448,1.3504592222222225,0.004968555555555396,0.01526942222221174,0.004333100000002964,0.016314099999999974,0.005510322222222216
0.005187555555544856,0.00652755555555551,1.2993824444444455,0.006381111111111122,0.015399288888886533,0.015198511111113552,0.017165388888888838,0.013284000000000013
0.005187555555544856,0.005546666666666688,1.312502888888888,0.06302166666666685,0.01609425555554367,0.014409044444442368,0.016015833333333274,0.015912399999999913
0.025659666666671105,0.019816555555555445,1.1975024444444435,0.06302166666666685,0.01531199999998497,0.01528962222222832,0.031020155555555512,0.01585194444444444
0.025612444444429155,0.021017444444444422,1.4141994444444446,0.08440811111111145,0.015260244444445133,0.015176388888887815,0.04653448888888884,0.014984555555555595
0.02543955555557255,0.01992311111111119,0.9126895555555545,0.24490655555555566,0.015946755555552906,0.015684722222223023,0.057314355555555536,0.027941455555555588
0.02625844444446557,0.019871777777777787,0.9126895555555545,0.24394455555555558,0.015238799999991672,0.014699655555552403,0.057314355555555536,0.027941455555555588
0.025349555555572403,0.02121833333333317,0.6930047777777778,0.24577777777777776,0.015371822222224158,0.014732988888886843,0.07159449999999999,0.04710384444444445
0.026424888888894,0.020106333333333264,0.5762275555555555,0.273742111111111,0.015371822222224158,0.014732988888886843,0.05899963333333333,0.06239915555555556
0.02568577777777945,0.0705065555555555,0.5773574444444434,0.273742111111111,0.00452543333333703,0.0149939555555597,0.07215204444444447,0.06239915555555556
0.02613255555555346,0.06915055555555544,0.4290123333333327,0.27583722222222246,0.0038613777777780143,0.004835166666674064,0.10779464444444446,0.07267188888888886
0.02613255555555346,0.06988744444444449,0.23299433333333439,0.21852266666666667,0.004143711111115383,0.005534477777786152,0.10779464444444446,0.07004348888888895
0.0054617777777821175,0.05500633333333344,0.23299433333333439,0.22492355555555538,0.0049600000000080205,0.0046539000000001985,0.09325645555555563,0.10606274444444443
0.0053012222222403385,0.05380544444444447,0.017538777777777646,0.20243122222222198,0.004853700000002922,0.004331055555556734,0.07840575555555557,0.10699394444444445
0.004726111111115946,0.055344666666666605,0.00794388888888875,0.042711888888888834,0.08541597777778205,0.004554266666667041,0.06657794444444443,0.0931526555555556
0.005040111111106348,0.05461599999999993,0.009348666666667782,0.042711888888888834,0.08541597777778205,0.004554266666667041,0.08336292222222222,0.09405315555555561
0.04676811111110308,0.07699722222222248,0.007661222222222049,0.041472666666666595,0.2403554777777812,0.026787411111106017,0.06819881111111112,0.07384766666666673
0.04569277777778148,0.07939744444444448,0.00951077777777698,0.013498555555555767,0.2403554777777812,0.13967863333332453,0.06916448888888892,0.07393727777777782
0.13755044444443837,0.02948566666666667,0.008380888888889142,0.013498555555555767,0.8752531999999905,0.13866875555554734,0.05601207777777779,0.0747035666666667
0.3381262222222227,0.02948566666666667,0.008764222222222569,0.009245333333333229,0.8766049222222169,0.5204868444444439,0.020359188888888893,0.05547839999999999
0.3381262222222227,0.029569111111111036,0.0084989999999989,0.009245333333333229,0.8756276222222223,0.5197875333333318,0.021164488888888926,0.05619112222222216
0.655062666666658,0.02897599999999992,0.0084989999999989,0.0036877777777779073,0.8773552444444401,0.9239964111111003,0.020060588888888873,0.020014555555555587
0.6698542222222084,0.03010900000000009,0.00847722222222242,0.0042314444444444795,0.8781573777777713,0.9233608444444378,0.020199422222222208,0.019855566666666682
0.6698542222222084,0.029193333333333432,0.00822044444444556,0.0034523333333334153,0.7969085888888844,0.9243655999999938,0.02090834444444448,0.019855566666666682
0.8558976666666543,0.03001499999999998,0.006815666666666529,0.004164777777777968,0.7987940666666558,0.9255948222222168,0.004666511111111148,0.019761188888888857
0.8940097777777839,0.006287222222222037,0.008369777777777662,0.0035006666666666953,0.6430746222222139,0.9025903333333329,0.004666511111111148,0.020373088888888856
1.039792000000009,0.004851000000000186,0.00652022222222273,0.0028859999999997716,0.64458392222222,0.7924197333333388,0.004826877777777714,0.004253744444444405
0.947934333333352,0.004362555555555758,0.0075767777777776425,0.0032997777777777535,0.010699144444446222,0.7924197333333388,0.004826877777777714,0.004315266666666648
0.7916245555555482,0.0051054444444444715,0.006433111111110495,0.0028283333333334326,0.013756088888890697,0.4294848111111157,0.004656444444444427,0.004315266666666648
0.8142627777777863,0.004285111111111049,0.006425000000000915,0.003321999999999924,0.013756088888890697,0.4476300333333257,0.004380266666666688,0.004225688888888937
0.49652466666667455,0.005361111111111052,0.0077854444444448575,0.0024786666666665427,0.028562088888890006,0.443702366666672,0.0048885333333333275,0.004534633333333353
0.4876527777777887,0.004831666666666321,0.006565777777776956,0.0027353333333333613,0.39004273333333433,0.443702366666672,0.004086066666666715,0.003762422222222225
0.4876527777777887,0.004208111111110845,0.006202999999999292,0.003206222222222345,0.39004273333333433,0.6202219444444413,0.0069341111111111105,0.007529811111111097
0.30662744444445406,0.004499111111111158,0.006202999999999292,0.003006111111111191,0.5884488888888927,0.7220899222222228,0.007214388888888924,0.047353566666666645
0.22678733333332782,0.005498555555555464,0.0056765555555544885,0.0033522222222224234,0.5884488888888927,0.7228605444444504,0.007214388888888924,0.04674166666666665
0.08451188888888182,0.005242222222221926,0.007679666666665716,0.009095000000000101,0.71001798888889,0.720139922222226,0.04083238888888894,0.05035135555555554
0.08451188888888182,0.005242222222221926,0.006623111111110803,0.008681222222222118,0.7087719666666727,0.7208067333333349,0.04204436666666674,0.049523544444444435
0.17416544444444704,0.005970444444444686,0.008216777777778678,0.02378988888888895,0.7043633000000019,0.7018795999999902,0.04404792222222228,0.051131277777777796
0.21300622222222249,0.03005477777777799,0.00850233333333329,0.02329622222222246,0.7052384111111142,0.6847387666666754,0.04351879999999998,0.05134333333333334
0.21300622222222249,0.028978777777777985,0.007141888888889349,0.08373655555555558,0.688808433333337,0.2844575555555606,0.044872944444444424,0.05131307777777775
0.20730111111108981,0.029276000000000205,0.0283005555555557,0.09468611111111101,0.32565088849400303,0.285041292758774,0.045911750333185265,0.051290282096845816
0.20730111111108981,0.030441777777777904,0.029111000000000335,0.09483233333333314,0.32700983333333195,0.10779535555556348,0.0423751888888889,0.04889554444444444
0.20245955555555561,0.029329111111111042,0.029111000000000335,0.09431999999999974,0.12766346773297527,0.004696590025550453,0.04262091525047203,0.008262912362545848
0.20328699999999522,0.029290111111111215,0.21198344444444533,0.10613922222222212,0.1277060222222196,0.005120733333329655,0.04263512222222218,0.00938758888888891
0.19978022222221625,0.029380777777777926,0.20998033333333413,0.10039644444444444,0.005324688888878074,0.005846666666659278,0.009086755555555543,0.006614911111111137
0.20043222222221227,0.029380777777777926,0.4183798888888899,0.10133322222222241,0.005736900000003845,0.005179855555550401,0.008774733333333323,0.006614911111111137
0.06624288888888764,0.029004666666666644,0.416786222222222,0.08679344444444424,0.005736900000003845,0.005645822222223589,0.006100611111111098,0.006596544444444451
0.004763888888874135,0.005472999999999692,0.5941520000000003,0.08796599999999997,0.01763922222222113,0.015465522222216223,0.01618512222222219,0.017572588888888924
0.005657222222225755,0.005472999999999692,0.7203064444444449,0.08283855555555578,0.017635455555557025,0.015465522222216223,0.02492434444444442,0.016709400000000034
0.004474444444465714,0.0060870000000000524,0.7030053333333339,0.07108866666666695,0.017643297020899645,0.015784170742550833,0.0238757447754557,0.017767718986216124
0.021551111111117887,0.0049212222222223545,0.7019162222222219,0.1116250000000001,0.017005766666667595,0.015791988888887925,0.04347993333333333,0.016409966666666692
0.1501743333333252,0.09434877777777789,0.7019162222222219,0.1315953333333333,0.016944503723463972,0.016346893408911593,0.042410714682672004,0.023160531288207196
0.1493468888888856,0.09426444444444432,0.519473111111111,0.12890922222222223,0.01693885555555615,0.015148244444443688,0.05750432222222221,0.033035377777777784
0.3316820000000007,0.09346611111111101,0.5206713333333334,0.12890922222222223,0.017042933333335165,0.0155256888888952,0.06620616666666669,0.032198366666666665
0.4509824444444601,0.09444777777777781,0.3122717777777777,0.13035099999999983,0.01683904444444314,0.01614166666666645,0.06530621111111111,0.04632952222222226
0.4501902222222422,0.0938782222222222,0.3134659999999991,0.13202066666666687,0.01683904444444314,0.015013044444439554,0.08085518888888883,0.05940160000000001
0.6696416666666716,0.09332555555555584,0.13461977777777653,0.13415299999999972,0.004836777777777949,0.004814388888885586,0.1055698888888889,0.04759035555555555
0.832096222222213,0.09416611111111135,0.00980655555555485,0.08090822222222215,0.004547544444442843,0.0054388888888878585,0.09496825555555558,0.09069502222222219
0.832096222222213,0.0932955555555554,0.005948999999999514,0.08090822222222215,0.005302333333329696,0.0044168333333326855,0.09592343333333336,0.09026326666666663
1.1307200000000093,0.0932955555555554,0.0064768888888898524,0.04296533333333328,0.004717811111109743,0.004465733333325438,0.0763086333333333,0.09026326666666663
1.1539903333333414,0.0048028888888889615,0.00723366666666752,0.023271777777777756,0.004323955555558238,0.004731366666665812,0.0771743888888888,0.08436405555555558
1.1539903333333414,0.003926777777778057,0.00682977777777833,0.013865666666666875,0.005154844444452541,0.004731366666665812,0.06206664444444438,0.09037015555555558
1.15408277777778,0.025929111111111073,0.005631555555555994,0.014948000000000012,0.004353700000011587,0.09019397777777273,0.052990999999999996,0.09037015555555558
1.0341303333333245,0.025838333333333532,0.007436666666666585,0.013586666666666662,0.02151038888888479,0.08957800000000148,0.06435275555555556,0.07707379999999997
1.0391148888888893,0.025312888888888968,0.006242444444445204,0.011348111111110943,0.04201215555554604,0.2988340333333402,0.04880377777777783,0.06299997777777777
0.8210267777777871,0.02691711111111101,0.007820000000000013,0.00913800000000009,0.17606888888888586,0.2982086000000063,0.014915511111111127,0.06299997777777777
0.657678888888894,0.027798111111111093,0.007795333333334043,0.0070698888888887585,0.17544195555555261,0.5222162444444507,0.01559243333333338,0.020658766666666693
0.6593761111111134,0.027153888888889022,0.007795333333334043,0.00774188888888874,0.345474966666662,0.7883594555555521,0.014637255555555593,0.020664300000000007
0.3436756666666649,0.02829922222222218,0.008747444444444518,0.005108111111111116,0.5107564999999947,0.7874124666666692,0.01529185555555563,0.0213759666666667
0.19180955555556367,0.02828622222222224,0.009381666666666573,0.005339111111111332,0.5102294444444403,1.297706688888891,0.01554676666666673,0.020532333333333312
0.19306388888887543,0.02919366666666671,0.009629333333333219,0.004950888888888727,0.7824009555555418,1.297706688888891,0.01554676666666673,0.004595833333333361
0.011934666666674174,0.008390555555555877,0.009629333333333219,0.005325111111111151,0.7824009555555418,1.4058363111111085,0.015393922222222271,0.004595833333333361
0.011934666666674174,0.008731777777777536,0.01036744444444398,0.0043078888888889505,1.231184444444444,1.5322380444444454,0.004032166666666713,0.019315077777777818
0.008108222222214561,0.008731777777777536,0.011968888888888944,0.005259222222222428,1.5081375222222342,1.3229820111111066,0.005164366666666673,0.019354244444444432
0.00791411111110089,0.00873688888888877,0.010391333333334135,0.005882333333333397,1.37330562222223,1.3240743888888808,0.004983466666666683,0.019354244444444432
0.008729999999988853,0.0070153333333331765,0.011075777777776352,0.005882333333333397,1.495751733333331,1.099442244444434,0.004306544444444431,0.019514311111111113
0.007923111111116063,0.0086964444444442,0.013450666666666205,0.00615544444444459,1.3258416444444443,0.8341803111111183,0.021975355555555534,0.018890111111111142
0.00874388888888057,0.0093503333333334,0.011212333333332936,0.009670222222222297,1.1612477000000025,0.8350629777777765,0.02211189999999995,0.01947974444444444
0.00740699999998166,0.008428444444444239,0.011668555555554388,0.0091624444444444,1.1612477000000025,0.3247281444444386,0.02099123333333334,0.01947974444444444
0.007588333333337182,0.008729999999999905,0.010367777777776472,0.010622666666666447,1.4464126555555639,0.3247281444444386,0.04930616666666667,0.030268977777777758
0.01407099999998233,0.0075307777777777266,0.07893288888888764,0.009166111111110887,1.4464126555555639,0.7850948666666682,0.05039654444444445,0.030268977777777758
0.01407099999998233,0.041502222222222135,0.07638966666666629,0.06816755555555551,2.2399243111111105,0.6586931333333313,0.052739533333333324,0.046250855555555526
1.3557521111111126,0.04282733333333353,0.07684255555555493,0.06792144444444444,3.1284534555555488,2.4281197888888895,0.051607333333333366,0.048184177777777816
2.2357478888888838,0.041218000000000254,0.07902288888888936,0.06620355555555572,3.1284534555555488,3.91984616666667,0.054178933333333346,0.050642911111111126
2.234931999999996,0.042419888888889076,0.07702188888889024,0.06699033333333344,4.769024244444451,3.91984616666667,0.054178933333333346,0.05217715555555554
3.761272111111112,0.041607666666666814,0.07605777777777689,0.06668911111111106,6.120091511111115,5.8657401111111085,0.03982425555555559,0.05217715555555554
4.615703000000016,0.03980844444444445,0.07605777777777689,0.06259755555555557,7.540983322222231,5.864857444444451,0.041256000000000036,0.053711566666666676
4.615703000000016,0.04083611111111118,0.07632500000000025,0.06324966666666675,7.540983322222231,7.549501488888893,0.044809022222222224,0.053711566666666676
6.033231999999998,0.04043588888888887,0.0781871111111122,0.06285088888888919,8.975271133333335,9.093946266666675,0.016494088888888894,0.045154699999999985
6.0241123083759165,0.04173905798711384,0.009619862252833733,0.06283692512774967,10.12249338888889,8.43888393333334,0.017866111111111083,0.04833121111111111
7.057976904286051,0.006540417499444905,0.011349766822120003,0.004304241616700029,8.862202688888889,9.88785527777778,0.015523122222222204,0.01679528888888891
6.694092000000006,0.0063586666666665004,0.009303000000001147,0.003931222222221939,8.971061466666669,8.118428622222222,0.018426122222222206,0.01732954444444443
5.8129270000000215,0.0063586666666665004,0.008820333333332542,0.004806111111110943,10.813132733333331,8.480752133333334,0.015124477777777775,0.01726730000000003
7.187253555555572,0.0063672222222221665,0.010206888888887988,0.004356333333333061,9.050115833333328,9.98322886666667,0.0183408111111111,0.014809533333333366
6.595386666666653,0.006628666666666542,0.008796111111111475,0.004166444444444375,9.148443911111107,9.33138803333333,0.017035711111111105,0.018081711111111145
5.7401349999999844,0.006628666666666542,0.01062477777777815,0.004166444444444375,9.07735105555555,9.33138803333333,0.014812822222222207,0.017486155555555605
7.224063111111112,0.007102888888888733,0.010446333333334223,0.004185555555555393,10.156901944444439,9.478346233333337,0.01449590000000002,0.017486155555555605
7.054554666666668,0.007644555555555618,0.008584222222222278,0.003124111111110908,9.3378482,7.933901455555556,0.016912177777777784,0.01809876666666671
7.056122693931985,0.006333518559680096,0.010369971104688904,0.0036578128472994705,9.322832544444447,9.622332522222221,0.015968900000000015,0.018367399999999992
7.4615682677340285,0.007455970647098113,0.008638092061372837,0.004092394929953257,9.322832544444447,9.819061011111113,0.015968900000000015,0.018367399999999992
6.482344888888874,0.007612555555555487,0.010320999999999952,0.0037603333333334397,9.602643655555552,9.819061011111113,0.016784577777777778,0.01819686666666665
7.795216777777771,0.008693888888888779,0.009984111111110553,0.0034421111111109484,7.760572388888891,9.79118086666667,0.019397333333333353,0.018243122222222168
6.42089022222222,0.00748344444444429,0.010817777777778778,0.003547444444444794,9.799674011111119,8.288704133333335,0.016181000000000025,0.018243122222222168
6.813969888888905,0.008044444444444644,0.010817777777778778,0.003093444444444692,8.349400955555565,8.99469037777778,0.01696739999999999,0.018336511111111065
6.813969888888905,0.008044444444444644,0.010010444444445297,0.003969666666666822,8.537419955555565,8.99469037777778,0.019768799999999972,0.016096355555555487
6.041787999999997,0.010459777777777884,0.009127888888888455,0.004443444444444506,9.22050650000001,8.578229888888886,0.01653269999999997,0.020054222222222137
4.824406777777793,0.009109333333333167,0.010773222222222028,0.004443444444444506,8.047105077777786,9.81030635555556,0.017089677777777812,0.016135155555555485
4.824406777777793,0.029854111111111102,0.008989777777778664,0.005197999999999641,8.162267788888892,9.461081388888893,0.014901522222222248,0.016419711111111093
3.3864495555555503,0.03027588888888902,0.01058055555555547,0.0049520000000001915,8.162267788888892,7.81538155555556,0.018832766666666657,0.018949944444444436
3.3871906666666596,0.02897533333333355,0.0100856666666655,0.0049520000000001915,8.605093311111116,9.05760008888889,0.017539722222222245,0.018093688888888872
2.0756614444444494,0.02940655555555575,0.01057777777777839,0.0051660000000003006,10.379026688888898,8.70861491111112,0.014926966666666671,0.015650944444444446
2.0764689999999875,0.030424666666666964,0.008357555555554718,0.005318888888888849,8.33992506666667,9.724516266666665,0.01892102222222216,0.019020177777777748
0.74802577777776,0.029816333333333174,0.009918222222222224,0.006081333333333087,9.79387052222222,9.175445011111117,0.01612558888888884,0.01565461111111107
0.7492003333333186,0.029816333333333174,0.01042844444444313,0.005205111111110957,9.425341122222205,9.175445011111117,0.016295666666666722,0.019020988888888864
0.03903822222221404,0.027131222222222345,0.010402888888888937,0.004412888888888726,7.777712688888879,8.843570366666674,0.018325188888888923,0.016923822222222232
0.006963222222212709,0.028400777777777917,0.013730999999999148,0.004971777777777773,7.777712688888879,7.6114939,0.03619081111111109,0.018528344444444445
0.008036555555539357,0.007655999999999984,0.013730999999999148,0.0036843333333334747,6.549247399999994,7.514220188888888,0.03619081111111109,0.014798644444444429
0.006723333333335783,0.0072307777777776356,0.0133692222222237,0.005088111111111084,6.549247399999994,7.5235068888888845,0.03612098888888889,0.02595556666666668
0.007336666666686951,0.008459777777777807,0.01331977777777777,0.005088111111111084,4.532686155555552,6.282428388888886,0.033695355555555535,0.025349977777777838
0.0059939999999995865,0.007873777777777808,0.05162244444444437,0.022273000000000015,4.190410377777773,4.804151444444431,0.05769183333333332,0.025349977777777838
0.006557555555572334,0.006855666666666594,0.05162244444444437,0.06662788888888867,5.583380533333323,4.504271077777778,0.05709412222222226,0.08953850000000006
0.5702756666666776,0.040897444444444396,0.050882111111110684,0.06586544444444442,4.129435077777774,4.62804913333333,0.05709412222222226,0.0924468444444445
0.569101111111119,0.040897444444444396,0.05088444444444444,0.06697599999999998,4.396773500000007,4.62804913333333,0.05834483333333329,0.08908046666666669
2.06658944444444,0.042345222222222235,0.04985655555555487,0.06662322222222233,5.806071755555568,5.002446966666659,0.059092566666666686,0.08999689999999999
2.06658944444444,0.04210100000000002,0.04763844444444487,0.067125888888889,5.806071755555568,6.641269533333328,0.038253688888888915,0.09388233333333339
3.5791972222222186,0.04295866666666647,0.04763844444444487,0.067125888888889,7.271266088888887,5.399337144444442,0.0422637111111111,0.09388233333333339
4.524478666666685,0.041843222222222136,0.04850066666666603,0.06599177777777775,8.778636688888886,7.1342727555555525,0.04074206666666664,0.08324922222222222
4.523124222222224,0.04206433333333316,0.04899566666666683,0.06641255555555543,9.991174200000009,7.133132722222222,0.04338554444444446,0.08601067777777775
6.083545555555551,0.04113777777777767,0.008840111111110913,0.04912977777777765,9.900272900000003,9.195054155555558,0.019389066666666677,0.08601067777777775
7.069278555555558,0.04380244444444436,0.011604333333333255,0.004179666666666767,8.507302744444452,8.479033166666667,0.018425400000000012,0.02094680000000001
6.505560444444453,0.00985900000000031,0.012115222222222303,0.005173444444444502,10.19680374444445,8.809523522222234,0.020441833333333326,0.018038455555555586
7.53224477777778,0.00985900000000031,0.010581333333334442,0.004650000000000019,8.759489177777779,9.996686799999999,0.016219644444444434,0.021957644444444438
7.118146111111123,0.008840888888888702,0.012658444444445157,0.004650000000000019,9.276100822222219,10.022366088888893,0.01700858888888885,0.021658733333333353
7.985905444444446,0.007815555555555341,0.00990311111111137,0.004184222222222269,9.276100822222219,8.383543522222224,0.0196331555555555,0.01950392222222219
6.472224333333341,0.008007777777777787,0.01218377777777846,0.004184222222222269,9.509646211111125,10.45486218888888,0.017833555555555537,0.01950392222222219
6.7115898888888905,0.009542222222222169,0.010092555555555945,0.003980555555555457,9.374052133333342,10.018307322222219,0.017350311111111103,0.018138444444444415
7.828099222222212,0.008092111111110967,0.010817111111112216,0.004081444444444237,8.160596466666659,10.018307322222219,0.014706833333333287,0.016535966666666645
7.2883362222222186,0.009757222222222122,0.010817111111112216,0.003994222222222356,8.750047300000004,10.007547277777782,0.0170994888888889,0.01910769999999995
6.3012321111111005,0.007092555555555436,0.010562111111111803,0.003994222222222356,10.513049733333332,10.007547277777782,0.017919799999999993,0.016613822222222154
7.520973333333334,0.007754666666666627,0.01113866666666594,0.004144111111110979,8.823548733333336,9.428102333333323,0.01590336666666668,0.021476355555555524
7.397751388580315,0.009036436347478327,0.011136191957342084,0.004194067984892318,10.149493100000004,9.43058296666667,0.01854917777777778,0.017557166666666676
7.588138777777785,0.007376666666666884,0.010384999999999422,0.004539222222222448,9.352966211111102,7.946464255555555,0.01764500000000002,0.01800469999999998
6.720379444444462,0.009121222222222435,0.011755555555555791,0.003943444444444487,9.352966211111102,9.918576822222223,0.017294888888888915,0.014669555555555549
7.917005107705966,0.008065956029313998,0.010942260715078716,0.004666111481234773,9.631532377777768,9.431130266666672,0.015084466666666687,0.01929047777777783
6.7376361111110885,0.008174666666666911,0.010949555555555435,0.003958888888889018,9.823742655555556,8.123462822222226,0.016659866666666696,0.01760191111111116
7.049253000000009,0.009345111111111335,0.01046433333333299,0.004019777777778128,10.967594700000005,10.23096586666667,0.019144577777777803,0.019052411111111143
6.875672444444465,0.0076800000000001815,0.011667222222221262,0.00440011111111084,9.037387566666666,9.371892855555558,0.01675192222222219,0.019951966666666675
8.147186555555537,0.009068111111111204,0.009157999999999333,0.0048372222222220615,8.881342199999997,10.45871562222222,0.01679895555555554,0.02216570000000008
6.927445333333304,0.007224666666666559,0.009215666666667252,0.0036935555555557033,8.881342199999997,9.13204277777778,0.019672744444444484,0.01730316666666671
7.093841520337837,0.007473660813514037,0.010577795065570314,0.003660257835074281,9.51922100000001,9.451792999999993,0.01893212222222222,0.020483488888888915
6.982494555555529,0.00896633333333341,0.009252000000000433,0.0038306666666664394,9.396470533333337,10.682284711111109,0.016270099999999968,0.019968477777777775
6.982494555555529,0.007221777777777858,0.010015666666666966,0.0038306666666664394,10.53484064444445,8.71017214444444,0.017404922222222206,0.019968477777777775
7.068032021347567,0.00835279074938847,0.009820324660885043,0.004028129864353873,9.632499266666667,8.93641280000001,0.019854411111111137,0.01861726666666666
7.936096333333354,0.007798999999999742,0.011187555555554557,0.004025444444444304,8.068512466666663,10.170428211111117,0.01642247777777781,0.021140244444444452
7.5286655555555635,0.006628555555555317,0.011005888888888649,0.004119999999999951,8.714456833333328,9.367899100000004,0.016484800000000004,0.017068777777777804
6.681587777777774,0.008192333333333185,0.009803000000000377,0.0031541111111113513,9.826737522222217,9.507969044444438,0.020091544444444463,0.016455111111111156
6.952706000000036,0.007739444444444546,0.011516333333332796,0.003303222222222186,9.984422855555563,8.421146277777776,0.016791522222222258,0.017563333333333316
7.9704598888889056,0.007739444444444546,0.011240333333333297,0.00398711111111104,11.13303318888889,10.016385688888889,0.017250688888888886,0.017563333333333316
6.900533777777785,0.007526666666666731,0.009880555555555918,0.0033832222222223156,9.169210022222208,8.50699155555556,0.01815805555555556,0.017073455555555537
7.161710777777798,0.007197999999999718,0.011756555555556424,0.0032977777777776713,9.792928555555557,9.153856777777783,0.01815805555555556,0.017259200000000037
7.161710777777798,0.007197999999999718,0.010974666666666306,0.0038741111111113315,8.654558444444444,10.641632022222225,0.017414611111111113,0.017259200000000037
7.012367888888902,0.007737111111111182,0.009701888888888751,0.002953555555555691,9.57908126666667,9.954984444444436,0.017115122222222168,0.017396611111111116
6.967074777777776,0.007893666666667009,0.009923111111111401,0.004601666666666739,10.910465166666668,10.099131099999997,0.020604966666666603,0.01709273333333329
7.343348777777768,0.007893666666667009,0.009708000000000223,0.003924555555555524,9.120668755555554,8.794157166666666,0.0180579333333333,0.01709273333333329
7.343348777777768,0.007355777777777838,0.010858000000000504,0.004786111111110911,9.711537999999994,9.051924422222225,0.018433111111111074,0.01827054444444448
6.745871777777767,0.007548999999999732,0.009144666666668085,0.005163888888888993,9.46883628888888,10.563976655555562,0.02037924444444442,0.014948588888888918
7.161420666666649,0.008614222222222327,0.00977055555555574,0.004480000000000138,9.418243277777783,8.968737244444451,0.017046288888888848,0.01892463333333332
7.161420666666649,0.008500555555555265,0.011535555555555436,0.005219555555555644,9.418243277777783,10.643142077777773,0.018125877777777775,0.01853370000000001
6.705536555555531,0.007334888888888793,0.010834222222221178,0.005221444444444501,9.315584877777779,9.992120855555562,0.02078070000000003,0.018680511111111145
7.8330633333333335,0.00909611111111117,0.009481888888888396,0.004645111111110841,10.669161944444445,8.50434561111112,0.018114866666666687,0.020564166666666692
7.684695444444465,0.008650444444444282,0.011121333333333736,0.0054096666666663875,8.65077058888889,9.260186633333342,0.019998122222222255,0.01715704444444445
6.8572122222222385,0.0074043333333331735,0.011082333333334304,0.0037615555555553393,9.024200788888898,9.026056733333336,0.016508277777777823,0.018198777777777814
6.8322934444444305,0.00884477777777764,0.011017777777777522,0.004356333333333061,10.52783268888889,9.026056733333336,0.0199581444444445,0.021199111111111158
6.8322934444444305,0.007818888888888943,0.009867777777777241,0.004356000000000175,8.82468275555556,9.212892433333332,0.018245966666666714,0.019545788888888947
7.455573222222231,0.00848277777777816,0.012010666666665455,0.003882222222222096,8.654265200000005,7.700840199999995,0.016299833333333368,0.019545788888888947
7.197307333333357,0.007417555555555567,0.011130111111111458,0.003882222222222096,8.715728100000007,9.750964066666668,0.01973101111111114,0.019258266666666704
7.197307333333357,0.00785244444444465,0.010880777777777616,0.003854333333333355,10.491000777777778,9.59379142222223,0.01801507777777783,0.018940366666666715
7.523302111111157,0.00915600000000004,0.009706111111111367,0.0034224444444445924,8.848299100000006,8.367455711111104,0.017712866666666636,0.016197066666666687
6.395775333333354,0.008455222222222307,0.011273222222222837,0.003967222222222233,8.660832944444438,10.319184211111104,0.017712866666666636,0.01682936666666662
6.684388666666665,0.007236333333333376,0.01187444444444452,0.0032026666666666874,10.36080768888889,8.439877999999993,0.017772144444444422,0.01863895555555554
7.875163111111104,0.008569888888888816,0.010318444444444533,0.004330666666666853,8.655993588888885,9.335631611111117,0.017772144444444422,0.01845011111111108
6.5031124444444695,0.007129444444444349,0.01041433333333291,0.004160666666666973,9.078537811111113,9.335631611111117,0.01757552222222222,0.01880517777777772
7.96941277777781,0.008824888888888834,0.012119000000000017,0.0032994444444444724,9.078537811111113,9.646999666666671,0.018814444444444394,0.01642306666666655
6.400977666666678,0.008803999999999788,0.009976111111111803,0.003978000000000037,9.384093488888896,10.907112455555557,0.018814444444444394,0.018278388888888802
6.747077222222238,0.008803999999999788,0.010089888888888116,0.003978000000000037,9.38678699999999,10.173629555555554,0.018232433333333263,0.01692345555555555
8.11794933333335,0.008825111111111283,0.010171777777777101,0.004322666666666524,8.976060611111107,8.656397366666669,0.01605622222222214,0.017741822222222203
6.822714999999992,0.00857633333333357,0.010171777777777101,0.004756999999999876,10.17616603333333,10.190175355555562,0.017427522222222196,0.020143555555555522
8.229176777777765,0.007515888888888927,0.010579333333333177,0.0050043333333336356,9.010055122222228,9.677712288888898,0.01978659999999997,0.017627600000000042
6.955545111111102,0.00927599999999984,0.01040922222222207,0.0050043333333336356,9.296398988888896,9.677712288888898,0.01569406666666663,0.018057855555555547
7.167094333333303,0.007942444444444401,0.011534777777776464,0.004776999999999908,9.296398988888896,9.400652011111113,0.019372944444444443,0.016964777777777787
7.167094333333303,0.009802222222222195,0.010021555555555199,0.0043522222222220665,9.483036600000002,9.400652011111113,0.01995056666666662,0.017513477777777786
7.156428888888867,0.009315000000000061,0.010414999999999472,0.005178555555555341,10.690434455555568,9.388940122222216,0.016441900000000006,0.017513477777777786
7.156428888888867,0.007543555555555612,0.010414999999999472,0.004009777777777717,10.41537293333333,8.128827333333332,0.018694222222222275,0.018737877777777752
7.210316777777785,0.009229777777777868,0.010789666666666007,0.004806444444444619,9.253199200000003,8.700617944444453,0.018905355555555597,0.019260188888888877
7.103684999999992,0.008738222222221896,0.009192111111111166,0.0037501111111113675,9.33492831111111,10.03281338888889,0.018905355555555597,0.016460211111111088
7.925046555555532,0.007683444444444219,0.010977111111112475,0.004035888888888827,9.235680911111116,9.680953022222216,0.018257122222222293,0.016976533333333346
6.518584777777758,0.009234111111110919,0.010850555555555906,0.0039324444444442325,9.235680911111116,8.24168758888888,0.01973315555555566,0.020249677777777735
7.670177777777756,0.008800888888889032,0.008779999999999986,0.0039324444444442325,9.268611066666663,10.14677203333332,0.01973315555555566,0.01800983333333331
7.08282822222226,0.008800888888889032,0.009524555555556289,0.003860444444444432,10.329952955555548,9.693390588888876,0.019139644444444437,0.019135333333333344
7.08282822222226,0.008888000000000082,0.011082777777777627,0.003860444444444432,8.217139222222222,10.783402044444442,0.01800996666666667,0.015231233333333361
7.112205222222202,0.007679777777777731,0.008984666666666247,0.003844111111111283,9.101882133333325,8.706984600000009,0.01800996666666667,0.018727900000000002
8.200677777777754,0.009420111111111061,0.0107656666666666,0.004608444444444379,9.348341277777783,10.301879411111116,0.020022866666666667,0.018413377777777747
7.491895444444405,0.007733888888888806,0.010234000000000127,0.0038117777777774762,9.34522620237699,9.667949639009212,0.019762190380984146,0.015552293679884423
6.227655111111088,0.007813333333333599,0.010234000000000127,0.004495111111110993,9.634502477777795,10.066718722222227,0.02159770000000003,0.01897628888888889
6.5948592222222135,0.00939888888888913,0.010679222222220928,0.004695777777777879,8.533644455555564,9.958208244444457,0.018522022222222212,0.016058233333333314
7.624562333333365,0.00784822222222243,0.008831111111109952,0.004007111111111072,10.165247677777772,9.958208244444457,0.018435544444444427,0.016178177777777785
6.472969333333368,0.007667333333333125,0.010696888888888782,0.004613333333333161,10.061354155555554,9.575144111111126,0.02071594444444438,0.020233877777777756
7.18231677777774,0.009153222222222172,0.010698888888888468,0.004518888888889134,9.000012266666669,8.26580005555557,0.01763057777777779,0.017129466666666607
8.295153666666668,0.007206333333333328,0.00914066666666713,0.004518888888889134,10.259147611111116,8.883458288888885,0.01764206666666671,0.022088577777777806
6.810141777777821,0.008797999999999936,0.01104744444444508,0.0044167777777776645,9.666281633333345,10.012714577777773,0.019948711111111135,0.021461355555555506
6.994992000000012,0.0070576666666666045,0.010978999999999753,0.0036524444444445696,8.037805200000005,9.762814533333332,0.01568348888888887,0.018696155555555545
6.128750000000006,0.008437444444444412,0.009587444444444298,0.004439888888889243,9.86055430699121,10.09634050238969,0.01648240524619316,0.022377703679004185
7.6823486666666625,0.008172777777777659,0.011638222222223426,0.00452733333333318,8.12483085555554,8.36523317777778,0.017991955555555574,0.018951433333333344
6.493782999999995,0.006587222222222127,0.010568444444444935,0.0036065555555554836,10.187829099999986,8.860925844444441,0.017991955555555574,0.022244411111111074
6.782420888888889,0.00844955555555534,0.010568444444444935,0.004042777777777692,9.895146733333336,10.159975944444437,0.016725755555555475,0.020663166666666653
7.715395888888857,0.0073035555555556195,0.010575111111110562,0.004010222222222224,9.388709566666668,9.988876522222215,0.01792394444444444,0.01660746666666668
7.344708333333327,0.007145666666666668,0.010155111111111462,0.004066999999999945,10.71264032222221,9.988876522222215,0.01792394444444444,0.020307000000000016
7.237106888888876,0.008827555555555477,0.011618333333334225,0.004066999999999945,9.453504977777762,9.960819466666667,0.017332944444444377,0.017676711111110997
7.237106888888876,0.007235888888888869,0.009711555555556277,0.0037264444444444524,9.121057111111107,8.83156317777778,0.0178139888888889,0.01711209999999999
7.511627444444458,0.008774555555555471,0.010363555555557014,0.0042858888888888365,10.74678293333332,9.374851300000003,0.0178139888888889,0.020024855555555568
7.511627444444458,0.008661444444444538,0.010363555555557014,0.004094222222222123,8.927320677777779,7.7869663222222165,0.017782722222222196,0.0163507666666666
7.182896555555595,0.007677555555555592,0.010522888888887553,0.003323444444444669,10.451276044444455,9.908371155555542,0.014438755555555498,0.02053107777777769
8.384051666666691,0.009341555555555678,0.009362444444443934,0.004247666666666798,9.890379844444448,9.509299177777775,0.019152588888888853,0.01723809999999996
7.065710666666646,0.007479222222222464,0.011273777777778568,0.004633000000000307,8.551458988888887,9.551018866666672,0.020066077777777816,0.018298933333333385
7.318474,0.008950222222222316,0.009401333333334113,0.004059333333333686,9.178793600000004,9.566349266666666,0.018871044444444467,0.018298933333333385
6.164840000000014,0.008766444444444311,0.010222000000000423,0.0041604444444441275,9.14797296666668,9.566349266666666,0.018871044444444467,0.019555677777777804
6.685352555555559,0.007084555555555502,0.011103111111110151,0.0041604444444441275,9.14797296666668,9.98730875555556,0.019759588888888922,0.02173023333333335
6.685352555555559,0.00879222222222214,0.011103111111110151,0.004682666666666712,9.717250422222214,9.98730875555556,0.02014748888888892,0.019425400000000013
6.72356922222222,0.008559111111111406,0.010680555555554054,0.004692555555555503,9.391121644444446,9.629072999999993,0.022107666666666713,0.019417422222222303
7.720530777777792,0.008485777777777691,0.010680555555554054,0.004096777777777542,9.391121644444446,11.382535577777782,0.018539300000000074,0.019417422222222303
7.535375666666672,0.008485777777777691,0.010684999999999908,0.004658333333333234,9.671376866666666,9.261130744444456,0.022056144444444488,0.01966422222222222
7.142955333333349,0.008440666666666393,0.010684999999999908,0.004182666666666693,9.820172144444454,10.004808788888887,0.019598888888888888,0.022764555555555618
7.142955333333349,0.009591222222222012,0.010982111111110903,0.003947555555555482,11.060622111111119,9.773238877777779,0.019158611111111126,0.019891877777777754
7.1951456666666775,0.009163555555555468,0.012419555555554655,0.003947555555555482,9.024369422222227,8.406987588888894,0.016875055555555556,0.02287504444444446
7.1951456666666775,0.009101222222222403,0.011353333333332216,0.003989444444444799,9.664676300000007,10.244084455555551,0.019561433333333295,0.020681177777777733
7.101816666666664,0.009101222222222403,0.009008999999999724,0.003989444444444799,9.664676300000007,8.143512333333327,0.019314688888888907,0.01617780000000001
8.551205777777746,0.008724555555555786,0.011047333333334249,0.0040607777777776416,9.880192955555563,9.729013,0.016139099999999962,0.019210844444444482
6.9651457777777575,0.009168999999999983,0.01052011111111205,0.004264000000000342,9.893564544444445,9.263065044444442,0.01709116666666664,0.018553566666666632
7.349511444444438,0.007975666666666825,0.01204588888889033,0.004726333333333659,9.893564544444445,9.185094466666653,0.01709116666666664,0.018553566666666632
7.356476111111079,0.009037555555555422,0.009831333333334809,0.004164777777777968,9.96097631111111,9.185094466666653,0.016968022222222188,0.018446422222222283
6.547741333333307,0.008515888888888965,0.011164777777779022,0.004156444444444358,8.310078988888886,8.908659122222225,0.014711444444444433,0.015346088888888889
7.787362333333325,0.008344555555555565,0.01093444444444458,0.004336222222222199,8.600823133333334,9.371810911111107,0.015216333333333339,0.019327588888888823
6.549433666666674,0.008200888888888851,0.00949700000000083,0.004677555555555478,10.386339155555559,9.371810911111107,0.01713542222222221,0.01939583333333333
7.996932666666655,0.007934111111111185,0.00998066666666691,0.0044199999999996464,8.45292215555556,9.43496370000001,0.017609744444444478,0.016633422222222305
6.564513666666649,0.007934111111111185,0.00998066666666691,0.004878111111110744,9.638814622222212,9.43496370000001,0.01742307777777777,0.019935888888888902
6.491484111111125,0.008256666666666728,0.010032444444443438,0.004837444444444511,9.159294888888894,9.65764141111111,0.019338088888888903,0.02097603333333341
7.577280444444468,0.0065066666666666615,0.009942999999999024,0.004423111111110798,9.091111111111124,8.593542233333343,0.01642584444444443,0.01872853333333339
7.164473555555561,0.008002111111110821,0.009595444444443046,0.00396077777777748,10.501651899999995,8.638047411111122,0.018900077777777743,0.021722900000000028
7.136183555555565,0.00822977777777783,0.010852888888888086,0.004640111111110833,8.630029544444433,10.422495766666676,0.015506377777777778,0.02002597777777778
7.136183555555565,0.0071325555555555005,0.01087066666666677,0.004649666666666738,10.62034615555555,8.78522523333333,0.019804088888888897,0.02002597777777778
7.097061111111089,0.007513111111111057,0.0102317777777772,0.004356222222222231,9.089152044444436,9.186823166666677,0.019551477777777767,0.018680166666666744
7.097061111111089,0.006613444444444463,0.0102317777777772,0.004014888888888951,9.180910422222206,10.668004044444444,0.017632388888888895,0.017982533333333304
7.044354666666702,0.007232333333333211,0.010327222222222253,0.004084777777777839,9.180910422222206,8.767754388888886,0.01711800000000002,0.020308077777777756
8.11816333333334,0.008154999999999765,0.010327222222222253,0.003626666666666741,10.078685744444462,10.212296144444451,0.016574599999999995,0.01700561111111116
7.7038092222222385,0.00813988888888891,0.010099333333333979,0.003481222222222395,8.606584444444445,8.40411776666668,0.017412688888888844,0.016425688888888845
6.618012888888896,0.00813988888888891,0.010777111111112151,0.003486222222222403,9.285017900000001,10.345231566666666,0.019309555555555493,0.018755422222222127
6.667566666666668,0.007704333333333659,0.009598888888889849,0.0039602222222225375,9.266858388888895,8.625234388888884,0.018745788888888844,0.018564688888888837
7.053900888888873,0.007826333333333541,0.010018777777778117,0.003280888888889185,9.266858388888895,8.87014415555555,0.021291911111111114,0.015941644444444424
7.053900888888873,0.007826333333333541,0.008667555555555219,0.0033014444444445547,8.685853622222236,10.721061500000005,0.019175388888888867,0.01859065555555554
7.211365999999999,0.008627444444444719,0.009166333333333733,0.00374099999999997,8.685853622222236,8.747111899999993,0.01596746666666664,0.018798111111111133
7.211365999999999,0.010132000000000278,0.010683444444445122,0.00374099999999997,8.867530077777785,9.043423977777787,0.018449355555555512,0.01644433333333336
7.354192999999972,0.00869800000000017,0.01005544444444537,0.004018888888889115,10.368518133333351,10.394223166666672,0.017944377777777732,0.01676773333333331
6.280384333333334,0.008794444444444672,0.01005544444444537,0.004018888888889115,8.284850344444447,8.949681411111104,0.018041877777777753,0.019293977777777787
6.871480888888882,0.00886133333333324,0.010313222222221283,0.0037964444444441706,10.045246719946716,10.43132582972583,0.017043523143523195,0.015784926184926194
6.871480888888882,0.00886133333333324,0.009989666666666293,0.004172888888888732,8.13207365555555,10.147575688888894,0.015163700000000065,0.01712460000000001
7.162332888888867,0.009515888888888609,0.009989666666666293,0.0036988888888885977,8.774394844444444,11.216208133333343,0.016678066666666738,0.017610844444444485
7.008532555555576,0.008104333333333122,0.009951555555555085,0.004075444444444385,10.122856544444451,10.440324444444451,0.014131944444444471,0.017610844444444485
7.9160005555555575,0.009773777777777722,0.009951555555555085,0.004196666666666479,10.021367455555556,8.589407099999999,0.015112211111111126,0.01878300000000007
7.418004111111108,0.007612888888888768,0.010259999999999221,0.003284333333333223,11.177391180717533,10.39508581583916,0.017250916361213,0.019940386537820688
7.418004111111108,0.00750422222222211,0.01037611111111087,0.0041987777777777865,10.220457744444465,8.62105788888888,0.017710022222222288,0.019947033333333298
7.02989855555557,0.00750422222222211,0.009218444444444333,0.0038878888888886666,8.719469688888896,9.11504776666668,0.015568688888888942,0.02132562222222225
8.036106666666658,0.00830844444444444,0.011202999999999482,0.0038878888888886666,10.079005366666665,10.533506655555563,0.01665112222222231,0.01879937777777777
7.329387555555564,0.007740666666666446,0.010286777777778866,0.004018222222222553,9.493142687131572,10.252243510176836,0.01489422756089426,0.02203446780113444
7.329387555555564,0.008641777777777786,0.00860722222222263,0.0032785555555558217,11.024347322222232,8.595058933333336,0.01839805555555557,0.01835881111111114
7.045309444444431,0.006927333333333508,0.010123444444444216,0.0037624444444443526,8.989644855555573,8.81084417777777,0.017000200000000004,0.019079644444444453
7.049272333333344,0.008106555555555655,0.010697777777778583,0.00402844444444423,9.127187888888896,9.205219144444436,0.01918329999999999,0.019079644444444453
7.159858888888923,0.007868333333333293,0.010697777777778583,0.0034368888888888847,7.819365133333334,9.205219144444436,0.016021844444444457,0.018870422222222204
6.2998916666667055,0.009034222222222216,0.009870555555555901,0.004223777777777826,8.736227964877168,8.96888423919084,0.017707991552739763,0.017622085139490953
7.225122222222227,0.0076383333333333156,0.010239333333332627,0.004245777777777546,9.093995499999975,10.355357422222221,0.017360211111111093,0.02125875555555561
7.119233666666636,0.009102555555555529,0.011191333333332271,0.0035324444444443754,10.306018666666647,8.510568355555534,0.017360211111111093,0.017231222222222255
7.408615888888916,0.008356333333333214,0.00920677777777712,0.0038749999999999497,10.296038377777762,8.790718633333311,0.017213211111111036,0.02086701111111115
6.562233000000005,0.007218777777777932,0.009438666666666349,0.003502444444444327,9.12095257777777,9.060757333333331,0.020643844444444448,0.020460300000000056
7.912611444444439,0.008044777777777927,0.010757444444444611,0.003502444444444327,9.006046566666654,10.506041033333343,0.017125122222222247,0.020460300000000056
7.769990777777822,0.008044777777777927,0.009241222222223023,0.004167111111111331,9.006046566666654,9.22162334444446,0.01811227777777774,0.01952283333333335
6.515106666666675,0.00845655555555543,0.008910777777777589,0.004203555555555738,9.392432199999993,8.783880244444457,0.0185339111111111,0.021329288888888912
6.98855077777777,0.008411000000000021,0.010113999999999932,0.004636333333333514,10.887897144444434,10.154400911111123,0.0185339111111111,0.02033764444444444
6.98855077777777,0.007245111111111098,0.008794777777778349,0.0038494444444445723,9.950464233333344,8.584581700000008,0.016837677777777796,0.019817322222222242
7.352516888888911,0.008583444444444489,0.00809300000000077,0.0035874444444444643,9.616365433333348,9.104578711111127,0.018099022222222212,0.016174777777777757
6.308891444444473,0.008044333333333419,0.00928977777777915,0.0035874444444444643,8.404342266666674,10.573171055555548,0.018099022222222212,0.01911825555555557
6.450116444444424,0.008145999999999987,0.010402888888888937,0.00429522222222229,8.729488988888901,8.874561888888891,0.01805238888888889,0.018464433333333346
7.327519444444433,0.008145999999999987,0.008967222222221634,0.0044995555555556645,10.55192326666668,9.21621567777778,0.01756835555555546,0.018174966666666677
6.794152444444435,0.008214222222222074,0.009832111111110623,0.004961444444444476,9.126131500000009,9.643387455555551,0.01756835555555546,0.018174966666666677
5.911925111111082,0.009567777777777547,0.009832111111110623,0.004155999999999852,11.19204123333335,9.643387455555551,0.01804067777777786,0.01690186666666673
7.4082696666666585,0.007976777777777895,0.00953577777777702,0.0034769999999997797,9.31965086666668,9.603329155555556,0.015435944444444518,0.0187313777777778
6.904944777777777,0.0077384444444443075,0.010328666666666209,0.003811777777777871,9.206820511111113,8.232808488888889,0.01909116666666671,0.016111077777777816
7.916607888888899,0.0077384444444443075,0.010328666666666209,0.004295111111111065,9.602053966666666,10.382312499999982,0.01950287777777772,0.01742975555555557
6.6274112222222366,0.008190333333333103,0.010899555555555355,0.0036206666666668895,9.54679156666667,10.31811897777777,0.017936311111111092,0.01742975555555557
8.16574511111109,0.008645111111110992,0.010354555555554474,0.004409000000000182,10.765398222222217,8.849526633333348,0.017936311111111092,0.01781198888888886
7.700795888888884,0.008726888888888755,0.009241444444444686,0.0038538888888888486,9.090696111111107,10.055607100000023,0.018271877777777785,0.018218511111111065
6.823392888888875,0.008726888888888755,0.011081777777778573,0.003339444444444142,9.047207233333328,9.950574966666665,0.019315722222222276,0.015701633333333288
7.354264555555549,0.00826011111111116,0.01083444444444442,0.003717777777777561,9.047207233333328,9.40324955555556,0.019315722222222276,0.019348688888888868
8.5313701111111,0.00866266666666683,0.01083444444444442,0.0033746666666666495,8.793405222222201,9.40324955555556,0.019343344444444313,0.020069233333333252
7.035025555555523,0.00866266666666683,0.010629555555556497,0.003924666666666749,8.793405222222201,10.108671266666663,0.019343344444444313,0.01643326666666662
7.591753888888889,0.00897722222222244,0.010788555555556122,0.003945999999999907,9.424352755555557,10.108671266666663,0.0191947444444444,0.019527633333333308
6.580090777777767,0.010007666666666637,0.010788555555556122,0.003462666666666713,9.00953794444445,9.367310755555563,0.019031488888888948,0.01597631111111111
8.107470666666662,0.00821744444444445,0.01107544444444386,0.0038313333333333966,9.053725955555555,8.989539488888887,0.01969468888888893,0.019880966666666663
7.416787444444456,0.008483000000000216,0.009471666666666718,0.0030430000000001046,9.269601844444452,10.477143688888889,0.02220430000000005,0.01887924444444442
6.440627581612267,0.007217632689318603,0.011196202531646526,0.0037003109038420364,9.269601844444452,9.271063222222214,0.018849022222222265,0.018250677777777745
7.73405700000002,0.008454444444444518,0.011491555555555996,0.004579888888889075,9.520690611111121,9.19022038888889,0.017132777777777806,0.018250677777777745
6.38617388888891,0.007125888888888691,0.0095552222222229,0.003739666666666845,9.520690611111121,7.8650903222222155,0.01994978888888892,0.01675502222222224
6.54106711111111,0.006864888888888822,0.010919666666666217,0.00427466666666692,9.718072400000015,9.887327611111113,0.01643571111111122,0.018148133333333316
7.380596333333365,0.008494222222222132,0.011349999999999404,0.004253555555555425,9.718072400000015,8.011857900000011,0.019413855555555658,0.018148133333333316
6.837384222222227,0.007032333333333283,0.009194888888888248,0.0034646666666664004,9.591913677777779,9.825354333333335,0.015907233333333378,0.017872077777777773
7.926283999999972,0.007837888888889132,0.011581666666665394,0.004010666666666731,9.738428533333336,9.772322300000008,0.016923666666666684,0.020550888888888823
7.205702222222196,0.007837888888889132,0.009423666666666325,0.004313111111111015,8.624630488888892,9.78351335555554,0.016704611111111125,0.02016809999999999
6.35805155555555,0.007282777777777404,0.011565444444444654,0.004313111111111015,9.153488677777771,8.295909155555538,0.01702080000000001,0.01784411111111113
7.733735045585952,0.008451634422948315,0.011704247275961225,0.0038106515454746376,10.83601253333333,10.41924342222221,0.01702080000000001,0.01939650000000007
6.43944355555555,0.00721399999999998,0.010755777777777415,0.0029309999999998443,8.80597836666666,8.792865544444432,0.017786888888888883,0.01939650000000007
7.560458777777765,0.00897477777777785,0.010755777777777415,0.00394833333333327,10.301466733333328,10.49680683333333,0.018654333333333335,0.020416455555555574
7.490412666666695,0.008426555555555382,0.011132888888890118,0.004174777777777589,8.291977222222219,10.100168811111102,0.018654333333333335,0.01929591111111114
7.525963135687318,0.007831223628691925,0.010459915611813865,0.003643459915611911,10.300906277777775,10.100168811111102,0.018875677777777787,0.01929591111111114
6.529290444444441,0.008834888888888849,0.011979111111110621,0.004374888888889138,10.129603999999999,9.714540577777784,0.018875677777777787,0.01952663333333336
6.900065666666706,0.006998888888888802,0.011394666666666985,0.004242777777777621,9.959681222222216,10.01888418888889,0.018870166666666608,0.01684782222222231
7.075610333333366,0.008352666666666725,0.011394666666666985,0.0035716666666666523,9.959681222222216,8.540198100000014,0.01613787777777773,0.0173064666666667
7.075610333333366,0.00894011111111147,0.011039777777777243,0.00421633333333323,9.230108700000011,10.605814900000016,0.017142266666666656,0.019253344444444483
6.85568000000002,0.0077768888888891914,0.009176777777777072,0.004389888888889163,9.249594722222223,8.482480633333344,0.019501522222222185,0.014941033333333341
6.85568000000002,0.00874633333333345,0.010105666666667111,0.004389888888889163,9.249594722222223,10.448235455555576,0.018996355555555518,0.019057288888888854
7.203372333333341,0.008526333333333488,0.010105666666667111,0.004263888888888722,9.641241599999995,8.744294166666675,0.018767377777777785,0.019648211111111008
6.88225477777779,0.008214777777777805,0.010065999999999539,0.003986333333333252,10.759170433333333,8.728312922222228,0.020417855555555576,0.016854955555555495
6.157855681565484,0.007180342450522507,0.010258728040916919,0.004328329997776246,8.750241377777776,10.214557511111117,0.01721836666666669,0.020327122222222143
6.15375044444444,0.021955555555555704,0.00873966666666743,0.003596444444444242,8.645731911111113,8.786689311111111,0.02098949999999997,0.01727808888888878
4.8311784444444035,0.021955555555555704,0.008318666666667696,0.013258000000000042,9.33756018888889,8.817565677777793,0.019583288888888915,0.02044921111111103
3.848835666666623,0.051558,0.016415888888889504,0.0185276666666666,9.33756018888889,10.597842555555575,0.021861788888888928,0.01646869999999992
3.849729777777763,0.050732666666666565,0.015490555555555514,0.01788300000000002,9.352880455555557,8.532225755555572,0.018031600000000002,0.018334699999999947
2.700284777777749,0.050732666666666565,0.015490555555555514,0.01787044444444419,8.773969177777774,10.11533943333334,0.019898366666666695,0.018334699999999947
2.700284777777749,0.05112855555555543,0.01508033333333319,0.01818022222222224,8.773969177777774,8.149584611111107,0.01736324444444447,0.01722276666666664
1.2332300000000236,0.0516047777777777,0.016424777777776477,0.018306111111111457,8.922847577777786,10.061327066666664,0.015962755555555534,0.016240833333333402
0.29350444444445306,0.05196255555555575,0.016880777777777845,0.018424333333333622,9.454781733333338,9.798472866666671,0.016915111111111044,0.016240833333333402
0.14191177777780065,0.05196255555555575,0.015548666666666756,0.01808522222222248,9.454781733333338,8.312228277777782,0.016915111111111044,0.015449055555555672
0.1429868888888753,0.03765066666666665,0.017275777777776904,0.018857888888889188,9.411556877777793,9.782550311111109,0.015662699999999995,0.01941224444444451
0.006923666666706494,0.03765066666666665,0.015894444444443125,0.009887777777777669,9.348716833333343,10.077186377777764,0.01651489999999999,0.018691722222222262
0.008084444444446288,0.008659999999999791,0.009824666666666025,0.004618111111111114,9.348716833333343,8.296909499999982,0.014236399999999977,0.018691722222222262
0.007190333333306222,0.007807555555555408,0.008963111111111428,0.005799333333333342,9.359821522222209,9.701510211111112,0.016685211111111122,0.017375111111111133
0.007594999999987017,0.009655222222222272,0.01105866666666739,0.004988333333333372,9.312812888888883,9.479683622222222,0.0124591888888889,0.017375111111111133
0.00859333333336407,0.009442888888888964,0.011144777777777412,0.005172999999999996,10.474264173315603,9.454471697695034,0.01616663342198578,0.019259153368794312
0.006940555555552743,0.0074258888888887814,0.009800333333334127,0.004718999999999893,9.96424856666666,9.298862811111116,0.018601433333333302,0.020492444444444438
0.006861333333290532,0.007815111111110835,0.008823111111111202,0.0041168888888888,8.314385577777768,9.632841344444438,0.015998600000000005,0.020492444444444438
0.008208555555534581,0.009343444444444534,0.010862999999998933,0.005361222222222277,10.28419988888889,9.632841344444438,0.018261155555555564,0.020449844444444365
0.008113333333363294,0.00787688888888896,0.009135888888888784,0.005919666666666422,8.715813088888885,9.652196611111114,0.018686733333333344,0.019804522222222246
0.007073555555558011,0.009620333333333047,0.010385444444444324,0.0048143333333333285,8.940789399999984,9.421022444444445,0.015852900000000017,0.017353922222222245
0.007431444444490707,0.00765477777777769,0.00971833333333431,0.005508111111111368,10.501885811111098,9.421022444444445,0.01819828888888891,0.01966175555555558
0.007431444444490707,0.00886544444444463,0.00971833333333431,0.0043268888888891395,9.241692644444445,9.513361755555536,0.01951738888888886,0.020934844444444465
0.007067666666696622,0.008531444444444326,0.009534222222222234,0.005283555555555511,9.654527566666667,9.505485766666672,0.02175113333333331,0.020934844444444465
0.007275777777774946,0.008306555555555583,0.00774188888888874,0.005669444444444357,8.48777898841354,10.627546390374327,0.018048707664884155,0.019149275846702375
0.007275777777774946,0.008306555555555583,0.00983666666666573,0.005106222222222259,8.917168777777784,8.868284622222214,0.016786811111111077,0.015135933333333334
0.007627888888893924,0.008438555555555876,0.008655999999998838,0.006105666666666565,10.457196688888878,9.285415655555559,0.016786811111111077,0.01837958888888891
0.007085777777774639,0.006910222222222176,0.008314555555555912,0.004861333333333088,8.487382377777756,10.642302644444461,0.017331144444444467,0.01798351111111124
0.006105888888871252,0.008356444444444439,0.009443777777778767,0.004230999999999973,10.546914644444447,10.392141122222226,0.017386277777777737,0.014665644444444521
0.007615222222183447,0.008219555555555758,0.00940888888888954,0.004230999999999973,8.599672011111128,8.638347777777787,0.02001853333333334,0.018860766666666695
0.006096555555510956,0.009221222222222202,0.009719222222220955,0.004682666666666317,9.14828793333334,9.906397566666664,0.01767314444444445,0.019573244444444443
0.007714999999987211,0.009116111111111201,0.009719222222220955,0.004682666666666317,10.631105044444455,9.617480288888892,0.017721677777777858,0.018186622222222216
0.006521777777783832,0.007602444444444641,0.009616666666666952,0.00504833333333347,9.142180155555572,9.681099000000005,0.015487933333333408,0.018186622222222216
0.0068626666666710264,0.007962666666666883,0.009616666666666952,0.004969888888888916,11.086707611111128,9.754418155555566,0.019362055555555573,0.018660544444444465
0.008080888888849181,0.009664555555555726,0.009661444444445364,0.004969888888888916,10.284160233333328,10.93363466666668,0.016129144444444504,0.020706533333333364
0.0066984444444339415,0.008150222222222208,0.01118011111111154,0.005174666666666797,8.744132322222233,8.835761277777788,0.019197577777777797,0.01746287777777779
0.007291666666686878,0.009629111111111163,0.009481666666666734,0.005174666666666797,10.393341566666686,8.973348633333313,0.0206207666666667,0.017860299999999874
0.008413666666658376,0.009321222222221969,0.010286777777777287,0.005112666666666618,9.669601899999998,9.240476455555559,0.017621333333333416,0.020767788888888795
0.006904333333346182,0.007714666666666562,0.009072111111110974,0.005735888888888812,9.669601899999998,9.240476455555559,0.019666155555555568,0.01657266666666662
0.007835333333332528,0.008288555555555632,0.0094227777777781,0.004590444444444428,8.980586088888895,9.830711677777806,0.019666155555555568,0.01692447777777777
0.007676111111120716,0.007182999999999693,0.0094227777777781,0.005519555555555735,8.695699855555556,9.978174766666674,0.019477211111111052,0.014541744444444431
0.007676111111120716,0.00835822222222207,0.008934111111110433,0.004197222222222211,10.267967922222208,8.56114495555555,0.022463011111111,0.018020633333333303
0.007308111111089804,0.008704111111110852,0.010459999999999544,0.004174777777777589,9.574666877777785,9.124917877777776,0.02092455555555554,0.01717538888888883
0.007354777777790231,0.007002222222222009,0.009326333333332413,0.004174777777777589,8.427123722222241,9.122100322222222,0.02092455555555554,0.017259333333333363
0.008482444444477249,0.008304333333333051,0.007807666666666238,0.004128222222222336,9.647395688888897,9.122100322222222,0.02151611111111112,0.01998796666666661
0.007084111111099548,0.008429444444444083,0.009149222222223191,0.004668444444444475,9.77842773333333,9.351930677777787,0.0189850555555555,0.01734883333333335
0.00752400000000206,0.008666111111111263,0.009200111111111495,0.00456877777777799,8.442635133333328,9.38108076666666,0.02073133333333327,0.01820008888888885
0.00752400000000206,0.008666111111111263,0.009200111111111495,0.003945555555555795,10.216474711111106,9.38108076666666,0.016054255555555515,0.020364633333333278
0.00785811111114122,0.00897611111111137,0.00850511111111195,0.005078222222222293,8.795778188888885,9.262052688888875,0.019496611111111162,0.01934058888888889
0.0081118888888846,0.010610666666666744,0.010676555555556258,0.004640666666666565,9.623385611111102,9.28873187777777,0.0193024222222222,0.01934058888888889
0.0081118888888846,0.009435444444444368,0.010885666666666793,0.005275444444444352,8.05111754444445,10.357622899999994,0.018931588888888944,0.01886104444444449
0.008092555555574817,0.008987666666666567,0.009359777777777684,0.004496000000000006,8.841815888888897,9.882622411111104,0.019020866666666636,0.01882416666666673
0.00823222222222992,0.010009222222222213,0.010574555555556408,0.005337666666666982,10.091802499999998,9.802009299999991,0.019020866666666636,0.016694233333333298
0.007104555555542903,0.010223777777778054,0.011715333333334065,0.0050009999999996385,8.87153053333334,9.802009299999991,0.0191464111111111,0.016655622222222253
0.008110222222209511,0.008619777777778066,0.010373777777777113,0.005170777777777857,8.812593477777783,10.10406626666666,0.017447388888888873,0.019546944444444544
0.007953777777806358,0.008957777777777743,0.009656555555554608,0.004631666666666787,10.280118677777777,8.568272577777774,0.018121299999999996,0.018487233333333408
0.009038333333339527,0.010027555555555444,0.01132933333333281,0.005599999999999581,10.082388122222225,10.265682977777772,0.0205493666666667,0.019519011111111206
0.007773222222214019,0.009075222222222123,0.010002999999999122,0.004467333333333083,10.082388122222225,8.526426044444431,0.017107011111111053,0.017170933333333367
0.007760555555554069,0.00744066666666675,0.009521111111111067,0.004515888888889208,9.913673333333351,9.175473422222234,0.017461411111111092,0.01996345555555557
0.00893799999999424,0.008835999999999919,0.007991777777778314,0.0047941111111108456,9.913673333333351,9.663214533333342,0.014846444444444398,0.016964111111111093
0.007777999999992366,0.009058444444444468,0.010020888888888635,0.005395888888889052,9.62141289999999,8.407402444444454,0.01580441111111116,0.01886164444444441
0.007702111111130863,0.009279333333333443,0.009310888888889066,0.00514911111111063,9.590455755555556,9.110098855555572,0.020175688888888897,0.02185255555555547
0.00899266666667447,0.00776266666666656,0.009934111111110472,0.004328111111111039,9.590455755555556,9.110098855555572,0.018874422222222288,0.019162533333333263
0.007987000000007861,0.009099333333333152,0.009934111111110472,0.0044739999999994975,9.539001966666667,8.976945277777785,0.018874422222222288,0.019232033333333207
0.007795111111085539,0.00947066666666648,0.010930222222223545,0.0044739999999994975,8.071476766666676,8.976945277777785,0.020160133333333264,0.019069011111111096
0.008016888888909711,0.008400888888888779,0.010383333333333807,0.004512777777778057,8.56990707777777,9.220959855555572,0.01773206666666656,0.01845406666666667
0.008016888888909711,0.00864311111111091,0.010383333333333807,0.004512777777778057,9.781384822222227,10.343646111111122,0.02138676666666666,0.01845406666666667
0.0075713333333422075,0.00864311111111091,0.010540666666666237,0.0047505555555555174,7.924561311111107,10.052282222222226,0.020414500000000082,0.01996218888888892
0.007861777777786,0.009367111111111055,0.010540666666666237,0.004636444444445134,9.85660437777776,8.495650088888896,0.020414500000000082,0.01996218888888892
0.007861777777786,0.009074777777778013,0.010351777777778973,0.005466222222222447,9.52628984444442,9.622214566666667,0.02090967777777779,0.018799399999999987
0.008146222222219675,0.009489555555555444,0.010520222222221303,0.004871333333333894,8.307260377777753,9.148568133333338,0.022732777777777814,0.015808488888888923
0.008156444444416088,0.009489555555555444,0.010151222222222917,0.005427666666667127,10.220304599999983,10.244966877777776,0.020248511111111086,0.020036044444444446
0.008156444444416088,0.009575777777777876,0.010151222222222917,0.005360222222222433,8.550454155555542,9.940171788888879,0.024866888888888806,0.020086133333333398
0.008033333333312638,0.009122666666666786,0.010026333333333545,0.005360222222222433,10.500364011111111,9.940171788888879,0.021160988888888937,0.020515288888888854
0.007810777777750547,0.009122666666666786,0.010045777777777846,0.00531244444444449,8.425824677777788,9.645496111111104,0.023933155555555575,0.017933911111111055
0.008634777777741773,0.009452222222222417,0.010045777777777846,0.00531244444444449,9.119375311111098,8.522809855555554,0.022592422222222186,0.020667566666666578
0.00893533333328378,0.011030555555555804,0.010431666666666691,0.005499444444444477,10.384241633333325,8.631537577777776,0.021945099999999898,0.01990308888888889
0.007467444444399816,0.00891122222222249,0.012195333333333263,0.005678333333333304,10.268166922222235,8.631537577777776,0.021945099999999898,0.024549066666666657
0.008850222222210708,0.008822999999999977,0.010355111111110205,0.004246777777777785,8.848817133333354,9.44133154444445,0.020619755555555588,0.02111943333333339
0.008576111111071644,0.008292666666666627,0.00996422222222293,0.005019888888888602,10.950216077777796,10.172413011111102,0.016782066666666665,0.02318208888888894
0.007275333333331623,0.008292666666666627,0.009781888888888882,0.005117444444444175,9.037171855555567,9.076014266666663,0.020731155555555474,0.022454566666666696
0.008899777777817993,0.008629444444444407,0.011398666666666361,0.004329000000000052,10.295617144444458,9.038267044444455,0.018754988888888924,0.01944365555555551
0.007809333333372909,0.00699822222222224,0.009259444444443451,0.005064222222222112,9.709619944444437,10.601712600000024,0.018754988888888924,0.019446366666666656
0.008470111111111895,0.009881111111111255,0.009697111111110405,0.004939333333333531,9.709619944444437,8.954963300000014,0.018437622222222252,0.019446366666666656
0.008729666666668993,0.010114888888888946,0.011402555555554904,0.004939333333333531,9.554694033333345,10.24010500000001,0.019751522222222165,0.020562500000000004
0.008078111111141578,0.00853655555555556,0.010627111111111908,0.005076666666666717,8.289827711111116,9.923617177777778,0.017583399999999968,0.01996182222222218
0.008078111111141578,0.010175666666666435,0.008863444444445338,0.00409888888888885,8.555020499999994,11.269103188888886,0.01983915555555554,0.019149588888888885
0.007634777777790684,0.00914733333333315,0.010250111111111614,0.005422444444443879,10.550212649933352,9.328598700577516,0.02120473123056414,0.01914108174144824
0.007506777777810688,0.009812000000000154,0.008961888888889134,0.005277666666666884,8.453502688888882,8.662268688888888,0.023109666666666622,0.019507555555555528
0.007506777777810688,0.009812000000000154,0.009840777777777514,0.004623777777778079,9.680401744444435,9.890763411111102,0.019160577777777812,0.01923187777777781
0.007916888888859023,0.01018811111111104,0.010325222222222567,0.005557444444444886,9.856648911111108,8.340097633333333,0.02001217777777774,0.01923187777777781
0.00921422222220119,0.01018811111111104,0.010325222222222567,0.006134555555555545,9.819101499999995,8.665783755555557,0.022388244444444483,0.019111066666666707
0.007469666666666955,0.009157333333333167,0.010183444444444315,0.005300111111110716,10.982092522222224,8.665783755555557,0.019933444444444517,0.019111066666666707
0.007864888888889254,0.008734222222222126,0.009816333333333205,0.005642777777777516,9.231990055555553,9.479080755555547,0.019607288888888977,0.0184942888888889
0.007999777777766011,0.010313777777777805,0.009637444444444377,0.005124888888888772,10.714556522222217,9.431854299999998,0.019607288888888977,0.019285777777777735
0.00924933333332471,0.00867466666666693,0.009637444444444377,0.005782444444444461,8.633395377777775,9.584172466666663,0.021366033333333395,0.015452033333333264
0.00830988888886471,0.010283666666666927,0.01063844444444347,0.004925999999999912,8.707494008448199,9.588433992885724,0.020833537127612232,0.017742930191196053
0.008021666666637532,0.00849211111111122,0.012117999999999383,0.004297666666666089,10.502159922222221,9.519474455555548,0.016572077777777788,0.01721844444444447
0.009088666666634203,0.010393000000000147,0.010026444444444376,0.005577333333333299,9.275260866666668,9.804022977777791,0.019793322222222305,0.01399408888888891
0.0070541111110994995,0.00947222222222245,0.010078222222222483,0.0046436666666664905,9.408314322222232,11.13580608888888,0.01629951111111121,0.017838222222222207
0.0077046666666925985,0.010817666666666764,0.011356444444444946,0.003987222222222266,8.081949077777798,9.246674411111087,0.017725755555555563,0.018679633333333306
0.00911244444442774,0.008965555555555622,0.011685555555555678,0.004511111111111651,8.835684944444433,10.691287833333327,0.020644600000000034,0.018679633333333306
0.007633666666657115,0.008893888888888708,0.010347222222222285,0.00474844444444421,10.286571000000007,10.023779422222226,0.017342888888888946,0.01838855555555557
0.008110000000013114,0.009363555555555398,0.010709555555555047,0.004973444444444574,10.070269344444437,9.894940422222218,0.021788566666666707,0.016504455555555568
0.0068604444444544145,0.009363555555555398,0.010709555555555047,0.004315888888888885,10.070269344444437,8.397136244444445,0.020036711111111168,0.019007388888888886
0.008288555555534712,0.009145333333333068,0.010652888888889342,0.004560111111111098,9.564289988888902,10.059038644444431,0.020008977777777857,0.019713822222222177
0.008517777777797164,0.010177222222222011,0.011295999999999948,0.005112666666666618,7.7657540777777925,9.875409099999988,0.020008977777777857,0.017809799999999928
0.007450777777800492,0.009487333333333304,0.011295999999999948,0.004597888888889025,9.770706044444442,8.362365855555533,0.018866822222222183,0.020825844444444453
0.009128666666684796,0.008272333333333314,0.011494666666665569,0.0054194444444443475,9.64487097777777,8.793870155555581,0.022346522222222186,0.01955642222222229
0.007180777777749528,0.008518444444444384,0.010216444444443104,0.004763555555555854,9.64487097777777,9.936247888888913,0.018544211111111087,0.015867944444444518
0.006968333333336179,0.009807777777777934,0.01033166666666653,0.0052938888888884135,9.323843022222238,8.491634466666673,0.02106019999999997,0.018460122222222253
0.008271555555590265,0.009969111111111317,0.01033166666666653,0.005397777777777909,9.580916588888885,9.023805711111121,0.02106019999999997,0.015518188888888921
0.008052333333327827,0.007919888888888948,0.01092322222222227,0.004588444444443951,9.49383284444445,8.976767911111123,0.022318144444444462,0.01810114444444454
0.008052333333327827,0.009615555555555488,0.012357111111111548,0.005238444444444212,10.625229988888918,10.04380115555557,0.02005550000000001,0.015598211111111223
0.007706555555564086,0.009485666666666899,0.011435888888889344,0.004527111111111519,9.061099577777789,9.896947133333338,0.020888222222222187,0.016679788888889015
0.006554555555542013,0.009657555555555636,0.009313222222222825,0.005273000000000158,10.919577288888883,8.75983345555556,0.020888222222222187,0.020032144444444438
0.00801244444442596,0.008446555555555414,0.010738777777777703,0.005269333333333274,8.914625322222234,10.683554222222226,0.022805044444444398,0.017016099999999913
0.007822666666672579,0.009399333333333242,0.009841000000000754,0.004447777777777952,9.627023488888875,8.920266811111087,0.0193253444444444,0.018091777777777696
0.007822666666672579,0.007807777777777859,0.009841000000000754,0.005145222222222086,9.627023488888875,9.660113577777762,0.0234277444444445,0.018091777777777696
0.007682555555574153,0.008324555555555533,0.009325555555556598,0.004940333333333374,9.385891444444447,9.660113577777762,0.020036044444444415,0.01857834444444444
0.00796755555554935,0.00817311111111094,0.01138500000000104,0.00425644444444452,9.373527333333339,9.599294144444439,0.020036044444444415,0.01857834444444444
0.006671777777784074,0.00939222222222232,0.009152666666666835,0.00497800000000047,8.19434626666668,8.290308988888885,0.017644188888888832,0.017673877777777732
0.007776888888909324,0.007696555555555781,0.008788111111111146,0.004871777777778006,8.725709922222197,9.218066099999994,0.02070243333333324,0.020501544444444367
0.007554111111150835,0.00808455555555554,0.007378333333333684,0.004871777777778006,9.95440088888887,8.9947561,0.016511455555555506,0.016430522222222133
0.007554111111150835,0.00688077777777786,0.009275222222222447,0.004260333333333853,8.095923177777777,8.9947561,0.019838588888888897,0.016483311111111208
0.00713844444448518,0.007902555555555562,0.00878655555555636,0.0041471111111109045,10.162287722222226,9.035940377777775,0.018622455555555615,0.019217577777777835
0.006624111111098804,0.007961777777777871,0.0081841111111108,0.004605111111111171,9.052048377777794,10.747440344444454,0.02107711111111109,0.01761378888888895
0.006624111111098804,0.007961777777777871,0.0081841111111108,0.004860111111110794,10.395815577777784,10.042645877777787,0.016974711111110992,0.019818677777777873
0.0072433333333113605,0.008375333333333007,0.008908555555554662,0.004779444444444891,9.041248688888883,10.042645877777787,0.018601166666666683,0.016739933333333398
0.005655111111082078,0.008929666666666947,0.008090333333332941,0.004779444444444891,9.151330200000006,9.31417793333332,0.02123823333333337,0.02015214444444444
0.007246111111120021,0.007710555555555567,0.008090333333332941,0.00506633333333342,10.544275033333331,11.207390566666662,0.017926466666666696,0.02042758888888891
0.007500111111110326,0.009254555555555459,0.009263888888887727,0.005494333333332849,10.212503500000008,9.212600211111106,0.01884490000000001,0.02061942222222224
0.006640555555552257,0.008478222222222264,0.010599444444444038,0.005494333333332849,10.031393568810417,9.247355548150603,0.018838620459846727,0.020612551371764983
0.008462444444426688,0.008478222222222264,0.010741666666665614,0.005463333333332957,10.034737366666688,10.679704766666678,0.01853127777777775,0.019441044444444413
0.0074202222222083955,0.009306555555555622,0.009804777777776824,0.00560255555555579,9.370639411111112,8.714799722222237,0.015751499999999974,0.01670677777777779
0.007462444444475599,0.010031222222221933,0.010093444444444169,0.005144555555555523,8.326569744444441,8.762554988888876,0.01766533333333338,0.019843922222222175
0.008423444444461995,0.010031222222221933,0.012341555555555791,0.004998111111111333,8.910830277777778,7.585124955555538,0.02090658888888891,0.020789622222222127
0.006749000000026071,0.009033555555555654,0.01149533333333371,0.00566322222222166,10.185187022222244,9.514817477777772,0.019599688888888876,0.02386157777777773
0.008492777777822388,0.00854755555555542,0.01025411111111099,0.006289444444444175,9.700003255555563,10.32171501111111,0.01696262222222219,0.020449366666666687
0.008269555555519522,0.00854755555555542,0.011884333333333707,0.005976000000000031,8.307058422222239,8.428502377777768,0.021055888888888902,0.020321355555555476
0.006910444444403968,0.008885777777777944,0.009641444444445332,0.005004222222222805,8.383700533333348,9.82689870000001,0.01707921111111118,0.017301855555555513
0.008279111111076216,0.009048333333333226,0.010317777777777969,0.005367000000000468,8.874695354006878,10.238220595754159,0.021337190174502606,0.021193731243747987
0.007294333333346812,0.009048333333333226,0.009575444444444593,0.005611888888889243,8.871737122222209,8.805541088888884,0.021477966666666657,0.021668311111111154
0.00890344444446277,0.009007888888888656,0.010847111111112265,0.004824666666666626,9.101082811111105,10.144700988888891,0.021477966666666657,0.02374107777777779
0.007887444444451023,0.008645111111111388,0.011397555555556476,0.006219333333333231,10.560513833333328,9.610679311111111,0.01971787777777778,0.018557333333333367
0.008557333333353907,0.010111666666666963,0.010333555555555388,0.0054133333333336656,10.1206962222222,9.914870700000014,0.017967477777777786,0.019317655555555622
0.009347222222206459,0.008889666666666882,0.010477111111111666,0.005325888888888939,8.846339477777734,8.10644195555555,0.017212022222222186,0.01838664444444443
0.0076034444444101415,0.00907399999999983,0.010477111111111666,0.004699666666666423,9.317040466666652,6.1257302666666655,0.017212022222222186,0.03683328888888888
0.007350999999996728,0.010279444444444312,0.010757777777777103,0.005084777777777087,10.463859411111098,6.304323533333331,0.015880099999999887,0.03316448888888894
0.00844722222225553,0.008397222222221896,0.012476000000000279,0.005084777777777087,10.391968255555538,4.9059272111110905,0.018260833333333264,0.07016725555555563
0.007078555555583282,0.009056888888888892,0.010464111111111328,0.018796444444444345,9.288596122222216,3.171087822222224,0.01400996666666667,0.06727661111111108
0.007095111111084408,0.009056888888888892,0.014661444444445554,0.017895555555555456,9.288596122222216,3.1719176666666793,0.012334433333333271,0.06456819999999999
0.005485999999968448,0.008983444444444742,0.015089777777777475,0.024000666666666684,7.771690966666667,1.832757766666671,0.03926112222222223,0.06332623333333341
0.0070362222222178795,0.009040555555555349,0.015406666666666841,0.023846666666666277,6.322955044444447,0.6084482222222378,0.03665272222222222,0.06391586666666671
0.006231555555536438,0.007573999999999773,0.014222555555556307,0.023846666666666277,4.83536398888892,0.30516855555556,0.03688034444444443,0.06102295555555556
0.005441666666683886,0.008444555555555332,0.038540333333333225,0.04259177777777821,4.8359936555555825,0.18390477777779146,0.036740822222222275,0.058882011111111146
0.006805666666675987,0.007835777777777825,0.038540333333333225,0.04335011111111145,3.1144112777777764,0.18458123333334067,0.036740822222222275,0.04135121111111109
0.006508777777778758,0.00765355555555579,0.03956811111111197,0.044416666666667166,1.967592333333332,0.006927477777790299,0.049583400000000076,0.04135121111111109
0.005412555555519956,0.00765355555555579,0.03946955555555418,0.04618966666666719,0.693398733333336,0.0076146777777871145,0.06822340000000009,0.005239733333333398
0.006645222222232406,0.007626333333333217,0.03946955555555418,0.032115222222222274,0.2584956000000097,0.004968744444448072,0.06822340000000009,0.005158888888888923
0.007015888888872724,0.008693444444444273,0.046260111111109836,0.0401566666666666,0.2593370333333509,0.004887899999990472,0.06796718888888899,0.005158888888888923
0.007015888888872724,0.006957222222221936,0.04617255555555586,0.034869111111110525,0.1446299111111292,0.004887899999990472,0.04104050000000004,0.020800255555555473
0.006673777777753761,0.00743777777777805,0.04416511111111119,0.035852777777778205,0.13513007777778008,0.0555901333333332,0.04190247777777779,0.020210622222222165
0.006910222222207571,0.00743777777777805,0.04539333333333357,0.035852777777778205,0.13451101111110753,0.14769565555554387,0.04018400000000004,0.04255948888888877
0.006910222222207571,0.008320000000000032,0.02164255555555567,0.017883888888889032,0.1349324222222208,0.1484889777777691,0.03973117777777773,0.04328519999999997
0.006813444444459391,0.008231333333333406,0.02164255555555567,0.021035000000000064,0.06623666666667483,0.1478125222222199,0.04030808888888888,0.04297776666666668
0.007273222222263738,0.008552666666666653,0.023929555555554316,0.018888333333333347,0.0669631555555586,0.1477745666666566,0.02540244444444447,0.04297776666666668
0.014177666666708118,0.008552666666666653,0.022309888888888928,0.023456888888888888,0.005416533333339481,0.1479218555555488,0.005414222222222185,0.04330159999999984
0.012944999999995668,0.028463000000000155,0.023563222222223762,0.023456888888888888,0.005861044444448757,0.1479218555555488,0.005414222222222185,0.04313935555555556
0.234190000000025,0.027395888888889098,0.011278555555556916,0.016880777777777845,0.005019611111107578,0.14846131111111543,0.0050317444444444555,0.043972977777777644
0.234190000000025,0.05802933333333332,0.010896777777776695,0.01969933333333371,0.00629156666665646,0.14846131111111543,0.005731388888888874,0.02750081111111105
0.2624759999999798,0.05934633333333316,0.010896777777776695,0.017474999999999834,0.005775955555558691,0.09802456666665826,0.005454466666666714,0.0282198333333334
0.2614133333333181,0.06022744444444407,0.011507222222221003,0.02453533333333348,0.005775955555558691,0.005966533333334054,0.00833861111111108,0.00930517777777778
0.26266888888888695,0.05847466666666653,0.015907444444443464,0.02241277777777779,0.005895411111124658,0.09931401111111252,0.0073237222222222184,0.008579466666666586
0.2625269999999647,0.05916666666666654,0.017294888888888714,0.023173999999999733,0.00497930000000224,0.09931401111111252,0.022639533333333302,0.0316866
0.2612487777777359,0.05862033333333333,0.012069222222223175,0.02400988888888852,0.1508410888888976,0.15240132222222277,0.04157339999999998,0.048584644444444526
0.25562866666662865,0.05862033333333333,0.013362111111111593,0.017668333333332953,0.1508410888888976,0.15156683333333376,0.04127213333333328,0.048309922222222315
0.2567645555555424,0.038299222222222165,0.013190666666665784,0.019852111111111036,0.1506692111111142,0.1527759111111272,0.04127213333333328,0.0475588444444444
0.034295222222226585,0.03937911111111111,0.028641999999998627,0.019823999999999842,0.1506692111111142,0.15148745555556314,0.061526511111111036,0.07876705555555562
0.035365444444424715,0.0480333333333335,0.027411333333333236,0.07557233333333357,0.1640012333333453,0.3294374888888822,0.06082686666666662,0.07876705555555562
0.15040244444445408,0.044804777777777756,0.02845011111111104,0.07557233333333357,0.2599827777777806,0.45411853333333996,0.06898223333333328,0.0788323111111111
0.15040244444445408,0.044791666666666986,0.027359111111111806,0.06888999999999929,0.38924401111111395,0.4531593222222278,0.0660980888888889,0.07507554444444449
0.269935000000007,0.044791666666666986,0.021000000000000796,0.06888999999999929,0.5082084416305702,0.5363874597356504,0.06696471176274581,0.07505052760191051
0.38384811111114286,0.04407722222222235,0.021024000000000206,0.06471211111111094,0.6421437999999853,0.6962258222222192,0.05109431111111116,0.051984077777777846
0.508734222222251,0.04398577777777785,0.021795222222222164,0.0642418888888893,0.6362198666666485,0.8745634111111321,0.032217155555555516,0.03554938888888887
0.6421806666666675,0.04398577777777785,0.021359555555556478,0.0642418888888893,0.6362198666666485,0.8745634111111321,0.03251915555555559,0.035457366666666594
0.9287414444444141,0.0434732222222224,0.020277666666667454,0.06252733333333302,1.0795016444444374,1.3543401111111029,0.03251915555555559,0.035457366666666594
1.2185181111111283,0.04326177777777771,0.006365777777778211,0.06186866666666665,1.0795016444444374,1.685546466666665,0.012405133333333386,0.00457562222222223
1.2166367976904697,0.003971463468798566,0.0075425272040871745,0.00248256717743693,1.4689240666666465,1.9069243777777718,0.01349701111111121,0.00457562222222223
1.525689888888893,0.004876222222222282,0.006508777777778758,0.003219666666666399,1.8237301444444385,1.7810538333333235,0.0047565888888889685,0.004613855555555516
1.525689888888893,0.004751000000000024,0.006618222222221625,0.002841666666667051,1.694468911111105,2.4166476000000015,0.005847355555555514,0.0049369777777777835
1.8702534444444407,0.0053208888888889305,0.007718444444443486,0.003500999999999977,2.1885548627320053,2.5856235411803747,0.004960064465933014,0.004938623985773042
1.8894253333333433,0.004534222222222439,0.006306999999998829,0.0030082222222221036,2.0531468791648164,2.4240247556641403,0.0058823522878720174,0.005406563749444583
1.9293306666666772,0.004655888888888645,0.006604111111111403,0.003117999999999831,2.33354315555556,2.3425316888888816,0.006469077777777808,0.004945611111111001
1.7945998888889234,0.005381666666666421,0.00666111111111118,0.003624888888888715,2.454753211111116,2.3425316888888816,0.005435833333333344,0.0051246333333333696
1.7248838888889018,0.004637444444444188,0.00666111111111118,0.003155666666666927,2.0105126444444372,2.0604013666666674,0.006708511111111136,0.008061844444444521
1.4351072222221877,0.00425933333333322,0.006111666666667601,0.002717777777777523,2.2216691999999894,1.8232551555555512,0.005720977777777778,0.006901755555555581
1.5761903491216078,0.00477751834556364,0.006906382032466442,0.004267400489215156,1.952229011111115,1.4239272111111254,0.006082633333333291,0.10527588888888888
1.2730098888888886,0.004872111111110892,0.0069017777777781305,0.011059777777778064,1.500761733333333,1.4526272000000013,0.006082633333333291,0.11168434444444446
1.3680531111111427,0.00412933333333301,0.007146666666667696,0.011059777777778064,1.587974511111112,0.8179538888888942,0.08508745555555564,0.11678723333333345
0.902701444444473,0.08035399999999981,0.0081067777777785,0.09659444444444493,0.9748890666666816,0.4730010222222442,0.08508745555555564,0.11678723333333345
0.8311793333332895,0.14874644444444446,0.0081067777777785,0.09659444444444493,0.9759703312583529,0.4732113383726321,0.08786358381502897,0.11825195642507783
0.6674206666666578,0.14791800000000027,0.00789122222222242,0.1549981111111107,0.5560333333333272,0.3242026666666599,0.09014833333333334,0.11819940000000001
0.6683003333333142,0.14803177777777776,0.010714444444444225,0.15449122222222184,0.4348232777777715,0.3249728666666556,0.09380731111111111,0.11828657777777779
0.4503196666666756,0.14803177777777776,0.01142622222222182,0.2029801111111114,0.4359656666666499,0.12611741111110558,0.0945764,0.11534936666666662
0.45167011111112115,0.14887355555555556,0.010436222222221798,0.25227955555555565,0.22480911111109791,0.03313562222220096,0.0945764,0.11649313333333318
0.311637777777782,0.14907788888888895,0.00956022222222133,0.25073277777777747,0.09141835555553574,0.033914766666662724,0.09405586666666664,0.018118999999999885
0.16191133333333912,0.14807800000000013,0.010953333333333148,0.24421355555555538,0.09141835555553574,0.005214777777786771,0.09499969999999999,0.012129144444444413
0.06809555555552531,0.14996766666666675,0.009851333333333262,0.24499044444444393,0.004968633333343557,0.0050658555555476905,0.01579364444444447,0.0067562333333332815
0.06896844444443358,0.07443033333333324,0.0092509999999998,0.15879644444444413,0.005302566666658651,0.004974466666649531,0.01579364444444447,0.007372399999999983
0.006280222222257079,0.00603788888888859,0.0092509999999998,0.16038333333333318,0.005267966666660111,0.0055938666666419425,0.013295022222222182,0.004864166666666768
0.006417888888891968,0.007928333333332994,0.040499111111110944,0.10150422222222252,0.005382255555559823,0.005585633333333186,0.009632122222222218,0.0060634222222223
0.006277888888891741,0.00796400000000001,0.07201588888888782,0.1266056666666668,0.005382255555559823,0.004815433333337498,0.0065953000000000695,0.005754011111111143
0.006277888888891741,0.009151777777777821,0.07130411111111022,0.079130555555555,0.005214922222219482,0.005625600000017686,0.005278477777777778,0.006479822222222308
0.006450000000010429,0.007819666666666732,0.07238477777777695,0.031151444444444586,0.005792822222228248,0.00510300000001962,0.005278477777777778,0.005874700000000147
0.006450000000010429,0.007937555555555618,0.129840333333334,0.031151444444444586,0.0045973666666757,0.004323855555557859,0.005243922222222204,0.005874700000000147
0.006616555555562324,0.007937555555555618,0.26845777777777696,0.08428411111111068,0.005678255555564091,0.005284255555554612,0.004300088888888862,0.005587633333333354
0.005389111111122071,0.0071663333333332625,0.26845777777777696,0.08350722222222216,0.004915199999977126,0.004512722222222642,0.004407611111111037,0.005567955555555572
0.005454111111096912,0.006970444444444724,0.40541322222222226,0.08448955555555593,0.004919022222199803,0.00490288888890215,0.005023766666666621,0.00495178888888887
0.005454111111096912,0.006970444444444724,0.5328487777777787,0.08290266666666687,0.004829488888882831,0.004988488888891931,0.0045016555555555705,0.006035611111111136
0.00531733333329814,0.0061607777777778795,0.6810144444444433,0.0834772222222221,0.004820466666659387,0.004039033333318306,0.0045016555555555705,0.004836355555555604
0.0051466666666581465,0.005806444444444657,0.7811676666666677,0.05909522222222247,0.0053526666666749,0.004898766666668861,0.0049033999999999285,0.005090299999999992
0.005953666666654398,0.004618666666666845,0.7811676666666677,0.058081444444444706,0.004377611111136857,0.004636455555536638,0.005010433333333361,0.004987711111111096
0.004431111111090205,0.005972000000000262,1.236384111111112,0.05742122222222198,0.005551844444451288,0.0047320555555643296,0.005010433333333361,0.004449066666666705
0.005480222222205258,0.005134777777777958,1.3369386666666654,0.05799444444444488,0.006199988888896416,0.005298888888887633,0.004615355555555713,0.00532616666666662
0.004396666666656933,0.006266444444444612,1.1969281111111107,0.0038503333333339803,0.00805593333333516,0.004338488888890879,0.01827963333333333,0.0050709222222222496
0.005134666666688444,0.005903111111111217,1.3494027777777784,0.004417111111111341,0.00805593333333516,0.022284922222215505,0.01728257777777779,0.018124877777777704
0.005059111111121537,0.004841777777777562,1.2109873333333339,0.005259222222222428,0.02411649450184259,0.021270121070742592,0.01840277685216041,0.01811883816505602
0.005059111111121537,0.006079999999999962,1.3017359999999991,0.005259222222222428,0.024396777777762207,0.021953077777791603,0.017766011111111105,0.01857791111111108
0.005613999999998972,0.004999222222222402,1.3161424444444458,0.04540511111111162,0.023646633333328282,0.021953077777791603,0.028526344444444515,0.019371633333333225
0.03864333333336213,0.028908111111110916,1.2805606666666656,0.09161588888888872,0.023707811111099396,0.021997655555543994,0.040408977777777855,0.0189304222222222
0.03869544444448063,0.030133222222222148,1.2805606666666656,0.09161588888888872,0.024554677777757664,0.022254377777781227,0.05572165555555559,0.018307199999999933
0.03869544444448063,0.12841411111111098,0.8303851111111114,0.2418415555555558,0.022802544444434462,0.02160302222221036,0.05572165555555559,0.018969066666666673
0.11847166666666455,0.12841411111111098,0.6720691111111121,0.24430133333333262,0.0231338444444494,0.021927788888894562,0.07693223333333325,0.021523911111111235
0.26797877777779733,0.13236599999999993,0.6720691111111121,0.24430133333333262,0.020197011111122265,0.021927788888894562,0.10191878888888899,0.020825111111111162
0.38677766666665375,0.13161088888888905,0.5206683333333331,0.2695530000000004,0.020809566666678672,0.004721388888893015,0.10191878888888899,0.017899711111111254
0.38591533333333755,0.13229166666666675,0.5217648888888881,0.2704029999999994,0.004408402800939677,0.005316683338898299,0.10108572857619202,0.025887651439368827
0.8396660000000036,0.13207599999999983,0.3035806666666664,0.2704029999999994,0.0036113222222348266,0.003934044444444377,0.10105203333333329,0.0296705333333333
0.8393537777777864,0.13207599999999983,0.11004633333333264,0.25691011111111095,0.004599100000019816,0.0050081000000040555,0.09136181111111108,0.030822744444444578
0.8057554444444072,0.1084554444444446,0.011493888888889754,0.2117924444444444,0.00507219999999759,0.004888188888893789,0.0790745444444444,0.030204844444444566
1.0037976666666408,0.10791322222222238,0.011493888888889754,0.2320681111111114,0.0042253333333393235,0.004083611111108591,0.06829083333333325,0.04876062222222227
1.0056888888888758,0.008279000000000123,0.006719444444444081,0.08084166666666685,0.10012602222222237,0.00509746666667373,0.06829083333333325,0.06574562222222206
0.9268772222222248,0.009218888888888839,0.005929444444444383,0.08115766666666721,0.09914657777776231,0.004949988888881762,0.05884410000000001,0.0805012444444444
0.7771974005776301,0.004656854032437074,0.006876805154409672,0.0833513663630305,0.2528979555555427,0.004949988888881762,0.020193266666666654,0.0805012444444444
0.660169222222218,0.005294777777777822,0.006861666666667235,0.05755144444444385,0.5769688555555617,0.005273333333333439,0.021072266666666596,0.10548696666666664
0.660169222222218,0.004614000000000118,0.005765111111112257,0.05812700000000051,0.8943049444444443,0.004679811111107787,0.020947844444444495,0.09860304444444433
0.21066855555555877,0.004513888888889126,0.007261000000001319,0.05852100000000052,0.8943049444444443,0.0054659222222173615,0.021559288888888917,0.09327467777777775
0.21295788888892278,0.005725222222222234,0.00612233333333418,0.03183755555555558,0.8949485333333265,0.005167755555545581,0.02091073333333328,0.09219768888888881
0.21295788888892278,0.004915999999999896,0.006642111111110202,0.030025000000000388,0.893882055555562,0.0043833555555529025,0.020291466666666643,0.09298707777777764
0.017929666666683868,0.005323111111111069,0.008354000000000245,0.01040333333333305,0.8953681222222246,0.005090577777770654,0.01569536666666676,0.0749782111111111
0.016038444444449042,0.006506444444444211,0.007006888888889131,0.011121111111111286,0.8008422333333494,0.004076722222205515,0.01569536666666676,0.057331344444444564
0.01706477777780593,0.005566555555555495,0.00840511111111021,0.007772111111111239,0.8018864777777961,0.004337600000004235,0.004372577777777726,0.039917122222222164
0.017068570793537827,0.00626216937097159,0.0074578795287836685,0.005962658368526294,0.6481351000000157,0.004337600000004235,0.004809477777777713,0.058022911111111006
0.018544777777757798,0.005623888888888947,0.008105999999999529,0.0064805555555559466,0.3248889444444293,0.05297052222222318,0.003930477777777774,0.022179766666666535
0.021448999999999312,0.0064091111111110885,0.008105999999999529,0.004247333333332728,0.0069737777777731935,0.05297052222222318,0.0040751555555556115,0.02159057777777777
0.01719899999999244,0.00611111111111108,0.008058999999999768,0.0038533333333327217,0.008597722222229248,0.2600035444444492,0.0034637111111111875,0.022027777777777844
0.017539333333338115,0.005846666666666778,0.009972555555554171,0.003872555555555361,0.00866818888888727,0.9024397222222295,0.003944044444444467,0.021158833333333363
0.017539333333338115,0.006680777777777931,0.008179555555555693,0.004404000000000173,0.00866818888888727,0.9033880333333539,0.004839688888888824,0.02139269999999993
0.017914444444411655,0.0055907777777777475,0.007588111111110784,0.003750000000000537,0.008962433333351782,0.9038322777777872,0.004074844444444306,0.021618066666666658
0.017914444444411655,0.005474666666666887,0.007588111111110784,0.003804222222221654,0.009323866666666921,0.9038322777777872,0.005034599999999952,0.02224205555555561
0.017446111111085984,0.006500111111111077,0.007865444444444987,0.003804222222221654,0.008279622222220144,0.9044004666666676,0.004921500000000036,0.022083388888888885
0.03288688888884887,0.00528333333333306,0.009976111111111803,0.003871888888889588,0.010084055555542667,0.9058673444444405,0.004484600000000049,0.003977600000000039
0.029070888888883123,0.006244222222222047,0.008269111111110937,0.00335266666666693,0.010049100000028628,0.8581692222222222,0.005222511111111112,0.004567577777777758
0.24973144444442774,0.005458999999999906,0.009020555555556106,0.0030030000000004346,0.02010818888889945,0.8581692222222222,0.00493878888888894,0.004900711111111197
0.24973144444442774,0.005569444444444196,0.008207333333332815,0.0030030000000004346,0.0184842444444434,0.6524427888888972,0.00493878888888894,0.004463511111111121
0.3012921111111003,0.005307666666666538,0.007452666666667243,0.0031182222222222817,0.037789888888899746,0.016854044444440004,0.004905666666666673,0.005080888888888839
0.3044414444444152,0.0052025555555555375,0.007452666666667243,0.0029964444444440614,0.037789888888899746,0.015905733333315512,0.005983422222222282,0.0040576333333334465
0.3001932222222321,0.0052025555555555375,0.0072691111111109,0.0029964444444440614,0.4994044666666595,0.03874194444443902,0.005983422222222282,0.004321100000000004
0.30568900000000415,0.004976444444444105,0.008368333333333706,0.0026390000000004778,0.612465011111106,0.03874194444443902,0.006440666666666626,0.004607466666666603
0.3031173333333249,0.003950999999999915,0.006692777777778424,0.002837111111111155,0.612465011111106,0.4914251111111033,0.052998755555555534,0.0039927888888889075
0.2931205555555607,0.005318222222222287,0.005858111111111145,0.004562999999999799,0.7028990666666712,0.48995823333333044,0.052998755555555534,0.005171344444444467
0.29506144444445054,0.0055366666666666715,0.007504555555556181,0.004562999999999799,0.7024506111110959,0.6801659444444492,0.057701755555555595,0.03400948888888895
0.073174999999992,0.006209111111111159,0.008646444444443723,0.03909366666666693,0.6923915222222251,0.6837348888889021,0.057089488888888804,0.04448646666666669
0.16764455555554986,0.00547422222222238,0.008010777777777712,0.03909366666666693,0.6935516555555586,0.6816421888888916,0.05822582222222211,0.04448646666666669
0.11217788888886086,0.006507555555555674,0.033106000000000475,0.06812899999999979,0.6725441777777772,0.6749456222222092,0.057357055555555536,0.045661855555555596
0.23599033333332248,0.005778555555555522,0.033106000000000475,0.0677193333333332,0.6736114777777782,0.6749456222222092,0.05648391111111118,0.04656614444444444
0.23599033333332248,0.0378205555555553,0.03350077777777787,0.0912731111111111,0.21122001111111408,0.6522006555555638,0.05648391111111118,0.04627521111111114
0.23186711111111438,0.03776588888888889,0.032401555555555066,0.10417122222222178,0.09706773333332169,0.6522006555555638,0.05619157777777785,0.04536485555555558
0.23251199999999195,0.03776588888888889,0.19049511111111095,0.1039731111111111,0.09706773333332169,0.19938861111111492,0.009954233333333378,0.04630034444444446
0.22774611111112286,0.03720199999999984,0.3604658888888884,0.10250422222222177,0.005485011111116162,0.2004189333333418,0.009954233333333378,0.045841577777777795
0.2258052222222331,0.03602266666666647,0.3588194444444434,0.10273011111111115,0.020105800000003962,0.008213044444447508,0.005944111111111027,0.016413455555555588
0.2249374444444483,0.03644377777777782,0.5569867777777786,0.0692873333333329,0.020105800000003962,0.0052820888888871,0.005944111111111027,0.006096988888888773
0.13046788888889044,0.03644377777777782,0.5569867777777786,0.0692873333333329,0.02323641111110596,0.020853466666639835,0.02261771111111113,0.006096988888888773
0.13135611111111858,0.036283555555555506,0.6796593333333334,0.11069111111111123,0.024031311111110024,0.01992671111111122,0.02319864444444438,0.027479388888888834
0.027772999999999434,0.06390666666666671,0.6796593333333334,0.11069111111111123,0.0237032444444291,0.0209239111111338,0.02209838888888877,0.026575099999999983
0.027772999999999434,0.03186466666666692,0.6799094444444447,0.15188866666666695,0.02269982222220632,0.020289655555561444,0.03747165555555553,0.04534701111111106
0.03278322222225446,0.09010977777777798,0.6808614444444443,0.14157733333333372,0.022838666666688018,0.020289655555561444,0.04760141111111111,0.05849336666666665
0.05170122222226484,0.09010977777777798,0.5227678888888885,0.14157733333333372,0.022838666666688018,0.01984928888888741,0.04644934444444444,0.05755787777777777
0.05102311111113523,0.115298666666667,0.3525158888888898,0.14361855555555617,0.02321901111110947,0.018818966666660546,0.06318898888888885,0.0758028555555555
0.25284466666668476,0.11602366666666698,0.353726000000001,0.1451217777777774,0.008479222222200001,0.019652755555550055,0.07235945555555565,0.08936723333333337
0.25203411111114193,0.11493011111111114,0.15366533333333307,0.14336677777777773,0.008479222222200001,0.019014766666657582,0.08434767777777791,0.08836738888888897
0.45487688888892486,0.11585011111111104,0.15473599999999976,0.14559666666666657,0.0050712666666691405,0.004521466666675325,0.06653774444444449,0.10532373333333336
0.5771051111110966,0.11509100000000001,0.006544888888888699,0.07824855555555546,0.005136422222215566,0.005059933333351789,0.10313643333333339,0.11508546666666661
0.5537264444444393,0.0879358888888887,0.007377222222222221,0.07824855555555546,0.004397188888895522,0.005147066666665978,0.10313643333333339,0.11594328888888886
0.7414507777777747,0.0879358888888887,0.006727111111110339,0.01606377777777763,0.005038911111120746,0.004538611111109327,0.08878472222222222,0.09642656666666666
0.9023588405152834,0.029878165259884574,0.00577254553531722,0.013502110173256102,0.005050366666662537,0.00558419999998705,0.07815017777777776,0.0844019888888889
1.1063562222221763,0.029891444444444523,0.006803444444445164,0.013508111111110882,0.023429611111093134,0.005138711111107518,0.09439174444444443,0.0844019888888889
1.1063562222221763,0.004798222222222235,0.005808666666666795,0.011371222222221731,0.04753267777778724,0.005138711111107518,0.07765210000000002,0.06638416666666672
1.1049424444444311,0.004073222222222247,0.005679222222222317,0.009642111111111105,0.16231731111112266,0.08334498888888851,0.0679260333333333,0.06328513333333322
1.2573421111110799,0.005473333333333367,0.006515666666666044,0.010714333333333395,0.2952114333333561,0.08334498888888851,0.05665874444444435,0.06378647777777777
1.0544993333332968,0.03178822222222206,0.005444999999999331,0.008484444444444567,0.29432864444445134,0.248126011111127,0.05665874444444435,0.046830133333333364
0.9323878888889239,0.032414777777777855,0.006279888888888271,0.0052725555555560456,0.5139517333333478,0.24758754444445055,0.02034474444444448,0.0147286666666667
0.9323878888889239,0.03194677777777797,0.007201444444444545,0.006530000000000295,0.5139517333333478,0.43956292222222576,0.02034474444444448,0.014385822222222204
0.7462587777778128,0.03328977777777769,0.007723555555555903,0.003963444444444519,0.7165515777777753,0.60830996666667,0.020217466666666687,0.01528221111111113
0.5800807025345058,0.033607269897732196,0.007726989773232895,0.004333259226323287,0.9634497666666753,0.6072643777777924,0.019597588888888903,0.01416043333333329
0.3574741111111103,0.0335923333333332,0.008026333333333469,0.004825444444444808,0.9450705222222446,0.8636189333333404,0.005198611111111122,0.014975488888888827
0.3574741111111103,0.03395133333333315,0.009970666666666893,0.0041950000000004675,1.3789986333333295,1.2448370444444474,0.005198611111111122,0.014028544444444385
0.15858122222223556,0.034846777777777525,0.010123777777776708,0.004702333333333463,1.3755849666666728,1.165796977777777,0.005314177777777799,0.005363933333333453
0.006181555555586885,0.0334466666666664,0.010463888888889668,0.0036301111111111737,1.2426908444444393,1.3854306111111265,0.02786968888888894,0.005748355555555591
0.008057555555549496,0.007910888888889172,0.010463888888889668,0.004731333333333668,1.324365644444438,1.3074172777777702,0.02786968888888894,0.005748355555555591
0.007052555555522607,0.0064852222222222785,0.010487444444444174,0.008851222222221605,1.1047086555555428,1.3080262333333257,0.029110444444444467,0.022921188888888996
0.00797855555553421,0.008146999999999831,0.07922599999999926,0.007593777777777354,1.1047086555555428,1.1149665222222136,0.029705144444444522,0.02331173333333351
0.00771444444444569,0.008439000000000382,0.07904600000000055,0.019520333333333265,0.9202910111111275,0.9820698777777719,0.05784071111111111,0.05202606666666679
0.006458444444433554,0.007764777777777868,0.07904600000000055,0.018706777777777482,0.8108303999999862,1.1359635888888862,0.058551555555555634,0.05202606666666679
0.006546888888907335,0.040822888888888784,0.07848655555555538,0.06581955555555495,0.8108303999999862,0.8790505777777816,0.05670896666666675,0.05182192222222227
0.006546888888907335,0.04848411111111123,0.07807699999999962,0.06624999999999975,0.504569366666677,0.7001801333333333,0.05748824444444441,0.052332700000000086
0.1466987777777528,0.04758866666666685,0.07684322222222306,0.06574266666666675,0.3923635111111202,0.7001801333333333,0.05649748888888888,0.05053196666666666
0.32734733333331356,0.048552111111111254,0.0765573333333328,0.06610722222222244,0.5869009666666709,0.6569868777777654,0.03408094444444448,0.05056356666666668
0.325471333333351,0.04685299999999989,0.0777979999999998,0.06561755555555572,0.6356248000000039,0.5691411111111128,0.03408094444444448,0.05056356666666668
0.5087613333333442,0.04776477777777781,0.07620400000000101,0.06094000000000064,0.9833894444444506,0.8222480777777909,0.0328218777777777,0.03344540000000006
0.6928947777777871,0.046103000000000255,0.006633222222221649,0.061375000000000554,0.9833894444444506,1.2768284777777885,0.034117455555555454,0.03331172222222212
0.6915636666666514,0.045480333333333005,0.006702222222222708,0.04996777777777734,1.4478681399222546,1.5898036646307638,0.005691482509716807,0.004458267629094976
1.0506124444444445,0.045384777777777906,0.006702222222222708,0.04996777777777734,1.6766068555555511,1.4367931777777776,0.004983799999999909,0.005290855555555474
1.4104634444444553,0.01302788888888884,0.006973777777777931,0.0027337777777781806,2.0042607,1.9564729333333288,0.005881822222222148,0.0046799444444444605
1.4104634444444553,0.004108666666666415,0.006259222222221676,0.0023033333333333733,1.8514544444444268,2.219370744444449,0.006000555555555627,0.005490699999999935
1.7828724444444664,0.004872444444444568,0.006259222222221676,0.0026864444444443495,2.368704166666646,2.581453400000006,0.006000555555555627,0.006159455555555539
1.6022238888889055,0.004554000000000022,0.0066992222222223875,0.0027371111111109928,2.530199177777768,2.529117555555552,0.006107499999999995,0.0052420888888888365
1.890469444444433,0.004554000000000022,0.0061514444444444255,0.0023343333333332656,2.556396611111104,2.529117555555552,0.007052411111111052,0.006475044444444337
1.9154076666667001,0.004531999999999907,0.0061514444444444255,0.0023343333333332656,2.2078058111111054,2.440889355555549,0.006990977777777895,0.005584944444444296
1.7303482222222455,0.004531999999999907,0.0063175555555561565,0.0021571111111108447,2.3882527888888934,2.1025334555555384,0.005100700000000082,0.0059079777777778265
1.8532851111110884,0.004555333333333541,0.004974777777776909,0.0021312222222225805,1.9052042468037855,1.7537989772095484,0.005897342968315785,0.005151095052807051
1.694092777777769,0.00403544444444432,0.006080333333332849,0.0021312222222225805,1.7078433444444716,1.953190233333329,0.05531097777777784,0.006007566666666662
1.33334288888889,0.004176555555555616,0.00640944444444358,0.0033132222222218076,1.4539969555555736,1.486731011111115,0.0544129555555556,0.09243139999999998
1.4892695555555395,0.005179444444444749,0.007105111111111266,0.0058493333333334225,1.4539969555555736,1.0223565111111081,0.0840047666666666,0.09110986666666669
0.9751937777777534,0.004415666666666596,0.007105111111111266,0.016983666666666706,0.9378013666666777,0.6602738555555511,0.08792053333333325,0.09197621111111108
1.142557333333318,0.06530488888888897,0.00682144444444393,0.016568444444444375,0.5817689000000049,0.5373137666666707,0.08962766666666669,0.09197621111111108
0.915786777777814,0.14762911111111127,0.006128555555554903,0.08022600000000009,0.42613942222223816,0.5373137666666707,0.08868275555555563,0.09249997777777778
0.7082323333332978,0.14813233333333328,0.009487555555554967,0.1291089999999997,0.42613942222223816,0.3727859222222113,0.09114696666666663,0.09507685555555564
0.7087449999999587,0.14813233333333328,0.009710777777777303,0.1288512222222222,0.24669654444444533,0.25656142222222417,0.09215957777777771,0.09398197777777778
0.5858081111111157,0.1481029999999998,0.009710777777777303,0.188169666666667,0.24669654444444533,0.25774728888888554,0.09075917777777771,0.09728926666666661
0.38723144444444796,0.14897566666666665,0.014189444444443528,0.188169666666667,0.07799029999998514,0.058344144444447466,0.04199507777777776,0.09559982222222223
0.3879797777777741,0.1481333333333335,0.012817111111110712,0.21855155555555605,0.005090566666650729,0.005123611111110272,0.04295628888888883,0.010412222222222194
0.23205311111112478,0.14807888888888876,0.01275033333333416,0.21601544444444445,0.005090566666650729,0.005059166666670637,0.012466466666666683,0.010412222222222194
0.23360188888889552,0.14917055555555533,0.013704777777778393,0.22684322222222245,0.0049286666666843205,0.006059800000002724,0.009483733333333423,0.010000000000000134
0.06623833333333096,0.08870555555555548,0.012657777777778595,0.22790711111111112,0.0049286666666843205,0.004915355555555026,0.006809755555555544,0.010857522222222138
0.006053777777752759,0.006381333333333177,0.014410555555555347,0.16404077777777737,0.005019477777775845,0.005523422222230087,0.007599855555555486,0.009100799999999935
0.006355777777773458,0.006199777777777706,0.013083222222222605,0.11640500000000033,0.005798522222227752,0.0052101444444348196,0.005371677777777744,0.0076243555555555185
0.0058431111111126996,0.007503444444444322,0.011772222222223011,0.1167917777777774,0.005464999999983573,0.005953688888894249,0.004833322222222251,0.0076243555555555185
0.007302333333377141,0.006497111111111151,0.012963333333333242,0.058760444444444386,0.005464999999983573,0.004767822222232907,0.004833322222222251,0.005390388888888999
0.006655555555527018,0.00712544444444458,0.007379111111111078,0.058760444444444386,0.005011711111106049,0.0045370444444377735,0.0051688555555555,0.005390388888888999
0.006826777777759061,0.00712544444444458,0.09694599999999949,0.0797227777777773,0.004759100000001126,0.005610966666665718,0.004207644444444424,0.0053469666666667364
0.006826777777759061,0.007763111111111067,0.09673611111110998,0.0797227777777773,0.005550255555565147,0.004804433333333691,0.005199044444444511,0.006074755555555577
0.006220777777798503,0.006671444444444477,0.09703166666666461,0.05980833333333319,0.005197333333304263,0.004500044444455398,0.004914211111111209,0.004951877777777651
0.007433888888903716,0.00711988888888884,0.1605359999999981,0.0890756666666669,0.005197333333304263,0.005424444444429355,0.00572431111111106,0.004998555555555617
0.006143444444458308,0.007789111111110951,0.15878322222222135,0.08984855555555527,0.006639842274783893,0.0048147728534698045,0.004932566922137072,0.005593946462290604
0.006116111111118193,0.00739377777777782,0.3182724444444429,0.0888451111111108,0.005863011111090247,0.005230644444465169,0.0047582222222222565,0.005357144444444548
0.006116111111118193,0.006723111111111359,0.4886131111111117,0.08845833333333374,0.006397255555555149,0.004487100000005739,0.004283966666666676,0.005357144444444548
0.005644222222195418,0.006723111111111359,0.6304184444444462,0.087907333333333,0.007168722222230726,0.0056964111111028615,0.005836955555555548,0.005461133333333288
0.005675555555575961,0.006097777777777462,0.6304184444444462,0.087907333333333,0.00719201111111387,0.0049647444444392225,0.004848611111111136,0.006433911111110987
0.0047560000000177955,0.007170888888888764,0.8923343333333347,0.03553877777777833,0.007183999999988878,0.004894700000009936,0.006041466666666669,0.005241099999999949
0.005850333333354583,0.005584777777777896,0.8910951111111116,0.03553877777777833,0.006392844444424858,0.005619566666654111,0.0061767555555555,0.005492277777777881
0.005618888888875517,0.0066458888888890994,1.2279172222222252,0.03477022222222183,0.006759300000017751,0.005843577777757977,0.005528555555555426,0.006741966666666711
0.004405777777770305,0.005967777777777647,1.1644128888888916,0.004909888888888424,0.006759300000017751,0.00491917777778402,0.005875877777777823,0.005837766666666738
0.005392888888865047,0.0052985555555555355,1.3816577777777785,0.004137000000000057,0.005543414471498028,0.006196576636670445,0.005877837056796754,0.006417561409358574
0.0051192222222198325,0.005577333333333299,1.3702326666666682,0.004540444444444347,0.00648980000000342,0.005133644444438486,0.0058811666666666535,0.005553655555555488
0.00573322222221072,0.005728555555555441,1.1998919999999993,0.005774999999999864,0.005284977777787642,0.023361122222202844,0.018332011111111036,0.02118231111111092
0.004745888888869053,0.005728555555555441,1.2845684444444443,0.0045454444444443555,0.018574388888888887,0.022151811111105722,0.03431443333333326,0.02073863333333332
0.0051432222222097665,0.011868000000000163,1.399764444444445,0.09706599999999968,0.01855982222221226,0.022870277777782475,0.03431443333333326,0.02057417777777779
0.03197977777775426,0.025273333333333408,1.1943215555555564,0.09653544444444388,0.018645222222226546,0.022656866666655638,0.0458897444444445,0.021461144444444483
0.032026666666651084,0.026528222222222238,1.1943215555555564,0.19847022222222205,0.018645222222226546,0.022521888888901585,0.06658025555555555,0.02048217777777771
0.03219811111113005,0.026273666666666334,0.926307777777778,0.19680800000000037,0.018351033333323764,0.021601633333343924,0.06658025555555555,0.020101466666666654
0.03219811111113005,0.02543411111111106,0.9272331111111088,0.23960988888888896,0.01895523333332171,0.022346566666676105,0.12217584444444443,0.030142866666666622
0.0323037777777952,0.026743333333333418,0.709988222222222,0.2421948888888892,0.017670844444435514,0.02180672222220892,0.12317918888888889,0.028967955555555487
0.031629000000015776,0.02564844444444445,0.5611703333333335,0.26426011111111103,0.03737276666666706,0.022362677777765485,0.1223279777777778,0.04963723333333336
0.03207011111115005,0.025791888888888715,0.5621860000000002,0.2630255555555555,0.2398034111110974,0.004626177777797441,0.11112792222222237,0.034008577777777924
0.03260755555558919,0.025791888888888715,0.33451311111111043,0.29241722222222205,0.2257425333333206,0.004626177777797441,0.09359251111111128,0.06012563333333333
0.03221022222224848,0.07086177777777773,0.2206101111111107,0.20201688888888944,0.7684680888888996,0.005043622222223753,0.09433010000000014,0.09512033333333335
0.005373666666703988,0.057021888888888685,0.07457022222222223,0.20201688888888944,0.925370155555552,0.004833788888889659,0.0825278444444445,0.09423336666666665
0.005109666666663139,0.05666477777777759,0.0760735555555559,0.10406633333333323,0.9264693333333299,0.004973088888884074,0.06071064444444451,0.09508283333333326
0.0053197777777616775,0.056545666666666806,0.007799888888885992,0.10465211111111078,0.9258577555555437,0.004973088888884074,0.061558899999999986,0.09421385555555549
0.0053197777777616775,0.056545666666666806,0.008044777777778716,0.06137933333333321,0.9267442666666613,0.0048246777777889195,0.004805888888888863,0.0852251
0.0052995555555652475,0.05624133333333327,0.008044777777778716,0.05931311111111073,0.9267442666666613,0.058078155555569486,0.004594377777777801,0.0852251
0.0052995555555652475,0.05624133333333327,0.00837244444444549,0.03740177777777771,0.9076701666666497,0.1732487888888904,0.004997811111111133,0.08240495555555553
0.04894599999998819,0.07874277777777808,0.007356777777778866,0.03740177777777771,0.7071480333333461,0.34389893333331484,0.004401622222222143,0.08419128888888897
0.04910711111112202,0.08034055555555576,0.009266444444443146,0.00872311111111183,0.7071480333333461,0.9327967222222167,0.005150266666666638,0.059739355555555554
0.22435566666667406,0.028255555555555627,0.00797344444444232,0.006950333333333466,0.16479807777778258,0.9316608111111135,0.004412677777777776,0.023936333333333375
0.22435566666667406,0.028314000000000148,0.009327444444443877,0.00728299999999946,0.008683577777781518,0.9330259555555548,0.004253566666666616,0.02466733333333335
0.6431806666666692,0.028324222222222223,0.007824111111110218,0.0032987777777775153,0.008996744444447006,0.9322967666666703,0.004253566666666616,0.02451554444444442
0.6420877777777605,0.027636777777777708,0.007505777777778475,0.0031132222222222737,0.008996744444447006,0.934078666666652,0.004271411111111191,0.02527866666666672
0.6754284444444542,0.029304111111111003,0.007493000000001379,0.0037876666666668436,0.00916169999999915,0.9352968999999879,0.005283966666666653,0.024226022222222244
0.6743558888888908,0.02898366666666677,0.008401111111112414,0.0036288888888888794,0.00916169999999915,0.8813079333333337,0.004492133333333266,0.024893277777777823
0.8409752222222172,0.02898366666666677,0.006795555555555667,0.0035080000000004617,0.009571077777795584,0.7671735777777764,0.005025744444444406,0.007898344444444372
0.7999656666666448,0.00650222222222199,0.008755666666666507,0.0035080000000004617,0.00890687777778491,0.5972672888888914,0.005297799999999995,0.006901411111110978
0.7992671111110718,0.005834777777777905,0.007669666666667278,0.003322666666666092,0.01070295555555529,0.01026325555556519,0.004549155555555499,0.004502655555555526
0.6263214444444304,0.005834777777777905,0.007669666666667278,0.0037806666666663586,0.011121977777760448,0.01026325555556519,0.005614933333333307,0.005172688888888888
0.6299673333332976,0.006570777777777753,0.007999222222221332,0.003963777777777801,0.009601911111107914,0.010086877777774185,0.004808133333333347,0.0051070999999999695
0.21026511111110976,0.005662777777777943,0.009574444444445539,0.004185000000000451,0.009569922222226523,0.010086877777774185,0.006591555555555573,0.0051222222222223005
0.21385833333336754,0.006944333333333615,0.008108111111113203,0.003784777777778143,0.011339399999997113,0.010313455555572344,0.005725455555555518,0.0043590999999999986
0.1805176666666739,0.005277000000000322,0.00807877777777498,0.003601222222222589,0.009683733333329454,0.008498699999999342,0.005537444444444521,0.005751677777777779
0.31789033333330335,0.005104555555555459,0.007170666666663945,0.0032412222222227964,0.011696055555559168,0.010443233333344577,0.006432977777777812,0.0050844222222222
0.26824288888888587,0.005906888888888931,0.00821699999999876,0.0032221111111109878,0.011405511111105524,0.0318897111111293,0.005495933333333339,0.005261555555555594
0.2887845555555941,0.004959222222222337,0.007406888888886619,0.0032221111111109878,0.010161199999989398,0.03065487777779355,0.005253466666666719,0.00533874444444439
0.3085405555555857,0.005080777777777712,0.006583222222221568,0.0031998888888888173,0.01906115555554935,0.38338155555554626,0.005253466666666719,0.00533874444444439
0.30557333333333897,0.00593833333333333,0.007363111111111999,0.002394444444444193,0.01755307777778449,0.5177600777777546,0.005050977777777768,0.005748900000000008
0.305898367210931,0.00533188937021008,0.006380206597801999,0.0025866933244475024,0.3667043666666877,0.5159906777777666,0.0057450666666667306,0.005083488888888951
0.3107503333333423,0.005333666666666817,0.005535333333331968,0.0023663333333330014,0.3653240111111258,0.6942390444444553,0.004832722222222283,0.05022741111111113
0.31046788888887833,0.00528466666666658,0.007295999999999797,0.00309277777777734,0.6010390777777843,0.6922305666666755,0.004832722222222283,0.05335598888888891
0.31046788888887833,0.00528466666666658,0.006975222222223466,0.011389666666666187,0.6905725111111186,0.6990747555555447,0.040798088888888834,0.05196341111111113
0.17482666666667987,0.00577255555555567,0.006975222222223466,0.011389666666666187,0.6885601888888889,0.6978763666666561,0.039902555555555545,0.0535785555555556
0.10820211111109125,0.005560111111111136,0.009408999999998792,0.05588944444444464,0.6877494777777808,0.6748376555555512,0.04491636666666676,0.05254722222222225
0.22946133333329677,0.006364333333333466,0.026360888888891373,0.08752122222222249,0.6887155333333352,0.6758555888888889,0.04483557777777777,0.05250821111111114
0.20970533333330524,0.00531244444444449,0.027225666666667953,0.08701577777777836,0.6780195000000049,0.3212351555555605,0.04564638888888891,0.05359451111111114
0.22217433333334058,0.03941911111111078,0.02644577777777752,0.08781988888888906,0.6790362999999944,0.18781243333336306,0.044783100000000055,0.05251432222222215
0.2181741691675335,0.03959519839946623,0.0495145048349448,0.08714004668222758,0.32988501111109125,0.18847553333334746,0.04498434444444439,0.05328432222222214
0.21450544444446173,0.04068066666666642,0.048769777777778245,0.1007882222222223,0.330623555555538,0.010755655555562448,0.0447389111111111,0.008063666666666778
0.21119466666666795,0.03944811111111098,0.048741666666665476,0.10073277777777812,0.09398026666667647,0.010755655555562448,0.0447389111111111,0.005912111111111143
0.21243755555552626,0.040731111111111,0.04793433333333358,0.09305777777777834,0.004446833333342208,0.004692933333343616,0.008818466666666759,0.005912111111111143
0.2113878888888697,0.04057077777777786,0.24692411111111157,0.09305777777777834,0.0052290555555663965,0.004898866666672398,0.008818466666666759,0.005243733333333278
0.16157977777781224,0.03998088888888892,0.2434440000000014,0.04882011111111082,0.004950055555544472,0.005476999999997487,0.004628911111111078,0.005243733333333278
0.01662300000003193,0.039876444444444485,0.44444755555555404,0.01718833333333297,0.003983999999990021,0.0044590666666598135,0.004790366666666608,0.005530144444444404
0.017124444444460905,0.04081766666666672,0.5990481111111119,0.018152666666666387,0.0049336777777789905,0.02105129999999791,0.0039795555555554646,0.022823944444444456
0.004655444444425586,0.005853444444444813,0.5990481111111119,0.017348555555555676,0.004673555555573077,0.021052899999991347,0.005010866666666639,0.023861366666666658
0.005742888888865613,0.005516777777777864,0.6823482222222216,0.07544177777777764,0.004673555555573077,0.02038980000000695,0.03733551111111109,0.02309136666666667
0.0052966666666583884,0.06200799999999992,0.6823482222222216,0.12119488888888934,0.024227933333343624,0.020942766666646802,0.0367098666666666,0.02919629999999998
0.07798766666665971,0.06200799999999992,0.6821778888888889,0.12052388888888921,0.023386677777775984,0.021611655555545894,0.04820171111111109,0.03851168888888889
0.07674477777780138,0.11875011111111139,0.6831177777777764,0.13299755555555492,0.024531533333326177,0.021289666666664035,0.05659759999999996,0.03851168888888889
0.2800651111111216,0.11791055555555573,0.4849701111111118,0.13299755555555492,0.024562877777763486,0.020337588888878603,0.0730664777777777,0.05032365555555567
0.4266132222221839,0.11875955555555567,0.4849701111111118,0.13449044444444447,0.024527033333343856,0.020633466666677376,0.07224222222222215,0.061023233333333385
0.5556508888888756,0.11894899999999946,0.26729911111111293,0.13626166666666648,0.024527033333343856,0.021430533333342636,0.08551197777777783,0.07880220000000004
0.5551494444444466,0.11800777777777723,0.11183377777777853,0.13740955555555542,0.024687222222224945,0.005403188888894622,0.08551197777777783,0.0604221
0.7112074444444261,0.11877511111111064,0.11324811111110952,0.13740955555555542,0.023930544444441343,0.005145277777772764,0.12835350000000004,0.10111524444444454
0.7101199999999861,0.11896911111111111,0.006931555555556517,0.08381844444444496,0.02459163333332981,0.005145277777772764,0.0951335222222223,0.10849002222222225
0.9749004444444533,0.061886777777777825,0.007825444444443342,0.02720300000000009,0.0051419222222206275,0.005113966666669967,0.09614871111111109,0.10174902222222211
0.9022094444444521,0.061886777777777825,0.006263222222221051,0.027625111111110497,0.0051419222222206275,0.004445077777770873,0.08565235555555545,0.09238020000000002
1.1952300000000127,0.004475000000000131,0.006669555555557989,0.014038666666666682,0.004812377777789658,0.024297211111110707,0.07638699999999989,0.09238020000000002
1.1864316666666734,0.004475000000000131,0.006747666666664524,0.014534555555555705,0.0047090555555655556,0.1839368222222283,0.06086589999999999,0.09665696666666652
1.039344333333348,0.004749111111110773,0.006747666666664524,0.01306522222222226,0.004678022222233519,0.18306281111110442,0.06086589999999999,0.08649076666666665
0.9601318888889081,0.034139555555555826,0.006445222222219451,0.011294000000000262,0.004678022222233519,0.3817882111111178,0.047480766666666625,0.06759781111111114
0.9616133333333386,0.035508444444445,0.007809444444442685,0.010947666666666578,0.10192718888889532,0.3812233222222277,0.062465311111111116,0.06841657777777785
0.8055553333333593,0.03474111111111158,0.006395111111111697,0.010947666666666578,0.2298853555555651,0.6049948555555477,0.01859247777777774,0.02752406666666671
0.8063431111111439,0.03538188888888922,0.007791222222222258,0.007098333333333232,0.22922426666667664,0.6049948555555477,0.01924013333333325,0.02014928888888901
0.5418506666666569,0.03579622222222254,0.0080157777777793,0.004757777777777664,0.3969206555555553,0.9686135111111236,0.01822494444444445,0.020762200000000015
0.5427278888889002,0.03579622222222254,0.009122555555557533,0.005193333333333309,0.5385689999999954,1.2352198888888906,0.018638877777777806,0.02047955555555556
0.2497073333333396,0.03663000000000002,0.007776333333333065,0.005193333333333309,0.5377536888888762,1.4455382222222146,0.019230366666666766,0.021254333333333292
0.05567522222221063,0.03749711111111114,0.009007444444446518,0.0054557777777783185,0.7601820666666742,1.285898611111097,0.018282588888888944,0.004218833333333382
0.05687966666669632,0.03800722222222201,0.010295333333333349,0.0045090000000003435,1.1345834777777606,1.461205911111108,0.01934223333333334,0.011586877777777857
0.00740733333330152,0.0077275555555552785,0.009163333333333412,0.005381777777778041,1.1345834777777606,1.262278599999983,0.019712799999999975,0.026481066666666647
0.005925888888870961,0.0077301111111106975,0.01001366666666728,0.0036158888888893318,1.4128974333333228,1.262278599999983,0.004728255555555487,0.026349044444444452
0.00702755555554783,0.0077301111111106975,0.011469444444445446,0.005286555555555437,1.4199098777777723,1.0386969888888935,0.0052643555555556,0.025510988888888846
0.007390333333306545,0.008003888888888849,0.01062722222222116,0.0053878888888887234,1.4199098777777723,1.0395507777777957,0.023548944444444418,0.027740055555555525
0.007164777777789924,0.007922666666666424,0.009508777777777293,0.007986333333333404,1.3127138999999994,0.6748819777777789,0.023548944444444418,0.027127144444444518
0.006287555555546634,0.007922666666666424,0.009977999999999081,0.007128666666667351,1.1717268333333286,0.40911193333333057,0.023096166666666782,0.027337788888888867
0.007356666666661719,0.0077539999999992745,0.07526411111111189,0.00815677777777779,1.219130466666665,0.17848198888889835,0.022504677777777822,0.02741773333333338
0.006185000000035265,0.007817111111110523,0.07311277777777846,0.03414088888888816,0.9959918444444296,0.17941761111112303,0.05995817777777773,0.02741773333333338
0.006076777777757849,0.006183888888889063,0.0734531111111115,0.03414088888888816,0.7804053888888866,0.00459733333332224,0.059415955555555525,0.05054974444444439
0.054700777777775836,0.05001533333333363,0.0734531111111115,0.061827888888888405,0.8923969888889032,0.13143693333334266,0.0583959111111111,0.0356555555555556
0.24743222222221248,0.048643888888889035,0.07277033333333331,0.06787666666666642,0.6488710555555662,0.24822175555555584,0.059221000000000155,0.03938051111111118
0.2463305555555356,0.04943344444444462,0.07131455555555515,0.0662060000000003,0.6906249000000015,0.24733234444444308,0.05918040000000006,0.0399566555555556
0.3696524444444549,0.04826388888888842,0.07105722222222098,0.0658492222222225,0.6906249000000015,0.4510110666666758,0.04072890000000019,0.03772758888888892
0.5383615555555379,0.048119111111111425,0.07105722222222098,0.06318744444444412,0.8742032444444338,0.6097838999999871,0.04138926666666685,0.038584077777777726
0.6557267777777472,0.048119111111111425,0.07076022222222239,0.06318744444444412,1.3189200000000105,0.6089475666666684,0.04233030000000005,0.03856665555555554
0.6546576666666322,0.047757444444444436,0.005474111111109577,0.06291044444444478,1.271516366666674,0.9141711333333358,0.04233030000000005,0.03771193333333329
1.1597123333333206,0.04740244444444465,0.007041222222221046,0.03668922222222272,1.8607820555555528,1.2834884777777928,0.005619877777777825,0.038847166666666606
1.1586161111111122,0.04740244444444465,0.006225888888890394,0.03668922222222272,1.701428799999999,1.2830014555555826,0.006159200000000007,0.00781373333333329
1.4830073333333633,0.004547666666666493,0.007311333333335471,0.00854922222222222,2.1958014222222144,1.5793056999999953,0.006159200000000007,0.009378955555555606
1.2902758888889265,0.004547666666666493,0.006512666666667302,0.003152444444444156,2.0626543666666572,1.462520877777782,0.006435911111110995,0.005552866666666533
1.7777703333333397,0.0047051111111113325,0.006512666666667302,0.003152444444444156,2.286504011111087,2.0531070222222323,0.005940411111110988,0.004976722222222119
1.653297888888877,0.004111555555555905,0.00683000000000157,0.0030653333333327108,2.286504011111087,2.239740366666657,0.0065858333333331555,0.006197011111111052
1.753315888888867,0.004264111111110778,0.00683000000000157,0.0030911111111109335,2.2411268555555606,2.3756500222222474,0.005925466666666503,0.0063305555555555676
1.7624907777778087,0.004753777777777499,0.006674222222222347,0.0030911111111109335,1.9629307222222174,2.5372939333333244,0.005710111111110947,0.00617214444444446
1.7624907777778087,0.00445533333333338,0.00811766666666674,0.0028938888888892698,2.0592696666666623,2.2320703666666573,0.005710111111110947,0.00617214444444446
1.4730652222222287,0.0038801111111107884,0.00655055555555527,0.002372666666666924,1.4700039777777838,2.083050655555553,0.08589271111111116,0.006311333333333385
1.677305000000009,0.004677111111110971,0.007224222222220079,0.006867666666666297,1.4848828777777814,2.083050655555553,0.08978540000000006,0.006311333333333385
1.3034007777777739,0.004697111111111004,0.006138777777775002,0.006447888888888858,0.8785186555555495,1.7777655333333215,0.09414678888888899,0.06771333333333328
1.4421907777777456,0.046074111111111274,0.008612888888889201,0.033055444444444665,0.8795004000000025,1.7784529444444517,0.09304498888888894,0.06712772222222227
1.0373334444444582,0.04512711111111085,0.008612888888889201,0.04353622222222242,0.4797439222222377,1.1878668000000012,0.09563418888888894,0.06992561111111108
1.0373334444444582,0.12539977777777742,0.008353444444442934,0.043226000000000264,0.4797439222222377,0.7979051333333271,0.09564823333333342,0.0716584
0.8022873333333741,0.12719200000000008,0.00916255555555444,0.19382599999999983,0.28125395555556076,0.5039590222222046,0.09564823333333342,0.07302906666666657
0.6767989999999979,0.1275744444444445,0.06387911111111243,0.21275566666666715,0.11468935555555189,0.34231511111112745,0.09509742222222232,0.07235331111111103
0.6767989999999979,0.12695611111111146,0.06318633333333423,0.2586172222222219,0.018350411111106902,0.3429252000000121,0.09509742222222232,0.0736066444444444
0.4619543333333241,0.1282201111111113,0.06318633333333423,0.2586172222222219,0.019377566666656146,0.12229737777777752,0.01490089999999997,0.07291741111111115
0.25856377777775685,0.12801511111111097,0.11689488888889187,0.31259066666666674,0.005047877777788775,0.12229737777777752,0.010791744444444543,0.07291741111111115
0.25856377777775685,0.12701844444444454,0.11689488888889187,0.31259066666666674,0.005047877777788775,0.004848955555574877,0.006430355555555613,0.010821900000000027
0.12066322222224497,0.08662511111111115,0.29825211111111116,0.286493111111111,0.005162655555548352,0.005042466666661009,0.007265988888888853,0.011613233333333257
0.03802611111111926,0.08727044444444469,0.44566166666666623,0.2763282222222227,0.005370566666657498,0.005762022222225167,0.004676788888888858,0.008815344444444442
0.03894522222223411,0.006997777777778128,0.4445686666666689,0.2763282222222227,0.005370566666657498,0.004557833333339861,0.004674955555555576,0.007152966666666637
0.005350888888895296,0.0056413333333335605,0.6262276666666683,0.1263441111111116,0.005418344444453598,0.004690411111116393,0.005362899999999961,0.005656844444444537
0.004299111111120308,0.0047692222222224245,0.787644888888887,0.1080146666666661,0.004801044444459674,0.005835099999994024,0.005286366666666722,0.005656844444444537
0.005387000000003658,0.006043444444444725,0.7868942222222207,0.061599222222221944,0.006011100000004414,0.005225011111109426,0.005286366666666722,0.005627377777777801
0.0046025555555691735,0.004779444444444891,1.2050803333333326,0.06268566666666686,0.006259277777777092,0.0053439999999922196,0.005671388888888802,0.005042188888888818
0.004565555555574166,0.005136222222222702,1.3227881111111106,0.004420000000000041,0.005710066666646678,0.005890644444434656,0.004831111111110959,0.0063623333333332486
0.004565555555574166,0.0058284444444443775,1.4465462222222212,0.004683999999999837,0.006902699999999287,0.005753033333323603,0.005955066666666589,0.006390633333333242
0.004551777777780646,0.005538111111111417,1.2619817777777769,0.004556000000000103,0.005806177777786717,0.005625455555572343,0.005992411111111077,0.005599300000000011
0.00543577777777197,0.004892777777777882,1.2709511111111107,0.0048192222222217165,0.005853633333332356,0.005619411111114106,0.005992411111111077,0.006422588888889013
0.004516666666657127,0.005878666666666909,1.3993004444444448,0.09237988888888854,0.005853633333332356,0.005619411111114106,0.029770044444444373,0.005131888888888973
0.02417666666663839,0.004594444444444593,1.3466593333333334,0.09132722222222217,0.0181451777777713,0.01883654444444321,0.046126266666666665,0.01418372222222222
0.02512977777774318,0.024758333333333365,1.2530038888888904,0.09524388888888938,0.01914785555554646,0.01769185555556558,0.04507128888888879,0.01513192222222226
0.02404188888885983,0.024397999999999503,1.2530038888888904,0.1783668888888891,0.017937800000001718,0.018690766666679792,0.0671755999999998,0.01390805555555562
0.025156666666639974,0.024397999999999503,0.9702127777777764,0.17728044444444419,0.01764386666666143,0.017966344444453677,0.10635312222222228,0.015068377777777784
0.02434444444442205,0.02489144444444394,0.7980244444444446,0.22172733333333386,0.01847175555555699,0.01844806666666601,0.10635312222222228,0.014677511111111128
0.025276888888887093,0.02502000000000019,0.6754815555555543,0.22146333333333404,0.017279122222204377,0.018411366666668982,0.10627986666666663,0.013777500000000036
0.024959000000004988,0.024326666666666264,0.6754815555555543,0.22394544444444464,0.05677502222221165,0.01765802222220398,0.1054068888888889,0.027111666666666697
0.024825111111113074,0.02519633333333281,0.5203134444444434,0.255721666666667,0.05570203333333742,0.01746856666665685,0.12072050000000005,0.03742132222222213
0.025480999999975516,0.07961666666666645,0.39288366666666424,0.16816100000000017,0.25988701111111195,0.018235933333313723,0.09651782222222227,0.03742132222222213
0.0049641111110961195,0.08007922222222183,0.26305666666666466,0.1879221111111112,0.24649284444443414,0.00414984444442881,0.07947365555555559,0.05085832222222225
0.004992777777766202,0.05991533333333305,0.14054533333333238,0.18809811111111055,0.9111131222222311,0.0050873777777711545,0.08067557777777778,0.09476658888888884
0.005778111111137858,0.06013099999999996,0.1416732222222221,0.10497511111111082,0.9122845333333456,0.004788711111100637,0.059218777777777815,0.09476658888888884
0.004663333333357716,0.06013099999999996,0.006278222222224233,0.10617299999999988,0.9124175444444581,0.004788711111100637,0.018927077777777704,0.09449815555555553
0.005849444444467938,0.05951999999999992,0.0072461111111105465,0.0620956666666667,0.9129931777777832,0.02411119999999301,0.019883599999999967,0.10951983333333336
0.005607111111102212,0.06009800000000038,0.007560444444446072,0.0620956666666667,0.9129931777777832,0.023280055555548847,0.0193731666666667,0.11008283333333345
0.006042666666669701,0.0612497777777779,0.007560444444446072,0.05972611111111093,0.8752305888888954,0.05289063333333389,0.01984041111111121,0.09674866666666679
0.03628411111109624,0.060380111111111356,0.008403555555557003,0.02827822222222191,0.8752305888888954,0.22088958888888202,0.004526800000000053,0.08646353333333345
0.17193577777778857,0.02932266666666629,0.008739222222222528,0.02827822222222191,0.6724350222222345,0.22012222222222516,0.004343388888888855,0.08646353333333345
0.17193577777778857,0.029456888888889116,0.008739222222222528,0.009296333333333155,0.6736781333333398,0.8894089333333189,0.007114222222222195,0.06389844444444444
0.4935475555555766,0.029456888888889116,0.008762222222221302,0.004603444444444765,0.009279066666654975,0.9047148222222303,0.006379633333333295,0.01977606666666666
0.49276222222220495,0.02940855555555544,0.008591999999999366,0.005614000000000551,0.008107655555540482,0.9052649444444304,0.005732122222222266,0.020433555555555583
0.6393375555555597,0.02940855555555544,0.010362444444442393,0.004416111111111497,0.00880908888888775,0.9052649444444304,0.006465788888888996,0.019541666666666718
0.8379805555555323,0.02951066666666691,0.008679999999998245,0.004566777777777513,0.007405566666667104,0.8861953444444327,0.0055092666666667345,0.004430088888888949
0.8372904444444329,0.028635333333333002,0.007961555555555026,0.0049461111111107755,0.00917697777777625,0.8861953444444327,0.005911411111111203,0.0038670888888888578
0.8381231111110942,0.028574888888888792,0.0096934444444451,0.0037995555555557165,0.00936274444443244,0.8590999111110971,0.006242544444444326,0.00489971111111102
0.8112577777777814,0.028574888888888792,0.0076395555555564,0.0034882222222220906,0.00936274444443244,0.6921364888888838,0.006914077777777713,0.004781977777777694
0.6749502222222267,0.005195444444444617,0.007356666666668035,0.004246222222222053,0.00989534444443052,0.6937930777777663,0.007085388888888902,0.004781977777777694
0.6778792222222466,0.005535888888888489,0.00848000000000108,0.0034669999999997637,0.00984115555555339,0.024506366666672524,0.004314555555555563,0.00517736666666672
0.35915899999998957,0.005535888888888489,0.007366777777778882,0.00400777777777803,0.00995897777777878,0.009573855555541085,0.004713777777777854,0.0051953444444445334
0.35915899999998957,0.005403333333333649,0.008125333333332997,0.003411999999999675,0.00995897777777878,0.010179688888904873,0.005716733333333397,0.004537855555555612
0.21662188888886805,0.006121888888889279,0.008089333333335466,0.003869333333333379,0.009772700000003928,0.010179688888904873,0.004983066666666666,0.005599233333333453
0.016792777777785282,0.006151888888889327,0.009081888888889328,0.0036091111111112976,0.011581566666658698,0.011562866666673069,0.005789466666666687,0.0047598555555556305
0.019830444444475386,0.005628444444444844,0.008270777777776555,0.0037804444444446976,0.009810155555549552,0.013376077777789104,0.005495855555555367,0.0056576333333333935
0.021578444444458,0.0056123333333333554,0.007713111111109407,0.0037804444444446976,0.010095822222227628,0.010860933333339694,0.0046974777777777366,0.005448477777777782
0.017452222222244827,0.006462777777778052,0.007713111111109407,0.00388055555555569,0.011247633333343604,0.010733788888899198,0.0050286444444444835,0.0055114333333333345
0.1608549999999822,0.005493444444444625,0.008462222222220817,0.003320666666667194,0.011349922222235718,0.011311622222232625,0.005128533333333296,0.0055114333333333345
0.1579259999999623,0.005302000000000362,0.008015555555554481,0.003320666666667194,0.010161000000007588,0.011311622222232625,0.005128533333333296,0.00523344444444439
0.29818533333334724,0.0062318888888894565,0.00882277777777871,0.00334711111111119,0.030251366666662866,0.016826211111107468,0.004946055555555459,0.0050464555555555825
0.30117244444444524,0.005283222222222625,0.00786622222222238,0.0029323333333337587,0.030251366666662866,0.024323888888874184,0.004615177777777671,0.0050464555555555825
0.301528222222209,0.005557666666666548,0.007175333333331461,0.0033713333333330476,0.045956888888895264,0.03837703333333467,0.004615177777777671,0.00481167777777769
0.301528222222209,0.004594333333332972,0.006885888888891461,0.003277666666666019,0.0441480222222405,0.3232124444444556,0.004643022222222188,0.006090955555555562
0.30359044444442895,0.005714999999999767,0.006885888888891461,0.0027269999999993567,0.43632213333335007,0.3213992333333396,0.003994222222222331,0.006313133333333387
0.30001644444443326,0.005352444444444555,0.006982111111110752,0.0030253333333334353,0.6451789555555555,0.5413344000000141,0.005141433333333476,0.005489666666666837
0.3066954444444087,0.0045019999999998585,0.006982111111110752,0.002891555555555512,0.6440271444444395,0.5399019555555609,0.012286933333333307,0.005761344444444489
0.16582166666669057,0.005646666666666849,0.007159000000001471,0.002693444444444045,0.7548393444444439,0.7133175888889002,0.011485811111111159,0.03928817777777774
0.16582166666669057,0.004900888888889041,0.00823177777778028,0.0035727777777773266,0.7564749111111017,0.7412855000000036,0.04547811111111116,0.03838245555555551
0.08093077777776772,0.004879333333332644,0.007424555555556052,0.01727822222222228,0.7350428333333336,0.7351941777778027,0.04621997777777777,0.04052539999999996
0.21020077777777463,0.03065477777777738,0.00787677777777655,0.01727822222222228,0.7361336333333195,0.7263580444444592,0.04614314444444446,0.042532400000000005
0.20580677777777764,0.030255222222222423,0.0068332222222219725,0.07026733333333368,0.7187985444444205,0.7129542666666566,0.04614314444444446,0.04170580000000006
0.20684477777780963,0.030255222222222423,0.007764111111110121,0.07871566666666674,0.7198177888888925,0.42600511111111755,0.04624599999999999,0.04105805555555551
0.20300699999996952,0.03064944444444409,0.007764111111110121,0.07970955555555609,0.32764367777778286,0.42653527777777833,0.046815988888888854,0.0406524777777776
0.20300699999996952,0.029936777777777483,0.00849977777777945,0.07941122222222201,0.11740066666665902,0.20660011111110385,0.04625801111111113,0.04123923333333315
0.19722666666666555,0.03169255555555534,0.009716777777779524,0.07961211111111134,0.11820065555555934,0.20750949999999574,0.03810981111111116,0.04075848888888883
0.19552211111113138,0.03145466666666626,0.049420333333333455,0.10422322222222234,0.006193512552757404,0.03259200177739826,0.03875746500777601,0.008205309931126547
0.19692566666668024,0.03145466666666626,0.04767088888888793,0.10470344444444478,0.004559322222222465,0.005216866666684281,0.004773777777777729,0.008207133333333462
0.13860055555556353,0.032082555555555975,0.04948388888888644,0.09043077777777755,0.0053198666666705524,0.004482688888888081,0.004603177777777893,0.006278733333333373
0.0063434444444586315,0.007700666666666381,0.1593753333333344,0.09165377777777749,0.0052003222222209745,0.004965233333343299,0.005101377777777848,0.0055692111111110216
0.0070532222222128545,0.007107222222221784,0.1593753333333344,0.03844499999999979,0.0052003222222209745,0.005073833333350801,0.005101377777777848,0.0055692111111110216
0.006666888888857001,0.008117222222221838,0.3525212222222207,0.029627555555555952,0.005174277777769021,0.004523144444451393,0.005295866666666754,0.006183266666666625
0.005404777777787078,0.0066023333333333776,0.3525212222222207,0.029264444444444218,0.006336333333327579,0.0047627777777721455,0.0055609999999999766,0.005468888888888943
0.0063394444444687306,0.007606222222222749,0.5227886666666659,0.030089666666666424,0.005517777777792314,0.018073911111122876,0.004971766666666557,0.018478322222222208
0.005440777777797242,0.005850444444444887,0.5215716666666658,0.030299444444444313,0.00561765555556172,0.017164522222230975,0.005872633333333309,0.018954144444444446
0.005463333333308482,0.011787666666666358,0.6335141111111113,0.08207277777777794,0.01869114247611583,0.017400344520986107,0.026346621471438077,0.01798266281395855
0.02266711111107927,0.011787666666666358,0.6371403333333332,0.1285412222222225,0.01868698888889892,0.016810944444431344,0.03575541111111115,0.021458055555555505
0.021750444444427964,0.09919044444444423,0.6353273333333347,0.1285412222222225,0.018937566666668067,0.017808855555541767,0.03450006666666662,0.020678433333333277
0.22633311111111554,0.09916955555555597,0.525566000000001,0.14175488888888862,0.01885568888891006,0.017705611111100302,0.047672644444444474,0.03415224444444439
0.36746944444444635,0.09980333333333391,0.525566000000001,0.14107822222222194,0.01885568888891006,0.01694764444443485,0.047672644444444474,0.04495136666666666
0.3668177777777702,0.09879333333333386,0.3322613333333335,0.1438885555555558,0.018725377777791943,0.01763075555554552,0.05712042222222213,0.055890488888888964
0.5750736666666652,0.09968099999999996,0.3331467777777783,0.14325777777777818,0.017563322222233387,0.017793655555559933,0.0695992444444445,0.06663141111111107
0.7012785555555436,0.09867711111111059,0.16087322222222156,0.1455691111111111,0.01840905555556876,0.004482522222209203,0.11896597777777791,0.05303522222222225
0.8350245555555679,0.09940688888888853,0.16220411111111036,0.14651088888888905,0.042602711111120094,0.005288766666669492,0.1210757444444444,0.09306860000000008
0.8341775555555716,0.09364877777777834,0.01160544444444314,0.07393511111111116,0.029308655555546972,0.004317011111121853,0.09995134444444449,0.09306860000000008
1.073458777777786,0.09364877777777834,0.00895277777777892,0.026107111111110887,0.029308655555546972,0.005238366666661579,0.0910361222222223,0.09050582222222217
1.073458777777786,0.005376888888888863,0.00895277777777892,0.029009888888888707,0.029229033333346404,0.00469151111111109,0.09187941111111107,0.09050582222222217
1.1118640000000193,0.004004222222221978,0.008758888888886911,0.01501399999999996,0.028894877777784385,0.0046347444444386895,0.07761338888888883,0.07669683333333341
1.1027265555555663,0.004442999999999605,0.009779111111110222,0.01501399999999996,0.028894877777784385,0.0046347444444386895,0.07839522222222228,0.07740101111111118
1.1362408888889048,0.028188888888888326,0.008303888888889333,0.013200333333333309,0.028766833333324686,0.04661624444443962,0.06854093333333343,0.07127456666666655
0.9279850000000099,0.027301222222222227,0.009025888888888606,0.014518666666666668,0.028766833333324686,0.2432857333333421,0.055226988888888974,0.06053364444444445
0.8019513333333635,0.028508888888888844,0.01011899999999994,0.01138211111111155,0.08222086666666605,0.3691303222222284,0.006706199999999922,0.06133055555555544
0.6682053333333392,0.029066666666666824,0.009836444444444068,0.010154444444444109,0.057127344444445,0.36832407777776804,0.004098277777777776,0.020237388888888697
0.6698461111110798,0.02905466666666633,0.008556111111112664,0.007115111111111282,0.2363150888888994,0.5784680333333149,0.004682244444444465,0.02102097777777771
0.41195755555554575,0.02905466666666633,0.008487777777775011,0.007115111111111282,0.2363150888888994,0.5775466777777751,0.004182822222222166,0.02057838888888893
0.4134325555555734,0.029559777777777976,0.008487777777775011,0.00504144444444421,0.4321713333333277,0.9742728111111079,0.004169600000000094,0.021320922222222236
0.17167399999996433,0.029559777777777976,0.00895266666666809,0.005744555555555704,0.6168912159911037,0.9728920377568043,0.005053003886729668,0.020347318156579662
0.03896533333333234,0.030376777777778193,0.009678777777777568,0.005744555555555704,0.8836626777777686,1.3189432333333446,0.004273977777777741,0.009735022222222138
0.007059888888913217,0.008100222222222916,0.009678777777777568,0.0055582222222222795,0.8829278333333265,1.4513955222222295,0.004755966666666605,0.004372911111111119
0.007059888888913217,0.008100222222222916,0.009730444444446424,0.004691999999999376,1.3551309666666624,1.253793333333331,0.006330377777777662,0.018711044444444505
0.007302666666671738,0.00822300000000019,0.010140222222222267,0.004691999999999376,1.3008311999999858,1.2659308444444202,0.005484433333333298,0.017914133333333523
0.008734666666643737,0.008140555555555472,0.009091888888889343,0.006559222222222162,1.5088783222222069,1.2669482222222037,0.005965222222222215,0.018757855555555723
0.007093888888903167,0.008724111111111673,0.009992333333330964,0.0067446666666665725,1.4028156111111105,1.0568042666666568,0.005381255555555527,0.01887798888888881
0.008293555555559983,0.008724111111111673,0.009087111111110997,0.01081811111111048,1.4028156111111105,1.0577237666666532,0.019477044444444414,0.018403966666666563
0.007795555555528862,0.008954444444444537,0.010194333333335711,0.00998899999999973,1.2069560888888746,0.661391255555543,0.0186469777777777,0.01886967777777772
0.00656622222221712,0.00990855555555549,0.07190322222222298,0.010147222222221962,1.0229990550305814,0.6617588993885365,0.02374732629238464,0.039859610894941624
0.007790777777801042,0.02130733333333268,0.07782511111111035,0.02198188888888887,0.7560019777777838,0.3357815333333368,0.023734133333333324,0.05592851111111109
0.030528555555520146,0.019837999999999235,0.07782511111111035,0.07254377777777737,1.724793133333315,1.0582068333333345,0.04724221111111112,0.05523235555555551
0.9733782222221837,0.046480999999999995,0.07744022222222056,0.07209166666666691,2.6142045333333246,1.0582068333333345,0.04800040000000003,0.043640644444444404
1.7763228888888485,0.046032222222222356,0.07593733333333338,0.07327833333333365,2.6142045333333246,2.872273444444463,0.04800040000000003,0.04659583333333321
1.7748908888888766,0.045620444444444457,0.0778746666666671,0.07072388888888921,4.380282522222223,2.8712560666666795,0.0495917666666667,0.04816775555555555
3.1208455555555603,0.04396299999999956,0.07667566666666896,0.07044933333333288,5.742018022222213,4.143635811111134,0.052057255555555605,0.047264033333333455
4.2806976666666845,0.045391555555555546,0.07820711111111223,0.06719644444444445,5.742018022222213,5.946522788888912,0.04119721111111119,0.05051754444444449
4.279720666666688,0.04484844444444431,0.07880344444444316,0.06776522222222228,7.587940555555558,5.945678111111129,0.04119721111111119,0.05157416666666668
5.51238866666669,0.04389433333333336,0.015481555555554553,0.06646311111111124,7.586848099999991,7.441129144444455,0.03709592222222222,0.032401311111111164
6.314672333333319,0.03192633333333343,0.009071888888889311,0.0552908888888892,8.969098688888892,8.63138746666665,0.03950442222222226,0.015430566666666758
7.328391000000011,0.03192633333333343,0.010088999999999891,0.00426477777777813,9.532769000000025,9.136720911111096,0.014789277777777807,0.018547133333333344
6.3855413333333475,0.00650899999999963,0.010103888888889086,0.004765666666666372,9.37616417777778,9.136720911111096,0.015712855555555547,0.018656044444444377
7.0461330224295216,0.005623584277148613,0.011928270042194515,0.0035766155896065576,9.37616417777778,9.03950345555555,0.019279200000000066,0.017693266666666648
7.830952222222247,0.00613322222222242,0.009998888888888917,0.004461777777778133,8.917865522222227,10.370447333333328,0.016804333333333386,0.01797054444444441
7.255411444444437,0.007095888888888643,0.010554666666665628,0.003781555555556161,9.188616911111108,9.098067588888872,0.01817925555555559,0.01797054444444441
6.094359666666656,0.006585111111110425,0.010225000000000744,0.0035914444444450234,9.188616911111108,8.40245653333332,0.017415355555555477,0.018066222222222122
7.625281888888872,0.005725666666666345,0.0085214444444451,0.0033794444444449965,9.171989755555572,10.17066341111112,0.017415355555555477,0.017846822222222215
6.39261388888887,0.007235111111111477,0.010059555555557154,0.003936777777778073,9.171989755555572,8.675212377777795,0.017713311111111112,0.01831843333333335
6.7050281111111065,0.005914777777778429,0.010281555555555618,0.0032743333333332065,9.263936277777766,9.062067911111114,0.01842473333333319,0.02085871111111099
6.754082555555569,0.00722488888888901,0.009264444444445038,0.0037789999999999525,9.435364311111105,7.659192266666676,0.01842473333333319,0.017742144444444406
6.754082555555569,0.007101888888888495,0.009731333333333068,0.003966888888888952,9.304516055555565,9.547778800000003,0.018416066666666696,0.017017444444444495
6.661759061596615,0.008124861018457072,0.009748165443627995,0.0039695352457194315,9.304516055555565,8.787093755555563,0.016874733333333253,0.01743918888888897
5.877196111111112,0.006820222222222425,0.01091477777777704,0.0036771111111109337,8.893965911362878,8.728763889814507,0.01686911029656773,0.017744918360546473
6.175209333333341,0.0076875555555560035,0.008992222222221674,0.003962666666666337,9.111576477777785,8.731673477777779,0.01605003333333329,0.017750833333333323
7.241521000000022,0.006769777777778233,0.00982311111110966,0.004304222222221673,9.111576477777785,9.25259855555555,0.016176622222222173,0.018303422222222317
6.649966444444444,0.008400111111111781,0.00982311111110966,0.003947444444443862,8.688460822222208,9.295220944444427,0.016176622222222173,0.018503188888888827
6.649966444444444,0.007500555555555227,0.010091666666666142,0.0046346666666663185,8.688460822222208,9.295220944444427,0.01746397777777775,0.016236644444444257
5.690621111111139,0.007500555555555227,0.008611111111112754,0.0046346666666663185,9.157591066666676,9.15887815555555,0.016078355555555618,0.01662484444444449
4.636950444444463,0.02907144444444438,0.00983177777777971,0.004708000000000033,8.600994000000002,10.353205844444442,0.016078355555555618,0.019868111111111197
4.636950444444463,0.02796877777777793,0.010296777777777304,0.004019222222222791,7.526832544444441,8.464619311111115,0.016229777777777753,0.020154377777777833
3.2654383333333503,0.02874277777777776,0.008454111111111237,0.005313333333333503,9.031983766666675,9.092772299999998,0.014204766666666677,0.020077288888888947
3.2667659999999867,0.029776999999999672,0.008792666666667831,0.0047203333333330185,9.53081376014227,8.956758097143503,0.018092186284317035,0.017078415027231366
2.198338888888884,0.02794699999999987,0.008792666666667831,0.005026999999999918,7.606772977777781,10.31362880000001,0.018197211111111007,0.020478577777777878
1.1332185555555347,0.029200777777778027,0.008942666666668073,0.005078333333333913,9.54171162222222,8.684508300000019,0.015598777777777765,0.019990233333333385
0.19512166666668743,0.028505888888888525,0.010743111111111148,0.005078333333333913,9.529682377777792,8.827306333333341,0.018953077777777834,0.017745000000000136
0.19512166666668743,0.028849666666666787,0.008936444444442613,0.004367333333333711,9.529682377777792,8.827306333333341,0.015495688888888873,0.020751611111111345
0.04005855555553556,0.030187444444444447,0.010903444444443898,0.005315777777778093,7.755108322222227,8.911055277777798,0.0172374333333334,0.01955450000000007
0.00660944444441864,0.007306444444444714,0.009682777777776942,0.006127333333333399,6.626606977777777,7.716727588888906,0.044941966666666826,0.016311233333333362
0.00809588888887447,0.008455666666666813,0.009025222222223623,0.006127333333333399,6.626606977777777,7.908938333333324,0.04154303333333348,0.026772955555555443
0.006790222222207377,0.008244555555555009,0.08104577777777738,0.016873555555555697,5.122659411111114,6.187467900000002,0.042336388888888916,0.02508922222222222
0.0065007777777989564,0.007944333333333652,0.08119733333333241,0.029366666666666517,3.8382187333333366,5.052286666666659,0.06464923333333326,0.026070677777777707
0.007295222222233457,0.007944333333333652,0.08223711111110928,0.028774444444444217,5.69412307777778,3.7542619222222195,0.06152246666666671,0.07678348888888885
0.031933999999991004,0.02047055555555488,0.08106166666666721,0.06467833333333317,4.930889611111114,3.7542619222222195,0.06329215555555565,0.07337005555555559
0.030663222222200505,0.0430722222222223,0.07926122222222413,0.06467833333333317,3.5358109111111027,3.80287773333332,0.062436833333333344,0.0763057555555556
1.432835111111116,0.042118555555555465,0.0809350000000014,0.06473044444444456,5.615034333333332,5.083840744444432,0.06543377777777787,0.0732991444444444
2.2408625555555473,0.04236944444444409,0.07896800000000011,0.06433133333333373,5.446281033333334,3.539419755555533,0.06195773333333336,0.07515500000000008
2.2408625555555473,0.04236944444444409,0.0807024444444456,0.06259566666666672,6.779246177777768,4.857567944444434,0.03641069999999986,0.07883959999999994
3.6291639999999967,0.04269333333333315,0.08072233333333165,0.06338122222222214,6.779246177777768,4.665357200000017,0.03641069999999986,0.06596097777777782
4.462274444444423,0.04111288888888886,0.008701777777777883,0.05223699999999967,8.69526342222221,6.639139844444445,0.039067033333333404,0.06851754444444441
4.461236222222195,0.041915777777777274,0.009268222222222752,0.039743888888888856,9.83205079999999,8.554127688888894,0.0150625444444445,0.07107991111111127
5.927365777777798,0.0432277777777775,0.010098000000002433,0.04025155555555592,9.485797711111099,8.492296144444444,0.0150625444444445,0.01925417777777784
5.9015356666667085,0.02944777777777811,0.00909077777777788,0.003902333333332959,8.314092533333325,9.810159466666676,0.016561511111111125,0.01925417777777784
7.4043922222222145,0.007041555555555116,0.010756888888888878,0.003902333333332959,10.195995622222213,9.250147744444462,0.015896100000000045,0.020393722222222282
6.002220333333298,0.008089888888888829,0.009083111111111623,0.004016555555555751,8.116772199999982,9.349491922222235,0.012899155555555517,0.020393722222222282
6.734470333333321,0.007719444444444909,0.011123777777776747,0.004378777777777682,9.885632788888877,9.349491922222235,0.0167637333333333,0.020071444444444506
8.09093377777779,0.007719444444444909,0.009389333333331251,0.004378777777777682,9.755619688888924,10.148940622222218,0.017530122222222253,0.020845411111111233
7.751232666666662,0.007724888888889028,0.009866111111111625,0.0039403333333333365,11.286054688888896,11.392134355555546,0.020113044444444533,0.020845411111111233
6.9181222222222365,0.007724888888889028,0.011192222222222074,0.0030442222222227936,9.368833788888885,9.417522944444437,0.01666335555555555,0.02010412222222233
7.781601777777774,0.00750977777777785,0.01021822222222113,0.004006777777778186,9.81458706666668,9.546052333333321,0.01721326666666667,0.01945588888888889
7.487685111111104,0.00771133333333296,0.009667777777776918,0.004132333333333331,9.51980544444445,9.546052333333321,0.021053711111111047,0.017162955555555595
7.487685111111104,0.00771133333333296,0.01132366666666624,0.0035543333333336595,9.51980544444445,10.280423122222217,0.01778505555555549,0.020426311111111053
7.1968025555555775,0.00844100000000007,0.010852666666664845,0.004129888888888742,8.931947600000013,8.83819173333333,0.019388455555555562,0.0163510666666666
7.1968025555555775,0.008578666666666538,0.010852666666664845,0.004253111111110918,10.038048488888915,8.760156211111092,0.023163388888888893,0.01977463333333329
7.244202888888898,0.0073604444444441705,0.010274555555557502,0.00410988888888871,9.372762022222238,10.579865833333335,0.019298811111111105,0.01650968888888877
6.683060555555535,0.008746888888888787,0.010274555555557502,0.00410988888888871,8.151018888888878,8.46226894444445,0.020416333333333345,0.015121755555555592
6.7844822222222225,0.007268333333333507,0.010549777777779608,0.004786888888888699,8.629469711111117,8.553445100000008,0.01783341111111107,0.015121755555555592
7.566754888888884,0.008424111111111188,0.011340111111113377,0.005460444444444256,8.629469711111117,9.988606855555563,0.022221366666666534,0.016274488888888928
7.8841381111111435,0.008165666666667133,0.010084444444446365,0.004497888888888863,8.683217122222207,9.257940200000002,0.02300434444444441,0.016305711111111097
6.711130777777776,0.007703888888889152,0.010438111111110655,0.004422777777777912,9.482012966666673,10.478709088888891,0.019163900000000036,0.019332866666666535
7.659236111111114,0.008628111111111676,0.008782222222221334,0.005144444444444693,9.482012966666673,8.426474977777762,0.022529200000000027,0.019486744444444478
6.447262111111135,0.007698999999999975,0.009836111111111576,0.00456888888888961,9.835268933333326,10.229913666666658,0.021469788888888865,0.019486744444444478
7.9942375555555785,0.006512999999999794,0.011183555555555183,0.004401777777777246,9.97890253333332,10.281364577777797,0.017694855555555538,0.01972751111111115
7.5967946666666855,0.0080761111111111,0.01182133333333329,0.004328888888888432,10.135083255555546,8.461654955555554,0.021800855555555665,0.01972751111111115
6.80147355555558,0.006689666666666484,0.01182133333333329,0.004328888888888432,10.135083255555546,10.049024844444439,0.01775944444444455,0.01999793333333327
7.228740555555558,0.008363222222222078,0.011232000000000478,0.00398844444444456,9.985331444444455,8.714654955555552,0.021801833333333336,0.01999793333333327
6.446467888888897,0.007207444444444397,0.00911555555555626,0.003314888888889003,11.321485222222218,9.406139099999988,0.020373000000000124,0.01997566666666648
6.760710555555559,0.008187222222221952,0.011368111111109,0.0043425555555553315,9.365743811111114,9.16883577777781,0.01685036666666675,0.01994153333333319
7.927532888888892,0.008163666666666656,0.009695333333332378,0.0037844444444440723,8.890530044444443,7.9480668888889205,0.01976167777777787,0.019309711111111055
6.979427555555554,0.007239444444444133,0.01194033333333285,0.0036478888888882783,10.5112818,9.775027200000011,0.01639637777777788,0.015892477777777657
8.306681111111073,0.007721111111111315,0.009691333333333003,0.00417922222222226,9.96278640000001,9.868561733333335,0.017575877777777818,0.020226177777777663
6.759705666666631,0.007721111111111315,0.010004555555557066,0.004329777777778235,8.713051911111116,8.51483915555555,0.020611988888888873,0.016561844444444297
6.833035222222205,0.008069111111111403,0.00906033333333135,0.0036343333333337885,9.426924922222225,10.398266333333337,0.019912477777777656,0.020449211111110917
8.223157555555543,0.008069111111111403,0.010814111111108736,0.004538888888889561,9.426924922222225,10.190334411111122,0.022013699999999952,0.02045354444444435
6.6443821111111,0.008048888888888921,0.010741666666664035,0.0038552222222223683,9.159232844444439,10.190334411111122,0.017971311111111166,0.02359131111111099
7.72232511111113,0.009309666666666772,0.010741666666664035,0.005029111111111225,8.949983777777776,9.705736188888896,0.019275422222222168,0.0228255111111111
6.227219666666669,0.00726655555555548,0.010415666666669193,0.0040014444444448965,10.415452388888893,9.877842788888877,0.019275422222222168,0.019932833333333316
6.667644666666648,0.007583444444444846,0.011845888888890007,0.004794000000000014,8.877000677777776,9.877842788888877,0.019672911111111014,0.022339511111111175
7.469600000000002,0.008838222222222056,0.011294333333334333,0.004850111111111568,8.905467222222223,10.064690033333333,0.019672911111111014,0.022339511111111175
6.142346444444482,0.007425111111110994,0.011294333333334333,0.004318777777777586,8.921410933333329,8.167716811111115,0.019062600000000065,0.022892833333333314
7.6457212222222655,0.008806777777778052,0.011741111111111499,0.004086555555555075,8.921410933333329,10.03041420000001,0.019024755555555706,0.022892833333333314
7.876009222222214,0.008403333333332973,0.010585000000001326,0.004614999999999567,8.929153500000004,8.14698702222222,0.015618266666666795,0.02099224444444444
6.485886888888874,0.008403333333332973,0.01055611111111274,0.004443555555555337,10.664349600000012,8.563549699999992,0.017315333333333204,0.020093633333333263
7.948639111111132,0.008487222222222436,0.010283444444446054,0.004443555555555337,9.072907666666676,9.811173533333337,0.017315333333333204,0.02041730000000012
6.870696111111102,0.007226444444444585,0.010283444444446054,0.0038223333333328295,9.89670116666668,9.886252166666686,0.017172944444444505,0.01758402222222233
7.961393555555535,0.008827666666666309,0.010307555555553134,0.00473999999999977,8.431232555555566,8.637255733333342,0.017172944444444505,0.01989378888888897
6.354146222222224,0.008982333333333278,0.00887733333333232,0.0043399999999999125,9.82079878888889,10.234310011111102,0.016252633333333343,0.017972166666666754
7.102244777777742,0.007727555555556068,0.008926111111110106,0.0036987777777773723,9.900740411111114,9.496466577777799,0.01805068888888887,0.020453177777777803
8.31258411111114,0.009156333333333717,0.01084599999999922,0.0043442222222217376,8.785990888888895,9.496466577777799,0.01748241111111103,0.01822355555555561
7.727505555555582,0.007774666666666659,0.008738555555554387,0.004200555555556207,10.899215422222218,9.06514865555556,0.017559433333333145,0.01822355555555561
6.232139111111186,0.00794633333333334,0.010244000000000142,0.004314222222222479,8.917844999999987,10.999134100000012,0.017559433333333145,0.019697611111111162
7.817921222222241,0.009415333333333505,0.008519111111111342,0.0035811111111109365,8.615109222222214,9.20313345555557,0.016912933333333324,0.020814377777777938
6.355168999999983,0.007678111111110929,0.008966999999999973,0.00434488888888909,10.485565577777772,9.829460888888876,0.01967448888888895,0.017352944444444438
7.880889888888912,0.009319555555555168,0.010119888888889744,0.004383555555556029,8.534867366666669,8.112334577777764,0.015553644444444393,0.020628888888888957
6.790192444444479,0.009010222222222808,0.009631666666668556,0.003847777777777771,9.750705588888865,10.075606955555557,0.01868292222222211,0.02051662222222227
7.831573333333331,0.0075104444444444125,0.009631666666668556,0.0034552222222225108,8.36113935555554,8.478552677777797,0.01629443333333331,0.01763623333333332
7.5138108888889095,0.009257333333332934,0.009992333333334122,0.004203555555555738,8.643402777777782,9.114751999999992,0.018457622222222286,0.016861644444444514
6.303471555555512,0.007828555555555283,0.008072444444445005,0.004420888888889055,10.174519022222222,10.269881544444427,0.01884067777777776,0.01695851111111124
6.5587572222221855,0.009517444444444184,0.010165111111111477,0.003990222222221797,9.213843111111121,9.957747377777778,0.01741344444444447,0.019833788888888922
7.696501333333295,0.007838111111111188,0.010321666666666514,0.004290777777778014,9.213843111111121,9.269714466666656,0.02134885555555561,0.016372955555555624
7.14186044444442,0.008082777777777514,0.011549666666667235,0.004290777777778014,9.81187337777778,9.269714466666656,0.018197066666666727,0.016116288888888882
7.14186044444442,0.009338555555555357,0.010930888888888528,0.004134333333333018,9.124991977777775,9.014838211111112,0.017844299999999976,0.01992059999999998
6.759546888888812,0.008635000000000542,0.009777999999998758,0.0035429999999997287,10.234128566666667,10.879374366666678,0.017844299999999976,0.016644655555555464
7.65445722222224,0.007343111111111177,0.010391999999999119,0.003999111111111139,10.346267933333365,8.916101988888885,0.018087544444444444,0.017539366666666643
7.726455888888874,0.008508111111110692,0.012807444444443188,0.004434444444444334,10.346267933333365,10.227458055555545,0.018087544444444444,0.019847499999999955
6.494164444444424,0.008478222222222264,0.010704555555555039,0.004245666666667111,10.343931055555554,8.315294611111105,0.01737293333333329,0.021294488888888716
7.750466222222208,0.008478222222222264,0.012884777777777067,0.0033828888888894288,10.071320811111113,9.220156366666668,0.01739855555555552,0.018540222222222034
7.663310999999946,0.00804333333333318,0.010792111111110596,0.004517222222222333,8.918772188888891,9.956316633333333,0.0157505,0.018511522222222153
7.466377555555583,0.009880333333333467,0.011583888888888321,0.004142111111110896,10.241652322222219,8.710364100000007,0.015620800000000028,0.018511522222222153
6.435236333333402,0.008166666666666976,0.01153077777777551,0.004142111111110896,9.625507922222218,10.416780811111115,0.019565322222222282,0.018946677777777688
7.815864666666736,0.007989000000000444,0.010300777777776679,0.004055666666666804,8.441932966666666,8.797705800000005,0.01715653333333341,0.017509099999999972
6.672457333333417,0.008650444444443888,0.012059666666668061,0.004055666666666804,9.125419022222212,8.929402244444445,0.019590766666666756,0.02012555555555552
7.01465288888883,0.008650444444443888,0.011752555555555471,0.004280555555555547,9.497200933333312,10.33809515555555,0.016218244444444568,0.01703334444444439
7.005885555555526,0.009104333333333159,0.009337111111111402,0.004465000000000114,10.6264707208708,9.02373117849606,0.019660901921581778,0.018560335443740982
7.005885555555526,0.007387333333333067,0.011533777777777409,0.004414222222221851,8.6209264111111,11.026201722222224,0.019257833333333384,0.017630466666666764
7.053521333333366,0.009180111111111463,0.011654111111113252,0.004414222222221851,9.259625377777779,10.265485688888887,0.019317100000000014,0.020127344444444518
5.967094666666728,0.008945777777778436,0.011654111111113252,0.004080555555555224,9.259625377777779,8.410080122222212,0.019317100000000014,0.017280766666666718
6.607287111111065,0.007108777777778149,0.011359222222223606,0.00351299999999968,9.71515006666667,10.00212890000001,0.01773025555555552,0.02115818888888901
7.5947026666666115,0.008712666666666912,0.010184333333335696,0.004675666666667016,8.30080387777778,8.2957121888889,0.013785733333333267,0.01741615555555567
7.106234777777698,0.007634555555555602,0.012212777777777876,0.004832555555555334,10.121607044444438,10.005350200000017,0.017327499999999992,0.018814722222222323
8.023046222222144,0.007917222222222305,0.012436111111109465,0.004832555555555334,8.3289844,9.219949788888876,0.01748132222222223,0.01619826666666677
6.785940333333302,0.009131222222222846,0.010666777777777902,0.004217000000000187,8.671746522222218,9.21868677777778,0.020169311111111077,0.019841744444444497
7.231007444444509,0.008867555555555543,0.012993333333333289,0.0035972222222224247,7.541448393909074,9.221760698010451,0.01672567522507503,0.019416216516616663
8.286084222222296,0.008867555555555543,0.012032111111112602,0.0038934444444444064,9.461897411111119,8.781349511111115,0.0181967666666666,0.02022312222222225
6.982146666666672,0.008221444444443825,0.00973155555555473,0.004623222222222347,9.045241322222221,9.108858344444451,0.01706686666666668,0.017726244444444497
8.517092888888834,0.008146333333332874,0.011396444444443432,0.0038225555555560695,9.045241322222221,9.108858344444451,0.01974055555555559,0.021148877777777794
7.81234466666663,0.008146333333332874,0.010798999999997881,0.004414555555555921,9.091986311111112,9.163026122222215,0.020310999999999968,0.019563311111111082
6.824929111111083,0.008260888888888948,0.010798999999997881,0.003980444444444231,9.091986311111112,10.298235733333318,0.020310999999999968,0.019563311111111082
7.287821888888883,0.008260888888888948,0.010784555555555169,0.003302666666666849,9.299890577777786,8.588597722222202,0.021128433333333266,0.018572599999999915
7.497533000000052,0.0080955555555554,0.010975666666666939,0.004122333333333315,11.179452355555561,9.473099433333353,0.02243126666666652,0.02066597777777759
7.497533000000052,0.0068815555555548575,0.010975666666666939,0.0036749999999996265,9.136930733333347,9.45037257777778,0.019743277777777676,0.017022499999999868
7.126771555555529,0.007140555555556224,0.009980111111111177,0.004326888888888745,10.678969177777795,10.637779566666666,0.022925522222222158,0.016901588888888867
7.001388777777721,0.008634222222222359,0.00999444444444306,0.004291777777777858,8.756006344444447,9.0756542,0.018611844444444466,0.018121844444444424
8.067454333333343,0.0074875555555556795,0.00999444444444306,0.0035619999999999172,9.385510044444446,8.920359744444449,0.020586099999999916,0.018121844444444424
6.532508111111182,0.008645666666667119,0.010404444444443724,0.0045989999999997,10.563140455555553,10.054480844444425,0.01791241111111101,0.017138211111111183
6.723103222222259,0.009677333333333612,0.010413222222221446,0.004617999999999888,9.978695911111112,8.408264288888866,0.018688555555555625,0.01874668888888895
7.588990777777831,0.007958888888888776,0.010413222222221446,0.004280444444444717,9.978695911111112,9.327626466666674,0.018688555555555625,0.01874668888888895
6.233937555555612,0.009308888888888589,0.010645444444444745,0.004280444444444717,9.996254688888877,11.309483077777784,0.017557611111111045,0.020782922222222198
6.431465222222162,0.00855433333333385,0.009758222222223544,0.004231000000000367,8.116692911111102,9.214149177777768,0.016847644444444507,0.018689544444444522
7.6478963333333425,0.009451000000000124,0.011133000000000948,0.004716555555555305,9.88949448888888,9.685843611111112,0.016847644444444507,0.022187622222222345
6.468978444444475,0.007836777777777275,0.009802000000001324,0.004064666666666186,9.889256866666656,8.498436622222226,0.01678555555555556,0.021693688888888812
6.889217666666709,0.007994888888889466,0.010211000000001353,0.0044086666666669,11.338742388888875,10.107682399999995,0.018994955555555578,0.017442699999999922
6.691563888888899,0.007994888888889466,0.011465777777778562,0.0044086666666669,9.228689811111098,10.04121986666666,0.01777164444444451,0.021557144444444343
7.896430222222181,0.007296999999999641,0.009390888888889197,0.0038445555555557892,9.635021100000017,8.907098766666682,0.01777164444444451,0.019118144444444287
6.829580222222225,0.006265333333333148,0.010226777777780348,0.0041196666666670646,9.967550111111109,10.77033366666669,0.017392355555555492,0.019081555555555463
7.436793999999989,0.008234555555554994,0.012111333333333758,0.004089222222222115,11.034364122222213,9.81498418888887,0.019791155555555516,0.019081555555555463
7.436793999999989,0.008098666666666551,0.009865111111110991,0.004089222222222115,8.988097911111115,7.83312757777776,0.020061055555555696,0.0181366111111112
7.259037444444504,0.008389888888888525,0.010971888888886068,0.004137000000000057,10.805976244444443,9.740690066666668,0.016880133333333394,0.02114583333333342
7.381270777777799,0.00749322222222225,0.009597111111108664,0.0036514444444451202,9.033174666666666,9.049457555555549,0.020781877777777787,0.017647755555555596
8.279285000000023,0.008783111111111137,0.011222222222222121,0.0044691111111111095,9.575120900000002,10.448382588888888,0.017661722222222252,0.01791483333333341
6.9293517777778115,0.008321666666666437,0.011333666666666256,0.0040962222222218105,8.125635377777781,9.908597866666684,0.01902715555555548,0.019834066666666813
7.379245666666672,0.009288222222221995,0.010078888888889045,0.0045081111111105404,9.967457600000015,9.594041188888893,0.019208333333333348,0.018775400000000084
6.17437933333339,0.008884000000000312,0.011969333333332265,0.00403522222222187,8.38349589999999,9.594041188888893,0.019208333333333348,0.018775400000000084
7.42457333333338,0.01003611111111111,0.00956322222222007,0.003956222222221584,8.517568066666659,9.456298377777792,0.019602077777777747,0.016876577777777787
7.006527222222253,0.008066888888889266,0.009840000000000121,0.004243888888888295,9.027850400000009,9.489310088888912,0.017203277777777724,0.019758933333333426
7.858842777777783,0.008023444444444769,0.009840000000000121,0.004601666666666739,9.027850400000009,9.489310088888912,0.017406677777777713,0.015893055555555573
7.889675111111098,0.008020666666666898,0.009656555555557765,0.004385888888888209,9.309819688888897,9.449817488888888,0.019991099999999856,0.016155644444444395
6.551010666666621,0.008020666666666898,0.011414666666667017,0.004385888888888209,9.309819688888897,9.699713744444448,0.016089355555555462,0.019753688888888905
6.5105444444444505,0.00859888888888902,0.00978955555555356,0.004589000000000473,8.79694746666666,8.300788711111107,0.0209978888888889,0.016692144444444508
7.61498022222218,0.00901011111111119,0.010395888888887664,0.003848000000000222,9.940284000000002,9.135845577777749,0.02064002222222233,0.0172421222222222
6.296674555555506,0.009108000000000043,0.010395888888887664,0.0041086666666672045,9.214686199999987,9.583285777777778,0.01799138888888891,0.017447455555555567
7.842722333333263,0.009282444444443804,0.010451777777777555,0.004496777777778189,10.654852344444434,9.583285777777778,0.020885311111111065,0.017447455555555567
7.647347888888867,0.008130333333333005,0.010451777777777555,0.003689666666667159,8.947545899999998,9.572756244444413,0.019732866666666616,0.018669044444444442
6.592292666666658,0.00916288888888851,0.010480777777780129,0.003637777777778221,8.854753788888887,9.762203177777762,0.019732866666666616,0.019736599999999934
7.228394999999991,0.008942888888888945,0.012712444444446193,0.0037275555555551267,10.928560233333334,9.762203177777762,0.02110547777777779,0.019736599999999934
6.859062888888932,0.00769233333333356,0.010502999999999929,0.003760111111111384,8.828712611111118,9.394640611111111,0.018521055555555648,0.020856622222222104
6.859062888888932,0.009417222222222361,0.010227999999999486,0.003760111111111384,10.459283011111129,9.529757911111101,0.021451011111111154,0.017258577777777593
7.349308111111087,0.009185333333333132,0.011969444444446253,0.003344111111110869,8.888408177777807,10.710116533333348,0.018979933333333292,0.020724222222222095
6.244872333333357,0.007583777777777338,0.009592888888890786,0.003344111111110869,9.463199477777785,9.85439397777778,0.018879555555555552,0.018255011111111004
7.783859555555561,0.008106222222221978,0.011953555555556427,0.003765333333333053,9.9544297888889,8.316483344444434,0.018879555555555552,0.01873216666666676
6.237811777777805,0.006931222222222447,0.010007222222223316,0.0037633333333333655,8.514263644444453,9.933026777777767,0.019537266666666765,0.02237418888888892
6.68848877777772,0.008509888888889509,0.012658000000000256,0.004251222222222061,10.301289122222247,9.960454111111114,0.017109800000000164,0.02107071111111108
6.68848877777772,0.007477333333334003,0.010467666666664224,0.0036548888888887636,10.381385122222229,8.638773155555555,0.02113203333333348,0.01712079999999995
6.736100666666668,0.008393666666666239,0.009747888888887878,0.004019111111111171,8.307578677777782,9.884279655555558,0.018011600000000006,0.020145788888888926
7.207126666666632,0.008393666666666239,0.009747888888887878,0.004225666666667078,10.360797333925786,8.381909686736272,0.018007598311486343,0.019152854921128747
8.11944811111112,0.00842988888888859,0.01029011111111168,0.004225666666667078,8.732529333333314,8.979478111111108,0.01823334444444444,0.01915711111111122
7.633564555555496,0.008323555555556084,0.010934555555555411,0.004291888888888688,10.71803623333332,9.17670819999999,0.01579588888888887,0.019686566666666745
7.633564555555496,0.008323555555556084,0.010934555555555411,0.004291888888888688,8.9999084,8.127912833333351,0.015988477777777777,0.019686566666666745
7.5177570000000244,0.007793777777777678,0.010168444444445868,0.0037198888888888685,9.374432344444447,10.16944715555557,0.018751388888888856,0.019928911111111024
7.5177570000000244,0.009656333333333737,0.011823666666667048,0.0033337777777775715,10.514776477777787,10.055340488888906,0.01720134444444452,0.016286888888888865
7.269865333333352,0.008077666666666676,0.009172888888890106,0.003780222222222247,8.727750999999994,8.312950600000017,0.019954788888888898,0.018524200000000005
8.365169222222297,0.008929888888888609,0.01140411111111285,0.004177777777777516,9.196974211111108,10.287594877777792,0.01593255555555558,0.02292810000000007
6.829139444444486,0.007998777777778009,0.011082000000000234,0.003849666666666628,10.492927222222205,10.297792466666674,0.016537277777777793,0.019903111111111094
6.930591777777813,0.009663444444444263,0.012317555555556385,0.0036121111111108288,8.439281562569455,10.300081373638593,0.019394654367637286,0.02000331184707722
7.113012000000001,0.00790233333333311,0.010292222222223776,0.0036121111111108288,10.37472453333333,9.522227022222227,0.016238644444444537,0.019998866666666764
7.229066333333322,0.007707333333332796,0.009490888888889357,0.003494555555556013,9.593785322222239,9.676344911111117,0.02086274444444447,0.020049377777777787
7.229066333333322,0.008975333333332792,0.011416000000000143,0.004059777777777798,9.593785322222239,9.676344911111117,0.019441633333333277,0.022585977777777662
7.331505999999941,0.007918222222222148,0.009821444444444044,0.0035379999999997206,9.58631324444445,9.568253300000007,0.016678722222222195,0.018605366666666567
7.331505999999941,0.007252222222222019,0.009841333333333245,0.003950999999999915,9.730588466666651,9.383157044444458,0.01863423333333308,0.025342311111111123
7.512142555555531,0.00816777777777765,0.011529555555556374,0.003938777777777761,9.730588466666651,9.383157044444458,0.019209766666666617,0.021221966666666724
6.416838666666586,0.008484444444444567,0.00929833333333363,0.003835555555555617,9.247425099999994,9.159500133333331,0.019209766666666617,0.020892444444444356
7.602887222222207,0.007548555555555621,0.00940344444444463,0.003664222222222217,7.951472088888895,9.271371811111123,0.019500433333333254,0.024087388888888978
6.222614999999982,0.007420999999999999,0.009592222222222644,0.0030604444444443228,10.056583666666661,9.271371811111123,0.016647366666666566,0.0205884777777778
6.704896333333333,0.008852333333333857,0.01130733333333309,0.003838111111111036,9.609566155555564,9.49554996666669,0.021022811111111015,0.0246514222222222
6.842009333333409,0.007517444444444897,0.009722777777777008,0.0038962222222222766,8.40499846666665,9.13793082222222,0.019849788888888997,0.02060581111111115
7.989643333333334,0.00807066666666698,0.009952555555555718,0.003331000000000491,9.777340411111103,9.13793082222222,0.017961722222222355,0.021441766666666813
6.4640239999999825,0.00807066666666698,0.011411444444443457,0.004229888888888904,9.341357299999997,9.256180577777767,0.020754811111111268,0.023213611111111164
8.052758666666705,0.008287555555555394,0.009736333333333076,0.004524222222222029,8.056737944444453,9.461407477777769,0.02024537777777793,0.020020800000000036
6.614517222222276,0.008428222222222182,0.009464333333331373,0.0036021111111108127,9.908469222222228,9.461407477777769,0.01691640000000002,0.02261533333333335
8.14870922222225,0.008424888888888581,0.01080166666666729,0.003983222222222102,9.858721911111111,9.422417433333338,0.020525866666666722,0.020494933333333448
6.96266066666663,0.008424888888888581,0.010890999999999294,0.004019000000000341,9.855436765522603,9.759093591025207,0.01767085415972465,0.017294224147506324
8.381180888888897,0.007947222222222354,0.009466666666665131,0.004019000000000341,9.370152511111113,9.762346622222216,0.02060714444444462,0.021063422222222152
7.6716914444443525,0.007943999999999582,0.00969355555555593,0.004117999999999869,9.59254033333335,9.469705833333322,0.018980822222222367,0.017000477777777752
7.578410777777713,0.007943999999999582,0.011058999999998303,0.0041503333333328864,9.59254033333335,10.207623088888896,0.015529744444444452,0.020198188888888854
6.430776777777788,0.007425111111110994,0.010699555555555032,0.0041503333333328864,9.736673277777774,10.207623088888896,0.018237944444444428,0.020107877777777807
8.024235222222261,0.008465666666666828,0.009240666666667292,0.003718888888889025,8.198149788888891,9.98315046666667,0.018159722222222202,0.01833603333333346
6.435500555555539,0.008351444444444826,0.010910333333334342,0.0033537777777783934,10.263403599999998,9.630652866666658,0.014712055555555622,0.017997899999999952
7.587291555555567,0.007295222222222404,0.010672333333335221,0.004076333333333398,9.788495733333328,10.857127255555548,0.01737395555555558,0.015403366666666642
7.309603666666691,0.007731777777777894,0.010746777777774873,0.0038585555555559698,8.287782966666663,9.145129933333326,0.013764488888888878,0.016471433333333292
7.309603666666691,0.007731777777777894,0.009362555555554763,0.003510444444444261,10.076884683783488,8.779796298766245,0.017302389685450715,0.019837890407913696
7.040276666666615,0.008514111111111333,0.01132944444444522,0.004439333333332722,8.456983544444459,9.912133511111108,0.017229055555555466,0.019052233333333342
7.033576777777854,0.008150111111111377,0.009387444444443975,0.0035626666666664798,8.718209533333305,8.610277288888888,0.01663477777777763,0.02155009999999992
6.011780444444513,0.009341555555555678,0.01015766666666688,0.0035098888888893186,9.825662188888892,8.722209222222205,0.01663477777777763,0.018352388888888817
7.203872111111196,0.008039222222222185,0.009754333333331842,0.003904222222222605,10.130885533333318,9.748406755555562,0.017733511111111065,0.018155266666666645
7.00446122222224,0.008627555555555154,0.011481777777776063,0.004629444444444649,10.130885533333318,9.435450055555565,0.017274999999999954,0.018155266666666645
7.002127179828963,0.008335665889148105,0.009808841497276585,0.0042857936243471785,9.845417033333339,8.265380244444456,0.017274999999999954,0.017920766666666754
7.2994780000000095,0.008338444444444489,0.010962333333332533,0.004778333333333428,9.582906055555561,8.883874411111133,0.018091244444444383,0.021101688888888984
6.042973888888911,0.008080777777777826,0.009550555555556962,0.0043206666666664425,9.582906055555561,10.45453391111111,0.018091244444444383,0.020319244444444454
7.29679233333334,0.009796111111111512,0.011267111111111365,0.004986777777777403,9.615426555555562,9.115289188888893,0.0177651666666666,0.019401399999999954
6.982206333333327,0.007954333333333669,0.011298333333333707,0.0040578888888889416,9.615426555555562,9.206061822222221,0.017915322222222217,0.019288366666666706
7.037853666666606,0.008843444444444515,0.011298333333333707,0.004828000000000227,9.479740300000035,10.51351572222223,0.015760477777777858,0.018980644444444462
7.037853666666606,0.007652000000000215,0.01045622222222341,0.004638555555555652,8.372287644444448,9.845082088888901,0.01887975555555563,0.018980644444444462
7.211783555555486,0.009025777777777775,0.009064111111112223,0.004784111111110829,8.600946155555569,8.818884555555542,0.015072822222222221,0.019478711111111116
7.348754111111097,0.008433222222222191,0.00950233333333333,0.004125666666666916,10.339047722222247,9.393551944444438,0.015628222222222255,0.02202458888888887
7.351204512615301,0.008497388018228157,0.011068800711350048,0.004127042347449399,8.559262411111119,9.393551944444438,0.017627055555555538,0.01905308888888884
7.002564111111092,0.009377777777777239,0.00873666666666711,0.0036215555555559023,9.257394522222222,9.083114399999982,0.017066711111111074,0.01968313333333326
7.002564111111092,0.008033333333333165,0.011228555555555256,0.0036215555555559023,9.257394522222222,9.457029211111104,0.019538733333333363,0.01982121111111109
7.128184888888832,0.007906777777777386,0.009512000000000853,0.0036887777777781456,9.39358822222222,9.457029211111104,0.016332677777777794,0.019914400000000162
7.220590555555545,0.009017888888888277,0.009730222222221604,0.004601000000000176,9.39358822222222,9.911367755555553,0.016597844444444506,0.017043044444444464
7.237105888888942,0.0070646666666663,0.011682111111112035,0.004246444444444503,9.351980644444438,9.812499711111116,0.016597844444444506,0.01886718888888898
8.08649655555554,0.00902144444444433,0.010388555555557054,0.0038447777777774507,10.697260577777767,8.456996700000003,0.01718701111111111,0.020816688888889028
7.91320344444446,0.0076476666666667695,0.01219711111110971,0.004107999999999853,10.270368811111112,10.067118511111126,0.019609022222222224,0.01978531111111109
6.382185333333332,0.008064666666667128,0.011735111111114015,0.0039937777777778495,8.532267244444434,9.553803766666666,0.016797266666666612,0.019176066666666703
7.459504111111124,0.008322777777777901,0.010172333333334413,0.0043219999999995675,10.37230464444445,9.553803766666666,0.017734111111111082,0.021453177777777752
7.37474466666663,0.007439555555556076,0.01174077777777585,0.00361244444444411,8.55986010000002,9.868597611111133,0.01671354444444452,0.017642211111111108
8.226835444444482,0.008911333333333321,0.010736222222223863,0.0044913333333332795,10.581620233333329,9.344629188888891,0.01424152222222223,0.01814090000000014
6.847396222222314,0.009039888888888787,0.01200122222222275,0.004683999999999837,9.759671400000016,9.344629188888891,0.01902329999999998,0.018753388888888854
7.372690026654894,0.007925255442025884,0.009780541981341939,0.004078520657485791,9.759671400000016,9.555333088888897,0.018831411111111074,0.021161711111111044
7.386285555555535,0.00962133333333368,0.01025955555555432,0.0041322222222225004,9.879463422222203,8.346747233333323,0.018831411111111074,0.019313855555555537
6.536894888888937,0.008666777777777827,0.01025955555555432,0.004699444444444762,9.806182711111118,10.420416477777762,0.017602566666666708,0.020287877777777682
6.7236605555556,0.008666777777777827,0.010429888888890244,0.0038963333333338966,9.475299544444473,8.810294666666639,0.017564411111111167,0.017736066666666644
7.619341666666717,0.008447777777777315,0.010290222222219352,0.0038827777777770385,10.618416700000019,9.210071588888898,0.019268000000000115,0.018234499999999983
6.684288888888862,0.007942777777777287,0.011241999999997336,0.003865888888888947,8.778379300000003,10.775689566666657,0.018455033333333343,0.01595738888888893
5.668430555555561,0.00853244444444417,0.009673555555555899,0.004321222222222174,9.931292366666646,8.926364711111079,0.01655779999999998,0.019695622222222296
4.974921222222192,0.007060666666666925,0.009414555555552954,0.0034423333333330045,9.194167166666686,9.431282722222237,0.019317044444444428,0.01977853333333319
4.974921222222192,0.05116022222222228,0.009865222222221822,0.013899777777777919,8.061659044444436,9.431282722222237,0.014535266666666677,0.016630855555555473
3.5220259004001973,0.051182970208981826,0.009869608714984037,0.019817807914628543,9.915315955555545,9.232061700000006,0.016495299999999918,0.017709699999999967
2.5771454444444926,0.05100822222222235,0.017491444444443813,0.01934155555555527,9.167070533333352,9.232061700000006,0.018376233333333186,0.015543266666666625
2.578588444444399,0.051067777777777545,0.018859222222223103,0.019558999999999414,9.557064533333334,9.170971600000017,0.018623133333333246,0.016355644444444435
1.1998707777777076,0.051067777777777545,0.01812888888888943,0.020446555555555475,8.264482722222208,10.299837655555564,0.01831241111111105,0.02029186666666668
0.30504611111104574,0.05139633333333333,0.01656488888889069,0.020772111111111734,8.531423377777768,9.54762119999998,0.020001299999999854,0.01785679999999997
0.16278011111110877,0.0516568888888887,0.017085000000002362,0.020460777777778105,9.76394473333331,9.315406055555558,0.017878588888888877,0.021780166666666552
0.16414099999999762,0.05106722222222181,0.017085000000002362,0.020488444444444396,8.611031666666666,10.449757833333347,0.02254863333333332,0.018041933333333187
0.006590999999995499,0.052458555555555605,0.017914888888889716,0.020488444444444396,9.362791555555564,8.52423393333333,0.019789388888888877,0.017780444444444366
0.007849333333271919,0.0076904444444447035,0.017961444444444575,0.010353111111111308,10.714300022222208,10.219774544444439,0.023408288888888934,0.021861522222222166
0.007642222222178438,0.00933388888888863,0.017961444444444575,0.004457888888888799,8.8606431111111,10.10432358888886,0.018361988888888972,0.018374355555555482
0.007642222222178438,0.007793333333332777,0.009791666666665658,0.005853777777777699,9.764205177777747,10.10432358888886,0.020188466666666762,0.021993255555555622
0.007678555555584252,0.0077452222222223425,0.009583222222220104,0.00506911111111129,8.102211955555523,10.101859633333316,0.017461966666666686,0.018257355555555622
0.007703555555559029,0.008986111111110992,0.009700888888889697,0.005008555555555461,10.071887133333318,8.97299357777777,0.018588655555555594,0.01824255555555553
0.006847111111104217,0.0074232222222221375,0.010873999999998003,0.005452111111110646,10.000287088888893,9.129449722222232,0.015196177777777846,0.01824255555555553
0.007879777777816344,0.008160333333333844,0.009402111111108348,0.005452111111110646,9.890877844444454,8.959452966666674,0.018472133333333307,0.01871790000000008
0.006518888888927501,0.008160333333333844,0.010728666666665276,0.005844666666666696,9.890877844444454,9.677980233333352,0.01596063333333332,0.020777500000000056
0.007135111111084472,0.00824222222222204,0.00867044444444471,0.006618555555555696,9.310898811111082,9.677980233333352,0.01596063333333332,0.0180797111111112
0.006847666666746793,0.007193444444444216,0.009102333333332683,0.00537044444444411,7.959390344444437,9.344399111111109,0.015464877777777733,0.017455177777777844
0.007035999999970955,0.007470333333333517,0.010643222222221818,0.005465111111110983,10.065874622222212,7.767992200000019,0.01818855555555543,0.017455177777777844
0.008255999999972927,0.007470333333333517,0.01053044444444456,0.004823555555555951,7.994145122222228,9.810779333333345,0.014481144444444372,0.017319399999999898
0.006776666666660782,0.008204000000000001,0.009371111111110825,0.004823555555555951,10.10250888888892,9.623813066666667,0.017623277777777824,0.017319399999999898
0.007126444444515477,0.008069777777777965,0.009187111111111158,0.0048243333333333445,9.68350353333335,9.623813066666667,0.014423455555555539,0.018276100000000055
0.008095111111187079,0.00951066666666694,0.009279888888891542,0.005135111111111239,8.34504576666667,9.702329955555564,0.017990500000000034,0.022046488888888854
0.00800222222217902,0.008900666666666742,0.01147077777777857,0.005135111111111239,9.129014377777771,9.92204666666667,0.014714544444444571,0.01764777777777772
0.00800222222217902,0.008900666666666742,0.010144222222221642,0.005053000000000592,9.129014377777771,9.375144733333325,0.016460455555555642,0.018965233333333345
0.007837222222204017,0.00890288888888888,0.011393999999998844,0.004973000000000462,9.505408933333342,10.471048466666648,0.018273911111111197,0.02106867777777782
0.008114888888889659,0.00890288888888888,0.009199888888888256,0.005330333333333215,10.612006244444464,9.109088977777782,0.016840833333333367,0.020381466666666678
0.007010888888948507,0.008537111111110897,0.009734999999999952,0.004913111111111195,9.765043122222236,10.418150855555552,0.01715491111111129,0.020381466666666678
0.007098666666732041,0.009868222222222143,0.009141777777778594,0.0054281111111112385,11.337222677777795,8.375363722222227,0.01985838888888906,0.019345311111111117
0.008247777777796728,0.008120888888888721,0.010546888888891697,0.0054281111111112385,9.228858911111104,8.634382444444455,0.01671625555555561,0.019345311111111117
0.007096555555512573,0.008664333333333238,0.009364666666666861,0.005149888888888812,9.577500966666644,10.564108111111095,0.02005225555555558,0.018847844444444393
0.007189777777764701,0.008663666666666675,0.010182666666666921,0.004688888888889014,9.577500966666644,9.105958822222192,0.01911939999999996,0.018124777777777743
0.007367888888944032,0.008459777777777807,0.009386777777778991,0.004688888888889014,9.399899155555552,8.862607033333317,0.01911939999999996,0.018124777777777743
0.008196333333317955,0.008459777777777807,0.009386777777778991,0.0047106666666662834,10.981980233333319,8.712862488888872,0.018878722222222276,0.018315588888888783
0.0067136666666556275,0.00841600000000003,0.01024622222222307,0.004909222222221862,9.149169888888872,7.616958755555547,0.01706526666666672,0.019125277777777717
0.006447333333299968,0.009560111111111288,0.012199000000000145,0.00535655555555555,9.45832146666664,9.572284400000001,0.01956855555555558,0.016355944444444413
0.007354000000001785,0.008005555555556043,0.010122999999999315,0.006026888888889125,10.114432377777797,9.440786100000013,0.01974498888888887,0.01923924444444441
0.0070729999999659615,0.008470666666666836,0.010960111111112763,0.005410555555555006,8.542252822222236,10.810958233333345,0.017041511111111098,0.019121644444444568
0.006802333333325806,0.00996377777777803,0.00955499999999966,0.005410555555555006,10.577193300000033,10.222972133333334,0.019581588888888786,0.019121644444444568
0.006802333333325806,0.008313666666666898,0.011666222222222208,0.005290444444444771,8.677881422222269,8.293246466666695,0.01624558888888882,0.01857768888888899
0.007320888888898481,0.0082176666666669,0.009582333333333458,0.005432777777777966,9.895562300000027,10.272270688888916,0.017727766666666634,0.017940811111111232
0.00729455555554321,0.008755777777777338,0.010041999999998552,0.005896999999999745,9.766166911111132,9.132499688888908,0.019875200000000117,0.017940811111111232
0.0073437777778559,0.008755777777777338,0.011907666666666553,0.005081777777777556,9.648148666666689,10.005306100000004,0.018522222222222145,0.019042811111111245
0.0073437777778559,0.009258333333333566,0.010876888888889073,0.005260666666666383,9.648148666666689,10.005306100000004,0.018522222222222145,0.01908804444444444
0.0073927777777700815,0.008114222222222307,0.008924111111111997,0.004455999999999942,10.220219711111143,9.594077266666673,0.01799348888888893,0.01908804444444444
0.006486111111068264,0.009362555555555553,0.010568555555557345,0.004334111111110891,8.304587644444439,9.510401399999997,0.018079122222222115,0.020850188888888975
0.0071350000000368,0.007566333333333515,0.008554444444443891,0.003681111111111098,10.269060922222202,9.646296888888894,0.018079122222222115,0.018520822222222177
0.006256555555612269,0.008124333333333154,0.010970555555552944,0.004738222222222532,9.39608692222219,8.152115344444452,0.020770444444444564,0.02181115555555561
0.007943777777755815,0.008124333333333154,0.009987666666666605,0.005327333333332894,9.39608692222219,10.223247955555564,0.020770444444444564,0.01797445555555561
0.00636333333325941,0.008884111111111143,0.009987666666666605,0.0041596666666663396,10.190693655555544,8.244223733333342,0.018613944444444544,0.019261844444444332
0.007023666666605601,0.008488555555555562,0.01065188888888871,0.005126777777777629,8.590610133333328,10.125407777777792,0.01853687777777761,0.021784377777777753
0.006145999999918988,0.010330333333333405,0.010382111111109933,0.005126777777777629,8.84830693333334,9.248891733333362,0.019120644444444466,0.017114511111111102
0.007795222222234265,0.008396111111110827,0.010999555555555516,0.005717222222222694,10.549503444444447,9.248891733333362,0.019120644444444466,0.017854777777777837
0.008221111111096333,0.009815333333333362,0.010999555555555516,0.005717222222222694,8.561683511111104,9.600325866666658,0.019641144444444376,0.017854777777777837
0.008221111111096333,0.00989188888888906,0.010948999999998125,0.005761555555555416,9.815424177777782,9.999962333333322,0.016341322222222277,0.017185444444444392
0.007681666666636981,0.011292666666666347,0.010948999999998125,0.006822333333333733,9.596031111111131,8.493894711111095,0.02052870000000008,0.020375844444444402
0.0086218888888349,0.009241555555555515,0.010129111111113946,0.005765222222222298,8.434064633333348,10.14277483333332,0.018701544444444374,0.017085511111110972
0.007816555555614791,0.01051977777777798,0.010646999999999532,0.005265666666666391,10.40041598888888,9.44952965555553,0.018701544444444374,0.021293999999999865
0.007816555555614791,0.008415777777777578,0.011982555555552684,0.006325888888888977,8.38812837777777,10.713213899999998,0.020198888888888804,0.021380966666666865
0.007633000000067922,0.009090333333333768,0.01046155555555591,0.004894555555555909,10.43056957777778,8.832029855555549,0.021512644444444416,0.018858433333333445
0.008406444444517547,0.008731777777777932,0.008865666666666687,0.005620333333333684,8.708809944444441,9.505679155555558,0.018618077777777686,0.02190197777777777
0.006757222222202271,0.008731777777777932,0.008464555555554575,0.003958555555555342,8.63736916666667,10.94807102222221,0.021608244444444414,0.020882477777777794
0.006626111111169545,0.008593666666666562,0.009807555555555484,0.005340666666666513,10.084168111111088,9.052540077777792,0.017423122222222222,0.020882477777777794
0.007712555555574202,0.007268777777777618,0.008213666666667526,0.005444222222222727,8.83042744444441,9.447662977777789,0.021023155555555614,0.020170511111111185
0.006576333333315335,0.007471666666666642,0.010067000000001752,0.005209666666666459,8.934806655555558,9.447662977777789,0.020879588888888845,0.01951409999999997
0.006915555555577966,0.008691444444444585,0.00963244444444437,0.005209666666666459,8.934806655555558,9.693521066666689,0.020454955555555654,0.01951409999999997
0.0067413333332903376,0.007413222222222121,0.009244333333331018,0.005374000000000163,8.762828499999994,8.315633633333366,0.020454955555555654,0.019033099999999966
0.008069666666617398,0.009072666666666705,0.00963277777778002,0.004313777777777577,10.197701777777791,8.939480500000014,0.019857444444444584,0.015248299999999845
0.00650133333328995,0.0086811111111105,0.0086348888888905,0.005463111111111295,9.344718799999992,10.72615261111113,0.019474400000000003,0.017853133333333174
0.007377111111054547,0.008325888888889053,0.010192999999999428,0.00554166666666668,10.832122255555552,8.899980377777778,0.02221553333333347,0.01480958888888885
0.007377111111054547,0.008325888888889053,0.008898222222222153,0.00554166666666668,9.202366522222217,9.260835811111122,0.019225366666666743,0.0165186
0.007815666666627093,0.009372666666666401,0.009950888888890102,0.005248333333333398,9.119156811111125,9.260835811111122,0.02214317777777787,0.0165186
0.006729222222222436,0.009372666666666401,0.011766666666665692,0.005406777777777292,9.119156811111125,8.733958422222234,0.018543144444444482,0.016852711111110998
0.008152555555574913,0.009294000000000186,0.011120333333331525,0.0045805555555552425,9.166849077777766,10.108044966666665,0.01830717777777788,0.017159277777777867
0.008011222222194192,0.009615111111111378,0.009958666666664033,0.0054467777777781464,11.18173169999997,9.815852355555554,0.015327566666666645,0.017159277777777867
0.007303555555558382,0.010896666666666653,0.011127111111111138,0.004763444444445024,9.3873585,9.815852355555554,0.020903799999999893,0.01707238888888892
0.0069974444445001106,0.010369888888888568,0.009403111111108982,0.005491000000000037,9.682093355555525,9.510415533333338,0.01804409999999986,0.01707238888888892
0.008417666666698805,0.008936000000000081,0.011028999999998254,0.005162111111110966,8.492635133333314,7.723743422222223,0.01846265555555562,0.01819930000000003
0.006768444444484582,0.00894699999999994,0.010350000000000945,0.004357777777777807,8.57874436666667,9.533191788888878,0.020052177777777756,0.020830677777777782
0.007789888888914397,0.00894699999999994,0.01236288888888895,0.005080666666666882,9.728287255555568,9.6734606111111,0.020052177777777756,0.01644253333333327
0.0070134444444597144,0.00870088888888887,0.009967222222220093,0.00480099999999971,8.360053548028892,9.668089450305375,0.019546196557467945,0.019891482509716854
0.0070134444444597144,0.010085111111111348,0.010294444444446703,0.003946222222222357,10.408213688888882,9.778661799999984,0.021961144444444476,0.019311566666666707
0.006913888888852348,0.00856011111111125,0.009087444444446646,0.004815777777778073,10.372534566666648,9.896457888888898,0.01815330000000004,0.016471011111111045
0.00577577777777252,0.008259444444444203,0.010551666666666886,0.004648111111110767,8.357651944444443,9.46488682222221,0.021132422222222252,0.021003755555555413
0.007165777777825295,0.008032888888889053,0.008125111111111336,0.005850444444444097,10.220817666666676,10.574894477777757,0.017509311111111203,0.01965152222222207
0.007287888888842847,0.006900222222222555,0.010430333333333567,0.005122888888889085,8.491209533333354,10.15607283333332,0.017509311111111203,0.01965152222222207
0.005867666666644154,0.008741333333333835,0.010766333333334741,0.005274111111110832,10.28820678888893,10.15607283333332,0.01844872222222222,0.018248255555555527
0.006975555555578063,0.008851444444444054,0.011129222222223234,0.005995666666666782,10.392500077777768,9.665947855555526,0.01683436666666671,0.015616877777777774
0.0070492222222229535,0.008851444444444054,0.009116333333335232,0.005272777777777707,9.242957188888871,9.032616822222206,0.019562266666666692,0.019355055555555552
0.006061111111092841,0.008428111111111353,0.010692222222224422,0.005075666666666874,11.335098110061148,10.734116042245669,0.017149105058365872,0.019405369649805354
0.007848111111141205,0.008231999999999573,0.00986755555555558,0.005075666666666874,9.285285166666698,9.26118176666666,0.018307144444444257,0.016387299999999983
0.00744000000001203,0.008231999999999573,0.01083144444444252,0.005531222222222552,9.089976144444481,8.941085155555559,0.018307144444444257,0.019754077777777726
0.00744000000001203,0.009178777777777548,0.00936722222222228,0.006009666666666962,9.089976144444481,9.236313255555553,0.017676233333333274,0.01522133333333336
0.007433888888853189,0.00912677777777778,0.011391111111110934,0.004807333333333633,9.031183522222232,8.126305600000006,0.018382211111110974,0.016528022222222508
0.006289555555566848,0.00912677777777778,0.009085888888888703,0.005506222222222511,10.9111084888889,8.72215883333333,0.020018577777777654,0.016528022222222508
0.00835111111114707,0.009487777777777416,0.009230999999999767,0.005098444444444776,9.114111233333322,10.576241166666675,0.01565953333333329,0.01735928888888891
0.008252555555575075,0.008238666666666778,0.00939988888888858,0.004857444444444544,9.250746799999977,9.256917777777815,0.016011633333333233,0.02064409999999997
0.00868366666670934,0.010240888888888992,0.00939988888888858,0.004857444444444544,10.408815177777772,9.935244300000017,0.01633147777777771,0.016905922222222192
0.00868366666670934,0.00964088888888881,0.00959966666666724,0.005036555555555822,8.322971533333304,8.239708477777798,0.01633147777777771,0.015470799999999972
0.008112111111080999,0.008452777777778113,0.00957955555555322,0.005833000000000274,9.876886277777754,10.083153900000013,0.014920488888888948,0.019177222222222304
0.0071964444444650635,0.010205777777778105,0.010201888888891139,0.00450788888888888,9.517723888888877,8.91136787777777,0.01764794444444452,0.017787377777777773
0.008868111111142855,0.009575111111111312,0.010201888888891139,0.004790666666666413,9.517723888888877,9.071067544444437,0.01739135555555555,0.017787377777777773
0.00748422222224892,0.008572111111110954,0.010277333333334582,0.005519111111110439,9.762392911111117,10.350601688888895,0.014732255555555648,0.01685379999999991
0.008953333333314125,0.0101573333333336,0.010277333333334582,0.00482022222222156,7.88246794444445,8.591475811111106,0.01647963333333344,0.01685379999999991
0.007835666666627125,0.007955222222222681,0.009834888888889282,0.005408111111111206,9.94360603333333,8.562114633333314,0.021921222222222286,0.01653675555555556
0.006826333333265212,0.009846777777778155,0.009519666666667112,0.004927555555555488,9.422250377777813,10.483133177777765,0.018852822222222253,0.015010866666666624
0.007046777777759417,0.009414444444444491,0.010594000000000709,0.005727444444444372,8.264182000000018,8.494621566666664,0.019374033333333356,0.018564944444444554
0.008080666666602258,0.00914066666666634,0.008818333333332855,0.005811222222222215,9.67709715555555,9.913095588888888,0.019374033333333356,0.01650053333333343
0.008049999999962488,0.00914066666666634,0.00940344444444463,0.005014777777777764,9.350691788888893,8.069650166666673,0.020458800000000086,0.01669213333333328
0.008049999999962488,0.008876555555555716,0.009451555555554277,0.006216888888888643,9.89026406666664,10.074648422222236,0.020118666666666694,0.017671622222222173
0.007832666666622067,0.008572444444444235,0.009451555555554277,0.004757111111111101,9.89026406666664,9.887420044444463,0.02092708888888886,0.020059288888888985
0.007832666666622067,0.010099999999999752,0.00887466666666607,0.005166666666666863,9.729240755555535,9.840148388888881,0.02092708888888886,0.017397811111111102
0.008075666666728569,0.008514777777777106,0.010320000000000898,0.005999444444444496,9.729240755555535,9.840148388888881,0.021395533333333355,0.020211055555555496
0.008023222222214422,0.009615555555555488,0.008655444444444686,0.004847666666666189,9.51685182222223,9.951485233333326,0.01595394444444451,0.017368355555555545
0.008023222222214422,0.008666111111110474,0.009169222222220065,0.00569366666666661,9.665754722222227,9.44007114444443,0.01881156666666669,0.019527288888888935
0.007843333333362857,0.008083666666666527,0.009533777777777334,0.00538966666666675,9.665754722222227,10.611556211111084,0.01946357777777773,0.018606255555555506
0.0077545555555439535,0.008712444444444462,0.010981222222221101,0.005385777777777416,10.226335377777799,9.19308218888886,0.021789255555555543,0.018606255555555506
0.007549666666717612,0.008712444444444462,0.009097888888889986,0.005385777777777416,10.230051388888898,10.320243344444439,0.018543822222222162,0.018873433333333297
0.007549666666717612,0.00857655555555523,0.008981333333331855,0.0050745555555554095,8.383477955555577,10.329829211111095,0.018091577777777753,0.01863631111111123
0.007310222222258745,0.0073243333333334396,0.010537999999999987,0.0050745555555554095,10.14956384444447,8.89115528888888,0.019341455555555605,0.01624864444444442
0.008369333333373814,0.0077226666666668905,0.009015555555556097,0.004438111111111217,8.261545033333354,9.211350633333344,0.019341455555555605,0.02021604444444441
0.007677222222203758,0.008623444444444949,0.009030999999999444,0.004440000000000074,9.809983444444445,9.211350633333344,0.018899444444444358,0.017402800000000017
0.007753111111115788,0.007522666666666567,0.009884111111110391,0.0053891111111118075,9.843902899999996,9.29576212222225,0.021435677777777773,0.02202830000000004
0.007753111111115788,0.008576111111111118,0.009449888888891818,0.0045431111111113864,9.588636966666646,9.442116655555594,0.018578055555555598,0.023123488888888908
0.007498333333286509,0.008657444444444372,0.009606222222222035,0.005333555555555197,9.588636966666646,8.27063158888894,0.017186322222222286,0.02279224444444444
0.008167555555600201,0.00856866666666731,0.008158777777778268,0.004462555555555525,9.419510788888893,10.006682244444455,0.016981533333333437,0.02279224444444444
0.007187666666646288,0.00856866666666731,0.009731444444443899,0.0051650000000004566,8.188285400000003,10.325052411111093,0.016981533333333437,0.02101016666666659
0.00819077777780169,0.008964555555555384,0.009322666666668688,0.005093444444444768,9.968894022222225,8.310468288888874,0.0177038333333334,0.020773833333333307
0.007723666666606733,0.008964555555555384,0.007766000000000557,0.005093444444444768,8.202808133333331,10.129564777777812,0.016200855555555543,0.020773833333333307
0.006664555555491663,0.00880044444444492,0.00970388888888844,0.005377444444444595,10.00638896666666,8.57710694444447,0.016200855555555543,0.020831277777777765
0.0069031111110638855,0.00789966666666686,0.009712111111112007,0.004542777777778105,10.08611495555561,10.037300488888883,0.016336355555555546,0.020831277777777765
0.007064777777789763,0.009310555555554996,0.010396444444444973,0.004834555555555022,9.274390944444438,9.338682222222202,0.017386066666666557,0.02118527777777773
0.007064777777789763,0.00852944444444464,0.009221222222221413,0.005769333333333293,8.087668088888899,9.276322211111102,0.017386066666666557,0.019101655555555565
0.0072054444444802366,0.008493666666667189,0.009164777777777368,0.005197111111111023,9.498873666666695,10.402581288888852,0.017447511111110956,0.016799855555555535
0.006822666666670961,0.008575555555555387,0.011391222222221763,0.005197111111111023,9.765373922222226,8.666530633333336,0.01910477777777775,0.021080888888888878
0.006822666666670961,0.008575555555555387,0.009818555555556134,0.005627888888888322,9.765373922222226,8.950175688888901,0.01910477777777775,0.02186587777777776
0.006698555555481613,0.008329444444445106,0.01016822222222105,0.004808555555555137,10.09220933333334,10.480623311111136,0.019703144444444407,0.019382911111111
0.006885666666676117,0.008329444444445106,0.01016822222222105,0.0053798888888883945,10.09220933333334,8.6615268222222,0.01705619999999999,0.023142199999999953
0.00773855555558435,0.007906222222221655,0.010076000000001134,0.005830666666666515,10.35006671111111,10.51109559999997,0.019582466666666572,0.022985233333333358
0.007888555555534065,0.009407777777777288,0.008606999999999391,0.005830666666666515,8.721902311111068,10.366309344444435,0.018289266666666613,0.022985233333333358
0.007690999999997278,0.007996888888889152,0.00905455555555553,0.005298777777777591,9.46032792222221,9.044458122222213,0.017600922222222228,0.021492355555555658
0.007690999999997278,0.007448666666667079,0.010783999999997858,0.004363999999999319,9.46032792222221,9.635861933333318,0.017600922222222228,0.02091518888888898
0.0072815555554876085,0.008008222222222293,0.00924522222222082,0.004353555555555981,9.925524644444447,9.689523511111128,0.016783677777777836,0.02091518888888898
0.006049999999959255,0.006601666666666815,0.008445777777776838,0.004353555555555981,9.201087800000039,9.689523511111128,0.014966411111110906,0.020700711111111124
0.007557666666697414,0.008138333333333334,0.008445777777776838,0.004429222222222665,9.201087800000039,9.992380566666675,0.017598422222222104,0.020581444444444555
0.007701333333392945,0.006635555555555408,0.008843888888890206,0.0053920000000005075,8.96414221111109,8.46193294444444,0.017404666666666613,0.020581444444444555
0.0075394444444706705,0.008309888888888395,0.009711888888890347,0.00482066666666725,8.96414221111109,9.758030422222223,0.017404666666666613,0.019451077777777895
0.007685111111135888,0.007891777777778152,0.008937222222221585,0.004244333333333196,7.394299955555533,8.844912388888872,0.01698081111111115,0.017065611111111132
0.007234222222299044,0.007839000000000202,0.008937222222221585,0.004244333333333196,7.507045755555566,7.529505099999995,0.014728333333333381,0.017065611111111132
0.006302777777818847,0.007839000000000202,0.00878655555555636,0.004416333333333948,5.69767554444447,7.683131233333351,0.04321988888888882,0.04109665555555551
0.007221666666636237,0.008274333333333396,0.008940777777777638,0.004416333333333948,5.698746500000002,5.605884288888907,0.04464564444444436,0.038744399999999964
0.007132111111180469,0.006681777777777774,0.008940777777777638,0.028998222222222286,3.8223441999999688,4.425963633333349,0.04257221111111107,0.03950703333333333
0.007132111111180469,0.00784955555555516,0.03701311111111257,0.04492788888888871,2.4770075777777265,4.42671111111111,0.04159382222222228,0.03634453333333344
0.0068665555555627285,0.00631288888888864,0.03886677777777929,0.04371899999999979,2.4901565956029033,2.393607095269821,0.055079002886964275,0.03327350655118822
0.005843888888901146,0.007770111111110763,0.03700999999999984,0.04380566666666634,0.6213182555555868,2.396310722222236,0.05205373333333334,0.03408492222222236
0.006591333333340623,0.007763777777777629,0.03796066666666636,0.04623055555555548,0.738929811111114,1.100213244444452,0.07311245555555558,0.03251554444444449
0.005592777777767171,0.00684333333333282,0.038448222222222564,0.045570555555555996,0.24733385555557186,0.16452884444446328,0.07228313333333333,0.031033133333333403
0.006068222222185998,0.0064116666666665075,0.038448222222222564,0.05000522222222278,0.13541456666664925,0.1653800666666838,0.07228313333333333,0.03210742222222222
0.007085333333331316,0.0064116666666665075,0.048776222222222214,0.0537621111111106,0.1362277666666374,0.012387399999972282,0.041720177777777825,0.00823614444444444
0.006166444444513926,0.006781999999999597,0.0468925555555586,0.0537621111111106,0.13515681111110528,0.004631555555514903,0.04103028888888895,0.00823614444444444
0.006356222222166253,0.008224999999999878,0.049104111111113805,0.03158844444444419,0.1361367222222422,0.14842398888888259,0.04172546666666672,0.04090863333333333
0.007815777777775819,0.007057222222222493,0.021140333333331936,0.017076777777778003,0.1359768222222139,0.14767651111112123,0.040742966666666686,0.040004577777777724
0.006573666666655401,0.00871999999999989,0.01928666666666522,0.021223777777778077,0.1220020124527168,0.1549610295752759,0.025558839226150834,0.04096627751834547
0.007898999999977403,0.010436444444444248,0.023588555555556293,0.02017433333333369,0.12192067777774836,0.15457389999998997,0.026390133333333402,0.040149733333333236
0.006378555555582151,0.008768444444444395,0.021769888888889633,0.02386411111111089,0.005294588888912384,0.15457389999998997,0.005331411111111166,0.040319055555555525
0.12727966666665858,0.028133777777778198,0.021589555555553693,0.024357333333332874,0.005294588888912384,0.1547477555555411,0.005116755555555637,0.04125224444444442
0.23626588888894023,0.027116666666666827,0.027748222222221054,0.01992266666666609,0.005476477777758899,0.15482682222221278,0.005743422222222239,0.0401779555555556
0.24399155555551666,0.06760777777777824,0.016830888888888593,0.02466600000000025,0.0046632777777707215,0.2669185222222647,0.0049172222222222525,0.05278627777777785
0.24399155555551666,0.06613588888888937,0.016830888888888593,0.02466600000000025,0.005846166666654225,0.2669185222222647,0.022118255555555678,0.07566294444444442
0.24419544444450975,0.06574788888888843,0.01631611111110942,0.02725566666666642,0.12356101111113403,0.1381257999999674,0.04120652222222225,0.042227822222222176
0.2427358888889002,0.06698133333333327,0.014780555555555946,0.027502333333333222,0.123464577777813,0.13920194444444356,0.04120652222222225,0.04320485555555548
0.24395988888884151,0.06531855555555587,0.01644011111111215,0.023355333333333148,0.12332071111112934,0.13218645555556605,0.04127950000000005,0.04227046666666661
0.24367522222221144,0.06350700000000052,0.027710222222222254,0.02431388888888838,0.12332071111112934,0.1319666444444402,0.040431166666666726,0.04328068888888877
0.24438477777776926,0.06449333333333367,0.028751333333332244,0.045939111111111056,0.19734328888886113,0.1319666444444402,0.0705532666666666,0.042802399999999914
0.1242537777777923,0.04512799999999986,0.027373111111112774,0.04544588888888907,0.31049894444442494,0.1666911888889015,0.07002306666666656,0.04186921111111101
0.03748044444435234,0.04606233333333323,0.022558000000000474,0.07109055555555542,0.4441764222222876,0.3059939444444682,0.06939639999999997,0.07377017777777772
0.028737666666630607,0.04399455555555518,0.02131299999999846,0.06170933333333296,0.6001922111111514,0.19326877777777124,0.07029819999999996,0.057515466666666605
0.2398925555555454,0.04479933333333325,0.022510777777777474,0.06781877777777763,0.7214049222222659,0.3818094888888798,0.05305043333333325,0.03542395555555558
0.23854522222215263,0.043744333333333905,0.021999111111111032,0.06280633333333362,0.6027101666666492,0.3668097777778093,0.033266988888888904,0.03607566666666672
0.4219150000000001,0.0432534444444441,0.021999111111111032,0.06144411111111166,0.9056988333333228,0.5477161666666525,0.03402572222222227,0.035978088888888926
0.42069100000005877,0.04387977777777745,0.021368888888888354,0.06144411111111166,1.2706863888889253,0.7168687666666453,0.033861633333333314,0.035978088888888926
0.6020831111111168,0.04304533333333341,0.005796888888887174,0.06121588888888852,1.6420413000000105,1.0531864444444448,0.033861633333333314,0.03552694444444461
0.6013735555555589,0.04205900000000027,0.006075333333332841,0.0334759999999995,1.5670332555555877,1.0531864444444448,0.004745944444444564,0.035922500000000024
1.0299140000000384,0.04288599999999971,0.0072894444444450025,0.03390077777777852,1.9299542555555467,1.4150149333333264,0.005379033333333401,0.035922500000000024
1.006268000000091,0.04273666666666682,0.0059458888888899416,0.008673000000000129,2.194127722222163,1.2747818888888676,0.006645011111111217,0.00629854444444448
1.5256830000000468,0.005025000000000231,0.0070670000000000585,0.008954111111112046,2.0381119333332993,1.9002280888889043,0.005743211111111215,0.0072830333333332815
1.814334777777832,0.004220222222222169,0.005869222222221046,0.0028446666666673715,2.385306298600295,2.2647342146189833,0.005765307709397985,0.006496434125749779
1.814334777777832,0.005023777777777147,0.006283444444445903,0.002574888888888596,2.3858363666666507,2.2652374888888986,0.006404300000000005,0.006831033333333175
1.8406351111110175,0.004281222222222109,0.0072183333333334255,0.002272444444443522,2.263980111111077,2.505566922222253,0.006928366666666568,0.00684467777777774
1.8406351111110175,0.004438666666666949,0.006945333333334248,0.0027014444444435843,2.069392155555508,2.3357234444444797,0.006066733333333173,0.00684467777777774
1.8785881111111344,0.004655666666666195,0.007930777777779162,0.0023681111111118172,1.7955542777777587,2.163420011111113,0.007282366666666497,0.007609699999999893
1.9984958888889097,0.004655666666666195,0.006611222222223509,0.0029714444444456,1.8225581666666562,2.276121200000009,0.08224138888888878,0.007547755555555548
1.5691853333333308,0.004676888888889311,0.006332999999999503,0.002546666666666574,1.3464815111111332,2.0233700111111137,0.09646608888888883,0.008659700000000011
1.77198433333332,0.004736555555555337,0.006332999999999503,0.01179955555555523,0.9484685888889242,2.114103488888879,0.10163044444444429,0.006382688888888834
1.4036863333333007,0.004024888888888572,0.007313222222222749,0.011518444444443315,0.949412044444475,1.488657288888842,0.10163044444444429,0.08363291111111121
1.0422513333332972,0.004989999999999384,0.007313222222222749,0.04047833333333352,0.4793985441209302,0.936317681707013,0.10281244721049122,0.08515835741275853
1.0993576666666438,0.08338544444444473,0.008362111111109825,0.04005900000000098,0.48023591111111985,0.9366727444443907,0.10331084444444452,0.08709413333333348
0.8896875555556109,0.14922188888888935,0.010234555555557438,0.13608333333333336,0.298933611111118,0.5143607777777169,0.1020280444444446,0.0901460999999999
0.9143434444444615,0.14843811111111116,0.010208333333331945,0.19494511111111182,0.1286307444444472,0.5153867666666404,0.10308035555555552,0.0901460999999999
0.6939576666665946,0.1489738888888894,0.00922288888888703,0.1945481111111115,0.03195351111111854,0.35076826666666727,0.1025387333333335,0.09230464444444444
0.5751653333333404,0.1489738888888894,0.010797888888886418,0.24701266666666616,0.005702055555553267,0.23911165555555652,0.02749270000000016,0.09122045555555554
0.575837555555558,0.14923711111111101,0.029443111111109806,0.24701266666666616,0.005702055555553267,0.09535337777778827,0.01296548888888876,0.09138190000000006
0.373744888888824,0.14839244444444452,0.08298166666666716,0.2616278888888894,0.005877544444432362,0.004619900000022881,0.006535155555555481,0.09138190000000006
0.22350244444452175,0.15013155555555596,0.08088033333333379,0.2627975555555556,0.004934088888881485,0.005525377777808495,0.007686977777777851,0.01447437777777774
0.08513077777782505,0.1499633333333337,0.0822318888888876,0.2338376666666654,0.005939577777761921,0.005175766666683204,0.006614011111111041,0.012967855555555465
0.029382555555558715,0.07076433333333339,0.09724677777777894,0.25816088888888883,0.005773633333332227,0.005617466666687203,0.00545505555555549,0.01114721111111103
0.029382555555558715,0.006256999999999538,0.09443944444444381,0.1958570000000006,0.005833099999999074,0.005617466666687203,0.006216666666666747,0.007202144444444534
0.005654111111147763,0.006955444444444305,0.2959330000000004,0.13656622222222206,0.005127255555540463,0.005502322222203778,0.006236000000000118,0.008070633333333441
0.006278777777778386,0.005674999999999702,0.4422541111111116,0.13727855555555538,0.005104444444441469,0.006130866666663022,0.0055619888888888145,0.005537833333333489
0.005163333333257469,0.0064435555555554126,0.4406791111111122,0.08498177777777806,0.005075722222203341,0.005635111111113626,0.005915766666666502,0.006133988888888843
0.005449444444416764,0.006395999999999921,0.595823111111113,0.08498177777777806,0.005075722222203341,0.004651344444451096,0.005056955555555694,0.004860599999999857
0.005868888888875922,0.006395999999999921,0.7168968888888875,0.06130788888888914,0.004926711111099596,0.005619677777771257,0.006061788888889074,0.0057705555555555635
0.004994333333242038,0.005639555555555534,0.7168968888888875,0.0601382222222229,0.005810211111104815,0.005283366666623756,0.005723644444444485,0.004443366666666708
0.005773111111112586,0.004842666666666971,1.2442796666666678,0.06131722222222259,0.004804722222224377,0.004630544444410134,0.004924944444444456,0.005481811111111111
0.00521722222219978,0.005830333333333234,1.226616555555555,0.037425999999999564,0.004823677777772497,0.0043186444444498,0.005780266666666658,0.005384533333333454
0.00521722222219978,0.005377666666667046,1.4193228888888871,0.003705555555555407,0.00456465555559286,0.005271744444472562,0.005876122222222114,0.005384533333333454
0.005163555555554922,0.005220444444444658,1.3495815555555548,0.004365222222222403,0.00456465555559286,0.004360900000032568,0.004804477777777816,0.00539263333333336
0.005020444444501967,0.005220444444444658,1.3702809999999994,0.004267777777777661,0.004944355555551283,0.0044713777777853165,0.006207888888888877,0.004442788888888765
0.005020444444501967,0.005055555555555221,1.3702809999999994,0.06256544444444344,0.026670911111100145,0.024047766666651822,0.029185277777777997,0.018721999999999968
0.005057000000003124,0.003991666666666542,1.4003351111111109,0.08467422222222215,0.026670911111100145,0.02470125555554306,0.029185277777777997,0.018721999999999968
0.00393122222228865,0.026806111111111385,1.225722777777779,0.08406311111111128,0.026435800000020514,0.024374155555562996,0.043787222222222304,0.01901092222222209
0.03805277777781966,0.027328555555555235,1.4003072222222228,0.13797533333333295,0.02610645555555872,0.023804988888924884,0.06351805555555554,0.02384348888888885
0.0380874444443988,0.027328555555555235,0.978125333333332,0.13679633333333327,0.02610645555555872,0.024704466666694066,0.06351805555555554,0.033333055555555595
0.03728522222223142,0.027356555555555596,0.9824195555555567,0.22176277777777723,0.026332388888893853,0.02401153333333797,0.0726008222222222,0.03231141111111111
0.0383813333333415,0.026480111111111013,0.7897132222222246,0.22883022222222218,0.0264255111110856,0.02391285555551627,0.11061261111111109,0.0462761888888888
0.038056666666610305,0.04630466666666659,0.6580538888888915,0.22817055555555518,0.060188466666646595,0.024808844444452107,0.12902545555555545,0.045399599999999984
0.037575111111032636,0.08841833333333288,0.4910333333333357,0.25348122222222164,0.058991777777780245,0.024069822222240116,0.1276220444444444,0.06964832222222216
0.11089855555554905,0.0878146666666666,0.49241533333333604,0.1969641111111113,0.16059017777781215,0.004759644444447986,0.10433775555555541,0.09159480000000016
0.1099036666666709,0.10631722222222273,0.28858300000000114,0.17953377777777746,0.16059017777781215,0.004638711111119341,0.1048985555555553,0.09159480000000016
0.30252100000001925,0.08406699999999982,0.28858300000000114,0.17953377777777746,0.4802554999999921,0.003997477777779245,0.08929177777777762,0.09130414444444458
0.70341233333329,0.08256188888888893,0.11535477777777854,0.1260817777777782,0.4797013444444487,0.004999444444466564,0.06976649999999994,0.08647157777777782
0.7025988888888404,0.08360444444444445,0.008802333333335355,0.1260817777777782,0.8929032666666723,0.004886044444453496,0.07042269999999999,0.07766351111111097
0.7999478888889119,0.08361811111111135,0.006163999999999861,0.04148288888888867,0.8937715333333358,0.004886044444453496,0.06048461111111112,0.0783600666666668
0.7988517777778018,0.08361811111111135,0.006163999999999861,0.03485544444444442,0.893207766666674,0.02490362222226218,0.022740922222222227,0.08185370000000006
0.9118210000000949,0.06430688888888862,0.006931777777775021,0.03485544444444442,0.861064288888896,0.024007633333326343,0.004328077777777871,0.08185370000000006
0.9118210000000949,0.022986444444444806,0.008212555555552904,0.009828333333334488,0.8622001777777718,0.133493788888864,0.005150477777777848,0.058413000000000076
0.8421167777777454,0.022986444444444806,0.008356666666666495,0.007975333333334333,0.738151511111097,0.3836410333333334,0.0050179777777777075,0.022277355555555572
0.8458771111110966,0.005423555555555342,0.007409777777777689,0.0032968888888894477,0.7400636888888812,0.8887737777777464,0.004457177777777815,0.022277355555555572
0.6532597777777482,0.00543400000000026,0.008502999999999854,0.003917111111110532,0.42082385555554286,0.8887737777777464,0.005860599999999969,0.02240704444444434
0.22199855555562764,0.006192111111111053,0.008344666666665211,0.004160111111111241,0.4221727666666766,0.889004233333291,0.005526455555555532,0.023031299999999928
0.22199855555562764,0.0064206666666666795,0.010059111111110674,0.004160111111111241,0.008970844444453027,0.8890434444444522,0.005746388888888874,0.021311355555555637
0.14937122222222066,0.005391333333333156,0.009263111111108755,0.004066333333333382,0.009060633333332489,0.8904298111110873,0.005746388888888874,0.021634888888888724
0.2874999999999596,0.006338333333333582,0.009263111111108755,0.0036263333333326703,0.009060633333332489,0.8695578111110777,0.005167988888888907,0.004881544444444294
0.17398166666660272,0.005283777777778356,0.009022000000000061,0.004051222222222527,0.020697188888890296,0.8707734666666372,0.005847933333333469,0.005337366666666745
0.28059777777778233,0.005360888888888996,0.007741222222222178,0.0036493333333330233,0.019556954010234398,0.7631642079537799,0.005024416796267655,0.005114452343923491
0.3003848888889075,0.006209777777778117,0.006917444444443138,0.003200111111111268,0.311650577777799,0.5123715222222119,0.004935344444444471,0.004429388888888762
0.3019672222222249,0.005270111111111457,0.007715666666664826,0.003200111111111268,0.4812593777777971,0.023230822222280446,0.00556754444444448,0.005190455555555332
0.3019672222222249,0.005916555555555666,0.007506222222221797,0.0029651111111124668,0.655639400000041,0.376076400000026,0.005155766666666815,0.0049252444444444704
0.304617444444375,0.005158444444444873,0.006308333333335112,0.0025772222222223543,0.6542904888889073,0.5484179333333764,0.004470677777777913,0.005191455555555632
0.304617444444375,0.004835333333333205,0.005750444444443146,0.008655555555555515,0.694560099999996,0.5475926444444592,0.05824862222222221,0.005191455555555632
0.2834062222221595,0.004835333333333205,0.0066757777777802915,0.007949777777778562,0.6934558444444482,0.6745965888889158,0.05824862222222221,0.032253833333333204
0.14742200000000594,0.004838555555555186,0.0066757777777802915,0.03878900000000051,0.6934558444444482,0.6752568888889086,0.058588599999999984,0.04312866666666684
0.14742200000000594,0.005843888888888513,0.006782222222224417,0.03836411111111065,0.6810817555555484,0.6740412333333489,0.05847779999999999,0.04267284444444439
0.15622188888887145,0.004973555555555405,0.034158888888890085,0.04884022222222168,0.6821587130473383,0.6731809624360965,0.05946293620804609,0.04382508335185608
0.23782611111113916,0.03380655555555497,0.0334565555555552,0.08768333333333247,0.39058266666669145,0.6737125777777982,0.05870613333333337,0.04381534444444456
0.23360922222218508,0.03380655555555497,0.033710666666665806,0.08811266666666662,0.21906168888890915,0.6571879777777541,0.05926371111111128,0.04415203333333346
0.23360922222218508,0.03419577777777742,0.04869799999999853,0.08772744444444433,0.04429384444445835,0.30535013333332023,0.05920418888888886,0.04337933333333329
0.22825866666668543,0.035176555555554816,0.16123544444444507,0.1018947777777773,0.04537231111109148,0.1327206666666459,0.05920418888888886,0.043479344444444325
0.22884266666672679,0.03422855555555534,0.16007888888889157,0.09627144444444488,0.005102700000002693,0.1327206666666459,0.005447166666666744,0.04466088888888891
0.2253322222222778,0.03498055555555545,0.34811155555555556,0.09684655555555506,0.005321477777796544,0.005403877777799456,0.006381377777777845,0.016578422222222427
0.2237267777778066,0.035017444444444365,0.34811155555555556,0.06600733333333311,0.005875133333334917,0.005404966666674227,0.0054942333333333334,0.006036866666666598
0.22445011111115795,0.034525333333333054,0.5576651111111094,0.06696111111111079,0.004993188888893959,0.01858366666666219,0.006168288888888738,0.006036866666666598
0.10903411111111282,0.034525333333333054,0.6593601111111127,0.05598844444444417,0.004836233333372144,0.017547044444452493,0.005196366666666638,0.021204566666666667
0.009545999999924486,0.011750666666666614,0.6593601111111127,0.07172922222222175,0.01927045555554388,0.01791817777776967,0.020826633333333323,0.021204566666666667
0.008420222222210012,0.07718000000000005,0.6864286666666684,0.13466344444444348,0.019901033333282057,0.01875650000000759,0.03299425555555538,0.03904072222222235
0.05753900000005767,0.07556966666666654,0.6718447777777783,0.13466344444444348,0.019225577777724035,0.017748766666695955,0.0320621333333333,0.03904072222222235
0.13284088888889933,0.10001655555555623,0.5593073333333318,0.12758955555555615,0.018957944444429765,0.01774606666666993,0.047380455555555506,0.054920188888888985
0.13225688888885798,0.10001655555555623,0.5605225555555554,0.1271345555555554,0.019558333333331273,0.01774606666666993,0.046483399999999946,0.06767407777777765
0.29697855555554675,0.10015866666666698,0.37169844444444305,0.12971355555555578,0.019207044444417284,0.0174117999999655,0.06253955555555556,0.07724213333333328
0.41463222222217966,0.09978611111111096,0.37169844444444305,0.13168366666666664,0.018653388888878908,0.01775057777779744,0.06253955555555556,0.07620378888888894
0.4139088888888283,0.09987200000000011,0.16160211111111128,0.13072988888888898,0.019776188888878703,0.004571877777809479,0.0798972111111113,0.09473547777777781
0.6124264444443827,0.09987200000000011,0.03253044444444224,0.1336517777777778,0.01959359999992532,0.005242644444460136,0.11951760000000006,0.07783903333333332
0.777669333333405,0.09390344444444468,0.03381655555555578,0.08178511111111202,0.004494555555494471,0.00419030000001107,0.10388733333333337,0.11804621111111122
0.972868000000037,0.02900766666666657,0.007357222222222189,0.0210782222222229,0.004713788888883149,0.004322422222211723,0.09128585555555563,0.10110409999999992
0.9237492222221894,0.02900766666666657,0.006070000000000341,0.0210782222222229,0.00536243333336491,0.005114477777757051,0.09180568888888886,0.10110409999999992
1.0888503333333373,0.004469666666666052,0.006749777777776621,0.014236555555555698,0.005065566666675952,0.0041726888888749475,0.07729221111111116,0.08506022222222208
1.251779222222265,0.005045444444444374,0.0063861111111091565,0.014236555555555698,0.004465177777774443,0.02503661111109068,0.07729221111111116,0.07112478888888883
1.0870575555555761,0.00415133333333352,0.006514666666665411,0.011650777777777283,0.004269744444444415,0.18714801111112442,0.0702125666666667,0.07859932222222236
1.0902295555556016,0.033567888888889286,0.006514666666665411,0.011276444444444818,0.05581616666665292,0.18614784444442498,0.0702125666666667,0.07920499999999994
1.0902295555556016,0.03296877777777812,0.007872333333333852,0.011276444444444818,0.05469336666665312,0.404098311111069,0.05277898888888867,0.0611748777777778
0.8930126666667396,0.03468844444444446,0.007872333333333852,0.009158111111111743,0.25639260000003916,0.5360828111111068,0.01371395555555551,0.0611748777777778
0.7235781111110353,0.034678333333333616,0.00807588888888707,0.006191444444444491,0.25639260000003916,0.5360828111111068,0.01371395555555551,0.021881977777777686
0.5283794444444033,0.0350378888888893,0.006414333333332758,0.0044125555555546555,0.4297857333333468,0.7845196777777929,0.013599933333333253,0.019890177777777823
0.5299496666666528,0.0350378888888893,0.008595444444444588,0.004883222222221977,0.5461516888888633,1.2073181666666593,0.014770266666666676,0.02113091111111123
0.2895801111111117,0.03572977777777848,0.007915666666668307,0.005017777777777295,0.7401510555555812,1.2073181666666593,0.01396542222222218,0.020304844444444657
0.12665122222218392,0.036256666666666604,0.009307111111111353,0.005017777777777295,0.7401510555555812,1.4972514777778088,0.01515168888888891,0.021471766666666812
0.12800455555548576,0.037394666666666396,0.00941444444444528,0.005056999999999966,1.1675038444444492,1.4774600555555444,0.0052409666666666495,0.01038728888888876
0.007412666666621388,0.007363555555555321,0.011502666666669055,0.004454555555555986,1.3769265222222329,1.4774600555555444,0.006565722222222133,0.009781611111111187
0.008518666666633283,0.008774444444444246,0.00923166666666791,0.004454555555555986,1.6080421444444508,1.2743418000000084,0.006203933333333344,0.02665489999999994
0.007217999999940932,0.007054777777777904,0.010419555555554579,0.0048646666666659006,1.4057570888888715,1.1423581000000051,0.025873544444444455,0.02740564444444429
0.007261222222243507,0.007892666666666376,0.01055855555555733,0.005778666666666747,1.4446531888888723,1.1430358444444488,0.025873544444444455,0.026491366666666516
0.007261222222243507,0.006999555555555364,0.01055855555555733,0.004900888888889831,1.2711858000000058,0.8936285333333244,0.026418755555555534,0.027532088888888855
0.007070111111109631,0.008661888888888648,0.009932444444444855,0.007113888888888988,1.1541712000000075,0.47118222222225215,0.024728588888888875,0.0271608777777777
0.005985333333329537,0.007823555555555277,0.03858033333333171,0.008174777777777347,0.96047559999997,0.48564437777779157,0.05682462222222233,0.05448657777777789
0.007332555555573587,0.006720888888888826,0.03633733333333251,0.04639666666666642,1.107165355555531,0.200275544444417,0.055638355555555595,0.053319655555555734
0.006966333333366493,0.006251777777777869,0.07332455555555524,0.045789111111111606,0.7984221555555439,0.05721631111110684,0.05643629999999999,0.0550734
0.006193444444458389,0.045850444444444825,0.07219244444444448,0.06442388888888849,0.5374530555555516,0.2576824222222109,0.05564543333333334,0.05594924444444431
0.17335000000002765,0.0444395555555559,0.07219244444444448,0.06516211111111009,0.4781123444444436,0.24285021111110283,0.05483994444444444,0.03857438888888882
0.17335000000002765,0.04494522222222249,0.07248577777777933,0.0639484444444444,0.4781123444444436,0.4408972222221906,0.03525281111111111,0.03881180000000025
0.3549098888888693,0.04393033333333326,0.07085711111110982,0.06375744444444346,0.6112645333333325,0.5598051444444473,0.03593786666666679,0.03881180000000025
0.5033713333333355,0.04393033333333326,0.07214511111111065,0.06375744444444346,0.95359981111112,0.5598051444444473,0.034750755555555735,0.038649988888888875
0.6156790000000506,0.04303966666666684,0.07171255555555453,0.06159444444444439,0.95359981111112,0.7424275888888715,0.03580920000000005,0.03778046666666662
0.6152688207861932,0.04226826560071064,0.04303597601599034,0.05979202753719781,1.4435932111111358,0.7279654333333321,0.003713166666666595,0.011872788888888652
1.0914420000000165,0.043445222222222434,0.04392477777777989,0.02211744444444403,1.8054253666666682,1.3481444666666613,0.004795788888888739,0.013227544444444135
1.0904548888889218,0.04373633333333358,0.0065422222222240286,0.022453444444445206,1.6862670777777946,2.0108677666666686,0.003997844444444349,0.005515688888888759
1.5330517777777763,0.00413766666666662,0.006409000000000257,0.0028253333333339015,2.2968125555555616,1.8104016555555644,0.0056421111111113476,0.005463922222222411
1.3647892222221951,0.004726555555555321,0.007226111111110514,0.002743222222223254,2.584401044444494,2.197738288888875,0.006865055555555537,0.006464300000000188
1.7804981111111273,0.004220888888888732,0.005744888888888985,0.0029969999999997932,2.584401044444494,2.419449933333346,0.0069272777777776235,0.006415011111110981
1.8987155555556052,0.004479333333333576,0.0067352222222230775,0.0022739999999998872,2.6535943111111227,2.2998642666666456,0.007059855555555242,0.0071695666666665965
1.8765662222222093,0.005144333333333072,0.006213333333331801,0.0027145555555563305,2.4850677222222357,2.6443695111110768,0.007059855555555242,0.006290655555555635
1.9052073333333386,0.004372666666666211,0.005090888888888559,0.002384777777777458,2.4850677222222357,2.6384860555555685,0.007163411111111012,0.0075812111111110605
1.906478318879258,0.005033466755614812,0.006240827218144988,0.0026746720035581094,2.2181979444444297,2.6384860555555685,0.008235177777777701,0.0061631888888888315
1.5707696666666178,0.004649888888888793,0.006130111111111268,0.0026697777777779192,1.7096760333333363,2.206738922222226,0.007152555555555558,0.006312788888889051
1.715231666666619,0.00368988888888882,0.006324222222221781,0.002333777777776744,1.761609477777774,1.5440156222222188,0.09233462222222222,0.06938358888888894
1.2726347777777645,0.004882222222222134,0.0055013333333325445,0.0072964444444431195,1.1510640000000067,1.635605166666715,0.09327317777777751,0.068559511111111
1.492489000000003,0.004843333333333533,0.006504777777776225,0.006640333333332175,0.6926476444444095,1.2489166666666986,0.09205023333333331,0.06935168888888883
1.0767801111110709,0.004843333333333533,0.007767777777777004,0.024194000000000594,0.6926476444444095,0.8284864444444541,0.09416285555555567,0.07048027777777784
0.8979447777778155,0.12097555555555554,0.006777444444442912,0.09327133333333393,0.4523318111111318,0.8294272000000168,0.09334522222222237,0.0712992111111111
0.8014436666666774,0.1446222222222223,0.00980111111111152,0.09283077777777748,0.2783282444444303,0.48492195555558565,0.09530886666666678,0.0712992111111111
0.6600045555555375,0.1446222222222223,0.011434888888888712,0.14372666666666747,0.2783282444444303,0.3081339000000046,0.09619407777777789,0.071894877777778
0.6600045555555375,0.14462500000000017,0.010289111111111046,0.14343855555555587,0.055523977777764036,0.3081339000000046,0.09611614444444452,0.07494840000000012
0.5184755555555967,0.14483255555555513,0.010731222222220697,0.19551244444444493,0.05627235555555091,0.09530131111113685,0.09611614444444452,0.07439680000000004
0.3740135555555955,0.14483255555555513,0.011098666666665875,0.24895477777777825,0.005383088888897368,0.09624704444445975,0.01186204444444456,0.012133211111111196
0.3752210000000358,0.1450112222222223,0.011098666666665875,0.24399211111111188,0.005383088888897368,0.005444488888852246,0.008745333333333433,0.012133211111111196
0.15536677777779714,0.1455756666666667,0.011313666666669381,0.2453408888888902,0.005364833333323481,0.004796355555558623,0.009971022222222188,0.011414577777777843
0.15691277777780974,0.14715366666666638,0.010050666666668602,0.22812622222222168,0.005364833333323481,0.005700622222213446,0.007797977777777959,0.009347122222222264
0.03597599999991669,0.03001144444444432,0.011368000000001328,0.15904888888888835,0.005461466666626317,0.0047598666666507,0.008876844444444625,0.00878693333333326
0.006164999999984704,0.007296333333333868,0.007578222222223177,0.15968877777777854,0.006078144444428644,0.0057366111111100005,0.006913200000000212,0.009936644444444323
0.006421111111093423,0.007296333333333868,0.008030555555557662,0.10981022222222238,0.006078144444428644,0.005351777777756676,0.005850466666666603,0.00805042222222199
0.0072762222221677405,0.007964777777777796,0.009539444444445483,0.10981022222222238,0.005678000000014234,0.005351777777756676,0.00485663333333328,0.005954599999999946
0.007301111111094846,0.008520444444444468,0.039235333333332775,0.07976455555555617,0.006019922222239731,0.005505588888859671,0.006153544444444418,0.0058785777777776846
0.007301111111094846,0.008520444444444468,0.03783944444444387,0.09059788888888913,0.004975744444455662,0.005455766666671025,0.0052255777777777315,0.00507136666666662
0.006968111111139782,0.007905444444444262,0.21777311111111117,0.09185933333333354,0.0056424888888891985,0.004668777777782099,0.006390733333333263,0.006249511111111075
0.006968111111139782,0.007996333333333421,0.35439988888888746,0.09051055555555523,0.0054582222222418555,0.005837633333315909,0.006085922222222262,0.006015833333333369
0.006472666666619868,0.006418333333333711,0.35439988888888746,0.09112777777777915,0.0054582222222418555,0.0049333666666610855,0.005446288888888676,0.006015833333333369
0.005840111111158169,0.007420333333333437,0.4716123333333321,0.09112777777777915,0.005415877777800739,0.005978944444444147,0.005308944444444298,0.006032122222222221
0.006655666666726272,0.006786777777777155,0.6037879999999992,0.09139444444444363,0.004952600000030493,0.005738488888886827,0.005926955555555323,0.005775733333333514
0.005510777777797356,0.007405888888888355,0.723258555555554,0.09018622222222128,0.005510922222242699,0.005028155555565819,0.004942477777777738,0.006367133333333423
0.005695666666724719,0.006077222222221698,0.9806477777777775,0.09150066666666609,0.005442099999988336,0.005950433333358282,0.005656544444444449,0.0054094333333333374
0.005411333333338715,0.005821111111111401,1.2611092222222233,0.06960244444444344,0.004351799999975962,0.005351155555571394,0.0050558666666666125,0.005658211111111126
0.005411333333338715,0.00657288888888906,1.2611092222222233,0.006115444444443736,0.00505483333332298,0.004455244444437136,0.0050558666666666125,0.005658211111111126
0.005340666666597826,0.005816888888888786,1.2775073333333342,0.004853999999999322,0.004919199999967027,0.005316477777777588,0.004693922222222301,0.00518821111111123
0.005340666666597826,0.00539244444444383,1.1388450000000003,0.005316444444444655,0.004174677777743657,0.004721288888902109,0.004615622222222474,0.0043479666666666784
0.005310333333404237,0.005991888888888279,1.30758111111111,0.005328888888887681,0.005115744444424308,0.019616588888892592,0.005295577777777844,0.017718466666666658
0.005153999999998229,0.005797666666666936,1.4050667777777779,0.005328888888887681,0.004686999999989894,0.018571011111109533,0.015900344444444475,0.018070400000000007
0.0048349999999320265,0.004834666666667431,1.2728911111111108,0.008514555555556235,0.019419599999985673,0.018928122222215887,0.015282333333333448,0.017899588888888877
0.032765666666616906,0.02911566666666706,1.283277888888888,0.06421911111111141,0.01886127777777347,0.018928122222215887,0.02591887777777788,0.017308188888888965
0.03172566666661523,0.02911566666666706,1.187933333333332,0.13410355555555498,0.018868355555563692,0.018787044444429236,0.04081112222222238,0.018325922222222107
0.03189233333331585,0.02945233333333322,0.8954667777777781,0.1334692222222221,0.01969072222219539,0.019000566666654273,0.040114888888889075,0.01774284444444438
0.032767555555538924,0.02870055555555556,0.8954667777777781,0.20664788888888888,0.018987688888848376,0.019000566666654273,0.06194594444444437,0.02084484444444459
0.032518111111130565,0.0297878888888887,0.7004716666666677,0.20664788888888888,0.019277522222233126,0.018794799999985422,0.0745324555555556,0.02013670000000003
0.032518111111130565,0.029678333333333425,0.7004716666666677,0.23262077777777773,0.019277522222233126,0.018851300000025936,0.07368987777777768,0.040287344444444276
0.03218333333330116,0.029078888888888977,0.5332113333333331,0.23139833333333432,0.037158177777750254,0.004477999999993346,0.1240414666666666,0.04685974444444424
0.06108909131303254,0.0912757165074426,0.31783292601644053,0.26344212397245176,0.16743257777776283,0.005139877777796503,0.11249517777777768,0.04547822222222216
0.060606111111155776,0.10435244444444437,0.31790355555555533,0.25940844444444466,0.15196589999996807,0.004046477777788166,0.11337866666666653,0.0673980888888887
0.21841955555555617,0.0803257777777778,0.18720188888888997,0.20698255555555536,0.5123188333333247,0.0046338000000155765,0.10336299999999995,0.0673980888888887
0.4160089999999804,0.08083866666666653,0.0246025555555573,0.13934511111111192,0.8952213999999875,0.004672311111095143,0.09064836666666663,0.10336691111111126
0.694041000000046,0.07922633333333333,0.005716111111111231,0.14018866666666777,0.8959016777778163,0.0038765444444442843,0.09064836666666663,0.11972717777777789
0.693165777777823,0.07993544444444467,0.007522222222222455,0.0666773333333342,0.8959016777778163,0.10192988888888978,0.06937855555555572,0.1171713444444443
0.7866817777778327,0.08036488888888885,0.00618555555555468,0.0666773333333342,0.8961928666666761,0.28041626666667224,0.056411422222221994,0.1171713444444443
0.8934607777777678,0.07969355555555543,0.008014444444443018,0.04093722222222122,0.8984721777777939,0.2797860999999734,0.056411422222221994,0.09794823333333326
0.8960234444444319,0.08090155555555534,0.007728000000001759,0.04093722222222122,0.8796504555555961,0.8993513444444641,0.006358077777777885,0.07889594444444448
0.8667063791953787,0.017880640142253264,0.008073349633251481,0.009762280506778994,0.7505903000000116,0.9000763777777745,0.007278800000000141,0.07951758888888899
0.8711750000000191,0.005887555555555461,0.008071555555555204,0.010385888888887647,0.75219343333337,0.901115833333323,0.006395311111111296,0.05687521111111123
0.687948222222278,0.005014111111111201,0.00881966666666598,0.007107222222221784,0.39184050000001336,0.9005285111110956,0.006474833333333344,0.05771152222222236
0.49035877777785375,0.0057836666666667555,0.008669777777776567,0.004237444444443542,0.010141788888903295,0.9012507555555911,0.004389755555555628,0.02142122222222224
0.3274402222222206,0.006370666666666599,0.008669777777776567,0.003748888888888284,0.00863914444444289,0.9012507555555911,0.005012466666666709,0.004518522222222205
0.3274402222222206,0.005661555555555253,0.007775888888889743,0.003292888888888494,0.01212778888884082,0.8097091444444371,0.00445122222222231,0.004638133333333393
0.3772654444443712,0.005065444444444407,0.007775888888889743,0.0038941111111101797,0.02114068888888849,0.6468789222222174,0.004706177777777956,0.005112344444444367
0.31318611111115996,0.005903555555556119,0.007342111111111334,0.003508555555555404,0.01886137777777069,0.6605321777777629,0.005433133333333605,0.004184811111111156
0.31425844444442597,0.005852777777777855,0.00768944444444565,0.003508555555555404,0.031242677777754583,0.04044493333331427,0.005458755555555541,0.0040984666666668
0.31425844444442597,0.005852777777777855,0.007433777777780253,0.0031820000000000923,0.2850135111111298,0.4724137888888878,0.004538033333333284,0.010243988888888876
0.3136405555555434,0.0053205555555556495,0.008265666666668874,0.0029520000000012995,0.2834103777777715,0.4713743333333393,0.0058536888888888325,0.010243988888888876
0.31587333333330514,0.0062403333333331075,0.006275777777779644,0.0029520000000012995,0.4970800444444434,0.6666975333333451,0.005153288888888922,0.010775644444444406
0.3188849999999851,0.004957888888888817,0.007427777777779612,0.0026742222222221955,0.6810654888888937,0.7346446888888636,0.005609577777777622,0.01007938888888882
0.20272077777776254,0.005625666666666973,0.007427777777779612,0.0023192222222216214,0.6810654888888937,0.7353404888888804,0.04557765555555538,0.06109262222222219
0.20491077777771555,0.006145777777777855,0.007900999999997617,0.00812299999999924,0.7081422111111806,0.7288287555555889,0.04557765555555538,0.061791577777777704
0.17047122222225478,0.005225111111111384,0.007900999999997617,0.050820444444444966,0.6986207444444656,0.7134163222222267,0.04901087777777782,0.06131736666666673
0.12777155555553085,0.0059672222222223095,0.008378222222221314,0.050510777777778536,0.6994924888889311,0.7003887111111516,0.04918134444444437,0.06230062222222227
0.23360644444447745,0.03747122222222288,0.006841555555553215,0.09565100000000056,0.6876860666666921,0.7003887111111516,0.04817752222222225,0.061496355555555465
0.2349406666666659,0.038425222222222215,0.037160444444443406,0.09505233333333271,0.4321497222222206,0.26774436666667295,0.049014844444444414,0.055813599999999915
0.2308973333333092,0.037890111111110514,0.03857355555555526,0.09603399999999991,0.43291182222223296,0.2684748777777865,0.048487377777777674,0.056824944444444504
0.22702111111114695,0.03811144444444479,0.03857355555555526,0.09603399999999991,0.22006235555552522,0.07376131111110201,0.04923751111111107,0.05545697777777785
0.224009444444467,0.03881233333333335,0.19719366666666677,0.10868188888888931,0.03489444444443911,0.004909433333346493,0.0479746222222222,0.0564342555555556
0.2247615555555361,0.03835355555555569,0.35769122222222277,0.10931111111111137,0.03489444444443911,0.004213633333329705,0.008441711111111373,0.00542102222222222
0.22327722222224922,0.03783344444444481,0.35630577777778033,0.10389588888888884,0.00532317777772404,0.005311733333295858,0.008441711111111373,0.005105688888888824
0.1138212222222137,0.03853011111111155,0.54385888888889,0.06059722222222143,0.00545251111111611,0.005476066666687984,0.0060798111111110865,0.006209766666666616
0.11463944444444174,0.039329333333333084,0.5419865555555564,0.0612502222222228,0.004580766666650663,0.00485042222221763,0.02501863333333337,0.005226511111111079
0.02965011111114614,0.006668111111110876,0.750632888888889,0.07877044444444437,0.019549600000011148,0.018608011111079275,0.02501863333333337,0.016047477777777756
0.029383666666641755,0.025738666666666653,0.7276259999999992,0.07877044444444437,0.020536266666643616,0.01866398888886857,0.041338211111111064,0.024743300000000346
0.029963666666642692,0.03790366666666738,0.7264204444444431,0.12407055555555424,0.02042885555555232,0.01793347777775504,0.040550022222222246,0.03930124444444444
0.029922333333262136,0.0996165555555556,0.7264204444444431,0.12407055555555424,0.01960865555558813,0.01838581111114637,0.05487636666666671,0.047353955555555514
0.029922333333262136,0.09891566666666703,0.5669801111111087,0.13472833333333276,0.019495555555566726,0.01774857777780249,0.06454051111111113,0.04637667777777777
0.22454733333334945,0.10220955555555536,0.4064825555555527,0.1359286666666672,0.0201519444444658,0.018714422222210994,0.07188462222222201,0.06163975555555562
0.22384166666668334,0.10220955555555536,0.4074747777777772,0.13765000000000152,0.02009960000002467,0.01836106666670882,0.08252882222222203,0.0605903555555557
0.39915377777783256,0.10235588888888872,0.22100344444444572,0.13765000000000152,0.019366699999977754,0.01729754444444451,0.08077995555555552,0.07174593333333322
0.5633555555555682,0.1007571111111108,0.22203466666666652,0.13964233333333217,0.020218466666664072,0.018358788888873632,0.10978181111111117,0.08346873333333338
0.6608355555555238,0.1007571111111108,0.014222000000002153,0.07698188888888859,0.005550977777772914,0.0046012000000119875,0.11033491111111109,0.10417304444444435
0.7900817777778382,0.08161877777777783,0.006114444444446261,0.08426622222222276,0.004564311111140443,0.004647877777788128,0.09397005555555585,0.09439281111111074
0.7895017777778373,0.06945377777777711,0.005943444444445353,0.03796800000000013,0.004606955555554275,0.005263611111129447,0.09397005555555585,0.07950976666666651
1.0592735555555919,0.0073533333333328545,0.005943444444445353,0.03796800000000013,0.005281011111088043,0.004994811111089348,0.07978256666666672,0.07201596666666651
1.0592735555555919,0.008207888888888546,0.0061917777777801405,0.014877888888889858,0.005308466666665229,0.005538077777733482,0.07261204444444462,0.07281029999999998
1.0977287777777747,0.004117999999999869,0.0061917777777801405,0.013048333333333379,0.004652077777766155,0.004572233333324979,0.06421005555555574,0.057547222222222125
1.0977287777777747,0.015673777777777786,0.006424888888886927,0.011274555555554382,0.023327444444438093,0.004955822222194053,0.068197888888889,0.05855443333333329
1.0828588888888488,0.014830777777777688,0.007212333333332785,0.012615111111110702,0.023327444444438093,0.004955822222194053,0.068197888888889,0.046294777777777976
0.9193881111110993,0.035034888888888976,0.006181111111111983,0.00996977777777867,0.13547985555552108,0.1363507444444344,0.02044836666666663,0.05134660000000005
0.7967421111110929,0.0368546666666671,0.007711888888887112,0.01069966666666744,0.13460363333330685,0.2801737777777539,0.020381200000000002,0.02025550000000001
0.6680521111111375,0.035968444444444955,0.007711888888887112,0.0034153333333332768,0.3233553888888865,0.27935969999998006,0.01958915555555538,0.020744111111111126
0.6680521111111375,0.0370449999999999,0.008152999999999288,0.004437333333334613,0.43722800000001094,0.49901421111110267,0.020380766666666415,0.02064750000000003
0.3986363333333429,0.03761300000000034,0.009293666666666115,0.005614333333334622,0.5794392222222263,0.4982210444444301,0.0200985333333333,0.020088588888888946
0.40027977777774343,0.03675844444444465,0.009066666666664485,0.004984888888889335,0.578828277777758,0.6722349111110981,0.01826636666666665,0.020360366666666716
0.16732966666667282,0.03824088888888926,0.009066666666664485,0.005493333333333794,0.855398466666644,1.0193707555555485,0.01826636666666665,0.020360366666666716
0.16732966666667282,0.027669111111110728,0.010162111111112735,0.005157222222223368,1.187195144444464,1.0182424222222153,0.004706844444444248,0.020568755555555672
0.008373666666658312,0.028554666666666312,0.008292888888888683,0.004749333333333223,1.187195144444464,1.3927695888888885,0.005855222222222172,0.02142535555555542
0.006824444444444251,0.007569888888888778,0.010037444444445025,0.005277333333332814,1.3567564333333546,1.4197523777777785,0.005284111111111144,0.005286300000000028
0.007816333333317339,0.007230222222222298,0.008746222222223803,0.004547444444444043,1.5144045111111446,1.275929344444459,0.004798177777777864,0.004852122222222421
0.007237666666595841,0.007230222222222298,0.008746222222223803,0.005580111111110379,1.3256527555555648,1.3736180888889054,0.027354655555555524,0.026868922222222334
0.007237666666595841,0.007811666666667192,0.009512666666665837,0.007866666666665701,1.21168558888889,1.1542302333333194,0.02656304444444449,0.026279288888888974
0.007213888888852833,0.007458111111110574,0.010386444444444958,0.007495222222221148,1.0696129000000005,1.1718181111110906,0.027115177777777787,0.03845748888888892
0.006703777777854865,0.007458111111110574,0.00922900000000166,0.007495222222221148,1.0956663333333394,0.9972609777777786,0.05736396666666655,0.03739137777777768
0.005821555555586303,0.007376333333333208,0.07585733333333325,0.0468021111111104,0.8190961444444536,0.7792398999999743,0.06469748888888886,0.06135955555555541
0.007101888888832441,0.014326444444445013,0.07457155555555536,0.06864122222222117,0.6043972333333412,0.9418470555555448,0.06362497777777798,0.06072258888888886
0.07501088888885635,0.013440888888889429,0.07457155555555536,0.067708555555555,0.7243181888889012,0.5673198888888717,0.06331865555555548,0.06048752222222224
0.07501088888885635,0.04652688888888908,0.07375744444444385,0.06781088888888892,0.5748743333333172,0.612075677777783,0.06325691111111098,0.06043658888888885
0.2845121111111237,0.045889222222221804,0.07344811111111148,0.06810366666666647,0.4172262555555272,0.7746494333333406,0.06325691111111098,0.0609014111111112
0.4372840000000401,0.045889222222221804,0.07344811111111148,0.06707100000000013,0.569476177777776,0.6769606888888942,0.04120700000000007,0.03839600000000017
0.4372840000000401,0.0447954444444447,0.07261166666666934,0.06399533333333333,0.5688733999999916,1.0557035555555736,0.041848355555555605,0.0389996666666666
0.6297166666666575,0.04478288888888926,0.07155122222222114,0.06355555555555586,0.8419973777777792,1.4943405555555829,0.041935988888888956,0.027502988888889014
0.8747857777777124,0.04478288888888926,0.07155122222222114,0.064061,1.1732206888888945,1.4943405555555829,0.011025744444444523,0.028170277777777895
1.1326940000000023,0.044247222222221834,0.0062815555555554665,0.02424566666666629,1.5566155666666521,1.92550441111113,0.004622588888888792,0.004202100000000172
1.1314136666667562,0.036792555555554905,0.005980888888889998,0.0028996666666674603,1.4199006777777439,2.1313725333333764,0.004622588888888792,0.004851799999999888
1.4902526666666949,0.03732533333333284,0.006656999999999395,0.0028996666666674603,1.8733247444443843,2.1313725333333764,0.0048329444444445,0.005710355555555596
1.4902526666666949,0.0049006666666665906,0.006963000000000522,0.0026461111111110037,2.087345677777775,2.4334680333333267,0.005272911111111143,0.005125722222222148
1.6769296666666884,0.004058222222222223,0.006199111111110748,0.002610333333333554,2.5533412333333434,2.4415681555555517,0.005272911111111143,0.006184811111110837
1.7778367777777426,0.004704777777778051,0.0071793333333308364,0.0029581111111111925,2.4010913111110948,2.4415681555555517,0.006665833333333396,0.007115888888888749
1.7778367777777426,0.0046311111111110555,0.006801333333331488,0.0025556666666675357,2.591185422222212,2.230185255555543,0.006678888888888877,0.006512222222222327
1.784032111111123,0.0036756666666669783,0.006796999999999622,0.0021898888888895528,2.3172488555555653,1.8931703888888731,0.005432366666666614,0.006967533333333467
1.6878509999999856,0.004455000000000098,0.006796999999999622,0.002102111111110756,2.132158588888899,1.8931703888888731,0.006541788888888962,0.006300244444444584
1.4299427777776954,0.004429888888889227,0.006371888888891262,0.0029962222222224,1.887186455555568,1.4679431888889036,0.006939611111111152,0.10095504444444443
1.5856104444443797,0.003950444444444972,0.006349000000000161,0.0025031111111104565,1.9867637444444883,1.1003486111111,0.006939611111111152,0.10814382222222207
1.1573762222222084,0.00414044444444449,0.005672888888890763,0.008887777777777236,1.414092311111151,1.101204099999955,0.08213843333333333,0.10666373333333323
1.3638662222221887,0.02026611111111107,0.007481555555554249,0.030030555555555342,1.0675691888889043,0.5949138555555338,0.08124274444444445,0.11122226666666689
1.0653781111110827,0.02026611111111107,0.010972111111110888,0.040172555555555635,0.6015736333333356,0.4252963666666258,0.08351948888888891,0.11397417777777798
0.8106537777777906,0.12823188888888856,0.010997444444446577,0.11354622222222273,0.6024734111111028,0.4252963666666258,0.0831426222222222,0.11304310000000006
0.8444152222222733,0.12774133333333282,0.010135888888890401,0.11333644444444405,0.4130065222222028,0.2577205222222258,0.08515392222222214,0.11571046666666673
0.6456313333333634,0.1293258888888889,0.010492999999999914,0.14122533333333348,0.4130065222222028,0.13927787777779108,0.08515392222222214,0.11457363333333323
0.49561000000004346,0.1285465555555558,0.010492999999999914,0.14080766666666814,0.24146569999997308,0.13998255555554806,0.0880408444444442,0.11565193333333326
0.4965637777778385,0.12888766666666623,0.010858333333332996,0.22039655555555587,0.10357016666667582,0.004931133333324548,0.08803817777777782,0.020997133333333418
0.34163922222220816,0.12956844444444393,0.10292944444444176,0.28338500000000033,0.00399287777775549,0.004717511111058078,0.08803817777777782,0.013834766666666845
0.34163922222220816,0.12970355555555577,0.2515702222222211,0.2770003333333335,0.00452516666666093,0.004890222222235884,0.012706688888889027,0.014518966666667016
0.13617755555555455,0.11291655555555578,0.2485251111111116,0.2862848888888894,0.004662333333334977,0.005536722222252087,0.01328529999999997,0.01075939999999995
0.03827577777782507,0.11390000000000022,0.4277622222222198,0.27649266666666644,0.0053599000000051295,0.0044803333333776315,0.011945933333333356,0.006483577777777812
0.03887700000005781,0.006060111111111155,0.5646958888888871,0.20334933333333383,0.004460122222237967,0.005372233333389431,0.010423311111111068,0.007545111111111188
0.0051155555555750555,0.006060111111111155,0.5646958888888871,0.20334933333333383,0.004590000000020054,0.005795255555533964,0.00863282222222238,0.005742555555555375
0.004692888888914442,0.005625666666666184,0.7540618888888907,0.17612277777777763,0.0052435000000375315,0.005027888888858141,0.009454988888888998,0.006329611111111004
0.004692888888914442,0.005625666666666184,1.1662708888888902,0.17612277777777763,0.005510644444471938,0.005073144444439651,0.006216488888888927,0.005251311111110966
0.00490844444438052,0.005546777777778308,1.1649719999999997,0.09666055555555571,0.004983433333342823,0.006102511111129793,0.004890966666666528,0.006537422222222015
0.004812000000027992,0.005490111111111813,1.2809058888888893,0.03367211111111128,0.006031366666686862,0.005435433333382713,0.006055611111110946,0.005282677777777665
0.005437000000003738,0.004632222222222519,1.2518908888888898,0.03444666666666605,0.005498033333361087,0.005606288888878277,0.005135866666666421,0.005794477777777814
0.004911555555635359,0.005681555555555286,1.2518908888888898,0.004582666666667339,0.005462799999987864,0.004959788888862073,0.005594600000000129,0.004995511111111221
0.004781666666632292,0.005232444444444361,1.2152052222222223,0.003975888888889914,0.005688811111118261,0.009377733333318854,0.005616588888888879,0.01699321111111105
0.004180444444399554,0.005768222222222619,1.2269157777777797,0.016068777777776846,0.005688811111118261,0.018333344444423954,0.020394166666666713,0.017462344444444413
0.0046737777776999995,0.005768222222222619,1.3563537777777792,0.016068777777776846,0.01907781111113612,0.01724381111113063,0.019518944444444453,0.01733127777777785
0.021931888888805894,0.020030888888889032,1.307618333333336,0.08218655555555504,0.018894277777778575,0.018190144444455807,0.039095900000000086,0.016744222222222223
0.021931888888805894,0.020030888888889032,0.8954093333333365,0.09751944444444405,0.017981477777785432,0.017440211111117303,0.03833805555555574,0.017852366666666813
0.021705333333354955,0.020110333333333428,1.055123888888886,0.0964986666666666,0.01869524444442858,0.01712223333331369,0.05806697777777791,0.017037977777777998
0.021812333333299547,0.01948622222222222,0.8464074444444426,0.21308955555555545,0.018794266666645857,0.01783768888888441,0.10220104444444454,0.017037977777777998
0.021187333333323802,0.020669777777777815,0.7303236666666635,0.23082388888888913,0.01812172222220296,0.01663863333335611,0.1026645555555557,0.026305055555555464
0.021598777777702104,0.019620444444445048,0.7303236666666635,0.26062711111111037,0.018108177777801555,0.01749994444446025,0.10230274444444426,0.04156237777777768
0.021571222222216118,0.0700770000000001,0.5858826666666662,0.26062711111111037,0.01768115555555975,0.013718311111100927,0.10134337777777767,0.04846134444444451
0.021571222222216118,0.10067944444444443,0.43703211111111134,0.25248655555555566,0.15160151111110862,0.003870799999984027,0.10173282222222212,0.04693067777777778
0.08051833333340458,0.10067944444444443,0.3084968888888903,0.25542111111111077,0.13745541111109105,0.0046813444444321955,0.10173282222222212,0.08659858888888892
0.06364622222230941,0.08603299999999969,0.16748855555555212,0.19120499999999968,0.286902499999965,0.0037350111111070167,0.08212509999999984,0.08721632222222221
0.06364622222230941,0.08685777777777778,0.16748855555555212,0.17587211111111067,0.908048222222217,0.004918288888891059,0.08212509999999984,0.08610817777777761
0.06363033333339749,0.08567622222222188,0.009798888888888593,0.1763614444444449,0.9073344555555739,0.004206900000004529,0.0631436444444443,0.08841262222222203
0.06368133333338241,0.08655522222222188,0.009798888888888593,0.060576777777778076,0.9078306555555666,0.004349844444441766,0.018340822222222185,0.10627234444444437
0.06368133333338241,0.08643944444444429,0.008570333333333718,0.04206788888888961,0.9091351111111156,0.09013141111111307,0.01864103333333319,0.09656401111111113
0.08357944444449257,0.08831699999999959,0.009697666666669295,0.012064111111110758,0.909118111111127,0.08927010000000893,0.018374700000000053,0.08130668888888891
0.27990377777779135,0.037326111111111025,0.008096666666669233,0.012064111111110758,0.9086215555555681,0.22578473333336688,0.018374700000000053,0.06313376666666654
0.558293666666638,0.006383555555555316,0.008589222222219127,0.008108333333333285,0.7765267444444501,0.5157688222222545,0.003954433333333304,0.06313376666666654
0.4988532222221491,0.006383555555555316,0.009061333333331985,0.005173777777778179,0.7799327444444342,0.9029875555555565,0.004929033333333413,0.023764244444444634
0.5866514444444167,0.0065820000000000635,0.009247888888890228,0.0037248888888888766,0.6300156888889004,0.9029875555555565,0.00413763333333344,0.02314651111111135
0.5866514444444167,0.005757222222221969,0.009247888888890228,0.004238333333333344,0.010856688888863018,0.9034313222222371,0.005161644444444545,0.024099866666666823
0.7759611111110241,0.006712222222221935,0.00830000000000079,0.0037489999999991146,0.010856688888863018,0.9045861666666611,0.004414177777777923,0.02132370000000017
0.7779571111110879,0.006723222222222584,0.00830000000000079,0.003702888888889157,0.01163594444444824,0.9050828333333433,0.004877322222222357,0.004389933333333337
0.7804421111110666,0.006851444444443979,0.007930111111111022,0.0043966666666664074,0.011582777777783174,0.8203845444444307,0.004113600000000187,0.004590977777777703
0.7618153333332884,0.004973888888888686,0.007745222222221552,0.003657111111111691,0.010891966666652783,0.8203845444444307,0.004717988888888883,0.00538856666666665
0.56486822222218,0.006141333333333579,0.008912444444446364,0.004285555555556345,0.012983066666644543,0.6850160111111198,0.005440988888888936,0.0046648222222223585
0.2908331111111693,0.005173222222222447,0.007620666666670988,0.004045666666666787,0.012930011111109254,0.3950319222222321,0.004694233333333396,0.005653644444444557
0.2931404444444626,0.00610277777777747,0.007737888888887786,0.004045666666666787,0.009524011111125219,0.008811022222257887,0.004693399999999922,0.004621511111111026
0.20436999999997676,0.005986999999999891,0.008101111111108771,0.0036155555555552614,0.011768822222229068,0.010264811111116818,0.005432366666666664,0.0054944333333332524
0.2672617777778012,0.006604777777777966,0.008101111111108771,0.0034729999999996157,0.009782100000014301,0.008637766666652169,0.005366433333333297,0.005413088888889004
0.19550033333335806,0.005649777777778001,0.007879222222224296,0.0034729999999996157,0.012229311111127574,0.013091266666669476,0.005366433333333297,0.005413088888889004
0.2834583333333285,0.005379777777777564,0.008877111111113816,0.0031286666666656203,0.00980689999998832,0.027004144444428373,0.004896155555555535,0.005288111111111136
0.28097333333334973,0.005423666666666963,0.006933555555557784,0.0028315555555546252,0.019039922222184993,0.02592086666666976,0.005525988888888951,0.004906355555555643
0.30529255555555007,0.006041333333333418,0.00710033333333134,0.0032607777777779274,0.03546234444443523,0.04373654444444558,0.004512400000000182,0.004707622222222233
0.30529255555555007,0.004873888888888524,0.0069789999999948634,0.002632333333333274,0.03337124444444347,0.041954133333301044,0.004650122222222165,0.006086122222222132
0.3060743333333246,0.005827666666666195,0.0069789999999948634,0.003093555555556312,0.4142282555555552,0.526489922222216,0.004650122222222165,0.005097299999999935
0.3083052222222654,0.004898111111111172,0.006316111111112201,0.003093555555556312,0.544743877777781,0.6887216888888728,0.004937511111111157,0.02437826666666671
0.3108799999999974,0.0051427777777782865,0.005925777777779078,0.002954222222222648,0.5424990666666771,0.7310978666666871,0.005164544444444462,0.023505344444444486
0.24798822222217295,0.005485555555555917,0.007238333333336616,0.003450111111111672,0.7080457999999795,0.7310978666666871,0.037106255555555495,0.05248772222222193
0.1319901111111095,0.005485555555555917,0.007201111111113632,0.013179444444445052,0.7055985888888662,0.7263116444444602,0.037106255555555495,0.054141211111110886
0.04123144444444431,0.0056342222222222444,0.006203222222224112,0.050269444444445026,0.706021261241255,0.7111263461751933,0.040838225824358886,0.05412148329077389
0.21592066666663515,0.004394333333333438,0.03138544444444354,0.09593788888888988,0.6972027333333574,0.7122559555555262,0.04096636666666657,0.05358954444444443
0.1894157777777663,0.028399111111111118,0.05192177777778145,0.09550866666666658,0.680780311111107,0.6950944555555592,0.04096636666666657,0.0539380333333333
0.2227327777778151,0.028399111111111118,0.05087588888889311,0.10951455555555534,0.6816959333333443,0.6950944555555592,0.04109991111111115,0.053128688888888886
0.21876166666667513,0.028809777777778343,0.05232733333333626,0.10925511111111065,0.2998340777777584,0.2113987111111063,0.042004944444444386,0.05387902222222225
0.2152528888888507,0.029985333333333607,0.05284033333333583,0.10925511111111065,0.1693184555555326,0.0473585666666736,0.04133643333333321,0.03531085555555535
0.2126781111111187,0.02889166666666654,0.19672099999999976,0.1103454444444449,0.1702412999999802,0.004463311111098594,0.040370433333333164,0.03531085555555535
0.21323666666669144,0.028901555555554934,0.3147153333333298,0.10947866666666706,0.0054221333333670275,0.005293477777791446,0.00848945555555547,0.006231222222222302
0.21145311111114198,0.02967688888888868,0.31389744444444057,0.10048533333333391,0.0054221333333670275,0.004471355555577045,0.009111122222222361,0.005498822222222187
0.2121856666667049,0.029485111111111136,0.530885999999997,0.06363277777777733,0.0051772712109281055,0.004541043033492961,0.006189525186255841,0.0053804625820079695
0.037496444444514054,0.029485111111111136,0.5057037777777775,0.01756766666666623,0.004056588888880066,0.005105144444497809,0.01811333333333318,0.005376277777777519
0.05405944444444483,0.022348888888889147,0.6251492222222181,0.020137222222222327,0.017772366666678058,0.0044509666666891065,0.01811333333333318,0.018188855555555508
0.021767666666669863,0.02332822222222259,0.6251492222222181,0.07372355555555525,0.018040837405596744,0.01668600621945868,0.017942436694802288,0.017611872501110633
0.020602222222199394,0.021963777777777693,0.6803476666666674,0.10037355555555572,0.017281211111133468,0.01585337777776077,0.017685766666666845,0.043810777777777817
0.020270444444476097,0.09612722222222203,0.6802001111111053,0.10037355555555572,0.01813184444444005,0.0167608555555666,0.02921544444444457,0.05632640000000001
0.15906244444441756,0.09746811111111085,0.5352309999999977,0.12626200000000015,0.017812777777780616,0.01668172222223853,0.02921544444444457,0.06546713333333339
0.1585038888888448,0.09704322222222257,0.41713522222222665,0.1289835555555546,0.017085211111091465,0.015851555555545675,0.04477830000000016,0.06469237777777775
0.3588263333333291,0.09626788888888882,0.4180622222222231,0.12824755555555437,0.01813646666662155,0.01663028888886705,0.0569601555555554,0.08111202222222229
0.4874332222222317,0.09655766666666685,0.20107366666666673,0.13013888888888897,0.01834882222222076,0.022867555555522917,0.05563407777777774,0.1323206222222223
0.4874332222222317,0.09655766666666685,0.20242700000000016,0.13339877777777867,0.01834882222222076,0.021723411111073197,0.06371186666666685,0.1323206222222223
0.643787333333421,0.08000722222222202,0.06238888888889152,0.13271199999999952,0.005392177777764573,0.11290522222220212,0.06371186666666685,0.12205905555555549
0.6427621111111472,0.07971488888888859,0.06238888888889152,0.06901455555555616,0.004759915517994722,0.2400895731436288,0.09852655624722112,0.12211332814584253
0.9013945555555741,0.08043488888888896,0.007099222222223035,0.04182800000000005,0.004757799999986724,0.3694368888889004,0.09839333333333349,0.09581929999999984
1.080551000000014,0.005095888888889357,0.005904555555559909,0.04237077777777801,0.00453450000000228,0.5059376333333098,0.08627101111111131,0.08299688888888891
0.9417590000000726,0.004687222222222608,0.007013888888890405,0.015236999999999059,0.0045962666666746884,0.6415056444444266,0.08705911111111103,0.07460218888888889
1.197325222222288,0.0048761111111114515,0.006535444444441257,0.01251544444444461,0.0045962666666746884,0.8943802555555433,0.07047744444444436,0.07460218888888889
1.1254447777777792,0.0048761111111114515,0.0056084444444448114,0.013707111111112152,0.0723094000000136,0.893601522222222,0.07686814444444465,0.057912277777777785
0.9961053333333136,0.0259428888888888,0.007456222222224875,0.011162555555556095,0.2779652000000081,1.3088249888888868,0.07686814444444465,0.00716353333333333
0.9971589999999602,0.026797999999999437,0.008037444444444949,0.008789777777776762,0.2779652000000081,1.3088249888888868,0.0571873111111113,0.00716353333333333
0.8252887777777385,0.02689666666666647,0.00698455555555534,0.0076234444444449115,0.41191264444442927,1.486280411111112,0.057778066666666766,0.004481677777777909
0.8263786666666421,0.027162777777777574,0.008827000000002904,0.0037286666666665903,0.5843775555555403,1.3469603111111041,0.022722766666666606,0.0186564666666667
0.568607888888841,0.0264427777777772,0.007466777777779044,0.005448333333333721,0.5843775555555403,1.261006033333331,0.022692844444444256,0.01795481111111119
0.3887537777777147,0.028290111111110783,0.008979999999995573,0.005549111111111276,0.9358659666666667,1.1245289444444526,0.023700911111110834,0.018918200000000183
0.390328222222201,0.02808999999999963,0.009791111111111504,0.0051584444444456624,1.200666188888887,0.9881053555555659,0.02291281111111111,0.018172166666666843
0.13556011111106475,0.027355555555554963,0.009058444444444074,0.0067120000000010635,1.4996774777777533,0.736506788888903,0.023915611111111033,0.019577733333333177
0.006424666666640002,0.028895555555555084,0.010726444444445508,0.005520333333333523,1.5849450333333204,0.736506788888903,0.0051664111111110345,0.01998717777777776
0.007412222222228594,0.006962111111110719,0.008878666666665444,0.0063888888888878155,1.4144656444444321,0.3152555666667101,0.020005655555555373,0.019587677777777875
0.008122777777821789,0.007333444444444442,0.009086333333332025,0.008827111111112156,1.4144656444444321,0.3158903777777735,0.018953866666666357,0.020457822222222453
0.007075888888923348,0.007471666666666642,0.009086333333332025,0.008110666666667044,1.2806670555555686,0.04826321111111535,0.019147644444444403,0.019641322222222285
0.00735722222220324,0.006518555555555534,0.009072999999994459,0.01774966666666621,1.1076444111111212,0.04826321111111535,0.03824311111111113,0.03454801111111107
0.0064955555555772865,0.007877666666667142,0.07688444444444385,0.0446277777777766,1.8572646333333422,1.519274733333374,0.05998900000000005,0.03454801111111107
0.02227222222225262,0.017784333333332982,0.07537122222222732,0.04398422222222109,2.8960380555555694,1.5183436000000372,0.05898093333333347,0.03641724444444424
0.9265037777777253,0.040714000000000465,0.07485733333333479,0.06519355555555409,2.6305722888888887,3.3872380111110942,0.06220787777777793,0.03641724444444424
0.925705666666646,0.040714000000000465,0.07485733333333479,0.06363999999999868,4.104598900000036,4.6552702111111195,0.06363161111111124,0.0385395666666668
2.04986066666667,0.04016500000000021,0.07483088888888764,0.06395111111111065,3.9505669555556,4.6552702111111195,0.06318658888888883,0.04017626666666662
2.048873111111081,0.041195000000000294,0.07600388888888827,0.06363077777777923,5.530314888888913,6.597624255555578,0.05134410000000002,0.03941511111111103
3.2968696666666806,0.04095088888888891,0.0750871111111135,0.06098133333333225,6.944381177777801,6.596989444444515,0.05134410000000002,0.041940655555555165
4.015326444444428,0.03977822222222235,0.0750871111111135,0.06098133333333225,6.943473188888903,7.888417066666686,0.05392334444444447,0.04474104444444434
4.9162597777777695,0.041078666666666985,0.07505177777778095,0.051830222222221785,8.51004033333335,7.888417066666686,0.03428093333333342,0.015659566666666767
5.7492187777777675,0.04057688888888894,0.008582222222217854,0.023954000000000204,9.032210688888895,8.382599911111079,0.01571122222222231,0.019551211111111234
6.955177111111071,0.028822888888889512,0.008582222222217854,0.023954000000000204,7.641321522222219,9.737733366666628,0.01571122222222231,0.016312577777777924
6.049371111111113,0.006668333333333326,0.00880066666666658,0.0033508888888889037,9.328993300000006,9.049532477777772,0.0159431,0.019534911111111167
7.559354777777824,0.006668333333333326,0.010519555555554741,0.0033508888888889037,9.343193955555549,7.780224233333293,0.016274822222222284,0.019156300000000005
6.4351997777778,0.00671644444444455,0.00887800000000046,0.003954333333333517,9.343193955555549,9.464943622222197,0.019256988888888937,0.016459333333333333
7.333476888888881,0.007153666666666602,0.009223888888887663,0.0037017777777776932,9.305415744444437,8.982633544444411,0.016260233333333412,0.019631299999999983
7.336628777777757,0.006171333333333627,0.009573000000001584,0.0036073333333332715,9.374062977777752,8.982633544444411,0.01971621111111118,0.01934013333333357
7.447994999999942,0.007072333333333348,0.009573000000001584,0.003956777777778106,9.374062977777752,9.459036155555534,0.018736744444444373,0.016539744444444393
6.545690444444417,0.005771888888888713,0.009048222222222397,0.0034688888888894103,9.012550199999959,9.459036155555534,0.02073437777777766,0.019473166666666618
7.022333333333337,0.006216555555555362,0.00770633333333611,0.003834777777778224,9.572077972687923,9.139471533251907,0.017023925835461175,0.018471311202398023
5.800598333333356,0.007845444444444166,0.009648333333334197,0.004449333333334317,9.579522922222239,9.316831255555561,0.020790777777777728,0.018485677777777668
7.221046555555606,0.0063382222222219614,0.009409888888885437,0.003843111111112623,9.560462533333306,9.361999055555595,0.01989172222222228,0.01819094444444458
6.619070555555583,0.007911222222221664,0.008877666666667968,0.004761000000000435,8.84077574444443,9.361999055555595,0.01713346666666676,0.01850760000000013
7.44985066666666,0.006872111111110573,0.010761000000002241,0.004328777777776812,10.1799527444444,9.48926198888891,0.01816408888888906,0.01850760000000013
6.55157355555558,0.006792888888888627,0.009242111111114405,0.004938111111111236,9.739644788888894,8.028306611111121,0.020855744444444407,0.01816271111111122
6.704919111111041,0.008172000000000266,0.009045888888888638,0.004356666666667922,8.256931266666692,9.955719655555578,0.01739976666666664,0.017779733333333186
5.875096111111109,0.007271000000000546,0.010116888888887843,0.004386666666666391,10.070872433333326,8.186879355555586,0.018451455555555694,0.017779733333333186
6.564699333333415,0.009260555555555704,0.010153666666667505,0.004386666666666391,8.865818066666673,9.934084077777811,0.01968736666666672,0.01801234444444444
5.309215333333365,0.03525711111111068,0.010153666666667505,0.004910888888888268,9.051255365284085,8.244258312020488,0.019702690981874844,0.015119948849104893
5.309215333333365,0.03362822222222188,0.009402777777779647,0.0047869999999995295,9.044215499999977,8.578945044444469,0.01859716666666664,0.018662577777777852
3.8900321111110925,0.035368555555555604,0.009982333333337264,0.005834111111110159,8.76135396666668,8.46302636666668,0.016037399999999945,0.017802511111111113
2.9820244444444044,0.033795555555555905,0.008795666666666573,0.005496111111110875,9.602107988888887,9.908615511111117,0.02083133333333323,0.016746444444444532
2.1528239999999843,0.03541633333333354,0.00913188888888625,0.00501377777777792,8.262930988888918,8.096633188888898,0.01681854444444427,0.016746444444444532
2.153828888888913,0.03501777777777764,0.00913188888888625,0.004938222222222066,8.335973099999997,10.071235722222216,0.018227533333333417,0.017430244444444597
0.7475706666667369,0.03461755555555534,0.00974611111111143,0.004938222222222066,9.40844603333333,9.427062733333287,0.02056076666666668,0.017912011111111466
0.7489062222223059,0.03461755555555534,0.009865555555551157,0.005364333333334218,9.083480311111096,9.427062733333287,0.019149422222222035,0.017912011111111466
0.06058211111111531,0.03400044444444461,0.009918555555556294,0.005998666666667103,9.083480311111096,9.60211783333327,0.018926133333333314,0.018143666666666905
0.006464222222247271,0.008091444444445194,0.009918555555556294,0.0048184444444451125,8.464763922222227,9.60211783333327,0.018926133333333314,0.019786944444444513
0.00776577777772521,0.008091444444445194,0.010595444444441507,0.004327777777777758,8.59176614444442,8.430614599999963,0.03442197777777767,0.030205633333333298
0.0075358888889240925,0.007406777777778158,0.010062999999996061,0.005153888888888977,7.206732066666639,7.326560077777736,0.035549222222222135,0.028138099999999885
0.0075358888889240925,0.008676555555555392,0.010062999999996061,0.006773555555555946,5.298426277777752,5.881740944444447,0.030755288888888854,0.026661655555555417
0.006980000000011286,0.007055777777777748,0.009816777777776528,0.007172222222223469,5.299573488888876,5.881740944444447,0.03200048888888886,0.026661655555555417
0.007111777777734259,0.0073764444444448275,0.03685133333333271,0.006342777777777858,4.089425977777757,3.907966799999991,0.027899844444444367,0.02431486666666663
0.008265444444380895,0.0076602222222222046,0.03485877777777407,0.009299222222221855,3.0169530444444237,2.625746377777786,0.026485922222222163,0.02111155555555549
0.0069298888888119515,0.0076602222222222046,0.048414000000005016,0.0084936666666664,1.5289930222222414,2.625746377777786,0.024461266666666592,0.022326199999999866
0.007239222222172733,0.0074669999999999155,0.04705522222222196,0.008420777777778376,1.529763666666693,0.7044892888889207,0.022681533333333226,0.01995698888888869
0.007239222222172733,0.007256333333333013,0.04867122222222204,0.007989333333333725,0.13227891111110543,0.7053649111111453,0.023671388888888895,0.018313711111111082
0.007389777777765024,0.008282444444443766,0.05979900000000448,0.009971333333333457,0.005276688888910839,0.011011988888880195,0.005512133333333422,0.005254600000000172
0.006354666666589361,0.0072267777777770765,0.05836533333333844,0.009294777777777579,0.005848133333339926,0.00512386666666013,0.005427599999999953,0.006085733333333263
0.007658555555483166,0.007350444444444944,0.05950888888889318,0.00709522222222208,0.005848133333339926,0.005478411111072193,0.006455022222222187,0.006030122222222324
0.007479888888863369,0.008113111111111633,0.07027499999999995,0.007602333333333415,-,-,-,-
