dockerfiles-laptop-clientapp-0-1,dockerfiles-laptop-clientapp-1-1,dockerfiles-laptop-clientapp-2-1,dockerfiles-laptop-supernode-0-1,dockerfiles-laptop-supernode-1-1,dockerfiles-laptop-supernode-2-1,dockerfiles-serverapp-1,dockerfiles-superlink-1,dockerfiles-desktop-clientapp-0-1,dockerfiles-desktop-clientapp-1-1,dockerfiles-desktop-clientapp-2-1,dockerfiles-desktop-clientapp-3-1,dockerfiles-desktop-supernode-0-1,dockerfiles-desktop-supernode-1-1,dockerfiles-desktop-supernode-2-1,dockerfiles-desktop-supernode-3-1
39288832,39280640,39288832,46178304,46190592,46198784,40701952,47255552,45916160,47988736,45928448,47972352,46436352,46440448,46456832,48562176
39292928,39284736,39292928,46182400,46194688,46202880,40701952,47255552,45920256,47988736,45936640,47972352,46436352,46440448,46456832,48562176
39297024,39284736,39297024,46198784,46194688,46202880,40706048,47259648,45920256,47988736,45936640,47976448,46436352,46440448,46456832,48562176
39297024,39292928,39297024,46198784,46206976,46215168,40796160,47259648,45924352,47988736,45936640,47976448,46436352,46440448,46456832,48562176
39305216,39292928,39301120,46198784,46206976,46215168,40796160,47263744,45924352,47992832,45940736,47976448,46440448,46448640,46456832,48562176
39305216,39292928,39301120,46198784,46206976,46215168,40796160,47407104,45924352,47992832,45940736,47976448,46440448,46448640,46460928,48566272
39305216,39292928,39301120,46198784,46211072,46215168,256307200,47407104,45924352,47992832,45940736,47976448,46444544,46448640,46460928,48566272
39305216,39297024,39305216,46202880,46211072,46215168,256307200,47460352,45928448,47992832,45940736,47980544,46444544,46448640,46460928,48566272
39305216,39297024,39305216,46202880,46211072,46219264,421982208,47468544,45928448,47996928,45944832,47980544,46444544,46448640,46460928,48566272
39305216,39297024,39305216,46202880,46211072,46223360,421982208,47468544,45928448,47996928,45944832,47980544,46444544,46448640,46460928,48902144
39305216,39297024,39305216,46211072,46211072,46223360,470872064,47480832,258490368,282210304,277954560,47980544,46919680,46874624,46796800,48902144
39309312,39297024,39305216,46211072,46215168,46223360,471371776,47845376,258490368,385355776,277954560,349458432,46919680,46874624,46903296,48967680
39309312,39297024,39305216,46215168,46215168,46223360,471371776,47845376,417763328,461398016,419598336,349458432,46919680,46874624,46903296,48967680
306925568,57544704,173506560,46620672,46641152,46624768,471371776,48041984,498982912,461398016,419598336,482054144,46919680,46874624,46903296,48967680
391622656,327499776,380211200,46620672,46641152,46624768,471371776,48046080,499548160,501088256,499081216,482054144,46919680,46874624,46903296,48967680
391622656,327499776,380211200,46620672,46641152,46624768,471371776,48046080,499548160,501088256,499630080,501108736,46919680,46874624,46903296,48967680
468647936,468668416,464781312,46620672,46641152,46624768,471371776,48046080,503918592,507043840,504012800,506933248,46919680,46874624,46903296,48967680
471363584,468717568,468623360,46620672,46641152,46624768,471371776,48046080,506015744,509140992,504012800,506933248,46919680,46874624,46903296,48967680
479043584,470171648,470925312,46620672,46641152,46624768,471371776,48050176,506015744,516722688,510140416,533987328,46919680,46874624,46903296,48967680
479043584,470171648,470925312,46620672,46641152,46624768,471371776,48050176,509075456,516722688,509169664,533991424,46919680,46874624,46903296,48967680
486883328,471334912,474824704,46620672,46641152,46624768,471371776,48050176,509538304,534122496,509169664,533991424,46919680,46874624,46903296,48967680
486883328,474447872,474824704,46620672,46641152,46624768,471371776,48050176,534024192,534122496,533676032,533991424,46919680,46874624,46903296,48967680
486883328,474447872,480722944,46620672,46641152,46624768,471371776,48050176,534024192,534122496,533676032,533991424,46919680,46874624,46903296,48967680
486883328,479772672,479150080,46620672,46641152,46624768,471371776,48050176,534024192,534122496,533676032,533991424,46919680,46874624,46903296,48967680
486883328,481824768,487526400,46620672,46641152,46624768,471371776,48050176,534024192,534122496,533676032,533991424,46919680,46874624,46903296,48967680
486883328,481824768,487526400,46620672,46641152,46624768,471371776,48050176,534024192,534122496,533676032,533991424,46919680,46874624,46903296,48967680
486883328,487927808,487526400,46620672,46641152,46624768,471371776,48050176,534028288,534122496,533676032,533991424,46919680,46874624,46903296,48967680
486883328,487927808,487526400,46620672,46641152,46624768,471371776,48050176,534028288,534122496,533676032,533991424,46919680,46874624,46903296,48967680
486883328,487927808,487526400,46620672,46641152,46624768,471375872,48050176,534028288,534122496,533676032,533991424,46919680,46874624,46903296,48967680
486883328,487927808,487526400,46620672,46641152,46624768,471375872,48050176,534028288,534122496,533676032,533991424,46919680,46874624,46903296,48967680
486883328,487927808,487526400,46620672,46641152,46624768,471375872,48050176,534028288,534122496,533676032,533991424,46919680,46874624,46903296,48967680
486883328,487927808,487526400,46620672,46641152,46624768,471375872,48050176,534028288,534122496,533676032,533991424,46919680,46874624,46903296,48967680
486883328,487927808,487526400,46620672,46641152,46624768,471375872,48050176,534028288,534122496,533676032,533991424,46919680,46874624,46903296,48967680
486883328,487927808,487526400,46620672,46641152,46624768,471375872,48050176,534028288,534122496,533676032,533991424,46919680,46874624,46903296,48967680
486883328,487927808,487526400,46620672,46641152,46624768,471375872,48050176,534028288,534122496,533676032,533991424,46919680,46874624,46903296,48967680
486883328,487927808,487526400,46620672,46641152,46624768,471375872,48050176,534028288,534122496,533676032,533991424,46919680,46874624,46903296,48967680
486883328,487927808,487526400,46620672,46641152,46624768,471375872,48050176,534028288,534122496,533676032,533991424,46919680,46874624,46903296,48967680
486883328,487931904,487526400,46620672,46641152,46624768,471375872,48054272,534028288,534122496,533676032,533991424,46919680,46874624,46903296,48967680
486883328,487931904,487526400,46620672,46641152,46624768,471375872,48054272,534028288,534122496,533676032,533991424,46919680,46874624,46903296,48967680
486883328,487931904,487526400,46620672,46641152,46624768,471375872,48054272,534028288,534122496,533676032,533991424,46919680,46874624,46903296,48967680
486883328,487931904,487526400,46620672,46641152,46624768,471375872,48054272,534028288,534122496,533676032,533991424,46919680,46874624,46903296,48967680
486883328,487931904,487526400,46620672,46641152,46624768,471375872,48054272,534028288,534122496,533676032,533991424,46919680,46874624,46903296,48967680
486883328,487931904,487526400,46620672,46641152,46624768,471375872,48054272,534028288,534122496,533676032,533991424,46919680,46874624,46903296,48967680
486883328,487931904,487526400,46620672,46641152,46624768,471375872,48054272,534028288,534122496,533676032,533991424,46919680,46874624,46903296,48967680
486883328,487931904,487526400,46620672,46641152,46624768,471375872,48054272,534028288,534122496,533676032,533991424,46919680,46874624,46903296,48967680
486883328,487931904,487526400,46620672,46641152,46624768,471375872,48054272,534028288,534122496,533676032,533991424,46919680,46874624,46903296,48967680
486883328,487931904,487526400,46620672,46641152,46624768,471375872,48054272,534028288,534122496,533676032,533991424,46919680,46874624,46903296,48967680
486883328,487931904,487526400,46620672,46641152,46624768,471375872,48054272,534028288,534122496,533676032,533991424,46919680,46874624,46903296,48967680
486883328,487931904,487526400,46620672,46641152,46624768,471375872,48054272,534028288,534122496,533676032,533991424,46919680,46874624,46903296,48967680
486883328,487931904,487526400,46620672,46641152,46624768,471375872,48054272,534028288,534122496,533676032,533991424,46919680,46874624,46903296,48967680
486883328,487931904,487526400,46620672,46641152,46624768,471375872,48054272,534028288,534122496,533676032,533991424,46919680,46874624,46903296,48967680
486883328,487931904,487526400,46620672,46641152,46624768,471375872,48054272,534028288,534122496,533676032,533991424,46919680,46874624,46903296,48967680
486883328,487931904,487526400,46620672,46641152,46624768,471375872,48054272,534028288,534122496,533676032,533991424,46919680,46874624,46903296,48967680
486883328,487931904,487526400,46620672,46641152,46624768,471375872,48054272,534028288,534122496,533676032,533991424,46919680,46874624,46903296,48967680
486883328,487931904,487526400,46620672,46641152,46624768,471375872,48054272,534028288,534122496,533676032,533991424,46919680,46874624,46903296,48967680
486883328,487931904,487526400,46620672,46641152,46624768,471375872,48054272,534028288,534122496,533676032,533991424,46919680,46874624,46903296,48967680
486883328,487931904,487526400,46620672,46641152,46624768,471375872,48054272,534028288,534122496,533676032,533991424,46919680,46874624,46903296,48967680
486883328,487931904,487526400,46620672,46641152,46624768,471375872,48054272,534028288,534122496,533676032,533991424,46919680,46874624,46903296,48967680
486883328,487931904,487526400,46620672,46641152,46624768,471375872,48054272,534028288,534122496,533676032,533991424,46919680,46874624,46903296,48967680
486883328,487931904,487526400,46620672,46641152,46624768,471375872,48054272,534028288,534122496,533676032,533991424,46919680,46874624,46903296,48967680
486883328,487931904,487526400,46620672,46641152,46624768,471375872,48054272,534028288,534122496,533676032,533991424,46919680,46874624,46903296,48967680
486883328,487931904,487526400,46620672,46641152,46624768,471375872,48054272,534028288,534122496,533676032,533991424,46919680,46874624,46903296,48967680
486883328,487931904,487526400,46620672,46641152,46624768,471375872,48058368,534028288,534122496,533676032,533991424,46919680,46874624,46903296,48967680
486883328,487931904,487526400,46620672,46641152,46624768,471375872,48058368,534028288,534122496,533676032,533991424,46919680,46874624,46903296,48967680
486883328,487931904,487530496,46620672,46641152,46624768,471375872,48058368,534028288,534122496,533676032,533991424,46919680,46874624,46903296,48967680
486883328,487931904,487530496,46620672,46641152,46624768,471375872,48058368,534028288,534122496,533676032,533991424,46919680,46874624,46903296,48967680
486883328,487931904,487530496,46620672,46641152,46624768,471375872,48058368,534028288,534122496,533676032,533991424,46919680,46874624,46903296,48967680
486883328,487931904,487530496,46620672,46641152,46624768,471379968,48058368,534028288,534122496,533676032,533991424,46919680,46874624,46903296,48967680
486883328,487931904,487530496,46620672,46641152,46624768,471379968,48058368,534028288,534122496,533676032,533991424,46919680,46874624,46903296,48967680
486883328,487931904,487530496,46620672,46641152,46624768,471379968,48058368,534028288,534122496,533676032,533991424,46919680,46874624,46903296,48967680
486883328,487931904,487530496,46620672,46641152,46624768,471379968,48058368,534028288,534122496,533676032,533991424,46919680,46874624,46903296,48967680
486883328,487931904,487530496,46620672,46641152,46624768,471379968,48058368,534028288,534122496,533676032,533991424,46919680,46874624,46903296,48967680
486883328,487931904,487530496,46620672,46641152,46624768,471379968,48058368,534028288,534122496,533676032,533991424,46919680,46874624,46903296,48967680
486883328,487931904,487530496,46620672,46641152,46624768,471379968,48058368,534028288,534122496,533676032,533991424,46919680,46874624,46903296,48967680
486883328,487931904,487530496,46620672,46641152,46624768,471379968,48058368,534028288,534122496,533676032,533991424,46919680,46874624,46903296,48967680
486883328,487931904,487530496,46620672,46641152,46624768,471379968,48058368,534028288,534122496,533676032,533991424,46919680,46874624,46903296,48967680
486883328,487931904,487530496,46620672,46641152,46624768,471379968,48058368,534028288,534122496,533676032,533991424,46919680,46874624,46903296,48967680
486883328,487931904,487530496,46620672,46641152,46624768,471379968,48058368,534028288,534122496,533676032,533991424,46919680,46874624,46903296,48967680
486883328,487931904,487530496,46620672,46641152,46624768,471379968,48058368,534028288,534122496,533676032,533991424,46919680,46874624,46903296,48967680
486883328,487931904,487530496,46620672,46641152,46624768,471379968,48058368,534028288,534122496,533676032,533991424,46919680,46874624,46903296,48967680
486883328,487931904,487530496,46620672,46641152,46624768,471379968,48058368,534028288,534122496,533676032,533991424,46919680,46874624,46903296,48967680
486883328,487931904,487530496,46620672,46641152,46624768,471379968,48058368,534028288,534122496,533676032,533991424,46919680,46874624,46903296,48967680
486883328,487931904,487530496,46620672,46641152,46624768,471379968,48062464,534028288,534122496,533676032,533991424,46919680,46874624,46903296,48967680
486883328,487931904,487530496,46620672,46641152,46624768,471379968,48062464,534028288,534122496,533676032,533991424,46919680,46874624,46903296,48967680
486883328,487931904,487530496,46620672,46641152,46624768,471379968,48062464,534028288,534122496,533676032,533991424,46919680,46874624,46903296,48967680
486883328,487931904,487530496,46620672,46641152,46624768,471379968,48062464,534028288,534122496,533676032,533991424,46919680,46874624,46903296,48967680
486883328,487931904,487530496,46620672,46641152,46624768,471379968,48062464,534028288,534122496,533676032,533991424,46919680,46874624,46903296,48967680
486883328,487931904,487530496,46620672,46641152,46624768,471379968,48062464,534028288,534122496,533676032,533991424,46919680,46874624,46903296,48967680
486883328,487931904,487530496,46620672,46641152,46624768,471379968,48062464,534028288,534122496,533676032,533991424,46919680,46874624,46903296,48967680
486883328,487931904,487530496,46620672,46641152,46624768,471379968,48062464,534028288,534122496,533676032,533991424,46919680,46874624,46903296,48967680
486883328,487931904,487530496,46620672,46641152,46624768,471379968,48062464,534028288,534122496,533676032,533991424,46919680,46874624,46903296,48967680
486883328,487931904,487530496,46620672,46641152,46624768,471379968,48062464,534028288,534122496,533676032,533991424,46919680,46874624,46903296,48967680
486883328,487931904,487530496,46620672,46641152,46624768,471379968,48062464,534028288,534122496,533676032,533991424,46919680,46874624,46903296,48967680
486883328,487931904,487530496,46620672,46641152,46624768,471379968,48062464,534028288,534122496,533676032,533991424,46919680,46874624,46903296,48967680
486883328,487931904,487530496,46620672,46641152,46624768,471379968,48062464,534028288,534122496,533676032,533991424,46919680,46874624,46903296,48967680
486883328,487931904,487530496,46620672,46641152,46624768,471379968,48062464,534028288,534122496,533676032,533991424,46919680,46874624,46903296,48967680
486883328,487931904,487530496,46620672,46641152,46624768,471379968,48062464,534028288,534122496,533676032,533991424,46919680,46874624,46903296,48967680
486883328,487931904,487530496,46620672,46641152,46624768,471379968,48062464,534028288,534122496,533676032,533991424,46919680,46874624,46903296,48967680
486883328,487931904,487530496,46620672,46641152,46624768,471379968,48062464,534028288,534122496,533676032,533991424,46919680,46874624,46903296,48967680
486883328,487931904,487530496,46620672,46641152,46624768,471379968,48062464,534028288,534122496,533676032,533991424,46919680,46874624,46903296,48967680
486883328,487931904,487530496,46620672,46641152,46624768,471379968,48062464,534028288,534122496,533676032,533991424,46919680,46874624,46903296,48967680
486883328,487931904,487530496,46620672,46641152,46624768,471379968,48062464,534028288,534122496,533676032,533991424,46919680,46874624,46903296,48967680
486883328,487931904,487530496,46620672,46641152,46624768,471379968,48066560,534028288,534122496,533676032,533991424,46919680,46874624,46903296,48967680
486883328,487931904,487530496,46620672,46641152,46624768,471379968,48066560,534028288,534122496,533676032,533991424,46919680,46874624,46903296,48967680
486883328,487931904,487530496,46620672,46641152,46624768,471379968,48066560,534028288,534122496,533676032,533991424,46919680,46874624,46903296,48967680
486883328,487931904,487530496,46620672,46641152,46624768,471379968,48066560,534028288,534122496,533676032,533991424,46919680,46874624,46903296,48967680
486883328,487931904,487530496,46620672,46641152,46624768,471379968,48066560,534028288,534122496,533676032,533991424,46919680,46874624,46903296,48967680
486883328,487931904,487530496,46620672,46641152,46624768,471379968,48066560,534028288,534122496,533676032,533991424,46919680,46874624,46903296,48967680
486883328,487931904,487530496,46620672,46641152,46624768,471379968,48066560,534028288,534122496,533676032,533991424,46919680,46874624,46903296,48967680
486883328,487931904,487530496,46620672,46641152,46624768,471379968,48066560,534028288,534122496,533676032,533991424,46919680,46874624,46903296,48967680
486883328,487931904,487530496,46620672,46641152,46624768,471379968,48066560,534028288,534122496,533676032,533991424,46919680,46874624,46903296,48967680
486883328,487931904,487530496,46620672,46641152,46624768,471379968,48066560,534028288,534122496,533676032,533991424,46919680,46874624,46903296,48967680
486883328,487931904,487530496,46620672,46641152,46624768,471379968,48066560,534028288,534122496,533676032,533991424,46919680,46874624,46903296,48967680
486883328,487931904,487530496,46620672,46641152,46624768,471379968,48066560,534028288,534122496,533676032,533991424,46919680,46874624,46903296,48967680
486883328,487931904,487530496,46620672,46641152,46624768,471379968,48066560,534028288,534122496,533676032,533991424,46919680,46874624,46903296,48967680
486883328,487931904,487530496,46620672,46641152,46624768,471379968,48066560,534028288,534122496,533676032,533991424,46919680,46874624,46903296,48967680
486883328,487931904,487530496,46620672,46641152,46624768,471379968,48066560,534028288,534122496,533676032,533991424,46919680,46874624,46903296,48967680
486883328,487931904,487530496,46620672,46641152,46624768,471379968,48066560,534028288,534122496,533676032,533991424,46919680,46874624,46903296,48967680
486883328,487931904,487530496,46620672,46641152,46624768,471379968,48066560,534028288,534122496,533676032,533991424,46919680,46874624,46903296,48967680
486883328,487931904,487530496,46620672,46641152,46624768,471379968,48066560,534028288,534122496,533676032,533991424,46919680,46874624,46903296,48967680
486883328,487931904,487530496,46620672,46641152,46624768,471379968,48066560,534028288,534122496,533676032,533991424,46919680,46874624,46903296,48967680
486883328,487931904,487530496,46620672,46641152,46624768,471379968,48066560,534028288,534122496,533676032,533991424,46919680,46874624,46903296,48967680
486883328,487931904,487530496,46620672,46641152,46624768,471379968,48066560,534028288,534122496,533676032,533991424,46919680,46874624,46903296,48967680
486883328,487931904,487530496,46620672,46641152,46624768,471379968,48070656,534028288,534122496,533676032,533991424,46919680,46874624,46903296,48967680
486883328,487931904,487530496,46620672,46641152,46624768,471379968,48070656,534028288,534122496,533676032,533991424,46919680,46874624,46903296,48967680
486883328,487931904,487530496,46620672,46641152,46624768,471379968,48070656,534028288,534122496,533676032,533991424,46919680,46874624,46903296,48967680
486883328,487931904,487530496,46620672,46641152,46624768,471388160,48070656,534028288,534122496,533676032,533991424,46919680,46874624,46903296,48967680
486883328,487931904,487530496,46620672,46641152,46624768,471388160,48070656,534028288,534122496,533676032,533991424,46919680,46874624,46903296,48967680
486883328,487931904,487530496,46620672,46641152,46624768,471388160,48070656,534028288,534122496,533676032,533991424,46919680,46874624,46903296,48967680
486883328,487931904,487530496,46620672,46641152,46624768,471388160,48070656,534028288,534122496,533676032,533991424,46919680,46874624,46903296,48967680
486883328,487931904,487530496,46620672,46641152,46624768,471388160,48070656,534028288,534122496,533676032,533991424,46919680,46874624,46903296,48967680
486883328,487931904,487530496,46620672,46641152,46624768,471388160,48070656,534028288,534122496,533676032,533991424,46919680,46874624,46903296,48967680
486883328,487931904,487530496,46620672,46641152,46624768,471388160,48070656,534028288,534122496,533676032,533991424,46919680,46874624,46903296,48967680
486883328,487931904,487530496,46620672,46641152,46624768,471388160,48070656,534028288,534122496,533676032,533991424,46919680,46874624,46903296,48967680
486883328,487931904,487530496,46620672,46641152,46624768,471388160,48070656,534028288,534122496,533676032,533991424,46919680,46874624,46903296,48967680
486883328,487931904,487530496,46620672,46641152,46624768,471388160,48070656,534028288,534122496,533676032,533991424,46919680,46874624,46903296,48967680
486883328,487931904,487530496,46620672,46641152,46624768,471388160,48070656,534028288,534122496,533676032,533991424,46919680,46874624,46903296,48967680
486883328,487931904,487530496,46620672,46641152,46624768,471388160,48070656,534028288,534122496,533676032,533991424,46919680,46874624,46903296,48967680
486883328,487931904,487530496,46620672,46641152,46624768,471388160,48070656,534028288,534122496,533676032,533991424,46919680,46874624,46903296,48967680
486883328,487931904,487530496,46620672,46641152,46624768,471388160,48070656,534028288,534122496,533676032,533991424,46919680,46874624,46903296,48967680
486883328,487931904,487530496,46620672,46641152,46624768,471388160,48070656,534028288,534122496,533676032,533991424,46919680,46874624,46903296,48967680
486883328,487931904,487530496,46620672,46641152,46624768,471388160,48070656,534028288,534122496,533676032,533991424,46919680,46874624,46903296,48967680
487718912,487931904,487530496,47009792,46641152,46624768,471388160,48070656,534028288,534122496,533676032,533991424,46919680,46874624,46903296,48967680
487718912,487931904,487530496,47009792,46641152,46624768,471805952,48128000,534028288,534122496,533676032,533991424,46919680,46874624,46903296,48967680
487718912,487931904,487530496,47009792,46641152,46624768,471912448,48128000,534028288,534122496,533676032,533991424,46919680,46874624,46903296,48967680
487718912,487931904,487530496,47009792,46641152,46624768,471912448,48128000,534028288,534122496,533676032,533991424,46919680,46874624,46903296,48967680
487718912,487931904,487530496,47017984,46641152,46624768,471912448,48128000,534028288,534122496,533676032,533991424,46919680,46874624,46903296,48967680
487718912,487931904,487530496,47017984,46641152,46624768,471912448,48128000,534028288,534122496,533676032,533991424,46919680,46874624,46903296,48967680
487718912,487931904,487530496,47017984,46641152,46624768,471912448,48128000,534028288,534122496,533676032,533991424,46919680,46874624,46903296,48967680
487718912,487931904,487530496,47017984,46641152,46624768,471912448,48128000,534028288,534122496,533676032,533991424,46919680,46874624,46903296,48967680
487718912,487931904,487530496,47026176,46641152,46624768,471912448,48128000,534028288,534122496,533676032,533991424,46919680,46874624,46903296,48967680
487718912,487931904,487530496,47026176,46641152,46624768,471912448,48128000,534028288,534122496,533676032,533991424,46919680,46874624,46903296,48967680
487718912,487931904,487530496,47026176,46641152,46624768,471912448,48128000,534028288,534122496,533676032,533991424,46919680,46874624,46903296,48967680
487718912,487931904,487530496,47026176,46641152,46624768,471912448,48128000,534028288,534122496,533676032,533991424,46919680,46874624,46903296,48967680
487718912,487931904,487530496,47026176,46641152,46624768,471912448,48132096,534028288,534126592,533676032,533991424,46919680,46874624,46903296,48967680
487718912,487931904,487530496,47026176,46641152,46624768,471912448,48132096,534028288,534126592,533676032,533991424,46919680,46874624,46903296,48967680
487718912,487931904,487530496,47026176,46641152,46624768,471912448,48132096,534032384,534126592,533676032,533991424,46919680,46874624,46903296,48967680
487718912,487931904,487530496,47026176,46641152,46624768,471912448,48132096,534032384,534126592,533676032,533991424,46919680,46874624,46903296,48967680
487718912,487931904,487530496,47026176,46641152,46624768,471912448,48132096,534032384,534126592,533676032,533991424,46919680,46874624,46903296,48967680
487718912,487931904,487530496,47026176,46641152,46624768,471912448,48132096,534032384,534126592,533676032,533991424,46919680,46874624,46903296,48967680
487718912,487931904,487530496,47026176,46641152,46624768,471916544,48136192,534032384,534126592,533676032,533991424,46919680,46874624,46903296,48967680
487718912,487931904,487530496,47026176,46641152,46624768,471916544,48136192,534032384,534126592,533676032,533991424,46919680,46874624,46903296,48967680
487718912,487931904,487530496,47026176,46641152,46624768,471916544,48136192,534032384,534126592,533676032,533991424,46919680,46874624,46903296,48967680
487718912,487931904,487530496,47026176,46641152,46624768,471916544,48136192,534032384,534126592,533676032,533991424,46919680,46874624,46903296,48967680
487718912,487931904,487530496,47026176,46641152,46624768,471916544,48136192,534032384,534126592,533676032,533991424,46919680,46874624,46903296,48967680
487718912,487931904,487530496,47026176,46641152,46624768,471916544,48136192,534032384,534126592,533676032,533991424,46919680,46874624,46903296,48967680
487718912,487931904,487530496,47026176,46641152,46624768,471916544,48140288,534032384,534126592,533676032,533991424,46919680,46874624,46903296,48967680
487718912,487931904,487530496,47026176,46641152,46624768,471916544,48140288,534032384,534126592,533676032,533991424,46919680,46874624,46903296,48967680
487718912,487931904,487530496,47026176,46641152,46624768,471916544,48140288,534032384,534126592,533676032,533991424,46919680,46874624,46903296,48967680
487718912,487931904,487530496,47034368,46641152,46624768,471916544,48140288,534032384,534126592,533676032,533991424,46919680,46874624,46903296,48967680
487718912,487931904,487530496,47034368,46641152,46624768,471916544,48140288,534032384,534126592,533676032,533991424,46919680,46874624,46903296,48967680
487718912,487931904,487530496,47034368,46641152,46624768,471916544,48144384,534032384,534126592,533676032,533991424,46919680,46874624,46903296,48967680
487718912,487931904,487530496,47034368,46641152,46624768,471916544,48144384,534032384,534126592,533676032,533991424,46919680,46874624,46903296,48967680
487718912,487931904,487530496,47034368,46641152,46624768,471916544,48144384,534032384,534126592,533676032,533991424,46919680,46874624,46903296,48967680
487718912,487931904,487530496,47034368,46641152,46624768,471916544,48144384,534032384,534126592,533676032,533991424,46919680,46874624,46903296,48967680
487718912,487931904,487530496,47034368,46641152,46624768,471916544,48144384,534032384,534126592,533676032,533991424,46919680,46874624,46903296,48967680
487718912,487931904,487530496,47050752,46641152,46624768,471916544,48144384,534032384,534126592,533676032,533991424,46919680,46874624,46903296,48967680
487718912,487931904,487530496,47050752,46641152,46624768,471916544,48144384,534032384,534126592,533676032,533991424,46919680,46874624,46903296,48967680
487718912,487931904,487530496,47050752,46641152,46624768,471916544,48144384,534032384,534126592,533676032,533991424,46919680,46874624,46903296,48967680
487718912,487931904,487530496,47050752,46641152,46624768,471916544,48144384,534032384,534126592,533676032,533991424,46919680,46874624,46903296,48967680
487718912,487931904,487530496,47050752,46641152,46624768,471916544,48144384,534032384,534126592,533676032,533991424,46919680,46874624,46903296,48967680
487718912,487931904,487530496,47050752,46641152,46624768,471916544,48144384,534032384,534126592,533676032,533991424,46919680,46874624,46903296,48967680
487718912,487931904,487530496,47050752,46641152,46624768,471916544,48144384,534032384,534126592,533676032,533991424,46919680,46874624,46903296,48967680
487718912,487931904,487530496,47050752,46641152,46624768,471916544,48144384,534032384,534126592,533676032,533991424,46919680,46874624,46903296,48967680
487718912,487931904,487530496,47050752,46641152,46624768,471916544,48148480,534032384,534126592,533676032,533991424,46919680,46874624,46903296,48967680
487718912,487931904,487530496,47050752,46641152,46624768,471924736,48148480,534032384,534126592,533676032,533991424,46919680,46874624,46903296,48967680
487718912,487931904,487530496,47050752,46641152,46624768,471924736,48148480,534032384,534126592,533676032,533991424,46919680,46874624,46903296,48967680
487718912,487931904,487530496,47050752,46641152,46624768,471924736,48148480,534032384,534126592,533676032,533991424,46919680,46874624,46903296,48967680
487718912,487931904,487530496,47050752,46641152,46624768,471924736,48148480,534032384,534126592,533676032,533991424,46919680,46874624,46903296,48967680
487718912,487931904,487530496,47050752,46641152,46624768,471924736,48148480,534032384,534126592,533676032,533991424,46919680,46874624,46903296,48967680
487718912,487931904,487530496,47050752,46641152,46624768,471924736,48148480,534032384,534126592,533676032,533991424,46919680,46874624,46903296,48967680
487718912,487931904,487530496,47050752,46641152,46624768,471924736,48148480,534032384,534126592,533676032,533991424,46919680,46874624,46903296,48967680
487718912,487931904,487530496,47050752,46641152,46624768,471924736,48152576,534032384,534126592,533676032,533991424,46919680,46874624,46903296,48967680
487718912,487931904,487530496,47050752,46641152,46624768,471924736,48152576,534032384,534126592,533676032,533991424,46919680,46874624,46903296,48967680
487718912,487931904,487530496,47050752,46641152,46624768,471924736,48152576,534032384,534126592,533676032,533991424,46919680,46874624,46903296,48967680
487718912,487931904,487530496,47050752,46641152,46624768,471924736,48152576,534032384,534126592,533676032,533991424,46919680,46874624,46903296,48967680
487718912,487931904,487530496,47050752,46641152,46624768,471924736,48152576,534032384,534126592,533676032,533991424,46919680,46874624,46903296,48967680
487718912,487931904,487530496,47050752,46641152,46624768,471924736,48152576,534032384,534126592,533676032,533991424,46919680,46874624,46903296,48967680
487718912,487931904,487530496,47050752,46641152,46624768,471924736,48152576,534032384,534126592,533676032,533991424,46919680,46874624,46903296,48967680
487718912,487931904,487530496,47050752,46641152,46624768,471924736,48152576,534032384,534126592,533676032,533991424,46919680,46874624,46903296,48967680
487718912,487931904,487530496,47050752,46641152,46624768,471924736,48152576,534032384,534126592,533676032,533991424,46919680,46874624,46903296,48967680
487718912,487931904,487530496,47050752,46641152,46624768,471924736,48152576,534032384,534126592,533680128,533991424,46919680,46874624,46903296,48967680
487718912,487931904,487530496,47050752,46641152,46624768,471924736,48152576,534032384,534126592,533680128,533991424,46919680,46874624,46903296,48967680
487718912,487931904,487530496,47050752,46641152,46624768,471924736,48152576,534032384,534126592,533680128,533991424,46919680,46874624,46903296,48967680
487718912,487931904,487530496,47050752,46641152,46624768,471924736,48152576,534032384,534126592,533680128,533991424,46919680,46874624,46903296,48967680
487718912,487931904,487530496,47050752,46641152,46624768,471924736,48152576,534032384,534126592,533680128,533991424,46919680,46874624,46903296,48967680
487718912,487931904,487530496,47050752,46641152,46624768,471924736,48152576,534032384,534126592,533680128,533991424,46919680,46874624,46903296,48967680
487718912,487931904,487530496,47050752,46641152,46624768,471924736,48152576,534032384,534126592,533680128,533991424,46919680,46874624,46903296,48967680
487718912,487931904,487530496,47050752,46641152,46624768,471924736,48152576,534032384,534126592,533680128,533991424,46919680,46874624,46903296,48967680
487718912,487931904,487530496,47050752,46641152,46624768,471924736,48152576,534032384,534126592,533680128,533991424,46919680,46874624,46903296,48967680
487718912,487931904,487530496,47050752,46641152,46624768,471924736,48156672,534032384,534126592,533680128,533991424,46919680,46874624,46903296,48967680
487718912,487931904,487530496,47050752,46641152,46624768,471924736,48156672,534032384,534126592,533680128,533991424,46919680,46874624,46903296,48967680
487718912,487931904,487530496,47050752,46641152,46624768,471924736,48160768,534032384,534126592,533680128,533991424,46919680,46874624,46903296,48967680
487718912,487931904,487530496,47050752,46641152,46624768,471924736,48160768,534032384,534126592,533680128,533991424,46919680,46874624,46903296,48967680
487718912,487931904,487530496,47050752,46641152,46624768,471924736,48160768,534032384,534126592,533680128,533991424,46919680,46874624,46903296,48967680
487718912,487931904,487530496,47050752,46641152,46624768,471924736,48160768,534032384,534126592,533680128,533991424,46919680,46874624,46903296,48967680
487718912,487931904,487530496,47050752,46641152,46624768,471924736,48160768,534032384,534126592,533680128,533991424,46919680,46874624,46903296,48967680
487718912,487931904,487530496,47050752,46641152,46624768,471924736,48160768,534032384,534126592,533680128,533991424,46919680,46874624,46903296,48967680
487718912,487931904,487530496,47050752,46641152,46624768,471924736,48160768,534032384,534126592,533680128,533991424,46919680,46874624,46903296,48967680
487718912,487931904,487530496,47050752,46641152,46624768,471924736,48160768,534032384,534126592,533680128,533991424,46919680,46874624,46903296,48967680
487718912,487931904,487530496,47050752,46641152,46624768,471924736,48160768,534032384,534126592,533680128,533991424,46919680,46874624,46903296,48967680
487718912,487931904,487530496,47050752,46641152,46624768,471924736,48160768,534032384,534126592,533680128,533991424,46919680,46874624,46903296,48967680
487718912,487931904,487530496,47050752,46641152,46624768,471924736,48160768,534032384,534126592,533680128,533991424,46919680,46874624,46903296,48967680
487723008,487931904,487530496,47050752,46641152,46624768,471924736,48160768,534032384,534126592,533680128,533991424,46919680,46874624,46903296,48967680
487723008,487931904,487530496,47050752,46641152,46624768,471924736,48160768,534032384,534126592,533680128,533991424,46919680,46874624,46903296,48967680
487723008,487931904,487530496,47050752,46641152,46624768,471924736,48160768,534032384,534126592,533680128,533991424,46919680,46874624,46903296,48967680
487723008,487931904,487530496,47050752,46641152,46624768,471924736,48160768,534032384,534126592,533680128,533991424,46919680,46874624,46903296,48967680
487723008,487931904,487530496,47050752,46641152,46624768,471924736,48160768,534032384,534126592,533680128,533991424,46919680,46874624,46903296,48967680
487723008,487931904,487530496,47050752,46641152,46624768,471924736,48160768,534032384,534126592,533680128,533991424,46919680,46874624,46903296,48967680
487723008,487931904,487530496,47050752,46641152,46624768,471924736,48160768,534032384,534126592,533680128,533991424,46919680,46874624,46903296,48967680
487723008,487931904,487530496,47054848,46641152,46624768,471924736,48160768,534032384,534126592,533680128,533991424,46919680,46874624,46903296,48967680
487723008,487931904,487530496,47054848,46641152,46624768,471924736,48160768,534032384,534126592,533680128,533991424,46919680,46874624,46903296,48967680
487723008,487931904,487530496,47054848,46641152,46624768,471924736,48160768,534032384,534126592,533680128,533991424,46919680,46874624,46903296,48967680
487723008,487931904,487530496,47054848,46641152,46624768,471924736,48164864,534032384,534126592,533680128,533991424,46919680,46874624,46903296,48967680
487723008,487931904,487530496,47054848,46641152,46624768,471924736,48168960,534032384,534126592,533680128,533991424,46919680,46874624,46903296,48967680
487723008,487931904,487530496,47054848,46641152,46624768,471924736,48168960,534032384,534126592,533680128,533991424,46919680,46874624,46903296,48967680
487723008,487931904,487530496,47054848,46641152,46624768,471924736,48168960,534032384,534126592,533680128,533991424,46919680,46874624,46903296,48967680
487723008,487931904,487530496,47054848,46641152,46624768,471924736,48168960,534032384,534126592,533680128,533991424,46919680,46874624,46903296,48967680
487723008,487931904,487530496,47054848,46641152,46624768,471924736,48168960,534032384,534126592,533680128,533991424,46919680,46874624,46903296,48967680
487723008,487931904,487530496,47054848,46641152,46628864,471924736,48168960,534032384,534126592,533680128,533991424,46919680,46874624,46903296,48967680
487723008,487931904,487530496,47054848,46641152,46628864,471924736,48168960,534032384,534126592,533680128,533991424,46919680,46874624,46903296,48967680
487727104,487931904,487530496,47054848,46641152,46628864,471924736,48168960,534032384,534126592,533680128,533991424,46919680,46874624,46903296,48967680
487727104,487931904,487530496,47054848,46641152,46628864,471924736,48168960,534032384,534126592,533680128,533991424,46919680,46874624,46903296,48967680
487727104,487931904,487530496,47054848,46641152,46628864,471924736,48168960,534032384,534126592,533680128,533991424,46923776,46874624,46903296,48967680
487727104,487931904,487530496,47054848,46641152,46628864,471924736,48168960,534032384,534126592,533680128,533991424,46923776,46874624,46903296,48967680
487727104,487931904,487530496,47054848,46641152,46628864,471924736,48168960,534032384,534126592,533680128,533991424,46923776,46874624,46903296,48967680
487727104,487931904,487530496,47054848,46641152,46628864,471924736,48168960,534032384,534126592,533680128,533991424,46923776,46874624,46903296,48967680
487727104,487931904,487530496,47054848,46641152,46628864,471924736,48168960,534032384,534126592,533680128,533991424,46923776,46874624,46903296,48967680
487727104,487931904,487530496,47054848,46645248,46628864,471924736,48168960,534032384,534126592,533680128,533991424,46923776,46874624,46903296,48967680
487727104,487931904,487530496,47054848,46645248,46628864,471924736,48168960,534032384,534126592,533680128,533991424,46923776,46874624,46903296,48967680
487727104,487931904,487530496,47054848,46645248,46628864,471924736,48168960,534032384,534126592,533680128,533991424,46923776,46874624,46903296,48967680
487727104,487931904,487530496,47054848,46645248,46628864,471924736,48168960,534032384,534126592,533680128,533991424,46923776,46874624,46903296,48971776
487727104,487931904,487530496,47054848,46645248,46628864,471924736,48173056,534032384,534126592,533680128,533991424,46923776,46874624,46903296,48971776
487727104,488923136,487530496,47054848,46645248,46628864,471924736,48173056,534032384,534126592,533680128,533991424,46923776,46874624,46903296,48971776
487727104,488923136,488673280,47054848,47046656,47030272,471924736,48422912,534032384,534126592,533680128,533991424,46923776,46874624,46903296,48971776
487727104,488923136,488677376,47054848,47046656,47030272,472944640,48263168,534032384,534126592,533680128,533991424,46923776,46874624,46903296,48971776
487727104,488923136,488677376,47054848,47054848,47030272,472944640,48263168,534032384,534126592,533680128,533991424,46923776,46874624,46903296,48971776
487727104,488923136,488677376,47054848,47071232,47030272,472944640,48263168,534032384,534126592,533680128,533991424,46923776,46874624,46903296,48971776
487727104,488923136,488677376,47054848,47071232,47030272,472944640,48263168,534032384,534126592,533680128,533991424,46923776,46874624,46903296,48971776
487727104,488923136,488677376,47054848,47054848,47030272,472944640,48263168,534032384,534126592,533680128,533991424,46923776,46874624,46903296,48971776
487727104,488923136,488677376,47054848,47054848,47034368,472944640,48263168,534032384,534126592,533680128,533991424,46923776,46874624,46903296,48971776
487727104,488923136,488677376,47054848,47058944,47042560,472944640,48263168,534032384,534126592,533680128,533991424,46923776,46874624,46903296,48971776
487727104,488923136,488677376,47054848,47058944,47042560,472944640,48263168,534032384,534126592,533680128,533991424,46923776,46874624,46903296,48971776
487727104,488923136,488677376,47054848,47058944,47046656,472944640,48263168,534032384,534126592,533680128,533991424,46923776,46874624,46903296,48971776
487727104,488923136,488677376,47054848,47058944,47046656,472944640,48263168,534032384,534126592,533680128,533991424,46923776,46874624,46903296,48971776
487727104,488923136,488677376,47054848,47058944,47046656,472944640,48234496,534032384,534126592,533680128,533991424,46923776,46874624,46903296,48971776
487727104,488923136,488677376,47054848,47058944,47046656,472944640,48234496,534032384,534126592,533680128,533991424,46923776,46874624,46903296,48971776
487727104,488923136,488677376,47054848,47058944,47046656,472944640,48234496,534032384,534126592,533680128,533991424,46923776,46874624,46903296,48971776
487727104,488923136,488677376,47054848,47058944,47050752,472944640,48238592,534032384,534126592,533680128,533991424,46923776,46874624,46907392,48971776
487727104,488923136,488677376,47054848,47058944,47050752,472944640,48238592,534032384,534126592,533680128,533991424,46923776,46874624,46907392,48971776
487727104,488923136,488677376,47054848,47058944,47067136,472944640,48238592,534032384,534126592,533680128,533991424,46923776,46874624,46907392,48971776
487727104,488923136,488677376,47054848,47058944,47050752,472944640,48238592,534032384,534126592,533680128,533991424,46923776,46874624,46907392,48971776
487727104,488923136,488677376,47054848,47058944,47050752,472944640,48238592,534032384,534126592,533680128,533991424,46923776,46874624,46907392,48971776
487727104,488923136,488677376,47054848,47058944,47050752,472944640,48238592,534032384,534126592,533680128,533991424,46923776,46874624,46907392,48971776
487727104,488923136,488677376,47054848,47058944,47050752,472944640,48238592,534032384,534126592,533680128,533991424,46923776,46874624,46907392,48971776
487727104,488923136,488677376,47054848,47058944,47050752,472944640,48242688,534032384,534126592,533680128,533991424,46923776,46874624,46907392,48971776
487727104,488923136,488677376,47054848,47075328,47050752,472944640,48242688,534032384,534126592,533680128,533991424,46923776,46874624,46907392,48971776
487727104,488923136,488677376,47054848,47075328,47050752,472944640,48242688,534032384,534126592,533680128,533991424,46923776,46874624,46907392,48971776
487727104,488923136,488677376,47054848,47075328,47050752,472944640,48246784,534032384,534126592,533680128,533991424,46923776,46874624,46907392,48971776
487727104,488923136,488677376,47054848,47075328,47050752,472944640,48246784,534032384,534126592,533680128,533991424,46923776,46874624,46907392,48971776
487727104,488923136,488677376,47054848,47075328,47050752,472944640,48246784,534032384,534126592,533680128,533991424,46923776,46874624,46907392,48971776
487727104,488923136,488677376,47058944,47075328,47050752,472944640,48246784,534032384,534126592,533680128,533991424,46923776,46874624,46907392,48971776
487727104,488923136,488677376,47058944,47075328,47050752,472944640,48246784,534032384,534126592,533680128,533991424,46923776,46878720,46907392,48971776
487727104,488923136,488677376,47058944,47075328,47054848,472944640,48246784,534032384,534126592,533680128,533991424,46923776,46878720,46907392,48971776
487727104,488923136,488677376,47058944,47075328,47054848,472944640,48246784,534032384,534126592,533680128,533991424,46923776,46878720,46907392,48971776
487727104,488923136,488677376,47058944,47075328,47054848,472944640,48246784,534032384,534126592,533680128,533991424,46923776,46878720,46907392,48971776
487727104,488923136,488677376,47058944,47075328,47054848,472944640,48246784,534032384,534126592,533680128,533991424,46923776,46878720,46907392,48971776
487727104,488923136,488677376,47058944,47075328,47071232,472944640,48246784,534032384,534126592,533680128,533991424,46923776,46878720,46907392,48971776
487727104,488923136,488677376,47058944,47075328,47071232,472944640,48246784,534032384,534126592,533680128,533991424,46923776,46878720,46907392,48971776
487727104,488923136,488677376,47058944,47075328,47071232,472944640,48246784,534032384,534126592,533680128,533991424,46923776,46878720,46907392,48971776
487727104,488923136,488677376,47063040,47075328,47071232,472944640,48246784,534032384,534126592,533680128,533991424,46923776,46878720,46907392,48971776
487727104,488923136,488677376,47067136,47075328,47071232,472944640,48246784,534032384,534126592,533680128,533991424,46923776,46878720,46907392,48971776
487727104,488923136,488677376,47067136,47075328,47071232,472944640,48246784,534032384,534126592,533680128,533991424,46923776,46878720,46907392,48971776
487727104,488923136,488677376,47067136,47075328,47071232,472944640,48246784,534032384,534126592,533680128,533991424,46923776,46878720,46907392,48971776
487727104,488923136,488677376,47067136,47075328,47071232,472944640,48250880,534032384,534126592,533680128,533991424,46923776,46878720,46907392,48971776
487727104,488923136,488677376,47067136,47075328,47071232,472944640,48250880,534032384,534126592,533680128,533991424,46923776,46878720,46907392,48971776
487727104,488923136,488677376,47067136,47075328,47071232,472944640,48250880,534032384,534126592,533680128,533991424,46923776,46878720,46907392,48971776
487727104,488923136,488677376,47067136,47075328,47071232,472944640,48254976,534032384,534126592,533680128,533991424,46923776,46878720,46907392,48971776
487727104,488923136,488677376,47067136,47075328,47071232,472944640,48254976,534032384,534126592,533680128,533991424,46923776,46878720,46907392,48971776
487727104,488923136,488677376,47067136,47075328,47071232,472944640,48254976,534032384,534126592,533680128,533991424,46923776,46878720,46907392,48971776
487727104,488923136,488677376,47067136,47075328,47071232,472944640,48254976,534032384,534126592,533680128,533991424,46923776,46878720,46907392,48971776
487727104,488923136,488677376,47067136,47075328,47071232,472944640,48254976,534032384,534126592,533680128,533991424,46923776,46878720,46907392,48971776
487727104,488923136,488681472,47067136,47079424,47071232,472944640,48254976,534032384,534126592,533680128,533991424,46923776,46878720,46907392,48971776
487727104,488923136,488681472,47067136,47079424,47071232,472944640,48254976,534032384,534126592,533680128,533991424,46923776,46878720,46907392,48971776
487727104,488923136,488681472,47067136,47079424,47071232,472944640,48254976,534032384,534126592,533680128,533991424,46923776,46878720,46907392,48971776
487727104,488923136,488681472,47067136,47079424,47071232,472944640,48254976,534032384,534126592,533680128,533991424,46923776,46878720,46907392,48971776
487727104,488927232,488681472,47067136,47079424,47071232,472944640,48259072,534032384,534126592,533680128,533991424,46923776,46878720,46907392,48971776
487727104,488927232,488681472,47067136,47079424,47071232,472944640,48259072,534032384,534126592,533680128,533991424,46923776,46878720,46907392,48971776
487727104,488927232,488681472,47067136,47079424,47075328,472944640,48263168,534032384,534126592,533680128,533991424,46923776,46878720,46907392,48971776
487727104,488927232,488681472,47050752,47079424,47075328,472944640,48263168,534032384,534126592,533680128,533991424,46923776,46878720,46907392,48971776
487727104,488927232,488681472,47050752,47079424,47075328,472944640,48263168,534032384,534126592,533680128,533991424,46923776,46878720,46907392,48971776
487727104,488927232,488681472,47050752,47079424,47075328,472944640,48263168,534032384,534126592,533680128,534990848,46923776,46878720,46907392,49369088
487727104,488927232,488681472,47067136,47079424,47075328,472944640,48263168,534032384,534126592,533680128,534990848,46923776,46878720,46907392,49369088
487727104,488927232,488681472,47067136,47079424,47075328,473260032,48336896,534032384,534126592,533680128,534990848,46923776,46878720,46907392,49377280
487727104,488927232,488681472,47067136,47079424,47075328,473260032,48336896,534032384,534126592,533680128,534990848,46923776,46878720,46907392,49385472
487727104,488927232,488681472,47067136,47079424,47075328,473260032,48336896,534032384,534126592,533680128,534990848,46923776,46878720,46907392,49385472
487727104,488927232,488681472,47067136,47079424,47075328,473260032,48340992,534032384,534126592,533680128,534990848,46923776,46878720,46907392,49393664
487727104,488927232,488681472,47067136,47079424,47075328,473260032,48340992,534032384,534126592,533680128,534990848,46923776,46878720,46907392,49401856
487727104,488927232,488681472,47067136,47079424,47075328,473260032,48340992,534032384,534126592,533680128,534990848,46923776,46878720,46907392,49401856
487727104,488927232,488681472,47067136,47079424,47075328,473260032,48340992,534032384,534126592,533680128,534990848,46923776,46878720,46907392,49401856
487727104,488927232,488681472,47067136,47079424,47075328,473260032,48340992,534032384,534126592,533680128,534990848,46923776,46878720,46907392,49401856
487727104,488927232,488681472,47067136,47079424,47075328,473260032,48345088,534032384,534126592,533680128,534990848,46923776,46878720,46907392,49401856
487727104,488927232,488681472,47067136,47079424,47075328,473260032,48345088,534032384,534126592,533680128,534990848,46923776,46878720,46907392,49401856
487727104,488931328,488681472,47067136,47079424,47075328,473260032,48345088,534032384,534126592,533680128,534990848,46923776,46878720,46907392,49410048
487727104,488931328,488681472,47067136,47079424,47075328,473260032,48345088,534032384,534126592,533680128,534990848,46923776,46878720,46907392,49426432
487727104,488931328,488681472,47067136,47079424,47075328,473260032,48345088,534032384,534126592,533680128,534990848,46923776,46878720,46907392,49426432
487727104,488931328,488681472,47067136,47079424,47075328,473260032,48345088,534032384,534126592,533680128,534990848,46923776,46878720,46907392,49430528
487727104,488931328,488681472,47067136,47079424,47075328,473260032,48345088,534032384,534126592,533680128,534990848,46923776,46878720,46907392,49430528
487727104,488931328,488681472,47067136,47079424,47075328,473260032,48345088,534032384,534126592,533680128,534990848,46923776,46878720,46907392,49430528
487727104,488931328,488681472,47067136,47079424,47079424,473260032,48345088,534032384,534126592,533680128,534990848,46923776,46878720,46907392,49430528
487727104,488931328,488681472,47067136,47079424,47079424,473260032,48345088,534032384,534126592,533680128,534990848,46923776,46878720,46907392,49430528
487727104,488931328,488681472,47067136,47079424,47079424,473260032,48345088,534032384,534126592,533680128,534990848,46923776,46878720,46907392,49430528
487727104,488931328,488681472,47067136,47079424,47079424,473260032,48345088,534032384,534126592,533680128,534990848,46923776,46878720,46907392,49430528
487727104,488931328,488681472,47067136,47079424,47083520,473260032,48345088,534032384,534126592,533680128,534990848,46923776,46878720,46907392,49430528
487727104,488931328,488681472,47067136,47079424,47083520,473260032,48345088,534032384,534126592,533680128,534990848,46923776,46878720,46907392,49430528
487727104,488931328,488681472,47067136,47079424,47083520,473260032,48345088,534032384,534126592,533680128,534990848,46923776,46878720,46907392,49430528
487727104,488931328,488681472,47067136,47079424,47083520,473260032,48345088,534032384,534126592,533680128,534990848,46923776,46878720,46907392,49430528
487727104,488931328,488681472,47067136,47079424,47083520,473260032,48345088,534032384,534126592,533680128,534990848,46923776,46878720,46907392,49446912
487727104,488931328,488681472,47067136,47079424,47083520,473260032,48349184,534032384,534126592,533680128,534990848,46923776,46878720,46907392,49446912
487731200,488931328,488681472,47067136,47079424,47083520,473260032,48349184,534032384,534126592,533680128,534990848,46923776,46878720,46907392,49455104
487731200,488931328,488681472,47067136,47079424,47083520,473260032,48349184,534032384,534126592,533680128,534990848,46923776,46878720,46907392,49455104
487731200,488931328,488681472,47067136,47079424,47083520,473260032,48349184,534032384,534126592,533680128,534990848,46923776,46878720,46907392,49455104
487731200,488931328,488681472,47067136,47079424,47083520,473260032,48349184,534032384,534126592,533680128,534990848,46923776,46878720,46907392,49455104
487731200,488931328,488681472,47067136,47079424,47083520,473260032,48353280,534032384,534126592,533680128,534990848,46923776,46878720,46907392,49455104
487731200,488931328,488681472,47067136,47079424,47083520,473260032,48353280,534032384,534126592,533680128,534990848,46923776,46878720,46907392,49455104
487731200,488931328,488681472,47067136,47079424,47083520,473260032,48357376,534032384,534126592,533680128,534990848,46923776,46878720,46907392,49455104
487731200,488931328,488681472,47067136,47079424,47083520,473260032,48357376,534032384,534126592,533680128,534990848,46923776,46878720,46907392,49455104
487731200,488931328,488681472,47067136,47079424,47083520,473260032,48357376,534032384,534126592,533680128,534990848,46923776,46878720,46907392,49459200
487731200,488931328,488681472,47067136,47079424,47083520,473260032,48357376,534032384,534126592,533680128,534990848,46923776,46878720,46907392,49459200
487731200,488931328,488681472,47067136,47079424,47083520,473260032,48357376,534032384,534126592,533680128,534990848,46923776,46878720,46907392,49459200
487731200,488931328,488681472,47067136,47079424,47083520,473260032,48357376,534032384,534126592,533680128,534990848,46923776,46878720,46907392,49459200
487731200,488931328,488681472,47071232,47079424,47083520,473260032,48357376,534032384,534126592,533680128,534990848,46923776,46878720,46907392,49459200
487735296,488931328,488681472,47071232,47079424,47083520,473260032,48357376,534032384,534126592,533680128,534990848,46923776,46878720,46907392,49459200
487735296,488931328,488681472,47071232,47079424,47083520,473260032,48361472,534032384,534126592,533680128,534990848,46923776,46878720,46907392,49459200
487735296,488931328,488681472,47075328,47079424,47083520,473260032,48361472,534032384,534126592,533680128,534990848,46923776,46878720,46907392,49459200
487735296,488931328,488681472,47075328,47079424,47083520,473260032,48361472,534859776,535207936,534523904,534990848,47472640,47288320,47484928,49459200
487735296,488931328,488681472,47075328,47079424,47083520,473260032,48361472,534859776,535207936,534523904,534990848,47472640,47288320,47349760,49459200
487735296,488931328,488681472,47075328,47079424,47083520,473260032,48611328,534859776,535207936,534523904,534990848,47296512,47304704,47357952,49459200
487735296,488931328,488681472,47075328,47079424,47083520,473600000,48611328,534859776,535207936,534523904,534990848,47312896,47312896,47357952,49459200
487735296,488931328,488681472,47075328,47079424,47083520,473600000,48611328,534859776,535207936,534523904,534990848,47321088,47325184,47357952,49459200
487735296,488931328,488681472,47075328,47079424,47083520,473600000,48472064,534859776,535207936,534523904,534990848,47321088,47325184,47366144,49459200
487735296,488931328,488681472,47075328,47079424,47083520,474038272,48472064,534859776,535207936,534523904,534990848,47321088,47333376,47366144,49463296
487735296,488931328,488681472,47075328,47079424,47083520,474038272,48476160,534859776,535207936,534528000,534990848,47337472,47333376,47382528,49602560
487735296,488931328,488685568,47075328,47079424,47083520,474038272,48480256,534859776,535207936,534528000,534990848,47337472,47333376,47382528,49602560
487735296,488931328,488685568,47075328,47079424,47083520,474038272,49156096,534859776,535207936,534528000,538361856,47345664,47333376,47382528,49602560
487735296,488931328,488685568,47075328,47079424,47083520,480456704,49156096,534859776,535207936,534528000,538361856,47345664,47394816,47382528,49602560
487735296,488931328,488685568,47075328,47079424,47083520,480456704,49373184,534859776,542597120,534528000,538361856,47345664,47394816,47382528,49602560
487735296,488931328,488685568,47075328,47079424,47083520,480456704,49373184,534859776,542597120,534528000,538361856,47345664,47484928,47382528,49602560
487735296,488931328,488685568,47075328,47079424,47083520,480456704,48525312,534859776,542597120,534528000,538361856,47345664,47484928,47382528,49602560
487735296,488931328,488685568,47075328,47079424,47083520,489205760,49344512,534859776,542597120,534528000,538361856,47345664,47484928,47382528,49602560
487735296,491827200,488685568,47075328,47079424,47083520,489205760,49344512,534859776,542597120,534528000,538361856,47345664,47484928,47390720,49602560
487735296,500842496,488685568,47075328,47226880,47083520,489205760,49328128,534859776,542597120,534528000,538361856,47345664,47484928,47398912,49602560
487735296,500842496,488685568,47075328,47226880,47083520,489205760,49332224,534859776,542597120,534528000,538361856,47353856,47484928,47398912,49602560
487735296,500842496,488685568,47075328,47226880,47083520,490631168,49360896,534859776,542597120,534528000,538361856,47353856,47484928,47398912,49602560
498982912,500842496,488685568,47247360,47226880,47083520,490631168,49369088,534859776,542597120,534528000,538361856,47357952,47484928,47398912,49602560
498982912,500842496,488685568,47247360,47226880,47083520,490631168,49369088,534859776,542597120,534528000,538361856,47362048,47484928,47398912,49602560
498982912,500842496,488685568,47247360,47226880,47886336,491900928,49348608,534859776,542597120,534528000,538361856,47362048,47484928,47398912,49602560
498982912,500842496,488685568,47247360,47226880,47136768,491900928,48562176,534859776,542597120,534528000,538361856,47951872,47484928,47398912,49602560
498982912,500842496,500600832,47247360,47226880,47226880,491900928,48562176,542224384,542597120,534528000,538361856,47951872,47493120,47403008,49602560
498982912,500842496,500600832,47247360,47226880,47226880,493318144,49397760,542224384,542597120,534528000,538361856,47542272,47493120,47403008,49602560
498982912,500842496,500600832,47247360,47226880,47226880,493318144,48607232,542224384,542597120,534528000,538361856,47542272,47493120,47403008,49602560
498982912,500842496,500600832,47247360,47226880,47226880,495546368,49594368,542224384,542597120,538886144,538361856,47542272,47493120,47558656,49602560
498982912,500842496,500600832,47247360,47226880,47226880,495546368,48807936,542224384,542597120,542556160,538361856,47542272,47501312,47558656,49602560
498982912,500842496,500600832,47247360,47226880,47226880,495546368,48807936,542224384,542597120,542556160,538361856,47542272,47501312,47558656,49602560
498982912,500842496,500600832,47247360,47226880,47226880,502382592,54112256,542224384,542601216,542556160,538361856,47542272,47501312,47558656,49602560
498982912,500842496,500600832,47247360,48091136,47226880,502382592,54112256,542224384,545202176,542556160,540819456,47480832,48295936,47562752,49590272
498982912,503054336,500600832,48050176,47308800,48107520,502382592,51752960,542756864,545202176,542556160,540819456,47480832,47513600,47562752,49590272
499437568,503054336,502562816,48050176,47308800,48107520,502382592,49442816,542756864,545202176,542556160,540819456,47480832,47513600,47603712,49590272
499437568,503054336,502562816,47267840,47308800,47276032,502382592,49446912,542756864,545202176,542556160,540819456,47480832,47513600,47603712,49590272
499437568,503054336,502562816,47267840,47308800,47276032,502382592,49446912,542855168,545202176,547221504,541106176,47636480,47546368,47583232,49745920
499437568,503054336,502562816,47267840,47308800,47415296,496078848,49750016,542826496,545251328,547221504,541106176,47611904,47546368,47583232,49745920
499437568,503054336,507977728,47267840,47308800,47415296,496078848,49827840,542826496,557928448,573837312,550088704,47611904,47546368,47583232,49745920
499437568,503447552,510537728,47267840,47423488,54919168,496078848,50900992,553095168,557928448,573837312,550088704,47611904,55083008,48754688,50356224
502837248,503447552,510537728,47349760,47423488,47575040,524877824,50900992,553095168,557928448,573837312,554442752,48009216,47726592,48754688,50356224
507551744,510861312,510537728,47349760,47423488,47575040,524877824,60477440,553095168,557928448,573837312,554442752,48009216,47726592,48754688,50356224
507551744,510861312,510537728,47349760,47423488,47575040,524877824,56737792,553095168,557928448,619913216,554442752,48009216,47726592,49696768,50806784
532275200,511029248,510537728,48435200,47955968,47575040,605712384,56737792,553095168,557928448,619913216,554442752,48009216,47726592,49696768,50806784
532275200,511029248,510537728,48435200,47955968,47575040,605712384,113655808,553095168,557928448,619913216,554442752,48009216,47726592,49696768,50806784
532275200,511029248,510537728,48435200,47955968,47575040,604385280,113655808,583094272,557928448,619913216,554442752,55197696,48529408,49696768,50806784
556265472,511037440,510537728,48435200,55193600,47575040,604385280,56963072,583094272,631492608,630767616,628240384,48902144,48529408,49696768,50806784
556265472,577740800,555044864,48967680,48898048,48963584,604385280,56958976,628240384,631611392,630808576,628281344,48902144,48529408,49696768,50806784
599482368,577740800,577036288,48967680,48898048,48963584,604385280,56958976,628240384,631611392,630808576,628359168,48902144,48529408,49692672,50806784
648073216,577769472,577036288,48967680,48898048,48963584,604385280,56958976,628244480,631611392,630808576,628359168,48902144,48529408,49692672,50806784
648073216,577843200,577110016,48967680,48898048,48963584,604385280,56958976,628244480,631611392,630808576,628359168,48902144,48529408,49692672,50806784
648785920,577843200,577114112,48967680,48898048,48963584,604385280,56958976,628244480,631631872,630812672,628379648,48902144,48529408,49692672,50806784
648790016,577843200,577134592,48967680,48898048,48963584,604385280,56958976,628264960,631631872,630812672,628379648,48902144,48529408,49692672,50806784
648790016,577843200,577134592,48967680,48898048,48963584,604385280,56963072,628264960,631631872,630902784,628379648,48902144,48529408,49692672,50806784
648806400,577859584,577134592,48967680,48898048,48963584,604385280,56963072,628264960,631635968,630902784,628383744,48902144,48529408,49692672,50806784
648843264,577863680,577134592,48967680,48898048,48963584,604385280,56963072,628264960,631635968,630902784,628383744,48902144,48529408,49692672,50806784
648847360,577863680,577134592,48967680,48898048,48963584,604385280,56963072,628264960,631640064,643723264,628383744,48902144,48529408,49692672,50806784
648847360,577863680,577134592,48967680,48898048,48963584,604385280,56963072,578760704,631640064,643723264,650280960,52215808,48529408,52559872,50806784
684683264,613359616,587214848,48967680,48898048,57004032,604385280,61939712,578760704,631640064,585494528,573435904,52215808,48529408,52559872,54013952
687915008,613359616,521134080,48967680,53882880,57004032,612597760,61939712,578760704,640217088,585494528,573435904,52215808,48529408,52559872,54013952
687915008,517337088,521134080,48967680,53882880,53846016,612675584,70225920,578760704,592953344,585494528,573440000,52215808,52015104,52559872,54013952
687951872,517337088,521134080,48967680,53882880,53850112,612687872,70225920,578760704,592953344,585494528,573440000,52215808,52015104,52559872,54013952
687951872,517337088,521134080,48967680,53882880,53833728,612687872,70225920,578760704,592953344,585494528,573440000,52215808,52015104,52559872,54013952
687951872,517337088,521134080,48967680,53882880,53833728,619450368,60809216,578760704,592953344,585498624,573440000,52215808,52015104,52559872,54013952
549195776,517337088,521134080,52326400,53882880,53833728,619450368,60809216,578760704,592953344,585498624,573440000,52219904,52015104,52559872,54013952
549195776,517337088,521134080,52326400,53882880,53833728,619450368,60829696,578760704,592953344,585498624,573440000,52219904,52011008,52559872,54013952
549195776,517337088,521134080,52326400,53882880,53850112,701128704,60813312,578760704,592953344,585498624,573440000,52408320,52011008,68755456,54013952
549195776,517337088,521134080,72232960,53882880,53850112,701128704,79011840,579039232,592953344,680841216,573440000,68759552,62783488,52961280,54013952
549195776,517337088,633745408,72232960,53882880,72232960,625434624,154816512,579039232,693858304,680841216,584773632,52109312,52793344,52961280,72765440
612286464,632680448,633745408,53313536,54599680,53317632,625434624,154816512,667746304,693858304,620212224,688242688,52109312,52793344,52961280,53833728
612286464,632680448,633708544,53260288,54599680,53317632,625434624,60129280,607096832,636571648,620212224,688242688,52109312,51736576,52903936,53833728
553443328,632643584,574119936,53260288,54599680,52318208,625434624,60129280,607096832,636571648,620212224,627040256,52109312,51736576,52903936,53747712
553443328,575553536,574119936,53260288,54513664,52318208,625434624,60129280,607096832,636571648,620212224,627040256,51974144,51752960,52903936,53747712
553443328,575553536,574119936,53260288,54513664,52318208,625434624,60129280,607096832,636571648,620212224,627040256,51974144,51757056,52903936,53747712
553443328,575553536,574119936,53260288,54513664,52318208,625434624,60149760,607096832,655355904,620212224,627040256,52068352,51716096,52903936,53477376
553443328,575553536,574119936,53260288,54513664,52318208,625434624,60149760,630157312,655355904,620212224,627040256,52068352,51716096,52809728,53477376
553443328,575553536,574119936,53260288,54513664,52318208,625434624,60444672,630157312,655355904,620212224,650317824,51847168,51716096,52809728,53927936
579260416,575553536,574119936,53293056,54513664,52465664,625606656,60538880,630157312,655355904,620212224,650317824,51847168,51716096,52809728,53927936
579260416,575553536,599629824,53293056,54591488,52416512,625606656,60538880,630157312,655355904,642179072,650317824,51847168,51716096,52015104,53927936
579260416,597217280,599629824,53293056,54591488,52416512,625606656,60559360,630157312,655355904,642179072,650317824,51847168,51716096,52015104,53927936
579260416,597217280,599629824,53293056,54222848,52916224,625606656,60559360,630157312,655355904,642179072,650317824,51847168,51712000,52015104,53927936
579260416,597217280,599629824,53293056,54222848,52916224,625606656,60551168,630157312,655355904,642179072,650317824,51847168,51712000,52015104,53927936
579260416,597217280,599629824,53293056,54222848,52916224,625606656,60571648,630157312,655355904,642179072,650317824,51933184,51712000,52031488,53948416
579510272,597217280,599629824,53362688,54222848,52916224,625733632,60866560,630423552,600662016,595841024,604196864,51875840,51736576,52031488,53948416
579510272,597217280,599629824,53362688,54222848,52916224,625733632,60923904,630423552,600662016,595841024,604196864,51875840,51736576,52031488,53948416
579510272,597217280,599629824,53362688,54362112,53002240,625741824,60923904,630423552,600662016,595841024,604196864,51875840,51736576,52031488,53948416
579510272,600526848,601542656,53362688,54329344,53002240,625741824,60919808,630423552,600662016,595841024,604196864,51875840,51736576,52031488,53948416
579510272,600526848,601542656,53362688,54329344,53002240,625741824,60919808,630423552,600662016,595841024,604196864,51875840,51736576,52031488,53948416
579510272,600526848,601542656,53362688,54329344,53002240,625741824,60919808,630423552,600662016,595841024,604196864,51875840,51736576,52031488,52969472
579510272,600526848,601542656,53362688,54329344,53002240,625741824,60919808,630423552,600662016,595841024,604196864,51875840,51736576,52031488,52969472
579510272,600526848,601542656,53362688,54329344,53002240,625741824,60919808,630423552,600662016,595841024,604196864,51875840,51736576,52031488,52969472
579510272,600526848,601542656,53362688,54329344,53002240,625741824,60919808,630423552,600662016,595841024,604196864,51875840,51736576,52031488,52969472
579510272,600526848,601542656,53362688,54329344,53002240,625741824,60919808,630423552,600662016,595841024,604196864,51875840,51736576,52031488,52969472
579510272,600526848,601542656,53362688,54329344,53002240,625741824,60919808,630423552,600662016,595841024,604196864,51875840,51736576,52031488,52969472
579510272,600526848,601542656,53362688,54329344,53002240,625741824,60919808,630423552,600662016,595841024,604196864,51875840,51736576,52031488,52969472
579510272,600526848,601542656,53362688,54329344,53002240,625741824,60919808,630423552,600662016,595841024,604196864,51875840,51736576,52031488,52969472
579510272,600526848,601542656,53362688,54329344,53002240,625741824,60919808,630423552,600662016,595841024,604196864,51875840,51736576,52031488,52969472
579510272,600526848,601542656,53362688,54329344,53002240,625741824,60919808,630423552,600662016,595841024,604196864,51875840,51736576,52031488,52969472
579510272,600526848,601542656,53362688,54329344,53002240,625741824,60919808,630423552,600662016,595841024,604196864,51875840,51736576,52031488,52969472
579510272,600526848,601542656,53362688,54329344,53002240,625741824,60919808,630423552,600662016,595841024,604196864,51875840,51736576,52031488,52969472
579510272,600526848,601542656,53362688,54329344,53002240,625741824,60919808,630423552,600662016,595841024,604196864,51875840,51736576,52031488,52969472
579510272,600526848,601542656,53362688,54329344,53002240,625741824,60919808,630423552,600662016,595841024,604196864,51875840,51736576,52031488,52969472
579510272,600526848,601542656,53362688,54329344,53002240,625741824,60919808,630423552,600662016,595841024,604196864,51875840,51736576,52031488,52969472
579510272,600526848,601542656,53362688,54329344,53002240,625741824,60919808,630423552,600662016,595841024,604196864,51875840,51736576,52031488,52969472
579510272,600526848,601542656,53362688,54329344,53002240,625741824,60923904,630423552,600662016,595841024,604196864,51875840,51736576,52031488,52969472
579510272,600526848,601542656,53362688,54329344,53002240,625741824,60923904,630423552,600662016,595841024,604196864,51875840,51736576,52031488,52969472
579510272,600526848,601542656,53362688,54329344,53002240,625741824,60923904,630423552,600662016,595841024,604196864,51875840,51736576,52031488,52969472
579510272,600526848,601542656,53362688,54329344,53002240,625741824,60923904,630423552,600662016,595841024,604196864,51875840,51736576,52031488,52969472
579510272,600526848,601542656,53362688,54329344,53002240,625741824,60923904,630423552,600662016,595841024,604196864,51875840,51736576,52031488,52969472
579510272,600526848,601542656,53362688,54329344,53002240,625741824,60923904,630423552,600662016,595841024,604196864,51875840,51736576,52031488,52969472
579510272,600526848,601542656,53362688,54329344,53002240,625741824,60923904,630423552,600662016,595841024,604196864,51875840,51736576,52031488,52969472
579510272,600526848,601542656,53362688,54329344,53002240,625741824,60923904,630423552,600662016,595841024,604196864,51875840,51736576,52031488,52969472
579510272,600526848,601542656,53362688,54329344,53002240,625741824,60923904,630423552,600662016,595841024,604196864,51875840,51736576,52031488,52969472
579510272,600526848,601542656,53362688,54329344,53002240,625741824,60923904,630423552,600662016,595841024,604196864,51875840,51736576,52031488,52969472
579510272,600526848,601542656,53362688,54329344,53002240,625741824,60923904,630423552,600662016,595841024,604196864,51875840,51736576,52031488,52969472
579510272,600526848,601542656,53362688,54329344,53002240,625741824,60923904,630423552,600662016,595841024,604196864,51875840,51736576,52031488,52969472
579510272,600526848,601542656,53362688,54329344,53002240,625741824,60923904,630423552,600662016,595841024,604196864,51875840,51736576,52031488,52969472
579510272,600526848,601542656,53362688,54329344,53002240,625741824,60928000,630423552,600662016,595841024,604196864,51875840,51736576,52031488,52969472
579510272,600526848,601542656,53362688,54329344,53002240,625741824,60928000,630423552,600662016,595841024,604196864,51875840,51736576,52031488,52969472
579510272,600526848,601542656,53362688,54329344,53002240,625741824,60928000,630423552,600662016,595841024,604196864,51875840,51736576,52031488,52969472
579510272,600526848,601542656,53362688,54329344,53002240,625741824,60932096,630423552,600662016,595841024,604196864,51875840,51736576,52031488,52969472
579510272,600526848,601542656,53362688,54329344,53002240,625741824,60932096,630423552,600662016,595841024,604196864,51875840,51736576,52031488,52969472
579510272,600526848,601542656,53362688,54329344,53002240,625741824,60932096,630423552,600662016,595841024,604196864,51875840,51736576,52031488,52969472
579510272,600526848,601542656,53362688,54329344,53002240,625741824,60932096,630423552,600662016,595841024,604196864,51875840,51736576,52031488,52969472
579510272,600526848,601542656,53362688,54329344,53002240,625741824,60932096,630423552,600662016,595841024,604196864,51875840,51736576,52031488,52969472
579510272,600526848,601542656,53362688,54329344,53002240,625741824,60932096,630423552,600662016,595841024,604196864,51875840,51736576,52031488,52969472
579510272,600526848,601542656,53362688,54329344,53002240,625741824,60932096,630423552,600662016,595841024,604196864,51875840,51736576,52031488,52969472
579510272,600526848,601542656,53362688,54329344,53002240,625741824,60932096,630423552,600662016,595841024,604196864,51875840,51736576,52031488,52969472
579510272,600526848,601542656,53362688,54329344,53002240,625741824,60932096,630423552,600662016,595841024,604196864,51875840,51736576,52031488,52969472
579510272,600526848,601542656,53362688,54329344,53002240,625741824,60932096,630423552,600662016,595841024,604196864,51875840,51736576,52031488,52969472
579510272,600526848,601542656,53362688,54329344,53002240,625741824,60932096,630423552,600662016,595841024,604196864,51875840,51736576,52031488,52969472
579510272,600526848,601542656,53362688,54329344,53002240,625741824,60932096,630423552,600662016,595841024,604196864,51875840,51736576,52031488,52969472
579510272,600526848,601542656,53362688,54329344,53002240,625741824,60932096,630423552,600662016,595841024,604196864,51875840,51736576,52031488,52969472
579510272,600526848,601542656,53362688,54329344,53002240,625741824,60932096,630423552,600662016,595841024,604196864,51875840,51736576,52031488,52969472
579510272,600526848,601542656,53362688,54329344,53002240,625741824,60932096,630423552,600662016,595841024,604196864,51875840,51736576,52031488,52969472
579510272,600526848,601542656,53362688,54329344,53002240,625741824,60932096,630423552,600662016,595841024,604196864,51875840,51736576,52031488,52969472
579510272,600526848,601542656,53362688,54329344,53002240,625741824,60932096,630423552,600662016,595841024,604196864,51875840,51736576,52031488,52969472
579510272,600526848,601542656,53362688,54329344,53002240,625741824,60932096,630423552,600662016,595841024,604196864,51875840,51736576,52031488,52969472
579510272,600526848,601542656,53362688,54329344,53002240,625741824,60936192,630423552,600662016,595841024,604196864,51875840,51736576,52031488,52969472
579510272,600526848,601542656,53362688,54329344,53002240,625741824,60936192,630423552,600662016,595841024,604196864,51875840,51736576,52031488,52969472
579510272,600526848,601542656,53362688,54329344,53002240,625741824,60936192,630423552,600662016,595841024,604196864,51875840,51736576,52031488,52969472
579510272,600526848,601542656,53362688,54329344,53002240,625741824,60936192,630423552,600662016,595841024,604196864,51875840,51736576,52031488,52969472
579510272,600526848,601542656,53362688,54329344,53002240,625741824,60936192,630423552,600662016,595841024,604196864,51875840,51736576,52031488,52969472
579510272,600526848,601542656,53362688,54329344,53002240,625741824,60936192,630423552,600662016,595841024,604196864,51875840,51736576,52031488,52969472
579510272,600526848,601542656,53362688,54329344,53002240,625741824,60936192,630423552,600662016,595841024,604196864,51875840,51736576,52031488,52969472
579510272,600526848,601542656,53362688,54329344,53002240,625741824,60936192,630423552,600662016,595841024,604196864,51875840,51736576,52031488,52969472
579510272,600526848,601542656,53362688,54329344,53002240,625741824,60936192,630423552,600662016,595841024,604196864,51875840,51736576,52031488,52969472
579510272,600526848,601542656,53362688,54329344,53002240,625741824,60936192,630423552,600662016,595841024,604196864,51875840,51736576,52031488,52969472
579510272,600526848,601542656,53362688,54329344,53002240,625741824,60936192,630423552,600662016,595841024,604196864,51875840,51736576,52031488,52969472
579510272,600526848,601542656,53362688,54329344,53002240,625741824,60936192,630423552,600662016,595841024,604196864,51875840,51736576,52031488,52969472
579510272,600526848,601542656,53362688,54329344,53002240,625741824,60936192,630423552,600662016,595841024,604196864,51875840,51736576,52031488,52969472
579510272,600526848,601542656,53362688,54329344,53002240,625741824,60936192,630423552,600662016,595841024,604196864,51875840,51736576,52031488,52969472
579510272,600526848,601542656,53362688,54329344,53002240,625741824,60936192,630423552,600662016,595841024,604196864,51875840,51736576,52031488,52969472
579510272,600526848,601542656,53362688,54329344,53002240,625741824,60936192,630423552,600662016,595841024,604196864,51875840,51736576,52031488,52969472
579510272,600526848,601542656,53362688,54329344,53002240,625741824,60936192,630423552,600662016,595841024,604196864,51875840,51736576,52031488,52969472
579510272,600526848,601542656,53362688,54329344,53002240,625741824,60936192,630423552,600662016,595841024,604196864,51875840,51736576,52031488,52969472
579510272,600526848,601542656,53362688,54329344,53002240,625741824,60936192,630423552,600662016,595841024,604196864,51875840,51736576,52031488,52969472
579510272,600526848,601542656,53362688,54329344,53002240,625741824,60936192,630423552,600662016,595841024,604196864,51875840,51736576,52031488,52969472
579510272,600526848,601542656,53362688,54329344,53002240,625741824,60936192,630423552,600662016,595841024,604196864,51875840,51736576,52031488,52969472
579510272,600526848,601542656,53362688,54329344,53002240,625741824,60936192,630423552,600662016,595841024,604196864,51875840,51736576,52031488,52969472
579510272,600526848,601542656,53362688,54329344,53002240,625741824,60936192,630423552,600662016,595841024,604196864,51875840,51736576,52031488,52969472
579510272,600526848,601542656,53362688,54329344,53002240,625741824,60936192,630423552,600662016,595841024,604196864,51875840,51736576,52031488,52969472
579510272,600526848,601542656,53362688,54329344,53002240,625741824,60936192,630423552,600662016,595841024,604196864,51875840,51736576,52031488,52969472
579510272,600526848,601542656,53362688,54329344,53002240,625741824,60936192,630423552,600662016,595841024,604196864,51875840,51736576,52031488,52969472
579510272,600526848,601542656,53362688,54329344,53002240,625741824,60940288,630423552,600662016,595841024,604196864,51875840,51736576,52031488,52969472
579510272,600526848,601542656,53362688,54329344,53002240,625741824,60940288,630423552,600662016,595841024,604196864,51875840,51736576,52031488,52969472
579510272,600526848,601542656,53362688,54329344,53002240,625741824,60940288,630423552,600662016,595841024,604196864,51875840,51736576,52031488,52969472
579510272,600526848,601542656,53362688,54329344,53002240,625741824,60944384,630423552,600662016,595841024,604196864,51875840,51736576,52031488,52969472
579510272,600526848,601542656,53362688,54329344,53002240,625741824,60944384,630423552,600662016,595841024,604196864,51875840,51736576,52031488,52969472
579510272,600526848,601542656,53362688,54329344,53002240,625741824,60944384,630423552,600662016,595841024,604196864,51875840,51736576,52031488,52969472
579510272,600526848,601542656,53362688,54329344,53002240,625741824,60944384,630423552,600662016,595841024,604196864,51875840,51736576,52031488,52969472
579510272,600526848,601542656,53362688,54329344,53002240,625741824,60944384,630423552,600662016,595841024,604196864,51875840,51736576,52031488,52969472
579510272,600526848,601542656,53362688,54329344,53002240,625741824,60944384,630423552,600662016,595841024,604196864,51875840,51736576,52031488,52969472
579510272,600526848,601542656,53362688,54329344,53002240,625741824,60944384,630423552,600662016,595841024,604196864,51875840,51736576,52031488,52969472
579510272,600526848,601542656,53362688,54329344,53002240,625741824,60944384,630423552,600662016,595841024,604196864,51875840,51736576,52031488,52969472
579510272,600526848,601542656,53362688,54329344,53002240,625741824,60944384,630423552,600662016,595841024,604196864,51875840,51736576,52031488,52969472
579510272,600526848,601542656,53362688,54329344,53002240,625741824,60944384,630423552,600662016,595841024,604196864,51875840,51736576,52031488,52969472
579510272,600526848,601542656,53362688,54329344,53002240,625741824,60944384,630423552,600662016,595841024,604196864,51875840,51736576,52031488,52969472
579510272,600526848,601542656,53362688,54329344,53002240,625741824,60948480,630423552,600662016,595841024,604196864,51875840,51736576,52031488,52969472
579510272,600526848,601542656,53362688,54329344,53002240,625741824,60948480,630423552,600662016,595841024,604196864,51875840,51736576,52031488,52969472
579510272,600526848,601542656,53362688,54329344,53002240,625741824,60948480,630423552,600662016,595841024,604196864,51875840,51736576,52031488,52969472
579510272,600526848,601542656,53362688,54329344,53002240,625741824,60948480,630423552,600662016,595841024,604196864,51875840,51736576,52031488,52969472
579510272,600526848,601542656,53362688,54329344,53002240,625741824,60948480,630423552,600662016,595841024,604196864,51875840,51736576,52031488,52969472
579510272,600526848,601542656,53362688,54329344,53002240,625741824,60948480,630423552,600662016,595841024,604196864,51875840,51736576,52031488,52969472
579510272,600526848,601542656,53362688,54329344,53002240,625741824,60948480,630423552,600662016,595841024,604196864,51875840,51736576,52031488,52969472
579510272,600526848,601542656,53362688,54329344,53002240,625741824,60948480,630423552,600662016,595841024,604196864,51875840,51736576,52031488,52969472
579510272,600526848,601542656,53362688,54329344,53002240,625741824,60948480,630423552,600662016,595841024,604196864,51875840,51736576,52031488,52969472
579510272,600526848,601542656,53362688,54329344,53002240,625741824,60948480,630423552,600662016,595841024,604196864,51875840,51736576,52031488,52969472
579510272,600526848,601542656,53362688,54329344,53002240,625741824,60948480,630423552,600662016,595841024,604196864,51875840,51736576,52031488,52969472
579510272,600526848,601542656,53362688,54329344,53002240,625741824,60948480,630423552,600662016,595841024,604196864,51875840,51736576,52031488,52969472
579510272,600526848,601542656,53362688,54329344,53002240,625741824,60948480,630423552,600662016,595841024,604196864,51875840,51736576,52031488,52969472
579510272,600526848,601542656,53362688,54329344,53002240,625741824,60948480,630423552,600662016,595841024,604196864,51875840,51736576,52031488,52969472
579510272,600526848,601542656,53362688,54329344,53002240,625741824,60948480,630423552,600662016,595841024,604196864,51875840,51736576,52031488,52969472
579510272,600526848,601542656,53362688,54329344,53006336,625741824,60948480,630423552,600662016,595841024,604196864,51875840,51736576,52031488,52969472
579510272,600526848,601542656,53362688,54329344,53006336,625741824,60948480,630423552,600662016,595841024,604196864,51875840,51736576,52031488,52969472
579510272,600526848,601542656,53362688,54329344,53006336,625741824,60948480,630423552,600662016,595841024,604196864,51875840,51736576,52031488,52969472
579510272,600526848,601542656,53362688,54329344,53006336,625741824,60948480,630423552,600662016,595841024,604196864,51875840,51736576,52031488,52969472
579510272,600526848,601542656,53362688,54329344,53006336,625741824,60948480,630423552,600662016,595841024,604196864,51875840,51736576,52031488,52969472
579510272,600526848,601542656,53362688,54329344,53006336,625741824,60948480,630423552,600662016,595841024,604196864,51875840,51736576,52031488,52969472
579510272,600526848,601542656,53362688,54329344,53006336,625741824,60948480,630423552,600662016,595841024,604196864,51875840,51736576,52031488,52969472
579510272,600526848,601542656,53362688,54329344,53006336,625741824,60948480,630423552,600662016,595841024,604196864,51875840,51736576,52031488,52969472
579510272,600526848,601542656,53362688,54329344,53006336,625741824,60948480,630423552,600662016,595841024,604196864,51875840,51736576,52031488,52969472
579510272,600526848,601542656,53362688,54329344,53006336,625741824,60948480,630423552,600662016,595841024,604196864,51875840,51736576,52031488,52969472
579510272,600526848,601542656,53362688,54329344,53006336,625741824,60952576,630423552,600662016,595841024,604196864,51875840,51736576,52031488,52969472
579510272,600526848,601542656,53362688,54329344,53006336,625741824,60952576,630423552,600662016,595841024,604196864,51875840,51736576,52031488,52969472
579510272,600526848,601542656,53362688,54329344,53006336,625741824,60952576,630423552,600662016,595841024,604196864,51875840,51736576,52031488,52969472
579510272,600526848,601542656,53362688,54329344,53006336,625741824,60952576,630423552,600662016,595841024,604196864,51875840,51736576,52031488,52969472
579510272,600526848,601542656,53362688,54329344,53006336,625741824,60952576,630423552,600662016,595841024,604196864,51875840,51736576,52031488,52969472
579510272,600526848,601542656,53362688,54329344,53006336,625741824,60952576,630423552,600662016,595841024,604196864,51875840,51736576,52031488,52969472
579510272,600526848,601542656,53362688,54329344,53006336,625741824,60952576,630423552,600662016,595841024,604196864,51875840,51736576,52031488,52969472
579510272,600526848,601542656,53362688,54329344,53006336,625741824,60952576,630423552,600662016,595841024,604196864,51875840,51736576,52031488,52969472
579510272,600526848,601542656,53362688,54329344,53006336,625741824,60952576,630423552,600662016,595841024,604196864,51875840,51736576,52031488,52969472
579510272,600526848,601542656,53362688,54329344,53006336,625741824,60952576,630423552,600662016,595841024,604196864,51875840,51736576,52031488,52969472
579510272,600526848,601542656,53362688,54329344,53006336,625741824,60952576,630423552,600662016,595841024,604196864,51875840,51736576,52031488,52969472
579510272,600526848,601542656,53362688,54329344,53006336,625741824,60956672,630423552,600662016,595841024,604196864,51875840,51736576,52031488,52969472
579510272,600526848,601542656,53362688,54329344,53006336,625741824,60956672,630423552,600662016,595841024,604196864,51875840,51736576,52031488,52969472
579510272,600526848,601542656,53362688,54329344,53006336,625741824,60956672,630423552,600662016,595841024,604196864,51875840,51736576,52031488,52969472
579510272,600526848,601542656,53362688,54329344,53006336,625741824,60956672,630423552,600662016,595841024,604196864,51875840,51736576,52031488,52969472
579510272,600526848,601542656,53362688,54329344,53006336,625741824,60956672,630423552,600662016,595841024,604196864,51875840,51736576,52031488,52969472
579510272,600526848,601542656,53362688,54329344,53006336,625741824,60956672,630423552,600662016,595841024,604196864,51875840,51736576,52031488,52969472
579510272,600526848,601542656,53362688,54329344,53006336,625741824,60956672,630423552,600662016,595841024,604196864,51875840,51736576,52031488,52969472
579510272,600526848,601542656,53362688,54329344,53006336,625741824,60956672,630423552,600662016,595841024,604196864,51875840,51736576,52031488,52969472
579510272,600526848,601542656,53362688,54329344,53006336,625741824,60956672,630423552,600662016,595841024,604196864,51875840,51736576,52031488,52969472
579510272,600526848,601542656,53362688,54329344,53006336,625741824,60956672,630423552,600662016,595841024,604196864,51875840,51736576,52031488,52969472
579510272,600526848,601542656,53362688,54329344,53006336,625741824,60956672,630423552,600662016,595841024,604196864,51875840,51736576,52031488,52969472
579510272,600526848,601542656,53362688,54329344,53006336,625741824,60956672,630423552,600662016,595841024,604196864,51875840,51736576,52031488,52969472
579510272,600526848,601542656,53362688,54329344,53006336,625741824,60956672,630423552,600662016,595841024,604196864,51875840,51736576,52031488,52969472
579510272,600526848,601542656,53362688,54329344,53006336,625741824,60956672,630423552,600662016,595841024,604196864,51875840,51736576,52031488,52969472
579510272,600526848,601542656,53362688,54329344,53006336,625741824,60960768,630423552,600662016,595841024,604196864,51875840,51736576,52031488,52969472
579510272,600526848,601542656,53362688,54329344,53006336,625741824,60960768,630423552,600662016,595841024,604196864,51875840,51736576,52031488,52969472
579510272,600526848,601542656,53362688,54329344,53006336,625741824,60960768,630423552,600662016,595841024,604196864,51875840,51736576,52031488,52969472
579510272,600526848,601542656,53362688,54329344,53006336,625741824,60960768,630423552,600662016,595841024,604196864,51875840,51736576,52031488,52969472
579510272,600526848,601542656,53362688,54329344,53006336,625741824,60960768,630423552,600662016,595841024,604196864,51875840,51736576,52031488,52969472
579510272,600526848,601542656,53362688,54329344,53006336,625741824,60960768,630423552,600662016,595841024,604196864,51875840,51736576,52031488,52969472
579510272,600526848,601542656,53362688,54329344,53006336,625741824,60960768,630423552,600662016,595841024,604196864,51875840,51736576,52031488,52969472
579510272,600526848,601542656,53362688,54329344,53006336,625741824,60960768,630423552,600662016,595841024,604196864,51875840,51736576,52031488,52969472
579510272,600526848,601542656,53362688,54329344,53006336,625741824,60960768,630423552,600662016,595841024,604196864,51875840,51736576,52031488,52969472
579510272,600526848,601542656,53362688,54329344,53006336,625741824,60960768,630423552,600662016,595841024,604196864,51875840,51736576,52031488,52969472
579510272,600526848,601542656,53362688,54329344,53006336,625741824,60960768,630423552,600662016,595841024,604196864,51875840,51736576,52031488,52969472
579510272,600526848,601542656,53362688,54329344,53006336,625741824,60960768,630423552,600662016,595841024,604196864,51875840,51736576,52031488,52969472
579510272,600526848,601542656,53362688,54329344,53006336,625741824,60960768,630423552,600662016,595841024,604196864,51875840,51736576,52031488,52969472
579510272,600526848,601542656,53362688,54329344,53006336,625741824,60964864,630423552,600662016,595841024,604196864,51875840,51736576,52031488,52969472
579510272,600526848,601542656,53362688,54329344,53006336,625741824,60964864,630423552,600662016,595841024,604196864,51875840,51736576,52031488,52969472
579510272,600526848,601542656,53362688,54329344,53006336,625741824,60964864,630423552,600662016,595841024,604196864,51875840,51736576,52031488,52969472
579510272,600526848,601542656,53362688,54329344,53006336,625741824,60964864,630423552,600662016,595841024,604196864,51875840,51736576,52031488,52969472
579510272,600526848,601542656,53362688,54329344,53006336,625741824,60964864,630423552,600662016,595841024,604196864,51875840,51736576,52031488,52969472
579510272,600526848,601542656,53362688,54329344,53006336,625741824,60964864,630423552,600662016,595841024,604196864,51875840,51736576,52031488,52969472
579510272,600526848,601542656,53362688,54329344,53006336,625741824,60964864,630423552,600662016,595841024,604196864,51875840,51736576,52031488,52969472
579510272,600526848,601542656,53362688,54329344,53006336,625741824,60964864,630423552,600662016,595841024,604196864,51875840,51736576,52031488,52969472
579510272,600526848,601542656,53362688,54329344,53006336,625741824,60968960,630423552,600662016,595841024,604196864,51875840,51736576,52031488,52969472
579510272,600526848,601542656,53362688,54329344,53006336,625741824,60968960,630423552,600662016,595841024,604196864,51875840,51736576,52031488,52969472
579510272,600526848,601542656,53362688,54329344,53006336,625741824,60968960,630423552,600662016,595841024,604196864,51875840,51736576,52031488,52969472
579510272,600526848,601542656,53362688,54329344,53006336,625741824,60968960,630423552,600662016,595841024,604196864,51875840,51736576,52031488,52969472
579510272,600526848,601542656,53362688,54329344,53006336,625741824,60968960,630423552,600662016,595841024,604196864,51875840,51736576,52031488,52969472
579510272,600526848,601542656,53362688,54329344,53006336,625741824,60968960,630423552,600662016,595841024,604196864,51875840,51736576,52031488,52969472
579510272,600526848,601542656,53362688,54329344,53006336,625741824,60973056,630423552,600662016,595841024,604196864,51875840,51736576,52031488,52969472
579510272,600526848,601542656,53362688,54329344,53006336,625741824,60973056,630423552,600662016,595841024,604196864,51875840,51736576,52031488,52969472
579510272,600526848,601542656,53362688,54329344,53006336,625741824,60973056,630423552,600662016,595841024,604196864,51875840,51736576,52031488,52969472
579510272,600526848,601542656,53362688,54329344,53006336,625741824,60973056,630423552,600662016,595841024,604196864,51875840,51736576,52031488,52969472
579510272,600526848,601542656,53362688,54329344,53006336,625741824,60973056,630423552,600662016,595841024,604196864,51875840,51736576,52031488,52969472
579510272,600526848,601542656,53362688,54329344,53006336,625741824,60973056,630423552,600662016,595841024,604196864,51875840,51736576,52031488,52969472
579510272,600526848,601542656,53362688,54329344,53006336,625741824,60973056,630423552,600662016,595841024,604196864,51875840,51736576,52031488,52969472
579510272,600526848,601542656,53362688,54329344,53006336,625741824,60973056,630423552,600662016,595841024,604196864,51875840,51736576,52031488,52969472
579510272,600526848,601542656,53362688,54329344,53006336,625741824,60973056,630423552,600662016,595841024,604196864,51875840,51736576,52031488,52969472
579510272,600526848,601542656,53362688,54329344,53006336,625741824,60973056,630423552,600662016,595841024,604196864,51875840,51736576,52031488,52969472
579510272,600526848,601542656,53362688,54329344,53006336,625741824,60973056,630423552,600662016,595841024,604196864,51875840,51736576,52031488,52969472
579510272,600526848,601542656,53362688,54329344,53006336,625741824,60973056,630423552,600662016,595841024,604196864,51875840,51736576,52031488,52969472
579510272,600526848,601542656,53362688,54329344,53006336,625741824,60977152,630423552,600662016,595841024,604196864,51875840,51736576,52031488,52969472
579510272,600526848,601542656,53362688,54329344,53006336,625741824,60977152,630423552,600662016,595841024,604196864,51875840,51736576,52031488,52969472
579510272,600526848,601542656,53362688,54329344,53006336,625741824,60977152,630423552,600662016,595841024,604196864,51875840,51736576,52031488,52969472
579510272,600526848,601542656,53362688,54329344,53006336,625741824,60977152,630423552,600662016,595841024,604196864,51875840,51736576,52031488,52969472
579510272,600526848,601542656,53362688,54329344,53006336,625741824,60977152,630423552,600662016,595841024,604196864,51875840,51736576,52031488,52969472
579510272,600526848,601542656,53362688,54329344,53006336,625741824,60977152,630423552,600662016,595841024,604196864,51875840,51736576,52031488,52969472
579510272,600526848,601542656,53362688,54329344,53006336,625741824,60977152,630423552,600662016,595841024,604196864,51875840,51736576,52031488,52969472
579510272,600526848,601542656,53366784,54329344,53006336,625741824,60977152,630423552,600662016,595841024,604196864,51875840,51736576,52031488,52969472
579510272,600526848,601542656,53366784,54329344,53006336,625741824,60977152,630423552,600662016,595841024,604196864,51875840,51736576,52031488,52969472
579510272,600526848,601542656,53366784,54329344,53006336,625741824,60977152,630423552,600662016,595841024,604196864,51875840,51736576,52031488,52969472
579510272,600526848,601542656,53366784,54329344,53006336,625741824,60977152,630423552,600662016,595841024,604196864,51875840,51736576,52031488,52969472
579510272,600526848,601542656,53366784,54329344,53006336,625741824,60977152,630423552,600662016,595841024,604196864,51875840,51736576,52031488,52969472
579510272,600526848,601542656,53366784,54329344,53006336,625741824,60977152,630423552,600662016,595841024,604196864,51875840,51736576,52031488,52969472
579510272,600526848,601542656,53366784,54329344,53006336,625741824,60977152,630423552,600662016,595841024,604196864,51875840,51736576,52031488,52969472
579510272,600526848,601542656,53366784,54329344,53006336,625741824,60977152,630423552,600662016,595841024,604196864,51875840,51736576,52031488,52969472
579510272,600526848,601542656,53366784,54329344,53006336,625741824,60977152,630423552,600662016,595841024,604196864,51875840,51736576,52031488,52969472
579510272,600526848,601542656,53366784,54329344,53006336,625741824,60977152,630423552,600662016,595841024,604196864,51875840,51736576,52031488,52969472
579510272,600526848,601542656,53366784,54329344,53006336,625741824,60977152,630423552,600662016,595841024,604196864,51875840,51736576,52031488,52969472
579510272,600526848,601542656,53366784,54329344,53006336,625741824,60977152,630423552,600662016,595841024,604196864,51875840,51736576,52031488,52969472
579510272,600526848,601542656,53366784,54329344,53006336,625741824,60977152,630423552,600662016,595841024,604196864,51875840,51736576,52031488,52969472
579510272,600526848,601542656,53366784,54329344,53006336,625741824,60977152,630423552,600662016,595841024,604196864,51875840,51736576,52031488,52969472
579510272,600526848,601542656,53366784,54329344,53006336,625741824,60977152,630423552,600662016,595841024,604196864,51875840,51736576,52031488,52969472
579510272,600526848,601542656,53366784,54329344,53006336,625741824,60977152,630423552,600662016,595841024,604196864,51875840,51736576,52031488,52969472
579510272,600526848,601542656,53366784,54329344,53006336,625741824,60977152,630423552,600662016,595841024,604196864,51875840,51736576,52031488,52969472
579510272,600526848,601542656,53366784,54329344,53006336,625741824,60981248,630423552,600662016,595841024,604196864,51875840,51736576,52031488,52969472
579510272,600526848,601542656,53366784,54329344,53006336,625741824,60985344,630423552,600662016,595841024,604196864,51875840,51736576,52031488,52969472
579510272,600526848,601542656,53366784,54329344,53006336,625741824,60985344,630423552,600662016,595841024,604196864,51875840,51736576,52031488,52969472
579510272,600526848,601542656,53366784,54329344,53006336,625741824,60985344,630423552,600662016,595841024,604196864,51875840,51736576,52031488,52969472
579510272,600526848,601542656,53366784,54329344,53006336,625741824,60985344,630423552,600662016,595841024,604196864,51875840,51736576,52031488,52969472
579510272,600526848,601542656,53366784,54329344,53006336,625741824,60985344,630423552,600662016,595841024,604196864,51875840,51736576,52031488,52969472
579510272,600526848,601542656,53366784,54329344,53006336,625741824,60985344,630423552,600662016,595841024,604196864,51875840,51736576,52031488,52969472
579510272,600526848,601542656,53366784,54329344,53006336,625741824,60985344,630423552,600662016,595841024,604196864,51875840,51736576,52031488,52969472
579510272,600526848,601542656,53366784,54329344,53006336,625741824,60985344,630423552,600662016,595841024,604196864,51875840,51736576,52031488,52969472
579510272,600526848,601542656,53366784,54329344,53006336,625741824,60989440,630423552,600662016,595841024,604196864,51875840,51736576,52031488,52969472
579510272,600526848,601542656,53366784,54329344,53006336,625741824,60989440,630423552,600662016,595841024,604196864,51875840,51736576,52031488,52969472
579510272,600526848,601542656,53366784,54329344,53006336,625741824,60993536,630423552,600662016,595841024,604196864,51875840,51736576,52031488,52969472
579510272,600526848,601542656,53366784,54329344,53006336,625741824,60993536,630423552,600662016,595841024,604196864,51875840,51736576,52031488,52969472
579510272,600526848,601542656,53366784,54329344,53006336,625741824,60993536,630423552,600662016,595841024,604196864,51875840,51736576,52031488,52969472
579510272,600526848,601542656,53366784,54329344,53006336,625741824,60993536,630423552,600662016,595841024,604196864,51875840,51736576,52031488,52969472
579510272,600526848,601542656,53366784,54329344,53006336,625741824,60993536,630423552,600662016,595841024,604196864,51875840,51736576,52031488,52969472
579510272,600526848,601542656,53366784,54329344,53006336,625741824,60993536,630423552,600662016,595841024,604196864,51875840,51736576,52031488,52969472
579510272,600526848,601542656,53366784,54329344,53006336,625741824,60993536,630423552,600662016,595841024,604196864,51875840,51736576,52031488,52969472
579510272,600526848,601542656,53366784,54329344,53006336,625741824,60993536,630423552,600662016,595841024,604196864,51875840,51736576,52031488,52969472
579510272,600526848,601542656,53366784,54329344,53006336,625741824,60997632,630423552,600662016,595841024,604196864,51875840,51736576,52031488,52969472
579510272,600526848,601542656,53366784,54329344,53006336,625741824,60997632,630423552,600662016,595841024,604196864,51875840,51736576,52031488,52969472
580132864,600526848,601542656,54595584,54329344,53006336,625741824,61448192,630423552,600662016,595841024,604196864,51875840,51736576,52031488,52969472
580132864,600526848,601542656,54595584,54329344,53006336,625741824,61448192,630423552,600662016,595841024,604196864,51875840,51736576,52031488,52969472
580132864,600526848,601542656,54595584,54329344,53006336,625946624,61255680,630423552,600662016,595841024,604196864,51875840,51736576,52031488,52969472
580132864,600526848,601542656,54595584,54329344,53006336,625946624,61255680,630423552,600662016,595841024,604196864,51875840,51736576,52031488,52969472
580132864,600526848,601542656,54595584,54329344,53006336,625946624,61255680,630423552,600662016,595841024,604196864,51875840,51736576,52031488,52969472
580132864,600526848,601542656,54595584,54329344,53006336,625946624,61255680,630423552,600662016,595841024,604196864,51875840,51736576,52031488,52969472
580132864,600526848,601542656,54595584,54329344,53006336,625946624,61255680,630423552,600662016,595841024,604196864,51875840,51736576,52031488,52969472
580132864,600526848,601542656,54595584,54329344,53006336,625946624,61255680,630423552,600662016,595841024,604196864,51875840,51736576,52031488,52969472
580132864,600526848,601542656,54595584,54329344,53006336,625946624,61255680,630423552,600662016,595841024,604196864,51875840,51736576,52031488,52969472
580132864,600526848,601542656,54595584,54329344,53006336,625946624,61255680,630423552,600662016,595841024,604196864,51875840,51736576,52031488,52969472
580132864,600526848,601542656,54595584,54329344,53006336,625946624,61255680,630423552,600662016,595841024,604196864,51875840,51736576,52031488,52973568
580132864,600526848,601542656,54595584,54329344,53006336,625946624,61255680,630423552,600662016,595841024,604196864,51875840,51736576,52031488,52973568
580132864,600526848,601542656,54595584,54329344,53006336,625946624,61255680,630423552,600662016,595841024,604196864,51875840,51736576,52031488,52973568
580132864,600526848,601542656,54595584,54329344,53006336,625946624,61255680,630423552,600662016,595841024,604196864,51875840,51736576,52031488,52973568
580132864,600526848,601542656,54595584,54329344,53006336,625946624,61255680,630423552,600662016,595841024,604196864,51875840,51736576,52031488,52973568
580132864,600526848,601542656,54595584,54329344,53006336,625946624,61255680,630423552,600662016,595841024,604196864,51875840,51736576,52031488,52973568
580132864,600526848,601542656,54595584,54329344,53006336,625946624,61255680,630423552,600662016,595841024,604196864,51875840,51736576,52031488,52973568
580132864,600526848,601542656,54595584,54329344,53006336,625946624,61255680,630423552,600662016,595841024,604196864,51875840,51736576,52031488,52973568
580132864,600526848,601542656,54595584,54329344,53006336,625946624,61255680,630423552,600662016,595841024,604196864,51875840,51736576,52031488,52973568
580132864,600526848,601542656,54595584,54329344,53006336,625946624,61255680,630423552,600662016,595841024,604196864,51875840,51736576,52031488,52973568
580132864,600526848,601542656,54595584,54329344,53006336,625946624,61255680,630423552,600662016,595841024,604196864,51875840,51736576,52031488,52973568
580132864,600526848,601542656,54595584,54329344,53006336,625946624,61259776,630423552,600662016,595841024,604196864,51875840,51736576,52031488,52973568
580132864,600526848,601542656,54595584,54329344,53006336,625946624,61259776,630423552,600662016,595841024,604196864,51875840,51736576,52031488,52973568
580132864,600526848,601542656,54595584,54329344,53006336,625946624,61259776,630423552,600662016,595841024,604196864,51875840,51736576,52031488,52973568
580132864,600526848,601542656,54595584,54329344,53006336,625946624,61259776,630423552,600662016,595841024,604196864,51875840,51736576,52031488,52973568
580132864,600526848,601542656,54595584,54329344,53006336,625946624,61259776,630423552,600662016,595841024,604196864,51875840,51736576,52031488,52973568
580132864,600526848,601542656,54595584,54329344,53006336,625946624,61267968,630423552,600662016,595841024,604196864,51875840,51736576,52031488,52973568
580132864,600526848,601542656,54595584,54329344,53006336,625946624,61267968,630423552,600662016,595841024,604196864,51875840,51736576,52031488,52973568
580132864,600526848,601542656,54595584,54329344,53006336,625946624,61267968,630423552,600662016,595841024,604196864,51875840,51736576,52031488,52973568
580132864,600526848,601542656,54595584,54329344,53006336,625946624,61267968,630423552,600662016,595841024,604196864,51875840,51736576,52031488,52973568
580136960,600526848,601542656,54595584,54329344,53006336,625946624,61267968,630423552,600662016,595841024,604196864,51875840,51736576,52031488,52977664
580136960,600526848,601542656,54595584,54329344,53006336,625946624,61267968,630423552,600662016,595841024,604196864,51875840,51736576,52031488,52977664
580136960,600526848,601542656,54595584,54329344,53006336,625946624,61267968,630423552,600662016,595841024,604196864,51875840,51736576,52031488,52977664
580136960,600526848,601542656,54595584,54329344,53006336,625946624,61267968,630423552,600662016,595841024,604196864,51875840,51736576,52031488,52977664
580136960,600526848,601542656,54595584,54329344,53006336,625946624,61267968,630423552,600662016,595841024,604196864,51875840,51736576,52031488,52977664
580136960,600526848,601542656,54595584,54329344,53006336,625946624,61272064,630423552,600662016,595841024,604196864,51875840,51736576,52031488,52977664
580136960,600526848,601542656,54595584,54329344,53006336,625946624,61272064,630423552,600662016,595841024,604196864,51875840,51736576,52031488,52977664
580136960,600526848,601542656,54595584,54329344,53006336,625946624,61272064,630423552,600662016,595841024,604196864,51875840,51736576,52031488,52977664
580136960,600526848,601542656,54595584,54329344,53006336,625946624,61276160,630423552,600662016,595841024,604196864,51875840,51736576,52031488,52977664
580136960,600526848,601542656,54595584,54329344,53006336,625946624,61276160,630423552,600662016,595841024,604196864,51875840,51736576,52031488,52977664
580136960,600526848,601542656,54595584,54329344,53006336,625946624,61276160,630423552,600662016,595841024,604196864,51875840,51736576,52031488,52977664
580136960,600526848,601542656,54595584,54329344,53006336,625946624,61276160,630423552,600662016,595841024,604196864,51875840,51736576,52031488,52977664
580136960,600526848,601542656,54595584,54329344,53006336,625946624,61276160,630423552,600662016,595841024,604196864,51875840,51736576,52031488,52977664
580136960,600526848,601542656,54595584,54329344,53006336,625946624,61276160,630423552,600662016,595841024,604196864,51875840,51736576,52031488,52977664
580136960,600526848,601542656,54595584,54329344,53006336,625946624,61276160,630423552,600662016,595841024,604196864,51875840,51736576,52031488,52977664
580136960,600526848,601542656,54595584,54329344,53006336,625946624,61276160,630423552,600662016,595841024,604196864,51875840,51736576,52031488,52977664
580136960,600526848,601542656,54595584,54329344,53006336,625946624,61276160,630423552,600662016,595841024,604196864,51875840,51736576,52031488,52977664
580136960,600526848,601542656,54595584,54329344,53006336,625946624,61276160,630423552,600662016,595841024,604196864,51875840,51736576,52031488,52977664
580136960,600526848,601542656,54595584,54329344,53006336,625946624,61276160,630423552,600662016,595841024,604196864,51875840,51736576,52031488,52977664
580136960,600526848,601542656,54595584,54329344,53006336,625946624,61276160,630423552,600662016,595841024,604196864,51875840,51736576,52031488,52977664
580136960,600526848,601542656,54595584,54329344,53006336,625946624,61276160,630423552,600662016,595841024,604196864,51875840,51736576,52031488,52977664
580136960,600526848,601542656,54595584,54329344,53006336,625946624,61276160,630423552,600662016,595841024,604196864,51875840,51736576,52031488,52977664
580136960,600526848,601542656,54595584,54329344,53006336,625946624,61276160,630423552,600662016,595841024,604196864,51875840,51736576,52031488,52977664
580136960,600526848,601542656,54595584,54329344,53006336,625946624,61276160,630423552,600662016,595841024,604196864,51875840,51736576,52031488,52977664
580136960,600526848,601542656,54595584,54329344,52887552,625946624,61276160,630423552,600662016,595841024,604196864,51875840,51736576,52031488,52977664
580136960,600600576,602161152,54595584,53563392,52887552,625946624,61276160,630423552,600662016,595841024,604196864,51875840,51736576,52031488,52977664
580136960,600600576,602161152,54595584,53563392,52695040,625946624,61472768,630423552,600662016,595841024,604196864,51875840,51736576,52031488,52977664
580136960,600600576,602161152,54595584,53563392,52695040,626061312,61472768,630423552,600662016,595841024,604196864,51875840,51736576,52031488,52977664
580136960,600600576,602161152,54595584,53563392,52695040,626061312,61472768,630423552,600662016,595841024,604196864,51875840,51736576,52031488,52977664
580136960,600600576,602161152,54595584,53563392,52695040,626061312,61313024,630423552,600662016,595841024,604196864,51875840,51736576,52031488,52977664
580136960,600600576,602161152,54595584,53563392,52695040,626061312,61317120,630423552,600662016,595841024,604196864,51875840,51736576,52031488,52977664
580136960,600600576,602161152,54599680,53563392,52695040,626061312,61317120,630423552,600662016,595841024,604196864,51875840,51736576,52031488,52977664
580136960,600600576,602161152,54599680,53563392,52695040,626061312,61317120,630423552,600662016,595841024,604196864,51875840,51736576,52031488,52977664
580136960,600600576,602161152,54599680,53563392,52695040,626061312,61317120,630423552,600662016,595841024,604196864,51875840,51736576,52031488,52977664
580136960,600600576,602161152,54599680,53563392,52695040,626061312,61321216,630423552,600662016,595841024,604196864,51875840,51736576,52031488,52977664
580136960,600600576,602161152,54599680,53563392,52695040,626061312,61321216,630423552,600662016,595841024,604196864,51875840,51736576,52031488,52977664
580136960,600600576,602161152,54599680,53563392,52695040,626061312,61321216,630423552,600662016,595841024,604196864,51875840,51736576,52031488,52977664
580136960,600600576,602161152,54599680,53563392,52695040,626061312,61321216,630423552,600662016,595841024,604196864,51875840,51736576,52031488,52977664
580136960,600600576,602161152,54599680,53563392,52695040,626061312,61321216,630423552,600662016,595841024,604196864,51875840,51736576,52031488,52977664
580136960,600600576,602161152,54599680,53563392,52695040,626061312,61321216,630423552,600662016,595841024,604196864,51875840,51736576,52031488,52977664
580136960,600600576,602161152,54599680,53563392,52695040,626061312,61321216,630423552,600662016,595841024,604196864,51875840,51736576,52031488,52977664
580136960,600600576,602161152,54599680,53563392,52695040,626061312,61321216,630423552,600662016,595841024,604196864,51875840,51736576,52031488,52977664
580136960,600600576,602161152,54599680,53563392,52695040,626061312,61321216,630423552,600662016,595841024,604196864,51875840,51736576,52031488,52977664
580136960,600600576,602161152,54599680,53563392,52695040,626061312,61321216,630423552,600662016,595841024,604196864,51875840,51736576,52031488,52977664
580136960,600600576,602161152,54599680,53563392,52695040,626061312,61321216,630423552,600662016,595841024,604196864,51875840,51736576,52031488,52977664
580136960,600600576,602161152,54599680,53563392,52695040,626061312,61321216,630423552,600662016,595841024,604196864,51875840,51736576,52031488,52977664
580136960,600600576,602161152,54599680,53563392,52695040,626061312,61321216,630423552,600662016,595841024,604196864,51875840,51736576,52031488,52977664
580136960,600600576,602161152,54599680,53563392,52695040,626061312,61321216,630423552,600662016,595841024,604196864,51875840,51736576,52031488,52977664
580136960,600600576,602161152,54599680,53567488,52695040,626061312,61321216,630423552,600662016,595841024,604196864,51875840,51736576,52031488,52977664
580136960,600600576,602161152,54599680,53567488,52695040,626061312,61325312,630423552,600662016,595841024,604196864,51875840,51736576,52031488,52977664
580136960,600600576,602161152,54599680,53567488,52695040,626061312,61325312,630423552,600662016,595841024,604196864,51875840,51736576,52031488,52977664
580136960,600600576,602161152,54599680,53567488,52695040,626061312,61325312,630423552,600662016,595841024,604196864,51875840,51736576,52031488,52977664
580136960,600600576,602161152,54599680,53567488,52695040,626061312,61325312,630423552,600662016,595841024,604196864,51875840,51736576,52031488,52977664
580136960,600600576,602161152,54599680,53567488,52695040,626061312,61329408,630423552,600662016,595841024,604196864,51875840,51736576,52031488,52977664
580136960,600600576,602161152,54599680,53567488,52695040,626061312,61329408,630423552,600662016,595841024,604196864,51875840,51736576,52031488,52977664
580136960,600600576,602161152,54599680,53567488,52695040,626061312,61329408,630423552,600662016,595841024,604196864,51875840,51736576,52031488,52977664
580136960,600604672,602161152,54599680,53567488,52695040,626061312,61329408,630423552,600662016,595841024,604196864,51875840,51736576,52031488,52977664
580136960,600604672,602161152,54599680,53567488,52695040,626061312,61329408,630423552,600662016,595841024,604196864,51875840,51736576,52031488,52977664
580136960,600604672,602161152,54599680,53567488,52695040,626061312,61329408,630423552,600662016,595841024,604196864,51875840,51736576,52031488,52977664
580136960,600604672,602161152,54583296,53567488,52695040,626061312,61329408,630423552,600662016,595841024,604196864,51875840,51736576,52031488,52977664
580136960,600604672,602161152,54583296,53567488,52695040,626061312,61329408,630423552,600662016,595841024,604196864,51875840,51736576,52031488,52977664
580136960,600604672,602161152,54583296,53567488,52695040,626061312,61329408,630423552,600662016,595841024,604196864,51875840,51736576,52031488,52977664
580136960,600604672,602161152,54599680,53567488,52695040,626061312,61329408,630423552,600662016,595841024,604196864,51875840,51736576,52031488,52977664
580136960,600604672,602161152,54599680,53567488,52695040,626061312,61329408,630423552,600662016,595841024,604196864,51875840,51736576,52031488,52977664
580136960,600604672,602161152,54599680,53571584,52695040,626061312,61329408,630423552,600662016,595841024,604196864,51875840,51736576,52031488,52977664
580136960,600604672,602161152,54599680,53571584,52695040,626061312,61329408,630423552,600662016,595841024,604196864,51875840,51736576,52031488,52977664
580136960,600604672,602161152,54599680,53571584,52695040,626061312,61329408,630423552,600662016,595841024,604196864,51875840,51736576,52031488,52977664
580136960,600604672,602161152,54599680,53571584,52695040,626061312,61329408,630423552,600662016,595841024,604196864,51875840,51736576,52031488,52977664
580136960,600604672,602161152,54599680,53571584,52695040,626061312,61329408,630423552,600662016,595841024,604196864,51875840,51736576,52031488,52977664
580136960,600604672,602161152,54599680,53571584,52695040,626061312,61329408,630423552,600662016,595841024,604196864,51875840,51736576,52031488,52977664
580136960,600604672,602161152,54599680,53571584,52695040,626061312,61333504,630423552,600662016,595841024,604196864,51875840,51736576,52031488,52977664
580136960,600604672,602161152,54599680,53571584,52695040,626061312,61333504,630423552,600662016,595841024,604196864,51875840,51736576,52031488,52977664
580136960,600604672,602161152,54599680,53571584,52695040,626061312,61333504,630423552,600662016,595841024,604196864,51875840,51736576,52031488,52977664
580136960,600604672,602161152,54599680,53571584,52695040,626061312,61333504,630423552,600662016,595841024,604196864,51875840,51736576,52031488,52977664
580136960,600604672,602161152,54599680,53571584,52695040,626061312,61333504,630423552,600662016,595841024,604196864,51875840,51736576,52031488,52977664
580136960,600604672,602161152,54599680,53571584,52695040,626061312,61341696,630423552,600662016,595841024,604196864,51875840,51736576,52031488,52977664
580136960,600604672,602161152,54599680,53571584,52695040,626061312,61341696,630423552,600662016,595841024,604196864,51875840,51736576,52031488,52977664
580136960,600604672,602161152,54599680,53571584,52695040,626061312,61341696,630423552,600662016,595841024,604196864,51875840,51736576,52031488,52977664
580136960,600604672,602161152,54599680,53571584,52699136,626061312,61341696,630423552,600662016,595841024,604196864,51875840,51736576,52031488,52977664
580136960,600604672,602161152,54599680,53571584,52699136,626061312,61341696,630423552,600662016,595841024,604196864,51875840,51736576,52031488,52977664
580136960,600604672,602161152,54599680,53571584,52699136,626061312,61341696,630423552,600662016,595841024,604196864,51875840,51736576,52031488,52977664
580136960,600604672,602161152,54599680,53571584,52699136,626061312,61341696,630423552,600662016,595841024,604196864,51875840,51736576,52031488,52977664
580136960,600604672,602161152,54599680,53571584,52699136,626061312,61341696,630423552,600662016,595841024,604196864,51875840,51736576,52031488,52977664
580136960,600604672,602161152,54599680,53571584,52699136,626061312,61341696,630423552,600662016,595841024,604196864,51875840,51736576,52031488,52977664
580136960,600604672,602161152,54599680,53571584,52699136,626061312,61341696,630423552,600662016,595841024,604196864,51875840,51736576,52031488,52977664
580136960,600604672,602161152,54599680,53571584,52699136,626061312,61341696,630423552,600662016,595841024,604196864,51875840,51736576,52031488,52977664
580136960,600604672,602161152,54599680,53571584,52699136,626061312,61341696,630423552,600662016,595841024,604196864,51875840,51736576,52031488,52981760
580136960,600604672,602161152,54599680,53571584,52699136,626061312,61345792,630423552,600662016,595841024,604196864,51875840,51736576,52031488,52981760
580136960,600604672,602161152,54599680,53555200,52699136,626061312,61349888,630423552,600662016,595841024,604196864,51875840,51736576,52031488,52981760
580136960,600604672,602161152,54599680,53555200,52699136,626061312,61349888,630423552,600662016,595841024,604196864,51875840,51736576,52031488,52981760
580136960,600604672,602161152,54599680,53571584,52699136,626061312,61349888,630423552,600662016,595841024,604196864,51875840,51736576,52031488,52981760
580136960,600604672,602161152,54599680,53571584,52699136,626061312,61349888,630423552,600662016,595841024,604196864,51875840,51736576,52031488,52981760
580136960,600604672,602161152,54599680,53571584,52699136,626061312,61349888,630423552,600662016,595841024,604196864,51875840,51736576,52031488,52981760
580136960,600604672,602161152,54599680,53571584,52699136,626061312,61349888,630423552,600662016,595841024,604196864,51875840,51736576,52031488,52981760
580136960,600604672,602161152,54599680,53571584,52699136,626061312,61349888,630423552,600662016,595841024,604196864,51875840,51736576,52031488,52981760
580136960,600604672,602161152,54599680,53571584,52699136,626061312,61349888,630423552,600662016,595841024,604196864,51875840,51736576,52031488,52981760
580136960,600604672,602161152,54599680,53571584,52699136,626061312,61358080,630423552,600662016,595841024,604196864,51875840,51736576,52031488,52981760
580136960,600604672,602161152,54599680,53571584,52699136,626061312,61358080,630423552,600662016,595841024,604196864,51875840,51736576,52031488,52981760
580136960,600604672,602161152,54599680,53571584,52699136,626061312,61358080,630423552,600662016,595841024,604196864,51875840,51736576,52031488,52981760
580136960,600604672,602161152,54603776,53571584,52699136,626061312,61358080,630423552,600662016,595841024,604196864,51875840,51736576,52031488,52981760
580136960,600604672,602161152,54603776,53571584,52699136,626061312,61358080,630423552,600662016,595841024,604196864,51875840,51736576,52031488,52981760
580136960,600604672,602161152,54603776,53571584,52699136,626061312,61358080,630423552,600662016,595841024,604196864,51875840,51736576,52031488,52981760
580136960,600604672,602161152,54603776,53571584,52699136,626061312,61358080,630423552,600662016,595841024,604196864,51875840,51736576,52031488,52981760
580136960,600604672,602161152,54603776,53571584,52699136,626061312,61358080,630423552,600662016,595841024,604196864,51875840,51736576,52031488,52981760
580136960,600604672,602161152,54603776,53571584,52699136,626061312,61358080,630423552,600662016,595841024,604196864,51875840,51736576,52031488,52981760
580136960,600604672,602161152,54603776,53571584,52699136,626061312,61358080,630423552,600662016,595841024,604196864,51875840,51736576,52031488,52981760
580136960,600604672,602161152,54603776,53571584,52699136,626061312,61358080,630423552,600662016,595841024,604196864,51875840,51736576,52031488,52981760
580136960,600604672,602161152,54603776,53571584,52699136,626061312,61358080,630423552,600662016,595841024,604196864,51875840,51736576,52031488,52981760
580136960,600604672,602161152,54603776,53571584,52699136,626061312,61358080,630423552,600662016,595841024,604196864,51875840,51736576,52031488,52981760
580136960,600604672,602161152,54603776,53571584,52699136,626061312,61358080,630423552,600662016,595841024,604196864,51875840,51736576,52031488,52981760
580136960,600604672,602161152,54603776,53571584,52699136,626061312,61358080,630423552,600662016,595841024,604196864,51875840,51736576,52031488,52981760
580136960,600604672,602161152,54603776,53571584,52699136,626061312,61358080,630423552,600662016,595841024,604196864,51875840,51736576,52031488,52981760
580136960,600604672,602161152,54603776,53571584,52699136,626061312,61358080,630423552,600662016,595841024,604196864,51875840,51736576,52031488,52981760
580136960,600604672,602161152,54603776,53571584,52703232,626061312,61358080,630423552,600662016,595841024,604196864,51875840,51736576,52031488,52981760
580141056,600604672,602161152,54603776,53571584,52703232,626061312,61358080,630423552,600662016,595841024,604196864,51875840,51736576,52031488,52981760
580141056,600604672,602161152,54603776,53571584,52703232,626061312,61358080,630423552,600662016,595841024,604196864,51875840,51736576,52031488,52981760
580141056,600604672,602161152,54603776,53571584,52703232,626061312,61358080,630423552,600662016,595841024,604196864,51875840,51736576,52031488,52981760
580141056,600604672,602161152,54603776,53571584,52703232,626061312,61358080,630423552,600662016,595841024,604196864,51875840,51736576,52031488,52981760
580141056,600604672,602161152,54603776,53571584,52703232,626061312,61358080,630423552,600662016,595841024,604196864,51875840,51736576,52031488,52981760
580141056,600604672,602161152,54603776,53571584,52703232,626061312,61358080,630423552,600662016,595841024,604196864,51875840,51736576,52031488,52981760
580141056,600604672,602161152,54603776,53571584,52703232,626061312,61362176,630423552,600662016,595841024,604196864,51875840,51736576,52031488,52981760
580141056,600604672,602161152,54603776,53571584,52703232,626061312,61362176,630423552,600662016,595841024,604196864,51875840,51736576,52031488,52981760
580141056,600604672,602161152,54603776,53571584,52703232,626061312,61362176,630423552,600662016,595841024,604196864,51875840,51736576,52031488,52981760
580141056,600604672,602161152,54603776,53571584,52703232,626061312,61366272,630423552,600662016,595841024,604196864,51875840,51736576,52031488,52981760
580141056,600604672,602161152,54603776,53571584,52703232,626061312,61366272,630423552,600662016,595841024,604196864,51875840,51736576,52031488,52981760
580141056,600604672,602161152,54603776,53571584,52703232,626061312,61366272,630423552,600662016,595841024,604196864,51875840,51736576,52031488,52981760
580141056,600604672,602161152,54603776,53571584,52703232,626061312,61366272,630423552,600662016,595841024,604196864,51875840,51736576,52031488,52981760
580141056,600604672,602161152,54603776,53571584,52703232,626061312,61366272,630423552,600662016,595841024,604196864,51875840,51736576,52031488,52981760
580141056,600604672,602161152,54603776,53571584,52703232,626061312,61366272,630423552,600662016,595841024,604196864,51875840,51736576,52031488,52981760
580141056,600604672,602161152,54603776,53571584,52703232,626061312,61366272,630423552,600662016,595841024,604196864,51875840,51736576,52031488,52981760
580141056,600604672,602161152,54603776,53571584,52703232,626061312,61366272,630423552,600662016,595841024,604196864,51875840,51736576,52031488,52981760
580141056,600604672,602161152,54603776,53571584,52703232,626061312,61366272,630423552,600662016,595841024,604196864,51875840,51736576,52031488,52981760
580141056,600604672,602161152,54603776,53571584,52703232,626061312,61366272,630423552,600662016,595841024,604196864,51875840,51736576,52031488,52981760
580141056,600604672,602161152,54603776,53571584,52703232,626061312,61366272,630423552,600662016,595841024,604196864,51875840,51736576,52031488,52981760
580141056,600604672,602161152,54603776,53571584,52703232,626061312,61370368,630423552,600662016,595841024,604196864,51875840,51736576,52031488,52981760
580141056,600604672,602161152,54603776,53571584,52703232,626061312,61370368,630423552,600662016,595841024,604196864,51875840,51736576,52031488,52981760
580141056,600604672,602161152,54603776,53571584,52703232,626061312,61370368,630423552,600662016,595841024,604196864,51875840,51736576,52031488,52981760
580141056,600604672,602161152,54603776,53571584,52703232,626061312,61370368,630423552,600662016,595841024,604196864,51875840,51736576,52031488,52981760
580141056,600604672,602161152,54607872,53571584,52703232,626061312,61370368,630423552,600662016,595841024,604196864,51875840,51736576,52031488,52981760
580141056,600604672,602161152,54607872,53571584,52703232,626061312,61370368,630423552,600662016,595841024,604196864,51875840,51736576,52031488,52981760
580141056,600604672,602161152,54607872,53571584,52703232,626061312,61370368,630423552,600662016,595841024,604196864,51875840,51736576,52031488,52981760
580141056,600604672,602161152,54607872,53571584,52703232,626061312,61370368,630423552,600662016,595841024,604196864,51875840,51736576,52031488,52981760
580141056,600604672,602161152,54611968,53571584,52703232,626061312,61370368,630423552,600662016,595841024,604196864,51875840,51736576,52031488,52981760
580141056,600604672,602161152,54611968,53571584,52703232,626061312,61370368,630423552,600662016,595841024,604196864,51875840,51736576,52031488,52981760
580141056,600604672,602161152,54611968,53571584,52703232,626061312,61370368,630423552,600662016,601268224,604196864,51875840,51736576,52031488,52981760
580141056,600604672,602161152,54611968,53571584,52703232,626061312,61370368,630423552,600662016,601268224,604196864,51875840,51736576,52809728,52981760
580141056,600604672,602161152,54611968,53571584,52703232,626061312,61370368,630423552,600662016,601268224,604196864,51875840,51736576,52809728,52981760
580141056,600604672,602161152,54611968,53571584,52703232,626061312,61767680,630423552,600662016,601268224,604196864,51875840,51736576,52809728,52981760
580141056,600604672,602161152,54611968,53571584,52703232,626061312,61767680,630423552,600662016,601268224,604196864,51875840,51736576,52809728,52981760
580141056,600604672,602161152,54611968,53571584,52703232,626286592,61599744,630423552,600662016,601268224,604196864,51875840,51736576,52809728,52981760
580141056,600604672,602161152,54611968,53571584,52703232,626286592,61599744,630423552,600662016,601268224,604196864,51875840,51736576,52809728,52981760
580141056,600604672,602161152,54611968,53571584,52703232,626286592,61599744,630423552,600662016,601268224,604196864,51875840,51736576,52809728,52981760
580141056,600604672,602161152,54611968,53571584,52686848,626286592,61599744,630423552,600662016,601268224,604196864,51875840,51736576,52809728,52981760
580141056,600604672,602161152,54611968,53571584,52686848,626286592,61603840,630423552,600662016,601268224,604196864,51875840,51736576,52809728,52981760
580141056,600604672,602161152,54611968,53571584,52686848,626286592,61603840,630423552,600662016,601268224,604196864,51875840,53755904,52809728,52981760
580141056,600604672,602161152,54611968,53571584,52703232,626286592,61603840,631042048,602144768,601268224,608272384,52371456,53747712,52809728,52981760
580141056,600604672,602161152,54611968,53571584,52703232,626286592,61603840,631042048,602144768,601268224,608272384,52371456,53747712,52809728,53522432
580141056,600604672,602161152,54611968,53571584,52703232,626286592,61603840,631042048,602144768,601268224,608272384,52371456,53747712,52809728,53522432
580141056,600604672,602161152,54611968,53571584,52703232,626286592,60649472,631042048,602144768,601268224,608272384,52371456,53747712,52809728,53522432
580141056,600604672,602161152,54611968,53571584,52703232,626372608,60649472,631042048,602144768,601268224,610328576,52371456,53747712,52809728,54329344
580141056,600604672,602161152,54611968,53571584,52703232,626372608,60674048,631042048,602144768,601268224,610328576,52375552,53747712,52809728,53538816
580141056,600604672,602161152,54611968,53571584,52703232,626372608,61497344,631042048,603639808,601268224,610328576,52375552,53739520,52809728,53538816
580141056,600604672,602161152,54611968,53571584,52703232,626376704,59260928,631042048,611815424,601268224,610328576,52375552,52174848,52809728,53538816
580141056,600604672,602161152,54611968,53571584,52703232,626376704,59260928,631042048,611815424,601268224,610328576,52375552,52174848,52809728,53538816
580141056,600604672,602161152,54611968,53571584,52703232,626376704,60059648,631042048,611815424,601268224,610328576,52375552,52174848,52809728,53538816
580141056,600604672,602161152,54611968,53571584,52703232,628412416,60059648,631042048,611815424,601268224,610328576,52375552,52174848,52809728,53538816
580141056,600604672,602161152,54611968,53571584,52703232,628412416,60084224,631042048,611815424,601268224,610328576,52375552,52174848,52809728,53538816
580141056,600604672,602161152,54611968,55107584,52703232,628412416,60084224,631042048,611815424,601268224,610328576,52375552,52174848,52809728,53538816
580141056,608014336,602161152,54611968,53448704,52703232,628785152,60104704,631042048,611815424,601268224,610328576,52375552,52174848,52809728,53542912
580141056,608014336,602161152,56147968,53448704,52703232,628785152,60104704,631042048,611815424,601268224,610328576,52375552,52174848,52809728,53542912
582750208,608014336,602161152,56147968,53448704,52703232,628785152,59609088,631042048,611815424,601268224,610328576,52375552,52174848,52809728,53542912
582750208,608014336,602161152,53358592,53448704,52703232,628785152,59629568,631042048,611815424,601268224,610328576,52375552,52174848,52809728,53542912
582750208,608014336,602161152,53358592,53448704,52703232,629043200,59629568,631042048,611815424,601268224,610328576,52375552,52174848,52809728,53542912
582750208,608014336,602161152,53358592,53448704,52228096,629043200,58839040,631042048,611815424,601268224,610328576,52375552,52174848,52809728,53542912
582750208,608014336,604651520,53358592,53448704,52228096,629043200,58839040,632139776,611815424,601268224,610328576,52137984,52174848,52813824,53542912
582750208,608014336,604651520,53358592,53448704,52228096,629043200,58892288,632139776,611815424,601268224,610328576,52137984,52174848,52813824,53542912
582750208,608014336,604651520,53358592,53448704,52228096,629043200,58892288,632139776,611815424,601268224,610328576,52142080,52174848,52813824,53542912
582750208,608014336,604651520,53358592,53448704,52228096,630456320,58208256,632139776,611815424,605278208,610328576,52142080,52174848,52150272,53542912
582750208,608014336,604651520,53358592,53448704,52228096,630456320,56193024,632139776,611815424,605278208,610328576,52142080,52174848,52150272,53542912
582750208,608014336,604651520,53358592,53448704,52228096,630456320,56193024,632139776,611815424,605278208,610328576,52150272,52174848,52150272,54169600
582750208,608014336,604651520,53358592,53448704,52228096,630456320,60973056,632139776,611815424,605278208,610328576,52219904,52174848,52150272,54583296
582750208,608014336,604651520,53358592,53448704,52228096,633102336,60973056,632139776,611815424,605278208,610328576,52219904,52174848,52150272,54583296
582750208,608014336,604651520,53854208,53448704,52228096,633102336,58626048,632139776,611815424,605278208,610328576,52219904,52174848,52150272,54583296
582750208,608014336,604655616,53854208,53149696,52772864,633102336,56287232,632139776,611815424,605278208,610328576,52224000,52244480,52150272,54583296
582750208,608014336,604655616,53424128,53149696,52465664,633102336,56287232,632139776,611975168,605278208,610328576,52224000,52244480,52150272,54583296
582750208,608014336,604655616,53424128,53149696,52465664,633102336,56287232,632139776,611975168,605278208,610328576,52224000,52244480,52150272,54743040
582750208,608014336,604655616,53424128,53149696,52465664,633102336,56287232,632139776,612646912,605278208,610328576,52330496,52301824,52232192,54743040
582750208,608014336,604655616,53424128,53149696,52555776,633102336,56541184,632258560,636465152,605278208,610480128,52264960,53182464,52232192,54706176
582750208,608014336,604631040,53424128,53153792,52555776,633102336,56541184,632258560,636465152,608628736,610480128,52264960,53186560,52195328,54706176
582750208,608014336,630112256,53579776,53305344,52555776,633102336,57487360,650981376,636465152,608604160,638668800,52264960,53186560,52195328,55021568
583798784,608002048,630112256,53571584,53264384,54657024,633102336,57487360,650981376,636465152,634781696,638668800,52584448,53186560,54075392,55021568
591396864,608641024,630112256,54087680,53264384,54657024,643497984,65552384,650981376,636465152,634781696,638668800,52584448,53186560,54075392,55021568
591396864,622215168,630112256,54087680,54075392,54657024,654229504,93171712,650981376,636465152,634781696,638668800,52584448,53186560,54079488,55021568
591396864,622215168,630112256,54087680,54075392,54657024,680206336,93171712,650981376,636465152,634781696,638668800,52584448,53186560,54079488,55021568
591396864,622215168,630112256,54087680,54075392,54657024,680206336,74264576,650981376,636465152,634781696,638668800,52584448,53186560,54079488,55021568
591396864,622215168,630112256,54087680,54075392,54657024,680206336,74264576,650981376,636465152,634781696,638668800,52584448,53186560,54079488,56541184
591396864,622215168,630112256,54087680,54075392,54657024,703442944,74264576,650981376,636465152,634785792,668499968,51978240,53186560,55214080,54943744
591396864,622215168,630112256,59355136,60223488,54657024,744730624,102899712,701825024,668983296,694480896,690761728,51978240,53186560,55500800,54943744
626343936,622215168,630112256,53051392,53927936,62181376,744730624,71401472,701825024,668983296,694480896,690761728,51978240,53202944,55500800,54943744
644825088,668401664,676491264,53051392,53927936,55894016,744730624,59445248,701825024,686436352,694484992,690765824,51978240,53202944,55500800,54943744
644825088,668401664,676495360,53051392,53927936,55894016,744730624,59445248,701833216,686436352,694484992,690769920,51978240,53202944,55500800,54943744
694001664,668401664,676495360,53051392,53927936,55894016,744730624,59445248,701849600,686436352,721739776,690769920,51978240,53202944,55500800,54943744
694001664,668409856,676503552,53051392,53927936,55894016,744730624,59445248,701849600,614051840,721739776,690790400,51978240,52137984,56356864,54943744
717910016,668409856,676503552,53051392,53927936,55894016,744730624,59445248,724553728,614051840,609472512,690790400,51978240,52137984,53202944,57761792
737898496,668426240,676503552,53051392,53927936,55894016,744730624,59445248,672047104,614051840,609472512,609648640,52051968,52137984,53202944,57761792
737898496,668426240,696287232,53051392,53927936,55894016,744730624,59445248,672047104,614051840,609472512,609648640,52051968,52137984,53202944,54603776
752570368,603549696,696287232,53051392,53927936,52031488,744730624,65646592,672047104,614051840,609472512,609648640,52051968,52137984,53202944,54603776
752570368,603549696,606068736,53051392,53387264,52031488,674217984,76075008,672047104,614051840,609472512,609648640,52051968,52137984,53202944,54603776
752570368,603549696,606068736,53051392,53387264,52031488,674217984,76075008,672047104,614051840,609472512,609648640,52051968,52137984,53202944,54603776
609677312,603549696,606068736,51982336,53387264,52031488,692428800,63410176,672047104,614051840,609472512,609648640,52051968,52137984,53202944,54603776
609677312,603549696,606068736,51982336,53387264,52031488,692428800,63410176,672047104,614051840,609472512,609648640,52051968,52137984,53202944,54603776
609677312,603549696,606068736,51982336,53387264,52031488,692428800,63414272,672047104,614051840,609472512,609648640,52051968,52137984,53202944,54603776
609677312,603549696,606068736,51982336,53387264,52031488,741699584,63430656,674979840,614051840,609472512,619679744,69328896,52137984,53202944,54603776
609677312,611737600,606068736,71356416,72851456,52031488,741699584,155381760,678727680,614051840,609472512,619679744,51806208,52277248,71438336,73854976
621219840,664084480,606068736,52424704,72851456,52031488,741699584,155381760,678727680,621719552,681209856,677638144,51806208,70893568,54439936,54935552
563638272,664084480,606068736,52424704,53862400,52031488,741699584,60690432,678735872,716009472,681996288,677638144,51806208,51965952,54439936,54935552
563638272,666312704,706641920,53522432,54927360,53239808,741699584,60690432,678735872,716009472,625344512,621551616,51544064,51965952,54349824,54153216
563638272,610512896,706605056,53522432,54927360,53239808,741699584,60706816,620855296,654041088,625344512,621551616,51544064,51527680,54349824,54153216
563638272,610512896,706605056,53522432,54927360,53428224,741699584,60780544,620855296,654041088,625344512,621551616,51544064,51527680,54349824,54153216
563638272,610512896,648564736,53522432,54931456,53428224,741896192,60780544,620855296,654041088,625344512,621551616,51544064,51527680,54349824,54153216
563638272,610512896,648564736,53522432,54931456,53428224,741896192,60788736,620855296,654041088,625344512,621551616,51544064,51625984,54349824,54153216
563638272,610512896,648564736,53522432,54931456,53428224,742227968,60788736,620855296,614776832,625344512,621551616,51544064,53084160,54349824,54153216
563638272,610512896,648564736,53522432,55013376,53432320,742227968,61108224,642437120,632709120,625344512,624414720,52244480,53067776,54349824,54153216
563638272,629940224,648564736,53649408,55013376,53432320,742227968,61255680,642437120,632709120,643706880,624414720,52244480,53067776,51535872,54968320
563638272,629940224,669003776,53583872,54579200,53968896,742227968,61263872,642437120,632709120,643706880,639250432,52228096,53067776,51535872,54968320
588853248,629940224,669003776,53583872,54579200,53968896,742227968,61263872,642437120,632709120,643706880,639250432,52228096,53067776,51535872,54968320
588853248,629940224,669003776,53145600,54579200,53968896,742227968,61263872,642437120,632709120,645668864,639250432,52310016,53067776,51535872,54968320
588853248,629940224,669003776,53145600,54579200,53968896,742297600,61558784,642592768,632709120,645808128,639250432,52273152,53067776,51703808,54968320
588853248,629940224,669003776,53272576,54579200,54054912,742297600,61612032,642592768,632709120,645808128,639647744,52273152,53075968,51638272,54968320
588853248,629940224,670511104,53272576,54706176,54054912,742297600,61612032,642592768,632893440,645808128,639647744,52273152,53075968,51634176,54980608
588910592,629940224,670511104,53252096,54640640,54054912,742297600,61558784,642592768,632893440,645808128,639647744,52273152,53075968,51634176,54980608
588910592,631242752,670511104,53252096,54640640,54054912,742297600,61558784,642592768,632893440,645808128,639647744,52273152,53075968,51634176,54980608
588910592,631242752,670511104,53252096,54640640,54054912,742297600,61558784,642592768,632893440,645808128,639647744,52273152,53075968,51634176,54980608
588910592,631242752,670511104,53252096,54640640,54054912,742297600,61562880,642592768,632893440,645808128,639647744,52273152,53075968,51634176,54980608
588910592,631242752,670511104,53252096,54640640,54054912,742297600,61562880,642592768,632893440,645808128,639647744,52273152,53075968,51634176,54980608
588910592,631242752,670511104,53252096,54640640,54054912,742297600,61566976,642592768,632893440,645808128,639647744,52273152,53075968,51634176,54980608
588910592,631242752,670511104,53252096,54640640,54054912,742297600,61566976,642592768,632893440,645808128,639647744,52273152,53075968,51634176,54980608
588910592,631242752,670511104,53252096,54640640,54054912,742297600,61566976,642592768,632893440,645808128,639647744,52273152,53075968,51634176,54980608
588910592,631242752,670511104,53252096,54640640,54054912,742297600,61566976,642592768,632893440,645808128,639647744,52273152,53075968,51634176,54980608
588910592,631242752,670511104,53252096,54640640,54054912,742297600,61566976,642592768,632893440,645808128,639647744,52273152,53075968,51634176,54980608
588910592,631242752,670511104,53252096,54640640,54054912,742297600,61566976,642592768,632893440,645808128,639647744,52273152,53075968,51634176,54980608
588910592,631242752,670511104,53252096,54640640,54054912,742297600,61566976,642592768,632893440,645808128,639647744,52273152,53075968,51634176,54980608
588910592,631242752,670511104,53248000,54640640,54054912,742297600,61566976,642592768,632893440,645808128,639647744,52273152,53075968,51634176,54980608
588910592,631242752,670511104,53248000,54640640,54054912,742297600,61566976,642592768,632893440,645808128,639647744,52273152,53075968,51634176,54980608
588910592,631242752,670511104,53248000,54640640,54054912,742297600,61566976,642592768,632893440,645808128,639647744,52273152,53075968,51634176,54980608
588910592,631242752,670511104,53248000,54640640,54054912,742297600,61566976,642592768,632893440,645808128,639647744,52273152,53075968,51634176,54980608
588910592,631242752,670511104,53248000,54640640,54054912,742297600,61571072,642592768,632893440,645808128,639647744,52273152,53075968,51634176,54980608
588910592,631242752,670511104,53248000,54640640,54054912,742297600,61571072,642592768,632893440,645808128,639647744,52273152,53075968,51634176,54980608
588910592,631242752,670511104,53248000,54640640,54054912,742297600,61571072,642592768,632893440,645808128,639647744,52273152,53075968,51634176,54980608
588910592,631242752,670511104,53248000,54640640,54054912,742297600,61571072,642592768,632893440,645808128,639647744,52273152,53075968,51634176,54980608
588910592,631242752,670511104,53248000,54640640,54054912,742297600,61571072,642592768,632893440,645808128,639647744,52273152,53075968,51634176,54980608
588910592,631242752,670511104,53248000,54640640,54054912,742297600,61579264,642592768,632893440,645808128,639647744,52273152,53075968,51634176,54980608
588910592,631242752,670511104,53248000,54640640,54054912,742297600,61579264,642592768,632893440,645808128,639647744,52273152,53075968,51634176,54980608
588910592,631242752,670511104,53248000,54640640,54054912,742297600,61579264,642592768,632893440,645808128,639647744,52273152,53075968,51634176,54980608
588910592,631242752,670511104,53248000,54640640,54054912,742297600,61579264,642592768,632893440,645808128,639647744,52273152,53075968,51634176,54980608
588910592,631242752,670511104,53248000,54640640,54054912,742297600,61579264,642592768,632893440,645808128,639647744,52273152,53075968,51634176,54980608
588910592,631242752,670511104,53248000,54640640,54054912,742297600,61579264,642592768,632893440,645808128,639647744,52273152,53075968,51634176,54980608
588910592,631242752,670511104,53248000,54640640,54054912,742297600,61579264,642592768,632893440,645808128,639647744,52273152,53075968,51634176,54980608
588910592,631242752,670511104,53248000,54640640,54054912,742297600,61579264,642592768,632893440,645808128,639647744,52273152,53075968,51634176,54980608
588910592,631242752,670511104,53248000,54640640,54054912,742297600,61579264,642592768,632893440,645808128,639647744,52273152,53075968,51634176,54980608
588910592,631242752,670511104,53248000,54640640,54054912,742297600,61579264,642592768,632893440,645808128,639647744,52273152,53075968,51634176,54980608
588910592,631242752,670511104,53248000,54640640,54054912,742297600,61579264,642592768,632893440,645808128,639647744,52273152,53075968,51634176,54980608
588910592,631242752,670511104,53248000,54640640,54054912,742297600,61579264,642592768,632893440,645808128,639647744,52273152,53075968,51634176,54980608
588910592,631242752,670511104,53248000,54640640,54054912,742297600,61579264,642592768,632893440,645808128,639647744,52273152,53075968,51634176,54980608
588910592,631242752,670511104,53248000,54640640,54054912,742297600,61579264,642592768,632893440,645808128,639647744,52273152,53075968,51634176,54980608
588910592,631242752,670511104,53248000,54640640,54054912,742297600,61579264,642592768,632893440,645808128,639647744,52273152,53075968,51634176,54980608
588910592,631242752,670511104,53248000,54640640,54054912,742297600,61583360,642592768,632893440,645808128,639647744,52273152,53075968,51634176,54980608
588910592,631242752,670511104,53248000,54640640,54054912,742297600,61583360,642592768,632893440,645808128,639647744,52273152,53075968,51634176,54980608
588910592,631242752,670511104,53248000,54640640,54054912,742297600,61583360,642592768,632893440,645808128,639647744,52273152,53075968,51634176,54980608
588910592,631242752,670511104,53248000,54640640,54054912,742297600,61583360,642592768,632893440,645808128,639647744,52273152,53075968,51634176,54980608
588910592,631242752,670511104,53248000,54640640,54054912,742297600,61583360,642592768,632893440,645808128,639647744,52273152,53075968,51634176,54980608
588910592,631242752,670511104,53248000,54640640,54054912,742297600,61583360,642592768,632893440,645808128,639647744,52273152,53075968,51634176,54980608
588910592,631242752,670511104,53248000,54640640,54054912,742297600,61583360,642592768,632893440,645808128,639647744,52273152,53075968,51634176,54980608
588910592,631242752,670511104,53248000,54640640,54054912,742297600,61583360,642592768,632893440,645808128,639647744,52273152,53075968,51634176,54980608
588910592,631242752,670511104,53248000,54640640,54054912,742297600,61583360,642592768,632893440,645808128,639647744,52273152,53075968,51634176,54980608
588910592,631242752,670511104,53248000,54640640,54054912,742297600,61583360,642592768,632893440,645808128,639647744,52273152,53075968,51634176,54980608
588910592,631242752,670511104,53248000,54640640,54054912,742297600,61583360,642592768,632893440,645808128,639647744,52273152,53075968,51634176,54980608
588910592,631242752,670511104,53248000,54640640,54054912,742297600,61583360,642592768,632893440,645808128,639647744,52273152,53075968,51634176,54980608
588910592,631242752,670511104,53248000,54640640,54054912,742297600,61583360,642592768,632893440,645808128,639647744,52273152,53075968,51634176,54980608
588910592,631242752,670511104,53248000,54640640,54054912,742297600,61583360,642592768,632893440,645808128,639647744,52273152,53075968,51634176,54980608
588910592,631242752,670511104,53248000,54640640,54054912,742297600,61583360,642592768,632893440,645808128,639647744,52273152,53075968,51634176,54980608
588910592,631242752,670511104,53248000,54640640,54054912,742297600,61587456,642592768,632893440,645808128,639647744,52273152,53075968,51634176,54980608
588910592,631242752,670511104,53248000,54640640,54054912,742297600,61587456,642592768,632893440,645808128,639647744,52273152,53075968,51634176,54980608
588910592,631242752,670511104,53248000,54640640,54054912,742297600,61587456,642592768,632893440,645808128,639647744,52273152,53075968,51634176,54980608
588910592,631242752,670511104,53248000,54640640,54054912,742297600,61587456,642592768,632893440,645808128,639647744,52273152,53075968,51634176,54980608
588910592,631242752,670511104,53248000,54640640,54054912,742297600,61587456,642592768,632893440,645808128,639647744,52273152,53075968,51634176,54980608
588910592,631242752,670511104,53248000,54640640,54054912,742297600,61587456,642592768,632893440,645808128,639647744,52273152,53075968,51634176,54980608
588910592,631242752,670511104,53248000,54640640,54054912,742297600,61587456,642592768,632893440,645808128,639647744,52273152,53075968,51634176,54980608
588910592,631242752,670511104,53248000,54640640,54054912,742297600,61587456,642592768,632893440,645808128,639647744,52273152,53075968,51634176,54980608
588910592,631242752,670511104,53248000,54640640,54054912,742297600,61587456,642592768,632893440,645808128,639647744,52273152,53075968,51634176,54980608
588910592,631242752,670511104,53248000,54640640,54054912,742297600,61587456,642592768,632893440,645808128,639647744,52273152,53075968,51634176,54980608
588910592,631242752,670511104,53248000,54640640,54054912,742297600,61587456,642592768,632893440,645808128,639647744,52273152,53075968,51634176,54980608
588910592,631242752,670511104,53248000,54640640,54054912,742297600,61587456,642592768,632893440,645808128,639647744,52273152,53075968,51634176,54980608
588910592,631242752,670511104,53248000,54640640,54054912,742297600,61587456,642592768,632893440,645808128,639647744,52273152,53075968,51634176,54980608
588910592,631242752,670511104,53248000,54640640,54054912,742297600,61587456,642592768,632893440,645808128,639647744,52273152,53075968,51634176,54980608
588910592,631242752,670511104,53248000,54640640,54054912,742297600,61587456,642592768,632893440,645808128,639647744,52273152,53075968,51634176,54980608
588910592,631242752,670511104,53248000,54640640,54054912,742297600,61587456,642592768,632893440,645808128,639647744,52273152,53075968,51634176,54980608
588910592,631242752,670511104,53248000,54640640,54054912,742297600,61587456,642592768,632893440,645808128,639647744,52273152,53075968,51634176,54980608
588910592,631242752,670511104,53248000,54640640,54054912,742297600,61587456,642592768,632893440,645808128,639647744,52273152,53075968,51634176,54980608
588910592,631242752,670511104,53248000,54640640,54054912,742297600,61587456,642592768,632893440,645808128,639647744,52273152,53075968,51634176,54980608
588910592,631242752,670511104,53248000,54640640,54054912,742297600,61587456,642592768,632893440,645808128,639647744,52273152,53075968,51634176,54980608
588910592,631242752,670511104,53248000,54640640,54054912,742297600,61587456,642592768,632893440,645808128,639647744,52273152,53075968,51634176,54980608
588910592,631242752,670511104,53248000,54640640,54054912,742297600,61587456,642592768,632893440,645808128,639647744,52273152,53075968,51634176,54980608
588910592,631242752,670511104,53248000,54640640,54054912,742297600,61587456,642592768,632893440,645808128,639647744,52273152,53075968,51634176,54980608
588910592,631242752,670511104,53248000,54640640,54054912,742297600,61587456,642592768,632893440,645808128,639647744,52273152,53075968,51634176,54980608
588910592,631242752,670511104,53248000,54640640,54054912,742297600,61587456,642592768,632893440,645808128,639647744,52273152,53075968,51634176,54980608
588910592,631242752,670511104,53248000,54640640,54054912,742297600,61587456,642592768,632893440,645808128,639647744,52273152,53075968,51634176,54980608
588910592,631242752,670511104,53248000,54640640,54054912,742297600,61587456,642592768,632893440,645808128,639647744,52273152,53075968,51634176,54980608
588910592,631242752,670511104,53248000,54640640,54054912,742297600,61591552,642592768,632893440,645808128,639647744,52273152,53075968,51634176,54980608
588910592,631242752,670511104,53248000,54640640,54054912,742297600,61591552,642592768,632893440,645808128,639647744,52273152,53075968,51634176,54980608
588910592,631242752,670511104,53248000,54640640,54054912,742297600,61595648,642592768,632893440,645808128,639647744,52273152,53075968,51634176,54980608
588910592,631242752,670511104,53248000,54640640,54054912,742297600,61595648,642592768,632893440,645808128,639647744,52273152,53075968,51634176,54980608
588910592,631242752,670511104,53248000,54640640,54054912,742297600,61595648,642592768,632893440,645808128,639647744,52273152,53075968,51634176,54980608
588910592,631242752,670511104,53248000,54640640,54054912,742297600,61595648,642592768,632893440,645808128,639647744,52273152,53075968,51634176,54980608
588910592,631242752,670511104,53248000,54640640,54054912,742297600,61595648,642592768,632893440,645808128,639647744,52273152,53075968,51634176,54980608
588910592,631242752,670511104,53248000,54640640,54054912,742297600,61595648,642592768,632893440,645808128,639647744,52273152,53075968,51634176,54980608
588910592,631242752,670511104,53248000,54640640,54054912,742297600,61595648,642592768,632893440,645808128,639647744,52273152,53075968,51634176,54980608
588910592,631242752,670511104,53248000,54640640,54054912,742297600,61595648,642592768,632893440,645808128,639647744,52273152,53075968,51634176,54980608
588910592,631242752,670511104,53248000,54640640,54054912,742297600,61595648,642592768,632893440,645808128,639647744,52273152,53075968,51634176,54980608
588910592,631242752,670511104,53248000,54640640,54054912,742297600,61595648,642592768,632893440,645808128,639647744,52273152,53075968,51634176,54980608
588910592,631242752,670511104,53248000,54640640,54054912,742297600,61595648,642592768,632893440,645808128,639647744,52273152,53075968,51634176,54980608
588910592,631242752,670511104,53248000,54640640,54054912,742297600,61595648,642592768,632893440,645808128,639647744,52273152,53075968,51634176,54980608
588910592,631242752,670511104,53248000,54640640,54054912,742297600,61595648,642592768,632893440,645808128,639647744,52273152,53075968,51634176,54980608
588910592,631242752,670511104,53248000,54640640,54054912,742297600,61595648,642592768,632893440,645808128,639647744,52273152,53075968,51634176,54980608
588910592,631242752,670511104,53248000,54640640,54054912,742297600,61595648,642592768,632893440,645808128,639647744,52273152,53075968,51634176,54980608
588910592,631242752,670511104,53248000,54640640,54054912,742297600,61595648,642592768,632893440,645808128,639647744,52273152,53075968,51634176,54980608
588910592,631242752,670511104,53248000,54640640,54054912,742297600,61595648,642592768,632893440,645808128,639647744,52273152,53075968,51634176,54980608
588910592,631242752,670511104,53248000,54640640,54054912,742297600,61595648,642592768,632893440,645808128,639647744,52273152,53075968,51634176,54980608
588910592,631242752,670511104,53248000,54640640,54054912,742297600,61595648,642592768,632893440,645808128,639647744,52273152,53075968,51634176,54980608
588910592,631242752,670511104,53248000,54640640,54054912,742297600,61595648,642592768,632893440,645808128,639647744,52273152,53075968,51634176,54980608
588910592,631242752,670511104,53248000,54640640,54054912,742297600,61595648,642592768,632893440,645808128,639647744,52273152,53075968,51634176,54980608
588910592,631242752,670511104,53248000,54640640,54054912,742297600,61595648,642592768,632893440,645808128,639647744,52273152,53075968,51634176,54980608
588910592,631242752,670511104,53248000,54640640,54054912,742297600,61595648,642592768,632893440,645808128,639647744,52273152,53075968,51634176,54980608
588910592,631242752,670511104,53248000,54640640,54054912,742297600,61595648,642592768,632893440,645808128,639647744,52273152,53075968,51634176,54980608
588910592,631242752,670511104,53248000,54640640,54054912,742297600,61599744,642592768,632893440,645808128,639647744,52273152,53075968,51634176,54980608
588910592,631242752,670511104,53248000,54640640,54054912,742297600,61599744,642592768,632893440,645808128,639647744,52273152,53075968,51634176,54980608
588910592,631242752,670511104,53248000,54640640,54054912,742297600,61599744,642592768,632893440,645808128,639647744,52273152,53075968,51634176,54980608
588910592,631242752,670511104,53248000,54640640,54054912,742297600,61603840,642592768,632893440,645808128,639647744,52273152,53075968,51634176,54980608
588910592,631242752,670511104,53248000,54640640,54054912,742297600,61603840,642592768,632893440,645808128,639647744,52273152,53075968,51634176,54980608
588910592,631242752,670511104,53248000,54640640,54054912,742297600,61603840,642592768,632893440,645808128,639647744,52273152,53075968,51634176,54980608
588910592,631242752,670511104,53248000,54640640,54054912,742297600,61603840,642592768,632893440,645808128,639647744,52273152,53075968,51634176,54980608
588910592,631242752,670511104,53248000,54640640,54054912,742297600,61603840,642592768,632893440,645808128,639647744,52273152,53075968,51634176,54980608
588910592,631242752,670511104,53248000,54640640,54054912,742297600,61603840,642592768,632893440,645808128,639647744,52273152,53075968,51634176,54980608
588910592,631242752,670511104,53248000,54640640,54054912,742297600,61603840,642592768,632893440,645808128,639647744,52273152,53075968,51634176,54980608
588910592,631242752,670511104,53248000,54640640,54054912,742297600,61603840,642592768,632893440,645808128,639647744,52273152,53075968,51634176,54980608
588910592,631242752,670511104,53248000,54640640,54054912,742297600,61607936,642592768,632893440,645808128,639647744,52273152,53075968,51634176,54980608
588910592,631242752,670511104,53248000,54640640,54054912,742297600,61607936,642592768,632893440,645808128,639647744,52273152,53075968,51634176,54980608
588910592,631242752,670511104,53248000,54640640,54054912,742297600,61612032,642592768,632893440,645808128,639647744,52273152,53075968,51634176,54980608
588910592,631242752,670511104,53248000,54640640,54054912,742297600,61612032,642592768,632893440,645808128,639647744,52273152,53075968,51634176,54980608
588910592,631242752,670511104,53248000,54640640,54054912,742297600,61612032,642592768,632893440,645808128,639647744,52273152,53075968,51634176,54980608
588910592,631242752,670511104,53248000,54640640,54054912,742297600,61612032,642592768,632893440,645808128,639647744,52273152,53075968,51634176,54980608
588910592,631242752,670511104,53248000,54640640,54054912,742297600,61612032,642592768,632893440,645808128,639647744,52273152,53075968,51634176,54980608
588910592,631242752,670511104,53248000,54640640,54054912,742297600,61612032,642592768,632893440,645808128,639647744,52273152,53075968,51634176,54980608
588910592,631242752,670511104,53248000,54640640,54054912,742297600,61612032,642592768,632893440,645808128,639647744,52273152,53075968,51634176,54980608
588910592,631242752,670511104,53248000,54640640,54054912,742297600,61616128,642592768,632893440,645808128,639647744,52273152,53075968,51634176,54980608
588910592,631242752,670511104,53248000,54640640,54054912,742297600,61616128,642592768,632893440,645808128,639647744,52273152,53075968,51634176,54980608
588910592,631242752,670511104,53248000,54640640,54054912,742297600,61616128,642592768,632893440,645808128,639647744,52273152,53075968,51634176,54980608
588910592,631242752,670511104,53248000,54640640,54054912,742297600,61616128,642592768,632893440,645808128,639647744,52273152,53075968,51634176,54980608
588910592,631242752,670511104,53248000,54640640,54054912,742297600,61616128,642592768,632893440,645808128,639647744,52273152,53075968,51634176,54980608
588910592,631242752,670511104,53248000,54640640,54054912,742297600,61616128,642592768,632893440,645808128,639647744,52273152,53075968,51634176,54980608
588910592,631242752,670511104,53248000,54640640,54054912,742297600,61616128,642592768,632893440,645808128,639647744,52273152,53075968,51634176,54980608
588910592,631242752,670511104,53248000,54640640,54054912,742297600,61616128,642592768,632893440,645808128,639647744,52273152,53075968,51634176,54980608
588910592,631242752,670511104,53248000,54640640,54054912,742297600,61616128,642592768,632893440,645808128,639647744,52273152,53075968,51634176,54980608
588910592,631242752,670511104,53248000,54640640,54054912,742297600,61616128,642592768,632893440,645808128,639647744,52273152,53075968,51634176,54980608
588910592,631242752,670511104,53248000,54640640,54054912,742297600,61616128,642592768,632893440,645808128,639647744,52273152,53075968,51634176,54980608
588910592,631242752,670511104,53248000,54640640,54054912,742297600,61616128,642592768,632893440,645808128,639647744,52273152,53075968,51634176,54980608
588910592,631242752,670511104,53248000,54640640,54054912,742297600,61616128,642592768,632893440,645808128,639647744,52273152,53075968,51634176,54980608
588910592,631242752,670511104,53248000,54640640,54054912,742297600,61616128,642592768,632893440,645808128,639647744,52273152,53075968,51634176,54980608
588910592,631242752,670511104,53248000,54640640,54054912,742297600,61616128,642592768,632893440,645808128,639647744,52273152,53075968,51634176,54980608
588910592,631242752,670511104,53248000,54640640,54054912,742297600,61616128,642592768,632893440,645808128,639647744,52273152,53075968,51634176,54980608
588910592,631242752,670511104,53248000,54640640,54054912,742297600,61616128,642592768,632893440,645808128,639647744,52273152,53075968,51634176,54980608
588910592,631242752,670511104,53248000,54640640,54054912,742297600,61616128,642592768,632893440,645808128,639647744,52273152,53075968,51634176,54980608
588910592,631242752,670511104,53248000,54640640,54054912,742297600,61616128,642592768,632893440,645808128,639647744,52273152,53075968,51634176,54980608
588910592,631242752,670511104,53248000,54640640,54054912,742297600,61616128,642592768,632893440,645808128,639647744,52273152,53075968,51634176,54980608
588910592,631242752,670511104,53248000,54640640,54054912,742297600,61616128,642592768,632893440,645808128,639647744,52273152,53075968,51634176,54980608
588910592,631242752,670511104,53248000,54640640,54054912,742297600,61616128,642592768,632893440,645808128,639647744,52273152,53075968,51634176,54980608
588910592,631242752,670511104,53248000,54640640,54054912,742297600,61620224,642592768,632893440,645808128,639647744,52273152,53075968,51634176,54980608
588910592,631242752,670511104,53248000,54640640,54054912,742297600,61620224,642592768,632893440,645808128,639647744,52273152,53075968,51634176,54980608
588910592,631242752,670511104,53248000,54640640,54054912,742297600,61620224,642592768,632893440,645808128,639647744,52273152,53075968,51634176,54980608
588910592,631242752,670511104,53248000,54640640,54054912,742297600,61620224,642592768,632893440,645808128,639647744,52273152,53075968,51634176,54980608
588910592,631242752,670511104,53248000,54640640,54054912,742297600,61620224,642592768,632893440,645808128,639647744,52273152,53075968,51634176,54980608
588910592,631242752,670511104,53248000,54640640,54054912,742297600,61624320,642592768,632893440,645808128,639647744,52273152,53075968,51634176,54980608
588910592,631242752,670511104,53248000,54640640,54054912,742297600,61624320,642592768,632893440,645808128,639647744,52273152,53075968,51634176,54980608
588910592,631242752,670511104,53248000,54640640,54054912,742297600,61624320,642592768,632893440,645808128,639647744,52273152,53075968,51634176,54980608
588910592,631242752,670511104,53248000,54640640,54054912,742297600,61624320,642592768,632893440,645808128,639647744,52273152,53075968,51634176,54980608
588910592,631242752,670511104,53248000,54640640,54054912,742297600,61624320,642592768,632893440,645808128,639647744,52273152,53075968,51634176,54980608
588910592,631242752,670511104,53248000,54640640,54054912,742297600,61624320,642592768,632893440,645808128,639647744,52273152,53075968,51634176,54980608
588910592,631242752,670511104,53248000,54640640,54054912,742297600,61624320,642592768,632893440,645808128,639647744,52273152,53075968,51634176,54980608
588910592,631242752,670511104,53248000,54640640,54054912,742297600,61624320,642592768,632893440,645808128,639647744,52273152,53075968,51634176,54980608
588910592,631242752,670511104,53248000,54640640,54054912,742297600,61624320,642592768,632893440,645808128,639647744,52273152,53075968,51634176,54980608
588910592,631242752,670511104,53248000,54640640,54054912,742297600,61624320,642592768,632893440,645808128,639647744,52273152,53075968,51634176,54980608
588910592,631242752,670511104,53248000,54640640,54054912,742297600,61624320,642592768,632893440,645808128,639647744,52273152,53075968,51634176,54980608
588910592,631242752,670511104,53248000,54640640,54054912,742297600,61624320,642592768,632893440,645808128,639647744,52273152,53075968,51634176,54980608
588910592,631242752,670511104,53248000,54640640,54054912,742297600,61624320,642592768,632893440,645808128,639647744,52273152,53075968,51634176,54980608
588910592,631242752,670511104,53248000,54640640,54054912,742297600,61624320,642592768,632893440,645808128,639647744,52273152,53075968,51634176,54980608
588910592,631242752,670511104,53248000,54640640,54054912,742297600,61624320,642592768,632893440,645808128,639647744,52273152,53075968,51634176,54980608
588910592,631242752,670511104,53248000,54640640,54054912,742297600,61624320,642592768,632893440,645808128,639647744,52273152,53075968,51634176,54980608
588910592,631242752,670511104,53248000,54640640,54054912,742297600,61624320,642592768,632893440,645808128,639647744,52273152,53075968,51634176,54980608
588910592,631242752,670511104,53248000,54640640,54054912,742297600,61624320,642592768,632893440,645808128,639647744,52273152,53075968,51634176,54980608
588910592,631242752,670511104,53248000,54640640,54054912,742297600,61624320,642592768,632893440,645808128,639647744,52273152,53075968,51634176,54980608
588910592,631242752,670511104,53248000,54640640,54054912,742297600,61624320,642592768,632893440,645808128,639647744,52273152,53075968,51634176,54980608
588910592,631242752,670511104,53248000,54640640,54054912,742297600,61624320,642592768,632893440,645808128,639647744,52273152,53075968,51634176,54980608
588910592,631242752,670511104,53248000,54640640,54054912,742297600,61624320,642592768,632893440,645808128,639647744,52273152,53075968,51634176,54980608
588910592,631242752,670511104,53248000,54640640,54054912,742297600,61624320,642592768,632893440,645808128,639647744,52273152,53075968,51634176,54980608
588910592,631242752,670511104,53248000,54640640,54054912,742297600,61624320,642592768,632893440,645808128,639647744,52273152,53075968,51634176,54980608
588910592,631242752,670511104,53248000,54640640,54054912,742297600,61624320,642592768,632893440,645808128,639647744,52273152,53075968,51634176,54980608
588910592,631242752,670511104,53248000,54640640,54054912,742297600,61624320,642592768,632893440,645808128,639647744,52273152,53075968,51634176,54980608
588910592,631242752,670511104,53248000,54640640,54054912,742297600,61624320,642592768,632893440,645808128,639647744,52273152,53075968,51634176,54980608
588910592,631242752,670511104,53248000,54640640,54054912,742297600,61624320,642592768,632893440,645808128,639647744,52273152,53075968,51634176,54980608
588910592,631242752,670511104,53248000,54640640,54054912,742297600,61624320,642592768,632893440,645808128,639647744,52273152,53075968,51634176,54980608
588910592,631242752,670511104,53248000,54640640,54054912,742297600,61624320,642592768,632893440,645808128,639647744,52273152,53075968,51634176,54980608
588910592,631242752,670511104,53248000,54640640,54054912,742297600,61624320,642592768,632893440,645808128,639647744,52273152,53075968,51634176,54980608
588910592,631242752,670511104,53248000,54640640,54054912,742297600,61624320,642592768,632893440,645808128,639647744,52273152,53075968,51634176,54980608
588910592,631242752,670511104,53248000,54640640,54054912,742297600,61624320,642592768,632893440,645808128,639647744,52273152,53075968,51634176,54980608
588910592,631242752,670511104,53248000,54640640,54054912,742297600,61624320,642592768,632893440,645808128,639647744,52273152,53075968,51634176,54980608
588910592,631242752,670511104,53248000,54640640,54054912,742297600,61624320,642592768,632893440,645808128,639647744,52273152,53075968,51634176,54980608
588910592,631242752,670511104,53248000,54640640,54054912,742297600,61628416,642592768,632893440,645808128,639647744,52273152,53075968,51634176,54980608
588910592,631242752,670511104,53248000,54640640,54054912,742297600,61628416,642592768,632893440,645808128,639647744,52273152,53075968,51634176,54980608
588910592,631242752,670511104,53248000,54640640,54054912,742297600,61628416,642592768,632893440,645808128,639647744,52273152,53075968,51634176,54980608
588910592,631242752,670511104,53248000,54640640,54054912,742297600,61632512,642592768,632893440,645808128,639647744,52273152,53075968,51634176,54980608
588910592,631242752,670511104,53248000,54640640,54054912,742297600,61632512,642592768,632893440,645808128,639647744,52273152,53075968,51634176,54980608
588910592,631242752,670511104,53248000,54640640,54054912,742297600,61632512,642592768,632893440,645808128,639647744,52273152,53075968,51634176,54980608
588910592,631242752,670511104,53248000,54640640,54054912,742297600,61632512,642592768,632893440,645808128,639647744,52273152,53075968,51634176,54980608
588910592,631242752,670511104,53248000,54640640,54054912,742297600,61632512,642592768,632893440,645808128,639647744,52273152,53075968,51634176,54980608
588910592,631242752,670511104,53248000,54640640,54054912,742297600,61636608,642592768,632893440,645808128,639647744,52273152,53075968,51634176,54980608
588910592,631242752,670511104,53248000,54640640,54054912,742297600,61636608,642592768,632893440,645808128,639647744,52273152,53075968,51634176,54980608
588910592,631242752,670511104,53248000,54640640,54054912,742297600,61636608,642592768,632893440,645808128,639647744,52273152,53075968,51634176,54980608
588910592,631242752,670511104,53248000,54640640,54054912,742297600,61636608,642592768,632893440,645808128,639647744,52273152,53075968,51634176,54980608
588910592,631242752,670511104,53248000,54640640,54054912,742297600,61636608,642592768,632893440,645808128,639647744,52273152,53075968,51634176,54980608
588910592,631242752,670511104,53248000,54640640,54054912,742297600,61636608,642592768,632893440,645808128,639647744,52273152,53075968,51634176,54980608
588910592,631242752,670511104,53248000,54640640,54054912,742297600,61636608,642592768,632893440,645808128,639647744,52273152,53075968,51634176,54980608
588910592,631242752,670511104,53248000,54640640,54054912,742297600,61636608,642592768,632893440,645808128,639647744,52273152,53075968,51634176,54980608
588910592,631242752,670511104,53248000,54640640,54054912,742297600,61636608,642592768,632893440,645808128,639647744,52273152,53075968,51634176,54980608
588910592,631242752,670511104,53248000,54640640,54054912,742297600,61640704,642592768,632893440,645808128,639647744,52273152,53075968,51634176,54980608
588910592,631242752,670511104,53248000,54640640,54054912,742297600,61640704,642592768,632893440,645808128,639647744,52273152,53075968,51634176,54980608
588910592,631242752,670511104,53248000,54640640,54054912,742297600,61640704,642592768,632893440,645808128,639647744,52273152,53075968,51634176,54980608
588910592,631242752,670511104,53248000,54640640,54054912,742297600,61640704,642592768,632893440,645808128,639647744,52273152,53075968,51634176,54980608
588910592,631242752,670511104,53248000,54640640,54054912,742297600,61640704,642592768,632893440,645808128,639647744,52273152,53075968,51634176,54980608
588910592,631242752,670511104,53248000,54640640,54054912,742297600,61640704,642592768,632893440,645808128,639647744,52273152,53075968,51634176,54980608
588910592,631242752,670511104,53248000,54640640,54054912,742297600,61640704,642592768,632893440,645808128,639647744,52273152,53075968,51634176,54980608
588910592,631242752,670511104,53248000,54640640,54054912,742297600,61640704,642592768,632893440,645808128,639647744,52273152,53075968,51634176,54980608
588910592,631242752,670511104,53248000,54640640,54054912,742297600,61640704,642592768,632893440,645808128,639647744,52273152,53075968,51634176,54980608
588910592,631242752,670511104,53248000,54640640,54054912,742297600,61640704,642592768,632893440,645808128,639647744,52273152,53075968,51634176,54980608
588910592,631242752,670511104,53248000,54640640,54054912,742297600,61640704,642592768,632893440,645808128,639647744,52273152,53075968,51634176,54980608
588910592,631242752,670511104,53248000,54640640,54054912,742297600,61640704,642592768,632893440,645808128,639647744,52273152,53075968,51634176,54980608
588910592,631242752,670511104,53248000,54640640,54054912,742297600,61640704,642592768,632893440,645808128,639647744,52273152,53075968,51634176,54980608
588910592,631242752,670511104,53248000,54640640,54054912,742297600,61640704,642592768,632893440,645808128,639647744,52273152,53075968,51634176,54980608
588910592,631242752,670511104,53248000,54640640,54054912,742297600,61640704,642592768,632893440,645808128,639647744,52273152,53075968,51634176,54980608
588910592,631242752,670511104,53248000,54640640,54054912,742297600,61640704,642592768,632893440,645808128,639647744,52273152,53075968,51634176,54980608
588910592,631242752,670511104,53248000,54640640,54054912,742297600,61640704,642592768,632893440,645808128,639647744,52273152,53075968,51634176,54980608
588910592,631242752,670511104,53248000,54640640,54054912,742297600,61640704,642592768,632893440,645808128,639647744,52273152,53075968,51634176,54980608
588910592,631242752,670511104,53248000,54640640,54054912,742297600,61640704,642592768,632893440,645808128,639647744,52273152,53075968,51634176,54980608
588910592,631242752,670511104,53248000,54640640,54054912,742297600,61640704,642592768,632893440,645808128,639647744,52273152,53075968,51634176,54980608
588910592,631242752,670511104,53248000,54640640,54054912,742297600,61640704,642592768,632893440,645808128,639647744,52273152,53075968,51634176,54980608
588910592,631242752,670511104,53248000,54640640,54054912,742297600,61640704,642592768,632893440,645808128,639647744,52273152,53075968,51634176,54980608
588910592,631242752,670511104,53248000,54640640,54054912,742297600,61640704,642592768,632893440,645808128,639647744,52273152,53075968,51634176,54980608
588910592,631242752,670511104,53248000,54640640,54054912,742297600,61640704,642592768,632893440,645808128,639647744,52273152,53075968,51634176,54980608
588910592,631242752,670511104,53248000,54640640,54054912,742297600,61640704,642592768,632893440,645808128,639647744,52273152,53075968,51634176,54980608
588910592,631242752,670511104,53248000,54640640,54054912,742297600,61640704,642592768,632893440,645808128,639647744,52273152,53075968,51634176,54980608
588910592,631242752,670511104,53248000,54640640,54054912,742297600,61640704,642592768,632893440,645808128,639647744,52273152,53075968,51634176,54980608
588910592,631242752,670511104,53248000,54640640,54054912,742297600,61640704,642592768,632893440,645808128,639647744,52273152,53075968,51634176,54980608
588910592,631242752,670511104,53248000,54640640,54054912,742297600,61640704,642592768,632893440,645808128,639647744,52273152,53075968,51634176,54980608
588910592,631242752,670511104,53248000,54640640,54054912,742297600,61640704,642592768,632893440,645808128,639647744,52273152,53075968,51634176,54980608
588910592,631242752,670511104,53248000,54640640,54054912,742297600,61640704,642592768,632893440,645808128,639647744,52273152,53075968,51634176,54980608
588910592,631242752,670511104,53248000,54640640,54054912,742297600,61640704,642592768,632893440,645808128,639647744,52273152,53075968,51634176,54980608
588910592,631242752,670511104,53248000,54640640,54054912,742297600,61640704,642592768,632893440,645808128,639647744,52273152,53075968,51634176,54980608
588910592,631242752,670511104,53248000,54640640,54054912,742297600,61640704,642592768,632893440,645808128,639647744,52273152,53075968,51634176,54980608
588910592,631242752,670511104,53248000,54640640,54054912,742297600,61644800,642592768,632893440,645808128,639647744,52273152,53075968,51634176,54980608
588910592,631242752,670511104,53248000,54640640,54054912,742297600,61644800,642592768,632893440,645808128,639647744,52273152,53075968,51634176,54980608
588910592,631242752,670511104,53248000,54640640,54054912,742297600,61648896,642592768,632893440,645808128,639647744,52273152,53075968,51634176,54980608
588910592,631242752,670511104,53248000,54640640,54054912,742297600,61648896,642592768,632893440,645808128,639647744,52273152,53075968,51634176,54980608
588910592,631242752,670511104,53248000,54640640,54054912,742297600,61648896,642592768,632893440,645808128,639647744,52273152,53075968,51634176,54980608
588910592,631242752,670511104,53248000,54640640,54054912,742297600,61648896,642592768,632893440,645808128,639647744,52273152,53075968,51634176,54980608
588910592,631242752,670511104,53248000,54640640,54054912,742297600,61648896,642592768,632893440,645808128,639647744,52273152,53075968,51634176,54980608
588910592,631242752,670511104,53248000,54640640,54054912,742297600,61648896,642592768,632893440,645808128,639647744,52273152,53075968,51634176,54980608
588910592,631242752,670511104,53248000,54640640,54054912,742297600,61648896,642592768,632893440,645808128,639647744,52273152,53075968,51634176,54980608
588910592,631242752,670511104,53248000,54640640,54054912,742297600,61648896,642592768,632893440,645808128,639647744,52273152,53075968,51634176,54980608
588910592,631242752,670511104,53248000,54640640,54054912,742297600,61652992,642592768,632893440,645808128,639647744,52273152,53075968,51634176,54980608
588910592,631242752,670511104,53248000,54640640,54054912,742297600,61652992,642592768,632893440,645808128,639647744,52273152,53075968,51634176,54980608
588910592,631242752,670511104,53248000,54640640,54054912,742297600,61652992,642592768,632893440,645808128,639647744,52273152,53075968,51634176,54980608
588910592,631242752,670511104,53248000,54640640,54054912,742297600,61652992,642592768,632893440,645808128,639647744,52273152,53075968,51634176,54980608
588910592,631242752,670511104,53248000,54640640,54054912,742297600,61652992,642592768,632893440,645808128,639647744,52273152,53075968,51634176,54980608
588910592,631242752,670511104,53248000,54640640,54054912,742297600,61652992,642592768,632893440,645808128,639647744,52273152,53075968,51634176,54980608
588910592,631242752,670511104,53248000,54640640,54054912,742297600,61652992,642592768,632893440,645808128,639647744,52273152,53075968,51634176,54980608
588910592,631242752,670511104,53248000,54640640,54054912,742297600,61652992,642592768,632893440,645808128,639647744,52273152,53075968,51634176,54980608
588910592,631242752,670511104,53248000,54640640,54054912,742297600,61657088,642592768,632893440,645808128,639647744,52273152,53075968,51634176,54980608
588910592,631242752,670511104,53248000,54640640,54054912,742297600,61657088,642592768,632893440,645808128,639647744,52273152,53075968,51634176,54980608
588910592,631242752,670511104,53248000,54640640,54054912,742297600,61657088,642592768,632893440,645808128,639647744,52273152,53075968,51634176,54980608
588910592,631242752,670511104,53248000,54640640,54054912,742297600,61657088,642592768,632893440,645808128,639647744,52273152,53075968,51634176,54980608
588910592,631242752,670511104,53248000,54640640,54054912,742297600,61657088,642592768,632893440,645808128,639647744,52273152,53075968,51634176,54980608
588910592,631242752,670511104,53248000,54640640,54054912,742297600,61657088,642592768,632893440,645808128,639647744,52273152,53075968,51634176,54980608
588910592,631242752,670511104,53248000,54640640,54054912,742297600,61657088,642592768,632893440,645808128,639647744,52273152,53075968,51634176,54980608
588910592,631242752,670511104,53248000,54640640,54054912,742297600,61657088,642592768,632893440,645808128,639647744,52273152,53075968,51634176,54980608
588910592,631242752,670511104,53248000,54640640,54054912,742297600,61657088,642592768,632893440,645808128,639647744,52273152,53075968,51634176,54980608
588910592,631242752,670511104,53248000,54640640,54054912,742297600,61657088,642592768,632893440,645808128,639647744,52273152,53075968,51634176,54980608
588910592,631242752,670511104,53248000,54640640,54054912,742297600,61657088,642592768,632893440,645808128,639647744,52273152,53075968,51634176,54980608
588910592,631242752,670511104,53248000,54640640,54054912,742297600,61657088,642592768,632893440,645808128,639647744,52273152,53075968,51634176,54980608
588910592,631242752,670511104,53248000,54640640,54054912,742297600,61657088,642592768,632893440,645808128,639647744,52273152,53075968,51634176,54980608
588910592,631242752,670511104,53248000,54640640,54054912,742297600,61657088,642592768,632893440,645808128,639647744,52273152,53075968,51634176,54980608
588910592,631242752,670511104,53248000,54640640,54054912,742297600,61657088,642592768,632893440,645808128,639647744,52273152,53075968,51634176,54980608
588910592,631242752,670511104,53248000,54640640,54054912,742297600,61657088,642592768,632893440,645808128,639647744,52273152,53075968,51634176,54980608
588910592,631242752,670511104,53248000,54640640,54054912,742297600,61657088,642592768,632893440,645808128,639647744,52273152,53075968,51634176,54980608
588910592,631242752,670511104,53248000,54640640,54054912,742297600,61657088,642592768,632893440,645808128,639647744,52273152,53075968,51634176,54980608
588910592,631242752,670511104,53248000,54640640,54054912,742297600,61657088,642592768,632893440,645808128,639647744,52273152,53075968,51634176,54980608
588910592,631242752,670511104,53248000,54640640,54054912,742297600,61657088,642592768,632893440,645808128,639647744,52273152,53075968,51634176,54980608
588910592,631242752,670511104,53248000,54640640,54054912,742297600,61657088,642592768,632893440,645808128,639647744,52273152,53075968,51634176,54980608
588910592,631242752,670511104,53248000,54640640,54054912,742297600,61657088,642592768,632893440,645808128,639647744,52273152,53075968,51634176,54980608
588910592,631242752,670511104,53248000,54640640,54054912,742297600,61657088,642592768,632893440,645808128,639647744,52273152,53075968,51634176,54980608
588910592,631242752,670511104,53248000,54640640,54054912,742297600,61661184,642592768,632893440,645808128,639647744,52273152,53075968,51634176,54980608
588910592,631242752,670511104,53248000,54640640,54054912,742297600,61665280,642592768,632893440,645808128,639647744,52273152,53075968,51634176,54980608
588910592,631242752,670511104,53248000,54640640,54054912,742297600,61665280,642592768,632893440,645808128,639647744,52273152,53075968,51634176,54980608
588910592,631242752,670511104,53248000,54640640,54054912,742297600,61665280,642592768,632893440,645808128,639647744,52273152,53075968,51634176,54980608
588910592,631242752,670511104,53248000,54640640,54054912,742297600,61665280,642592768,632893440,645808128,639647744,52273152,53075968,51634176,54980608
588910592,631242752,670511104,53248000,54640640,54054912,742297600,61665280,642592768,632893440,645808128,639647744,52273152,53075968,51634176,54980608
588910592,631242752,670511104,53248000,54640640,54054912,742297600,61665280,642592768,632893440,645808128,639647744,52273152,53075968,51634176,54980608
588910592,631242752,670511104,53248000,54640640,54054912,742297600,61665280,642592768,632893440,645808128,639647744,52273152,53075968,51634176,54980608
588910592,631242752,670511104,53248000,54640640,54054912,742297600,61665280,642592768,632893440,645808128,639647744,52273152,53075968,51634176,54980608
588910592,631242752,670511104,53248000,54640640,54054912,742297600,61665280,642592768,632893440,645808128,639647744,52273152,53075968,51634176,54980608
588910592,631242752,670511104,53248000,54640640,54054912,742297600,61665280,642592768,632893440,645808128,639647744,52273152,53075968,51634176,54980608
588910592,631242752,670511104,53248000,54640640,54054912,742297600,61669376,642592768,632893440,645808128,639647744,52273152,53075968,51634176,54980608
588910592,631242752,670511104,53248000,54640640,54054912,742297600,61669376,642592768,632893440,645808128,639647744,52273152,53075968,51634176,54980608
588910592,631242752,670511104,53248000,54640640,54054912,742297600,61669376,642592768,632893440,645808128,639647744,52273152,53075968,51634176,54980608
588910592,631242752,672993280,53248000,54640640,55304192,742297600,62038016,642592768,632893440,645808128,639647744,52273152,53075968,51634176,54980608
588910592,631242752,672993280,53248000,54640640,55304192,742297600,62038016,642592768,632893440,645808128,639647744,52273152,53075968,51634176,54980608
588910592,631242752,672993280,53248000,54640640,55304192,742715392,61849600,642592768,632893440,645808128,639647744,52273152,53075968,51634176,54980608
588910592,631242752,672993280,53248000,54640640,55304192,742715392,61849600,642592768,632893440,645808128,639647744,52273152,53075968,51634176,54980608
588910592,631242752,672993280,53248000,54640640,55304192,742715392,61849600,642592768,632893440,645808128,639647744,52273152,53075968,51634176,54980608
588910592,631242752,672993280,53248000,54640640,55304192,742715392,61849600,642592768,632893440,645808128,639647744,52273152,53075968,51634176,54980608
588910592,631242752,672993280,53248000,54640640,55304192,742715392,61849600,642592768,632893440,645808128,639647744,52273152,53075968,51634176,54980608
588910592,631242752,672993280,53248000,54640640,55304192,742715392,61853696,642592768,632893440,645808128,639647744,52273152,53075968,51634176,54980608
588910592,631242752,672993280,53248000,54640640,55304192,742715392,61853696,642592768,632893440,645808128,639647744,52273152,53075968,51634176,54980608
588910592,631242752,672993280,53248000,54640640,55304192,742715392,61853696,642592768,632893440,645808128,639647744,52273152,53075968,51634176,54980608
588910592,631242752,672993280,53248000,54640640,55304192,742715392,61857792,642592768,632893440,645808128,639647744,52273152,53075968,51634176,54980608
588910592,631242752,672993280,53248000,54640640,55304192,742715392,61857792,642592768,632893440,645808128,639647744,52273152,53075968,51634176,54980608
588910592,631242752,672993280,53248000,54640640,55304192,742715392,61857792,642592768,632893440,645808128,639647744,52273152,53075968,51634176,54980608
588910592,631242752,672993280,53248000,54640640,55304192,742715392,61857792,642592768,632893440,645808128,639647744,52273152,53075968,51634176,54980608
588910592,631242752,672993280,53248000,54640640,55304192,742715392,61857792,642592768,632893440,645808128,639647744,52273152,53075968,51634176,54980608
589422592,631242752,672993280,52449280,53833728,55304192,742715392,62234624,642592768,632893440,645808128,639647744,52273152,53075968,51634176,54980608
589422592,636645376,672993280,52449280,53833728,55304192,742715392,62234624,642592768,632893440,645808128,639647744,52273152,53075968,51634176,54980608
589422592,636645376,672993280,52449280,53833728,55304192,743170048,62046208,642592768,632893440,645808128,639647744,52273152,53075968,51634176,54980608
589422592,636645376,672993280,52449280,53833728,55304192,743170048,62046208,642592768,632893440,645808128,639647744,52273152,53075968,51634176,54980608
589422592,636645376,672993280,52449280,53833728,55304192,743170048,62046208,642592768,632893440,645808128,639647744,52273152,53075968,51634176,54980608
589422592,636645376,672993280,52449280,53833728,55304192,743170048,62046208,642592768,632893440,645808128,639647744,52273152,53075968,51634176,54980608
589422592,636645376,672993280,52449280,53833728,55304192,743170048,62046208,642592768,632893440,645808128,639647744,52273152,53075968,51634176,54980608
589422592,636645376,672993280,52449280,53833728,55304192,743170048,62046208,642592768,632893440,645808128,639647744,52273152,53075968,51634176,54980608
589422592,636645376,672993280,52449280,53833728,55304192,743170048,62046208,642592768,632893440,645808128,639647744,52273152,53075968,51634176,54980608
589422592,636645376,672993280,52449280,53833728,55304192,743170048,62046208,642592768,632893440,645808128,639647744,52273152,53075968,51634176,54980608
589422592,636645376,672993280,52449280,53833728,55304192,743170048,62050304,642592768,632893440,645808128,639647744,52273152,53075968,51634176,54980608
589422592,636645376,672993280,52449280,53833728,55304192,743170048,62050304,642592768,632893440,645808128,639647744,52273152,53075968,51634176,54980608
589422592,636645376,672993280,52449280,53833728,55304192,743170048,62050304,642592768,632893440,645808128,639647744,52273152,53075968,51634176,54980608
589422592,636645376,672993280,52449280,53833728,55304192,743170048,62050304,642592768,632893440,645808128,639647744,52273152,53075968,51634176,54980608
589422592,636645376,672993280,52449280,53833728,55304192,743170048,62050304,642592768,632893440,645808128,639647744,52273152,53075968,51634176,54980608
589422592,636645376,672993280,52449280,53833728,55304192,743170048,62050304,642592768,632893440,645808128,639647744,52273152,53075968,51634176,54980608
589422592,636645376,672993280,52449280,53833728,55304192,743170048,62050304,642592768,632893440,645808128,639647744,52273152,53075968,51634176,54980608
589422592,636645376,672993280,52449280,53833728,55304192,743170048,62050304,642592768,632893440,645808128,639647744,52273152,53075968,51634176,54980608
589422592,636645376,672993280,52449280,53833728,55304192,743170048,62050304,642592768,632893440,645808128,639647744,52273152,53075968,51634176,54980608
589422592,636645376,672993280,52449280,53833728,55304192,743170048,62050304,642592768,632893440,645808128,639647744,52273152,53075968,51634176,54980608
589422592,636645376,672993280,52449280,53833728,55304192,743170048,62050304,642592768,632893440,645808128,639647744,52273152,53075968,51634176,54980608
589422592,636645376,672993280,52449280,53833728,55304192,743170048,62050304,642592768,632893440,645808128,639647744,52273152,53075968,51634176,54980608
589422592,636645376,672993280,52449280,53833728,55304192,743170048,62050304,642592768,632893440,645808128,639647744,52273152,53075968,51634176,54980608
589422592,636645376,672993280,52449280,53833728,55304192,743170048,62050304,642592768,632893440,645808128,639647744,52273152,53075968,51634176,54980608
589422592,636645376,672993280,52449280,53833728,55304192,743170048,62050304,642592768,632893440,645808128,639647744,52273152,53075968,51634176,54980608
589422592,636645376,672993280,52449280,53833728,55304192,743170048,62050304,642592768,632893440,645808128,639647744,52273152,53075968,51634176,54980608
589422592,636645376,672993280,52449280,53833728,55304192,743170048,62050304,642592768,632893440,645808128,639647744,52273152,53075968,51634176,54980608
589422592,636645376,672993280,52449280,53833728,55304192,743170048,62050304,642592768,632893440,645808128,639647744,52273152,53075968,51634176,54980608
589422592,636645376,672993280,52449280,53833728,55304192,743170048,62054400,642592768,632893440,645808128,639647744,52273152,53075968,51634176,54980608
589422592,636645376,672993280,52449280,53833728,55304192,743170048,62054400,642592768,632893440,645808128,639647744,52273152,53075968,51634176,54980608
589422592,636645376,672993280,52449280,53833728,55304192,743170048,62058496,642592768,632893440,645808128,639647744,52273152,53075968,51634176,54980608
589422592,636645376,672993280,52449280,53833728,55304192,743170048,62058496,642592768,632893440,645808128,639647744,52273152,53075968,51634176,54980608
589422592,636645376,672993280,52449280,53833728,55304192,743170048,62058496,642592768,632893440,645808128,639647744,52273152,53075968,51634176,54980608
589422592,636645376,672993280,52449280,53833728,55304192,743170048,62058496,642592768,632893440,645808128,639647744,52273152,53075968,51634176,54980608
589422592,636645376,672993280,52449280,53833728,55304192,743170048,62058496,642592768,632893440,645808128,639647744,52273152,53075968,51634176,54980608
589422592,636645376,672993280,52449280,53833728,55304192,743170048,62058496,642592768,632893440,645808128,639647744,52273152,53075968,51634176,54980608
589422592,636645376,672993280,52449280,53833728,55304192,743170048,62058496,642592768,632893440,645808128,639647744,52273152,53075968,51634176,54980608
589422592,636645376,672993280,52449280,53833728,55304192,743170048,62058496,642592768,632893440,645808128,639647744,52273152,53075968,51634176,54980608
589422592,636645376,672993280,52449280,53833728,55304192,743170048,62058496,642592768,632893440,645808128,639647744,52273152,53075968,51634176,54980608
589422592,636645376,672993280,52449280,53833728,55304192,743170048,62058496,643080192,632893440,645808128,639647744,52273152,53075968,51634176,54980608
589422592,636645376,672993280,52449280,53833728,55304192,743170048,62058496,643080192,632893440,645808128,639647744,52965376,53075968,51634176,54980608
589422592,636645376,672993280,52449280,53833728,55304192,743170048,62066688,643080192,632893440,645808128,639647744,52965376,53075968,51634176,54980608
589422592,636645376,672993280,52449280,53833728,55304192,743170048,62390272,643080192,632893440,645808128,639647744,52965376,53075968,51634176,54980608
589422592,636645376,672993280,52449280,53833728,55304192,743170048,62226432,643080192,632893440,645808128,639647744,52965376,53075968,51634176,54980608
589422592,636645376,672993280,52449280,53833728,55304192,743170048,62226432,643080192,632893440,645808128,639647744,52965376,53075968,51634176,54980608
589422592,636645376,672993280,52449280,53833728,55304192,743215104,62226432,643080192,632893440,645808128,639647744,52965376,53075968,51634176,54980608
589422592,636645376,672993280,52449280,53833728,55304192,743215104,62226432,643080192,632893440,645808128,639647744,52965376,53075968,51634176,54980608
589422592,636645376,672993280,52449280,53833728,55304192,743215104,62230528,643080192,632893440,645808128,639647744,52965376,53075968,51634176,54980608
589422592,636645376,672993280,52449280,53833728,55304192,743215104,62230528,643080192,632893440,645808128,639647744,52965376,53075968,51634176,54980608
589422592,636645376,672993280,52449280,53833728,55304192,743215104,62230528,643080192,632893440,645808128,639647744,52965376,53075968,51634176,54980608
589422592,636645376,672993280,52449280,53833728,55304192,743215104,62230528,643080192,632893440,645808128,639647744,52965376,53075968,51634176,54980608
589422592,636645376,672993280,52449280,53833728,55304192,743215104,62230528,643080192,632893440,645808128,639647744,52965376,53075968,51634176,54980608
589422592,636645376,672993280,52449280,53833728,55304192,743215104,62230528,643080192,632893440,646848512,639647744,52965376,53075968,52617216,56418304
589422592,636645376,672993280,52449280,53833728,55304192,743215104,62230528,643080192,639164416,646848512,645959680,52965376,53075968,52617216,56418304
589422592,636645376,672993280,52453376,53833728,55304192,743215104,62230528,643080192,639164416,646848512,645959680,52965376,52912128,52617216,56209408
589422592,636645376,672993280,52453376,53833728,55304192,743403520,62488576,643080192,639164416,646848512,645959680,52965376,52912128,52617216,56209408
589422592,636645376,672993280,52453376,53833728,55304192,743403520,61632512,643080192,639164416,646848512,645959680,52965376,52912128,52617216,56209408
589422592,636645376,672993280,52453376,53833728,55304192,743403520,61632512,643080192,639164416,646848512,645959680,52965376,52912128,52617216,56209408
589422592,636645376,672993280,52453376,53833728,55304192,743403520,61632512,643080192,639164416,646848512,645959680,52965376,52912128,52617216,56209408
589422592,636645376,672993280,52453376,53833728,55304192,743403520,61448192,643080192,639164416,646848512,645959680,52965376,52912128,52617216,56209408
589422592,636645376,672993280,52453376,53833728,55304192,743403520,61448192,643080192,639164416,646848512,645832704,52965376,52912128,52617216,56209408
589422592,636645376,672993280,52453376,53833728,55304192,743403520,61448192,643080192,639164416,646848512,645832704,52965376,52916224,52617216,57356288
589422592,636645376,672993280,52453376,53833728,55304192,743403520,61448192,643080192,639164416,646848512,645832704,52965376,52916224,52617216,57356288
589422592,636645376,672993280,52453376,53833728,55304192,745463808,62193664,643080192,639164416,646848512,645832704,52965376,54853632,52617216,57356288
589422592,636645376,672993280,52453376,53833728,55304192,745463808,61116416,643080192,640847872,646848512,645832704,52965376,54063104,52617216,57356288
589422592,636645376,672993280,52453376,53833728,55304192,745463808,62660608,643080192,640847872,646848512,645832704,52965376,54063104,52617216,57356288
589422592,636645376,672993280,52453376,53833728,55304192,745590784,62660608,643080192,640847872,646848512,645832704,52965376,54063104,52617216,57356288
589422592,636645376,672993280,52453376,53833728,55287808,745590784,62660608,643080192,640847872,646848512,645832704,52965376,54063104,52617216,57356288
589422592,636645376,672993280,52453376,53833728,55287808,745590784,62660608,643080192,640847872,646848512,645832704,52965376,54063104,52617216,57356288
589422592,636645376,672993280,52453376,54702080,55287808,745590784,61870080,643080192,640847872,646848512,645832704,52965376,54063104,52617216,57356288
589422592,640761856,672993280,52453376,54702080,55304192,745590784,63385600,643080192,640847872,646848512,645832704,52965376,54063104,52617216,57356288
589422592,640761856,672993280,52453376,53911552,55304192,745590784,63385600,643080192,640847872,646848512,645832704,52965376,54063104,52617216,57356288
589422592,640761856,672993280,52453376,53911552,55304192,745590784,63098880,643080192,640847872,646848512,645832704,52965376,54063104,52617216,57356288
589422592,640761856,672993280,52453376,53911552,55304192,745590784,63098880,643080192,640847872,646848512,645832704,52965376,54063104,52617216,57356288
589422592,640761856,672993280,53297152,53911552,55304192,745590784,63098880,643080192,640847872,646848512,645832704,52965376,54067200,52621312,57356288
589422592,640761856,672993280,53297152,53911552,55304192,745590784,62574592,643080192,640847872,646848512,645832704,52965376,54067200,52621312,57356288
591708160,640761856,672993280,53297152,53915648,55816192,745590784,61788160,643080192,640847872,646848512,645832704,52965376,54067200,52621312,57356288
591708160,640761856,678305792,53297152,53915648,53489664,745590784,61788160,643080192,640847872,646848512,645832704,52965376,54067200,52621312,57356288
591708160,640761856,678305792,53297152,53915648,53489664,745590784,62361600,643080192,640847872,646848512,645832704,52965376,54067200,52621312,57356288
591708160,640761856,678305792,53297152,53915648,53489664,745590784,62361600,643080192,640847872,646848512,645832704,52965376,54067200,52621312,57356288
591708160,640761856,678305792,53297152,53915648,53489664,745590784,62361600,644755456,640847872,646848512,645832704,53354496,54067200,52621312,57356288
591708160,640761856,678305792,53297152,53915648,53489664,745590784,61575168,647352320,640847872,646848512,645832704,53354496,54067200,52621312,57356288
591708160,640761856,678305792,53297152,53915648,53489664,745590784,61575168,647352320,640847872,646848512,645832704,52559872,54067200,52621312,57356288
591708160,640761856,678305792,53297152,53915648,53489664,745590784,62365696,647352320,640847872,646848512,645832704,52559872,54067200,53411840,57356288
591708160,640761856,678305792,53297152,53915648,53489664,745590784,62078976,647352320,640847872,646922240,645832704,52559872,54067200,53411840,57356288
591708160,640761856,678305792,53297152,53915648,53489664,745590784,62078976,647352320,640847872,646922240,645832704,52559872,54067200,52957184,57356288
591708160,640761856,678305792,53297152,53915648,53489664,745590784,61288448,647352320,640847872,649273344,645832704,52559872,54067200,52957184,58146816
591708160,640761856,678305792,53297152,53968896,53489664,746364928,65253376,647352320,640847872,649273344,645832704,53571584,54071296,52961280,58146816
591708160,640761856,678305792,53297152,53968896,53489664,746364928,62095360,647352320,640847872,649273344,645832704,52338688,54071296,52961280,54714368
591708160,640761856,678305792,53297152,52772864,53489664,746364928,62095360,647352320,640847872,649273344,645832704,52338688,52404224,52961280,54714368
591708160,640761856,678961152,53297152,52772864,53489664,746364928,60542976,647352320,640847872,649273344,645832704,52338688,52404224,52961280,54714368
591708160,640761856,678961152,52518912,52772864,52641792,746364928,60542976,647352320,640847872,649273344,645832704,52523008,52404224,52965376,54718464
591708160,640761856,678961152,52518912,52772864,52641792,746364928,60542976,647450624,640847872,649273344,645832704,52486144,52404224,52965376,54718464
591708160,640761856,678961152,52518912,52772864,52641792,746364928,60780544,647344128,640847872,649273344,645832704,52428800,52404224,52965376,54718464
591708160,640761856,678948864,52518912,52772864,52793344,746430464,60833792,647344128,640847872,649273344,645824512,52428800,52477952,52981760,54788096
591794176,640749568,699015168,52580352,52920320,53477376,746430464,59846656,664072192,640839680,650608640,645824512,72732672,52477952,52981760,54751232
616026112,640749568,684609536,53010432,52871168,53477376,746430464,83210240,664072192,640839680,651108352,645799936,72732672,52477952,52981760,54751232
616026112,666091520,684609536,53010432,68661248,53477376,746430464,83210240,670478336,663949312,677343232,658259968,52654080,75685888,53161984,54870016
616026112,666091520,684609536,53010432,68661248,53477376,751837184,80941056,670478336,663949312,677343232,658259968,52654080,53354496,53161984,54870016
616026112,666091520,684609536,53010432,53420032,53477376,751837184,80941056,670478336,663949312,677343232,658259968,52654080,53354496,53166080,54870016
616026112,666091520,684609536,53010432,53420032,53477376,751837184,80941056,670478336,663949312,677343232,658259968,52654080,53358592,53166080,54870016
616026112,666091520,684609536,53010432,53420032,53477376,766844928,80941056,670478336,663949312,677343232,658259968,52654080,52805632,59392000,54870016
616026112,666091520,684609536,53727232,53424128,53477376,766844928,119382016,670482432,713179136,727977984,658259968,58474496,52805632,53092352,54870016
671531008,666091520,684609536,53727232,59432960,53477376,784601088,75137024,721104896,713179136,727982080,658259968,52178944,52805632,53092352,54870016
694280192,666091520,684609536,53727232,59432960,58908672,784601088,75137024,721104896,713183232,727982080,658259968,52178944,52805632,53092352,54427648
721588224,685858816,714145792,53727232,53133312,52609024,784601088,62558208,721104896,713183232,727982080,708874240,52178944,52805632,53092352,54427648
721588224,710115328,741969920,53727232,53133312,52609024,784601088,62558208,721108992,713183232,727982080,708878336,52178944,52805632,53092352,54427648
721608704,710115328,741969920,53727232,53133312,52609024,784601088,62558208,723210240,713199616,727998464,708878336,52178944,52805632,53092352,54427648
721608704,710123520,741969920,53727232,53133312,52609024,784601088,62558208,723210240,675151872,734003200,708878336,52178944,55332864,53092352,57806848
721608704,710123520,741969920,53727232,53133312,52609024,784601088,62558208,801624064,675151872,639574016,624119808,56086528,55332864,53776384,57806848
721608704,710139904,741974016,53727232,53133312,52609024,784601088,62558208,686305280,675151872,639574016,624119808,56086528,52174848,53776384,54648832
765640704,710139904,779505664,53727232,53133312,52609024,784601088,62558208,686305280,675151872,639574016,624119808,52932608,52174848,53776384,54648832
633081856,642015232,779505664,53727232,55177216,56717312,784601088,73007104,686305280,675151872,639574016,624119808,52932608,52174848,53776384,54648832
633081856,642015232,671133696,53227520,55177216,53559296,784601088,78192640,686305280,675151872,639574016,624119808,52932608,52174848,53776384,54648832
633081856,642015232,671133696,53227520,55177216,53559296,831164416,78192640,686305280,675151872,639574016,624119808,52932608,52174848,53776384,54648832
633106432,642015232,671133696,53227520,76333056,53559296,782663680,85241856,686325760,675151872,639574016,624119808,71307264,52174848,53776384,54648832
633106432,708440064,777682944,53227520,57405440,53559296,782663680,85286912,690266112,675221504,639574016,624119808,52375552,57212928,53977088,54796288
666431488,708440064,777682944,54894592,57405440,55767040,782663680,85286912,690266112,675221504,692076544,624119808,52375552,99045376,54075392,74694656
666431488,651845632,779915264,54894592,57405440,55767040,782663680,161144832,631562240,747876352,692072448,691728384,52375552,99045376,54075392,74694656
608845824,651845632,722198528,54738944,58114048,55488512,782663680,66383872,631562240,747839488,692072448,691691520,52256768,53448704,54075392,55767040
608845824,651845632,722198528,54743040,58114048,55488512,782663680,66383872,631562240,693694464,633921536,691691520,52256768,53395456,52477952,55353344
608845824,651845632,722198528,54743040,58114048,55488512,782663680,66383872,631562240,693694464,633921536,637210624,52256768,53395456,52477952,55353344
608845824,651845632,722198528,54743040,58114048,55488512,782663680,66469888,631562240,693694464,633921536,637210624,52256768,53395456,52477952,55353344
608845824,651845632,722198528,54743040,58114048,55488512,782663680,66469888,631562240,693694464,634032128,637210624,52256768,53551104,52961280,55353344
608845824,651845632,722202624,54743040,58114048,55488512,782663680,66494464,631668736,693694464,650170368,637210624,52568064,53551104,52961280,55443456
608845824,667918336,722202624,54743040,58249216,55578624,782725120,66904064,631668736,669491200,650170368,653877248,52441088,53489664,52961280,56340480
610349056,667918336,726106112,54886400,57585664,55578624,782725120,67002368,647344128,669491200,650170368,653877248,52441088,53719040,52961280,56340480
626421760,667918336,726106112,53026816,57585664,56242176,782725120,67002368,647344128,669491200,650170368,653877248,52441088,53719040,52961280,56340480
626421760,667918336,742363136,53026816,57585664,56242176,782725120,67010560,647344128,669491200,650170368,653877248,52441088,53719040,52961280,56340480
626421760,667918336,742363136,53026816,57585664,56242176,782725120,66998272,647344128,669491200,650170368,653877248,52441088,53719040,52961280,56340480
626421760,667918336,742363136,53026816,57585664,56242176,744263680,66998272,647344128,669491200,650170368,653877248,52441088,53719040,52961280,56340480
626421760,667918336,742363136,53026816,57585664,56242176,744415232,63541248,-,-,-,-,-,-,-,-
