dockerfiles-laptop-clientapp-0-1,dockerfiles-laptop-clientapp-1-1,dockerfiles-laptop-clientapp-2-1,dockerfiles-laptop-supernode-0-1,dockerfiles-laptop-supernode-1-1,dockerfiles-laptop-supernode-2-1,dockerfiles-serverapp-1,dockerfiles-superlink-1,dockerfiles-desktop-clientapp-0-1,dockerfiles-desktop-clientapp-1-1,dockerfiles-desktop-clientapp-2-1,dockerfiles-desktop-clientapp-3-1,dockerfiles-desktop-supernode-0-1,dockerfiles-desktop-supernode-1-1,dockerfiles-desktop-supernode-2-1,dockerfiles-desktop-supernode-3-1
0,114.1088,0,0,92.3336,85.244,0,175.2144,114.81739999999999,0,114.81739999999999,0,91.45549999999999,91.45549999999999,221.30419999999998,149.4075
90.85440000000001,176.06400000000002,90.85440000000001,130.09920000000002,169.88160000000002,67.87200000000001,21.235200000000003,139.5072,130.7115,47.505900000000004,130.7115,47.505900000000004,240.19995,230.92365,171.7521,234.29685
119.4912,161.04266666666666,119.4912,207.14266666666668,155.38773333333333,155.38773333333333,795.5016,787.0192000000001,118.14099999999999,118.14099999999999,193.34473333333332,80.53913333333333,217.09996666666666,208.71576666666667,208.71576666666667,265.24559999999997
113.9184,188.2232,183.3008,197.482,246.82319999999999,246.82319999999999,758.4012,948.6168,183.05855,111.85575,183.05855,147.45714999999998,306.821525,248.24759999999998,291.78715,251.1342
177.92064,182.69856,211.5936,287.47152,239.57856,239.57856,757.75536,12199.0536,190.25,116.25,190.25,153.25,318.875,258,303.25,261
240.32213333333334,245.00373333333334,207.328,281.67626666666666,361.5978666666667,361.5978666666667,12535.7412,11953.128,170.02003223207092,170.02003223207092,203.0856889605157,170.02003223207092,284.9678726833199,318.0335294117647,357.6899758259468,313.3417808219178
236.7904,273.91245714285714,269.29965714285714,402.52171428571427,441.51085714285716,402.52171428571427,12484.8496,12303.21622857143,199.65024986118826,167.14393855265595,264.66287247825284,167.14393855265595,366.13527669813067,405.12088654451236,351.63921895243385,308.04122709605775
266.2872,342.3072,266.2872,489.4602,436.572,398.019,12426.1206,12165.5892,229.25716723549485,197.15682593856653,293.4578498293515,229.25716723549485,407.21885665529004,400.06134812286683,400.06134812286683,395.50656996587026
305.33333333333337,350.22222222222223,305.33333333333337,500.7777777777778,533.6666666666667,486.8888888888889,12491.212755555558,13246.88888888889,229.6827466318992,261.84267709691443,294.0026075619296,229.6827466318992,538.787483702738,485.87570621468933,400.8039982616254,527.0534550195567
305.33333333333337,322.6666666666667,338.22222222222223,587.7777777777778,472.8888888888889,430.7777777777778,13404.602044444446,13673.333333333334,225.11951325510648,261.84267709691443,257.2794437201217,261.84267709691443,483.92003476749244,529.6610169491526,398.84832681442856,490.33029117774885
322.6666666666667,252.22222222222223,348.22222222222223,480.22222222222223,14806.691733333333,529,13404.271999999999,13673.333333333334,248.23465507876156,257.2514937533949,257.2514937533949,13783.155154807167,398.8049972840848,14535.578489951115,451.7110266159696,398.8049972840848
13841.262933333337,13887.369422222224,13857.742311111111,480.33333333333337,14806.691733333333,14818.2296,13126.000000000002,24797.88888888889,13749.955339489408,239.43508962520372,192.93862031504617,13782.814296577946,15009.885931558936,15016.838674633353,15031.287343834872,15024.551873981532
13841.262933333337,13910.435733333332,13856.50568888889,15244.230088888891,15215.77777777778,15230.444444444445,13340.000000000002,24775.444444444445,13750.725912646672,13816.494285093437,13746.004878313775,13807.050369404606,14920.034767492396,14972.729248152978,14947.848761408084,15026.184267709692
13863.710933333332,13910.435733333332,13855.88737777778,15216.555555555557,15215.77777777778,15230.444444444445,13318.88888888889,13939.666666666668,13780.706075,13837.32805,13771.404125000001,13828.1025,14772.6293,14786.8292,14716.6903,14800.5988
13871.049777777778,15566.203866666667,13860.175111111112,15237.77777777778,15089.333333333334,15104.000000000002,1677.888888888889,13939.666666666668,13762.725436159573,13827.814246027336,13753.413423713746,16969.214112679187,15246.230936770751,15283.920435603954,15202.133570396709,15298.144238248693
13871.049777777778,15565.585555555555,13858.938488888889,15111.333333333334,15017.111111111111,15107.000000000002,1677.888888888889,13601.444444444445,16854.177046994777,15725.006243750695,17966.575713809576,16967.361059882234,15183.535162759696,15196.31152094212,15217.42028663482,15304.077324741696
17181.37831111111,135114.3835111111,18116.45351111111,15027.111111111111,15017.111111111111,15111.666666666668,1746.3333333333335,13601.444444444445,40359.50358888889,18060.884366666665,17968.172888888887,387117.74788888893,15143.111111111111,15198.000000000002,15205.444444444445,15212.222222222223
17180.760000000002,1003398.7595111112,840300.8504444445,15060.222222222223,14930.111111111111,15032.000000000002,1746.3333333333335,13091.222222222223,40359.50358888889,43869.41854444444,724437.120611111,873352.6205555554,15009.333333333334,15111.000000000002,15205.444444444445,15118.88888888889
42245.11355555556,1298528.0636,840300.2321333335,14973.222222222223,14970.555555555557,15032.000000000002,966.2222222222223,12833,641084.3065548271,43864.60061104321,911917.8414731697,873255.3038773469,15048.105766026,15008.443506277083,15069.992223086325,15063.104099544496
1155725.4574666668,1298528.0636,1614779.3471111113,14973.222222222223,529.1111111111112,14933.77777777778,1198.4444444444446,12833,1083100.1796088454,922519.0945882875,912019.9500611178,1016617.1904433825,15004.667185242803,558.7287476386265,15019.224358262027,15066.451827980885
1155453.4423555557,1337185.5919555554,1884110.5024444447,14893.444444444445,529.1111111111112,536.4444444444445,1061,1112.4444444444446,1082945.067063007,1885819.8516057339,982919.8590287808,1066084.0504944993,59.11767974219357,66.45182798088676,59.11767974219357,59.11767974219357
1889370.1583111112,1337185.1073333337,1884110.5024444447,63.66666666666667,54.44444444444445,54.44444444444445,1061,946.8888888888889,1885855.3438777775,1885661.8098333334,982763.0899333333,1066082.4005777778,59.111111111111114,66.44444444444444,59.111111111111114,59.111111111111114
1889912.2761333336,1479033.1265333334,1884187.6816444446,63.66666666666667,54.44444444444445,54.44444444444445,1200.888888888889,866.2222222222223,1886186.6108888888,1885456.2536666666,1892441.4306444442,1889779.8790444445,59.111111111111114,18.666666666666668,59.111111111111114,59.111111111111114
1889912.100666667,1887697.7960000003,1884187.5939111111,42.44444444444445,54.44444444444445,54.44444444444445,1056.3333333333335,866.2222222222223,1886184.1891456502,1885453.7340184422,1892976.759993334,1889740.6877569158,45.10609932229753,9.332296411509834,59.10454393956228,49.772247528052446
1889912.100666667,1887697.7960000003,1884187.5939111111,42.44444444444445,40.44444444444445,4.666666666666667,1056.3333333333335,672.5555555555557,1886150.6026888886,1885434.0525555557,1892930.1207777776,1890280.8698888887,45.111111111111114,0,40.44444444444445,40.44444444444445
1889844.3538222222,1885258.3614222223,1884100.478888889,33.111111111111114,40.44444444444445,0,1087.4444444444446,828.0000000000001,1885874.6446505943,1885404.4648039106,1892927.6956893676,1650812.3541828687,40.43995111654261,0,0,40.43995111654261
1889844.3538222222,962791.7777777779,1136439.5555555557,0,40.44444444444445,0,1301.4444444444446,538.2222222222223,1885874.6446505943,1885104.0941784244,1283380.7354738363,1116958.3379624488,40.43995111654261,0,0,0
1889331.5002666668,641579.1111111111,1136439.5555555557,0,0,0,1194.4444444444446,254.66666666666669,1367663.295921769,1885311.1372930326,1077667.0741193464,1117206.578508723,0,0,0,0
799012.8831630386,641294.0915148823,293382.8298533985,0,0,0,961.7947578853842,346.4015992892048,882232.0000000001,1057757.7777777778,1077547.3333333335,959600.4444444445,0,0,0,0
799368,599209.1111111111,84,0,0,0,1109.4444444444446,346.5555555555556,882133.9851127653,0,999584.2684146207,905182.5352738586,0,0,0,0
590.5555555555555,599209.1111111111,84,0,0,0,1116.7777777777778,438.44444444444446,589.6011554271748,0,999584.2684146207,905182.5352738586,0,0,0,0
0,444825.1111111111,0,0,0,0,976.8888888888889,339.22222222222223,0,0,590.6211801311256,590.6211801311256,0,0,0,0
0,7.333333333333334,0,0,0,0,1116.7777777777778,346.5555555555556,0,0,0,590.6211801311256,0,0,0,0
0,7.333333333333334,0,0,0,33.111111111111114,1116.7777777777778,516.8888888888889,0,0,0,0,0,33.11479053228136,0,0
0,0,0,0,0,33.111111111111114,1076.3333333333335,361.44444444444446,0,0,0,0,0,33.111111111111114,40.44444444444445,0
0,0,0,0,33.111111111111114,33.111111111111114,1076.3333333333335,575.6666666666667,0,0,0,0,0,33.11479053228136,40.44893877097455,0
0,0,0,0,33.111111111111114,33.111111111111114,1109.2222222222224,575.6666666666667,0,0,0,0,0,33.10743250749917,40.43995111654261,0
0,0,0,33.12583370386839,33.12583370386839,33.12583370386839,1109.7154290795909,773.677189862161,0,0,0,0,0,34.9885092488439,42.737642169728794,0
0,0,0,33.111111111111114,33.111111111111114,33.111111111111114,1069,773.3333333333334,0,0,0,0,0,35.73445714285714,43.6488,0
0,0,0,33.111111111111114,33.111111111111114,33.111111111111114,1061.6666666666667,881.7777777777778,0,0,0,0,0,35.38772117325733,43.22527015793849,0
0,0,0,33.111111111111114,33.111111111111114,33.111111111111114,1201.5555555555557,881.7777777777778,0,0,0,0,0,35.383519354072675,43.220137734504874,35.383519354072675
0,0,0,33.111111111111114,33.111111111111114,33.111111111111114,954.6666666666667,969.5555555555557,0,0,0,0,43.220137734504874,35.383519354072675,43.220137734504874,35.383519354072675
0,0,0,33.111111111111114,33.111111111111114,0,1168.6666666666667,799.2222222222223,0,0,0,0,43.220137734504874,0,43.220137734504874,35.383519354072675
0,0,0,33.111111111111114,33.111111111111114,0,1168.6666666666667,799.2222222222223,0,0,0,0,43.22527015793849,0,0,35.38772117325733
0,0,0,33.111111111111114,0,0,954.6666666666667,733.1111111111112,0,0,0,0,43.215006529739995,0,0,35.37931853258934
0,0,0,33.111111111111114,0,0,954.8888888888889,733.1111111111112,0,0,0,0,43.22527015793849,0,0,40.375252345327155
0,0,0,0,0,0,1201.7777777777778,542.7777777777778,0,0,0,0,47.473,0,0,39.755714285714284
0,0,0,0,0,0,1179.7777777777778,542.7777777777778,0,0,0,0,46.608366141732276,0,0,39.03163667041619
0,0,0,0,0,0,965.7777777777778,342.44444444444446,0,0,0,0,45.096079084749526,0,0,37.76518938131734
0,0,0,0,0,0,1094.7777777777778,434.33333333333337,0,0,0,0,45.111111111111114,0,0,4.666666666666667
0,0,0,0,0,0,1179.7777777777778,339.22222222222223,0,0,0,0,4.666666666666667,0,0,4.666666666666667
0,0,0,0,0,0,965.7777777777778,339.22222222222223,0,0,0,0,4.666666666666667,0,0,4.666666666666667
0,0,0,0,0,0,965.7777777777778,339.22222222222223,0,0,0,0,4.666148205754915,0,0,4.666148205754915
0,0,0,0,0,33.0964015992892,1179.2536650377608,385.3842736561528,0,0,0,0,4.667185242804756,0,0,4.667185242804756
0,0,0,0,0,33.111111111111114,1039.6666666666667,484.7777777777778,0,0,0,0,4.666666666666667,0,0,0
0,0,0,0,0,33.111111111111114,1017.6666666666667,385.5555555555556,0,0,0,0,0,0,0,0
0,0,0,0,0,33.111111111111114,932.6666666666667,482.33333333333337,0,0,0,0,0,33.11479053228137,0,0
0,0,0,33.111111111111114,33.111111111111114,33.111111111111114,1047,577.4444444444445,0,0,0,0,0,33.122151828387246,0,0
0,0,0,33.111111111111114,33.111111111111114,33.111111111111114,1003.0000000000001,485.5555555555556,0,0,0,0,0,33.111111111111114,40.44444444444445,0
0,0,0,33.111111111111114,33.111111111111114,33.111111111111114,1025,775.2222222222223,0,0,0,0,0,33.111111111111114,40.44444444444445,0
0,0,0,33.111111111111114,33.111111111111114,33.111111111111114,1025,775.2222222222223,0,0,0,0,0,33.111111111111114,40.44444444444445,0
0,0,0,33.111111111111114,33.111111111111114,33.111111111111114,1132,969.6666666666667,0,0,0,0,0,37.781975775086124,40.44893877097456,33.11479053228137
0,0,0,33.12583370386839,33.12583370386839,0,918.4081814139618,775.5669186305025,0,0,0,0,0,37.77777777777778,40.44444444444445,33.111111111111114
0,0,0,33.111111111111114,33.111111111111114,0,1032.3333333333335,676,0,0,0,0,0,37.77777777777778,45.111111111111114,33.111111111111114
0,0,0,37.77777777777778,33.111111111111114,0,807.4444444444445,902.7777777777778,0,0,0,0,40.44444444444445,37.77777777777778,45.111111111111114,33.111111111111114
0,0,0,37.77777777777778,33.111111111111114,0,1076.3333333333335,833.2222222222223,0,0,0,0,40.44444444444445,4.666666666666667,45.111111111111114,33.111111111111114
0,0,0,4.666666666666667,0,0,1209.111111111111,738.1111111111112,0,0,0,0,40.44444444444445,4.666666666666667,45.111111111111114,33.111111111111114
0,0,0,4.666666666666667,0,0,1105.6666666666667,818.8888888888889,0,0,0,0,40.4399511165426,4.666148205754915,4.666148205754915,33.10743250749916
0,0,0,4.666666666666667,0,0,998.6666666666667,562.3333333333334,0,0,0,0,40.4399511165426,4.666148205754915,4.666148205754915,33.10743250749916
0,0,0,4.666666666666667,0,0,1253.111111111111,562.3333333333334,0,0,0,0,40.44444444444445,4.666666666666667,4.666666666666667,33.111111111111114
0,0,0,4.666666666666667,0,0,1006.2222222222223,474.44444444444446,0,0,0,0,40.44444444444445,0,4.666666666666667,0
0,0,0,4.666666666666667,0,33.111111111111114,1160.7777777777778,474.44444444444446,0,0,0,0,40.44444444444445,0,4.666666666666667,0
0,0,0,4.666666666666667,0,33.111111111111114,1308,474.44444444444446,0,0,0,0,40.10825,0,0,0
0,0,0,0,0,33.111111111111114,1308,434.6666666666667,0,0,0,0,0,0,0,0
0,0,0,0,0,33.111111111111114,1260.4444444444446,502.5555555555556,0,0,0,0,0,0,0,0
0,0,0,0,0,33.111111111111114,1013.3333333333334,502.5555555555556,0,0,0,0,0,38.818385411112295,0,0
0,0,0,0,0,33.111111111111114,1031.7777777777778,521,0,0,0,0,0,38.822525597269625,0,0
0,0,0,0,0,33.111111111111114,1031.7777777777778,487.8888888888889,0,0,0,0,0,38.822525597269625,0,0
0,0,0,0,33.111111111111114,33.111111111111114,991.3333333333334,487.8888888888889,0,0,0,0,0,38.818385411112295,0,0
0,0,0,0,33.111111111111114,33.111111111111114,1238.2222222222224,670.8888888888889,0,0,0,0,0,38.81424610791213,38.81424610791213,0
0,0,0,33.111111111111114,33.111111111111114,0,1083.6666666666667,861.2222222222223,0,0,0,0,0,38.818385411112295,38.818385411112295,38.818385411112295
0,0,0,33.111111111111114,33.111111111111114,0,929.1111111111112,861.2222222222223,0,0,0,0,0,40.0764,40.0764,40.0764
0,0,0,33.111111111111114,33.111111111111114,0,1176,773.4444444444445,0,0,0,0,0,40.44444444444445,40.44444444444445,40.44444444444445
0,0,0,33.111111111111114,33.111111111111114,0,954.6666666666667,678.3333333333334,0,0,0,0,0,40.44444444444445,40.44444444444445,40.44444444444445
0,0,0,33.111111111111114,37.77777777777778,0,1083.6666666666667,706.1111111111112,0,0,0,0,0,0,40.44444444444445,40.44444444444445
0,0,0,33.111111111111114,37.77777777777778,0,1105.6666666666667,814.5555555555557,0,0,0,0,40.44444444444445,0,40.44444444444445,40.44444444444445
0,0,0,33.111111111111114,37.77777777777778,0,1319.6666666666667,814.5555555555557,0,0,0,0,40.44893877097455,0,40.44893877097455,40.44893877097455
0,0,0,33.111111111111114,4.666666666666667,0,1105.6666666666667,847.6666666666667,0,0,0,0,40.44444444444445,0,40.44444444444445,40.44444444444445
0,0,0,33.111111111111114,4.666666666666667,0,1120.3333333333335,558.1111111111112,0,0,0,0,40.44893877097455,0,0,40.44893877097455
0,0,0,0,4.666666666666667,0,1120.3333333333335,441.22222222222223,0,0,0,0,45.111111111111114,0,0,0
0,0,0,0,4.666666666666667,0,1136.888888888889,441.22222222222223,0,0,0,0,45.111111111111114,0,0,0
0,0,0,0,4.666666666666667,33.111111111111114,1142.3333333333335,543.6666666666667,0,0,0,0,45.111111111111114,0,0,0
0,0,0,0,4.666666666666667,33.111111111111114,1142.3333333333335,543.6666666666667,0,0,0,0,45.111111111111114,0,0,0
0,0,0,0,0,33.111111111111114,1260.4444444444446,515.8888888888889,0,0,0,0,45.111111111111114,0,0,0
0,0,0,0,0,33.111111111111114,1098.5555555555557,414.7777777777778,0,0,0,0,4.666666666666667,33.111111111111114,0,0
0,0,0,0,0,33.111111111111114,1020.6666666666667,528,0,0,0,0,4.666148205754917,33.10743250749917,0,0
0,0,0,0,0,33.111111111111114,1275.1111111111113,511.44444444444446,0,0,0,0,4.666666666666667,33.111111111111114,0,0
0,0,0,0,0,33.111111111111114,1142.3333333333335,511.44444444444446,0,0,0,0,4.666666666666667,33.111111111111114,0,0
0,0,0,0,33.111111111111114,33.111111111111114,1142.3333333333335,511.44444444444446,0,0,0,0,0,33.111111111111114,0,0
0,0,0,0,33.111111111111114,33.111111111111114,1258.5555555555557,734.8888888888889,0,0,0,0,0,33.111111111111114,0,0
0,0,0,33.111111111111114,33.111111111111114,0,1120.3333333333335,701.7777777777778,0,0,0,0,0,33.111111111111114,40.44444444444445,0
0,0,0,33.111111111111114,33.111111111111114,0,1120.3333333333335,701.7777777777778,0,0,0,0,0,33.111111111111114,40.44444444444445,40.44444444444445
0,0,0,33.111111111111114,33.111111111111114,0,1120.3333333333335,830.1111111111112,0,0,0,0,0,33.111111111111114,40.44444444444445,40.44444444444445
0,0,0,33.111111111111114,33.111111111111114,0,1120.3333333333335,797,0,0,0,0,0,0,40.44893877097455,40.44893877097455
0,0,0,33.111111111111114,33.111111111111114,0,1135,683.7777777777778,0,0,0,0,0,0,40.44893877097455,40.44893877097455
0,0,0,33.111111111111114,33.111111111111114,0,1013.3333333333334,706.8888888888889,0,0,0,0,0,0,41.82399362420303,41.82399362420303
0,0,0,33.111111111111114,33.111111111111114,0,1013.3333333333334,898.2222222222223,0,0,0,0,0,0,42.59891413059009,42.59891413059009
0,0,0,33.111111111111114,0,0,1227.3333333333335,824.7777777777778,0,0,0,0,43.62938990770706,0,48.66355028167326,43.62938990770706
0,0,0,33.111111111111114,0,0,987.5555555555557,601.3333333333334,0,0,0,0,43.624161073825505,0,48.65771812080537,48.65771812080537
0,0,0,0,0,0,1142.3333333333335,539.3333333333334,0,0,0,0,43.62938990770706,0,5.034160373966199,48.66355028167326
0,0,0,0,0,9.222222222222223,1142.3333333333335,539.3333333333334,0,0,0,0,43.62938990770706,0,5.034160373966199,5.034160373966199
0,0,0,0,0,33.111111111111114,1118.4444444444446,506.2222222222223,0,0,0,0,43.62938990770706,0,5.034160373966199,5.034160373966199
0,0,0,0,0,33.111111111111114,1263.7777777777778,539.3333333333334,0,0,0,0,43.624161073825505,0,5.033557046979866,5.033557046979866
0,0,0,0,0,33.111111111111114,1227.3333333333335,539.3333333333334,0,0,0,0,43.624161073825505,0,5.033557046979866,5.033557046979866
0,0,0,0,0,33.111111111111114,1094.5555555555557,594.8888888888889,0,0,0,0,0,44.018,0,5.079
0,0,0,0,0,33.111111111111114,1227.3333333333335,510.11111111111114,0,0,0,0,0,45.494313210848645,0,5.2493438320209975
0,0,0,0,0,33.111111111111114,1120.3333333333335,605.2222222222223,0,0,0,0,0,40.44444444444445,0,4.666666666666667
0,0,0,0,33.111111111111114,33.111111111111114,1120.3333333333335,605.2222222222223,0,0,0,0,0,40.44893877097455,0,0
0,0,0,0,33.111111111111114,33.111111111111114,1113,588.6666666666667,0,0,0,0,0,40.44444444444445,0,0
0,0,0,0,33.111111111111114,23.88888888888889,1227.3333333333335,605.2222222222223,0,0,0,0,0,45.111111111111114,0,0
0,0,0,33.111111111111114,33.111111111111114,0,1004.1111111111112,510.00000000000006,0,0,0,0,0,45.10609932229753,0,0
0,0,0,33.111111111111114,33.111111111111114,0,987.5555555555557,676.6666666666667,0,0,0,0,0,45.111111111111114,0,0
0,0,0,33.111111111111114,33.111111111111114,0,1113,676.6666666666667,0,0,0,0,0,45.111111111111114,40.44444444444445,0
0,0,0,33.111111111111114,33.111111111111114,0,1113,709,0,0,0,0,0,4.666666666666667,40.44444444444445,0
0,0,0,33.111111111111114,33.111111111111114,0,1002.2222222222223,690.5555555555557,0,0,0,0,0,4.666666666666667,40.44444444444445,40.44444444444445
0,0,0,33.111111111111114,33.111111111111114,0,1011.4444444444446,595.4444444444445,0,0,0,0,0,4.666666666666667,40.44444444444445,40.44444444444445
0,0,0,33.111111111111114,0,0,1198,628.5555555555555,0,0,0,0,0,4.666148205754917,40.43995111654261,40.43995111654261
0,0,0,33.111111111111114,0,0,1116.5555555555557,538.5555555555555,0,0,0,0,0,4.666666666666667,40.44444444444445,40.44444444444445
0,0,0,33.111111111111114,0,0,1002.2222222222223,785.7777777777778,0,0,0,0,0,0,40.43995111654261,40.43995111654261
0,0,0,0,0,33.111111111111114,1220,785.7777777777778,0,0,0,0,33.11479053228136,0,40.44893877097455,40.44893877097455
0,0,0,0,0,33.111111111111114,1227.3333333333335,623.7777777777778,0,0,0,0,33.111111111111114,0,40.44444444444445,40.44444444444445
0,0,0,0,0,33.111111111111114,987.5555555555557,623.7777777777778,0,0,0,0,33.10743250749917,0,0,40.43995111654261
0,0,0,0,0,33.111111111111114,1094.5555555555557,512.7777777777778,0,0,0,0,33.111111111111114,0,0,40.44444444444445
0,0,0,0,0,33.111111111111114,1198,424.6666666666667,0,0,0,0,37.78197577508612,0,0,0
0,0,0,0,0,33.111111111111114,1081.7777777777778,705.1111111111112,0,0,0,0,37.773580713254084,40.43995111654261,0,0
0,0,0,0,33.111111111111114,33.111111111111114,1109.2222222222224,672,0,0,0,0,37.78197577508612,40.44893877097455,0,0
0,0,0,0,33.111111111111114,33.111111111111114,929.1111111111112,762,0,0,0,0,37.77777777777778,40.44444444444445,0,0
0,0,0,0,33.111111111111114,33.111111111111114,1205.3333333333335,514.7777777777778,0,0,0,0,37.77777777777778,40.44444444444445,0,0
0,0,0,0,33.111111111111114,0,1094.5555555555557,514.7777777777778,0,0,0,0,4.666148205754917,40.43995111654261,0,0
0,0,0,0,33.111111111111114,0,1087.2222222222224,477.00000000000006,0,0,0,0,4.480872703412074,38.834230096237974,0,0
0,0,0,0,33.111111111111114,0,1087.2222222222224,588.7777777777778,0,0,0,0,4.485262708244339,38.87227680478428,0,0
0,0,0,0,33.111111111111114,0,1227.3333333333335,572.2222222222223,0,0,0,0,4.484783769353978,38.86812600106781,0,0
0,0,0,33.111111111111114,33.111111111111114,0,973.1111111111112,757.3333333333334,0,0,0,0,0,38.86812600106781,31.820608649225843,0
0,0,0,33.111111111111114,33.111111111111114,0,1208.888888888889,476.8888888888889,0,0,0,0,0,0,31.824006834686028,0
0,0,0,33.111111111111114,0,0,1125.7777777777778,476.8888888888889,0,0,0,0,0,0,31.820608649225843,0
0,0,0,33.111111111111114,0,0,1125.7777777777778,611.7777777777778,0,0,0,0,0,0,31.820608649225843,0
0,0,0,33.111111111111114,0,0,987.5555555555557,595.2222222222223,0,0,0,0,0,0,31.827405746021572,38.876428495140445
0,0,0,33.111111111111114,0,0,1094.5555555555557,595.2222222222223,0,0,0,0,0,0,31.827405746021572,38.876428495140445
0,0,0,37.77777777777778,0,0,965.7777777777778,521.7777777777778,0,0,0,0,0,0,33.90150487560945,41.409891861482684
0,0,0,37.77777777777778,0,33.111111111111114,1227.3333333333335,616.3333333333334,0,0,0,0,0,0,33.11479053228136,40.44893877097455
0,0,0,37.77777777777778,0,33.111111111111114,1116.3333333333335,717.6666666666667,0,0,0,0,0,0,33.111111111111114,40.44444444444445
0,0,0,4.666666666666667,0,33.111111111111114,1116.3333333333335,532.5555555555555,0,0,0,0,33.111111111111114,0,0,45.111111111111114
0,0,0,4.66459351399378,0,33.0964015992892,1110.6175033318525,622.2789871168369,0,0,0,0,33.11479053228136,0,0,45.116124013779306
0,0,0,4.666666666666667,0,33.111111111111114,980.2222222222223,622.5555555555555,0,0,0,0,33.11479053228136,0,0,45.116124013779306
0,0,0,4.666666666666667,0,33.111111111111114,1132.888888888889,582.7777777777778,0,0,0,0,33.11479053228136,0,0,45.116124013779306
0,0,0,4.666666666666667,33.111111111111114,33.111111111111114,1101.888888888889,677.7777777777778,0,0,0,0,33.10743250749916,40.4399511165426,0,4.666148205754915
0,0,0,4.666666666666667,33.111111111111114,33.111111111111114,887.8888888888889,677.7777777777778,0,0,0,0,33.111111111111114,40.44444444444445,0,4.666666666666667
0,0,0,0,33.111111111111114,33.111111111111114,1134.7777777777778,767.7777777777778,0,0,0,0,33.111111111111114,40.44444444444445,0,4.666666666666667
0,0,0,0,33.111111111111114,0,873.2222222222223,578,0,0,0,0,33.111111111111114,40.44444444444445,0,4.666666666666667
0,0,0,0,33.111111111111114,0,958.4444444444445,476.6666666666667,0,0,0,0,33.11479053228136,40.44893877097455,0,4.667185242804756
0,0,0,0,33.111111111111114,0,1210.7777777777778,550.1111111111112,0,0,0,0,0,40.44893877097455,0,0
0,0,0,0,33.12583370386839,0,980.658070253446,493.4415295686972,0,0,0,0,0,40.44444444444445,33.111111111111114,0
0,0,0,33.111111111111114,33.111111111111114,0,1103.7777777777778,758.5555555555557,0,0,0,0,0,40.44444444444445,33.111111111111114,0
0,0,0,33.111111111111114,33.111111111111114,0,1186.888888888889,573.4444444444445,0,0,0,0,0,40.4399511165426,33.10743250749916,0
0,0,0,33.111111111111114,0,0,1079.888888888889,478.44444444444446,0,0,0,0,0,0,33.11479053228136,0
0,0,0,33.111111111111114,0,0,1210.7777777777778,478.44444444444446,0,0,0,0,0,0,33.111111111111114,0
0,0,0,33.111111111111114,0,0,1223.5555555555557,616,0,0,0,0,0,0,33.10743250749916,33.10743250749916
0,0,0,33.09272626318711,0,0,1222.8761799000554,599.1116046640755,0,0,0,0,0,0,37.77358071325408,33.10743250749916
0,0,0,33.111111111111114,0,0,1223.5555555555557,599.4444444444445,0,0,0,0,0,0,37.77777777777778,33.111111111111114
0,0,0,33.111111111111114,0,0,971.2222222222223,599.4444444444445,0,0,0,0,0,0,37.77777777777778,33.111111111111114
0,0,0,33.111111111111114,0,0,1101.888888888889,599.4444444444445,0,0,0,0,0,0,4.666148205754915,33.10743250749916
0,0,0,0,0,0,1208.888888888889,334.11111111111114,0,0,0,0,40.4399511165426,0,4.666148205754915,33.10743250749916
0,0,0,0,0,33.111111111111114,973.1111111111112,597.6666666666667,0,0,0,0,40.495,0,4.6725,33.1525
0,0,0,0,0,33.111111111111114,1208.888888888889,597.6666666666667,0,0,0,0,39.110347050607075,0,4.512732351993124,32.01891049747502
0,0,0,0,0,33.111111111111114,1232.5555555555557,709.4444444444445,0,0,0,0,39.10614525139665,0,4.512247529007305,32.015470562956594
0,0,0,0,33.10007775186049,33.10007775186049,972.5647006553371,571.6983227812951,0,0,0,0,39.11454975284763,39.11454975284763,4.513217279174727,0
0,0,0,0,33.12951639799889,33.12951639799889,1187.5486381322958,671.928849360756,0,0,0,0,39.11454975284763,39.11454975284763,0,0
0,0,0,0,33.111111111111114,33.111111111111114,1079.888888888889,671.5555555555557,0,0,0,0,43.6230794026002,39.110347050607075,0,0
0,0,0,0,33.111111111111114,33.111111111111114,1079.888888888889,671.5555555555557,0,0,0,0,43.6230794026002,39.110347050607075,0,0
0,0,0,0,33.111111111111114,33.111111111111114,1203.4444444444446,655,0,0,0,0,43.627767032022355,43.627767032022355,0,0
0,0,0,0,33.111111111111114,33.111111111111114,972.8888888888889,825.4444444444445,0,0,0,0,4.511762810183693,43.613707165109034,0,0
0,0,0,0,33.111111111111114,0,1208.6666666666667,561.8888888888889,0,0,0,0,4.61685,44.62955,40.0127,0
0,0,0,0,33.111111111111114,0,972.8888888888889,576.5555555555555,0,0,0,0,4.666666666666667,45.111111111111114,40.44444444444445,0
0,0,0,0,33.111111111111114,0,1041.5555555555557,464.7777777777778,0,0,0,0,4.667185242804756,45.11612401377931,40.44893877097456,0
0,0,0,33.122151828387246,0,0,1041.902856507725,576.6366566633322,0,0,0,0,4.666148205754915,4.666148205754915,40.4399511165426,0
0,0,0,33.111111111111114,0,0,1079.888888888889,571.8888888888889,0,0,0,0,4.666666666666667,4.666666666666667,40.44444444444445,40.44444444444445
0,0,0,33.111111111111114,0,0,1094.5555555555557,587.6666666666667,0,0,0,0,0,4.666148205754915,40.4399511165426,40.4399511165426
0,0,0,33.111111111111114,0,0,1094.5555555555557,514.2222222222223,0,0,0,0,0,4.666666666666667,40.44444444444445,40.44444444444445
0,0,0,33.111111111111114,0,0,971.0000000000001,595,0,0,0,0,0,0,40.3861089537335,40.3861089537335
0,0,0,37.75680177679067,0,33.09272626318711,1200.8883953359243,540.4775124930593,0,0,0,0,0,0,40.45793042125153,40.45793042125153
0,0,0,37.77777777777778,0,33.111111111111114,965.7777777777778,540.7777777777778,0,0,0,0,0,0,0,40.44444444444445
0,0,0,37.77777777777778,0,33.111111111111114,1201.5555555555557,599.5555555555555,0,0,0,0,0,0,0,40.44444444444445
0,0,0,37.77777777777778,0,33.111111111111114,978.3333333333334,599.5555555555555,0,0,0,0,40.44444444444445,0,0,40.44444444444445
0,0,0,4.666666666666667,0,33.111111111111114,1239.888888888889,397.8888888888889,0,0,0,0,40.44893877097456,0,0,40.44893877097456
0,0,0,4.666666666666667,0,33.111111111111114,1101.888888888889,504.5555555555556,0,0,0,0,40.44444444444445,40.44444444444445,0,0
0,0,0,4.666666666666667,0,33.111111111111114,972.8888888888889,584,0,0,0,0,40.44893877097456,40.44893877097456,0,0
0,0,0,4.666666666666667,0,33.111111111111114,1109,584,0,0,0,0,40.44444444444445,40.44444444444445,0,0
0,0,0,4.666666666666667,33.111111111111114,33.111111111111114,1201.5555555555557,560.1111111111112,0,0,0,0,40.502948703683096,40.502948703683096,0,0
0,0,0,0,33.12951639799889,0,971.5397443023903,576.9872151195109,0,0,0,0,40.44444444444445,40.44444444444445,0,0
0,0,0,0,33.111111111111114,0,1223.3333333333335,650.1111111111112,0,0,0,0,40.44444444444445,40.44444444444445,0,0
0,0,0,0,33.111111111111114,0,1094.5555555555557,576.6666666666667,0,0,0,0,40.44444444444445,40.44444444444445,40.44444444444445,0
0,0,0,0,33.111111111111114,0,1201.5555555555557,671.8888888888889,0,0,0,0,0,40.44444444444445,40.44444444444445,0
0,0,0,0,37.77777777777778,0,940.0000000000001,671.8888888888889,0,0,0,0,0,40.44444444444445,40.44444444444445,0
0,0,0,33.111111111111114,37.77777777777778,0,1065.2222222222224,660,0,0,0,0,0,0,40.44444444444445,40.44444444444445
0,0,0,33.111111111111114,37.77777777777778,0,1065.2222222222224,564.7777777777778,0,0,0,0,0,0,40.44444444444445,40.44444444444445
0,0,0,33.111111111111114,37.77777777777778,0,1172.2222222222224,749.8888888888889,0,0,0,0,0,0,40.44444444444445,40.44444444444445
0,0,0,33.111111111111114,4.666666666666667,0,1056,676.4444444444445,0,0,0,0,0,0,41.887299999999996,41.887299999999996
0,0,0,33.111111111111114,4.666666666666667,0,1056,543.6666666666667,0,0,0,0,0,0,42.6712,42.6712
0,0,0,33.0964015992892,4.66459351399378,33.0964015992892,933.9182585517547,694.8023100844069,0,0,0,0,0,0,43.74474221848335,43.74474221848335
0,0,0,33.111111111111114,4.666666666666667,33.111111111111114,1087.2222222222224,695.1111111111112,0,0,0,0,0,0,0,43.74474221848335
0,0,0,33.111111111111114,4.666666666666667,33.111111111111114,1087.2222222222224,599.8888888888889,0,0,0,0,0,0,0,43.74474221848335
0,0,0,33.111111111111114,0,33.111111111111114,1087.2222222222224,599.8888888888889,0,0,0,0,0,0,0,48.792212474462204
0,0,0,0,0,33.111111111111114,969.1111111111112,578.5555555555555,0,0,0,0,35.817307692307686,0,0,5.0480769230769225
0,0,0,0,0,33.111111111111114,1216.2222222222224,611.6666666666667,0,0,0,0,35.817307692307686,0,0,5.0480769230769225
0,0,0,0,0,33.111111111111114,973.1111111111112,426.5555555555556,0,0,0,0,35.81300324480231,0,0,5.0474702559788485
0,0,0,0,0,33.111111111111114,1101.888888888889,595.1111111111112,0,0,0,0,36.07077142857143,0,0,5.083800000000001
0,0,0,0,33.111111111111114,33.111111111111114,1101.888888888889,756.4444444444445,0,0,0,0,37.25,0,0,5.25
0,0,0,0,33.12583370386839,0,1093.1525122276569,531.7919075144509,0,0,0,0,33.111111111111114,40.44444444444445,0,4.666666666666667
0,0,0,0,33.111111111111114,0,1063.3333333333335,555.4444444444445,0,0,0,0,37.77777777777778,40.44444444444445,0,4.666666666666667
0,0,0,0,33.111111111111114,0,956.3333333333334,572,0,0,0,0,37.78197577508612,40.44893877097455,0,4.667185242804756
0,0,0,33.111111111111114,33.111111111111114,0,1101.6666666666667,572,0,0,0,0,37.77777777777778,40.44444444444445,0,0
0,0,0,33.111111111111114,33.111111111111114,0,1179.5555555555557,576.8888888888889,0,0,0,0,4.666148205754917,40.43995111654261,0,0
0,0,0,33.111111111111114,33.111111111111114,0,1017.4444444444446,712.4444444444445,0,0,0,0,4.666148205754917,40.43995111654261,33.10743250749917,0
0,0,0,33.111111111111114,33.111111111111114,0,1017.4444444444446,712.4444444444445,0,0,0,0,4.666666666666667,40.44444444444445,33.111111111111114,0
0,0,0,33.111111111111114,33.111111111111114,0,1043.2222222222224,577,0,0,0,0,4.666666666666667,40.44444444444445,33.111111111111114,0
0,0,0,33.111111111111114,0,0,1043.2222222222224,415.6666666666667,0,0,0,0,4.666666666666667,40.44444444444445,33.111111111111114,40.44444444444445
0,0,0,33.111111111111114,0,0,1057.888888888889,584.1111111111112,0,0,0,0,4.666666666666667,0,33.111111111111114,40.44444444444445
0,0,0,33.111111111111114,0,0,1026.6666666666667,560.2222222222223,0,0,0,0,0,0,33.11479053228136,40.44893877097455
0,0,0,33.111111111111114,0,0,1142.888888888889,560.2222222222223,0,0,0,0,0,0,42.439728919009006,40.43995111654261
0,0,0,0,0,0,997.5555555555557,560.2222222222223,0,0,0,0,0,0,42.44444444444445,40.44444444444445
0,0,0,0,0,33.111111111111114,958.2222222222223,595.1111111111112,0,0,0,0,0,0,42.44916101789087,40.44893877097455
0,0,0,0,0,33.111111111111114,980.2222222222223,426.44444444444446,0,0,0,0,0,0,9.333333333333334,40.44444444444445
0,0,0,0,0,33.111111111111114,1109,499.8888888888889,0,0,0,0,0,0,9.333333333333334,40.44444444444445
0,0,0,0,0,33.111111111111114,1068.7777777777778,466.7777777777778,0,0,0,0,0,0,9.334370485609512,40.44893877097455
0,0,0,0,0,33.111111111111114,1068.7777777777778,466.7777777777778,0,0,0,0,33.111111111111114,0,9.333333333333334,0
0,0,0,0,0,33.111111111111114,1201.5555555555557,501.33333333333337,0,0,0,0,33.111111111111114,0,9.333333333333334,0
0,0,0,0,0,33.111111111111114,1002.2222222222223,501.33333333333337,0,0,0,0,33.10743250749917,0,9.332296411509834,0
0,0,0,0,0,33.111111111111114,993.0000000000001,484.7777777777778,0,0,0,0,33.111111111111114,0,0,0
0,0,0,0,33.111111111111114,33.111111111111114,1221.4444444444446,653.4444444444445,0,0,0,0,33.111111111111114,0,0,0
0,0,0,0,33.111111111111114,0,1175.7777777777778,540.3333333333334,0,0,0,0,37.773580713254084,40.43995111654261,0,0
0,0,0,0,33.09272626318711,0,1068.184342032204,573.1260410882842,0,0,0,0,36.239749999999994,38.79785,0,0
0,0,0,33.111111111111114,33.111111111111114,0,1216.2222222222224,500.00000000000006,0,0,0,0,36.47285990130873,39.047414717871696,0,0
0,0,0,33.111111111111114,33.111111111111114,0,994.8888888888889,668.7777777777778,0,0,0,0,36.46894776359541,39.04322642926097,0,0
0,0,0,33.111111111111114,37.77777777777778,0,1101.888888888889,673.4444444444445,0,0,0,0,4.505470928985196,39.047414717871696,0,0
0,0,0,33.111111111111114,37.77777777777778,0,1068.7777777777778,543.8888888888889,0,0,0,0,4.505470928985196,39.047414717871696,0,0
0,0,0,33.111111111111114,37.77777777777778,0,1068.7777777777778,673.6666666666667,0,0,0,0,4.504987664914728,43.5482140941757,0,0
0,0,0,33.111111111111114,37.77777777777778,0,1201.5555555555557,678.3333333333334,0,0,0,0,4.505470928985196,43.55288564685689,0,0
0,0,0,37.77777777777778,4.666666666666667,0,1109.2222222222224,509.6666666666667,0,0,0,0,4.505470928985196,43.55288564685689,31.967388972323533,0
0,0,0,37.77777777777778,4.666666666666667,0,994.8888888888889,583,0,0,0,0,0,4.504987664914728,31.963960098680683,39.04322642926097
0,0,0,37.798777098387994,4.669260700389105,0,1224.0133407448584,550.1945525291829,0,0,0,0,0,4.803707349081366,34.08344738157731,41.63213035870517
0,0,0,4.666666666666667,4.666666666666667,0,947.1111111111112,549.8888888888889,0,0,0,0,0,4.666666666666667,33.111111111111114,40.44444444444445
0,0,0,4.666666666666667,4.666666666666667,33.111111111111114,1070.6666666666667,567.6666666666667,0,0,0,0,0,4.666666666666667,33.111111111111114,40.44444444444445
0,0,0,4.666666666666667,0,33.111111111111114,1216.2222222222224,602.6666666666667,0,0,0,0,0,4.666666666666667,33.111111111111114,40.44444444444445
0,0,0,4.666666666666667,0,33.111111111111114,1109.2222222222224,602.6666666666667,0,0,0,0,0,4.666666666666667,33.111111111111114,40.44444444444445
0,0,0,4.666666666666667,0,33.111111111111114,1109.2222222222224,472.8888888888889,0,0,0,0,0,0,33.11479053228136,40.44893877097455
0,0,0,4.666666666666667,0,33.111111111111114,1090.7777777777778,468.22222222222223,0,0,0,0,0,0,33.111111111111114,40.44444444444445
0,17.333333333333336,0,0,33.111111111111114,37.77777777777778,954.6666666666667,738,17.333333333333336,0,24.666666666666668,17.333333333333336,33.111111111111114,0,0,40.44444444444445
17.333333333333336,17.333333333333336,17.333333333333336,0,33.111111111111114,37.77777777777778,1101.888888888889,602.5555555555555,17.335259473274807,0,24.669407711967995,17.335259473274807,33.11479053228136,0,0,0
17.333333333333336,17.333333333333336,17.333333333333336,0,33.111111111111114,37.77777777777778,987.7777777777778,602.5555555555555,17.333333333333336,17.333333333333336,24.666666666666668,17.333333333333336,33.111111111111114,0,0,0
17.333333333333336,17.333333333333336,52.00000000000001,0,33.111111111111114,37.77777777777778,1223.5555555555557,676,17.333333333333336,17.333333333333336,24.666666666666668,17.333333333333336,33.111111111111114,40.44444444444445,0,0
34.66666666666667,17.333333333333336,52.00000000000001,0,33.111111111111114,4.666666666666667,1207,489.44444444444446,34.66666666666667,17.333333333333336,34,17.333333333333336,33.111111111111114,40.44444444444445,0,0
52.00000000000001,26.666666666666668,61.333333333333336,33.111111111111114,33.111111111111114,4.666666666666667,954.4444444444445,640.2222222222223,34.66666666666667,52.00000000000001,34,26.666666666666668,33.111111111111114,40.44444444444445,0,0
52.00000000000001,26.666666666666668,61.333333333333336,33.111111111111114,33.111111111111114,4.666666666666667,947.1111111111112,640.2222222222223,68.66666666666667,61.333333333333336,76,61.333333333333336,33.111111111111114,40.44444444444445,0,0
61.333333333333336,26.666666666666668,61.333333333333336,33.111111111111114,33.111111111111114,4.666666666666667,947.1111111111112,673.3333333333334,68.66666666666667,61.333333333333336,76,61.333333333333336,33.111111111111114,40.44444444444445,0,0
61.333333333333336,68.66666666666667,61.333333333333336,33.111111111111114,33.111111111111114,4.666666666666667,972.8888888888889,673.3333333333334,68.66666666666667,61.333333333333336,76,61.333333333333336,33.111111111111114,40.44444444444445,0,0
61.333333333333336,51.333333333333336,61.333333333333336,33.111111111111114,0,0,1216,477.00000000000006,51.333333333333336,61.333333333333336,51.333333333333336,44,0,40.44444444444445,0,0
44,51.333333333333336,44,33.111111111111114,0,0,1175.7777777777778,443.8888888888889,51.333333333333336,61.333333333333336,51.333333333333336,44,0,40.44444444444445,0,0
44,51.333333333333336,44,33.111111111111114,0,0,1175.7777777777778,443.8888888888889,51.33903767085231,44.004889432159125,51.33903767085231,44.004889432159125,0,40.44893877097455,40.44893877097455,0
44,51.333333333333336,9.333333333333334,33.111111111111114,0,0,940.0000000000001,539,51.333333333333336,44,51.333333333333336,44,0,0,40.44444444444445,33.111111111111114
26.666666666666668,51.333333333333336,9.333333333333334,33.111111111111114,0,0,980.2222222222223,539,34,44,42,44,0,0,40.44444444444445,33.111111111111114
9.333333333333334,42,0,0,0,33.111111111111114,1208.888888888889,555.4444444444445,34,9.333333333333334,42,34.66666666666667,0,0,40.44444444444445,33.111111111111114
9.333333333333334,42,0,0,0,33.111111111111114,1087.4444444444446,572,0,0,0,0,0,0,40.44444444444445,33.111111111111114
0,42,0,0,0,33.111111111111114,1315.888888888889,538.8888888888889,0,0,0,0,0,0,40.43995111654261,33.10743250749917
0,0,0,0,0,33.111111111111114,1068.7777777777778,566.6666666666667,0,0,0,0,0,0,40.26275153105862,32.962362517185355
0,0,0,0,0,33.111111111111114,1068.7777777777778,566.6666666666667,0,0,0,0,0,0,38.66992457239987,31.65834484223945
0,0,0,0,0,33.111111111111114,1094.5555555555557,566.6666666666667,0,0,0,0,0,0,38.66992457239987,36.120259215977896
0,0,0,0,33.111111111111114,33.111111111111114,1087.2222222222224,694.7777777777778,0,0,0,0,0,0,0,36.120259215977896
0,0,0,0,33.111111111111114,33.111111111111114,1208.6666666666667,599.6666666666667,0,0,0,0,0,0,0,4.461914373738447
0,0,0,0,33.111111111111114,33.111111111111114,1061.4444444444446,599.6666666666667,0,0,0,0,0,0,0,4.461914373738447
0,0,0,0,33.111111111111114,0,1046.7777777777778,584.5555555555555,0,0,0,0,31.65834484223945,0,0,4.461914373738447
0,0,0,33.111111111111114,33.111111111111114,0,1046.7777777777778,568,0,0,0,0,31.65834484223945,0,0,4.461914373738447
0,0,0,33.111111111111114,33.111111111111114,0,1079.888888888889,568,0,0,0,0,31.661708457288565,31.661708457288565,0,4.462388440288993
0,0,0,33.111111111111114,37.77777777777778,0,1079.888888888889,674.5555555555557,0,0,0,0,32.55288629828729,32.55288629828729,0,4.587990686335792
0,0,0,33.111111111111114,37.77777777777778,0,1065.2222222222224,674.5555555555557,0,0,0,0,33.111111111111114,33.111111111111114,0,4.666666666666667
0,0,0,33.111111111111114,37.77777777777778,0,1046.7777777777778,674.5555555555557,0,0,0,0,37.77777777777778,33.111111111111114,0,0
0,0,0,33.111111111111114,4.666666666666667,0,939.7777777777778,546.4444444444445,0,0,0,0,37.77777777777778,33.111111111111114,0,0
0,0,0,33.111111111111114,4.666666666666667,0,1054.111111111111,546.4444444444445,0,0,0,0,37.77777777777778,33.111111111111114,0,0
0,0,0,33.111111111111114,4.666666666666667,0,1172.2222222222224,546.4444444444445,0,0,0,0,37.77777777777778,33.111111111111114,0,0
0,0,0,33.111111111111114,4.666666666666667,0,958.2222222222223,483.11111111111114,0,0,0,0,4.666666666666667,33.111111111111114,40.44444444444445,0
0,0,0,0,4.666666666666667,33.111111111111114,1194,673.1111111111112,0,0,0,0,4.666666666666667,33.111111111111114,40.44444444444445,40.44444444444445
0,0,0,0,4.666666666666667,33.111111111111114,1039.4444444444446,673.1111111111112,0,0,0,0,4.666666666666667,0,40.44444444444445,40.44444444444445
0,0,0,0,0,33.111111111111114,1039.4444444444446,538.7777777777778,0,0,0,0,4.666148205754915,0,40.4399511165426,40.4399511165426
0,0,0,0,0,33.111111111111114,932.4444444444445,538.7777777777778,0,0,0,0,4.666666666666667,0,40.44444444444445,40.44444444444445
0,0,0,0,0,33.111111111111114,818.1111111111112,538.7777777777778,0,0,0,0,0,0,49.77777777777778,40.44444444444445
0,0,0,0,33.111111111111114,33.111111111111114,1087.2222222222224,694.7777777777778,0,0,0,0,0,0,49.77777777777778,40.44444444444445
0,0,0,0,33.111111111111114,37.77777777777778,950.8888888888889,621.3333333333334,0,0,0,0,0,0,49.77777777777778,40.44444444444445
0,0,0,0,33.111111111111114,37.77777777777778,1024.7777777777778,694.7777777777778,0,0,0,0,0,0,49.77777777777778,40.44444444444445
0,0,0,0,33.10007775186049,37.76518938131734,1024.4362990114407,566.1446184605131,0,0,0,0,0,0,9.333333333333334,40.44444444444445
0,0,0,0,33.111111111111114,4.666666666666667,995.4444444444445,302.8888888888889,0,0,0,0,0,0,9.333333333333334,0
0,0,256.8888888888889,33.111111111111114,33.111111111111114,46351.66666666667,1028.5555555555557,22198.111111111113,0,0,0,0,0,0,9.334370485609512,0
0,0,256.8888888888889,33.111111111111114,33.111111111111114,46351.66666666667,1135.5555555555557,22198.111111111113,0,0,0,0,0,0,9.333333333333334,0
0,0,311.5555555555556,33.111111111111114,33.111111111111114,46474.333333333336,1014.1111111111112,22465,0,0,0,0,33.111111111111114,0,9.333333333333334,0
0,0,375.6666666666667,33.111111111111114,33.111111111111114,46474.333333333336,22387.77777777778,22661.444444444445,0,0,0,0,33.11479053228137,0,0,0
0,0,375.6666666666667,33.111111111111114,0,46546.88888888889,22340,22505.444444444445,0,0,0,0,33.111111111111114,40.44444444444445,0,0
0,0,454.22222222222223,33.111111111111114,0,46596.333333333336,22369.333333333336,22666.88888888889,0,0,0,0,33.11479053228137,40.44893877097456,0,0
0,0,454.22222222222223,33.111111111111114,0,46674.11111111112,22324.77777777778,22680.222222222223,0,0,0,0,33.111111111111114,40.44444444444445,40.44444444444445,0
0,0,516.3943536734467,33.122151828387246,0,46689.674335889744,22332.221851728355,22687.78481716128,0,0,0,0,34.50095,42.1421,42.1421,0
0,0,563.7777777777778,33.111111111111114,0,46749.222222222226,22354.111111111113,22874.55555555556,0,0,0,0,35.17251428571429,42.9624,42.9624,0
0,0,335.7777777777778,0,0,493.6666666666667,22321,979.3333333333334,0,0,0,0,40.28436018957345,43.12796208530805,43.12796208530805,0
0,0,335.7777777777778,0,0,493.6666666666667,22214,1168.5555555555557,0,0,0,0,40.289133783623654,48.10996563573883,43.13307263893826,43.13307263893826
0,0,328.6666666666667,0,0,465.5555555555556,22342.77777777778,1066.4444444444446,0,0,0,0,4.976892996800569,48.10996563573883,43.13307263893826,43.13307263893826
0,0,312.11111111111114,0,0,571.6666666666667,1190.4444444444446,870.0000000000001,0,0,0,0,4.976303317535544,48.104265402843595,43.12796208530805,43.12796208530805
0,0,364.8888888888889,0,0,499.11111111111114,969.1111111111112,936.2222222222223,0,0,0,0,4.977482815833136,4.977482815833136,43.13818440388718,43.13818440388718
0,0,310,0,0,567.6666666666667,1101.888888888889,840.8888888888889,0,0,0,0,4.976303317535544,4.976303317535544,43.12796208530805,43.12796208530805
0,0,310,0,0,489.8888888888889,954.4444444444445,878.6666666666667,0,0,0,0,4.977482815833136,4.977482815833136,0,43.13818440388718
0,0,286.33333333333337,0,0,544,1054.111111111111,878.6666666666667,0,0,0,0,0,4.979399999999999,0,43.154799999999994
0,0,300.77777777777777,0,33.111111111111114,523,1046.7777777777778,845.6666666666667,0,0,0,0,0,4.881975,0,42.310449999999996
0,0,271.8888888888889,0,33.111111111111114,431.5555555555556,1046.7777777777778,845.6666666666667,0,0,0,0,0,4.666666666666667,0,40.44444444444445
0,0,333.8888888888889,33.111111111111114,33.111111111111114,537.6666666666667,1170.3333333333335,862.1111111111112,0,0,0,0,0,0,0,0
0,0,286.33333333333337,33.111111111111114,33.111111111111114,558.4444444444445,1179.5555555555557,623.8888888888889,0,0,0,0,0,0,0,0
0,0,262.44444444444446,33.111111111111114,33.111111111111114,452.33333333333337,958.2222222222223,793.2222222222223,0,0,0,0,0,0,0,0
0,0,264.33333333333337,33.111111111111114,37.77777777777778,527.4444444444445,1172.2222222222224,731.6666666666667,0,0,0,0,0,0,0,0
258.33333333333337,254.22222222222223,240.66666666666669,33.111111111111114,46135.55555555556,404.7777777777778,910.6666666666667,22833.88888888889,0,0,0,0,0,0,0,0
298.5555555555556,283.11111111111114,271.6666666666667,46323.66666666667,46135.55555555556,475.22222222222223,1032.111111111111,22709.333333333336,0,0,0,0,0,40.4399511165426,0,0
320.33333333333337,323.33333333333337,264.33333333333337,46403.55555555556,46189.66666666667,458.6666666666667,1146.4444444444446,22910.222222222223,0,0,0,0,0,40.44444444444445,0,0
320.33333333333337,323.33333333333337,233.33333333333334,46403.55555555556,46156.55555555556,442.11111111111114,43514.11111111112,23269.222222222223,0,0,0,0,33.10007775186049,40.43096745529268,0,0
391.5555555555556,418.44444444444446,233.33333333333334,46500.444444444445,46279.222222222226,442.11111111111114,43514.11111111112,23269.222222222223,0,0,0,0,33.111111111111114,40.44444444444445,0,0
391.5555555555556,432.8888888888889,216.7777777777778,46547.222222222226,46359.11111111112,427.44444444444446,43390.55555555556,23377,0,0,0,0,33.111111111111114,40.44444444444445,0,0
462.7777777777778,432.8888888888889,255.11111111111114,46547.222222222226,46474.444444444445,349.6666666666667,43481,23628.444444444445,0,0,0,0,33.111111111111114,40.44444444444445,0,0
491.8888888888889,480.44444444444446,231.44444444444446,46669.88888888889,46519.333333333336,420.11111111111114,43481,23459.111111111113,0,0,0,0,33.111111111111114,40.44444444444445,40.44444444444445,0
491.8888888888889,542.4444444444445,231.44444444444446,46669.88888888889,46514.66666666667,403.5555555555556,43374,23643.666666666668,0,0,0,0,37.77777777777778,40.44444444444445,40.44444444444445,33.111111111111114
295.5555555555556,288.22222222222223,276.8888888888889,46785.222222222226,454.44444444444446,403.5555555555556,43619,1475.3333333333335,0,0,0,0,37.77777777777778,40.44444444444445,40.44444444444445,33.111111111111114
295.5555555555556,306.8888888888889,245.8888888888889,548.7777777777778,454.44444444444446,432.8888888888889,43497.55555555556,2000.3333333333335,0,0,0,0,37.77777777777778,0,40.44444444444445,33.111111111111114
273.77777777777777,319.44444444444446,245.8888888888889,468.8888888888889,515.6666666666667,432.8888888888889,43407.11111111112,1920.0000000000002,0,0,0,0,37.781975775086124,0,40.44893877097456,33.11479053228137
335.7777777777778,343.11111111111114,238.55555555555557,576.8888888888889,515.6666666666667,501.44444444444446,947.1111111111112,1399.6666666666667,0,0,0,0,4.668222740913638,0,40.45793042125153,33.122151828387246
279,248.00000000000003,238.55555555555557,515.6666666666667,523,501.44444444444446,1054.111111111111,1790.5555555555557,0,0,0,0,4.666666666666667,0,40.44444444444445,33.111111111111114
326.5555555555556,295.5555555555556,245.8888888888889,435.7777777777778,497.22222222222223,456.7777777777778,1146.4444444444446,1561.3333333333335,0,0,0,0,4.666666666666667,0,40.44444444444445,37.77777777777778
255.33333333333334,333.8888888888889,245.66666666666669,558.4444444444445,504.5555555555556,516.1111111111112,1039.4444444444446,1309.888888888889,0,0,0,0,4.666666666666667,0,40.44444444444445,37.77777777777778
288.22222222222223,286.33333333333337,245.66666666666669,489.8888888888889,459.6666666666667,445.6666666666667,1039.4444444444446,1599.3333333333335,0,0,0,0,4.666666666666667,0,0,37.77777777777778
302.6666666666667,248.00000000000003,229.33333333333334,489.8888888888889,513.7777777777778,424.6666666666667,1072.5555555555557,1509.4444444444446,0,0,0,0,0,0,0,4.666666666666667
240.66666666666669,248.00000000000003,207.55555555555557,497.22222222222223,530.3333333333334,488.00000000000006,949.0000000000001,1509.4444444444446,0,0,0,0,0,0,0,4.666666666666667
262.44444444444446,262.44444444444446,238.55555555555557,443.11111111111114,636.4444444444445,447.5555555555556,1163,1257.2222222222224,0,0,0,0,0,0,0,4.5680250000000004
310,209.66666666666669,207.55555555555557,527.4444444444445,558.6666666666667,440.22222222222223,1146.4444444444446,1202.888888888889,0,0,0,0,0,0,0,4.459072088332094
248.00000000000003,248.00000000000003,222.00000000000003,419.44444444444446,558.6666666666667,334.11111111111114,1010.3333333333334,1519.1111111111113,0,0,0,0,0,0,0,4.459545551072415
262.44444444444446,279,222.00000000000003,489.8888888888889,513.7777777777778,447.5555555555556,917.7777777777778,1128.2222222222224,0,0,0,0,0,38.64939477596093,0,4.459545551072415
214.8888888888889,217.00000000000003,222.00000000000003,544,510.8888888888889,468.5555555555556,949.0000000000001,1306.5555555555557,0,0,0,0,0,38.64939477596093,0,0
276.8888888888889,224.11111111111111,183.8888888888889,421.33333333333337,388.22222222222223,371.6666666666667,1065.2222222222224,1527.7777777777778,0,0,0,0,38.64939477596093,38.64939477596093,0,0
214.8888888888889,271.6666666666667,245.8888888888889,489.8888888888889,489.8888888888889,447.5555555555556,1065.2222222222224,1372.888888888889,0,0,0,0,38.64939477596093,38.64939477596093,0,0
262.44444444444446,262.44444444444446,222.00000000000003,489.8888888888889,456.7777777777778,410.00000000000006,1032.111111111111,1273.5555555555557,0,0,0,0,38.64939477596093,38.64939477596093,0,0
310,324.44444444444446,198.33333333333334,447.5555555555556,402.6666666666667,414.44444444444446,1032.111111111111,1341.5555555555557,0,0,0,0,38.653498991186154,38.653498991186154,0,0
248.00000000000003,262.44444444444446,229.33333333333334,510.8888888888889,411.8888888888889,444.6666666666667,1032.111111111111,1356.3333333333335,0,0,0,0,40.40855,40.40855,0,0
229.33333333333334,293.44444444444446,243.7777777777778,464.11111111111114,374.33333333333337,414.44444444444446,925.1111111111112,1290.1111111111113,0,0,0,0,40.44444444444445,40.44444444444445,33.111111111111114,0
276.8888888888889,231.44444444444446,229.33333333333334,464.11111111111114,449.44444444444446,514.2222222222223,1192.111111111111,1279.5555555555557,0,0,0,0,40.44444444444445,40.44444444444445,33.111111111111114,0
248.00000000000003,245.8888888888889,229.33333333333334,464.11111111111114,485.11111111111114,400.7777777777778,1070.6666666666667,1717.1111111111113,0,0,0,0,40.44444444444445,0,33.111111111111114,0
293.44444444444446,307.8888888888889,222.00000000000003,410.00000000000006,433.8888888888889,408.11111111111114,1063.3333333333335,1454.5555555555557,0,0,0,0,40.44893877097455,0,33.11479053228136,33.11479053228136
231.44444444444446,262.44444444444446,245.66666666666669,532.6666666666667,464.11111111111114,445.6666666666667,825.6666666666667,1456.4444444444446,0,0,0,0,0,0,33.11479053228136,33.11479053228136
262.44444444444446,260.33333333333337,183.66666666666669,453.00000000000006,461.22222222222223,369.7777777777778,1054.111111111111,1509.2222222222224,0,0,0,0,0,0,37.77777777777778,33.111111111111114
253.22222222222223,269.5555555555556,222.00000000000003,453.00000000000006,440.22222222222223,459.33333333333337,1054.111111111111,1509.2222222222224,0,0,0,0,0,0,37.78197577508612,33.11479053228136
229.33333333333334,207.55555555555557,245.66666666666669,447.7777777777778,477.7777777777778,481.11111111111114,1161.111111111111,1509.2222222222224,0,0,0,0,0,0,37.77777777777778,33.111111111111114
229.33333333333334,260.33333333333337,236.44444444444446,445.6666666666667,362.44444444444446,438.33333333333337,1087.2222222222224,1510.4444444444446,0,0,0,0,0,0,37.77777777777778,33.111111111111114
253.22222222222223,229.33333333333334,222.00000000000003,408.11111111111114,485.11111111111114,438.33333333333337,1087.2222222222224,1560.1111111111113,0,0,0,0,0,0,4.666666666666667,33.111111111111114
205.66666666666669,253.00000000000003,212.7777777777778,483.22222222222223,452.00000000000006,383.44444444444446,941.6666666666667,1254.4444444444446,0,0,0,0,0,0,4.666666666666667,33.111111111111114
229.33333333333334,207.55555555555557,274.77777777777777,454.8888888888889,331.22222222222223,435.44444444444446,941.6666666666667,1132.111111111111,0,0,0,0,0,0,4.666666666666667,33.111111111111114
236.66666666666669,207.55555555555557,229.33333333333334,454.8888888888889,432.8888888888889,414.44444444444446,1039.4444444444446,1132.111111111111,0,0,0,0,0,0,4.666148205754917,0
260.33333333333337,222.00000000000003,220.11111111111111,414.44444444444446,466.44444444444446,376.8888888888889,1039.4444444444446,909.0000000000001,0,0,0,0,0,0,4.666148205754917,0
229.33333333333334,229.33333333333334,220.11111111111111,432.8888888888889,367.6666666666667,466.44444444444446,1024.7777777777778,1044.2222222222224,0,0,0,0,0,0,0,0
229.33333333333334,205.66666666666669,222.00000000000003,432.8888888888889,447.5555555555556,414.44444444444446,1164.888888888889,1222.2222222222224,0,0,0,0,0,0,0,0
229.33333333333334,229.33333333333334,220.11111111111111,463.8888888888889,473.7777777777778,324.8888888888889,936.4444444444445,1154.2222222222224,0,0,0,0,0,33.10743250749917,0,0
229.33333333333334,229.33333333333334,167.33333333333334,402.6666666666667,473.7777777777778,367.6666666666667,1024.7777777777778,1299.4444444444446,0,0,0,0,40.44893877097455,33.11479053228136,0,0
229.33333333333334,229.33333333333334,205.44444444444446,461.22222222222223,431.00000000000006,435.44444444444446,1131.7777777777778,1249.7777777777778,0,0,0,0,40.44444444444445,33.111111111111114,0,0
253.00000000000003,243.7777777777778,229.33333333333334,386.11111111111114,452.7777777777778,390.5555555555556,1010.3333333333334,1460.888888888889,0,0,0,0,40.44444444444445,33.111111111111114,40.44444444444445,0
229.33333333333334,243.7777777777778,167.33333333333334,414.44444444444446,452.7777777777778,414.44444444444446,1238.7777777777778,1391.888888888889,0,0,0,0,40.44444444444445,37.77777777777778,40.44444444444445,0
229.33333333333334,229.33333333333334,196.22222222222223,452.00000000000006,414.44444444444446,381.33333333333337,1148.3333333333335,1391.888888888889,0,0,0,0,40.44444444444445,37.77777777777778,40.44444444444445,0
229.33333333333334,243.7777777777778,181.7777777777778,421.7777777777778,410.22222222222223,435.44444444444446,1148.3333333333335,1545.7777777777778,0,0,0,0,45.111111111111114,37.77777777777778,40.44444444444445,0
260.33333333333337,191,243.7777777777778,360.33333333333337,445.6666666666667,345.8888888888889,1179.5555555555557,1223.2222222222224,0,0,0,0,46.278924999999994,38.75575,41.49145,0
229.33333333333334,253.00000000000003,203.55555555555557,444.6666666666667,459.33333333333337,412.5555555555556,1039.4444444444446,1402,0,0,0,0,47.0902,39.43514285714286,42.2188,0
205.66666666666669,229.33333333333334,181.7777777777778,412.5555555555556,395.5555555555556,466.6666666666667,1039.4444444444446,1402,0,0,0,0,48.22998336897124,4.989308624376335,43.240674744594905,0
243.7777777777778,191,243.7777777777778,412.5555555555556,445.6666666666667,377.11111111111114,1039.4444444444446,1426.6666666666667,0,0,0,0,4.988715999524883,4.988715999524883,43.23553866254899,0
229.33333333333334,253.00000000000003,205.66666666666669,445.6666666666667,365.7777777777778,391.5555555555556,1039.4444444444446,1492.888888888889,0,0,0,0,4.989308624376335,4.989308624376335,43.240674744594905,43.240674744594905
220.11111111111111,229.33333333333334,196.22222222222223,481.11111111111114,386.33333333333337,429.11111111111114,1039.4444444444446,1519.4444444444446,0,0,0,0,4.989308624376335,4.989308624376335,0,43.240674744594905
220.11111111111111,229.33333333333334,219.8888888888889,375,466.6666666666667,353.22222222222223,949.0000000000001,1374.5555555555557,0,0,0,0,4.989308624376335,0,0,43.240674744594905
229.33333333333334,243.7777777777778,229.33333333333334,445.6666666666667,403.33333333333337,421.7777777777778,1056,1407.6666666666667,0,0,0,0,4.989308624376335,0,0,43.240674744594905
205.66666666666669,214.8888888888889,229.33333333333334,393.6666666666667,407.11111111111114,405.22222222222223,1056,1253.7777777777778,0,0,0,0,0,0,0,43.240674744594905
189.11111111111111,229.33333333333334,205.44444444444446,429.11111111111114,444.6666666666667,405.22222222222223,932.4444444444445,1559.6666666666667,0,0,0,0,0,0,0,44.00759999999999
222.00000000000003,196.22222222222223,191,344.7777777777778,351.11111111111114,397.8888888888889,825.4444444444445,1202.888888888889,0,0,0,0,0,0,0,45.49999999999999
243.7777777777778,196.22222222222223,243.7777777777778,379,405.22222222222223,374,1053.888888888889,1287.4444444444446,0,0,0,0,0,0,0,40.44444444444445
220.11111111111111,229.33333333333334,181.7777777777778,435.44444444444446,355.11111111111114,426.00000000000006,825.4444444444445,1083.111111111111,0,0,0,0,0,0,0,40.44893877097456
181.7777777777778,167.33333333333334,210.66666666666669,343.7777777777778,444.6666666666667,343.7777777777778,949.0000000000001,1016.8888888888889,0,0,0,0,0,0,0,0
229.33333333333334,181.7777777777778,222.00000000000003,431.00000000000006,449.8888888888889,364.7777777777778,1208.6666666666667,924.1111111111112,0,0,0,0,0,40.44444444444445,0,0
243.7777777777778,229.33333333333334,198.33333333333334,431.00000000000006,369.5555555555556,454.33333333333337,1070.6666666666667,1358.5555555555557,0,0,0,0,0,40.44444444444445,0,0
181.7777777777778,196.22222222222223,196.22222222222223,381.33333333333337,414.44444444444446,364.7777777777778,1054.111111111111,1325.4444444444446,0,0,0,0,40.44444444444445,40.44444444444445,40.44444444444445,0
222.00000000000003,196.22222222222223,196.22222222222223,381.33333333333337,431.44444444444446,364.7777777777778,1054.111111111111,1617.2222222222224,0,0,0,0,40.44444444444445,40.44444444444445,40.44444444444445,0
207.55555555555557,196.22222222222223,212.7777777777778,452.00000000000006,358.44444444444446,364.7777777777778,1161.111111111111,1311.3333333333335,0,0,0,0,40.44444444444445,40.44444444444445,40.44444444444445,0
189.11111111111111,222.00000000000003,234.55555555555557,452.00000000000006,442.7777777777778,364.7777777777778,1268.111111111111,1445.6666666666667,0,0,0,0,40.43995111654261,40.43995111654261,40.43995111654261,0
181.7777777777778,222.00000000000003,181.7777777777778,385.7777777777778,433.33333333333337,388.6666666666667,1039.6666666666667,1361.1111111111113,0,0,0,0,40.44444444444445,40.44444444444445,40.44444444444445,0
229.33333333333334,188.8888888888889,210.66666666666669,329.33333333333337,433.33333333333337,336.6666666666667,1301.2222222222224,1483.3333333333335,0,0,0,0,40.4399511165426,40.4399511165426,40.4399511165426,0
243.7777777777778,188.8888888888889,181.7777777777778,431.00000000000006,405.22222222222223,440.8888888888889,1070.6666666666667,1533,0,0,0,0,40.44444444444445,40.44444444444445,40.44444444444445,0
181.7777777777778,222.00000000000003,203.55555555555557,365,315.6666666666667,412.5555555555556,932.4444444444445,1678.4444444444446,0,0,0,0,40.44444444444445,0,40.44444444444445,0
222.00000000000003,203.33333333333334,218.00000000000003,426.22222222222223,388.6666666666667,358.44444444444446,932.4444444444445,1322.5555555555557,0,0,0,0,40.44444444444445,0,40.44444444444445,0
236.44444444444446,214.66666666666669,181.7777777777778,367.6666666666667,397.8888888888889,358.44444444444446,932.4444444444445,1322.5555555555557,0,0,0,0,0,0,0,40.44444444444445
196.22222222222223,236.44444444444446,236.44444444444446,442.7777777777778,397.8888888888889,412.5555555555556,1153.5555555555557,1131.888888888889,0,0,0,0,0,0,0,40.44444444444445
225.11111111111111,222.00000000000003,181.7777777777778,372.11111111111114,397.8888888888889,412.5555555555556,925.1111111111112,1386.2222222222224,0,0,0,0,0,0,0,40.44444444444445
236.44444444444446,181.7777777777778,196.22222222222223,372.11111111111114,343.7777777777778,388.6666666666667,1048.6666666666667,1251.888888888889,0,0,0,0,0,0,0,40.44893877097455
222.00000000000003,181.7777777777778,210.66666666666669,443.5555555555556,299.11111111111114,410.44444444444446,1186.6666666666667,1251.888888888889,0,0,0,0,0,0,0,40.44444444444445
188.8888888888889,229.33333333333334,214.66666666666669,473.7777777777778,412.5555555555556,410.44444444444446,1032.111111111111,1214,0,0,0,0,0,0,0,45.111111111111114
174.44444444444446,243.7777777777778,258.22222222222223,372.11111111111114,402.33333333333337,374,1139.111111111111,1164.3333333333335,0,0,0,0,0,0,0,45.111111111111114
236.44444444444446,181.7777777777778,196.22222222222223,405,402.33333333333337,364.7777777777778,1017.6666666666667,958.5555555555557,0,0,0,0,0,0,0,45.111111111111114
196.22222222222223,191,205.44444444444446,397.8888888888889,381.33333333333337,329.33333333333337,1139.111111111111,1016.5555555555557,0,0,0,0,0,0,0,45.111111111111114
181.7777777777778,203.55555555555557,205.44444444444446,418.8888888888889,381.33333333333337,418.8888888888889,1155.6666666666667,1016.5555555555557,0,0,0,0,0,0,0,4.481925
227.22222222222223,181.7777777777778,188.8888888888889,412.33333333333337,301,327.22222222222223,934.5555555555557,1127.111111111111,0,0,0,0,0,0,22.87477391211831,4.468560485157996
198.33333333333334,196.22222222222223,218.00000000000003,376.8888888888889,388.6666666666667,416.7777777777778,1048.6666666666667,872.7777777777778,0,0,0,0,0,0,22.872340425531917,4.468085106382979
196.22222222222223,205.44444444444446,181.7777777777778,414.44444444444446,396,364.7777777777778,934.3333333333334,1415.3333333333335,0,0,0,0,38.71104966500053,0,31.692013187280654,4.46665957673083
210.66666666666669,258.22222222222223,205.44444444444446,374,396,288.8888888888889,1024.7777777777778,1499.888888888889,0,0,0,0,38.72340425531915,31.702127659574472,31.702127659574472,4.468085106382979
181.7777777777778,196.22222222222223,203.55555555555557,343.7777777777778,379.44444444444446,385.7777777777778,917.7777777777778,1415.5555555555557,0,0,0,0,38.727524204702625,31.705500585168632,31.705500585168632,0
243.7777777777778,196.22222222222223,160,418.8888888888889,328.22222222222223,364.7777777777778,917.7777777777778,1415.5555555555557,0,0,0,0,38.72340425531915,31.702127659574472,31.702127659574472,0
196.22222222222223,250.8888888888889,196.22222222222223,329.33333333333337,396,343.7777777777778,22392.77777777778,23203.55555555556,0,262.76595744680856,0,0,38.72340425531915,44473.51063829788,40.63829787234043,0
181.7777777777778,212.7777777777778,172.55555555555557,372.11111111111114,412.5555555555556,414.8888888888889,22394.88888888889,22965.666666666668,0,301.2765957446809,0,0,43.19148936170213,44525.31914893618,40.63829787234043,0
205.44444444444446,181.7777777777778,210.66666666666669,388.6666666666667,379.44444444444446,379.44444444444446,22164.333333333336,23589.88888888889,0,320.82770903637055,0,0,45.99436789151357,47525.09670666168,18.918865610548686,0
205.44444444444446,219.8888888888889,210.8888888888889,320.11111111111114,469.00000000000006,433.5555555555556,22409.333333333336,23709.77777777778,0,383.9573380735474,0,0,45.10609932229753,46607.26585934897,18.55349405621598,0
219.8888888888889,205.44444444444446,196.22222222222223,409.6666666666667,381.33333333333337,344,22295.222222222223,23709.77777777778,0,424.22222222222223,0,0,45.111111111111114,46697.55555555556,18.555555555555557,0
188.8888888888889,234.55555555555557,196.22222222222223,372.11111111111114,397.8888888888889,379.44444444444446,22286,23301.55555555556,0,493.7750111160516,0,0,4.668741662961317,46810.02667852379,9.337483325922634,0
174.44444444444446,181.7777777777778,196.22222222222223,374.22222222222223,397.8888888888889,379.44444444444446,22286,23482.666666666668,0,493.5555555555556,0,0,4.666666666666667,46756.11111111112,9.333333333333334,0
236.44444444444446,196.22222222222223,196.22222222222223,374.22222222222223,374,379.44444444444446,22393,23228.333333333336,0,533.7184757249195,0,0,4.666148205754917,46857.23808465726,9.332296411509834,0
174.44444444444446,181.7777777777778,218.00000000000003,388.6666666666667,432.5555555555556,379.44444444444446,22286,23474.444444444445,0,533.7777777777778,0,0,4.666666666666667,46862.444444444445,9.333333333333334,40.44444444444445
174.44444444444446,181.7777777777778,181.7777777777778,448.00000000000006,364.7777777777778,400.44444444444446,919.8888888888889,1667.2222222222224,0,321.33333333333337,0,0,4.666666666666667,544.2222222222223,0,40.44444444444445
203.33333333333334,203.55555555555557,210.66666666666669,388.6666666666667,364.7777777777778,381.33333333333337,925.1111111111112,2015.8888888888891,0,312.11111111111114,0,0,0,551.5555555555555,0,40.44444444444445
179.66666666666669,181.7777777777778,196.22222222222223,351.11111111111114,343.7777777777778,327.22222222222223,1056,1447.888888888889,0,312.14579397710855,277.4752750305589,293.5881764640515,46415.37948660962,501.94466051783525,0,40.44893877097455
181.7777777777778,181.7777777777778,157.88888888888889,405.22222222222223,329.33333333333337,364.7777777777778,22181.666666666668,1116.3333333333335,304.44444444444446,304.77777777777777,277.44444444444446,293.5555555555556,46410.222222222226,501.8888888888889,46135.333333333336,46461.444444444445
181.7777777777778,227.22222222222223,188.8888888888889,315.6666666666667,402.33333333333337,364.7777777777778,22395.666666666668,45587,326.22222222222223,264.5555555555556,339.44444444444446,333.7777777777778,46464.333333333336,511.11111111111114,46189.444444444445,46461.444444444445
196.22222222222223,174.44444444444446,203.33333333333334,388.6666666666667,348.22222222222223,364.7777777777778,22288.666666666668,45692.222222222226,326.22222222222223,257.22222222222223,339.44444444444446,333.7777777777778,46464.333333333336,488.22222222222223,46291.333333333336,46541.333333333336
234.55555555555557,203.33333333333334,188.8888888888889,386.5555555555556,452.44444444444446,402.33333333333337,64792.222222222226,45426.55555555556,366.44444444444446,326.5555555555556,387,403.11111111111114,46596.222222222226,594.3333333333334,46291.333333333336,46609.88888888889
196.22222222222223,212.55555555555557,157.88888888888889,386.5555555555556,417.00000000000006,390.5555555555556,64685.222222222226,46658.88888888889,421.11111111111114,286.33333333333337,449.00000000000006,443.33333333333337,46596.222222222226,488.00000000000006,46373.55555555556,46609.88888888889
196.22222222222223,212.55555555555557,188.8888888888889,372.11111111111114,358.44444444444446,343.7777777777778,64823.222222222226,46743.55555555556,461.38459828869867,324.7027447494166,449.0498944327147,443.3825980664518,46738.19313257028,542.1713523724858,46458.606511834645,46682.853650405596
210.66666666666669,188.8888888888889,188.8888888888889,379.44444444444446,431.44444444444446,364.7777777777778,65058.66666666667,46678.222222222226,461.33333333333337,286.33333333333337,534.8888888888889,512.6666666666667,730831.0867555556,511.8888888888889,46566.88888888889,46762.77777777778
181.7777777777778,188.8888888888889,188.8888888888889,341.8888888888889,362.8888888888889,312.77777777777777,65036.88888888889,123371.55555555556,36263.11111111112,255.33333333333334,534.8888888888889,552.8888888888889,757530.3452222223,504.5555555555556,46566.88888888889,46854.444444444445
234.55555555555557,212.55555555555557,188.8888888888889,400.44444444444446,433.5555555555556,385.7777777777778,765767,1451009.2222222222,36303.333333333336,317.33333333333337,290.33333333333337,259.33333333333337,729244.2222222222,537.6666666666667,46604.444444444445,46854.444444444445
210.66666666666669,174.44444444444446,219.8888888888889,346.33333333333337,358.44444444444446,294.11111111111114,744396.3333333334,1451009.2222222222,36002.88920991221,255.36170685631734,290.365596177353,321.36904100455604,729416.9352150238,573.1747971996888,704425.269474386,535.1705745082786
196.22222222222223,157.88888888888889,174.44444444444446,422.22222222222223,341.8888888888889,414.8888888888889,744289.3333333334,1409895.4444444445,36043.11590176686,310.0344482720302,735678.6309589953,312.14579397710855,729485.4983887097,478.8309812201355,704371.1523502611,535.1705745082786
181.7777777777778,188.8888888888889,196.22222222222223,417.00000000000006,379.44444444444446,379.44444444444446,744503.3333333334,1409836.4444444445,36056.88256860349,278.9690034440618,735934.3406288191,350.4055104988335,729323.4085101656,497.166981446506,1425484.8232863017,530.2744139540051
174.44444444444446,160,172.55555555555557,379.44444444444446,372.11111111111114,341.8888888888889,701909.3333333334,2099700.810488889,36020.66666666667,209.66666666666669,735968.5555555556,281.11111111111114,729326.6666666667,443.11111111111114,1425597.264077778,539.5555555555555
196.22222222222223,181.7777777777778,210.66666666666669,379.44444444444446,334.5555555555556,329.7777777777778,702016.3333333334,2099677.6426222227,36032.00355595066,271.696855206134,736050.3389265473,302.92254694966107,729489.9433270362,443.1603511501277,1425744.658328703,539.6155128347593
196.22222222222223,181.7777777777778,188.8888888888889,379.44444444444446,364.7777777777778,393.11111111111114,701878.3333333334,2099872.845377778,36178.513,234.57,739869.1889,304.4942,733137.2533,391.0617,1425516.6125000003,433.6194
196.22222222222223,179.66666666666669,188.8888888888889,364.7777777777778,701244.7777777779,351.11111111111114,1402258.2222222222,2099872.845377778,34494.89361702128,244.25531914893617,704568.5106382979,262.1276595744681,27067.021276595744,410.4255319148936,1367452.3019680853,403.40425531914894
196.22222222222223,736112.4444444445,196.22222222222223,364.7777777777778,701244.7777777779,414.8888888888889,1402258.2222222222,2734797.4444444445,237.4468085106383,244.25531914893617,704627.8723404255,223.61702127659575,387.5531914893617,358.6170212765957,1367514.3597340425,405.95744680851067
196.22222222222223,736112.4444444445,196.22222222222223,343.7777777777778,1372660.1642666666,341.8888888888889,701397.2222222222,2107916.5555555555,198.91500904159136,221.57217317306674,704580.7892777366,267.0992447611957,477.8215083501756,372.40719072439106,1367552.4993724073,476.0131900861611
196.22222222222223,736112.4444444445,179.66666666666669,397.8888888888889,1372703.143688889,400.44444444444446,1402046,2809668.4444444445,258.2703967663015,244.2293373045421,704580.7892777366,207.7438570364855,430.273375172854,374.4282523135837,695667.4821827466,378.6831188171472
735969.7777777779,736112.4444444445,179.66666666666669,701273.7777777779,1372702.0825333337,357.44444444444446,1401939,2806311.555555556,198.91500904159136,191.89447931071166,624.9335177108819,237.4215508988406,312.8390596745028,374.4282523135837,695784.916498245,460.1638123603873
735955.3333333334,736081.4444444445,196.22222222222223,1372824.0747999998,1372768.4488888888,336.44444444444446,1401970.2222222222,3506922.666666667,237.47207149696774,221.61932120438343,223.6408128524311,237.47207149696774,403.23438663687625,408.4477072028939,446.4304713267369,460.26172997127355
735977.1111111111,736119.7777777779,196.22222222222223,1372823.4084444446,1372785.922177778,357.44444444444446,2102321.4444444445,3506420.666666667,237.4468085106383,272.1276595744681,282.97872340425533,260.1063829787234,351.3829787234043,358.6170212765957,342.7659574468085,385.74468085106383
735946.1111111111,736112.4444444445,196.22222222222223,1372892.4205333334,1372896.8928000003,364.7777777777778,2102214.4444444445,3512006.1111111115,237.4215508988406,212.74332517817257,237.4215508988406,200.7233273056058,344.5378151260505,414.63674077225835,453.14328262950755,467.18434209126696
735969.7777777779,736112.4444444445,179.66666666666669,1372891.0084444445,1372896.3246222222,301.44444444444446,2102330.666666667,3511786.888888889,202.49762500000003,716843.6499625001,271.9099125,225.56286250000002,442.6793,1375091.0474625,378.35652500000003,402.39635000000004
735940.888888889,736098,179.66666666666669,1372948.6298666666,725893.7777777779,348.22222222222223,1401924.5555555557,3898061.1111111115,269.77777777777777,735983.7777777779,310,262.44444444444446,454.22222222222223,1375210.6498666664,488.00000000000006,513.7777777777778
735979,196.22222222222223,196.22222222222223,1372948.6298666666,725966.7777777779,364.7777777777778,2102289.666666667,4214165.222222223,262.44444444444446,735983.7777777779,248.00000000000003,293.44444444444446,442.11111111111114,1375210.6498666664,420.22222222222223,419.44444444444446
735926.2222222222,172.55555555555557,196.22222222222223,1373025.409288889,355.5555555555556,364.7777777777778,2102289.666666667,3513352.2222222225,262.44444444444446,735969.1111111111,248.00000000000003,248.00000000000003,442.11111111111114,1375277.744566667,467.00000000000006,452.33333333333337
735946.1111111111,196.22222222222223,196.22222222222223,1373092.3832,362.8888888888889,364.7777777777778,1401847.5555555557,2812186.888888889,262.4736081786865,736058.2286920769,279.03100344482715,310.0344482720302,400.15557284142676,1375486.2209023226,556.6174019335481,511.16790754528273
196.22222222222223,196.22222222222223,196.22222222222223,725712.2222222222,421.44444444444446,287,1401992.888888889,2813064.555555556,302.6666666666667,736021.888888889,231.44444444444446,248.00000000000003,456.7777777777778,1375389.5318777778,433.8888888888889,426.00000000000006
196.22222222222223,227.22222222222223,735941.1111111111,339.22222222222223,348.44444444444446,1374112.5919111113,1401747.6666666667,2112272.888888889,240.63992889678929,735878.1246528164,276.8581268747917,262.4152871903122,464.05954893900685,1375384.9311076547,450.39440062215317,423.8417953560716
174.44444444444446,188.8888888888889,735941.1111111111,400.44444444444446,379.44444444444446,1374186.2115555557,701374.6666666667,2112149.777777778,276.8888888888889,735969.1111111111,262.44444444444446,262.44444444444446,522.6666666666667,1375450.3498666666,556.5555555555555,494.5555555555556
196.22222222222223,196.22222222222223,735939.2222222222,362.8888888888889,333.7777777777778,1374184.701288889,1401975.6666666667,2807347.777777778,276.8888888888889,735969.1111111111,276.8888888888889,262.44444444444446,447.5555555555556,1375496.3303333335,441.22222222222223,409.44444444444446
196.22222222222223,196.22222222222223,735948.4444444445,362.8888888888889,333.7777777777778,1374232.478888889,1401859.4444444445,2810685,276.8888888888889,624.8888888888889,293.44444444444446,735527.1111111111,423.8888888888889,3635.0000000000005,495.33333333333337,705988.9722666667
196.22222222222223,196.22222222222223,735948.4444444445,379.44444444444446,364.7777777777778,1374231.599466667,1401648.3333333335,3074804.2222222225,255.11111111111114,238.55555555555557,262.44444444444446,735915.3333333334,506.11111111111114,402.6666666666667,477.7777777777778,1373413.3246222222
187,143.44444444444446,735941.1111111111,426.22222222222223,333.7777777777778,1374292.3634222224,1402176.777777778,2056809.888888889,276.91965773974886,238.5820646738526,315.257250805645,735966.1073452606,464.16268474274915,461.27347483053666,531.9479942215801,1373559.4062229139
187,188.8888888888889,735939.2222222222,341.8888888888889,700962.2222222222,2017704.8292444448,1402176.777777778,6312021.333333334,276.8888888888889,260.33333333333337,253.22222222222223,735946.3333333334,431.22222222222223,386.11111111111114,477.7777777777778,1373495.5891777778
181.7777777777778,735582.6666666667,735924.7777777779,725892.7777777779,725884.4444444445,2040987.3454666666,1402892.6666666667,6311434.777777778,735406.0659926676,735601.0443284081,245.86157093656263,735855.3494056216,732801.4665037219,695689.0345517165,388.1790912120876,1373492.0331740917
735538.2222222222,735553.7777777779,1471292.3333333335,725951.3333333334,725863.4444444445,2041021.8515111115,1402854.3333333335,6318164.888888889,735704.8560951216,735719.0798977664,735775.6417379708,736042.560284476,732961.7735303922,735601.7335259472,735673.8526502944,1373722.7741193464
735538.2222222222,735551.6666666667,735523.5555555556,725930.3333333334,725863.4444444445,725854,1403566.6666666667,6332081.222222223,735704.8560951216,735771.8635403933,735730.1922435826,735989.776641849,732860.0955661739,735601.7335259472,735678.5198355372,1373721.5767863097
735545.3333333334,735551.6666666667,735523.5555555556,725869.1111111111,725867.888888889,725841.2222222222,1403450.4444444445,5631249.666666667,735730.6367374152,735709.8566507389,735711.5235026113,735997.1107900877,732907.6564062673,735634.0704522724,735572.3969329925,1373831.0986998554
735509.1111111111,735568.2222222222,735540.1111111111,725892.7777777779,725861.5555555556,725893.2222222222,702971.1111111111,4931312.333333334,735586.888888889,735651.7777777779,774721.5555555556,735946.3333333334,732826.2222222222,739530.3333333334,739974.2222222222,1373734.599777778
735514.5555555556,735582.6666666667,735516.4444444445,725892.7777777779,725861.5555555556,725841.2222222222,704226.4444444445,4927975.111111111,735683.0758973218,774824.2026891876,774760.0844538282,619.7355261695743,732912.1013445938,739612.512501389,740002.3335926214,728904.6560728969
735514.5555555556,735568.2222222222,735540.1111111111,725887.5555555556,729871.2222222222,725878.7777777779,704226.4444444445,4284904.444444445,735623.1111111111,775062,775050.3333333334,245.8888888888889,732748.4444444445,739971.888888889,2379566.1111111115,431.22222222222223
774569.2222222222,774637.1111111111,774576.7777777779,730307.5555555556,730283,730316.7777777779,3225.888888888889,6504625.111111112,735505.1660926564,774990.3344072881,774911.4542828576,39373.1807576936,737215.3094100656,2375135.8737918013,2379247.639151206,4936.451505388291
774569.2222222222,774918.888888889,774555,2364617.4444444445,1663298.888888889,30042.000000000004,1870549.2222222222,2249413.666666667,774757.6666666667,775031,775021.2222222222,39315.555555555555,737283.5555555556,2375399.777777778,2379570.1111111115,4845.333333333334
774530.888888889,39501.444444444445,774975.888888889,1639044.777777778,1638322.5555555557,1638628.2222222222,3269693.888888889,7800315.555555556,39871.65240582287,39643.96044004889,775114.6794088231,39637.95977330814,1640584.0648960995,1680260.5845093897,2379855.5395043893,1640822.9803311478
39543.222222222226,39567.222222222226,39637.222222222226,1638986.2222222222,1639143.5555555557,1638911,3269703.1111111115,7792707.777777778,39687.25697144762,39635.15164981669,39576.158204643936,39650.92767470281,1640165.426063771,1640083.879568937,1644297.4113987337,1640415.620486613
39581.333333333336,39552.77777777778,39608.333333333336,1639002.777777778,1639202.1111111112,1638911,3268990.777777778,10058002,39725.36384846129,39596.82257526942,39621.59760026664,39681.924230641045,1640202.9774469505,1640149.538940118,1644280.6354849464,1640495.9448950118
39543.222222222226,39567.222222222226,39632,1639075.777777778,1639145.6666666667,1638880.777777778,11436390.111111112,10061148.444444446,41662.600713973254,41592.698196319216,41588.38034464442,41649.53046025497,1722765.8692788403,1722715.222045682,1727160.5086942257,1723058.199507093
39557.66666666667,39505.222222222226,39579.222222222226,1639014.5555555557,1639128.888888889,1638901.777777778,11436268.444444446,10060302.333333334,42519.891,42423.181800000006,510.7008000000001,42473.32290000001,1758215.1792000001,1753844.5665000002,1757894.3238000001,1758455.5230000003
39566.88888888889,39552.77777777778,39624.66666666667,1639052.1111111112,1639128.888888889,1638901.777777778,11435089.444444446,10060726.111111112,42554.39056356488,511.25938281901585,577.3859168354581,42490.0512331705,1758900.6314786132,1754535.327058263,1758586.6793756704,1759067.5562969141
39581.333333333336,39567.222222222226,39637.222222222226,1639057.3333333335,1635142.3333333335,1638954,11436395.222222224,10053403.333333334,42516.32507149666,163.96568160152526,173.8560533841754,42495.114394661585,1759110.224022879,1754288.6081982842,359.509056244042,1759367.6120114394
521.4444444444445,1411182.5555555557,555.1111111111112,1634590.5555555557,3035337.3333333335,3035124.1111111115,11436959.88888889,17637111.88888889,42567.08770257388,148.4747378455672,204.8379408960915,543.8512869399428,1754312.4404194471,356.2917063870353,359.509056244042,1754535.390848427
521.4444444444445,1410855.3333333335,1411292.5555555557,318.22222222222223,1401693,3035124.1111111115,9569636.555555556,17665979.666666668,558.3224115334206,179.43524365542712,11680.924580007148,543.7864887406171,2976125.3425473603,396.5209102823781,337.42404384606215,3262912.188728702
575,1411491.6666666667,1411485.1111111112,266,1401709.5555555557,1401205.777777778,8169678.222222223,12115077.777777778,1512935.1840819733,156.08244966043134,11647.682592636722,1512919.6949839152,1222267.4848087693,264.7444298820446,1526096.9855832243,1509434.8862147029
1410946.4444444445,1411425.888888889,1411495.6666666667,1401382,1400884.1111111112,1400902,8169789.000000001,12124331.88888889,1513115.467111535,1513090.4432793136,1513250.595805529,1513697.4499523356,1524134.652049571,1515221.4013346045,1526179.2183031458,1509582.3403241183
1411640.888888889,1411474.2222222222,1411495.6666666667,1401361,1400825.5555555557,1400918.5555555557,8169789.000000001,9845121.333333334,1513575.9561539376,1513534.3738829975,1513671.1545335397,1513483.855593947,1523948.290241868,1514988.2044560942,1526409.5079232692,1509334.0879304179
1412690.888888889,1411459.777777778,1411628.6666666667,1401288,1400825.5555555557,1400881,2496.666666666667,9842024.555555556,1500969.5634857146,1501155.306514286,1501031.0052000002,1500975.9439714288,1511215.7964428575,1502438.2567714287,1513747.076914286,1496795.8987285716
1412676.4444444445,1411459.777777778,1411628.6666666667,1401288,1400773.5555555557,1400808,2723.666666666667,9842098,1472127.1130960195,1472146.0005249346,1472087.6001312337,1471970.1041010502,1482012.0749726598,1473404.1582130361,1484494.4393263345,1467870.8367836834
1414063.888888889,1411502.6666666667,1411583.2222222222,1401267,1400797.4444444445,1400808,2647.3333333333335,9841873.222222222,1411619.2222222222,1411637.3333333335,1411693.5555555557,1411468.6666666667,1421097.888888889,1412843.777777778,1423478.2222222222,1407537.888888889
1414049.4444444445,1411488.2222222222,1411579.888888889,1401186.6666666667,1400731.5555555557,1400718.2222222222,1485.4444444444446,9841873.222222222,1411597.4444444445,1411608.2222222222,1411693.5555555557,1411523.6666666667,1421097.888888889,1412742.1111111112,1423394.5555555557,1407501.3333333335
1414496.2222222222,804,1411579.888888889,1401203.2222222222,82.77777777777779,42.333333333333336,1041,38557.11111111112,1411595,1411612.888888889,1411709.5555555557,1411509.2222222222,1421022.777777778,1412700.1111111112,1423394.5555555557,1407501.3333333335
1417695.888888889,836.8888888888889,842.4444444444445,1401165.6666666667,82.77777777777779,42.333333333333336,1041,9705.888888888889,1411751.8613179242,1411740.8600955661,1401139.4599399935,2118594.9549949993,281402.9336592955,1412819.5355039448,1423477.6086231803,661.2956995221691
1417642.3333333335,200.55555555555557,702918.5555555556,1401165.6666666667,66.22222222222223,33.111111111111114,1048.3333333333335,9705.888888888889,245080.00000000003,1411543.777777778,1400983.777777778,707614.2222222222,281371.6666666667,1412662.5555555557,442.8888888888889,1402292.2222222222
16833.333333333336,702858.6666666667,702879.1111111111,49.66666666666667,33.111111111111114,1400836.5555555557,1033.6666666666667,1713103.3333333335,709055.8826797021,709198.7556938117,823.6862570825463,707903.1218753471,33.10743250749916,1401401.9553382955,442.83968447950224,1402140.873236307
16100.77777777778,702795.888888889,703859.888888889,33.111111111111114,1400569.888888889,1400820,1033.6666666666667,1713103.3333333335,708577.7308589844,708759.7510834538,706330.7034114902,708074.8972108013,1401597.0663407044,1401696.855206134,1400774.974997222,1402435.9373263696
18763.111111111113,703734.5555555556,703717.6666666667,73.55555555555556,1400838.5555555557,1400841,1033.6666666666667,4206732.888888889,708513.4444444445,708513,707187.1111111111,707975.5555555556,1401483.3333333335,1401529,1400602.777777778,1402355.2222222222
18763.111111111113,703734.5555555556,703746.5555555556,73.55555555555556,1400838.5555555557,1400876.4444444445,4202010.444444445,4208935.888888889,708435.6039559952,708591.7324147128,707204.8005333926,708054.228247583,1401639.0710078897,1401782.0868985443,1401738.5265029448,1402511.056784087
17337.333333333336,703644.1111111111,703746.5555555556,57.00000000000001,1400871.1111111112,1400897.4444444445,4202241,4209424.555555556,708332.8519053437,708488.945672703,706949.8944561714,707933.1185423841,1401462.0597711364,1401470.6143761803,1401533.1629818906,1402287.5236084878
18152.444444444445,703673,703753.888888889,57.00000000000001,1400861.888888889,1400991,4201990.111111111,4209424.555555556,708447.7777777779,708571,707083.1111111111,707944.2222222222,1401638.777777778,1401722,1401688.888888889,1402416.5555555557
17710.88888888889,703673,703782.7777777779,700613.7777777779,1400882.888888889,1400991,4202471.333333334,4210152.444444445,708402.888888889,708566.3333333334,707038.2222222222,707944.2222222222,1401638.777777778,1401722,1401747.4444444445,1402500.2222222222
14525.666666666668,703702.1111111111,703782.7777777779,700667.888888889,5601560.222222223,1401041.1111111112,4202471.333333334,4210135.888888889,708443.1111111111,708580.7777777779,707067.1111111111,1137.4444444444446,4267486.333333334,5630271.111111112,1401747.4444444445,1402500.2222222222
14525.666666666668,703702.1111111111,1107.6666666666667,4902915.333333334,5601560.222222223,1401041.1111111112,4203258,8442882.333333334,5374809.798911232,5619111.876458171,1417780.357738029,1137.3180757693588,4267012.220864348,5629645.594933895,2894181.0909898896,326.4081768692367
4915688.333333334,4912046.666666667,1122.111111111111,4902915.333333334,5602644,4200925.666666667,4203045.666666667,6730230.777777778,4911352.333333334,4911275.222222223,1417937.888888889,207.55555555555557,5623848.777777778,4229522.888888889,5640556,4232791
4915721.444444445,4912046.666666667,141.33333333333334,4902948.444444445,4202107.222222223,4201882.444444445,4203274.111111111,6769910.333333334,4911352.333333334,4911275.222222223,4912257.111111111,4911360.777777778,4222457.111111111,4229522.888888889,4239953.222222223,4232791
4912009.111111111,4911133.777777778,4911309.333333334,4902908,4201838.555555556,4201861.444444445,4203167.111111111,4282855,4910818.020219975,4910947.005888234,4910809.687812464,4910774.913898455,4221946.005999333,4229031.996444839,4240190.423286301,4232962.004221752
4912200.555555556,4911133.777777778,4911280.444444445,4902908,4201871.666666667,4201851.777777778,2070.3333333333335,4281898,4911363.666666667,4911492.666666667,4911355.333333334,4911320.555555556,4222415.111111111,4930007,4239705.444444445,4233465.444444445
4912200.555555556,4911318.111111111,4911280.444444445,5603467.666666667,4902342.777777778,4201830.777777778,1839.7777777777778,4281210.333333334,4912138.682075786,4912020.002222469,4911886.654072675,4911927.547505278,4930951.883542616,4930626.402933659,4940715.85731748,4233847.760862318
4911414.333333334,4911318.111111111,4911446.333333334,5603467.666666667,4902399.444444445,4902243,2436.222222222222,4290215.222222223,4911618.666666667,4911461.666666667,4911499.444444445,4911348.888888889,4930470.222222223,4929982.888888889,4940166.888888889,4933905.555555556
4911385.444444445,4911318.111111111,4911431.888888889,4902948.444444445,4902378.444444445,4902264,1834.7777777777778,4289374.222222223,4911633.111111111,4911461.666666667,4911547,4911490.444444445,4930470.222222223,4930037,4940192.666666667,4933859.444444445
4911418.555555556,4911270.555555556,4911431.888888889,4902894.333333334,701736.5555555556,4902213.888888889,9998.555555555557,4298859.666666667,4911592.888888889,4911500,4911532.555555556,4911508.888888889,2064656.6666666667,701542,4947716.111111111,4933859.444444445
4911418.555555556,4911270.555555556,5629480.666666667,700703.3333333334,701736.5555555556,4910167.777777778,10045.555555555557,68938,424.22222222222223,359,4200661.777777778,4911508.888888889,2064757.5555555557,701542,3454960.888888889,4941272.333333334
329.8888888888889,329.8888888888889,5629466.222222223,700757.4444444445,700744.4444444445,1410071.5555555557,10152.555555555557,68938,416.63925,352.582875,4125574.9485,4823676.16425,695732.5485,688255.74,696235.833,696117.2141249999
311.22222222222223,718359.888888889,5629688.222222223,708138.7777777779,708641.7777777779,1409156.777777778,9924.111111111111,33192.77777777778,407.2098976109214,689828.0716723548,689821.2457337882,689751.8131399316,687114.2278156995,680273.3575085322,1353458.7244027301,1353317.7261092148
718553.4444444445,718334.1111111111,718534.6666666667,1409202.4444444445,1409258.4444444445,1409156.777777778,10627.88888888889,26568.88888888889,689689.9530716724,689605.4820819113,689789.4624573379,689790.4223549488,687114.2278156996,680273.3575085325,1352843.8566552901,1352630.0127986348
718362,718575.2222222222,718549.1111111111,1409271.2222222222,1409225.3333333335,1409173.777777778,10520.88888888889,27610.222222222223,689689.9530716722,689656.1433447098,689803.3276450511,689790.4223549487,1360089.910409556,680347.5895904435,1352820.925767918,1352670.3284982932
718407.4444444445,718376.4444444445,718549.1111111111,708732.5555555556,708739.7777777779,1409173.777777778,10644.444444444445,37058.66666666667,689571.5047456542,689561.6935053855,689743.6280260211,689658.0996054175,680372.4005545484,680266.1832142476,680332.1957982297,1352574.5974192172
1436385.4444444445,718409.5555555556,718390.5555555556,716633.1111111111,716129.5555555556,708752.3333333334,11654.88888888889,28053.77777777778,689636.1988054606,689612.5213310579,689612.5213310579,689731.6552901022,680361.2414675766,680383.6390784981,680485.7081911261,680263.3319112627
1436385.4444444445,1436401.6666666667,1436380.5555555557,716579,716129.5555555556,716590.6666666667,11654.88888888889,31235.333333333336,689622.3336177473,689651.130546075,689619.3472696245,689618.4940273036,687567.9394197951,680331.6979522182,680404.7568259385,680279.2235494879
1436337.888888889,1436387.2222222222,1436380.5555555557,716579,716564.4444444445,716590.6666666667,3605.444444444445,24196.222222222223,1378896.3310580202,689600.4692832764,689619.3472696245,689558.9803754265,688067.1928327644,680331.6979522182,680380.332764505,680279.2235494879
1436337.888888889,1436387.2222222222,718317.3333333334,716522.5555555556,716564.4444444445,708636.7777777779,2884,21425.77777777778,1379022.72,689694.9333333332,1379028.48,689683.2,688043.7333333333,680404.2666666666,680917.6533333333,680393.1733333333
1436342.1111111112,1436325.2222222222,718317.3333333334,716501.5555555556,716472.7777777779,8028.444444444445,2891.3333333333335,21425.77777777778,1437300.0191366707,718604.7615938634,718564.8499898452,718658.5699959381,709681.6831489815,709313.5847620611,8228.683239595051,8169.871990219974
1436327.6666666667,718295.2222222222,718121.1111111111,709087.1111111111,708599.3333333334,8036.111111111111,3020.1111111111113,17557.666666666668,1436322.4086212644,718115.9871125431,718076.1026552606,718169.7589156762,709198.9778913455,708860.9043439619,8223.086323741807,8197.422508610156
718085.4444444445,718321,718092.2222222222,8056.555555555557,7991.88888888889,8067.333333333334,2316.3333333333335,17557.666666666668,718376.7777777779,718212.3333333334,718155.888888889,718225.888888889,709277.7777777779,708939.6666666667,8172.777777777778,8214.888888888889
718085.4444444445,718079.888888889,718077.7777777779,7987.777777777778,7991.88888888889,8024.555555555557,2554.2222222222226,15527.77777777778,718296.9670036663,718079.7689145651,718061.6598155762,718146.0948783469,8185.757138095768,8292.078657926899,8171.8697922453075,8138.873458504611
718040,718079.888888889,718077.7777777779,7966.777777777778,7949.88888888889,8024.555555555557,2576,6079.333333333334,718219.4688298699,718224.9138793199,718206.8007556394,718269.4743860428,8103.233692632514,8231.581286809645,8114.346038448715,8090.121124569396
33.111111111111114,718017.888888889,718030.2222222222,66.22222222222223,503.44444444444446,7940.222222222223,969.1111111111112,6167.88888888889,718007.1103210755,718065.3260748807,718047.2169758916,718109.8766803689,8101.433174091769,8182.9796689256755,8028.2190867681375,8088.323519608934
33.111111111111114,25.77777777777778,25.77777777777778,66.22222222222223,503.44444444444446,80.8888888888889,1183.111111111111,2986.3333333333335,718086.888888889,718104.888888889,718072.3333333334,718166,594.5555555555555,8183.88888888889,8029.111111111111,8035.111111111111
33.111111111111114,25.77777777777778,25.77777777777778,66.22222222222223,33.111111111111114,97.44444444444446,1068.7777777777778,556.5555555555555,16.553716253749585,718025.1083212977,717978.1135429398,718086.2126430398,40.43995111654261,8133.540717698034,531.052105321631,8034.218420175537
33.111111111111114,25.77777777777778,25.77777777777778,66.22222222222223,33.111111111111114,97.44444444444446,969.1111111111112,574.2222222222223,0,717988.8901233197,0,718033.4407288079,40.43995111654261,8133.540717698034,46.99477835796023,541.4953894011777
0,25.77777777777778,25.77777777777778,33.111111111111114,33.111111111111114,97.44444444444446,1039.4444444444446,574.2222222222223,0,16.55739526614068,0,16.55739526614068,0,67.56306256250694,16.55739526614068,49.67218579842204
0,25.77777777777778,0,33.111111111111114,42.333333333333336,47.77777777777778,910.6666666666667,626.1111111111112,0,16.55739526614068,0,16.55739526614068,0,37.78197577508612,16.55739526614068,16.55739526614068
0,0,0,0,33.111111111111114,16.555555555555557,1048.6666666666667,714.6666666666667,0,0,0,0,0,37.78197577508612,0,0
0,0,0,0,33.111111111111114,16.555555555555557,917.7777777777778,383.7777777777778,0,0,0,0,0,4.666666666666667,0,0
0,0,0,0,33.111111111111114,16.555555555555557,1002.7777777777778,383.7777777777778,0,0,0,0,0,4.666148205754917,0,0
0,0,0,0,33.111111111111114,16.555555555555557,1002.7777777777778,477.44444444444446,0,0,0,0,0,4.667185242804756,0,39.00433381486832
0,0,0,0,33.111111111111114,16.555555555555557,873.7777777777778,477.44444444444446,0,0,0,0,0,4.666666666666667,0,39
0,0,0,33.111111111111114,33.111111111111114,0,1102.2222222222224,628,0,0,0,0,0,0,47.78308700966774,39.00433381486832
0,0,0,33.111111111111114,33.111111111111114,0,973.4444444444445,556,0,0,0,0,0,0,47.78308700966774,39.00433381486832
0,0,0,33.111111111111114,33.111111111111114,0,1010.1111111111112,643.7777777777778,0,0,0,0,0,0,47.77246972558605,38.99566714809466
0,0,0,33.111111111111114,0,0,1010.1111111111112,542.2222222222223,0,0,0,0,0,0,47.77777777777778,39
0,0,0,33.111111111111114,0,0,1017.4444444444446,620.6666666666667,0,0,0,0,39,0,47.77777777777778,39
0,0,0,33.111111111111114,0,0,1017.4444444444446,637.2222222222223,0,0,0,0,39.00433381486832,0,47.78308700966774,39.00433381486832
0,0,0,33.111111111111114,0,0,1024.7777777777778,637.2222222222223,0,0,0,0,39.00433381486832,39.00433381486832,47.78308700966774,39.00433381486832
0,0,0,33.111111111111114,0,33.111111111111114,1024.7777777777778,622.1111111111112,0,0,0,0,38.99566714809466,38.99566714809466,47.77246972558605,0
0,0,0,33.111111111111114,0,33.111111111111114,1153.7777777777778,622.1111111111112,0,0,0,0,39.947855736782905,39.947855736782905,48.9389685664292,0
0,0,0,0,0,33.111111111111114,925.3333333333334,550.1111111111112,0,0,0,0,40.640352398636935,40.640352398636935,0,0
0,0,0,0,0,33.111111111111114,1046.7777777777778,622.1111111111112,0,0,0,0,45.92194437952792,41.01425566721196,0,0
0,0,0,0,0,33.0964015992892,1038.982674366948,534.0959573522879,0,0,0,0,45.927310973472004,41.019048732032246,0,0
0,0,0,0,0,37.77777777777778,1184.7777777777778,539,0,0,0,0,45.92194437952792,41.01425566721196,0,0
0,0,0,0,0,37.77777777777778,1039.4444444444446,372,0,0,0,0,4.907115317209954,41.00946372239748,0,0
0,0,0,0,0,37.77777777777778,1177.6666666666667,449.11111111111114,0,0,0,0,4.907688712315961,41.01425566721196,0,0
0,0,0,0,33.111111111111114,37.77777777777778,1061.4444444444446,560.8888888888889,0,0,0,0,4.907688712315961,0,0,0
0,0,0,0,33.111111111111114,4.666666666666667,1175.7777777777778,393.7777777777778,0,0,0,0,4.908262241439756,0,0,0
0,0,0,0,33.111111111111114,4.666666666666667,961.7777777777778,465.7777777777778,0,0,0,0,0,0,0,0
0,0,0,0,33.0964015992892,4.66459351399378,1197.0235450910707,370.501999111506,0,0,0,0,0,0,0,0
0,0,0,0,33.111111111111114,4.666666666666667,1076.111111111111,370.6666666666667,0,0,0,0,0,0,0,0
0,0,0,0,37.794575366829704,4.668741662961317,976.8786127167631,392.0631391729658,0,0,0,0,0,0,0,0
0,0,0,0,37.77777777777778,0,1076.111111111111,370.6666666666667,0,0,0,0,0,0,0,39
0,0,0,33.111111111111114,37.77777777777778,0,1076.111111111111,823.4444444444445,0,0,0,0,31.666666666666668,0,0,39
0,0,0,33.111111111111114,37.77777777777778,0,947.1111111111112,729.7777777777778,0,0,0,0,31.666666666666668,0,33.111111111111114,39
0,0,0,33.111111111111114,4.666666666666667,0,1061.4444444444446,634.5555555555555,0,0,0,0,31.666666666666668,0,33.111111111111114,39
0,0,0,33.111111111111114,4.666666666666667,0,947.1111111111112,706.5555555555557,0,0,0,0,31.666666666666668,0,33.111111111111114,39
0,0,0,33.111111111111114,4.666666666666667,0,1061.4444444444446,634.5555555555555,0,0,0,0,31.666666666666668,0,33.111111111111114,43.66666666666667
0,0,0,42.46331702979102,4.668741662961317,0,940.4179635393508,634.8377056469542,0,0,0,0,31.659631193068204,0,33.10375472117307,43.65696511886247
0,0,0,42.44444444444445,4.666666666666667,33.111111111111114,1168.4444444444446,643.8888888888889,0,0,0,0,31.666666666666668,0,37.77777777777778,43.66666666666667
0,0,0,42.44444444444445,0,33.111111111111114,1185,829.6666666666667,0,0,0,0,31.666666666666668,0,37.77777777777778,43.66666666666667
0,0,0,42.44444444444445,0,33.111111111111114,940.0000000000001,829.6666666666667,0,0,0,0,31.666666666666668,39,37.77777777777778,4.666666666666667
0,0,0,9.333333333333334,0,33.111111111111114,1076.111111111111,448.8888888888889,0,0,0,0,0,39.00433381486832,37.78197577508612,4.667185242804756
0,0,0,9.333333333333334,0,33.111111111111114,1205.111111111111,487.11111111111114,0,0,0,0,0,39,4.666666666666667,4.666666666666667
0,0,0,9.333333333333334,0,33.111111111111114,969.3333333333334,470.5555555555556,0,0,0,0,0,39,4.666666666666667,4.666666666666667
0,0,0,9.333333333333334,0,37.77777777777778,1205.111111111111,479.8888888888889,0,0,0,0,0,39,4.666666666666667,4.666666666666667
0,0,0,9.333333333333334,0,37.77777777777778,1090.7777777777778,479.8888888888889,0,0,0,0,0,43.66666666666667,4.666666666666667,0
0,0,0,0,33.111111111111114,37.77777777777778,1204.888888888889,647,0,0,0,0,0,43.67637252722827,4.667703934207601,0
0,0,0,0,33.111111111111114,4.666666666666667,1083.4444444444446,565.6666666666667,0,0,0,0,0,43.66666666666667,0,0
0,0,0,0,33.111111111111114,4.666666666666667,952.5555555555557,375.22222222222223,0,0,0,0,0,43.66666666666667,0,0
0,0,0,0,33.111111111111114,4.666666666666667,1212.2222222222224,375.22222222222223,0,0,0,0,0,4.666666666666667,0,0
0,0,0,0,37.77777777777778,4.666666666666667,1076.111111111111,379.8888888888889,0,0,0,0,0,4.666666666666667,0,0
0,0,0,0,37.77777777777778,4.666666666666667,1061.4444444444446,341.6666666666667,0,0,0,0,0,4.666148205754917,33.10743250749917,0
0,0,0,0,37.77777777777778,4.666666666666667,1182.888888888889,358.22222222222223,0,0,0,0,0,4.548064304461942,32.269599112610926,0
0,0,0,33.111111111111114,37.77777777777778,0,947.1111111111112,731.1111111111112,0,0,0,0,30.416221985058705,4.48239060832444,31.80362860192103,37.459978655282825
0,0,0,33.111111111111114,37.77777777777778,0,1168.4444444444446,731.1111111111112,0,0,0,0,30.416221985058705,0,31.80362860192103,37.459978655282825
0,0,0,33.111111111111114,4.666666666666667,0,1061.4444444444446,636,0,0,0,0,30.416221985058705,0,31.80362860192103,37.459978655282825
0,0,0,33.111111111111114,4.666666666666667,0,954.4444444444445,636,0,0,0,0,30.41297620318002,0,31.800234766833846,37.455981218653285
0,0,0,33.111111111111114,4.666666666666667,0,1185,636,0,0,0,0,34.89861259338314,0,31.80362860192103,37.459978655282825
0,0,0,33.111111111111114,4.666666666666667,0,1054.111111111111,636,0,0,0,0,34.89861259338314,0,31.80362860192103,37.459978655282825
0,0,0,33.111111111111114,0,33.111111111111114,1054.111111111111,631.3333333333334,0,0,0,0,34.89861259338314,0,31.80362860192103,37.459978655282825
0,0,0,33.111111111111114,0,33.111111111111114,954.4444444444445,764.5555555555557,0,0,0,0,34.90233749599744,0,0,37.46397694524496
0,0,0,33.111111111111114,0,33.111111111111114,1068.7777777777778,748,0,0,0,0,4.707675,0,0,0
0,0,0,0,0,33.111111111111114,1175.7777777777778,455.22222222222223,0,0,0,0,4.666666666666667,31.666666666666668,0,0
0,0,0,0,0,33.111111111111114,954.4444444444445,462.5555555555556,0,0,0,0,4.666666666666667,31.666666666666668,0,0
0,0,0,0,0,33.111111111111114,1039.6666666666667,462.5555555555556,0,0,0,0,4.666666666666667,31.666666666666668,0,0
0,0,0,0,0,33.111111111111114,1168.4444444444446,467.22222222222223,0,0,0,0,4.667185242804756,31.670185576175133,0,0
0,0,0,0,33.111111111111114,37.77777777777778,937.8888888888889,450.6666666666667,0,0,0,0,0,31.666666666666668,0,0
0,0,0,0,33.111111111111114,37.77777777777778,932.6666666666667,562.3333333333334,0,0,0,0,0,31.666666666666668,0,0
0,0,0,0,33.111111111111114,4.666666666666667,1185,490.33333333333337,0,0,0,0,0,31.666666666666668,0,0
0,0,0,0,33.111111111111114,4.666666666666667,1054.111111111111,445.6666666666667,0,0,0,0,0,31.663148539051214,0,0
0,0,0,0,33.111111111111114,4.666666666666667,1054.111111111111,445.6666666666667,0,0,0,0,0,31.666666666666668,0,0
0,0,0,0,37.77777777777778,4.666666666666667,947.1111111111112,284.22222222222223,0,0,0,0,39,0,0,0
0,0,0,0,37.77777777777778,4.666666666666667,1161.111111111111,448.6666666666667,0,0,0,0,39,0,0,0
0,0,0,33.111111111111114,37.77777777777778,4.666666666666667,954.4444444444445,732.8888888888889,0,0,0,0,39,0,0,31.666666666666668
0,0,0,33.111111111111114,37.77777777777778,4.666666666666667,947.1111111111112,728.2222222222223,0,0,0,0,39,0,40.44444444444445,31.666666666666668
0,0,0,33.111111111111114,4.666666666666667,0,1177.6666666666667,744.7777777777778,0,0,0,0,39,0,40.44444444444445,31.666666666666668
0,0,0,33.111111111111114,4.666666666666667,0,1190.2222222222224,633.1111111111112,0,0,0,0,39,0,40.44444444444445,31.666666666666668
0,0,0,33.111111111111114,4.666666666666667,0,937.8888888888889,705.1111111111112,0,0,0,0,39,0,40.44444444444445,36.333333333333336
0,0,0,33.111111111111114,4.666666666666667,0,1161.111111111111,637.7777777777778,0,0,0,0,39.00433381486832,0,45.11612401377931,36.337370818979885
0,0,0,37.77777777777778,4.666666666666667,33.111111111111114,925.3333333333334,637.7777777777778,0,0,0,0,39,0,45.111111111111114,36.333333333333336
0,0,0,37.77777777777778,0,33.111111111111114,1046.7777777777778,804.8888888888889,0,0,0,0,0,0,45.111111111111114,36.333333333333336
0,0,0,37.77777777777778,0,33.111111111111114,1054.111111111111,633.1111111111112,0,0,0,0,0,0,45.111111111111114,36.333333333333336
0,0,0,4.666666666666667,0,33.111111111111114,1054.111111111111,276.8888888888889,0,0,0,0,0,0,45.111111111111114,4.666666666666667
0,0,0,4.666666666666667,0,33.111111111111114,1175.7777777777778,370.5555555555556,0,0,0,0,0,0,4.666666666666667,4.666666666666667
0,0,0,4.666666666666667,0,33.111111111111114,945.2222222222223,354,0,0,0,0,0,39,4.666666666666667,4.666666666666667
0,0,0,4.666666666666667,0,33.111111111111114,940.0000000000001,530.4444444444445,0,0,0,0,0,39,4.666666666666667,4.666666666666667
0,0,0,4.666666666666667,0,33.111111111111114,1175.7777777777778,458.44444444444446,0,0,0,0,0,39.6322875,4.742325,0
0,0,0,4.666666666666667,33.111111111111114,33.111111111111114,952.5555555555557,556.2222222222223,0,0,0,0,0,37.424032412837185,0,0
0,0,0,0,33.111111111111114,0,1068.7777777777778,628.2222222222223,0,0,0,0,0,37.424032412837185,0,0
0,0,0,0,33.111111111111114,0,947.3333333333334,461.11111111111114,0,0,0,0,0,37.428023032629554,0,0
0,0,0,0,33.111111111111114,0,954.4444444444445,461.11111111111114,0,0,0,0,0,41.90212176138181,0,0
0,0,0,0,33.111111111111114,0,1190.2222222222224,553.5555555555555,0,0,0,0,37.428023032629554,41.9065898912348,0,0
0,0,0,0,37.77777777777778,0,947.1111111111112,625.4444444444445,0,0,0,0,37.424032412837185,41.90212176138181,0,37.424032412837185
0,0,0,0,37.77777777777778,0,1061.4444444444446,625.4444444444445,0,0,0,0,37.424032412837185,4.4780893485446205,0,37.424032412837185
0,0,0,0,37.77777777777778,0,1161.111111111111,544.8888888888889,0,0,0,0,37.428023032629554,4.478566858605246,0,37.428023032629554
0,0,0,0,37.77777777777778,0,1054.111111111111,544.8888888888889,0,0,0,0,37.679849999999995,4.508699999999999,0,37.679849999999995
0,0,0,33.111111111111114,4.666666666666667,0,1170.3333333333335,583.3333333333334,0,0,0,0,43.66666666666667,4.666666666666667,33.111111111111114,39
0,0,0,33.111111111111114,4.666666666666667,0,1054.111111111111,511.33333333333337,0,0,0,0,43.66666666666667,4.666666666666667,33.111111111111114,39
0,0,0,33.111111111111114,4.666666666666667,0,1282.5555555555557,639.1111111111112,0,0,0,0,43.66666666666667,4.666666666666667,33.111111111111114,39
0,0,0,33.111111111111114,4.666666666666667,0,1054.111111111111,639.1111111111112,0,0,0,0,43.66666666666667,0,33.111111111111114,39
0,0,0,33.111111111111114,4.666666666666667,0,1054.3333333333335,546.6666666666667,0,0,0,0,4.666148205754915,0,33.10743250749916,38.995667148094654
0,0,0,37.77777777777778,0,0,1054.3333333333335,574.5555555555555,0,0,0,0,4.666666666666667,0,33.111111111111114,0
0,0,0,37.77777777777778,0,33.111111111111114,1061.4444444444446,591.1111111111112,0,0,0,0,4.667185242804756,0,33.11479053228137,0
0,0,0,37.77777777777778,0,33.111111111111114,954.4444444444445,559.8888888888889,0,0,0,0,4.666148205754915,0,33.10743250749916,0
0,0,0,37.77777777777778,0,33.111111111111114,825.6666666666667,567.2222222222223,0,0,0,0,4.666666666666667,0,33.111111111111114,0
0,0,0,4.666666666666667,0,33.111111111111114,945.2222222222223,409.7777777777778,0,0,0,0,0,39,0,0
0,0,0,4.666666666666667,0,33.111111111111114,945.2222222222223,409.7777777777778,0,0,0,0,0,39,0,0
0,0,0,4.666666666666667,33.111111111111114,42.44444444444445,961.7777777777778,570.2222222222223,0,0,0,0,0,38.995667148094654,0,0
0,0,0,4.666666666666667,33.111111111111114,42.44444444444445,1175.7777777777778,570.2222222222223,0,0,0,0,0,39,0,0
0,0,0,4.666666666666667,33.111111111111114,42.44444444444445,939.7777777777778,570.2222222222223,0,0,0,0,0,39.00433381486832,0,0
0,0,0,0,33.111111111111114,42.44444444444445,1061.2222222222224,448.7777777777778,0,0,0,0,0,39.00433381486832,0,0
0,0,0,0,33.111111111111114,9.333333333333334,1046.7777777777778,432.22222222222223,0,0,0,0,0,38.995667148094654,0,31.663148539051214
0,0,0,0,37.77777777777778,9.333333333333334,1182.888888888889,388.7777777777778,0,0,0,0,0,39,0,31.666666666666668
0,0,0,0,37.77777777777778,9.333333333333334,1182.888888888889,738.7777777777778,0,0,0,0,31.666666666666668,39,0,31.666666666666668
0,0,0,33.111111111111114,37.77777777777778,9.333333333333334,1061.4444444444446,738.7777777777778,0,0,0,0,31.666666666666668,0,0,31.666666666666668
0,0,0,33.111111111111114,37.77777777777778,9.333333333333334,1175.7777777777778,738.7777777777778,0,0,0,0,31.666666666666668,0,0,31.666666666666668
0,0,0,33.111111111111114,4.666666666666667,0,930.7777777777778,539.1111111111112,0,0,0,0,31.666666666666668,0,0,31.666666666666668
0,0,0,33.09272626318711,4.664075513603553,0,961.2437534702941,633.9811215991115,0,0,0,0,31.666666666666668,0,40.44444444444445,36.333333333333336
0,0,0,33.111111111111114,4.666666666666667,0,961.7777777777778,634.3333333333334,0,0,0,0,31.663148539051214,0,40.4399511165426,36.32929674480613
0,0,0,33.111111111111114,4.666666666666667,0,1076.111111111111,634.3333333333334,0,0,0,0,35.620547431571055,0,45.494313210848645,40.86989126359205
0,0,0,33.111111111111114,4.666666666666667,0,1205.111111111111,751.2222222222223,0,0,0,0,34.24885714285714,0,43.742399999999996,5.047199999999999
0,0,0,33.111111111111114,0,33.111111111111114,945.4444444444445,730,0,0,0,0,34.02172615494808,0,43.452309896144214,5.013728064939716
0,0,0,33.111111111111114,0,33.111111111111114,1098.111111111111,461.22222222222223,0,0,0,0,0,0,43.452309896144214,5.013728064939716
0,0,0,0,0,33.111111111111114,1205.111111111111,461.22222222222223,0,0,0,0,0,0,43.452309896144214,5.013728064939716
0,0,0,0,33.111111111111114,33.111111111111114,1219.5555555555557,461.22222222222223,0,0,0,0,0,0,48.46603796108393,5.013728064939716
0,0,0,0,33.111111111111114,33.111111111111114,1219.5555555555557,556.2222222222223,0,0,0,0,0,0,48.46603796108393,5.013728064939716
0,0,0,0,33.12951639799889,33.12951639799889,1091.384102279044,556.5314063368538,0,0,0,0,0,0,5.013728064939716,0
0,0,0,0,33.111111111111114,33.111111111111114,1197.7777777777778,556.2222222222223,0,0,0,0,0,41.900441685567635,5.013728064939716,0
0,0,0,0,33.111111111111114,33.111111111111114,962.0000000000001,556.2222222222223,0,0,0,0,0,41.1723,4.9266,0
0,0,0,0,33.111111111111114,33.111111111111114,961.7777777777778,439.33333333333337,0,0,0,0,0,40.40848565804275,4.835203412073492,0
0,0,0,0,37.75260937153009,0,1198.867421718854,443.70419720186544,0,0,0,0,0,39,4.666666666666667,0
0,0,0,0,37.77777777777778,0,1175.7777777777778,444.00000000000006,0,0,0,0,0,39,4.666666666666667,0
0,0,0,0,37.77777777777778,0,1061.4444444444446,444.00000000000006,0,0,0,0,0,43.66666666666667,4.666666666666667,0
0,0,0,0,4.666666666666667,0,932.6666666666667,444.00000000000006,0,0,0,0,0,43.66666666666667,0,0
0,0,0,0,4.666666666666667,0,1170.3333333333335,633,0,0,0,0,0,43.66666666666667,0,39
0,0,0,33.111111111111114,4.666666666666667,0,1161.111111111111,537.7777777777778,0,0,0,0,38.99566714809466,43.661815353849576,0,38.99566714809466
0,0,0,33.111111111111114,4.666666666666667,0,1054.111111111111,537.7777777777778,0,0,0,0,39,4.666666666666667,0,39
0,0,0,33.111111111111114,4.666666666666667,0,1282.5555555555557,537.7777777777778,0,0,0,0,39,4.666666666666667,0,39
0,0,0,33.111111111111114,4.666666666666667,0,1046.7777777777778,537.7777777777778,0,0,0,0,39,4.666666666666667,0,39
0,0,0,42.4727596175228,0,33.13319991105182,1038.247720702691,542.8063153213254,0,0,0,0,39,4.666666666666667,0,39
0,0,0,42.44444444444445,0,33.111111111111114,908.7777777777778,659.2222222222223,0,0,0,0,43.66666666666667,4.666666666666667,0,39
0,0,0,42.44444444444445,0,33.111111111111114,954.4444444444445,754.3333333333334,0,0,0,0,43.661815353849576,0,0,38.99566714809466
0,0,0,42.44444444444445,0,33.111111111111114,1197.5555555555557,826.3333333333334,0,0,0,0,43.66666666666667,0,40.44444444444445,39
0,0,0,42.44444444444445,0,33.111111111111114,959.8888888888889,453.7777777777778,0,0,0,0,43.66666666666667,0,40.44444444444445,0
0,0,0,9.333333333333334,0,33.111111111111114,1083.4444444444446,453.7777777777778,0,0,0,0,4.667185242804756,0,40.44893877097455,0
0,0,0,9.333333333333334,0,33.111111111111114,1083.4444444444446,551.6666666666667,0,0,0,0,4.666666666666667,0,40.44444444444445,0
0,0,0,9.333333333333334,0,42.44444444444445,954.4444444444445,479.6666666666667,0,0,0,0,4.666666666666667,0,40.44444444444445,0
0,0,0,9.333333333333334,33.111111111111114,42.44444444444445,1061.4444444444446,670,0,0,0,0,4.667185242804756,39.00433381486832,40.44893877097455,0
0,0,0,0,33.111111111111114,9.333333333333334,1024.7777777777778,660.6666666666667,0,0,0,0,4.666666666666667,39,40.44444444444445,0
0,0,0,0,33.111111111111114,9.333333333333334,1024.7777777777778,543.8888888888889,0,0,0,0,0,39,40.44444444444445,0
0,0,0,0,33.111111111111114,9.333333333333334,1124.4444444444446,448.7777777777778,0,0,0,0,0,39.00433381486832,40.44893877097455,0
0,0,0,0,33.111111111111114,9.333333333333334,1017.4444444444446,376.7777777777778,0,0,0,0,0,39,0,0
0,0,0,0,42.44444444444445,9.333333333333334,1124.4444444444446,462.7777777777778,0,0,0,0,0,39,0,0
0,0,0,0,42.44444444444445,9.333333333333334,893.8888888888889,462.7777777777778,0,0,0,0,0,38.5617375,0,0
0,0,0,0,42.420877290394216,9.328151027207106,1009.550249861188,381.2326485285952,0,0,0,0,0,37.41605372561561,0,0
0,0,0,33.111111111111114,42.44444444444445,0,1039.4444444444446,381.44444444444446,0,0,0,0,0,37.41605372561561,0,0
0,0,0,33.111111111111114,9.333333333333334,0,1153.7777777777778,358.22222222222223,0,0,0,0,37.41605372561561,0,0,0
0,0,0,33.111111111111114,9.333333333333334,0,961.7777777777778,619.1111111111112,0,0,0,0,37.41605372561561,0,0,37.41605372561561
0,0,0,33.111111111111114,9.333333333333334,0,1090.5555555555557,530.5555555555555,0,0,0,0,37.412065657642295,0,0,37.412065657642295
0,0,0,33.111111111111114,9.333333333333334,0,1098.111111111111,547.1111111111112,0,0,0,0,37.41605372561561,0,0,37.41605372561561
0,0,0,33.111111111111114,9.333333333333334,0,962.0000000000001,547.1111111111112,0,0,0,0,37.408078439731426,0,0,37.408078439731426
0,0,0,33.111111111111114,0,33.111111111111114,976.4444444444445,746.5555555555557,0,0,0,0,37.412065657642295,0,0,37.412065657642295
0,0,0,33.111111111111114,0,33.111111111111114,1190.4444444444446,746.5555555555557,0,0,0,0,38.72792468449331,0,32.880118393102585,43.36203533050106
0,0,0,33.12951639799889,0,33.12951639799889,1074.8193440800446,730.4057809894387,0,0,0,0,39,0,33.111111111111114,43.66666666666667
0,0,0,0,0,33.111111111111114,1183.111111111111,818.5555555555557,0,0,0,0,38.99566714809466,0,33.10743250749917,43.661815353849576
0,0,0,0,0,33.111111111111114,1076.111111111111,651.4444444444445,0,0,0,0,0,0,33.10743250749917,43.661815353849576
0,0,0,0,0,33.111111111111114,1076.111111111111,390.5555555555556,0,0,0,0,0,0,37.77777777777778,4.666666666666667
0,0,0,0,0,33.111111111111114,1068.7777777777778,557.6666666666667,0,0,0,0,0,39.00433381486832,37.78197577508612,4.667185242804756
0,0,0,0,33.111111111111114,33.111111111111114,915.8888888888889,541.1111111111112,0,0,0,0,0,39,37.77777777777778,4.666666666666667
0,0,0,0,33.111111111111114,33.111111111111114,1146.2222222222224,653,0,0,0,0,0,39.00866859302067,37.78617470549011,4.667703934207601
0,0,0,0,33.111111111111114,0,1024.7777777777778,439.5555555555556,0,0,0,0,0,39.00433381486832,37.78197577508612,4.667185242804756
0,0,0,0,33.111111111111114,0,1032.111111111111,439.5555555555556,0,0,0,0,0,39.01300433477826,4.668222740913638,0
0,0,0,0,33.111111111111114,0,1032.111111111111,439.5555555555556,0,0,0,0,0,39,4.666666666666667,0
0,0,0,0,33.111111111111114,0,923.2222222222223,439.5555555555556,0,0,0,0,0,43.67151905767307,4.667185242804756,0
0,0,0,0,33.111111111111114,0,925.1111111111112,439.5555555555556,0,0,0,0,0,43.66666666666667,4.666666666666667,0
0,0,0,0,33.111111111111114,0,1160.888888888889,606.7777777777778,0,0,0,0,0,43.66666666666667,0,0
0,0,0,33.111111111111114,33.111111111111114,0,1039.4444444444446,439.6666666666667,0,0,0,0,0,4.666666666666667,0,0
0,0,0,33.111111111111114,0,0,1039.4444444444446,439.6666666666667,0,0,0,0,0,4.666148205754917,0,38.99566714809466
0,0,0,33.111111111111114,0,0,809.1111111111112,421.33333333333337,0,0,0,0,39,4.666666666666667,0,39
0,0,0,33.111111111111114,0,0,1061.4444444444446,349.33333333333337,0,0,0,0,39,4.666666666666667,0,39
0,0,0,33.111111111111114,0,33.111111111111114,969.1111111111112,564.1111111111112,0,0,0,0,39,4.666666666666667,0,39
0,0,0,42.44444444444445,0,33.111111111111114,1190.4444444444446,731.1111111111112,0,0,0,0,39,4.666666666666667,40.44444444444445,39
0,0,0,42.44444444444445,0,33.111111111111114,1183.111111111111,737.7777777777778,0,0,0,0,43.66666666666667,0,40.44444444444445,39
0,0,0,42.44444444444445,0,33.111111111111114,1066.888888888889,737.7777777777778,0,0,0,0,43.66666666666667,0,40.44444444444445,39
0,0,0,42.44444444444445,0,33.111111111111114,947.3333333333334,587.1111111111112,0,0,0,0,43.661815353849576,0,40.43995111654261,38.99566714809466
0,0,0,9.333333333333334,0,33.111111111111114,1175.7777777777778,659.1111111111112,0,0,0,0,43.661815353849576,0,40.43995111654261,38.99566714809466
0,0,0,9.333333333333334,0,42.44444444444445,1175.7777777777778,659.1111111111112,0,0,0,0,45.05253749999999,0,41.728049999999996,0
0,0,0,9.333333333333334,0,42.44444444444445,1175.7777777777778,662.6666666666667,0,0,0,0,4.901942579631481,0,42.48350235680617,0
0,0,0,9.333333333333334,33.111111111111114,42.44444444444445,1168.4444444444446,853.6666666666667,0,0,0,0,5.010737294201862,41.87544738725841,43.4263898830828,0
0,0,0,9.333333333333334,33.111111111111114,9.333333333333334,1039.4444444444446,638.8888888888889,0,0,0,0,5.010139568173685,41.870452105451506,43.4212095908386,0
0,0,0,0,33.111111111111114,9.333333333333334,925.1111111111112,471.8888888888889,0,0,0,0,5.010737294201862,41.87544738725841,0,0
0,0,0,0,33.111111111111114,9.333333333333334,1039.4444444444446,376.6666666666667,0,0,0,0,0,41.87544738725841,0,0
0,0,0,0,42.44444444444445,9.333333333333334,1146.4444444444446,448.6666666666667,0,0,0,0,0,41.875447387258404,0,0
0,0,0,33.111111111111114,42.44444444444445,9.333333333333334,1168.2222222222224,432.11111111111114,0,0,0,0,0,41.875447387258404,0,0
0,0,0,33.111111111111114,42.44444444444445,9.333333333333334,939.7777777777778,553.1111111111112,0,0,0,0,0,41.88044386111443,0,0
0,0,0,33.111111111111114,42.44444444444445,0,939.7777777777778,553.1111111111112,0,0,0,0,0,0,0,0
0,0,0,33.111111111111114,42.44444444444445,0,1161.111111111111,456.00000000000006,0,0,0,0,0,0,0,0
0,0,0,33.111111111111114,9.333333333333334,0,916.1111111111112,337,0,0,0,0,0,0,0,0
0,0,0,33.09272626318711,9.328151027207106,0,1160.4664075513601,336.81288173237084,0,0,0,0,0,0,0,0
0,0,0,33.111111111111114,9.333333333333334,0,1182.888888888889,447.11111111111114,0,0,0,0,0,0,0,0
0,0,0,33.111111111111114,9.333333333333334,0,947.1111111111112,614.2222222222223,0,0,0,0,39,0,0,31.666666666666668
0,0,0,33.111111111111114,0,33.111111111111114,1068.7777777777778,659,0,0,0,0,39.00433381486832,0,0,31.670185576175133
0,0,0,0,0,33.111111111111114,930.7777777777778,659,0,0,0,0,39.00433381486832,0,0,31.670185576175133
0,0,0,0,0,33.111111111111114,1168.4444444444446,538,0,0,0,0,39,0,0,31.666666666666668
0,0,0,0,0,33.111111111111114,1175.7777777777778,559.2222222222223,0,0,0,0,39,0,0,31.666666666666668
0,0,0,0,0,33.111111111111114,954.4444444444445,559.2222222222223,0,0,0,0,39,0,0,36.333333333333336
0,0,0,0,0,33.111111111111114,1075.888888888889,749.5555555555557,0,0,0,0,39,39,33.111111111111114,36.333333333333336
0,0,0,0,33.12951639799889,33.12951639799889,1045.4697053918844,749.9722067815453,0,0,0,0,39.00433381486832,39.00433381486832,33.11479053228137,36.337370818979885
0,0,0,0,33.111111111111114,33.111111111111114,1061.4444444444446,751,0,0,0,0,38.995667148094654,38.995667148094654,33.10743250749916,36.32929674480613
0,0,0,0,33.111111111111114,33.111111111111114,1061.4444444444446,583.8888888888889,0,0,0,0,0,39,33.111111111111114,4.666666666666667
0,0,0,0,33.111111111111114,0,1054.111111111111,539.1111111111112,0,0,0,0,0,39,37.77777777777778,4.666666666666667
0,0,0,33.111111111111114,33.111111111111114,0,1054.111111111111,634.2222222222223,0,0,0,0,0,43.66666666666667,37.77777777777778,4.666666666666667
0,0,0,33.111111111111114,33.111111111111114,0,1052.2222222222224,634.2222222222223,0,0,0,0,0,43.66666666666667,37.77777777777778,4.666666666666667
0,0,0,33.111111111111114,33.111111111111114,0,1061.4444444444446,629.5555555555555,0,0,0,0,0,43.66666666666667,37.77777777777778,4.666666666666667
0,0,0,33.111111111111114,33.111111111111114,0,1061.4444444444446,629.5555555555555,0,0,0,0,0,43.66666666666667,37.77777777777778,0
0,0,0,33.111111111111114,33.111111111111114,0,1168.4444444444446,439.22222222222223,0,0,0,0,0,4.666148205754915,4.666148205754915,0
0,0,0,33.111111111111114,0,0,954.4444444444445,448.5555555555556,0,0,0,0,0,4.666148205754915,4.666148205754915,0
0,0,0,42.44444444444445,0,0,1023.1111111111112,337,0,0,0,0,0,4.667185242804756,4.667185242804756,0
0,0,0,42.44444444444445,0,0,1023.1111111111112,425.5555555555556,0,0,0,0,0,4.666666666666667,4.666666666666667,0
0,0,0,42.44444444444445,0,0,939.7777777777778,353.5555555555556,0,0,0,0,0,4.666666666666667,0,0
0,0,0,9.333333333333334,0,0,1161.111111111111,425.5555555555556,0,0,0,0,31.666666666666668,0,0,0
0,0,0,9.333333333333334,0,0,1068.7777777777778,353.5555555555556,0,0,0,0,30.4665,0,0,0
0,0,0,9.333333333333334,0,0,945.2222222222223,452.33333333333337,0,0,0,0,30.36760788492275,0,0,30.36760788492275
0,0,0,9.333333333333334,0,33.111111111111114,1159.2222222222224,636,0,0,0,0,30.36760788492275,0,0,30.36760788492275
0,0,0,9.333333333333334,0,33.111111111111114,1061.4444444444446,564,0,0,0,0,30.370843989769824,0,0,30.370843989769824
0,0,0,9.333333333333334,0,33.111111111111114,1061.4444444444446,554.6666666666667,0,0,0,0,34.842834310069264,0,0,30.36760788492275
0,0,0,0,0,33.111111111111114,1039.4444444444446,817,0,0,0,0,34.83912209673982,37.396121883656505,0,30.364372469635626
0,0,0,0,0,33.111111111111114,1039.4444444444446,728.4444444444445,0,0,0,0,34.842834310069264,37.400106553010126,38.78529568460309,30.36760788492275
0,0,0,0,33.111111111111114,42.44444444444445,1039.4444444444446,849.3333333333334,0,0,0,0,34.842834310069264,37.400106553010126,38.78529568460309,30.36760788492275
0,0,0,0,33.111111111111114,42.44444444444445,1068.5555555555557,682.2222222222223,0,0,0,0,4.474749627104197,37.396121883656505,38.78116343490304,30.364372469635626
0,0,0,0,33.111111111111114,42.44444444444445,925.1111111111112,754.2222222222223,0,0,0,0,4.757513123359581,39.75921681664792,41.231780402449694,0
0,0,0,33.111111111111114,33.111111111111114,42.44444444444445,1032.111111111111,734.1111111111112,0,0,0,0,4.666148205754915,38.995667148094654,40.4399511165426,0
0,0,0,33.111111111111114,33.111111111111114,9.333333333333334,818.1111111111112,550.4444444444445,0,0,0,0,4.666148205754915,38.995667148094654,40.4399511165426,0
0,0,0,33.111111111111114,42.44444444444445,9.333333333333334,915.8888888888889,631.7777777777778,0,0,0,0,4.666148205754915,38.995667148094654,40.4399511165426,0
0,0,0,33.111111111111114,42.44444444444445,9.333333333333334,915.8888888888889,648.3333333333334,0,0,0,0,0,39.00433381486832,40.44893877097456,0
0,0,0,33.111111111111114,42.44444444444445,9.333333333333334,954.4444444444445,386,0,0,0,0,0,0,40.44893877097456,0
0,0,0,33.111111111111114,42.44444444444445,9.333333333333334,1053.888888888889,458.00000000000006,0,0,0,0,0,0,0,0
0,0,0,33.111111111111114,9.333333333333334,0,1022.8888888888889,337.11111111111114,0,0,0,0,0,0,0,0
0,0,0,33.111111111111114,9.333333333333334,0,1003.0000000000001,337.11111111111114,0,0,0,0,0,0,0,0
0,0,0,33.111111111111114,9.333333333333334,0,1003.0000000000001,353.6666666666667,0,0,0,0,0,0,0,0
0,0,0,0,9.333333333333334,0,1024.7777777777778,258.44444444444446,0,0,0,0,0,0,0,0
0,0,0,0,9.333333333333334,0,1024.7777777777778,280.11111111111114,0,0,0,0,0,0,0,0
0,0,0,0,0,0,1046.7777777777778,367.33333333333337,0,0,0,0,31.666666666666668,0,0,31.666666666666668
0,0,0,0,0,0,1260.0777345918932,350.5830094392004,0,0,0,0,31.663148539051214,0,0,31.663148539051214
0,0,0,0,0,33.111111111111114,1030.2222222222224,556,0,0,0,0,31.666666666666668,0,0,31.666666666666668
0,0,0,0,0,33.111111111111114,1061.4444444444446,556,0,0,0,0,31.666666666666668,0,0,31.666666666666668
0,0,0,0,33.111111111111114,33.111111111111114,1168.4444444444446,556,0,0,0,0,31.666666666666668,0,0,31.666666666666668
0,0,0,0,33.111111111111114,33.111111111111114,937.8888888888889,651,0,0,0,0,31.663148539051214,0,0,31.663148539051214
0,0,0,0,33.111111111111114,33.111111111111114,1075.888888888889,562.4444444444445,0,0,0,0,31.663148539051214,38.995667148094654,0,36.32929674480613
0,0,0,33.111111111111114,33.111111111111114,33.111111111111114,1161.111111111111,746.3333333333334,0,0,0,0,31.666666666666668,39,33.111111111111114,36.333333333333336
0,0,0,33.111111111111114,33.111111111111114,33.111111111111114,1161.111111111111,916.6666666666667,0,0,0,0,31.666666666666668,39,33.111111111111114,36.333333333333336
0,0,0,33.111111111111114,33.111111111111114,33.111111111111114,1146.4444444444446,748.1111111111112,0,0,0,0,0,39.00433381486832,33.11479053228137,4.667185242804756
0,0,0,33.12951639799889,33.12951639799889,33.12951639799889,932.9627570872708,820.5669816564758,0,0,0,0,0,39,33.111111111111114,4.666666666666667
0,0,0,33.111111111111114,33.111111111111114,0,1039.4444444444446,614.8888888888889,0,0,0,0,0,39,33.111111111111114,4.666666666666667
0,0,0,33.111111111111114,33.111111111111114,0,1153.7777777777778,631.4444444444445,0,0,0,0,0,39.21571524565571,33.29425396924616,4.692478747343418
0,0,0,33.111111111111114,0,0,1054.111111111111,631.4444444444445,0,0,0,0,0,41.88425876585315,36.23574549717575,4.47618032612171
0,0,0,33.111111111111114,0,0,1054.111111111111,536.4444444444445,0,0,0,0,0,41.88425876585315,36.23574549717575,4.47618032612171
0,0,0,33.111111111111114,0,0,1144.5555555555557,608.4444444444445,0,0,0,0,0,4.476657429119591,36.239607759539545,0
0,0,0,0,0,0,1076.111111111111,424.5555555555556,0,0,0,0,0,4.476657429119591,4.476657429119591,0
0,0,0,0,0,0,1175.7777777777778,270.77777777777777,0,0,0,0,0,4.47618032612171,4.47618032612171,0
0,0,0,0,0,0,940.0000000000001,342.7777777777778,0,0,0,0,0,4.475703324808185,4.475703324808185,0
0,0,0,0,0,0,1068.7777777777778,270.77777777777777,0,0,0,0,0,4.476657429119591,4.476657429119591,0
0,0,0,0,0,0,1153.7777777777778,270.77777777777777,0,0,0,0,0,4.475703324808185,4.475703324808185,0
0,0,0,0,0,0,908.7777777777778,254.22222222222223,0,0,0,0,0,0,0,0
0,0,0,0,0,0,915.8888888888889,254.22222222222223,0,0,0,0,0,0,0,0
0,0,0,0,33.0964015992892,0,1153.0430919591292,462.3500666370502,0,0,0,0,31.67018557617513,0,0,0
0,0,0,0,33.09272626318711,0,924.5974458634091,651.0827318156579,0,0,0,0,31.666666666666668,0,0,39
0,0,0,0,33.111111111111114,33.111111111111114,971.5555555555557,651.4444444444445,0,0,0,0,31.666666666666668,0,0,39
0,0,0,0,33.111111111111114,33.111111111111114,871.8888888888889,629.7777777777778,0,0,0,0,31.666666666666668,0,0,39
0,0,0,0,33.111111111111114,33.111111111111114,1017.2222222222223,557.7777777777778,0,0,0,0,31.67018557617513,0,0,39.00433381486832
0,0,0,33.111111111111114,42.44444444444445,33.111111111111114,1109.7777777777778,729.6666666666667,0,0,0,0,36.333333333333336,0,0,39
0,0,0,33.111111111111114,42.44444444444445,42.44444444444445,917.7777777777778,915.5555555555557,0,0,0,0,36.337370818979885,39.00433381486832,0,39.00433381486832
0,0,0,33.111111111111114,42.44444444444445,42.44444444444445,1153.5555555555557,843.5555555555557,0,0,0,0,36.333333333333336,39,40.44444444444445,39
0,0,0,33.111111111111114,42.44444444444445,42.44444444444445,1032.111111111111,938.6666666666667,0,0,0,0,36.333333333333336,39,40.44444444444445,39
0,0,0,42.46331702979102,9.337483325922634,42.46331702979102,909.1818586038239,828.5904846598488,0,0,0,0,4.666148205754917,38.99566714809466,40.43995111654261,38.99566714809466
0,0,0,42.468037798777104,9.33852140077821,42.468037798777104,1147.0817120622569,567.6486937187327,0,0,0,0,4.666666666666667,39,40.44444444444445,0
0,0,0,42.44444444444445,9.333333333333334,9.333333333333334,1061.4444444444446,567.3333333333334,0,0,0,0,4.666148205754917,38.99566714809466,40.43995111654261,0
0,0,0,42.44444444444445,9.333333333333334,9.333333333333334,1197.5555555555557,550.7777777777778,0,0,0,0,4.667185242804756,39.00433381486832,40.44893877097455,0
0,0,0,42.44444444444445,9.333333333333334,9.333333333333334,1175.7777777777778,661,0,0,0,0,4.666148205754917,38.99566714809466,40.43995111654261,0
0,0,0,9.333333333333334,0,9.333333333333334,954.4444444444445,489.11111111111114,0,0,0,0,0,39,40.44444444444445,0
0,0,0,9.333333333333334,0,0,1175.7777777777778,303.22222222222223,0,0,0,0,0,0,40.43995111654261,0
0,0,0,9.333333333333334,0,0,940.0000000000001,375.22222222222223,0,0,0,0,0,0,0,0
0,0,0,9.333333333333334,0,0,1068.7777777777778,375.22222222222223,0,0,0,0,0,0,0,0
0,0,0,0,33.111111111111114,0,1182.888888888889,277.33333333333337,0,0,0,0,0,0,0,0
0,0,0,0,33.111111111111114,0,945.2222222222223,349.33333333333337,0,0,0,0,39,0,0,0
0,0,0,0,33.111111111111114,0,1068.7777777777778,349.33333333333337,0,0,0,0,39.00433381486832,0,0,0
0,0,0,0,33.111111111111114,0,1039.6666666666667,461.00000000000006,0,0,0,0,39,0,0,0
0,0,0,33.111111111111114,33.111111111111114,0,916.1111111111112,518,0,0,0,0,40.89633782347793,0,0,0
0,0,0,33.111111111111114,33.111111111111114,33.111111111111114,1044.888888888889,723.3333333333334,0,0,0,0,41.71885714285714,0,0,0
0,0,0,33.111111111111114,33.111111111111114,33.111111111111114,823.5555555555557,723.3333333333334,0,0,0,0,41.88044386111443,0,0,41.88044386111443
0,0,0,33.111111111111114,33.111111111111114,33.111111111111114,1075.888888888889,723.3333333333334,0,0,0,0,41.87544738725841,0,0,41.87544738725841
0,0,0,33.111111111111114,33.111111111111114,33.111111111111114,1054.111111111111,628.2222222222223,0,0,0,0,41.88044386111443,0,0,41.88044386111443
0,0,0,33.111111111111114,0,33.111111111111114,1039.6666666666667,700.2222222222223,0,0,0,0,41.88044386111443,0,0,41.88044386111443
0,0,0,33.111111111111114,0,33.111111111111114,1039.6666666666667,628.2222222222223,0,0,0,0,0,0,0,41.87544738725841
0,0,0,33.111111111111114,0,33.111111111111114,1037.5555555555557,740.1111111111112,0,0,0,0,0,0,43.4263898830828,46.88618468146028
0,0,0,33.111111111111114,0,33.111111111111114,1061.2222222222224,628.4444444444445,0,0,0,0,0,41.87544738725841,43.4263898830828,46.88618468146028
0,0,0,0,0,33.111111111111114,1061.2222222222224,628.5555555555555,0,0,0,0,0,41.60854285714286,43.1496,4.9788
0,0,0,0,0,0,1039.4444444444446,423.22222222222223,0,0,0,0,0,40.794975,42.3059,4.88145
0,0,0,0,0,0,1039.4444444444446,423.22222222222223,0,0,0,0,0,38.99566714809466,40.43995111654261,4.666148205754917
0,0,0,0,0,0,1053.5258189894503,461.18822876179894,0,0,0,0,0,38.99566714809466,45.10609932229753,4.666148205754917
0,0,0,0,0,0,1161.111111111111,461.44444444444446,0,0,0,0,0,39,45.111111111111114,4.666666666666667
0,0,0,0,0,0,947.1111111111112,389.44444444444446,0,0,0,0,0,43.66666666666667,45.111111111111114,4.666666666666667
0,0,0,0,0,0,1068.5555555555557,461.44444444444446,0,0,0,0,0,43.661815353849576,45.10609932229753,4.666148205754917
0,0,0,0,33.111111111111114,0,1054.111111111111,444.7777777777778,0,0,0,0,0,43.661815353849576,4.666148205754917,0
0,0,0,0,33.10007775186049,0,923.1367322003777,444.62956792180387,0,0,0,0,0,4.666148205754917,4.666148205754917,0
0,0,0,0,33.111111111111114,0,1054.111111111111,366,0,0,0,0,0,4.666666666666667,4.666666666666667,0
0,0,0,0,33.111111111111114,0,1061.4444444444446,366,0,0,0,0,31.666666666666668,4.666666666666667,4.666666666666667,0
0,0,0,33.111111111111114,33.111111111111114,0,1168.4444444444446,557.7777777777778,0,0,0,0,31.67018557617513,4.667185242804756,4.667185242804756,0
0,0,0,33.12951639799889,37.798777098387994,0,1147.0817120622569,541.0783768760423,0,0,0,0,31.67018557617513,4.667185242804756,0,0
0,0,0,33.111111111111114,37.77777777777778,0,932.4444444444445,540.7777777777778,0,0,0,0,31.666666666666668,4.666666666666667,0,39
0,0,0,33.111111111111114,37.77777777777778,33.111111111111114,1153.7777777777778,634.3333333333334,0,0,0,0,31.666666666666668,0,0,39
0,0,0,33.111111111111114,37.77777777777778,33.111111111111114,1032.3333333333335,729.4444444444445,0,0,0,0,36.337370818979885,0,0,39.00433381486832
268.5555555555556,0,0,33.111111111111114,4.666666666666667,33.111111111111114,954.4444444444445,634.2222222222223,0,0,0,0,36.333333333333336,0,0,39
268.6451039235301,0,0,746552.6286539958,746295.2095142825,746385.7952650884,1176.169834389241,22604.86828942981,0,0,0,0,36.337370818979885,0,0,39.00433381486832
297.44444444444446,274.44444444444446,309.44444444444446,746341.3333333334,746145,746158,1045.111111111111,23370.77777777778,0,0,0,0,36.329296744806136,0,0,38.99566714809466
311.8888888888889,303.33333333333337,323.8888888888889,746341.3333333334,746145,746158,64709.66666666667,23455.77777777778,0,0,0,0,4.666148205754917,0,0,38.99566714809466
311.8888888888889,303.33333333333337,323.8888888888889,746372,746201.4444444445,746179,64816.66666666667,23264,0,0,0,0,4.666148205754917,0,40.43995111654261,38.99566714809466
340.7777777777778,332.22222222222223,352.7777777777778,746426.1111111111,746196.7777777779,746253.888888889,64571.66666666667,23580.77777777778,0,0,0,0,4.666666666666667,39,40.44444444444445,39
388.33333333333337,332.22222222222223,352.7777777777778,746426.1111111111,746238.7777777779,746253.888888889,64785.44444444445,23580.77777777778,0,0,0,0,4.666666666666667,39,40.44444444444445,0
388.33333333333337,394.22222222222223,400.33333333333337,746482.5555555556,746307.3333333334,746303.2222222222,64709.66666666667,23730.111111111113,0,0,0,0,4.666666666666667,39,40.44444444444445,0
417.22222222222223,394.22222222222223,429.22222222222223,746529.3333333334,746361.4444444445,746303.2222222222,64831.11111111112,23563,0,0,0,0,0,39,40.44444444444445,0
163.11111111111111,423.11111111111114,443.6666666666667,746572.1111111111,746361.4444444445,746367,64695.00000000001,23752.222222222223,0,0,0,0,0,38.18452384673085,39.59876547068384,0
163.11111111111111,437.5555555555556,458.11111111111114,301.44444444444446,390.7777777777778,298.5555555555556,64687.66666666667,1994.888888888889,0,0,0,0,0,37.39612188365651,38.78116343490305,0
172.33333333333334,163.11111111111111,163.11111111111111,322.44444444444446,292.22222222222223,298.5555555555556,64809.11111111112,1132.888888888889,0,0,0,0,0,37.400106553010126,38.78529568460309,0
157.88888888888889,148.66666666666669,148.66666666666669,374.44444444444446,334.22222222222223,298.5555555555556,1030.2222222222224,1182.6666666666667,0,0,0,0,0,37.400106553010126,38.78529568460309,0
210.66666666666669,210.66666666666669,210.66666666666669,310.6666666666667,346.33333333333337,400.22222222222223,1039.4444444444446,1471.6666666666667,0,0,0,0,0,37.400106553010126,0,0
181.7777777777778,181.7777777777778,196.22222222222223,322.44444444444446,346.33333333333337,325.33333333333337,1039.4444444444446,1061.6666666666667,0,0,0,0,0,0,0,0
163.11111111111111,210.66666666666669,196.22222222222223,322.44444444444446,355.5555555555556,367.33333333333337,947.1111111111112,1274.6666666666667,0,0,0,0,37.39612188365651,0,0,0
177.55555555555557,148.66666666666669,177.55555555555557,339,346.33333333333337,284.8888888888889,901.2222222222223,1254.111111111111,0,0,0,0,37.39612188365651,0,0,0
148.66666666666669,177.55555555555557,148.66666666666669,346.33333333333337,292.22222222222223,335,1032.111111111111,1320.6666666666667,0,0,0,0,37.392138063279,0,0,37.392138063279
196.22222222222223,188.8888888888889,148.66666666666669,303.5555555555556,350.7777777777778,313.22222222222223,1139.111111111111,1293.3333333333335,0,0,0,0,39.101400000000005,0,0,39.101400000000005
210.66666666666669,196.22222222222223,196.22222222222223,367.33333333333337,331.6666666666667,355.5555555555556,925.1111111111112,1307,0,0,0,0,39,0,0,39
187,196.22222222222223,181.7777777777778,308.77777777777777,352.6666666666667,334.5555555555556,925.1111111111112,1307,0,0,0,0,39,0,0,39
187,210.66666666666669,210.66666666666669,322.44444444444446,331.6666666666667,393.11111111111114,1139.111111111111,1257.2222222222224,0,0,0,0,39,0,0,39
163.11111111111111,148.66666666666669,148.66666666666669,322.44444444444446,263.11111111111114,313.22222222222223,1037.3333333333335,968.2222222222223,0,0,0,0,38.995667148094654,0,0,38.995667148094654
210.66666666666669,163.11111111111111,163.11111111111111,331.6666666666667,352.6666666666667,313.22222222222223,1037.3333333333335,1187.888888888889,0,0,0,0,39,0,0,39
181.7777777777778,172.33333333333334,177.55555555555557,331.6666666666667,301.44444444444446,292.22222222222223,1017.4444444444446,1076.3333333333335,0,0,0,0,0,0,0,39
196.22222222222223,210.66666666666669,148.66666666666669,339,331.6666666666667,381.7777777777778,1131.7777777777778,990.4444444444445,0,0,0,0,0,0,0,39
210.66666666666669,181.7777777777778,210.66666666666669,305.8888888888889,352.6666666666667,361.8888888888889,1017.4444444444446,1102.2222222222224,0,0,0,0,0,0,40.44893877097456,0
148.66666666666669,170.44444444444446,210.66666666666669,305.8888888888889,315.11111111111114,319.8888888888889,910.4444444444445,1142.111111111111,0,0,0,0,0,39,40.44444444444445,0
163.11111111111111,163.11111111111111,148.66666666666669,307.77777777777777,263.11111111111114,279.6666666666667,1146.4444444444446,922.6666666666667,0,0,0,0,0,39,40.44444444444445,0
148.66666666666669,163.11111111111111,177.55555555555557,354.5555555555556,298.5555555555556,322.44444444444446,1025,1125.7777777777778,0,0,0,0,0,39,40.44444444444445,0
210.66666666666669,172.33333333333334,148.66666666666669,288.8888888888889,277.5555555555556,305.8888888888889,932.4444444444445,1142.3333333333335,0,0,0,0,0,39,40.44444444444445,0
196.22222222222223,172.33333333333334,163.11111111111111,376.5555555555556,393.11111111111114,331.6666666666667,1039.4444444444446,1142.3333333333335,0,0,0,0,0,39.00433381486832,40.44893877097456,0
148.66666666666669,210.66666666666669,134.22222222222223,322.44444444444446,346.33333333333337,331.6666666666667,1039.4444444444446,1195.111111111111,0,0,0,0,21352.222222222223,39,40.44444444444445,0
177.55555555555557,187,181.7777777777778,322.44444444444446,346.33333333333337,361.8888888888889,1044.888888888889,22886.55555555556,0,0,0,0,21352.222222222223,39,40.44444444444445,0
163.11111111111111,148.66666666666669,210.66666666666669,298.5555555555556,298.77777777777777,324.33333333333337,1054.111111111111,22750.111111111113,325.5555555555556,0,0,0,746362.2222222222,39,40.44444444444445,0
148.66666666666669,163.11111111111111,163.11111111111111,339,313.22222222222223,294.11111111111114,916.1111111111112,23038.88888888889,340,0,0,0,746362.2222222222,39,0,0
203.33333333333334,188.8888888888889,163.11111111111111,339,329.7777777777778,336.11111111111114,22275.55555555556,22837.111111111113,339.9622264192867,0,0,0,746344.628374625,0,0,0
188.8888888888889,174.44444444444446,163.11111111111111,362.8888888888889,329.7777777777778,298.5555555555556,22270.111111111113,23145.55555555556,402,0,0,0,746489.4444444445,0,0,0
203.33333333333334,196.22222222222223,174.44444444444446,316.11111111111114,372.11111111111114,346.33333333333337,22398.88888888889,23171.222222222223,402,0,0,0,746489.4444444445,0,0,0
155.7777777777778,187,196.22222222222223,379.8888888888889,372.11111111111114,346.33333333333337,22277.444444444445,23069.666666666668,430.8410176647039,0,0,0,746482.5019442283,0,0,31.663148539051214
141.33333333333334,187,210.66666666666669,292.22222222222223,313,277.77777777777777,22255.666666666668,23469.333333333336,454.5555555555556,0,0,0,746585,0,0,31.666666666666668
186.7777777777778,163.11111111111111,210.66666666666669,329.7777777777778,307.77777777777777,343.44444444444446,22377.111111111113,23256.111111111113,454.5555555555556,0,0,0,725294.6666666667,0,0,31.666666666666668
188.8888888888889,148.66666666666669,177.55555555555557,329.7777777777778,307.77777777777777,329.7777777777778,22270.111111111113,1463.2222222222224,507.27696922564155,0,0,0,725246.6392623041,0,0,31.663148539051214
188.8888888888889,210.66666666666669,148.66666666666669,355.5555555555556,317,277.77777777777777,22270.111111111113,1564.7777777777778,185.8480971128609,0,0,0,324.32537729658793,0,0,32.37573818897638
188.8888888888889,210.66666666666669,196.22222222222223,294.11111111111114,324.33333333333337,374.6666666666667,22391.55555555556,1361.4444444444446,160.48593350383632,0,0,0,304.2412617220802,0,0,30.370843989769824
163.11111111111111,156,196.22222222222223,374.44444444444446,324.33333333333337,353.6666666666667,1032.111111111111,1361.4444444444446,174.35788127464565,0,0,0,310.8813812213578,37.40807843973143,0,34.85026111051903
163.11111111111111,170.44444444444446,196.22222222222223,305.8888888888889,324.33333333333337,353.6666666666667,1015.5555555555557,1292.1111111111113,167.3238836193115,0,280.0809975487584,0,251.51870403921984,37.408078439731426,0,34.85026111051902
179.66666666666669,186.7777777777778,170.44444444444446,305.8888888888889,315.11111111111114,319.5555555555556,886.7777777777778,23206.55555555556,167.306052855925,180.73316283034956,280.0511508951407,0,337.70247229326515,37.40409207161126,715914.9616368287,34.84654731457801
165.22222222222223,157.88888888888889,177.55555555555557,315.11111111111114,315.11111111111114,307.77777777777777,1046.7777777777778,23206.55555555556,174.37646557237264,180.7716904711149,293.96717117885316,274.5683223193349,283.6282242592198,715780.5371988915,716087.7211681944,715694.2016627585
196.22222222222223,172.33333333333334,148.66666666666669,315.11111111111114,317.22222222222223,359.7777777777778,64705.222222222226,23492.55555555556,151.64109121909635,295.39641943734017,293.9045183290708,274.5098039215687,264.8124467178176,715627.9838022166,715935.1023017904,715639.0664961637
150.7777777777778,196.22222222222223,203.33333333333334,324.33333333333337,279.6666666666667,348.22222222222223,64743.77777777778,24343.55555555556,204.07075873827793,295.39641943734017,321.611253196931,302.21653878942885,277.28047740835467,715677.1099744246,715989.2369991476,715639.0664961637
148.66666666666669,210.66666666666669,196.22222222222223,324.33333333333337,336.11111111111114,310.6666666666667,64850.77777777778,24598.111111111113,153.48539756981455,323.1720315497762,367.29908335109786,316.1372841611597,299.50969942442975,715829.6738435302,716222.7670006396,715831.9121722447
163.11111111111111,148.66666666666669,210.66666666666669,315.11111111111114,344.22222222222223,331.6666666666667,64627.55555555556,24496.55555555556,188.2556,361.8004,367.3436,361.8004,471.0654,715992.3316,716309.5732,715983.0574
163.11111111111111,148.66666666666669,163.11111111111111,336.11111111111114,301.44444444444446,234.7777777777778,64850.44444444445,25146.77777777778,196.22222222222223,377.11111111111114,411.7777777777778,377.11111111111114,1426895.888888889,746350.3333333334,746686.4444444445,746282.1111111111
187,186.7777777777778,148.66666666666669,255.7777777777778,325.33333333333337,277.5555555555556,64850.44444444445,726579.4444444445,735793.1111111111,398.8888888888889,435.44444444444446,406,1426823.6666666667,746354.5555555556,746686.4444444445,746352.5555555556
196.22222222222223,172.33333333333334,177.55555555555557,346.33333333333337,367.33333333333337,343.22222222222223,764929.6666666667,726340.3333333334,735574.9833370361,427.68273716951785,143.412574983337,405.909797822706,1426581.7596089756,746188.7358364807,746604.8655854254,746220.7287269494
179.66666666666669,165.22222222222223,203.33333333333334,367.33333333333337,329.7777777777778,324.33333333333337,765263.3333333334,1404955.6666666667,735791.2222222222,239.33333333333334,196.22222222222223,460.6666666666667,1426808.888888889,746375.5555555556,709842.2222222222,746386.5555555556
179.66666666666669,201.44444444444446,174.44444444444446,339,329.7777777777778,294.11111111111114,765333.888888889,1410868,735687.7013665149,301.2998555716032,1435562.1597600267,174.42506388179092,1426703.8106877015,365.0705477169204,709742.3619597823,373.8473502944118
177.55555555555557,187,210.66666666666669,360,292.22222222222223,317.22222222222223,701468.7777777779,2812491.1111111115,735769.4444444445,181.7777777777778,1435721.6666666667,210.66666666666669,1426862.3333333335,365.11111111111114,2135871.4444444445,327.33333333333337
192,148.66666666666669,170.44444444444446,292.22222222222223,700965.2222222222,320.5555555555556,1401873.1111111112,2811580.888888889,735769.4444444445,210.66666666666669,1435733,205.44444444444446,1426856.2222222222,365.11111111111114,2135890.1111111115,327.33333333333337
163.11111111111111,1435668.4444444445,163.11111111111111,389.11111111111114,2126141.3333333335,320.5555555555556,1401766.1111111112,3512009.2222222225,735769.4444444445,181.7777777777778,1435721.6666666667,191,1426800.5555555557,415.6666666666667,2135805.777777778,377
196.22222222222223,1435682.888888889,148.66666666666669,316.11111111111114,2126082,356,2102322.888888889,3512009.2222222225,735769.4444444445,181.7777777777778,1435736.1111111112,174.44444444444446,1426711.3333333335,374.11111111111114,2135839.777777778,373.6666666666667
196.22222222222223,1435668.4444444445,148.66666666666669,353.6666666666667,2126149.777777778,356,2101978.5555555555,4212051.333333334,735793.1111111111,218.00000000000003,1435707.2222222222,196.22222222222223,365,315.5555555555556,2135876.666666667,394.6666666666667
157.88888888888889,1435683.1111111112,203.33333333333334,2126053.4444444445,2126123.777777778,376.5555555555556,2102085.5555555555,3511189.666666667,181.7777777777778,196.22222222222223,1435745.5555555557,205.44444444444446,365,351.22222222222223,2135918,370.11111111111114
1435657.3333333335,1435697.5555555557,174.44444444444446,2125941.888888889,2126081.777777778,310.8888888888889,2102351.2222222225,4912388.555555556,227.2474719413268,196.2440271141238,1435905.1005667297,236.47071896877432,341.9268807645294,398.04422713634847,2136092.0102233584,336.1484609401045
1435657.3333333335,1435666.5555555557,156,2126149.5555555555,2126071.777777778,346.33333333333337,2102017.5555555555,4211630,196.22222222222223,236.44444444444446,1435707.2222222222,181.7777777777778,341.8888888888889,377,1426322.5555555557,427.7777777777778
1435657.3333333335,1435659.2222222222,184.8888888888889,2126104.888888889,2126123.777777778,346.33333333333337,2101894,4206065.777777778,219.8888888888889,174.44444444444446,196.22222222222223,218.00000000000003,358.44444444444446,387280,1426366,373.6666666666667
1435681.2222222222,1435659.2222222222,163.11111111111111,2126180.777777778,2126102.777777778,313.22222222222223,2102161,2810137.4444444445,219.8888888888889,1435512.1111111112,243.7777777777778,181.7777777777778,396,2135815.2222222225,315.77777777777777,352.6666666666667
1435690.4444444445,1435682.888888889,148.66666666666669,2126239.3333333335,1425488.3333333335,255.7777777777778,1401596.6666666667,2810137.4444444445,218.00000000000003,1435750.888888889,203.55555555555557,196.22222222222223,385.7777777777778,2135764,345.33333333333337,411.22222222222223
1435704.888888889,187,163.11111111111111,2126142.4444444445,315.11111111111114,298.5555555555556,1401703.6666666667,2810543.777777778,232.41862015331634,1435591.3787356962,196.2004221753139,234.5294967225864,385.73491834240644,2136513.7206977005,407.62137540273307,386.62370847683593
1435642.888888889,172.55555555555557,163.11111111111111,2126177.888888889,345.33333333333337,340.8888888888889,701253.888888889,3511272.777777778,196.24402711412378,1435924.8805422822,181.79797755306143,203.57817535281697,378.48649849983326,2136988.554283809,373.7081897988665,322.92476941882427
1435671.777777778,201.44444444444446,210.66666666666669,2126119.3333333335,277.5555555555556,340.8888888888889,1401833.3333333335,2810534.666666667,210.6900766751861,1435888.6542949216,205.46727414157127,196.24402711412378,319.9244360484498,2136988.554283809,349.81664629403264,339.48216468496497
1435710.1111111112,163.11111111111111,170.44444444444446,487.33333333333337,298.5555555555556,298.5555555555556,1401833.3333333335,2809963.666666667,210.66666666666669,1435765.3333333335,196.22222222222223,196.22222222222223,379.22222222222223,2136728.666666667,349.7777777777778,360.44444444444446
187,172.33333333333334,184.8888888888889,487.33333333333337,298.5555555555556,298.5555555555556,701274.4444444445,1409613.2222222222,196.22222222222223,1435760.1111111112,196.22222222222223,196.22222222222223,385.7777777777778,2136752.5555555555,328.7777777777778,360.44444444444446
187,172.33333333333334,163.11111111111111,329.7777777777778,329.7777777777778,700492.7777777779,701405.1111111111,1409876.6666666667,196.22222222222223,1435719.888888889,196.22222222222223,196.22222222222223,385.7777777777778,2136752.5555555555,403.8888888888889,327.33333333333337
225.11111111111111,188.8888888888889,1435695.4444444445,404.8888888888889,277.77777777777777,2125927.1111111115,701512.1111111111,1409528.5555555557,158.11111111111111,1435772.6666666667,205.44444444444446,196.22222222222223,378.44444444444446,1749810.5555555557,427.5555555555556,708358
172.33333333333334,188.8888888888889,1435721.2222222222,350.7777777777778,367.33333333333337,2126218.3333333335,701245.1111111111,2103816.777777778,177.875,489.375,177.625,220.75,383.5,1434.75,481,796864.5
163.11111111111111,187,1435721.2222222222,292.22222222222223,346.33333333333337,2126284.2222222225,1401818.4444444445,2809610.555555556,114.7350857142857,182.26902857142855,171.9816,172.22365714285712,307.5336,1389.1659428571427,351.7090285714285,771483.1943999999
148.66666666666669,163.11111111111111,1435728.5555555557,313.22222222222223,287,2126241.4444444445,1401818.4444444445,2786952.888888889,138.4780534351145,179.62786259541983,138.4780534351145,128.57824427480915,343.3921755725191,300.2146946564885,279.69942748091603,2290367.4856870226
194.11111111111111,163.11111111111111,1435728.5555555557,352.6666666666667,313.22222222222223,2126178.1111111115,1401711.4444444445,2086223.888888889,153.9654144305307,151.93798449612402,179.60644007155636,1540981.6338700058,255.09838998211092,259.86881335718545,324.74657125819914,2293297.0781156826
187,172.33333333333334,1435695.4444444445,381,700503.1111111111,2126215.666666667,1402550.1111111112,6320318.888888889,1540602.265951103,177.34048896839593,185.21168753726894,1540966.1299940369,90586.88133571854,348.1216457960644,242.0989862850328,2293256.7680381634
134.22222222222223,1435498.4444444445,1435681,313.22222222222223,700446.6666666667,2826353.555555556,1402443.1111111112,6324257.333333334,1540786.0209923664,195.13358778625954,128.57824427480915,1541165.6727099235,1537833.1345419846,287.5715648854962,761445.4914122137,2293492.2471374045
172.33333333333334,1435527.5555555557,2870887.1111111115,700817.4444444445,1426142.1111111112,2826353.555555556,1402642.4444444445,6323408.888888889,1540985.209923664,169.7280534351145,1541041.1498091603,1541157.800572519,1537902.4332061068,63628.936068702285,1539735.8062977097,2293544.9666030533
1435534.4444444445,1435542,2871134.888888889,700746.3333333334,1426106.4444444445,2851702,1402983.777777778,6330582.222222223,1540778.0560524745,1540872.3911747166,1540880.739415623,1540989.5050685748,1537719.022063208,1540693.7388193202,1539471.556350626,2293208.5867620753
1435496.3333333335,1435496.5555555557,1435573.6666666667,1426015.888888889,1426127.4444444445,1426296,1402769.777777778,6330582.222222223,1540992.8435114503,1541015.0286259542,1541023.6164122135,1541134.4227099235,1537873.9265267174,1540885.1383587786,1539628.2204198472,1533489.8616412212
1435541.777777778,1435511,1435547.888888889,1425973.1111111112,1426037.888888889,1425962.777777778,1403358.2222222222,5630871.777777778,1502911.664315302,1502975.1789989185,1502956.5666374192,1503097.0899667395,1499900.5332064808,1502762.4164415288,1501580.5314863184,3354.063869447222
1435549.1111111112,1435498.4444444445,1435562.3333333335,1426009.2222222222,1426089.888888889,1433432.3333333335,703686.7777777779,4936257.444444445,1476545.6351003002,1476608.0355268095,1476589.7496875394,1476752.1507975569,1473587.3291658857,1476485.7489766907,1475317.5124203227,3295.2225229658798
2178152.888888889,2178088,2178117.1111111115,1434043.2222222222,1434283.777777778,1433432.3333333335,703579.7777777779,4257825.888888889,1435558.777777778,2178248.666666667,1435618.2222222222,1435721.4444444445,1440189.3333333335,1443554.888888889,1434397.3333333335,3259.3333333333335
2178116.666666667,2178088,2178117.1111111115,1433968.3333333335,1434227.3333333335,1433912.2222222222,703749.7777777779,4262227.444444445,2178176.4444444445,2178219.777777778,2178264.888888889,188.8888888888889,1440691.1111111112,3777333.777777778,1441895.1111111112,275.44444444444446
2178094.888888889,2178467.4444444445,2178506.666666667,3768078.3333333335,734163.5555555556,3768021.555555556,1636010.2222222222,6331985.333333334,743398,2178633.777777778,2178236,742830.2222222222,3690354.777777778,3777251.555555556,1442433.6666666667,8295.222222222223
2178510.3333333335,743141.3333333334,2178554.2222222225,3768078.3333333335,3068204.4444444445,3067916.777777778,1636010.2222222222,6328046.888888889,743398,2178621.2222222225,2178666.3333333335,743217,2343684.5555555555,3778904.2222222225,3067210.4444444445,2342037
2178472.2222222225,743103,743333.6666666667,3067611.666666667,2342509,3067916.777777778,1635917.888888889,10539391.777777778,743195.888888889,2178643,743220.6666666667,743193.3333333334,2343561.4444444445,3719827.555555556,2342189.777777778,2341987.888888889
743119.3333333334,743088.5555555556,743100.3333333334,3067649.2222222225,2342491,2342366.777777778,11436178.111111112,10531955,743278.4753861539,743304.2560284475,743314.5905100566,743290.3655961773,2343859.428825425,2344029.892210245,2343784.3093677075,2343749.305478386
743162.888888889,743126.6666666667,743114.7777777779,2342368.3333333335,2342547.4444444445,2342359.4444444445,11436178.111111112,10537148.333333334,743205.1111111111,743236.1111111111,743246.4444444445,743207.7777777779,2343543.3333333335,2343760.888888889,2343540.4444444445,2343454.2222222225
743117.4444444445,743112.2222222222,743129.2222222222,2342368.3333333335,2342547.4444444445,2342359.4444444445,11435773,10536675.222222224,743166.7777777779,743219.5555555556,743232,743193.3333333334,2343546.5555555555,2343798.4444444445,2343540.4444444445,2343468.1111111115
743119.3333333334,743119.5555555556,743114.7777777779,2342379,2342517.888888889,2334880.4444444445,11434871.111111112,10525495.777777778,743219.5555555556,743219.5555555556,743260.888888889,743200.6666666667,2343600.666666667,2343714.1111111115,2343497,2343468.1111111115
711277.888888889,2111180.2222222225,538.2222222222223,3735383.3333333335,3735220.0000000005,2334940,11436684.222222224,20333966.77777778,743195.888888889,711312.5555555556,743246.4444444445,743200.6666666667,2336055.888888889,3753682.555555556,2343480.4444444445,2343450
711268.6666666667,2111180.2222222225,578.4444444444445,3735383.3333333335,3735220.0000000005,3734637.1111111115,11436744.777777778,20329565.222222224,2111252.5555555555,2111314.888888889,2111285.1111111115,743200.6666666667,3740381.0000000005,1420207.777777778,3741400.555555556,2343450
2111805.2222222225,2111382.1111111115,2110853,1401261.5555555557,3735093.888888889,1400490.2222222222,9803195,14043843.444444446,2111555.666666667,2110877.2222222225,2111285.1111111115,2111253.5555555555,1406558.2222222222,1420207.777777778,3740862.0000000005,3743785.0000000005
2113037.888888889,2111520.3333333335,2110805.4444444445,1401278.1111111112,1401086.1111111112,1401087,9803195,14043999.666666668,2111321.075436063,2111361.2931896457,2111361.4042884125,2110579.491167648,1404842.0175536054,1418439.840017776,1406800.911009888,1409867.0147761363
2113954.1111111115,2111505.888888889,2111538,1401240.5555555557,1401086.1111111112,1401096.2222222222,9803195,9832654.777777778,2111557.777777778,2111590.666666667,2111605.2222222225,2111588.4444444445,1405031.2222222222,1418614,1406978.4444444445,1410023.6666666667
2114135.1111111115,2111505.888888889,2111523.5555555555,1401219.5555555557,1401066.5555555557,1401030.5555555557,2691.2222222222226,9832777.88888889,2111557.777777778,2111590.666666667,2111557.666666667,2111559.5555555555,1405032.2222222222,1418533,1405644.3333333335,1408555.777777778
2114091.5555555555,2111467.777777778,2111509.1111111115,1401155.777777778,1401022.2222222222,1401009.5555555557,2798.2222222222226,9827670.444444446,2111576.4444444445,2111602,2819864.4444444445,2819669.3333333335,1405032.2222222222,1418461.4444444445,1405602.3333333335,1408534.777777778
2122287,2111517.2222222225,2815003.666666667,1401172.3333333335,1401022.2222222222,2801836.666666667,2614.888888888889,9827325.111111112,2111815.757306367,2111812.979219913,2820177.797533059,2819951.6612956994,1405127.2363595953,1418581.5090565616,2809450.938993221,1408598.5109456605
2124711.888888889,2111486.2222222225,2815003.666666667,1401125.5555555557,1400962.2222222222,2801780.2222222225,3038.777777777778,9827325.111111112,2111528.3333333335,2818640.3333333335,2819869.1111111115,2819664.777777778,1404917,1418423.888888889,2809104.777777778,2812024.888888889
1413949.5555555557,703538.5555555556,2815036.777777778,66.22222222222223,1400750.2222222222,2801759.777777778,1225.6666666666667,2126292.666666667,2817255,2107880,2819852.555555556,2819664.777777778,2806159.777777778,1401887.1111111112,2809680,2812024.888888889
1419665.4444444445,703538.5555555556,2815025.4444444445,66.22222222222223,1400750.2222222222,1401588.6666666667,2101685.4444444445,4228991.555555556,706566.2222222222,708839.7777777779,709128.888888889,2819681.3333333335,1401332.888888889,1401583,1404279.4444444445,2812084.2222222225
19128.88888888889,703857.3333333334,704332.4444444445,49.66666666666667,1400786.3333333335,1401588.6666666667,2101556.666666667,4210642.444444445,705778.8023552939,708775.4693922899,709102.8774580603,708922.7863570715,1401365.0705477172,1401469.281190979,1404123.430729919,1403573.4918342407
18247.666666666668,703733.5555555556,704346.888888889,33.111111111111114,1400814.1111111112,1400965.1111111112,4202398.666666667,4211893.222222223,705935.6595177241,708174.0193354817,708533.6148460939,709080.342260251,1401717.8575397264,1401798.1997999777,1404484.8316479607,1403910.878986554
17331.444444444445,703771.888888889,703614.3333333334,700602,1400850.2222222222,1400955.888888889,4202291.666666667,4211893.222222223,705855.1111111111,708093.2222222222,708445.6666666667,708272.5555555556,1401550,1401625.888888889,1404380.5555555557,1403801.6666666667
17163,703771.888888889,703643.2222222222,700615.6666666667,1400850.2222222222,1400989.888888889,4202170.222222223,4212379.444444445,703243.4471999999,705473.2773,705824.4177,705651.9471,1396325.8521,1396439.8731,1399184.3475,1398574.6119
17177.444444444445,703786.3333333334,703705.2222222222,700615.6666666667,1400879.888888889,1401078.6666666667,4202299.222222223,4212478.444444445,677248.8272921109,679405.1172707889,155.97014925373134,185.9275053304904,1344769.829424307,1344899.7867803837,1347470.7889125799,1346949.3603411512
8982,703736.888888889,181.7777777777778,700634.5555555556,1400879.888888889,251.55555555555557,4203420.555555556,4212338.666666667,677172.1564865153,679332.6937426714,192.72998614220234,185.9076857477881,1344617.631382582,1344849.3763991047,845.8586504637033,1346834.772412323
6562.333333333334,703775,710829.7777777779,700655.5555555556,1400930.6666666667,403.6666666666667,4202996.666666667,8414977.333333334,677339.2685787396,1024.3096278920993,160.57148949781424,158.54568717347263,1672066.3183708282,1345136.1552404305,851489.6044354407,284.25205245761805
6576.777777777778,1072.4444444444446,4911217.333333334,700676.5555555556,4200946.333333334,4201217.333333334,4203212.111111111,6335917.111111112,682151.8123667378,1051.9189765458423,682143.3901918976,682142.9637526652,327412.04690831556,302.98507462686564,850794.9893390192,248.1876332622601
884.5555555555557,711904.2222222222,4911188.444444445,4901234.777777778,4201069.222222223,4201176,2102638,4233218.222222223,682093.1670397612,128.77091994456882,682132.6084639165,682026.6496109157,3308789.787869097,302.9527768894574,4072065.1316490783,1811285.6838290163
884.5555555555557,710966,4911188.444444445,4903561.777777778,4201033.111111111,4203195.666666667,2102859.1111111115,4285194.444444445,682129.3176972282,682109.5948827292,682154.6908315565,682166.5245202559,4071258.2089552237,2921342.6439232407,4072499.253731343,4066497.76119403
4911071.444444445,4911161.777777778,4911174,4903561.777777778,4201636.666666667,4203162,2017.1111111111113,4297064.111111111,682239.1257995735,4712246.9083155645,4712412.686567164,4712387.313432836,4071209.7014925373,2921285.287846482,4072544.3496801704,4067053.7313432833
4911071.444444445,4911123.444444445,4911407.333333334,4203009.444444445,4201609.777777778,4203162,2247.666666666667,4297080.666666667,682241.1513859275,4712233.049040511,4712456.823027718,4712343.710021322,4071205.437100213,4057498.187633262,4072964.3923240937,4067008.8486140724
4911206.111111111,4911123.444444445,4911378.444444445,4202979.222222223,4902024.333333334,4903674.444444445,2269.444444444445,4296972.777777778,701011.8741499999,4842154.14865,4842384.094099999,4842274.87275,4183480.82985,4169358.5202499996,4185292.6772999996,4179137.9392
4911191.666666667,4911297.888888889,4911330.888888889,4903473.777777778,4901961.555555556,4903623.222222223,2033.4444444444446,4297374.666666667,4911377.222222223,4911155.888888889,4911389.111111111,4911311.444444445,4243096.333333334,4228772.777777778,4244934,4238724.666666667
4911206.111111111,4911297.888888889,4911345.333333334,4903457.888888889,4902070,4903623.222222223,1126.111111111111,4297374.666666667,4911939.54883876,4911896.4329369925,4912107.678630958,4911857.206356261,4244053.005889542,4929775.08612068,4945932.992554728,4939765.418379819
4911177.222222223,4911288.666666667,4200726.222222223,4903436.888888889,4902019.222222223,4903534.888888889,1126.111111111111,96099.44444444445,4911370.111111111,4911312.333333334,4911561.888888889,4911475.222222223,3902658.888888889,4929227.333333334,4058989.0000000005,4939218.444444445
4911224.777777778,4911305.222222223,291.11111111111114,4903502.555555556,701416.4444444445,702703.1111111111,1800.6666666666667,68009.77777777778,4200819.333333334,4911336.222222223,4200789.666666667,4200710.333333334,4610595.111111111,4929243.888888889,4058989.0000000005,4939218.444444445
4911201.111111111,4200473.444444445,305.5555555555556,702963.888888889,701314.5555555556,702733.3333333334,9375.333333333334,76502,4200804.666666667,4911350.666666667,4200739.555555556,4200710.333333334,1502969.3333333335,4929243.888888889,701254.3333333334,3051510.777777778
4911230,4200509.666666667,353.11111111111114,700636.888888889,701314.5555555556,700713.6666666667,9154.222222222223,33394.444444444445,4201285.920657851,4201041.893543727,4201235.248360928,4201147.349705522,708844.4271585731,1885110.456717413,701353.261473497,701357.8175352816
290.505274847307,299.2781787895613,381.78789561354796,707707.4958356468,707699.5002776234,700399.444752915,10111.38256524153,20106.607440310934,4200276.080435508,276.413731807577,329.5189423397401,294.85612709698927,708686.9236751472,1884729.1412065327,701084.5461615376,700694.2561937564
290.6666666666667,299.44444444444446,163.11111111111111,708537.6666666667,708568.4444444445,700809.5555555556,10010,25524.111111111113,4200726.222222223,331.11111111111114,718532.2222222222,718366.888888889,716225.6666666667,700752.2222222222,708609.3333333334,700772.1111111111
718110.888888889,718314.888888889,163.11111111111111,708537.6666666667,8153.88888888889,263.11111111111114,9881.222222222223,26535.77777777778,4918965.333333334,331.11111111111114,718532.2222222222,718588.888888889,716192.5555555556,708682.1111111111,1409243.1111111112,1409302.3333333335
718387.5555555556,718126,718143.1111111111,708636.2222222222,8153.88888888889,8145.111111111111,10283.88888888889,25949,718589.5555555556,718568.4444444445,718546.6666666667,718555.7777777779,1417256.888888889,1409310.5555555557,1409243.1111111112,1409269.2222222222
718396.7777777779,718357.4444444445,718128.6666666667,708669.3333333334,708671.6666666667,708747.1111111111,10069.888888888889,27307.000000000004,718587.4444444445,718373.6666666667,718364.4444444445,718610.4444444445,1416823,708759.1111111111,708777.1111111111,708798.3333333334
718396.7777777779,718328.5555555556,718320.3333333334,708669.3333333334,708671.6666666667,708683.3333333334,11991.88888888889,25943.55555555556,718616.3333333334,718388.1111111111,718364.4444444445,718417.7777777779,1416806.4444444445,708830.888888889,708786.7777777779,716285.4444444445
1436329.4444444445,718330.888888889,718320.3333333334,716455.1111111111,708612.3333333334,708736.4444444445,11101.88888888889,37177.11111111112,718335,1436380.777777778,718397.3333333334,1436394,716335.4444444445,708755.7777777779,708786.7777777779,716737.3333333334
1436329.4444444445,1436327.4444444445,718367.888888889,716435.5555555556,716012,716206.6666666667,3625.0000000000005,31585.222222222223,1436557.6175130568,1436525.9473274807,718462.7180797865,1436553.6170685631,716892.7658628735,716824.5360595621,708855.8728747638,716760.5289476608
1436300.5555555557,1436291.2222222222,1436322.777777778,716452.1111111111,716495.1111111111,716206.6666666667,3753.777777777778,22716.55555555556,1436400.1111111112,1436368.4444444445,1436422.777777778,1436339.3333333335,716535,716689.888888889,716633.7777777779,716680.888888889
1437084.4913841023,1437084.3802112285,1437092.2734852696,709413.6742634798,709455.9199555309,716918.399110617,2792.5514174541413,23800.667037242914,1436521.6135126124,1436528.0586731858,1436582.398044227,1436498.9443271472,716614.623847094,716731.9702189132,716713.4126014,716646.849649961
1436286.1111111112,1436286,1436279.4444444445,708566,708576.7777777779,716499.1111111111,2791,18448.777777777777,1436362,1436313.777777778,718183.3333333334,718293.1111111111,709067.6666666667,716652.3333333334,708709.2222222222,716616.888888889
718328.1111111111,718287.1111111111,1436279.4444444445,708599.1111111111,708576.7777777779,716515.6666666667,2921.888888888889,16935.666666666668,718122.888888889,1436313.777777778,718199.888888889,718071.1111111111,709067.6666666667,708722.4444444445,8075.444444444445,8070.111111111111
718051.4444444445,718287.1111111111,718285,8006.000000000001,708576.7777777779,708596.1111111111,2519.222222222222,17040.777777777777,718122.888888889,718093,718185.4444444445,718071.1111111111,8019.88888888889,8094.000000000001,8108.555555555557,8070.111111111111
718027.7777777779,718055.6666666667,718301.5555555556,7953.333333333334,7967.111111111111,7994.111111111111,2755,15717.333333333334,718108.4444444445,718093,718156.5555555556,718016.4444444445,7968.666666666667,8094.000000000001,8071.000000000001,8018.88888888889
718027.7777777779,718055.6666666667,718081,7953.333333333334,7983.666666666667,8043.777777777778,1061.4444444444446,15717.333333333334,718079.5555555556,718078.5555555556,718156.5555555556,718016.4444444445,7973.333333333334,8022.222222222223,7990.666666666667,506.2222222222223
33.111111111111114,718022.3333333334,718097.5555555556,80.8888888888889,7946.111111111111,7969.666666666667,1061.4444444444446,4372.777777777778,718079.5555555556,33.111111111111114,718094.5555555556,25.77777777777778,537.8888888888889,8022.222222222223,7990.666666666667,54.333333333333336
33.111111111111114,25.77777777777778,718035.5555555556,97.44444444444446,525.4444444444445,469.22222222222223,1061.4444444444446,1479.7777777777778,16.555555555555557,33.111111111111114,718094.5555555556,25.77777777777778,60.22222222222223,33.111111111111114,7943.88888888889,54.333333333333336
33.111111111111114,25.77777777777778,33.111111111111114,80.8888888888889,42.333333333333336,469.22222222222223,932.6666666666667,1479.7777777777778,0,17.202050000000003,26.7844,26.7844,62.57390000000001,17.202050000000003,68.80820000000001,56.45505000000001
33.111111111111114,16.555555555555557,33.111111111111114,49.66666666666667,33.111111111111114,66.22222222222223,1076.111111111111,615.5555555555555,0,17.530914285714285,27.296457142857143,27.296457142857143,63.77017142857143,17.530914285714285,70.12365714285714,57.53434285714286
33.111111111111114,16.555555555555557,33.111111111111114,49.66666666666667,33.111111111111114,66.22222222222223,1175.7777777777778,641.5555555555557,0,17.714897158482938,17.714897158482938,0,54.571394602306505,17.714897158482938,35.429794316965875,4.993460944001902
0,0,33.111111111111114,16.555555555555557,33.111111111111114,49.66666666666667,1044.888888888889,641.5555555555557,0,17.717003567181926,0,0,72.294887039239,0,78.71581450653983,40.428061831153386
0,0,33.111111111111114,16.555555555555557,33.111111111111114,49.66666666666667,1190.2222222222224,625,0,0,0,0,54.571394602306505,0,43.276661514683155,40.42325526096778
0,0,16.555555555555557,16.555555555555557,16.555555555555557,49.66666666666667,1168.4444444444446,590.4444444444445,0,0,0,0,54.577883472057074,0,43.28180737217598,40.428061831153386
0,0,16.555555555555557,16.555555555555557,0,0,940.0000000000001,590.4444444444445,0,0,0,0,49.5779336583046,0,43.276661514683155,35.429794316965875
0,0,0,16.555555555555557,0,0,1175.7777777777778,578.4444444444445,0,0,0,0,17.717003567181926,0,43.28180737217598,35.43400713436385
0,0,0,0,0,0,1068.7777777777778,659.1111111111112,0,0,0,0,17.714897158482938,41.73106646058733,48.27012245868505,35.429794316965875
0,0,0,40.44444444444445,0,0,1068.7777777777778,659.1111111111112,0,0,0,0,17.779957142857143,41.88432857142857,48.447399999999995,35.559914285714285
0,0,0,40.44444444444445,40.44444444444445,0,1046.7777777777778,612.2222222222223,0,0,0,0,17.42202384673084,41.041143424178024,47.472091823978,34.84404769346168
0,0,0,40.44444444444445,40.44444444444445,0,1044.888888888889,502.00000000000006,0,0,0,0,16.55739526614068,39.00433381486832,45.116124013779306,33.11479053228136
0,0,0,40.44444444444445,40.44444444444445,0,1175.5555555555557,590.5555555555555,0,0,0,0,0,39,4.666666666666667,0
0,0,0,40.44444444444445,40.44444444444445,0,1030.2222222222224,502.00000000000006,0,0,0,0,0,43.66666666666667,4.666666666666667,0
0,0,0,40.44444444444445,40.44444444444445,0,1046.7777777777778,518.5555555555555,0,0,0,0,0,43.66666666666667,4.666666666666667,0
0,0,0,40.44444444444445,40.44444444444445,33.111111111111114,1046.7777777777778,685.6666666666667,0,0,0,0,0,43.66666666666667,4.666666666666667,0
0,0,0,40.44444444444445,40.44444444444445,33.111111111111114,939.7777777777778,520,0,0,0,0,0,43.661815353849576,4.666148205754917,0
0,0,0,40.44444444444445,40.44444444444445,33.111111111111114,939.7777777777778,432.00000000000006,0,0,0,0,0,4.667185242804756,0,0
0,0,0,0,40.44444444444445,33.111111111111114,1175.5555555555557,432.00000000000006,0,0,0,0,0,4.666666666666667,0,0
0,0,0,0,0,33.111111111111114,1054.111111111111,344.22222222222223,0,0,0,0,0,4.666666666666667,0,0
0,0,0,0,0,33.111111111111114,947.1111111111112,344.22222222222223,0,0,0,0,0,4.666148205754917,0,0
0,0,0,0,0,33.111111111111114,816.4444444444445,255.66666666666669,0,0,0,0,0,4.666148205754917,0,0
0,0,0,0,0,33.111111111111114,1044.888888888889,415.44444444444446,0,0,0,0,46.333333333333336,0,40.44444444444445,0
0,0,0,0,0,33.111111111111114,1059.5555555555557,627.4444444444445,0,0,0,0,46.3281857571381,0,40.43995111654261,33.10743250749917
0,0,0,0,0,0,1204.888888888889,548.8888888888889,0,0,0,0,46.333333333333336,0,40.44444444444445,33.111111111111114
0,0,0,0,0,0,1076.111111111111,548.8888888888889,0,0,0,0,46.3384820535615,0,40.44893877097455,33.11479053228136
0,0,0,0,0,0,1190.4444444444446,548.8888888888889,0,0,0,0,46.333333333333336,0,40.44444444444445,33.111111111111114
0,0,0,0,33.111111111111114,0,1076.111111111111,814.3333333333334,0,0,0,0,46.3384820535615,39.00433381486832,40.44893877097455,33.11479053228136
0,0,0,33.111111111111114,33.111111111111114,0,1183.111111111111,742.3333333333334,0,0,0,0,46.3281857571381,38.99566714809466,40.43995111654261,33.10743250749917
0,0,0,33.111111111111114,33.111111111111114,0,1068.7777777777778,837.5555555555557,0,0,0,0,46.333333333333336,39,40.44444444444445,33.111111111111114
0,0,0,33.111111111111114,33.111111111111114,0,1297.2222222222224,837.5555555555557,0,0,0,0,46.333333333333336,39,40.44444444444445,33.111111111111114
0,0,0,33.111111111111114,33.111111111111114,0,1175.7777777777778,749.7777777777778,0,0,0,0,0,39.00433381486832,0,33.11479053228136
0,0,0,33.111111111111114,33.111111111111114,0,930.5555555555557,521.2222222222223,0,0,0,0,0,39,0,0
0,0,0,33.111111111111114,33.111111111111114,0,1030.2222222222224,521.2222222222223,0,0,0,0,0,39.00433381486832,0,0
0,0,0,33.111111111111114,33.111111111111114,0,1153.7777777777778,521.2222222222223,0,0,0,0,0,38.99566714809466,0,0
0,0,0,33.111111111111114,33.111111111111114,0,932.4444444444445,537.7777777777778,0,0,0,0,0,37.934244938132736,0,0
0,0,0,33.111111111111114,0,0,918.0000000000001,439.44444444444446,0,0,0,0,0,0,0,0
0,0,0,0,0,33.111111111111114,811,439.44444444444446,0,0,0,0,0,0,0,0
0,0,0,0,0,33.111111111111114,1046.7777777777778,344.22222222222223,0,0,0,0,0,0,0,0
0,0,0,0,0,33.111111111111114,1054.111111111111,416.22222222222223,0,0,0,0,0,0,0,0
0,0,0,0,0,33.111111111111114,1054.111111111111,344.22222222222223,0,0,0,0,0,0,0,0
0,0,0,0,0,33.111111111111114,1054.111111111111,344.22222222222223,0,0,0,0,0,0,0,0
0,0,0,0,0,33.111111111111114,1059.5555555555557,444.5555555555556,0,0,0,0,37.504006838337425,0,0,0
0,0,0,0,0,33.111111111111114,936.0000000000001,444.5555555555556,0,0,0,0,37.508014533019875,0,0,0
0,0,0,0,0,33.111111111111114,1183.111111111111,461.11111111111114,0,0,0,0,39.4655625,0,0,0
0,0,0,0,0,33.111111111111114,1076.111111111111,294,0,0,0,0,39,0,0,0
0,0,0,0,33.111111111111114,0,1311.888888888889,461.11111111111114,0,0,0,0,39,0,40.44444444444445,40.44444444444445
0,0,0,0,33.111111111111114,0,1076.111111111111,745.3333333333334,0,0,0,0,38.99566714809466,0,40.43995111654261,40.43995111654261
0,0,0,33.111111111111114,33.111111111111114,0,1068.7777777777778,745.3333333333334,0,0,0,0,39,0,40.44444444444445,40.44444444444445
0,0,0,33.111111111111114,33.111111111111114,0,1076.111111111111,839.1111111111112,0,0,0,0,43.66666666666667,39,40.44444444444445,40.44444444444445
0,0,0,33.111111111111114,33.111111111111114,0,1076.111111111111,839.1111111111112,0,0,0,0,43.647267880941804,38.982674366948025,40.42647712127943,40.42647712127943
0,0,0,33.111111111111114,33.111111111111114,0,940.0000000000001,650.2222222222223,0,0,0,0,4.666666666666667,39,40.44444444444445,45.111111111111114
0,0,0,33.111111111111114,33.111111111111114,0,1168.4444444444446,722.2222222222223,0,0,0,0,4.666666666666667,39,40.44444444444445,45.111111111111114
0,0,0,33.111111111111114,33.111111111111114,0,1044.888888888889,705.6666666666667,0,0,0,0,4.666666666666667,39,40.44444444444445,45.111111111111114
0,0,0,33.111111111111114,33.111111111111114,0,1044.888888888889,794.2222222222223,0,0,0,0,4.666666666666667,39,40.44444444444445,45.111111111111114
0,0,0,33.111111111111114,0,0,961.7777777777778,627.1111111111112,0,0,0,0,4.666666666666667,39,0,4.666666666666667
0,0,0,33.111111111111114,0,33.111111111111114,1175.7777777777778,342.8888888888889,0,0,0,0,4.667185242804756,39.00433381486832,0,4.667185242804756
0,0,0,0,0,33.111111111111114,947.3333333333334,437.8888888888889,0,0,0,0,4.666666666666667,39,0,4.666666666666667
0,0,0,0,0,33.111111111111114,1061.4444444444446,344.11111111111114,0,0,0,0,0,0,0,4.666666666666667
0,0,0,0,0,33.111111111111114,1183.111111111111,344.11111111111114,0,0,0,0,0,0,0,4.668222740913637
0,0,0,0,0,33.111111111111114,1068.7777777777778,365.7777777777778,0,0,0,0,0,0,0,0
0,0,0,0,0,33.111111111111114,939.7777777777778,365.7777777777778,0,0,0,0,39.00433381486832,0,0,0
0,0,0,0,0,33.111111111111114,930.5555555555557,444.33333333333337,0,0,0,0,39,0,0,0
0,0,0,0,0,33.111111111111114,1046.7777777777778,355.7777777777778,0,0,0,0,39.00433381486832,0,0,0
0,0,0,0,0,33.111111111111114,1139.111111111111,444.33333333333337,0,0,0,0,39,0,0,0
0,0,0,0,0,0,1039.4444444444446,460.8888888888889,0,0,0,0,39,0,0,0
0,0,0,0,33.111111111111114,0,1039.4444444444446,557.7777777777778,0,0,0,0,39,0,0,33.111111111111114
0,0,0,0,33.111111111111114,0,1046.7777777777778,557.7777777777778,0,0,0,0,39,0,0,33.111111111111114
0,0,0,0,33.111111111111114,0,1039.4444444444446,562.4444444444445,0,0,0,0,39.509437500000004,0,0,33.543625000000006
0,0,0,33.111111111111114,33.111111111111114,0,1039.4444444444446,823.5555555555557,0,0,0,0,37.43600682593857,37.43600682593857,31.78327645051195,31.78327645051195
0,0,0,33.111111111111114,33.111111111111114,0,1168.4444444444446,823.5555555555557,0,0,0,0,0,37.436006825938556,31.783276450511938,31.783276450511938
0,0,0,33.111111111111114,33.111111111111114,0,1054.111111111111,728.4444444444445,0,0,0,0,0,37.43600682593857,31.78327645051195,31.78327645051195
0,0,0,33.111111111111114,33.111111111111114,0,1044.888888888889,728.4444444444445,0,0,0,0,0,37.436006825938556,31.783276450511938,31.783276450511938
0,0,0,33.111111111111114,33.111111111111114,0,1037.5555555555557,711.8888888888889,0,0,0,0,0,37.43600682593857,36.26279863481229,31.78327645051195
0,0,0,33.111111111111114,33.111111111111114,0,1046.7777777777778,695.3333333333334,0,0,0,0,0,41.91552901023891,36.26279863481229,31.78327645051195
0,0,0,33.111111111111114,0,33.111111111111114,1046.7777777777778,559.6666666666667,0,0,0,0,0,41.91552901023891,36.26279863481229,0
0,0,0,33.09272626318711,0,33.09272626318711,939.2559689061632,631.3159355913381,0,0,0,0,0,41.91552901023891,36.26279863481229,0
0,0,0,33.0964015992892,0,33.0964015992892,932.0302087960906,626.7214571301644,0,0,0,0,0,4.5255078759844976,4.5255078759844976,0
0,0,0,0,0,33.111111111111114,1160.888888888889,416.22222222222223,0,0,0,0,0,4.666666666666667,4.666666666666667,0
0,0,0,0,0,33.111111111111114,932.4444444444445,344.22222222222223,0,0,0,0,0,4.666148205754917,4.666148205754917,0
0,0,0,0,0,33.111111111111114,1153.7777777777778,344.22222222222223,0,0,0,0,0,4.666666666666667,4.666666666666667,0
0,0,0,0,0,33.111111111111114,1182.888888888889,437.8888888888889,0,0,0,0,0,4.666148205754917,4.666148205754917,0
0,0,0,0,0,33.111111111111114,945.2222222222223,365.8888888888889,0,0,0,0,0,4.667185242804756,0,0
0,0,0,0,0,33.111111111111114,1043,382.44444444444446,0,0,0,0,31.666666666666668,0,0,0
0,0,0,0,0,0,1190.2222222222224,254.22222222222223,0,0,0,0,31.666666666666668,0,0,0
0,0,0,0,33.12951639799889,0,1169.093941078377,462.5903279599778,0,0,0,0,31.67018557617513,0,0,40.44893877097455
0,0,0,0,33.12583370386839,0,1061.9164072921299,462.5389061805247,0,0,0,0,31.666666666666668,0,0,40.44444444444445
0,0,0,0,33.111111111111114,0,940.0000000000001,485.5555555555556,0,0,0,0,31.67018557617513,0,0,40.44893877097455
0,0,0,33.111111111111114,33.111111111111114,0,1068.7777777777778,652.7777777777778,0,0,0,0,31.666666666666668,0,0,40.44444444444445
0,0,0,33.111111111111114,33.111111111111114,0,1061.4444444444446,652.7777777777778,0,0,0,0,31.666666666666668,0,40.44444444444445,40.44444444444445
0,0,0,33.09272626318711,33.09272626318711,0,1053.5258189894503,652.5263742365352,0,0,0,0,31.67018557617513,39.00433381486832,40.44893877097455,40.44893877097455
0,0,0,33.111111111111114,33.111111111111114,0,1161.111111111111,818.5555555555557,0,0,0,0,31.66314853905122,38.99566714809466,40.43995111654261,40.43995111654261
0,0,0,33.111111111111114,33.111111111111114,0,939.7777777777778,802,0,0,0,0,0,39,40.44444444444445,40.44444444444445
0,0,0,33.111111111111114,33.111111111111114,33.111111111111114,906.8888888888889,802,0,0,0,0,0,39,40.44444444444445,40.44444444444445
0,0,0,33.111111111111114,0,33.111111111111114,799.8888888888889,722.1111111111112,0,0,0,0,0,38.99566714809466,40.43995111654261,0
0,0,0,33.111111111111114,0,33.111111111111114,1061.4444444444446,722.1111111111112,0,0,0,0,0,38.99566714809466,40.43995111654261,0
0,0,0,33.111111111111114,0,33.111111111111114,1190.2222222222224,626.8888888888889,0,0,0,0,0,39,40.44444444444445,0
0,0,0,0,0,33.111111111111114,1168.4444444444446,531.6666666666667,0,0,0,0,0,39,40.44444444444445,0
0,0,0,0,0,33.111111111111114,954.4444444444445,531.6666666666667,0,0,0,0,0,39.00433381486832,0,0
0,0,0,0,0,33.12951639799889,1054.697053918844,438.13229571984436,0,0,0,0,0,0,0,0
0,0,0,0,0,33.111111111111114,1054.111111111111,344.22222222222223,0,0,0,0,0,0,0,0
0,0,0,0,0,33.111111111111114,1161.111111111111,344.22222222222223,0,0,0,0,0,0,0,0
0,0,0,0,0,0,1046.7777777777778,344.22222222222223,0,0,0,0,0,0,0,0
0,0,0,0,0,0,1289.888888888889,332.7777777777778,0,0,0,0,0,0,0,0
0,0,0,0,0,0,1028.3333333333335,461.11111111111114,0,0,0,0,41.79068936778188,0,0,0
0,0,0,0,33.111111111111114,0,1054.111111111111,461.11111111111114,0,0,0,0,41.79068936778188,0,0,0
0,0,0,0,33.111111111111114,0,1054.111111111111,461.11111111111114,0,0,0,0,41.795665634674926,0,0,0
0,0,0,0,33.111111111111114,0,1168.4444444444446,461.11111111111114,0,0,0,0,41.78571428571429,0,0,0
0,0,0,0,33.111111111111114,0,940.0000000000001,633.1111111111112,0,0,0,0,41.79068936778188,0,0,0
0,0,0,33.111111111111114,33.111111111111114,0,1061.4444444444446,656.2222222222223,0,0,0,0,46.79128467674723,0,0,0
0,0,0,33.111111111111114,33.111111111111114,0,1061.4444444444446,656.2222222222223,0,0,0,0,46.14942857142857,0,0,34.99371428571429
0,0,0,33.111111111111114,33.111111111111114,33.111111111111114,1061.4444444444446,917.3333333333334,0,0,0,0,45.29325,0,0,34.344500000000004
0,0,0,33.10007775186049,33.10007775186049,33.10007775186049,946.7955126069088,728.3127846273464,0,0,0,0,43.66666666666667,0,33.111111111111114,33.111111111111114
0,0,0,33.111111111111114,33.111111111111114,33.111111111111114,1161.111111111111,694.1111111111112,0,0,0,0,4.667185242804756,39.00433381486832,33.11479053228136,33.11479053228136
0,0,0,33.111111111111114,0,33.111111111111114,899.5555555555557,694.1111111111112,0,0,0,0,4.666148205754917,38.99566714809466,33.10743250749917,37.773580713254084
0,0,0,33.111111111111114,0,33.111111111111114,1046.7777777777778,727.2222222222223,0,0,0,0,4.666148205754917,38.99566714809466,33.10743250749917,37.773580713254084
0,0,0,33.111111111111114,0,33.111111111111114,1039.4444444444446,727.2222222222223,0,0,0,0,4.666666666666667,39,33.111111111111114,37.77777777777778
0,0,0,33.111111111111114,0,33.111111111111114,1168.2222222222224,555.2222222222223,0,0,0,0,4.666666666666667,39,33.111111111111114,37.77777777777778
0,0,0,0,0,33.111111111111114,1046.7777777777778,532.1111111111112,0,0,0,0,0,39,33.111111111111114,37.77777777777778
0,0,0,0,0,33.111111111111114,939.7777777777778,532.1111111111112,0,0,0,0,0,39,33.111111111111114,4.666666666666667
0,0,0,0,0,0,1046.7777777777778,271,0,0,0,0,0,39,33.111111111111114,4.666666666666667
0,0,0,0,0,0,1154.162498610648,438.3683450038902,0,0,0,0,39,39,0,4.666666666666667
0,0,0,0,0,0,939.7777777777778,344.33333333333337,0,0,0,0,38.99566714809466,0,0,4.666148205754917
0,0,0,0,0,0,1054.111111111111,344.33333333333337,0,0,0,0,39,0,0,0
0,0,0,0,0,0,1039.4444444444446,311.22222222222223,0,0,0,0,39,0,0,0
0,0,0,0,0,0,1061.4444444444446,366,0,0,0,0,39,0,0,0
0,0,0,0,0,0,932.3558813728757,365.87804065311565,0,0,0,0,39,0,0,0
0,0,0,0,33.111111111111114,0,954.4444444444445,461.22222222222223,0,0,0,0,39,0,0,40.44444444444445
0,0,0,0,33.111111111111114,0,954.4444444444445,461.22222222222223,0,0,0,0,39,0,0,40.44444444444445
0,0,0,0,33.111111111111114,0,1061.4444444444446,556.3333333333334,0,0,0,0,39.00433381486832,0,0,40.44893877097455
0,0,0,33.111111111111114,33.111111111111114,0,1054.111111111111,389.11111111111114,0,0,0,0,0,0,0,40.44444444444445
0,0,0,33.111111111111114,33.111111111111114,0,1054.111111111111,556.3333333333334,0,0,0,0,0,0,0,40.44444444444445
0,0,0,33.111111111111114,33.111111111111114,0,1046.7777777777778,556.3333333333334,0,0,0,0,0,39,0,40.44444444444445
0,0,0,33.111111111111114,33.111111111111114,33.111111111111114,1043,838.6666666666667,0,0,0,0,0,39,0,40.44444444444445
0,0,0,33.111111111111114,33.111111111111114,33.111111111111114,914.0000000000001,783.8888888888889,0,0,0,0,0,39,40.44444444444445,40.44444444444445
0,0,0,33.122151828387246,33.122151828387246,33.122151828387246,1175.947538068245,817.2724241413805,0,0,0,0,0,38.52224999999999,39.949,39.949
0,0,0,33.09272626318711,0,33.09272626318711,1046.1965574680733,721.3770127706829,0,0,0,0,0,37.324542747766905,38.70693321990642,0
0,0,0,33.111111111111114,0,33.111111111111114,1153.7777777777778,721.7777777777778,0,0,0,0,0,37.324542747766905,38.70693321990642,0
0,0,0,33.111111111111114,0,33.111111111111114,1054.111111111111,626.6666666666667,0,0,0,0,0,41.78628389154705,38.70281765018607,0
0,0,0,0,0,33.111111111111114,954.4444444444445,698.6666666666667,0,0,0,0,0,41.79517175369563,43.177709241731364,0
0,0,0,0,0,33.111111111111114,1168.4444444444446,531.4444444444445,0,0,0,0,0,41.79517175369563,43.177709241731364,0
0,0,0,0,0,33.111111111111114,1061.4444444444446,531.4444444444445,0,0,0,0,0,4.466184602296894,43.17311782220332,0
0,0,0,0,0,0,954.4444444444445,344.33333333333337,0,0,0,0,37.324542747766905,4.466184602296894,43.17311782220332,0
0,0,0,0,0,0,1175.7777777777778,344.33333333333337,0,0,0,0,37.3285121769648,4.46665957673083,4.46665957673083,0
0,0,0,0,0,0,914.2222222222223,311.22222222222223,0,0,0,0,38.68476137642206,4.628945805725716,4.628945805725716,0
0,0,0,0,0,0,1084.046692607004,239.35519733185103,0,0,0,0,39.00433381486832,4.667185242804756,4.667185242804756,0
0,0,0,0,33.111111111111114,0,976.4444444444445,461.00000000000006,0,0,0,0,39.00433381486832,4.667185242804756,4.667185242804756,0
0,0,0,0,33.111111111111114,0,1083.4444444444446,461.00000000000006,0,0,0,0,39,0,4.666666666666667,0
0,0,0,0,33.111111111111114,0,1190.4444444444446,465.6666666666667,0,0,0,0,38.99566714809466,0,0,0
0,0,0,0,33.111111111111114,0,976.4444444444445,465.6666666666667,0,0,0,0,38.99566714809466,0,0,33.10743250749917
0,0,0,33.111111111111114,33.111111111111114,0,1204.888888888889,729.3333333333334,0,0,0,0,39.00433381486832,0,0,33.11479053228136
0,0,0,33.111111111111114,33.111111111111114,0,1076.111111111111,562.1111111111112,0,0,0,0,0,0,0,33.111111111111114
0,0,0,33.111111111111114,33.111111111111114,33.111111111111114,961.7777777777778,562.1111111111112,0,0,0,0,0,0,0,33.10743250749917
0,0,0,33.111111111111114,33.111111111111114,33.111111111111114,1197.5555555555557,657.3333333333334,0,0,0,0,0,0,9.222222222222223,33.111111111111114
0,0,0,33.111111111111114,33.111111111111114,33.111111111111114,1161.111111111111,657.3333333333334,0,0,0,0,0,38.99566714809466,40.43995111654261,33.10743250749917
0,0,0,33.111111111111114,0,33.111111111111114,1161.111111111111,728.2222222222223,0,0,0,0,0,38.99566714809466,40.43995111654261,33.10743250749917
0,0,0,33.111111111111114,0,33.111111111111114,1190.2222222222224,800.2222222222223,0,0,0,0,0,39,40.44444444444445,33.111111111111114
0,0,0,33.111111111111114,0,33.111111111111114,1061.4444444444446,723.5555555555557,0,0,0,0,0,39,40.44444444444445,33.111111111111114
0,0,0,33.0964015992892,0,33.0964015992892,1060.9729009329187,723.2341181697024,0,0,0,0,0,39,40.44444444444445,0
0,0,0,0,0,33.111111111111114,1076.111111111111,531.8888888888889,0,0,0,0,0,39,40.44444444444445,0
0,0,0,0,0,33.111111111111114,1076.111111111111,531.8888888888889,0,0,0,0,39,39,40.44444444444445,0
0,0,0,0,0,0,1183.111111111111,627.1111111111112,0,0,0,0,39.00433381486832,39.00433381486832,40.44893877097455,0
0,0,0,0,0,0,1054.3333333333335,531.8888888888889,0,0,0,0,39,39,31.222222222222225,0
0,0,0,0,33.111111111111114,0,1057.6666666666667,603.8888888888889,0,0,0,0,39,0,0,0
0,0,0,0,33.111111111111114,0,1057.6666666666667,427.8888888888889,0,0,0,0,39.00433381486832,0,0,0
0,0,0,0,33.111111111111114,0,940.0000000000001,355.8888888888889,0,0,0,0,39,0,0,0
0,0,0,0,33.111111111111114,0,1076.111111111111,461.00000000000006,0,0,0,0,43.67151905767307,0,0,0
0,0,0,0,33.12583370386839,0,1076.5895953757226,461.20497999110717,0,0,0,0,43.66666666666667,0,0,0
0,0,0,0,33.111111111111114,0,940.0000000000001,389,0,0,0,0,43.661815353849576,0,0,0
0,0,0,0,33.111111111111114,0,1175.7777777777778,461.00000000000006,0,0,0,0,4.821599999999999,0,0,0
0,0,0,0,33.111111111111114,0,1068.7777777777778,365.7777777777778,0,0,0,0,4.909741465504927,0,0,0
0,0,0,33.111111111111114,33.111111111111114,0,961.7777777777778,460.8888888888889,0,0,0,0,5.002977963073258,0,0,0
0,0,0,33.111111111111114,0,0,947.1111111111112,557.3333333333334,0,0,0,0,5.003573981415297,0,0,0
0,0,0,33.111111111111114,0,0,1168.4444444444446,440.6666666666667,0,0,0,0,5.002382086707956,0,0,0
0,0,0,33.111111111111114,0,33.111111111111114,1035.6666666666667,629.5555555555555,0,0,0,0,5.002977963073256,0,43.35914234663489,35.49731983323406
0,0,0,33.111111111111114,0,33.111111111111114,947.1111111111112,629.5555555555555,0,0,0,0,0,0,43.359142346634904,35.497319833234066
0,0,0,33.111111111111114,0,33.111111111111114,947.1111111111112,723.3333333333334,0,0,0,0,0,33.94877903513996,43.35914234663489,35.49731983323406
0,0,0,33.111111111111114,0,33.111111111111114,1061.4444444444446,795.3333333333334,0,0,0,0,0,33.9366515837104,43.34365325077398,35.48463919980947
0,0,0,33.111111111111114,0,33.111111111111114,1054.111111111111,723.3333333333334,0,0,0,0,0,34.289571428571435,43.79440000000001,35.85365714285715
0,0,0,33.111111111111114,0,37.77777777777778,1039.4444444444446,723.3333333333334,0,0,0,0,0,35.625,45.5,42.5
0,0,0,0,0,37.77777777777778,1039.4444444444446,632.8888888888889,0,0,0,0,0,31.666666666666668,40.44444444444445,37.77777777777778
0,0,0,0,0,37.77777777777778,1153.7777777777778,536.4444444444445,0,0,0,0,0,31.663148539051214,40.4399511165426,37.77358071325408
0,0,0,0,0,37.77777777777778,932.4444444444445,631.6666666666667,0,0,0,0,0,31.666666666666668,40.44444444444445,37.77777777777778
0,0,0,0,0,4.666666666666667,1160.888888888889,514.7777777777778,0,0,0,0,0,31.670185576175133,0,4.667185242804756
0,0,0,0,0,4.666666666666667,1006.3333333333334,521.2222222222223,0,0,0,0,39,31.666666666666668,0,4.666666666666667
0,0,0,0,33.111111111111114,4.666666666666667,1146.4444444444446,427.44444444444446,0,0,0,0,39,0,0,4.666666666666667
0,0,0,0,33.111111111111114,4.666666666666667,925.1111111111112,393.6666666666667,0,0,0,0,39.01300433477826,0,0,4.668222740913638
0,0,0,0,33.111111111111114,4.666666666666667,939.7777777777778,465.6666666666667,0,0,0,0,38.995667148094654,0,0,4.666148205754915
0,0,0,0,33.111111111111114,0,1061.4444444444446,470.33333333333337,0,0,0,0,39,0,0,0
0,0,0,0,33.111111111111114,0,1061.4444444444446,465.6666666666667,0,0,0,0,38.995667148094654,0,0,0
0,0,0,0,33.111111111111114,0,1039.4444444444446,465.6666666666667,0,0,0,0,39.00433381486832,0,0,0
0,0,0,0,33.111111111111114,0,1039.4444444444446,370.44444444444446,0,0,0,0,39.00433381486832,0,0,0
0,0,0,33.111111111111114,33.111111111111114,0,1032.3333333333335,298.44444444444446,0,0,0,0,38.995667148094654,0,0,0
0,0,0,33.111111111111114,33.111111111111114,0,1153.7777777777778,354.11111111111114,0,0,0,0,0,0,0,0
0,0,0,33.111111111111114,0,0,1128,447.7777777777778,0,0,0,0,0,0,40.44893877097456,0
0,0,0,33.111111111111114,0,0,1128,409.5555555555556,0,0,0,0,0,0,40.44893877097456,40.44893877097456
0,0,0,33.111111111111114,0,33.111111111111114,1039.4444444444446,632.6666666666667,0,0,0,0,0,0,40.44444444444445,40.44444444444445
0,0,0,33.111111111111114,0,33.111111111111114,1046.7777777777778,721.6666666666667,0,0,0,0,0,0,40.44444444444445,40.44444444444445
0,0,0,33.111111111111114,0,33.111111111111114,1046.7777777777778,793.6666666666667,0,0,0,0,0,39.00433381486832,40.44893877097456,40.44893877097456
0,0,0,33.111111111111114,0,33.111111111111114,961.7777777777778,721.6666666666667,0,0,0,0,0,38.995667148094654,45.10609932229752,40.4399511165426
0,0,0,33.111111111111114,0,33.111111111111114,1131.7777777777778,721.6666666666667,0,0,0,0,0,39,45.111111111111114,40.44444444444445
0,0,0,0,0,33.111111111111114,1083.2222222222224,793.6666666666667,0,0,0,0,0,39,45.111111111111114,40.44444444444445
0,0,0,0,0,33.111111111111114,1076.111111111111,723,0,0,0,0,31.663148539051214,43.66181535384957,45.10609932229752,40.4399511165426
0,0,0,0,0,33.111111111111114,1076.111111111111,724.5555555555557,0,0,0,0,30.559090269966255,42.139377109111365,4.503444881889764,39.02985564304462
0,0,0,0,33.111111111111114,33.111111111111114,1214.111111111111,724.5555555555557,0,0,0,0,30.315923837889592,41.80406339751091,4.467609828741624,0
0,0,0,0,33.111111111111114,0,1059.5555555555557,534.5555555555555,0,0,0,0,30.315923837889592,41.80406339751091,4.467609828741624,0
0,0,0,0,33.111111111111114,0,1076.111111111111,440.8888888888889,0,0,0,0,30.312699425654113,41.799617102744094,4.467134652201659,0
0,0,0,0,33.111111111111114,0,1076.111111111111,390.5555555555556,0,0,0,0,30.312699425654113,4.467134652201659,4.467134652201659,0
0,0,0,0,33.111111111111114,0,1197.7777777777778,462.5555555555556,0,0,0,0,30.315923837889592,4.467609828741624,0,0
0,0,0,0,33.111111111111114,0,1142.111111111111,462.5555555555556,0,0,0,0,30.315923837889592,4.467609828741624,0,0
0,0,0,0,33.111111111111114,0,969.3333333333334,390.5555555555556,0,0,0,0,30.315923837889592,4.467609828741624,0,0
0,0,0,0,33.10007775186049,0,1097.7451960457624,365.87804065311565,0,0,0,0,0,0,0,0
0,0,0,0,33.111111111111114,0,1098.111111111111,364.5555555555556,0,0,0,0,0,0,33.58736256871563,0
0,0,0,33.111111111111114,0,0,960.1111111111112,627,0,0,0,0,0,0,33.10743250749916,0
0,0,0,33.111111111111114,0,33.111111111111114,1188.5555555555557,617,0,0,0,0,0,0,33.111111111111114,0
0,0,0,33.111111111111114,0,33.111111111111114,1090.7777777777778,617,0,0,0,0,0,0,33.111111111111114,40.44444444444445
0,0,0,33.111111111111114,0,33.111111111111114,1090.7777777777778,700.4444444444445,0,0,0,0,0,0,33.111111111111114,40.44444444444445
0,0,0,33.111111111111114,0,33.111111111111114,961.7777777777778,628.4444444444445,0,0,0,0,0,0,33.111111111111114,40.44444444444445
0,0,0,33.111111111111114,0,33.111111111111114,954.4444444444445,633.1111111111112,0,0,0,0,0,38.995667148094654,33.10743250749916,40.4399511165426
0,0,0,33.111111111111114,0,33.111111111111114,954.4444444444445,798.8888888888889,0,0,0,0,0,39,33.111111111111114,40.44444444444445
0,0,0,33.122151828387246,0,33.122151828387246,947.4269200844726,727.1312659775481,0,0,0,0,0,39.01300433477826,33.122151828387246,40.45793042125153
0,0,0,33.111111111111114,33.111111111111114,33.111111111111114,1046.7777777777778,728.2222222222223,0,0,0,0,31.677225741913972,39.01300433477826,0,40.45793042125153
0,0,0,0,33.111111111111114,33.111111111111114,1168.2222222222224,562.3333333333334,0,0,0,0,31.666666666666668,39,0,40.44444444444445
0,0,0,0,33.111111111111114,0,939.7777777777778,539.2222222222223,0,0,0,0,31.666666666666668,39,0,40.44444444444445
0,0,0,0,33.111111111111114,0,991.6666666666667,539.2222222222223,0,0,0,0,31.670185576175133,39.00433381486832,0,0
0,0,0,0,33.111111111111114,0,1146.2222222222224,450.6666666666667,0,0,0,0,31.670185576175133,39.00433381486832,0,0
0,0,0,0,33.111111111111114,0,1024.7777777777778,450.6666666666667,0,0,0,0,31.666666666666668,39,0,0
0,0,0,0,33.111111111111114,0,1146.4444444444446,534.5555555555555,0,0,0,0,36.337370818979885,0,0,0
0,0,0,0,33.111111111111114,0,1146.4444444444446,462.44444444444446,0,0,0,0,36.333333333333336,0,0,0
0,0,0,0,33.111111111111114,0,1032.111111111111,462.44444444444446,0,0,0,0,36.337370818979885,0,0,0
0,0,0,0,0,0,818.1111111111112,367.33333333333337,0,0,0,0,4.667185242804756,0,0,0
0,0,0,0,0,0,910.6666666666667,270.77777777777777,0,0,0,0,4.666666666666667,0,0,0
0,0,0,746258.7777777779,0,0,1146.4444444444446,3664.2222222222226,0,0,0,0,4.666666666666667,0,0,0
291.77777777777777,0,0,746258.7777777779,0,0,954.4444444444445,3664.2222222222226,0,0,0,0,4.666148205754915,0,0,0
291.77777777777777,0,0,746315.4444444445,0,33.111111111111114,914.2222222222223,22027.333333333336,0,0,0,0,4.666148205754915,0,0,40.4399511165426
306.22222222222223,0,0,746315.4444444445,0,33.111111111111114,914.2222222222223,22649.77777777778,0,0,0,0,4.667185242804756,0,40.44893877097456,40.44893877097456
306.22222222222223,0,0,746350.888888889,0,33.111111111111114,22220.55555555556,22671.444444444445,0,0,0,0,0,0,40.85445,40.85445
335.11111111111114,0,0,746371.888888889,0,33.111111111111114,22220.55555555556,22577.77777777778,0,0,0,0,0,30.3030303030303,38.70281765018607,38.70281765018607
349.5555555555556,0,0,746413.888888889,0,33.111111111111114,22320.222222222223,22710.77777777778,0,0,0,0,0,30.303030303030297,38.70281765018606,38.70281765018606
364,0,0,746413.888888889,0,33.111111111111114,22320.222222222223,22710.77777777778,0,0,0,0,0,30.299808632787578,38.69870295556027,38.69870295556027
426.00000000000006,0,0,746482.4444444445,33.111111111111114,33.111111111111114,22320.222222222223,22805.77777777778,0,0,0,0,0,30.306252658443213,38.70693321990642,43.17311782220332
426.00000000000006,0,0,223.66666666666669,33.111111111111114,33.111111111111114,22084.444444444445,19405,0,0,0,0,0,30.306252658443213,38.70693321990642,43.17311782220332
148.66666666666669,0,0,305.8888888888889,33.111111111111114,33.111111111111114,22320.222222222223,19405,0,0,0,0,0,30.306252658443213,38.70693321990642,43.17311782220332
148.66666666666669,0,0,270.22222222222223,33.111111111111114,0,22427.222222222223,1191.4444444444446,0,0,0,0,0,30.306252658443213,38.70693321990642,4.466184602296894
163.11111111111111,0,0,270.22222222222223,33.111111111111114,0,22427.222222222223,665.4444444444445,0,0,0,0,0,30.303030303030297,0,4.465709728867623
177.55555555555557,0,0,291.22222222222223,33.111111111111114,0,1137.2222222222224,555.2222222222223,0,0,0,0,30.6909375,0,0,4.522875
148.66666666666669,0,0,291.22222222222223,33.111111111111114,0,1282.5555555555557,656.6666666666667,0,0,0,0,31.666666666666668,0,0,4.666666666666667
172.33333333333334,0,0,249.22222222222223,33.111111111111114,0,1168.4444444444446,588.3333333333334,0,0,0,0,31.66314853905122,0,0,4.666148205754917
196.22222222222223,0,0,338.7777777777778,33.111111111111114,0,1168.4444444444446,588.3333333333334,0,0,0,0,31.666666666666668,0,0,4.666666666666667
134.22222222222223,0,0,291.22222222222223,0,0,1076.111111111111,583.2222222222223,0,0,0,0,31.666666666666668,0,0,0
163.11111111111111,0,0,347.6666666666667,0,0,1304.5555555555557,587.8888888888889,0,0,0,0,31.66314853905122,0,0,0
163.11111111111111,0,0,265.44444444444446,0,0,1068.7777777777778,587.8888888888889,0,0,0,0,31.66314853905122,0,0,0
163.11111111111111,0,0,291.22222222222223,0,0,932.4444444444445,523.2222222222223,0,0,0,0,31.66314853905122,0,0,0
163.11111111111111,0,0,312.22222222222223,0,0,1160.888888888889,426.7777777777778,0,0,0,0,31.66314853905122,0,0,0
148.66666666666669,0,0,336.11111111111114,0,33.111111111111114,915.8888888888889,654.7777777777778,0,0,0,0,0,0,0,0
210.66666666666669,0,0,315.11111111111114,0,33.111111111111114,862.8888888888889,569.8888888888889,0,0,0,0,0,0,0,0
187,0,0,352.6666666666667,0,33.111111111111114,1024.7777777777778,749.7777777777778,0,0,0,0,0,0,40.44444444444445,0
177.55555555555557,0,0,313.22222222222223,0,33.111111111111114,1131.7777777777778,749.7777777777778,0,0,0,0,0,0,40.44893877097455,0
177.4963900921915,0,0,292.1248472731312,0,33.10007775186049,1131.17849605687,960.4576252360324,0,0,0,0,0,39,40.44444444444445,33.111111111111114
163.11111111111111,0,0,277.77777777777777,33.111111111111114,33.111111111111114,1010.1111111111112,891.4444444444445,0,0,0,0,0,39,40.44444444444445,33.111111111111114
163.11111111111111,0,0,277.77777777777777,33.111111111111114,33.111111111111114,1010.1111111111112,1077.4444444444446,0,0,0,0,0,39,40.44444444444445,33.111111111111114
177.55555555555557,0,0,313.22222222222223,33.111111111111114,33.111111111111114,1032.111111111111,976.0000000000001,0,0,0,0,0,39,45.111111111111114,33.111111111111114
148.66666666666669,0,0,389.11111111111114,33.111111111111114,33.111111111111114,1046.7777777777778,1073.7777777777778,0,0,0,0,0,43.66666666666667,45.111111111111114,33.111111111111114
210.66666666666669,0,0,308.77777777777777,33.111111111111114,0,1046.7777777777778,914.1111111111112,0,0,0,0,0,43.66666666666667,45.111111111111114,33.111111111111114
177.55555555555557,0,0,329.7777777777778,33.111111111111114,0,1168.4444444444446,897.5555555555557,0,0,0,0,0,43.66666666666667,45.111111111111114,33.111111111111114
163.11111111111111,0,0,292.22222222222223,33.111111111111114,0,899.5555555555557,734.2222222222223,0,0,0,0,0,43.66666666666667,4.666666666666667,33.111111111111114
148.66666666666669,0,0,298.5555555555556,33.111111111111114,0,930.5555555555557,734.2222222222223,0,0,0,0,38.99566714809466,43.661815353849576,4.666148205754917,33.10743250749917
177.61476047571415,0,0,319.66210959208627,33.122151828387246,0,947.6492164054686,540.0689118595087,0,0,0,0,38.99566714809466,4.666148205754917,4.666148205754917,0
163.11111111111111,0,0,334,0,0,1046.7777777777778,768.1111111111112,0,0,0,0,39.00433381486832,4.667185242804756,4.667185242804756,0
163.11111111111111,0,0,334,0,0,1153.7777777777778,582.1111111111112,0,0,0,0,41.17717292786599,4.927183085385674,4.927183085385674,0
210.66666666666669,0,0,331.6666666666667,0,0,1175.5555555555557,615.2222222222223,0,0,0,0,42.04541975384239,5.031075867981141,0,0
210.66666666666669,0,0,298.5555555555556,0,0,932.4444444444445,517.4444444444445,0,0,0,0,41.63207211481437,0,0,0
163.11111111111111,0,0,298.5555555555556,0,33.111111111111114,1039.4444444444446,677.2222222222223,0,0,0,0,41.627134724857676,0,0,0
148.66666666666669,0,0,298.5555555555556,0,33.111111111111114,1039.4444444444446,677.2222222222223,0,0,0,0,41.63207211481437,0,0,0
163.11111111111111,0,0,298.5555555555556,0,33.111111111111114,1039.4444444444446,596,0,0,0,0,46.6136875815443,0,0,0
148.66666666666669,0,0,313.22222222222223,0,33.111111111111114,1022.8888888888889,798.5555555555557,0,0,0,0,4.981615466729925,0,35.345747835369465,0
148.66666666666669,0,290.5555555555556,313.22222222222223,746154.2222222222,33.111111111111114,1008.2222222222223,802.4444444444445,0,0,0,0,4.981615466729925,0,35.345747835369465,0
179.66666666666669,262.77777777777777,290.5555555555556,322.44444444444446,746154.2222222222,746131,801.7777777777778,22612.222222222223,0,0,0,0,4.981024667931688,0,35.341555977229596,0
210.66666666666669,277.22222222222223,305,322.44444444444446,746265,746131,917.7777777777778,22774.222222222223,0,0,0,0,4.911058722674668,0,34.845130937072646,0
148.66666666666669,291.6666666666667,333.8888888888889,296.6666666666667,746300.6666666667,746173,896.0000000000001,23322.77777777778,0,0,0,0,4.821599999999999,0,34.21039999999999,41.78719999999999
163.11111111111111,306.11111111111114,348.33333333333337,232.8888888888889,746300.6666666667,746208.4444444445,896.0000000000001,23322.77777777778,0,0,0,0,4.666666666666667,31.666666666666668,33.111111111111114,40.44444444444445
148.66666666666669,306.11111111111114,348.33333333333337,313.22222222222223,746357.1111111111,746175.3333333334,43459.66666666667,23337.111111111113,0,0,0,0,4.666666666666667,31.666666666666668,33.111111111111114,40.44444444444445
163.11111111111111,335,362.7777777777778,313.22222222222223,746378.1111111111,746243.1111111111,43352.66666666667,23387.111111111113,0,0,0,0,4.666666666666667,31.666666666666668,33.111111111111114,40.44444444444445
163.11111111111111,335,377.22222222222223,334.22222222222223,746378.1111111111,746243.1111111111,43573.77777777778,23387.111111111113,0,0,0,0,0,31.666666666666668,33.111111111111114,40.44444444444445
163.11111111111111,389.6666666666667,377.22222222222223,263.11111111111114,746451.1111111111,746332.6666666667,43452.333333333336,23410.77777777778,0,0,0,0,0,31.666666666666668,0,45.111111111111114
179.66666666666669,411.44444444444446,148.66666666666669,315.11111111111114,334.44444444444446,746361,43574,23300.333333333336,0,0,0,0,0,31.666666666666668,0,45.111111111111114
148.66666666666669,148.66666666666669,163.11111111111111,249.44444444444446,334.44444444444446,263.11111111111114,43574,1465.2222222222224,0,0,0,0,0,31.666666666666668,0,45.111111111111114
148.66666666666669,163.11111111111111,163.11111111111111,322.44444444444446,313.22222222222223,319.5555555555556,43489,1421.2222222222224,0,0,0,0,0,31.663148539051214,0,45.10609932229752
148.66666666666669,148.66666666666669,134.22222222222223,289.33333333333337,277.5555555555556,298.5555555555556,43552,839.5555555555557,0,0,0,0,39,31.666666666666668,0,4.666666666666667
163.11111111111111,163.11111111111111,148.66666666666669,289.33333333333337,334,263.11111111111114,43552,1137.3333333333335,0,0,0,0,39,0,0,4.666666666666667
177.55555555555557,177.55555555555557,148.66666666666669,298.5555555555556,277.5555555555556,319.5555555555556,1046.7777777777778,996.4444444444445,0,0,0,0,39,0,0,4.666666666666667
177.55555555555557,148.66666666666669,163.11111111111111,298.5555555555556,277.5555555555556,337.11111111111114,1146.4444444444446,946.4444444444445,0,0,0,0,39,0,0,4.666666666666667
163.11111111111111,210.66666666666669,196.22222222222223,298.5555555555556,367.11111111111114,337.11111111111114,925.3333333333334,1218.7777777777778,0,0,0,0,39,0,0,4.666666666666667
194.11111111111111,170.44444444444446,225.11111111111111,367.11111111111114,294.11111111111114,313.22222222222223,1153.7777777777778,1061,0,0,0,0,39,0,0,0
179.66666666666669,148.66666666666669,163.11111111111111,294.11111111111114,298.5555555555556,284.8888888888889,1030,1061,0,0,0,0,39,0,0,0
179.66666666666669,177.55555555555557,163.11111111111111,350.7777777777778,298.5555555555556,341.33333333333337,1030,1044.5555555555557,0,0,0,0,39,0,0,0
163.11111111111111,148.66666666666669,148.66666666666669,277.77777777777777,282,305.8888888888889,1015.5555555555557,1106.6666666666667,0,0,0,0,39,0,0,0
177.55555555555557,177.55555555555557,177.55555555555557,313.22222222222223,282,284.8888888888889,1090.5555555555557,1106.6666666666667,0,0,0,0,0,0,0,0
163.11111111111111,163.11111111111111,163.11111111111111,313.22222222222223,298.5555555555556,341.33333333333337,1090.5555555555557,1019.1111111111112,0,0,0,0,0,0,40.44444444444445,0
163.11111111111111,148.66666666666669,194.11111111111111,305.8888888888889,352.6666666666667,369.22222222222223,1017.4444444444446,1112.7777777777778,0,0,0,0,0,0,40.44444444444445,0
157.88888888888889,210.66666666666669,210.66666666666669,284.8888888888889,331.6666666666667,283.8888888888889,1039.2222222222224,1112.7777777777778,0,0,0,0,0,39,40.44444444444445,0
157.88888888888889,148.66666666666669,163.11111111111111,322.44444444444446,313.22222222222223,343.22222222222223,1039.2222222222224,1223,0,0,0,0,0,39,40.44444444444445,0
172.33333333333334,163.11111111111111,148.66666666666669,313.22222222222223,313.22222222222223,277.5555555555556,1024.7777777777778,1154.5555555555557,0,0,0,0,0,39,40.44444444444445,40.44444444444445
155.7777777777778,177.55555555555557,148.66666666666669,334.22222222222223,313.22222222222223,319.5555555555556,903.3333333333334,1318.1111111111113,0,0,0,0,0,39,40.44444444444445,40.44444444444445
155.7777777777778,148.66666666666669,163.11111111111111,277.5555555555556,348.6666666666667,298.5555555555556,1024.7777777777778,1131.6666666666667,0,0,0,0,0,38.6802,40.1128,40.1128
155.7777777777778,177.55555555555557,163.11111111111111,334,275.6666666666667,277.5555555555556,901.2222222222223,1206.3333333333335,0,0,0,0,0,37.30470825805081,38.686364119460094,38.686364119460094
155.7777777777778,172.33333333333334,163.11111111111111,298.5555555555556,367.33333333333337,319.5555555555556,908.7777777777778,1327.6666666666667,0,0,0,0,0,37.30470825805081,38.686364119460094,38.686364119460094
141.33333333333334,157.88888888888889,210.66666666666669,298.5555555555556,294.33333333333337,331.6666666666667,908.7777777777778,1117.4444444444446,0,0,0,0,0,37.30470825805081,0,38.686364119460094
155.7777777777778,203.33333333333334,179.66666666666669,272.77777777777777,313.22222222222223,268.33333333333337,1054.111111111111,1143.5555555555557,0,0,0,0,37.30470825805081,37.30470825805081,0,38.686364119460094
194.11111111111111,155.7777777777778,148.66666666666669,373.6666666666667,313.22222222222223,268.33333333333337,825.6666666666667,1288.3333333333335,0,0,0,0,37.30470825805081,0,0,38.686364119460094
194.11111111111111,170.22222222222223,148.66666666666669,315.11111111111114,298.5555555555556,291.22222222222223,1054.111111111111,1108.7777777777778,0,0,0,0,37.30470825805081,0,0,38.686364119460094
163.11111111111111,141.33333333333334,163.11111111111111,298.5555555555556,319.5555555555556,291.22222222222223,1046.7777777777778,1108.7777777777778,0,0,0,0,37.30470825805081,0,0,0
148.66666666666669,155.7777777777778,177.55555555555557,298.5555555555556,298.5555555555556,291.22222222222223,1046.7777777777778,1013.5555555555557,0,0,0,0,37.30470825805081,0,0,0
177.55555555555557,155.7777777777778,148.66666666666669,369.6666666666667,263.11111111111114,313.22222222222223,1046.7777777777778,1266.5555555555557,0,0,0,0,38.5003125,0,0,0
163.11111111111111,165,177.55555555555557,313.22222222222223,336.11111111111114,313.22222222222223,1153.7777777777778,1149.5555555555557,0,0,0,0,39.00433381486832,0,0,0
148.66666666666669,179.66666666666669,196.22222222222223,313.22222222222223,244.44444444444446,346.33333333333337,1153.5555555555557,1111.3333333333335,0,0,0,0,39,0,0,0
177.55555555555557,179.66666666666669,134.22222222222223,334.22222222222223,341.33333333333337,313.22222222222223,1153.5555555555557,1111.3333333333335,0,0,0,0,39,0,40.44444444444445,0
196.22222222222223,148.66666666666669,163.11111111111111,346.33333333333337,298.5555555555556,292.22222222222223,1022.8888888888889,1221.6666666666667,0,0,0,0,0,0,40.44893877097455,0
148.66666666666669,148.66666666666669,177.55555555555557,245.44444444444446,298.5555555555556,334.22222222222223,1238.7777777777778,1076.888888888889,0,0,0,0,0,0,40.44444444444445,0
148.66666666666669,163.11111111111111,177.55555555555557,313.22222222222223,298.5555555555556,317.6666666666667,1010.3333333333334,1109.888888888889,0,0,0,0,0,0,40.44893877097455,0
163.11111111111111,177.55555555555557,163.11111111111111,270.44444444444446,298.5555555555556,317.6666666666667,925.1111111111112,1194.7777777777778,0,0,0,0,0,0,40.44444444444445,0
163.11111111111111,148.66666666666669,148.66666666666669,313.22222222222223,277.5555555555556,313.22222222222223,925.1111111111112,1126.4444444444446,0,0,0,0,0,0,40.44444444444445,33.111111111111114
163.11111111111111,186.7777777777778,194.11111111111111,242.11111111111111,381.7777777777778,255.7777777777778,1032.111111111111,1225.6666666666667,0,0,0,0,0,0,40.44893877097455,33.11479053228136
177.55555555555557,187,165.22222222222223,298.5555555555556,308.77777777777777,352.6666666666667,1139.111111111111,1087.888888888889,0,0,0,0,0,38.99566714809466,45.10609932229753,33.10743250749917
177.55555555555557,148.66666666666669,163.11111111111111,277.5555555555556,350.7777777777778,298.5555555555556,886.7777777777778,1166.7777777777778,0,0,0,0,0,39.00433381486832,45.116124013779306,33.11479053228136
179.66666666666669,163.11111111111111,163.11111111111111,298.5555555555556,305.8888888888889,263.11111111111114,1022.8888888888889,1407.888888888889,0,0,0,0,0,39,4.666666666666667,33.111111111111114
163.11111111111111,177.55555555555557,163.11111111111111,291.22222222222223,313.22222222222223,319.5555555555556,1046.7777777777778,1076.2222222222224,0,0,0,0,0,38.99566714809466,4.666148205754917,33.10743250749917
177.55555555555557,163.11111111111111,148.66666666666669,291.22222222222223,313.22222222222223,277.5555555555556,1075.888888888889,1227.5555555555557,0,0,0,0,0,39,4.666666666666667,33.111111111111114
177.55555555555557,163.11111111111111,148.66666666666669,274.6666666666667,313.22222222222223,268.33333333333337,1075.888888888889,991.5555555555557,0,0,0,0,38.99566714809466,43.661815353849576,4.666148205754917,33.10743250749917
163.11111111111111,148.66666666666669,163.11111111111111,334,329.7777777777778,298.5555555555556,1124.4444444444446,1256,0,0,0,0,39,43.66666666666667,4.666666666666667,33.111111111111114
177.55555555555557,186.7777777777778,194.11111111111111,291.22222222222223,367.33333333333337,315.11111111111114,1275.4444444444446,1391.7777777777778,0,0,0,0,39.00433381486832,43.67151905767307,4.667185242804756,0
163.11111111111111,187,179.66666666666669,312.22222222222223,263.11111111111114,315.11111111111114,1047,1039.5555555555557,0,0,0,0,38.99566714809466,43.661815353849576,4.666148205754917,0
134.22222222222223,148.66666666666669,179.66666666666669,291.22222222222223,319.5555555555556,313.22222222222223,1068.7777777777778,1244.3333333333335,0,0,0,0,39,4.666666666666667,0,0
179.66666666666669,163.11111111111111,163.11111111111111,291.22222222222223,298.5555555555556,292.22222222222223,1190.2222222222224,1082.3333333333335,0,0,0,0,43.661815353849576,4.666148205754917,0,0
179.66666666666669,177.55555555555557,177.55555555555557,322.44444444444446,246.55555555555557,348.6666666666667,1054.111111111111,1096.7777777777778,0,0,0,0,43.66666666666667,4.666666666666667,0,0
148.66666666666669,148.66666666666669,148.66666666666669,313.22222222222223,282,313.22222222222223,1153.7777777777778,1198.2222222222224,0,0,0,0,43.67151905767307,4.667185242804756,0,0
148.66666666666669,177.55555555555557,163.11111111111111,313.22222222222223,282,313.22222222222223,908.7777777777778,1046.888888888889,0,0,0,0,43.66666666666667,4.666666666666667,40.44444444444445,0
148.66666666666669,148.66666666666669,163.11111111111111,304,298.5555555555556,313.22222222222223,1037.5555555555557,1343.5555555555557,0,0,0,0,4.843125,0,41.97375,0
163.11111111111111,186.7777777777778,163.11111111111111,289.33333333333337,315.11111111111114,313.22222222222223,1090.7777777777778,1128.6666666666667,0,0,0,0,4.9350000000000005,0,42.77,0
163.11111111111111,187,179.66666666666669,305.8888888888889,298.5555555555556,350.7777777777778,1061.2222222222224,992.8888888888889,0,0,0,0,5.010139568173685,0,43.42120959083861,0
163.11111111111111,148.66666666666669,163.11111111111111,284.8888888888889,334,350.7777777777778,1061.2222222222224,1195.7777777777778,0,0,0,0,5.010139568173685,0,43.4212095908386,0
163.11111111111111,177.55555555555557,163.11111111111111,329.7777777777778,298.5555555555556,298.5555555555556,932.4444444444445,1159.111111111111,0,0,0,0,5.010139568173685,0,43.4212095908386,35.548133126565666
170.44444444444446,163.11111111111111,163.11111111111111,329.7777777777778,277.5555555555556,319.5555555555556,918.0000000000001,1159.111111111111,0,0,0,0,0,0,43.4263898830828,35.5523741350513
163.11111111111111,163.11111111111111,163.11111111111111,315.11111111111114,348.6666666666667,263.11111111111114,1146.4444444444446,1253,0,0,0,0,0,0,43.4212095908386,35.548133126565666
177.55555555555557,163.11111111111111,163.11111111111111,298.5555555555556,275.6666666666667,298.5555555555556,1022.8888888888889,1151.5555555555557,0,0,0,0,0,0,43.416030534351144,35.54389312977099
148.66666666666669,148.66666666666669,163.11111111111111,298.5555555555556,350.7777777777778,319.5555555555556,1182.888888888889,1237.888888888889,0,0,0,0,0,41.870452105451506,0,35.548133126565666
177.55555555555557,203.33333333333334,194.11111111111111,298.5555555555556,346.33333333333337,328.7777777777778,1054.111111111111,941.2222222222223,0,0,0,0,0,42.07924684228783,0,35.7254004529965
163.11111111111111,187,165.22222222222223,253.8888888888889,292.22222222222223,298.5555555555556,1054.111111111111,1116.3333333333335,0,0,0,0,0,41.20691085489314,0,39.91552618422697
163.11111111111111,148.66666666666669,163.11111111111111,282,292.22222222222223,261,932.6666666666667,1166,0,0,0,0,0,38.995667148094654,0,37.77358071325408
148.66666666666669,163.11111111111111,148.66666666666669,319.5555555555556,313.22222222222223,261,1054.111111111111,963.1111111111112,0,0,0,0,0,39,0,37.77777777777778
201.44444444444446,134.22222222222223,177.55555555555557,298.5555555555556,313.22222222222223,305.8888888888889,1161.111111111111,1248.5555555555557,0,0,0,0,0,39,0,4.666666666666667
148.66666666666669,163.11111111111111,163.11111111111111,298.5555555555556,313.22222222222223,305.8888888888889,1161.111111111111,1248.5555555555557,0,0,0,0,38.995667148094654,38.995667148094654,0,4.666148205754915
163.11111111111111,163.11111111111111,148.66666666666669,298.5555555555556,298.5555555555556,305.8888888888889,932.6666666666667,1085.6666666666667,0,0,0,0,39,39,0,4.666666666666667
163.11111111111111,186.7777777777778,177.55555555555557,263.11111111111114,298.5555555555556,313.22222222222223,1054.111111111111,1085.6666666666667,0,0,0,0,39,39,0,4.666666666666667
177.55555555555557,172.33333333333334,179.66666666666669,319.5555555555556,298.5555555555556,329.7777777777778,993.7777777777778,1067.7777777777778,0,0,0,0,39,0,0,4.666666666666667
148.66666666666669,170.44444444444446,148.66666666666669,313.22222222222223,230.00000000000003,264.11111111111114,1131.7777777777778,1254.2222222222224,0,0,0,0,39,0,0,4.666666666666667
163.11111111111111,163.11111111111111,194.11111111111111,313.22222222222223,303,337.11111111111114,908.5555555555557,1209.3333333333335,0,0,0,0,39,0,40.44444444444445,0
163.11111111111111,163.11111111111111,163.11111111111111,304,282,283,1144.3333333333335,1159.6666666666667,0,0,0,0,39,0,40.44444444444445,0
163.11111111111111,163.11111111111111,163.11111111111111,266.44444444444446,277.5555555555556,348.6666666666667,1022.8888888888889,1412.4444444444446,0,0,0,0,39,0,40.44444444444445,0
172.33333333333334,192,163.11111111111111,329.7777777777778,256.5555555555556,261,1032.111111111111,1060.3333333333335,0,0,0,0,39,0,40.44444444444445,0
186.7777777777778,163.11111111111111,163.11111111111111,329.7777777777778,298.5555555555556,298.5555555555556,925.1111111111112,1060.3333333333335,0,0,0,0,0,0,40.44444444444445,0
148.66666666666669,148.66666666666669,177.55555555555557,313.22222222222223,322.44444444444446,341.33333333333337,1046.5555555555557,1129.5555555555557,0,0,0,0,0,0,40.44893877097456,33.11479053228137
163.11111111111111,125.00000000000001,179.66666666666669,348.6666666666667,350.7777777777778,277.5555555555556,1032.111111111111,1292.888888888889,0,0,0,0,0,0,40.44893877097456,33.11479053228137
148.66666666666669,179.66666666666669,179.66666666666669,292.22222222222223,313.22222222222223,298.5555555555556,932.4444444444445,1368,0,0,0,0,0,0,40.44444444444445,33.111111111111114
177.55555555555557,126.8888888888889,179.66666666666669,298.5555555555556,313.22222222222223,298.5555555555556,915.8888888888889,1181.5555555555557,0,0,0,0,0,39,40.44444444444445,33.111111111111114
163.11111111111111,148.66666666666669,163.11111111111111,334,275.6666666666667,298.5555555555556,1146.4444444444446,1121.6666666666667,0,0,0,0,0,39,0,33.111111111111114
148.66666666666669,177.55555555555557,148.66666666666669,277.5555555555556,334.22222222222223,319.5555555555556,910.6666666666667,1121.6666666666667,0,0,0,0,0,39.00433381486832,0,33.11479053228137
201.44444444444446,163.11111111111111,177.55555555555557,328.7777777777778,334.22222222222223,253.8888888888889,1161.111111111111,1143.3333333333335,0,0,0,0,0,39,0,33.111111111111114
163.11111111111111,163.11111111111111,148.66666666666669,274.6666666666667,334.22222222222223,319.5555555555556,937.8888888888889,1041.888888888889,0,0,0,0,0,39.00433381486832,0,33.11479053228137
148.66666666666669,163.11111111111111,163.11111111111111,312.22222222222223,350.7777777777778,261,1161.111111111111,1160,0,0,0,0,0,39.00433381486832,0,33.11479053228137
177.55555555555557,186.7777777777778,163.11111111111111,270.22222222222223,322.44444444444446,276.77777777777777,1161.111111111111,904.2222222222223,0,0,0,0,38.995667148094654,38.995667148094654,0,0
148.66666666666669,186.7777777777778,170.44444444444446,298.5555555555556,294.11111111111114,350.7777777777778,947.1111111111112,1169.2222222222224,0,0,0,0,37.763153824521936,37.763153824521936,0,0
163.11111111111111,170.44444444444446,139.44444444444446,319.5555555555556,298.5555555555556,292.22222222222223,1054.111111111111,1033,0,0,0,0,37.3285121769648,37.3285121769648,0,0
163.11111111111111,184.8888888888889,177.55555555555557,277.5555555555556,334,365.22222222222223,1161.111111111111,1219.4444444444446,0,0,0,0,37.33248245054244,0,0,0
163.11111111111111,177.55555555555557,148.66666666666669,313.22222222222223,298.5555555555556,313.22222222222223,930.5555555555557,1152.4444444444446,0,0,0,0,37.33248245054244,0,0,0
163.11111111111111,148.66666666666669,177.55555555555557,313.22222222222223,261,313.22222222222223,1022.8888888888889,1152.4444444444446,0,0,0,0,37.3285121769648,0,0,0
163.11111111111111,177.55555555555557,163.11111111111111,320.5555555555556,268.33333333333337,357.8888888888889,772.4444444444445,1102.2222222222224,0,0,0,0,37.33248245054244,0,31.69538396085939,0
139.44444444444446,172.33333333333334,177.55555555555557,304,336.11111111111114,292.22222222222223,1017.4444444444446,1297.3333333333335,0,0,0,0,37.3285121769648,0,31.692013187280654,0
177.55555555555557,172.33333333333334,163.11111111111111,266.44444444444446,277.5555555555556,334.22222222222223,1039.2222222222224,1212.3333333333335,0,0,0,0,37.31660642143312,0,31.681905166914728,0
148.66666666666669,187,148.66666666666669,334.22222222222223,298.5555555555556,275.6666666666667,917.7777777777778,1212.3333333333335,0,0,0,0,0,0,31.69538396085939,0
177.55555555555557,201.44444444444446,163.11111111111111,270.44444444444446,334.22222222222223,291.22222222222223,1024.7777777777778,1141.111111111111,0,0,0,0,0,0,33.4879781847731,0
177.55555555555557,163.11111111111111,186.7777777777778,313.22222222222223,292.22222222222223,328.7777777777778,1024.7777777777778,1133.7777777777778,0,0,0,0,0,0,37.78197577508612,0
163.11111111111111,163.11111111111111,148.66666666666669,334.22222222222223,313.22222222222223,255.7777777777778,796.3333333333334,947.3333333333334,0,0,0,0,0,0,37.77777777777778,40.44444444444445
163.11111111111111,163.11111111111111,177.55555555555557,263.11111111111114,313.22222222222223,298.5555555555556,1010.1111111111112,1159.3333333333335,0,0,0,0,0,0,37.77777777777778,40.44444444444445
163.11111111111111,177.55555555555557,163.11111111111111,336.11111111111114,313.22222222222223,298.5555555555556,1131.7777777777778,1253,0,0,0,0,0,39,37.77777777777778,40.44444444444445
165,148.66666666666669,148.66666666666669,315.11111111111114,343.44444444444446,289.33333333333337,1269.7777777777778,1231.7777777777778,0,0,0,0,0,39,4.666666666666667,40.44444444444445
165,148.66666666666669,163.11111111111111,298.5555555555556,275.6666666666667,289.33333333333337,1024.7777777777778,1036.6666666666667,0,0,0,0,0,39,4.666666666666667,40.44444444444445
155.7777777777778,201.44444444444446,163.11111111111111,298.5555555555556,350.7777777777778,298.5555555555556,908.7777777777778,1143.111111111111,0,0,0,0,0,39.01300433477826,4.668222740913638,40.45793042125153
155.7777777777778,148.66666666666669,201.44444444444446,261,277.77777777777777,350.5555555555556,1146.4444444444446,1143.111111111111,0,0,0,0,0,39,4.666666666666667,40.44444444444445
155.7777777777778,163.11111111111111,148.66666666666669,341.33333333333337,277.5555555555556,298.5555555555556,1146.4444444444446,1090.3333333333335,0,0,0,0,0,43.661815353849576,4.666148205754917,40.43995111654261
155.7777777777778,177.55555555555557,163.11111111111111,277.5555555555556,277.5555555555556,298.5555555555556,1039.4444444444446,1090.3333333333335,0,0,0,281.77777777777777,0,43.66666666666667,0,746421.888888889
141.33333333333334,163.11111111111111,163.11111111111111,298.5555555555556,277.5555555555556,298.5555555555556,22406.222222222223,23214.55555555556,0,0,0,296.22222222222223,39,43.66666666666667,0,746432.6666666667
155.7777777777778,148.66666666666669,163.11111111111111,348.6666666666667,277.5555555555556,298.5555555555556,22406.444444444445,23112.333333333336,0,0,0,325.07499166759254,38.99566714809466,43.661815353849576,0,746349.7389178982
155.7777777777778,163.11111111111111,163.11111111111111,313.22222222222223,298.5555555555556,277.5555555555556,22192.444444444445,23018.666666666668,0,0,0,325.11111111111114,39,4.666666666666667,0,746468.1111111111
163.11111111111111,163.11111111111111,163.11111111111111,275.6666666666667,282,313.22222222222223,22282.88888888889,23132.222222222223,0,0,0,339.51783135207205,38.99566714809466,4.666148205754917,0,746443.728474614
163.11111111111111,194.11111111111111,163.11111111111111,292.22222222222223,282,334.22222222222223,22389.88888888889,23294.333333333336,0,0,0,379.7777777777778,39,4.666666666666667,40.44444444444445,746526.6666666667
148.66666666666669,141.33333333333334,187,334.22222222222223,282,283,22260.88888888889,23154.77777777778,0,0,0,379.7777777777778,43.66666666666667,4.666666666666667,40.44444444444445,746583.3333333334
177.55555555555557,177.55555555555557,148.66666666666669,325,282,313.22222222222223,22168.55555555556,23461.111111111113,0,0,0,416.00000000000006,43.66666666666667,4.666666666666667,40.44444444444445,746583.3333333334
163.11111111111111,148.66666666666669,186.7777777777778,289.33333333333337,298.5555555555556,313.22222222222223,22061.55555555556,23156.77777777778,0,0,0,430.4922769196577,43.67151905767307,0,40.44893877097455,746741.4157128569
163.11111111111111,148.66666666666669,163.11111111111111,289.33333333333337,298.5555555555556,296.6666666666667,22284.77777777778,23291.444444444445,0,0,0,177.5358293522942,43.661815353849576,0,40.43995111654261,276.9692256415954
163.11111111111111,177.55555555555557,177.55555555555557,305.8888888888889,298.5555555555556,296.6666666666667,918.0000000000001,1447.7777777777778,0,0,0,163.11111111111111,4.666666666666667,0,40.44444444444445,298.77777777777777
179.66666666666669,163.11111111111111,163.11111111111111,255.7777777777778,355.22222222222223,313.22222222222223,932.4444444444445,1337.7777777777778,0,0,0,181.79797755306143,4.667185242804756,0,40.44893877097455,298.8109789976664
179.66666666666669,148.66666666666669,148.66666666666669,298.5555555555556,313.22222222222223,334.22222222222223,1168.2222222222224,1337.7777777777778,0,0,0,196.22222222222223,4.666666666666667,0,40.44444444444445,336.33333333333337
163.11111111111111,172.33333333333334,177.55555555555557,336.11111111111114,292.22222222222223,263.11111111111114,939.7777777777778,1268.3333333333335,0,0,0,210.6900766751861,4.667185242804756,39.00433381486832,40.44893877097455,298.8109789976664
163.11111111111111,170.44444444444446,179.66666666666669,284.11111111111114,350.7777777777778,298.5555555555556,1046.7777777777778,1106.2222222222224,0,0,0,172.76675,4.73025,39.531375000000004,0,302.848625
177.55555555555557,170.44444444444446,141.33333333333334,298.5555555555556,296.6666666666667,336.11111111111114,1046.7777777777778,22918.77777777778,0,0,285.95927116827437,164.41586280814576,719978.3494105038,37.62057877813505,719688.7459807075,288.21007502679527
163.11111111111111,148.66666666666669,186.7777777777778,298.5555555555556,296.6666666666667,253.8888888888889,64849.333333333336,22612.444444444445,305.5406708820062,277.24788339942126,285.9286250133962,152.2880720180045,719921.444646876,719672.8110599078,719713.749866038,288.17918765405636
148.66666666666669,177.55555555555557,163.11111111111111,253.8888888888889,334.22222222222223,298.5555555555556,64971.00000000001,24235.111111111113,319.47272532418816,277.24788339942126,313.7927338977602,189.26160111456434,719921.444646876,719713.3211874397,719713.749866038,281.85617833029687
148.66666666666669,177.55555555555557,148.66666666666669,319.5555555555556,334.22222222222223,277.5555555555556,64747.77777777778,24956.88888888889,319.5069667738478,305.14469453376205,327.75991425509113,161.41479099678457,720039.1211146838,719810.718113612,719831.4040728832,334.08360128617363
177.55555555555557,148.66666666666669,163.11111111111111,261,334.22222222222223,298.5555555555556,65092.11111111112,24981.111111111113,333.40477976637015,319.0440467259672,327.7247883399421,175.32954667238238,720402.9578823277,719733.5762512056,719754.2599935698,263.63733790590504
146.55555555555557,177.55555555555557,163.11111111111111,356,298.5555555555556,218.22222222222223,64863.66666666667,24843.55555555556,709384.598907572,318.8390275249009,380.2077755167613,157.22394773481847,719940.023562172,719328.6922994538,719346.1497268929,317.87512048837954
146.55555555555557,163.11111111111111,163.11111111111111,275.6666666666667,298.5555555555556,270.22222222222223,765032.3333333334,1429880.888888889,709840.7459007609,378.84471117779447,380.45225592112314,157.32504554710107,2097402.3148644306,719863.6802057658,964988.9615260958,267.9241238881149
163.11111111111111,177.55555555555557,163.11111111111111,313.22222222222223,284.11111111111114,348.6666666666667,765347.1111111111,1433753.6666666667,709868.6100096452,378.84471117779447,1384757.6894223555,129.4609366627371,2097451.7200728753,719826.0636587718,964988.9615260958,318.07951987997
177.55555555555557,163.11111111111111,132.11111111111111,348.6666666666667,298.5555555555556,292.22222222222223,765133.1111111111,1433753.6666666667,717038.6905,396.73625,1398684.71875,169.9525,1391437.273,727122.71925,2080439.75475,266.0785
148.66666666666669,163.11111111111111,184.8888888888889,292.22222222222223,298.5555555555556,313.22222222222223,1465391.6666666667,2813476.888888889,736019.3333333334,436.11111111111114,1435667.2222222222,174.44444444444446,1428271.6666666667,746429.1111111111,2135427,310.6666666666667
163.11111111111111,1435402.3333333335,163.11111111111111,313.22222222222223,298.5555555555556,365.22222222222223,1401863.888888889,2814256.1111111115,735784.3093677075,148.68318702078008,1435864.8738748748,187.02078008667627,1428451.383487054,327.369707745305,2135622.4024891653,310.7011890210023
177.55555555555557,1435627.888888889,163.11111111111111,313.22222222222223,2126227.888888889,283,1401742.2222222222,3513334.777777778,735831.8702078008,163.1292365818424,1435835.9817757527,148.68318702078008,1428451.383487054,360.48449827758634,2135690.965662851,331.7035226136237
163.11111111111111,1435613.4444444445,163.11111111111111,304,2126258.1111111115,334.22222222222223,1401865.777777778,3512478.3333333335,735750.1111111111,196.22222222222223,1435700.3333333335,186.7777777777778,1428317.777777778,339.44444444444446,2135411.666666667,336.11111111111114
163.11111111111111,1435642.3333333335,148.66666666666669,334.22222222222223,2126222.666666667,348.6666666666667,2101971.2222222225,4212750.222222223,735750.1111111111,196.22222222222223,1435714.777777778,172.33333333333334,1427902.5555555557,403.6666666666667,2135453.666666667,336.11111111111114
1435785.5555555557,1435613.4444444445,163.11111111111111,239.22222222222223,2126201.666666667,348.6666666666667,2102194.4444444445,4213574.555555556,163.23807405760036,196.3749583009007,1436792.0604914934,196.3749583009007,1429014.0108973645,381.74135438674523,2137059.3795174025,331.92483042366285
1435809.2222222222,1435637.1111111112,163.11111111111111,2125991.888888889,2126289.3333333335,296.6666666666667,1401790,2808537.2222222225,163.1292365818424,148.68318702078008,1435834.092676964,181.79797755306143,320.03555950661183,306.3673741526836,1881474.4971663516,352.70585620624513
1435747.2222222222,1435644.4444444445,148.66666666666669,2126151.3333333335,2126251.777777778,298.5555555555556,2102024.888888889,4205590.111111111,163.1292365818424,1435585.176130681,421.1579064340482,196.24402711412378,268.8076452939215,710943.2159128791,1881545.1716857427,279.6977441937993
1435747.2222222222,1435606.1111111112,201.44444444444446,2126115.888888889,2126251.777777778,336.11111111111114,2102024.888888889,4211798.333333334,196.2004221753139,1435555.382735252,157.87134762804135,155.98266859237864,343.8506832574159,710743.9173425175,310.8543495167204,315.07610265526057
1435761.6666666667,1435642.3333333335,148.66666666666669,2126169.4444444445,2126230.777777778,277.5555555555556,1401873.3333333335,4213824.111111111,167.31474280635487,1435548.2724141763,196.2004221753139,184.86834796133766,348.2946339295634,2138745.1394289527,374.6250416620376,331.62981890901017
1435732.777777778,403.11111111111114,163.11111111111111,2126147,2126272.777777778,700494.7777777779,2101917.888888889,4213044.888888889,196.2004221753139,1435548.2724141763,172.53638484612821,210.64326185979337,327.2969670036663,2138782.6908121323,336.29596711476506,400.17775802688595
1435747.2222222222,148.66666666666669,1435650.6666666667,2126147,289.33333333333337,701232.7777777779,2102146.5555555555,3512907.777777778,163.09298966781472,1435562.715253861,172.53638484612821,196.2004221753139,327.2969670036663,2138707.588045773,267.7480279968893,310.63215198311303
1435776.1111111112,177.55555555555557,1435650.6666666667,2126144.1111111115,259.11111111111114,701181.5555555556,2102023,4914311,163.1292365818424,1435819.757750861,163.1292365818424,172.57473052561394,303.47816424047113,2139246.694077119,333.481497944216,308.812090232248
1435747.2222222222,163.11111111111111,1435650.6666666667,2126153,313.22222222222223,2126267.1111111115,2102068.888888889,4213734.333333334,163.11111111111111,1435674.6666666667,148.66666666666669,1435477.4444444445,282.44444444444446,2138965.777777778,291.44444444444446,708648
124.77777777777779,186.7777777777778,1435636.2222222222,2126153,313.22222222222223,2126288.1111111115,2102059.666666667,4213952.333333334,196.2004221753139,1435555.382735252,196.2004221753139,1435265.1927563606,282.41306521497614,2138737.3625152763,380.95767136984784,708517.2758582381
148.66666666666669,177.55555555555557,1435650.6666666667,500.5555555555556,298.5555555555556,2126267.1111111115,2102059.666666667,4213952.333333334,210.66666666666669,1435700.4444444445,210.66666666666669,1435681,334.6666666666667,2139043.5555555555,352.8888888888889,2135127.666666667
148.66666666666669,132.11111111111111,1435636.2222222222,285.5555555555556,336.11111111111114,2126243.2222222225,1401640.6666666667,3518677.2222222225,196.2004221753139,459.6155982668593,186.97922453060772,1435507.0547716923,376.624819464504,1428347.9613376292,282.1908676813688,2134890.456615932
163.11111111111111,184.8888888888889,1435636.2222222222,285.5555555555556,263.11111111111114,2126205.666666667,1401640.6666666667,3512709.1111111115,148.68318702078008,156.01733525947327,187.02078008667627,1435871.5412823646,301.5890654517168,1428665.407267474,346.03844871652404,2135383.598177575
163.11111111111111,163.11111111111111,1435659.888888889,300.22222222222223,319.5555555555556,2126302.777777778,1401747.6666666667,6315620.555555556,1435736.3040337814,1435700.1889098787,163.1292365818424,1435878.8754306033,1428682.4091565728,705796.310701189,303.2559173241471,2135402.4891654626
163.11111111111111,148.66666666666669,1435621.777777778,300.22222222222223,298.5555555555556,1426085.5555555557,1402840.4444444445,6315620.555555556,1435547.888888889,1435540.6666666667,188.8888888888889,1435657.3333333335,1428502.6666666667,1430614.888888889,277.5555555555556,2135096.666666667
163.11111111111111,177.55555555555557,148.66666666666669,300.22222222222223,263.11111111111114,1425347.5555555557,1402611.777777778,6316269.444444445,1435740.5267251916,1435694.9661073452,188.9098788754306,1435831.31459051,1428742.860317813,1430773.8637626402,705398.3775975108,2135354.9283253695
134.22222222222223,1435518.3333333335,1354068.6666666667,700431.888888889,1425813.1111111112,2125520.1111111115,1402718.777777778,4914866.222222223,1435435.9515609378,1435375.9582268638,1435265.4149538942,1435497.8335740475,1428382.1797578048,1430461.3931785359,705175.9804466171,2134875.791578714
1435325,1435503.888888889,1354054.2222222222,1426088.1111111112,1425738,1426119.2222222222,702594.888888889,4919691.666666667,1435581,1435559.3333333335,1435424.888888889,390.5555555555556,1428569,1430599.3333333335,1430640.888888889,1426832.3333333335
1435310.5555555557,1435503.888888889,1435511.2222222222,1426184.777777778,1425924,1426098.2222222222,702594.888888889,4919657.666666667,1435547.888888889,1435548,1435564.3333333335,421.5555555555556,1428608.1111111112,1430613.4444444445,1430609.888888889,1434360.3333333335
1435486.888888889,1435489.4444444445,1435525.6666666667,1426084.5555555557,1425851,1426205.6666666667,702594.888888889,4919657.666666667,1508369.8116305775,1508385.1057086615,1508387.090436352,173.60529855643045,1500975.4167486879,1503128.145800525,1503156.9827263781,8181.748031496064
1435532.3333333335,1435534.888888889,1435525.6666666667,1426128.3333333335,1433375.777777778,1433683.2222222222,703937.5555555556,4224946.333333334,1539471.083014286,1539463.3378000003,1539488.718271429,177.18667142857146,1531894.5952428575,1534114.2545000003,1534166.207014286,8350.532571428574
2178098.4444444445,1435482.1111111112,1435503.888888889,1433650.3333333335,1433896.5555555557,1433683.2222222222,703937.5555555556,4224706.222222223,1549523.9865675222,1549500.599664188,1549526.145358599,801733.8690333413,1541866.9944830893,1544122.2115615255,1544084.5526505157,8346.485967858
2178084,2178071.888888889,2178086.3333333335,1433582.1111111112,1433840.1111111112,1434121,703915.5555555556,22664.666666666668,801714.4399136483,129.28759894459102,2351094.507076037,801694.7709282801,8327.656512353082,791399.7361477573,1552254.8572799233,8823.938594387142
2178499.666666667,2178480.1111111115,2178086.3333333335,1434106.777777778,3767935.666666667,1434069,236171.55555555556,2673461.555555556,801714.4399136483,801743.3437275125,2351051.091388822,802115.2554569441,2527960.3022307507,8908.611177740466,1552852.0028783882,8823.938594387142
2178470.777777778,2178451.2222222225,2178439.4444444445,1434106.777777778,3767956.666666667,3768065.2222222225,3269571.666666667,8697329.777777778,802146.9177260734,801717.7980331015,2351455.9846485965,802140.8011513553,2527872.391460782,2528063.3245382584,791832.3338930198,2534529.9832094028
2178485.2222222225,743110.4444444445,824548.3333333334,3067960.777777778,2342463.1111111115,3067892.666666667,3269464.666666667,8697329.777777778,802227.5398824515,802286.5539162767,802333.6931750028,802270.4809883649,2529970.97277198,2528291.831594098,3312815.0413817912,2534818.3999040416
743294.4444444445,743134.1111111111,824548.3333333334,2342265.4444444445,2342463.1111111115,2342214.5555555555,3269199.888888889,10295992.555555556,802258.7261604893,802229.5789852464,802380.4725920593,802229.3390907999,2529939.066810603,2529916.1568909674,2529742.1134700724,2534755.1877174038
743323.3333333334,743124.888888889,743105.7777777779,2342222.3333333335,2342314.666666667,2342280.2222222225,11487092.222222224,10296165.777777778,802162.5089949628,802133.3653154233,802107.9395538499,802138.7622931158,2529632.4058527225,2529547.0136723435,2529416.047013672,2526399.136483569
743161.4444444445,743124.888888889,743076.888888889,2342287.2222222225,2342389.777777778,2342172.777777778,11487092.222222224,10299664.88888889,795127.9866000001,795145.4628,795089.3487428571,544.9721142857143,2507624.510057143,2507536.6535142856,2507411.5857428573,2504363.8315714286
743116,743132.2222222222,743091.3333333334,2342223.888888889,2334879.4444444445,2334711.777777778,11485800.88888889,10288694.444444446,779396.4560749999,779356.25495,779341.4562749999,534.1505999999999,2457851.1046999996,2457801.232,2457621.900025,2454634.665125
535.4444444444445,743132.2222222222,743113.1111111111,2334781.2222222225,2334358.666666667,2334711.777777778,11487765.111111112,20089485.333333336,743116.653705144,743118.5423841797,743078.657926897,547.3836240417731,2343396.0671036555,2343348.5168314637,2343228.752360849,2340424.8416842576
564.3333333333334,556.8888888888889,507.00000000000006,2334781.2222222225,2334379.666666667,2334219.888888889,11487573.111111112,20097756.77777778,575.1111111111112,1453967.1111111112,523.7777777777778,547.4444444444445,2336172.3333333335,3370920.0000000005,3746843.555555556,2340207.1111111115
163.11111111111111,148.66666666666669,530.6666666666667,2334298.1111111115,1401452,2334219.888888889,11253866.666666668,17446959.88888889,604,711316.2222222222,2111277.4444444445,210.66666666666669,1872.6666666666667,3746758.0000000005,3746290.3333333335,2340207.1111111115
163.11111111111111,2110804.2222222225,2110813.5555555555,3735604.777777778,1401431,1401003.4444444445,8220695.000000001,11426366.88888889,155.76047105877126,2111069.3256304855,2110667.814687257,172.53638484612821,1911.565381624264,1412744.1395400513,3746146.094878347,519802.7996889235
2110815.666666667,2111387.4444444445,2111419.666666667,1401565.5555555557,1401374.5555555557,1401003.4444444445,8220695.000000001,11440211.111111112,155.7777777777778,2111468.666666667,2111524.666666667,710914.6666666667,1412448.5555555557,1412917.6666666667,1411396.5555555557,519823.00000000006
2110815.666666667,2111529.5555555555,2111419.666666667,1401572.888888889,1401391.1111111112,1400961.4444444445,8220695.000000001,9836722.88888889,2111325.1860904344,2111234.0851016557,2111252.7496944787,2111451.394289524,1412288.6345961562,1411281.968670148,1411239.7511387626,1413352.2941895346
2112748.777777778,2111515.1111111115,2111547.4444444445,1401519.3333333335,1401353.5555555557,1400895.777777778,2695.666666666667,9835557.88888889,2111779.9755528388,2111751.861317924,2111728.1920213355,2111884.4316035113,1412566.3962662516,1411595.6217357484,1411532.392488054,1413598.177575286
2112686.777777778,2111515.1111111115,2111547.4444444445,1401454.4444444445,1401278.4444444445,1400895.777777778,2940.666666666667,9832165.333333334,2111545.3333333335,2111488.3333333335,2111493.5555555555,2111644.5555555555,1412357,1411356.5555555557,1411317.6666666667,1413436.6666666667
2113758.1111111115,2111478.888888889,2111549.5555555555,1401487.5555555557,1401276.1111111112,1400832,2865.666666666667,9832171,2111490.666666667,2111488.3333333335,2111567.4444444445,2111644.5555555555,1412337.4444444445,1411302.4444444445,1411330.888888889,1413469.777777778
2114318.888888889,2111478.888888889,2111496.777777778,1401417.4444444445,1401276.1111111112,1400832,901.4444444444445,31470.111111111113,2111751.0834537167,2111786.6429603286,2111777.864207134,2111897.877541949,1412503.6115123902,1411459.2732525836,1411436.4929436604,1413531.3923769307
2114290,2111482.888888889,2111546.2222222225,1401417.4444444445,1401255.1111111112,1400805.5555555557,1030.2222222222224,18767.222222222223,2111521.1111111115,1400786,2111543.2222222225,2111663.2222222225,1412285.3333333335,375887.6666666667,334.8888888888889,1413336.777777778
2114362.1111111115,2111515.777777778,2111522.5555555555,1401372.888888889,66.22222222222223,1400822.1111111112,1146.4444444444446,18800.333333333336,2109851.2268235814,1399697.3465082713,788.9419340512934,2109974.020206506,1411187.742866659,49.628067058954144,334.6286221827467,1412238.3701565447
2114362.1111111115,860.2222222222223,857.6666666666667,66.22222222222223,80.8888888888889,42.333333333333336,918.0000000000001,14312.000000000002,2823378.4864984998,713465.9406600733,829.8699855539503,2824855.6506278473,1412419.7133014777,49.67218579842204,62.89587731970218,893851.87243027
24019.666666666668,248.11111111111111,703824.888888889,66.22222222222223,80.8888888888889,1400549.777777778,1024.7777777777778,1402531.6666666667,2824152.555555556,712784.1111111111,207.44444444444446,2113804.888888889,62.88888888888889,1401398,46.333333333333336,893752.5555555556
24145.111111111113,702762.4444444445,703824.888888889,58.88888888888889,64.33333333333334,1400791.2222222222,1131.7777777777778,2803981.1111111115,712798.8665407266,712877.7641960217,707932.1035670629,713151.1279031002,1401562.9514390486,1401548.9498833201,1401662.2958106454,1401544.7271919101
27183.222222222223,703678.888888889,703697.1111111111,58.88888888888889,1400762.888888889,1400791.2222222222,1024.7777777777778,4207654.444444445,712734.1111111111,712750,707809.1111111111,713071.888888889,1401437.4444444445,1401414.2222222222,1401490,1401389
27183.222222222223,703678.888888889,703711.5555555556,58.88888888888889,1400783.888888889,1400833.2222222222,4202109.333333334,4207547.888888889,712763,712750,707854.5555555556,713077.1111111111,1401416.888888889,1401478,1401494.4444444445,1401414.4444444445
26823.333333333336,703715.1111111111,703695,700470.2222222222,1400734.2222222222,1400876,4202125.888888889,4207700.444444445,712763,712764.4444444445,707771.2222222222,713077.1111111111,1401471.888888889,1401478,1401481.2222222222,1401439.2222222222
26338.333333333336,703715.1111111111,703747.7777777779,700574.888888889,1400831.1111111112,1400906.2222222222,4202125.888888889,4208319.333333334,712777.4444444445,712660.5555555556,707781,713049.2222222222,1401462.6666666667,1401524.777777778,1401536.2222222222,1401511
26338.333333333336,703711.1111111111,703712.7777777779,700574.888888889,1400831.1111111112,1400889.6666666667,4202303.444444445,4208319.333333334,712772.7777777779,712660.5555555556,707781,713072.888888889,1401550.777777778,1401621.6666666667,1401561.888888889,1401511
26266.222222222223,703692.6666666667,703736.4444444445,700623.2222222222,1400882.3333333335,1400960.777777778,4203146.111111111,8422530.777777778,713428.7144128112,713349.3104982205,708443.6165480425,1425155.0266903911,1402856.3167259784,1402868.6610320283,1402862.989323843,5623197.397686832
4937230.555555556,703692.6666666667,703736.4444444445,700623.2222222222,5601309.777777778,1400960.777777778,4203253.111111111,8422530.777777778,1207.5555555555557,155.7777777777778,1418575,710961.5555555556,1401592.777777778,1401663.6666666667,1401616,5618182.444444445
4916906,5614654.111111112,148.66666666666669,4902437.111111111,5602695.666666667,511.8888888888889,4203146.333333334,7037865.000000001,148.66666666666669,710914.7777777779,1418575,4911220.888888889,4881692.555555556,298.77777777777777,5651774.333333334,5618765.777777778
4916780.555555556,4911974,4911138.444444445,4902437.111111111,5602695.666666667,270.44444444444446,4203053.777777778,5673960.111111112,145.13955,694034.2229250001,694056.3518250001,4794664.7494250005,3397760.7978750006,271.18750000000006,4149475.4088250007,4117384.164825001
4911780.444444445,4911057.555555556,4911109.555555556,4902437.111111111,4202013.666666667,4201827.444444445,4203267.777777778,4270270.222222223,128.21057100403314,679032.3710464871,679189.2379537255,4691216.620675017,3324422.946295904,4039332.4135003192,4060036.191891319,4028548.821906178
4911780.444444445,4911066.777777778,4911095.111111111,4902437.111111111,4201992.666666667,4201785.444444445,2030.5555555555557,4283331,4691237.423052432,4691210.88940777,4691286.775631502,4691373.275313098,4043683.8250902155,4039264.4873699863,4060016.1324559553,4028508.70303545
4911254.555555556,4911216.111111111,4911111.666666667,4902561.333333334,4201992.666666667,4201733.444444445,2144.444444444445,4284089.333333334,4691262.046274678,4691197.091912546,4691259.180641054,4691409.679473573,4043631.288473786,4039876.8838887718,4060703.8845255794,4697619.082997242
4911164.333333334,4911216.111111111,4911288.444444445,4902447.444444445,4902402.777777778,4902219.888888889,2144.444444444445,4283734.666666667,4691209.828061984,4691214.922521759,4691245.38314583,4691382.084483126,4043662.916578222,4039832.201231162,4060651.3479091497,4697622.267034601
4911226.333333334,4911216.111111111,4911274,4902468.444444445,4902455.444444445,4902219.888888889,1961.6666666666667,4292058.222222223,4690711.981322297,4690887.29703916,4690772.153242067,4690891.223601826,4719290.671760586,4039310.941313807,4729233.152923698,4697123.739785631
4911240.777777778,4911201.666666667,4911288.444444445,4902469.222222223,4902404.222222223,4902179,9986.333333333334,87618.44444444445,4691436.319252813,4691332.944173213,4691238.590532796,4012440.458501381,4719735.618764594,4708884.207174699,4729683.400551901,669834.1116535768
276.44444444444446,4911230.555555556,4911302.888888889,4902469.222222223,701996.1111111111,4909621.555555556,9879.333333333334,87618.44444444445,4691450.116748038,4691319.146677989,4012479.622160901,4012440.458501381,4719937.3805986,4708844.08830397,4729764.593504565,669883.0396943325
290.8888888888889,283.5555555555556,4911288.444444445,700692.888888889,700649.3333333334,4909563,10080.555555555557,71116.11111111111,4691450.116748038,4698297.919762259,4012479.622160901,284.86520908512,1395707.0685629381,4708908.830396945,669965.7185310976,669325.8331564425
305.33333333333337,283.5555555555556,718541.5555555556,708122,708078.6666666667,5610634.777777778,10399.444444444445,39202.222222222226,4917566.28375,4924974.42125,4205787.22625,381.25375,1470459.89125,1411456.34,709682.32875,709529.69375
305.33333333333337,718297.3333333334,718541.5555555556,708122,708062.1111111111,1409077.777777778,10185.444444444445,40099.11111111112,5629681.222222223,4918825.888888889,4918758,380.7777777777778,2169714,1409694.2222222222,1409744.2222222222,708643.888888889
718305.2222222222,718488.3333333334,718556,708574.888888889,708509.6666666667,1409119.777777778,10200.111111111111,27038.333333333336,718582.2222222222,718566.2222222222,718539.7777777779,718349.888888889,1416769.777777778,1409759.1111111112,1409901.5555555557,1409309.4444444445
718347.5555555556,718286.2222222222,718568.3333333334,708614.3333333334,1409114.888888889,1409119.777777778,11707.77777777778,28150.88888888889,718585.3333333334,718566.2222222222,718539.7777777779,718364.5555555556,1416769.777777778,1409166.6666666667,1409181.5555555557,708767.3333333334
718347.5555555556,718339,718338.7777777779,708668.4444444445,708607.888888889,708683.4444444445,11707.77777777778,28160.111111111113,718534.3850683258,718482.168647928,718474.3917342519,718284.746139318,1416638.929007888,1409010.1099877793,1409079.9911120988,708634.4850572159
718331.6666666667,718310.1111111111,718377.1111111111,708647.4444444445,708597.2222222222,708704.4444444445,11798.222222222223,19836.55555555556,718614.2222222222,718398.2222222222,718557.3333333334,718362.4444444445,708876.6666666667,1409231.5555555557,708754.5555555556,708775.5555555556
