dockerfiles-laptop-clientapp-0-1,dockerfiles-laptop-clientapp-1-1,dockerfiles-laptop-clientapp-2-1,dockerfiles-laptop-supernode-0-1,dockerfiles-laptop-supernode-1-1,dockerfiles-laptop-supernode-2-1,dockerfiles-serverapp-1,dockerfiles-superlink-1,dockerfiles-desktop-clientapp-0-1,dockerfiles-desktop-clientapp-1-1,dockerfiles-desktop-clientapp-2-1,dockerfiles-desktop-clientapp-3-1,dockerfiles-desktop-supernode-0-1,dockerfiles-desktop-supernode-1-1,dockerfiles-desktop-supernode-2-1,dockerfiles-desktop-supernode-3-1
69.7144,76.6528,69.7144,201.87439999999998,83.42599999999999,197.90959999999998,0,13.8768,81.289,81.289,81.289,81.289,182.5395,198.41250000000002,198.41250000000002,299.663
134.4564,106.34519999999999,134.4564,162.03719999999998,133.926,158.85479999999998,30.763199999999998,11.138399999999999,158.3325,158.3325,57.544500000000006,107.9385,129.21975,140.45625,212.13150000000002,212.13150000000002
198.82090298614088,211.5697242463209,198.82090298614088,428.4514573510502,262.1096942420346,434.82586798114016,993.3456565223604,1083.801578796971,180.01766666666668,136.555,136.555,180.01766666666668,235.08016666666668,182.95433333333335,350.0506666666667,306.588
260.71181368136814,231.6524527452745,260.71181368136814,386.9555468046804,352.1391426642664,450.4200945094509,897.1392326732672,978.8344171917191,165.66325,205.66025,165.66325,205.66025,216.335125,331.05625,322.138,444.8315
245.2227700831025,294.2157525392428,245.2227700831025,472.5244228993536,477.9394367497692,516.1023915050785,858.7954108956602,5479.0915143120965,232.88580000000005,194.96820000000002,157.05060000000003,194.96820000000002,359.32050000000004,367.77510000000007,367.77510000000007,421.70520000000005
271.9193673418355,282.3111902975744,308.5381720430108,542.1067641910478,458.6010440110028,495.2198487121781,6162.474724931233,5856.163372093024,224.3715,260.9028333333333,224.3715,260.9028333333333,4318.719416666667,354.32925,502.92291666666665,8628.182583333333
335.059335800018,345.14714375958846,299.5118220377222,526.2473152242577,546.302838191499,531.2912192040429,5982.190212977168,5786.558794332641,253.831,253.831,218.28985714285713,253.831,4201.6595,8334.398,539.8411428571428,8891.409357142857
362.3540757534433,337.4613135824355,327.5981436656211,755.3544294627027,618.3268188326741,618.3268188326741,7689.632555741168,35277.623325207955,7954.0583124999985,7897.458312499999,264.25,7875.505374999999,9169.25,9202.25,562,9256.375
370.3792606817091,415.9865578492559,7733.022947671628,8984.99759961594,632.0211233797409,632.0211233797409,7975.516082573213,36058.9294287086,7621.444444444445,7621.444444444445,7670.000000000001,7622.88888888889,8167.000000000001,8196.333333333334,7841.666666666667,8244.444444444445
7743.143446951511,360.2976476236198,7758.966394623139,8879.140662506003,680.388862217955,8842.89486317811,7975.516082573213,37337.974075852144,8420.333333333334,7591.222222222223,7646.444444444445,7592.666666666667,8096.666666666667,8104.666666666667,8232,8106.000000000001
7737.317234757561,368.21891502640426,7753.14018242919,8879.140662506003,619.7791646663467,8883.701392222756,8316.250600096017,37337.974075852144,8354.555555555557,7525.444444444445,7646.444444444445,7559.777777777778,8096.666666666667,8118.666666666667,8185.222222222223,8106.000000000001
7553.000000000001,7621.000000000001,7555.555555555556,8042.222222222223,8243.555555555557,8048.444444444445,6997.555555555556,35914.66666666667,12092.555555555557,12164.555555555557,7580.666666666667,12086.77777777778,8007.777777777778,8071.88888888889,8113.222222222223,8026.444444444445
11125.791754639404,7588.954328258695,10968.774308256472,8052.450272252471,8160.2400266696295,8002.555839537726,7288.03200355595,35968.552061340146,558971.4735,12098.77777777778,8964.333333333334,422808.2143333333,8007.777777777778,7938.111111111111,8113.222222222223,7897.333333333334
11123.319631152095,8358.293522941896,10966.337073658484,7957.115876013777,8031.996444839463,7921.119875569382,7519.497833574048,32032.551938673485,539654.6437499999,11698.761937500001,8667.9500625,408201.6625,7613.665875000001,7630.426125,7792.65675,7636.22775
614324.9048550162,8358.293522941896,792585.9241639818,7882.124208421287,8036.662593045218,7925.786023775137,2725.3638484612825,31822.79746694812,543519.6455380294,484297.21511452034,8652.441659464132,411120.95983146067,4218.020743301642,7716.940363007779,7710.6741573033705,527.9818496110631
614319.5182535272,10365.62604155094,1876272.8369514493,7882.124208421287,7943.117431396512,7879.013442950784,2972.4475058326857,31728.696811465397,1410456.702593193,1297926.6068611564,10936.574824419235,1701432.371745003,4218.476499189627,528.0388978930308,7666.018368449488,80.7131280388979
1265526.9253805978,12190.687854206022,2004255.9096344037,7655.961773530392,7905.656184020446,7787.198577619734,1231.1367929769974,3879.7644182686963,1409989.8052404108,1297459.709508374,783217.7661804431,1983297.4816855753,73.58184764991897,73.58184764991897,7666.018368449488,80.7131280388979
1265515.186888889,451276.41266666667,2003633.7413333333,51.77777777777778,7904.777777777778,7819.444444444445,1527.888888888889,4409,1993252.7677286966,1904212.2750837028,782412.7503618103,1982443.7402095261,57.457608813046775,57.457608813046775,525.9747272923643,64.5858084026353
1500970.2973333334,1717766.7226666666,2003638.4462222224,47.111111111111114,7803.88888888889,84.8888888888889,1527.888888888889,3345.1111111111113,1993843.698671132,1904826.6861603283,1975050.590697926,1983083.5143690577,43.86343993085566,57.476231633535,57.476231633535,64.6067415730337
1572258.9146666666,1717763.041777778,2003638.4462222224,47.111111111111114,7803.88888888889,47.111111111111114,1433.7777777777778,3345.1111111111113,1994426.5912273126,1997257.2654062232,1975619.3577139154,1983083.5143690577,43.86343993085566,43.86343993085566,57.476231633535,64.6067415730337
1572097.0332,2002511.6149999998,2003435.1308000004,47.111111111111114,54.44444444444445,37.77777777777778,1681.3333333333335,1410.1111111111113,1994402.877093463,1997179.0643435984,1975832.0443003785,1983006.7129119395,39.33009184224744,43.86817936250676,4.53808752025932,50.99945975148569
1889971.1039995556,2002493.1251972,2003131.8327963555,37.773580713254084,45.10609932229753,37.773580713254084,1391.5120542161983,1360.0711032107545,1465507.0772555377,1997179.0643435984,1975742.505132361,1587682.1177741762,39.33009184224744,43.86817936250676,4.53808752025932,46.46137223122637
1890197.39171019,2002664.7062006888,2003371.7631070123,37.78197577508612,45.116124013779306,37.78197577508612,1546.3940437826423,1586.954106011779,1551129.23665,1617386.7521000002,1995765.0626124996,1680442.3462750001,0,0,0,0
1421974.2308119517,2001778.4720093303,1233370.2099300234,33.10007775186049,40.43096745529268,33.10007775186049,1661.8904809507942,1282.2392535821393,1506527.6019104742,1570879.9289125847,1978539.3691658336,1632122.40364323,0,0,0,0
1422606.289587732,2002494.673974886,130122.34692743637,33.11479053228136,40.44893877097455,33.11479053228136,1539.059895543949,1299.3665962884763,607037.7777777779,726750.888888889,1979247.683333333,293116.1111111111,0,0,0,0
759298.5223864017,2002105.5537606936,7.332518609043441,33.10743250749917,0,33.10743250749917,1777.0247750249973,1123.2085323852907,607037.7777777779,726750.888888889,1238656.4444444445,0,0,0,0,0
759382.888888889,1580493.3333333335,7.333333333333334,33.111111111111114,0,0,1373.3333333333335,781.5555555555557,605.4240302322997,96003.44559297545,1239069.4676003114,0,0,0,0,0
518942.56193756254,290756.02710809914,0,0,0,0,1658.9267859126767,651.927563604044,605.289476608512,95982.10912323592,590.6211801311257,0,0,0,0,0
446404.88888888893,290788.3333333334,0,0,0,0,1412,731.7777777777778,0,0,0,0,0,0,0,0
446454.49494388263,0,0,0,0,0,1529.0587843093676,731.4146016224024,0,0,0,0,0,0,0,0
122363.70707856427,0,0,0,0,0,1529.0587843093676,731.4146016224024,0,0,0,0,0,0,0,0
122336.51816464838,0,0,0,0,0,1483.8351294300635,537.829130096656,0,0,0,0,0,0,0,0
0,0,0,0,31.95367788977053,0,1613.5535063263992,1017.7996997641002,0,0,0,0,0,0,0,0
0,0,0,0,31.943402293922176,31.943402293922176,1841.140529531568,1125.3081787972988,0,0,0,0,0,0,40.43995111654261,0
0,0,0,0,31.943402293922176,31.943402293922176,1714.4388466073533,1125.3081787972988,0,0,0,0,0,40.42647712127943,40.42647712127943,40.42647712127943
0,0,0,0,31.939978563772776,31.939978563772776,1977.277599142551,1351.2325830653806,0,0,0,0,0,40.44444444444445,40.44444444444445,40.44444444444445
0,0,0,0,31.943402293922176,31.943402293922176,1701.7901168399612,1443.0271197341622,0,0,0,0,33.10743250749917,40.43995111654261,40.43995111654261,40.43995111654261
0,0,0,0,31.939978563772776,31.939978563772776,1893.8906752411576,1397.8563772775992,0,0,0,0,33.111111111111114,40.44444444444445,40.44444444444445,40.44444444444445
0,0,0,31.939978563772776,31.939978563772776,31.939978563772776,1775.13397642015,1208.1457663451233,0,0,0,0,33.111111111111114,40.44444444444445,40.44444444444445,40.44444444444445
0,0,0,31.943402293922176,31.943402293922176,31.943402293922176,1775.3242576910707,1608.5325329617322,0,0,0,0,33.11479053228137,40.44893877097456,40.44893877097456,40.44893877097456
0,0,0,31.943402293922176,31.943402293922176,31.943402293922176,1677.6717761817986,1597.9204630721406,0,0,0,0,33.10743250749917,40.43995111654261,40.43995111654261,40.43995111654261
0,0,0,31.946826758147512,31.946826758147512,31.946826758147512,1759.1123499142366,1367.1740994854201,0,0,0,0,33.111111111111114,40.44444444444445,40.44444444444445,40.44444444444445
0,0,0,33.10743250749917,0,0,1330.296633707366,1212.8652371958672,0,0,0,0,33.111111111111114,40.44444444444445,0,40.44444444444445
0,0,0,33.11479053228136,0,0,1485.3872652516945,1213.1347927547504,0,0,0,0,33.122151828387246,0,0,0
0,0,0,33.11479053228136,0,0,1468.7187465273919,830.0922324702744,0,0,0,0,33.111111111111114,0,0,0
0,0,0,33.11479053228136,0,0,1468.7187465273919,941.3268140904544,0,0,0,0,0,0,0,0
0,0,0,33.111111111111114,0,0,1440.6666666666667,908.1111111111112,0,0,0,0,0,0,0,0
0,0,0,0,0,0,1532.1111111111113,942.6666666666667,0,0,0,0,0,0,0,0
0,0,0,0,0,0,1672.2222222222224,745,0,0,0,0,0,0,0,0
0,0,0,0,0,0,1524.7777777777778,722.8888888888889,0,0,0,0,0,0,0,0
0,0,0,0,0,0,1541.6064881679815,936.3404066214866,0,0,0,0,0,0,0,0
0,0,0,0,0,0,1541.9491054561615,743.9715523947104,0,0,0,0,0,0,0,0
0,0,0,0,33.103754721173075,0,1386.6918462563876,743.7236169740058,0,0,0,0,0,0,0,0
0,0,0,0,33.111111111111114,0,1352.3333333333335,1105,0,0,0,0,0,39.17769884834786,0,0
0,0,0,0,33.10743250749917,33.10743250749917,1594.933896233752,898.6779246750363,0,0,0,0,0,39.19035314384151,0,0
0,0,0,0,33.11479053228136,33.11479053228136,1423.8248694299366,1016.2240248916545,0,0,0,0,0,40.3039,0,0
0,0,0,0,33.111111111111114,33.111111111111114,1485.2222222222224,1207.5555555555557,0,0,0,0,40.44444444444445,40.44444444444445,40.44444444444445,0
0,0,0,0,33.10743250749917,33.10743250749917,1451.9497833574048,990.2233085212755,0,0,0,0,40.44444444444445,40.44444444444445,40.44444444444445,40.44444444444445
0,0,0,0,33.111111111111114,33.111111111111114,1345.1111111111113,1006.8888888888889,0,0,0,0,40.44444444444445,45.111111111111114,40.44444444444445,40.44444444444445
0,0,0,0,33.11479053228136,33.11479053228136,1445.827314146016,793.4214912768084,0,0,0,0,40.43995111654261,45.10609932229753,40.43995111654261,40.43995111654261
0,0,0,33.10743250749917,33.10743250749917,33.10743250749917,1576.4915009443398,1363.1818686812578,0,0,0,0,40.44444444444445,45.111111111111114,40.44444444444445,40.44444444444445
0,0,0,33.1184707712825,0,33.1184707712825,1617.470549010891,1381.64036452545,0,0,0,0,40.44444444444445,45.111111111111114,40.44444444444445,40.44444444444445
0,0,0,31.974248927038623,0,31.974248927038623,1689.055793991416,1202.4678111587982,0,0,0,0,45.111111111111114,4.666666666666667,45.111111111111114,45.111111111111114
0,0,0,31.974248927038623,0,0,1589.9141630901286,1202.4678111587982,0,0,0,0,45.111111111111114,4.666666666666667,45.111111111111114,45.111111111111114
0,0,0,31.970818581697248,0,0,1932.8398240532135,1295.247291063191,0,0,0,0,45.111111111111114,4.666666666666667,45.111111111111114,45.111111111111114
0,0,0,31.974248927038623,0,0,1687.5536480686694,1109.1201716738196,0,0,0,0,4.666666666666667,4.666666666666667,4.666666666666667,45.111111111111114
0,0,0,31.974248927038623,0,0,1584.2274678111587,1109.1201716738196,0,0,0,0,4.666666666666667,4.666666666666667,4.666666666666667,4.666666666666667
0,0,0,31.974248927038623,0,0,1905.5793991416308,1270.9227467811158,0,0,0,0,4.666666666666667,0,4.666666666666667,4.666666666666667
0,0,0,31.970818581697248,0,0,1696.3845080999895,1408.9689947430536,0,0,0,0,4.666666666666667,0,4.666666666666667,4.666666666666667
0,0,0,0,0,0,1570.0643776824033,826.7167381974248,0,0,0,0,4.667185242804756,0,4.667185242804756,4.667185242804756
0,0,0,0,31.970818581697248,0,1726.2096341594251,987.0185602403177,0,0,0,0,4.666666666666667,0,4.666666666666667,4.666666666666667
0,0,0,0,31.970818581697248,0,1726.2096341594251,995.9231842077032,0,0,0,0,0,0,0,0
0,0,0,0,33.111111111111114,0,1541.4444444444446,767.2222222222223,0,0,0,0,0,0,0,0
0,0,0,0,33.111111111111114,33.111111111111114,1441.7777777777778,879.0000000000001,0,0,0,0,0,0,0,0
0,0,0,0,33.111111111111114,33.111111111111114,1301.6666666666667,863.8888888888889,0,0,0,0,0,40.44444444444445,0,0
0,0,0,0,33.111111111111114,33.111111111111114,1441.7777777777778,863.8888888888889,0,0,0,0,40.44444444444445,40.44444444444445,0,0
0,0,0,0,33.111111111111114,33.111111111111114,1438.888888888889,887.7777777777778,0,0,0,0,40.44444444444445,40.44444444444445,40.44444444444445,0
0,0,0,33.111111111111114,33.111111111111114,33.111111111111114,1282.1111111111113,951.3333333333334,0,0,0,0,40.44893877097455,40.44893877097455,40.44893877097455,0
0,0,0,33.111111111111114,33.111111111111114,33.111111111111114,1677.888888888889,1349.6666666666667,0,0,0,0,40.44444444444445,40.44444444444445,40.44444444444445,0
0,0,0,33.111111111111114,0,33.111111111111114,1368.5555555555557,1165.5555555555557,0,0,0,0,41.59646518314789,41.59646518314789,41.59646518314789,0
0,0,0,33.111111111111114,0,33.111111111111114,1597.2222222222224,1179.4444444444446,0,0,0,0,39.25374743880082,39.25374743880082,39.25374743880082,32.13630971638089
0,0,0,33.111111111111114,0,33.111111111111114,1350.1111111111113,1179.4444444444446,0,0,0,0,39.249514772482215,39.249514772482215,39.249514772482215,32.132844511537634
0,0,0,33.11479053228136,0,0,1350.5945105011667,1168.1297921991331,0,0,0,0,39.24951477248221,39.24951477248221,39.24951477248221,32.13284451153763
0,0,0,33.111111111111114,0,0,1588.4444444444446,1176.7777777777778,0,0,0,0,39.25374743880082,0,39.25374743880082,32.13630971638089
0,0,0,33.111111111111114,0,0,1695.1111111111113,1176.7777777777778,0,0,0,0,0,0,39.25374743880082,32.13630971638089
0,0,0,33.111111111111114,0,0,1481.4444444444446,1180.111111111111,0,0,0,0,0,0,0,32.13630971638089
0,0,0,0,0,0,1588.4444444444446,973.4444444444445,0,0,0,0,0,0,0,32.132844511537634
0,0,0,0,0,0,1432.2702522502498,766.6407378597621,0,0,0,0,0,0,0,32.132844511537634
0,0,0,0,0,0,1432.2702522502498,821.8690965662851,0,0,0,0,0,0,0,0
0,0,0,0,33.111111111111114,0,1329,798.6666666666667,0,0,0,0,0,0,0,0
0,0,0,0,33.111111111111114,33.111111111111114,1666.2222222222224,989.2222222222223,0,0,0,0,0,0,0,0
0,0,0,0,33.10743250749917,33.10743250749917,1410.0655482724144,883.2351960893235,0,0,0,0,0,0,0,0
0,0,0,0,33.111111111111114,33.111111111111114,1295.7777777777778,856.5555555555557,0,0,0,0,0,0,0,0
0,0,0,0,35.95126070696104,35.95126070696104,1550.7298829774402,1179.8769453492582,0,0,0,0,0,0,0,0
0,0,0,0,35.95126070696104,35.95126070696104,1674.8703100494633,968.3918446133431,0,0,0,0,0,0,0,0
0,0,0,0,35.94692400482509,35.94692400482509,1834.3787696019303,968.2750301568155,0,0,0,0,0,0,0,0
0,0,0,0,35.94258834881197,35.94258834881197,1574.2371245929323,1011.2169822699313,0,0,0,0,0,40.44444444444445,0,0
0,0,0,0,35.94692400482509,35.94692400482509,1690.5910735826299,994.9336550060315,0,0,0,0,40.44444444444445,40.44444444444445,40.44444444444445,0
0,0,0,0,0,35.95126070696104,1554.4697792254797,995.0536856074316,0,0,0,0,40.44444444444445,40.44444444444445,40.44444444444445,0
0,0,0,35.95126070696104,0,0,1605.259983110146,1204.4878754976476,0,0,0,0,40.44444444444445,40.44444444444445,40.44444444444445,0
0,0,0,35.94692400482509,0,0,1845.3558504221958,1185.283474065139,0,0,0,0,40.44444444444445,40.44444444444445,40.44444444444445,0
0,0,0,35.95126070696104,0,0,1711.4247798286888,1185.426468814091,0,0,0,0,40.44444444444445,40.44444444444445,40.44444444444445,0
0,0,0,33.10743250749917,0,0,1555.4938340184426,1076.9914453949561,0,0,0,0,40.44444444444445,40.44444444444445,40.44444444444445,40.44444444444445
0,0,0,33.10743250749917,0,0,1324.963892900789,1060.4377291412065,0,0,0,0,40.44444444444445,40.44444444444445,40.44444444444445,40.44444444444445
0,0,0,33.111111111111114,0,0,1187.2222222222224,1077.111111111111,0,0,0,0,40.44444444444445,40.44444444444445,40.44444444444445,40.44444444444445
0,0,0,33.0964015992892,0,0,1524.2114615726343,1163.2607729897823,0,0,0,0,40.44444444444445,0,40.44444444444445,40.44444444444445
0,0,0,33.111111111111114,0,0,1417.888888888889,1123.6666666666667,0,0,0,0,0,0,0,40.44444444444445
0,0,0,33.10743250749917,33.10743250749917,0,1672.2586379291192,1463.6151538717922,0,0,0,0,0,0,0,45.111111111111114
0,0,0,0,33.10743250749917,0,1495.056104877236,1080.2133096322632,0,0,0,0,0,0,0,45.111111111111114
0,0,0,0,33.111111111111114,0,1397.4444444444446,906.4444444444445,0,0,0,0,0,0,0,45.111111111111114
0,0,0,0,33.10743250749917,33.10743250749917,1397.2891900899901,906.3437395844908,0,0,0,0,0,0,0,45.111111111111114
0,0,0,0,33.111111111111114,33.111111111111114,1279.6666666666667,972.2222222222223,0,0,0,0,0,0,0,4.666666666666667
0,0,0,0,33.11479053228136,33.11479053228136,1517.8353150350038,994.443827091899,0,0,0,0,0,0,0,5.25
0,0,0,0,33.11479053228136,33.11479053228136,1648.4053783753748,1172.6858539837758,0,0,0,0,0,0,0,5.048999999999999
0,0,0,0,33.12951639799889,33.12951639799889,1311.284046692607,855.2529182879377,0,0,0,0,0,0,0,5.075528700906346
0,0,0,0,33.10743250749917,33.10743250749917,1555.6049327852463,894.3450727696924,0,0,0,0,0,0,0,5.075528700906346
0,0,0,33.111111111111114,0,33.111111111111114,1301.2222222222224,649.4444444444445,0,0,0,0,0,0,0,0
0,0,0,33.11479053228136,0,33.11479053228136,1479.7199688854316,864.984998333148,0,0,0,0,0,0,0,0
0,0,0,33.111111111111114,0,33.111111111111114,1356,848.3333333333334,0,0,0,0,43.98791540785499,0,36.01208459214502,0
0,0,0,33.11479053228136,0,0,1586.7318590954549,1071.1190132236914,0,0,0,0,43.98791540785499,43.98791540785499,36.01208459214502,0
0,0,0,33.111111111111114,0,0,1559.7777777777778,980.1111111111112,0,0,0,0,43.98791540785499,43.98791540785499,36.01208459214502,0
0,0,0,33.10743250749917,0,0,1321.6309298966783,957.8935673814021,0,0,0,0,43.212,43.212,35.37685714285715,0
0,0,0,33.10743250749917,0,0,1283.4129541162094,1119.5422730807688,0,0,0,0,42.36551131391425,42.36551131391425,34.68385266908364,0
0,0,0,33.111111111111114,0,0,1283.5555555555557,1119.6666666666667,0,0,0,0,45.111111111111114,40.44444444444445,37.77777777777778,0
0,0,0,31.92287091590787,0,0,1583.3958221746113,1225.066952329941,0,0,0,0,45.111111111111114,45.111111111111114,37.77777777777778,40.44444444444445
0,0,0,0,31.926290979215764,0,1784.6582386972354,1354.2961217055922,0,0,0,0,45.10609932229753,45.10609932229753,37.773580713254084,40.43995111654261
0,0,0,0,31.92287091590787,0,1652.5977504017137,1331.012319228709,0,0,0,0,45.116124013779306,45.116124013779306,37.78197577508612,40.44893877097455
0,0,0,0,31.926290979215764,0,1652.774801799871,1331.1549175058922,0,0,0,0,4.667185242804756,45.116124013779306,4.667185242804756,40.44893877097455
0,0,0,0,31.919451585261353,0,1659.4901456726648,1132.1765209940017,0,0,0,0,4.666666666666667,4.666666666666667,4.666666666666667,40.44444444444445
0,0,0,0,31.926290979215764,0,1687.058067280908,948.8965073923289,0,0,0,0,4.666666666666667,4.666666666666667,4.666666666666667,40.44444444444445
0,0,0,0,31.92287091590787,0,1813.1762185324046,1249.8125334761648,0,0,0,0,4.666666666666667,4.666666666666667,4.666666666666667,40.44444444444445
0,0,0,0,31.92287091590787,31.92287091590787,1612.1049812533474,906.1596143545794,0,0,0,0,4.666666666666667,4.666666666666667,4.666666666666667,40.44444444444445
0,0,0,31.919451585261353,31.919451585261353,31.919451585261353,1971.293916023993,906.0625535561268,0,0,0,0,0,4.667185242804756,0,40.44893877097455
0,0,0,31.919451585261353,31.919451585261353,31.919451585261353,1615.57412167952,1200.7283633247644,0,0,0,0,0,0,0,0
0,0,0,33.10743250749917,0,33.10743250749917,1462.7263637373626,825.7971336518166,0,0,0,0,0,0,0,0
0,0,0,33.111111111111114,0,33.111111111111114,1461.4444444444446,651,0,0,0,0,0,0,0,0
0,0,0,33.111111111111114,0,33.111111111111114,1461.4444444444446,857.2222222222223,0,0,0,0,0,0,0,0
0,0,0,33.10743250749917,0,33.10743250749917,1461.2820797689146,849.7944672814133,0,0,0,0,0,33.11479053228136,0,0
0,0,0,33.10743250749917,0,33.10743250749917,1218.9756693700701,1035.7738029107877,0,0,0,0,0,33.111111111111114,0,0
0,0,0,33.111111111111114,0,33.111111111111114,1443.3333333333335,723.6666666666667,0,0,0,0,40.44444444444445,33.111111111111114,0,0
0,0,0,33.111111111111114,0,0,1574.3333333333335,723.6666666666667,0,0,0,0,40.43995111654261,33.10743250749917,0,0
0,0,0,0,0,0,1201.6890765640626,1132.5702855872873,0,0,0,0,40.44444444444445,33.111111111111114,40.44444444444445,0
0,0,0,0,0,0,1571.4444444444446,826.7777777777778,0,0,0,0,40.44444444444445,33.111111111111114,40.44444444444445,0
0,0,0,0,0,0,1457.1111111111113,826.7777777777778,0,0,0,0,40.44893877097455,37.78197577508612,40.44893877097455,0
0,0,0,0,0,0,1210.087768025775,921.8975669370071,0,0,0,0,40.44444444444445,37.77777777777778,40.44444444444445,0
0,0,0,0,33.111111111111114,0,1541.5555555555557,1042.5555555555557,0,0,0,0,40.44444444444445,37.77777777777778,40.44444444444445,0
0,0,0,0,33.1184707712825,0,1303.9564347632806,1033.5630140031117,0,0,0,0,40.44444444444445,4.666666666666667,40.44444444444445,40.44444444444445
0,0,0,0,33.11479053228136,0,1451.383487054117,847.4274919435492,0,0,0,0,39.5396080760095,4.562262470308789,39.5396080760095,39.5396080760095
0,0,0,0,33.111111111111114,0,1451.2222222222224,1040.6666666666667,0,0,0,0,0,4.528790166055639,39.24951477248221,39.24951477248221
0,0,0,0,33.111111111111114,0,1320.2222222222224,1135.888888888889,0,0,0,0,0,4.528790166055639,39.24951477248221,39.24951477248221
0,0,0,0,33.111111111111114,0,1692.1111111111113,727.1111111111112,0,0,0,0,0,4.527813712807244,0,39.24105217766279
0,0,0,0,33.11479053228136,0,1436.7151905767305,944.1049005445049,0,0,0,0,0,4.528790166055639,0,39.24951477248221
0,0,0,0,33.11479053228136,33.11479053228136,1320.4800533392597,1174.01933548172,0,0,0,0,0,0,0,43.77358490566037
0,0,0,33.11479053228136,33.11479053228136,33.11479053228136,1451.383487054117,1062.22913657073,0,0,0,0,0,0,0,43.76886589047003
0,0,0,31.9845443812386,0,31.9845443812386,1551.4650638617582,932.5963292905442,0,0,0,0,0,0,0,43.77358490566037
0,0,0,31.9845443812386,0,31.9845443812386,1858.7528174305035,1105.184072126221,0,0,0,0,0,0,0,4.528301886792453
0,0,0,31.981111826572228,0,31.981111826572228,1807.0401373685343,1112.1485297274094,0,0,0,0,0,0,0,4.743339895013124
0,0,0,31.9845443812386,0,31.9845443812386,1670.924117205109,925.5125040249007,0,0,0,0,0,0,0,4.666148205754917
0,0,0,31.9845443812386,0,31.9845443812386,1670.924117205109,1048.6208006869165,0,0,0,0,0,0,0,4.666148205754917
0,0,0,31.981111826572228,0,31.981111826572228,1564.498819489161,1069.864777849324,0,0,0,0,0,33.111111111111114,0,4.666666666666667
0,0,0,31.9845443812386,0,31.9845443812386,1681.227863046045,1153.2682193839219,0,0,0,0,0,33.111111111111114,0,4.666666666666667
0,0,0,31.981111826572228,0,0,1681.047435071904,1015.883236746083,0,0,0,0,0,33.111111111111114,40.44444444444445,0
0,0,0,0,31.9845443812386,0,1761.5112160566707,1015.9922721906194,0,0,0,0,40.44444444444445,33.111111111111114,40.44444444444445,0
0,0,0,0,31.9845443812386,0,1448.534936138242,946.1199957067727,0,0,0,0,40.44893877097455,33.11479053228136,40.44893877097455,0
0,0,0,0,33.10743250749917,0,1393.845128319076,1070.658815687146,0,0,0,0,40.43995111654261,33.10743250749917,40.43995111654261,0
0,0,0,0,33.11479053228136,0,1299.9222135792866,1084.7871985776196,0,0,0,0,40.44893877097455,33.11479053228136,40.44893877097455,0
0,0,0,0,33.111111111111114,0,1201.888888888889,1084.6666666666667,0,0,0,0,40.44893877097455,33.11479053228136,40.44893877097455,40.44893877097455
0,0,0,0,33.111111111111114,0,1533.2222222222224,1148.5555555555557,0,0,0,0,40.44893877097455,33.11479053228136,40.44893877097455,40.44893877097455
0,0,0,0,37.78197577508612,0,1271.4746082898098,1126.5696188465383,0,0,0,0,40.44893877097455,0,40.44893877097455,40.44893877097455
0,0,0,0,37.77777777777778,0,1298.2222222222224,866.6666666666667,0,0,0,0,40.43995111654261,0,40.43995111654261,40.43995111654261
0,0,0,33.11479053228136,37.78197577508612,0,1546.6162906989664,1112.6791865762862,0,0,0,0,40.43995111654261,0,0,45.10609932229753
0,0,0,33.10743250749917,4.666148205754917,33.10743250749917,1439.2845239417845,1112.431952005333,0,0,0,0,0,0,0,45.111111111111114
0,0,0,33.111111111111114,4.666666666666667,33.111111111111114,1439.4444444444446,1088.6666666666667,0,0,0,0,0,0,0,45.111111111111114
0,0,0,33.11479053228136,4.667185242804756,33.11479053228136,1445.49394377153,1010.2233581509056,0,0,0,0,0,0,0,45.116124013779306
0,0,0,33.10743250749917,4.666148205754917,33.10743250749917,1552.1608710143319,988.7790245528275,0,0,0,0,0,0,0,45.111111111111114
0,0,0,37.77777777777778,4.666666666666667,42.44444444444445,1436.1111111111113,993.5555555555557,0,0,0,0,0,0,0,4.666666666666667
0,0,0,37.77777777777778,4.666666666666667,42.44444444444445,1433.5555555555557,902.3333333333334,0,0,0,0,0,0,0,4.666666666666667
0,0,0,37.773580713254084,0,42.439728919009006,1433.396289301189,902.2330852127542,0,0,0,0,0,0,0,4.666148205754917
0,0,0,37.77777777777778,0,42.44444444444445,1531.7777777777778,1075.888888888889,0,0,0,0,0,0,0,4.666666666666667
0,0,0,4.666148205754917,0,42.439728919009006,1283.4129541162094,742.1397622486392,0,0,0,0,0,33.111111111111114,0,0
0,0,0,4.667185242804756,0,9.334370485609512,1354.0393377041892,742.3047005222802,0,0,0,0,0,33.394625,0,0
0,0,0,4.666666666666667,0,9.333333333333334,1583,663.5555555555557,0,0,0,0,0,32.122453379325215,0,0
0,0,0,4.666666666666667,0,9.333333333333334,1202.3333333333335,433.44444444444446,0,0,0,0,0,32.122453379325215,32.122453379325215,0
0,0,0,4.667185242804756,0,9.334370485609512,1342.7047449716633,714.3015890654516,0,0,0,0,39.23682224857174,32.122453379325215,32.122453379325215,39.23682224857174
0,0,0,0,33.111111111111114,0,1342.5555555555557,845.0000000000001,0,0,0,0,39.23259323129985,36.64582884242294,32.11899116188834,39.23259323129985
0,0,0,0,35.7957957957958,0,1479.5195195195195,997.8378378378378,0,0,0,0,39.23682224857174,36.64977902339119,32.122453379325215,39.23682224857174
0,0,0,0,35.7914965169349,0,1720.634158059092,1226.2791256305547,0,0,0,0,39.24105217766279,36.65373005605864,32.1259163432514,39.24105217766279
0,0,0,0,35.78719827068572,0,1331.21172090789,1211.7209078899964,0,0,0,0,39.24105217766279,36.65373005605864,32.1259163432514,39.24105217766279
0,0,0,0,40.84084084084084,0,1588.8288288288288,1212.012012012012,0,0,0,0,43.76886589047003,4.527813712807244,36.65373005605864,39.24105217766279
0,0,0,0,40.831031584003846,35.78719827068572,1774.3485048636965,1517.1130058844722,0,0,0,0,44.451925,4.598475,37.22575,39.85345
0,0,0,35.7914965169349,40.83593562334855,35.7914965169349,1526.903675234206,1499.3994715349506,0,0,0,0,45.111111111111114,4.666666666666667,37.77777777777778,40.44444444444445
0,0,0,35.791496516934906,40.83593562334855,35.791496516934906,1784.0499639682923,1645.0876771558974,0,0,0,0,45.111111111111114,4.666666666666667,4.666666666666667,40.44444444444445
0,0,0,35.78719827068572,40.831031584003846,35.78719827068572,1516.6326408070133,1556.3828509667348,0,0,0,0,4.666666666666667,4.666666666666667,4.666666666666667,0
0,0,0,35.7957957957958,5.045045045045045,35.7957957957958,1912.1921921921921,1410.3303303303303,0,0,0,0,4.666666666666667,0,4.666666666666667,0
0,0,0,33.111111111111114,4.666666666666667,33.111111111111114,1544.888888888889,1040.4444444444446,0,0,0,0,4.666666666666667,0,4.666666666666667,0
0,0,0,33.111111111111114,4.666666666666667,33.111111111111114,1569.888888888889,829.0000000000001,0,0,0,0,4.666666666666667,0,4.666666666666667,0
0,0,314.04132415018887,37.76938458120418,4.665629860031105,4576.0942012886035,1569.5401021995115,823.2614974450123,0,0,0,0,4.666666666666667,0,4.666666666666667,0
0,0,354.2939673369625,37.77358071325408,0,4576.602599711143,1553.049661148761,5536.384846128207,0,0,0,0,0,0,0,0
0,0,354.33333333333337,37.77777777777778,0,4623.88888888889,1334.888888888889,5254.444444444445,0,0,0,0,0,33.111111111111114,0,0
0,0,401.8888888888889,4.666666666666667,0,4731.88888888889,5564.555555555556,5798.111111111111,0,0,0,0,0,33.111111111111114,0,0
0,0,401.84423952894116,4.666148205754915,0,4731.363181868681,5326.074880568825,5662.704143984001,0,0,0,0,0,33.111111111111114,0,0
0,0,463.8888888888889,4.666666666666667,0,4802.555555555556,5433.666666666667,5655.111111111111,0,0,0,0,0,33.111111111111114,40.44444444444445,40.44444444444445
0,0,511.387623597378,4.666148205754915,0,4802.021997555827,5067.548050216642,5654.482835240528,0,0,0,0,40.44893877097455,33.11479053228136,40.44893877097455,40.44893877097455
0,0,511.387623597378,4.666148205754915,33.10743250749916,4911.898677924674,5301.410954338407,5947.450283301854,0,0,0,0,40.44444444444445,33.111111111111114,40.44444444444445,40.44444444444445
0,0,573.4444444444445,4.666666666666667,33.111111111111114,4940.777777777778,5275.111111111111,6318.444444444445,0,0,0,0,40.44444444444445,33.111111111111114,40.44444444444445,40.44444444444445
0,0,306.99121929532066,0,33.122151828387246,443.70345670779153,5510.725797488052,6122.485272868735,0,0,0,0,40.44444444444445,33.111111111111114,40.44444444444445,40.44444444444445
0,0,328.6666666666667,0,33.111111111111114,566.2222222222223,5287.555555555556,1691.1111111111113,0,0,0,0,40.44444444444445,33.111111111111114,40.44444444444445,40.44444444444445
0,0,328.6666666666667,0,33.111111111111114,566.2222222222223,5326.555555555556,1995.6666666666667,0,0,0,0,40.44444444444445,0,40.44444444444445,40.44444444444445
0,0,328.6666666666667,0,33.111111111111114,458.22222222222223,1392.7777777777778,1541.5555555555557,0,0,0,0,40.44444444444445,0,40.44444444444445,40.44444444444445
0,0,390.6666666666667,0,37.77777777777778,510.2222222222223,1499.7777777777778,1541.5555555555557,0,0,0,0,40.44444444444445,0,40.44444444444445,40.44444444444445
0,0,328.70318924324926,0,37.781975775086124,439.6044004889432,1392.9325480608957,1372.2635848427603,0,0,0,0,40.44444444444445,0,0,0
0,0,295.5555555555556,0,37.77777777777778,516.5555555555555,1743.7777777777778,1372.1111111111113,0,0,0,0,0,0,0,0
0,0,343.1492388043116,33.11479053228137,4.667185242804756,406.7118568729859,1379.1532392488054,1423.0470052228025,0,0,0,0,0,0,0,0
0,0,281.11111111111114,33.111111111111114,4.666666666666667,486.33333333333337,1312.5555555555557,1052.5555555555557,0,0,0,0,0,0,0,0
0,0,288.1902010887679,33.10743250749916,4.666148205754915,493.6118209087878,1389.6233751805353,1261.5264970558826,0,0,0,0,0,0,0,0
0,0,292.4315619967794,36.500268384326354,4.508856682769727,483.09178743961354,1776.8115942028987,1191.0896403650027,0,0,0,0,0,0,0,0
0,0,352.3349436392915,36.500268384326354,4.508856682769727,489.9624261943103,1739.1304347826087,1025.0134192163177,0,0,0,0,0,0,0,0
0,0,352.3349436392915,36.500268384326354,4.508856682769727,489.9624261943103,1453.2474503488997,938.4863123993559,0,0,0,0,0,0,0,0
0,0,292.46295898647196,36.504187245007515,0,512.3470045093408,1662.2289027270776,1178.9778827571397,0,0,0,0,0,0,0,0
0,0,352.33494363929145,36.500268384326354,0,564.3585614600107,1765.4320987654319,1158.346752549651,0,0,0,0,0,0,0,0
0,0,338.41528881254027,36.504187245007515,0,542.3019111015675,1426.4547992269702,1188.7481211080094,0,0,0,0,0,0,0,0
0,0,315.2979066022544,4.508856682769726,0,542.2436929683306,1780.1395598497047,847.5577026301663,0,0,0,0,0,44.00386847195358,0,0
0,0,315.33175864290314,4.509340777324458,31.994846467683058,542.3019111015675,1742.967575692506,1278.9349366544986,0,0,0,0,44.1272,44.1272,0,0
0,0,313.5065492806528,4.509340777324458,31.994846467683058,490.0150311359244,1442.4522224608118,1334.2280438050248,0,0,0,0,45.5,45.5,0,0
0,0,274.61084272678477,4.508856682769727,31.99141170155663,465.2710681696189,1544.4981213097155,1243.156199677939,0,0,0,0,40.44444444444445,40.44444444444445,40.44444444444445,0
0,0,248.02755861762415,0,33.11479053228136,366.26291810201127,1363.4848316479608,1204.244916101789,0,0,0,0,40.44893877097455,40.44893877097455,40.44893877097455,0
0,0,224.1360151127903,0,37.78197577508612,441.16012890321144,1363.4848316479608,1204.244916101789,0,0,0,0,40.44444444444445,40.44444444444445,40.44444444444445,40.44444444444445
0,0,262.44444444444446,0,37.77777777777778,467.8888888888889,1375.1111111111113,1324.5555555555557,0,0,0,0,40.44893877097455,40.44893877097455,40.44893877097455,40.44893877097455
0,0,224.11111111111111,0,37.77777777777778,414.00000000000006,1375.1111111111113,1324.5555555555557,0,0,0,0,40.44893877097455,40.44893877097455,40.44893877097455,40.44893877097455
0,0,224.11111111111111,0,37.77777777777778,466.00000000000006,1491.3333333333335,1399.2222222222224,0,0,0,0,40.44444444444445,40.44444444444445,40.44444444444445,40.44444444444445
0,0,253.22222222222223,0,37.77777777777778,466.00000000000006,1125.111111111111,1756.0000000000002,0,0,0,0,40.43995111654261,0,40.43995111654261,45.10609932229753
0,0,276.8888888888889,33.111111111111114,4.666666666666667,464.11111111111114,1245.6666666666667,1367.3333333333335,0,0,0,0,0,0,40.44444444444445,45.111111111111114
0,0,262.44444444444446,33.111111111111114,4.666666666666667,518.2222222222223,1468.888888888889,1101,0,0,0,0,0,0,40.44444444444445,45.111111111111114
0,0,276.91965773974886,33.11479053228136,4.667185242804756,443.1603511501277,1463.162573619291,1265.0294477164127,0,0,0,0,0,0,0,45.116124013779306
0,0,262.4152871903122,33.10743250749917,4.666148205754917,525.2749694478392,1341.0732140873238,1053.4385068325744,0,0,0,0,0,0,0,45.10609932229753
0,0,238.7777777777778,33.111111111111114,0,497.22222222222223,1341.2222222222224,1176.3333333333335,0,0,0,0,0,0,0,4.667185242804756
0,0,236.66666666666669,37.77777777777778,0,395.33333333333337,1344.2222222222224,807.1111111111112,0,0,0,0,0,0,0,4.666666666666667
0,0,253.19408954560606,37.773580713254084,0,494.0562159760027,1237.0847683590714,1068.6590378846797,0,0,0,0,0,0,0,4.666666666666667
0,0,289.41228752360854,37.773580713254084,0,439.1734251749806,1351.405399400067,1143.0952116431508,0,0,0,0,0,0,0,4.666148205754917
0,0,236.66666666666669,37.77777777777778,0,439.22222222222223,1351.5555555555557,786.4444444444445,0,0,0,0,0,0,0,0
0,0,260.5555555555556,4.666666666666667,33.111111111111114,420.11111111111114,1321.6666666666667,830.3333333333334,0,0,0,0,0,0,0,0
0,0,236.66666666666669,4.666666666666667,33.111111111111114,408,1444.1111111111113,1126.111111111111,0,0,0,0,40.44893877097455,0,0,0
0,0,255.11111111111114,4.666666666666667,33.111111111111114,408,1344.2222222222224,962.2222222222223,0,0,0,0,40.43995111654261,0,33.10743250749917,0
0,0,207.55555555555557,4.666666666666667,33.111111111111114,412.7777777777778,1351.5555555555557,1158.888888888889,0,0,0,0,40.44893877097455,33.11479053228136,33.11479053228136,0
0,0,251.083212976336,4.666148205754917,33.10743250749917,365.9593378513499,1351.405399400067,1296.3004110654374,0,0,0,0,40.43995111654261,33.10743250749917,33.10743250749917,0
0,0,255.11111111111114,0,33.111111111111114,424.5555555555556,1357.4444444444446,1296.4444444444446,0,0,0,0,40.43995111654261,33.10743250749917,33.10743250749917,40.43995111654261
0,0,282.4213700990952,0,32.09823352003447,440.8660060318828,1737.1822490305904,1389.595002154244,0,0,0,0,45.10609932229753,33.10743250749917,37.773580713254084,40.43995111654261
0,0,268.41878500646277,0,32.09823352003447,487.93623438173205,1513.6794485135717,1379.1469194312797,0,0,0,0,43.208549999999995,31.71465,36.1845,38.738699999999994
0,0,282.39095315024235,0,32.094776521270866,528.59450726979,1788.691437802908,1696.6074313408724,0,0,0,0,43.8397581254724,36.713097937587726,36.713097937587726,39.30461073318215
0,0,236.29509962304795,0,0,542.81098546042,1588.1529348411418,1598.1690899299947,0,0,0,0,43.83502483264953,36.70913409630749,36.70913409630749,39.30036709134096
0,0,282.39095315024235,32.094776521270866,0,502.1001615508886,1555.9504577275177,1501.9924609585353,0,0,0,0,4.534657741308572,36.70913409630749,36.70913409630749,39.30036709134096
0,0,250.511577813678,32.094776521270866,0,522.4555735056543,1637.587506731287,1501.9924609585353,0,0,0,0,4.5351473922902485,36.713097937587726,4.5351473922902485,39.30461073318215
0,0,287.483843171047,32.09823352003447,0,548.1473502800517,1517.9879362343818,1507.755277897458,0,0,0,16.843014467717556,4.534657741308572,4.534657741308572,4.534657741308572,39.30036709134096
16.803102111158985,0,313.2270573028867,32.09823352003447,0,548.1473502800517,1628.823782852219,1359.1124515295132,16.84483317136378,16.84483317136378,0,16.84483317136378,4.5351473922902485,4.5351473922902485,4.5351473922902485,39.30461073318215
16.80129240710824,0,274.2057081313947,32.094776521270866,0,549.9192245557351,1542.1647819063005,1358.9660743134089,16.84483317136378,16.84483317136378,0,16.84483317136378,4.5351473922902485,4.5351473922902485,4.5351473922902485,0
16.80129240710824,0,295.63812600969305,36.6182014001077,0,481.63704900376956,1759.8276790522348,1340.656973613355,16.84483317136378,16.84483317136378,0,50.53449951409134,0,4.5351473922902485,0,0
17.333333333333336,17.333333333333336,243.00000000000003,37.77777777777778,0,431.00000000000006,1381,1027.5555555555557,17.98875,17.98875,17.98875,53.96625,0,0,0,0
26.66370403288523,17.3314076213754,281.3020775469392,37.77358071325408,0,388.9567825797133,1408.3990667703586,784.6905899344516,61.333333333333336,17.333333333333336,17.333333333333336,52.00000000000001,0,0,0,0
26.669629958884318,34.67051894654961,281.3645960662296,37.78197577508612,0,345.92732525836203,1408.712079119902,784.8649849983331,61.333333333333336,61.333333333333336,17.333333333333336,61.333333333333336,0,0,0,0
26.666666666666668,52.00000000000001,283.33333333333337,4.666666666666667,0,452.00000000000006,1334.1111111111113,888.4444444444445,61.333333333333336,61.333333333333336,59.333333333333336,61.333333333333336,0,0,0,0
26.666666666666668,61.333333333333336,297.77777777777777,4.666666666666667,0,431.00000000000006,1142.888888888889,905.0000000000001,61.333333333333336,61.333333333333336,68.66666666666667,61.333333333333336,0,0,0,0
68.66666666666667,61.333333333333336,259.6666666666667,4.666666666666667,33.111111111111114,355.11111111111114,1498.3333333333335,702.5555555555557,61.333333333333336,61.333333333333336,68.66666666666667,44,40.44444444444445,0,0,0
51.333333333333336,61.333333333333336,244.22222222222223,4.666666666666667,33.111111111111114,461.22222222222223,1491,948.2222222222223,44,44,68.66666666666667,44,40.44444444444445,0,0,0
51.333333333333336,61.333333333333336,266,4.666666666666667,33.111111111111114,400.7777777777778,1464.4444444444446,1258.5555555555557,44,44,68.66666666666667,44,40.44444444444445,0,0,0
51.333333333333336,61.333333333333336,222.11111111111111,0,33.111111111111114,495.7777777777778,1239.888888888889,1064.6666666666667,44,44,68.66666666666667,9.333333333333334,40.44444444444445,0,0,0
51.333333333333336,44,222.11111111111111,0,37.77777777777778,457.44444444444446,1470.4444444444446,1240.111111111111,44,44,51.333333333333336,9.333333333333334,40.44444444444445,33.111111111111114,40.44444444444445,0
42.00466718524281,44.00488943215913,231.3590398933215,0,37.781975775086124,457.4952772530281,1159.1287920880097,1155.3505945105012,0,44,51.333333333333336,9.333333333333334,40.44444444444445,33.111111111111114,40.44444444444445,0
41.99533385179425,26.66370403288524,245.75047216975895,0,37.773580713254084,445.61715364959457,1487.8346850349963,1555.9382290856574,0,0,51.33903767085231,0,40.44893877097455,33.11479053228136,40.44893877097455,40.44893877097455
41.99533385179424,9.33229641150983,181.75758249083432,33.10743250749916,37.77358071325408,419.8422397511387,1395.5116098211308,1255.7493611820908,0,0,9.334370485609512,0,40.44893877097455,33.11479053228136,40.44893877097455,40.44893877097455
42.0046671852428,0,229.35881764640513,33.11479053228136,37.78197577508612,466.71852428047555,1395.8217579731079,1520.057784198244,0,0,0,0,40.44444444444445,33.111111111111114,40.44444444444445,40.44444444444445
0,0,258.22222222222223,33.111111111111114,4.666666666666667,429.11111111111114,1235.4444444444446,1519.888888888889,0,0,0,0,0,33.111111111111114,40.44444444444445,40.44444444444445
0,299.44444444444446,203.55555555555557,4537.666666666667,4572.222222222223,382.33333333333337,1359,6184.222222222223,0,0,0,0,0,33.111111111111114,40.44444444444445,45.111111111111114
369,339.6666666666667,212.7777777777778,4537.666666666667,4572.222222222223,457.44444444444446,9287.333333333334,5873.88888888889,0,0,0,0,0,33.111111111111114,40.44444444444445,45.111111111111114
416.5555555555556,339.6666666666667,229.33333333333334,4641.444444444444,4706.222222222223,362.44444444444446,9287.333333333334,11123.88888888889,0,0,0,0,0,33.111111111111114,40.44444444444445,45.111111111111114
464.11111111111114,409,229.33333333333334,4747.555555555556,4803.222222222223,376.8888888888889,9304,11283.88888888889,0,0,0,0,0,0,0,45.111111111111114
464.11111111111114,449.22222222222223,196.22222222222223,4747.555555555556,4824.222222222223,397.8888888888889,9465.888888888889,11418.222222222223,0,0,0,0,0,0,0,45.111111111111114
526.1111111111112,503.8888888888889,229.33333333333334,4818.222222222223,4899.333333333334,351.11111111111114,9136.888888888889,11017.333333333334,0,0,0,0,0,0,0,4.666148205754915
644.1105769230769,612.139423076923,279.32692307692304,5293.028846153846,5393.8701923076915,440.38461538461536,9967.548076923076,12392.307692307691,0,0,0,0,0,0,0,4.666148205754915
643.9557798606104,611.9923095409757,245.73419850997354,5291.756789233357,5509.6130737803405,389.68997837058396,10273.972602739725,12085.9168469118,0,0,0,0,0,0,0,4.666666666666667
713.1354404518686,655.5702439610623,248.04710972238908,5391.5394784280725,5510.275207306813,504.5066698714096,10064.054801105634,12374.11368825862,0,0,0,0,40.44444444444445,0,0,4.666666666666667
754.6874999999999,375.2403846153846,248.07692307692307,595.6730769230769,644.2307692307692,481.00961538461536,9949.51923076923,6948.5576923076915,0,0,0,0,40.44444444444445,0,0,0
355.52884615384613,390.8653846153846,245.7932692307692,595.6730769230769,644.2307692307692,422.4759615384615,1439.6634615384614,7318.2692307692305,0,0,0,0,39.92625,0,0,0
371.1092416776829,390.8184112486479,245.76373032087483,582.5021031126065,623.9634659295756,553.0585266193966,1439.4904458598724,2006.9703160677798,0,0,0,0,38.947143162850416,0,0,0
363.1775027040018,382.8866722749669,279.2933541641629,543.9250090133396,631.0539598605935,478.9087850018026,1323.7591635620715,1644.1533469534909,0,0,0,0,38.947143162850416,0,0,0
396.7548076923077,339.4230769230769,248.07692307692307,543.9903846153845,656.7307692307692,496.87499999999994,1447.5961538461538,1690.1442307692307,0,0,0,0,38.947143162850416,0,38.947143162850416,0
396.7071265472899,323.7591635620718,227.8572286984737,548.7321235428433,575.4116091815886,496.81528662420374,1581.0599687537551,1689.9411128470133,0,0,0,0,38.947143162850416,38.947143162850416,38.947143162850416,0
297.44444444444446,251.7777777777778,220.11111111111111,469.7777777777778,523,412.5555555555556,1238.5555555555557,1404.1111111111113,0,0,0,0,38.951310861423224,38.951310861423224,38.951310861423224,0
335.8150905656184,251.8057561951328,189.13212579175465,507.3897099677742,468.94099344371597,412.60140015557283,1268.0297810867874,1657.7397488609845,0,0,0,0,38.947143162850416,38.947143162850416,38.947143162850416,0
271.91910212245807,266.25180575619515,196.2440271141238,415.71285698410935,468.94099344371597,396.0440048894322,1375.0416712968108,1743.9715523947107,0,0,0,0,0,38.951310861423224,38.951310861423224,0
295.5555555555556,273.5555555555556,196.22222222222223,467.8888888888889,475.22222222222223,433.5555555555556,1435.6666666666667,2059.222222222222,0,0,0,0,0,38.951310861423224,38.951310861423224,38.951310861423224
295.52271969781134,218.8645706032663,220.08665703810684,538.495722697478,583.1574269525607,412.50972114209526,1146.0948783468502,1717.2536384846126,0,0,0,0,0,40.40421615201901,40.40421615201901,40.40421615201901
288.22222222222223,247.7777777777778,189.11111111111111,446.8888888888889,467.8888888888889,360.33333333333337,1275.2222222222224,1686.7777777777778,0,0,0,0,0,45.11612401377931,40.44893877097456,40.44893877097456
279,233.33333333333334,196.22222222222223,466.00000000000006,413.7777777777778,381.33333333333337,1459.1111111111113,1686.7777777777778,0,0,0,0,0,45.111111111111114,40.44444444444445,45.111111111111114
247.97244750583266,233.30741028774577,227.1969781135429,536.6070436618153,369.0701033218531,343.7395844906121,1182.7574713920674,1700.9221197644704,0,0,0,0,0,45.11612401377931,0,45.11612401377931
248.00000000000003,255.11111111111114,220.11111111111111,506.2222222222223,477.11111111111114,440.6666666666667,1273.3333333333335,1948.2222222222224,0,0,0,0,0,4.666666666666667,0,45.111111111111114
300.77777777777777,240.66666666666669,181.7777777777778,506.44444444444446,420.11111111111114,418.8888888888889,1273.3333333333335,1828.0000000000002,0,0,0,0,0,4.666666666666667,0,45.111111111111114
262.44444444444446,302.6666666666667,219.8888888888889,468.8888888888889,466.6666666666667,418.8888888888889,1135,1574.5555555555557,0,0,0,0,0,4.667185242804756,0,45.11612401377931
286.11111111111114,262.44444444444446,212.7777777777778,527.4444444444445,466.6666666666667,397.8888888888889,1144.2222222222224,1402,0,0,0,0,0,4.666666666666667,0,45.111111111111114
286.11111111111114,214.8888888888889,212.7777777777778,489.8888888888889,481.5555555555556,343.7777777777778,959.8888888888889,1416.888888888889,0,0,0,0,40.44444444444445,4.666666666666667,0,4.666666666666667
286.11111111111114,276.8888888888889,205.44444444444446,456.7777777777778,373.5555555555556,433.33333333333337,1275.2222222222224,1416.888888888889,0,0,0,0,40.44444444444445,4.666666666666667,0,4.666666666666667
262.44444444444446,295.5555555555556,205.44444444444446,527.2222222222223,467.8888888888889,364.7777777777778,1253.2222222222224,1295.2222222222224,0,0,0,0,40.4399511165426,0,0,4.666148205754915
231.44444444444446,248.00000000000003,212.7777777777778,437.6666666666667,413.7777777777778,381.33333333333337,1206.7777777777778,1413,0,0,0,0,40.44444444444445,0,0,0
276.8888888888889,276.8888888888889,181.7777777777778,418.22222222222223,488.8888888888889,418.8888888888889,1206.7777777777778,1445.888888888889,0,0,0,0,40.44444444444445,0,0,0
214.8888888888889,276.8888888888889,205.44444444444446,460.5555555555556,380.8888888888889,322,1240,1561.4444444444446,0,0,0,0,45.11612401377931,0,0,0
224.11111111111111,276.8888888888889,205.44444444444446,427.44444444444446,449.44444444444446,358.44444444444446,1240,1519.1111111111113,0,0,0,0,45.10609932229752,40.4399511165426,0,0
255.11111111111114,245.8888888888889,196.22222222222223,427.44444444444446,471.44444444444446,396,1240,1519.1111111111113,0,0,0,0,45.111111111111114,40.44444444444445,40.44444444444445,0
255.0827685812687,276.85812687479165,203.53294078435727,460.2821908676813,471.39206754805014,327.40806577046993,1354.1828685701587,1638.5957115876013,0,0,0,0,45.111111111111114,40.44444444444445,40.44444444444445,0
260.1887601887602,327.1128271128272,233.2689832689833,500.85800085800093,472.86572286572294,418.4899184899185,1604.1398541398544,1921.0639210639213,0,0,0,0,4.666666666666667,40.44444444444445,40.44444444444445,0
260.1887601887602,267.2672672672673,233.2689832689833,464.6074646074647,527.3487773487774,418.4899184899185,1515.2295152295155,1921.0639210639213,0,0,0,0,4.666666666666667,40.44444444444445,40.44444444444445,40.44444444444445
290.11154011154014,281.2097812097812,233.2689832689833,469.1119691119692,520.4847704847706,418.4899184899185,1580.9738309738311,1993.2432432432436,0,0,0,0,4.667185242804756,45.11612401377931,40.44893877097456,40.44893877097456
312.955812955813,281.2097812097812,226.19047619047623,469.1119691119692,554.6975546975548,468.68296868296875,1312.9558129558131,2099.0990990990995,0,0,0,0,4.666666666666667,45.111111111111114,45.111111111111114,40.44444444444445
269.11938217312024,313.2039043226429,226.21473774536096,522.1495226858308,482.24820336801463,432.47881583181385,1580.0707926633058,1883.1921055454254,0,0,0,0,4.666148205754915,45.10609932229752,45.10609932229752,45.10609932229752
320.06864743108446,253.35192534591872,226.21473774536096,438.16368121849194,586.7210125496085,504.9876649147271,1504.7731416925883,1786.5493939718976,0,0,0,0,0,45.111111111111114,45.111111111111114,45.111111111111114
290.11154011154014,281.2097812097812,247.21149721149726,490.3474903474904,554.6975546975548,404.3329043329044,1504.6117546117548,1902.5096525096528,0,0,0,0,0,4.667185242804756,45.11612401377931,45.11612401377931
260.1887601887602,297.1900471900472,242.17074217074222,540.5405405405406,436.29343629343634,454.5259545259546,1540.755040755041,1902.5096525096528,0,0,0,0,0,4.787999999999999,4.787999999999999,46.284
272.3080223080224,253.32475332475337,219.11196911196913,452.2737022737023,520.4847704847706,474.79622479622486,1318.2110682110683,1808.0223080223084,0,0,0,0,0,4.577157802964255,4.577157802964255,44.2458587619878
311.0991957104557,281.1796246648793,196.24664879356567,556.6756032171581,548.5254691689007,454.4772117962466,1415.871313672922,1547.3458445040212,0,0,0,0,0,4.577157802964255,4.577157802964255,44.2458587619878
245.91621291254583,276.91965773974886,196.2440271141238,468.60762306922993,525.6139571063452,351.1501277919769,1330.2589176575175,1539.1710190021113,0,0,0,0,0,4.577157802964255,4.577157802964255,4.577157802964255
229.33333333333334,229.33333333333334,196.22222222222223,447.5555555555556,438.33333333333337,393.11111111111114,1262,1438.3333333333335,0,0,0,0,39.66870095902354,0,4.577157802964255,4.577157802964255
244.00000000000003,243.7777777777778,196.22222222222223,516.1111111111112,445.6666666666667,374,1262,1448.888888888889,0,0,0,0,39.67302452316077,0,0,4.57765667574932
258.4157315853794,181.75758249083432,210.64326185979334,409.95444950561046,445.61715364959446,373.9584490612154,1092.323075213865,1448.7279191200976,0,0,0,0,39.66870095902354,0,0,0
205.64381735362736,243.75069436729248,196.20042217531383,468.50349961115427,438.284635040551,386.7348072436395,1224.7528052438615,1532.9407843572935,0,0,0,0,39.66870095902354,0,0,0
236.69296588509835,229.35881764640516,174.46382931436827,462.05133903767086,381.9313257028559,422.2691410156684,1225.0250027780864,1295.1439048783197,0,0,0,0,39.66437833714721,0,0,0
251.11111111111114,181.7777777777778,196.22222222222223,431.00000000000006,462.22222222222223,417.00000000000006,1234.111111111111,1549.6666666666667,0,0,0,0,39.6032,39.6032,39.6032,0
214.8888888888889,243.7777777777778,196.22222222222223,431.00000000000006,438.33333333333337,396,1419.888888888889,1349.1111111111113,0,0,0,0,40.44444444444445,40.44444444444445,40.44444444444445,0
236.66666666666669,229.33333333333334,196.22222222222223,445.44444444444446,452.00000000000006,362.8888888888889,1349.888888888889,1739.888888888889,0,0,0,0,40.4399511165426,40.4399511165426,40.4399511165426,0
251.08321297633594,181.75758249083432,196.20042217531383,409.95444950561046,351.0721030996555,362.8485723808465,1062.8819020108876,1392.0675480502164,0,0,0,0,40.44444444444445,40.44444444444445,40.44444444444445,0
205.68952105789532,229.35881764640516,210.69007667518613,397.93310367818646,405.2672519168797,379.4866096232915,1131.2368040893432,1584.6205133903768,0,0,0,0,0,40.44444444444445,40.44444444444445,0
222.02466940771197,229.35881764640516,210.69007667518613,436.4929436604067,452.05022780308923,309.0343371485721,1337.9264362706967,1705.1894654961663,0,0,0,0,0,45.111111111111114,40.44444444444445,40.44444444444445
222.00000000000003,276.8888888888889,196.22222222222223,436.44444444444446,452.00000000000006,407.7777777777778,1230.7777777777778,1841.2222222222224,0,0,0,0,0,45.11612401377931,40.44893877097456,40.44893877097456
222.00000000000003,214.8888888888889,179.66666666666669,429.11111111111114,414.44444444444446,357.44444444444446,1221.888888888889,1494.4444444444446,0,0,0,0,0,45.111111111111114,40.44444444444445,40.44444444444445
214.6428174647261,229.307854682813,217.97578046883677,436.39595600488826,466.3926230418842,364.73725141650925,1369.2923008554603,1888.6790356627039,0,0,0,0,0,45.11612401377931,40.44893877097456,40.44893877097456
200.22222222222223,282.11111111111114,196.22222222222223,415.44444444444446,386.11111111111114,280.44444444444446,1146.2222222222224,1824.7777777777778,0,0,0,0,0,4.666148205754915,0,40.4399511165426
236.44444444444446,220.11111111111111,196.22222222222223,466.6666666666667,397.8888888888889,364.7777777777778,1264.5555555555557,1824.7777777777778,0,0,0,0,0,4.666666666666667,0,40.44444444444445
214.69052116901878,229.35881764640516,196.2440271141238,396.0440048894322,410.04556061784643,364.8183131459051,1233.359262140238,1655.7395266140682,0,0,0,0,0,4.666666666666667,0,40.44444444444445
200.22222222222223,258.22222222222223,188.8888888888889,396,410.00000000000006,402.33333333333337,1426.4444444444446,1655.5555555555557,0,0,0,0,0,4.666666666666667,0,40.44444444444445
236.41817575824905,196.20042217531383,174.4250638817909,445.61715364959446,414.398400177758,343.7395844906121,1251.1943117431395,1563.4929452283077,0,0,0,0,0,4.666666666666667,0,40.44444444444445
235.30673530673533,235.30673530673533,189.40368940368944,465.4654654654655,436.29343629343634,504.933504933505,1526.2762762762766,1579.4723294723296,0,0,0,0,0,0,0,0
249.30272473718085,249.30272473718085,240.39905599656726,465.5653293284703,509.65458056211116,409.6760351855825,1653.0787384681398,1750.4827290281055,0,0,0,0,40.44444444444445,0,0,0
249.30272473718085,249.30272473718085,240.39905599656726,466.3162411499678,448.50890366874063,427.91246513623685,1370.4140742329973,1750.4827290281055,0,0,0,0,40.44444444444445,0,0,0
256.3552504558619,249.27598412528158,203.36801458757913,465.5153920411885,463.6919446530087,386.5708462941114,1481.7118953126678,1540.0622117344203,0,0,0,0,40.44444444444445,0,0,0
256.3277563277564,228.22822822822826,217.28871728871732,465.4654654654655,536.894036894037,488.953238953239,1481.5529815529817,1595.881595881596,0,0,0,0,40.44893877097456,0,0,0
249.27598412528158,258.17869784404166,233.29400407594125,502.5206478601309,464.4427759304945,443.84854660517004,1293.253244663735,1596.0527727126462,0,0,0,0,40.44444444444445,0,0,4538.222222222223
256.3277563277564,235.30673530673533,233.2689832689833,452.2737022737023,456.5637065637066,402.50965250965254,1360.2531102531104,1593.5220935220937,0,0,0,314.1460162240249,40.44893877097456,40.44893877097456,0,4538.7265251694635
256.382750482729,235.3572194807981,224.4153615104055,529.9291997425445,534.2201244368161,420.8324393906887,1419.7597082171208,1812.5938639776873,0,0,0,354.33333333333337,40.44444444444445,40.44444444444445,0,4585
249.30272473718085,295.21561896588713,224.4153615104055,470.60716584423943,477.68719158978763,489.0581420296074,1523.06372023171,1559.322033898305,0,0,0,354.2939673369625,40.4399511165426,40.4399511165426,0,4584.490612154204
288.135593220339,249.30272473718085,217.33533576485732,522.8491739969963,522.8491739969963,429.9506543660159,5342.952156189659,6400.021454623471,0,0,0,442.11111111111114,40.44444444444445,40.44444444444445,33.111111111111114,4716.88888888889
207.55555555555557,196.22222222222223,172.33333333333334,471.8888888888889,390.5555555555556,348.22222222222223,5089.777777777778,6146.666666666667,0,0,0,462.3598,0,42.2968,34.6276,4932.9223999999995
243.75069436729254,196.2004221753139,196.2004221753139,419.84223975113883,449.06121542050886,364.7372514165093,5303.188534607267,6495.1672036440405,0,0,0,471.56834285714285,0,43.139199999999995,35.317257142857144,5031.168457142857
196.2440271141238,229.35881764640516,210.69007667518613,379.4866096232915,381.3757084120458,418.9354372708079,5224.9138793199245,6653.961551283476,0,0,0,546.2316397784733,0,43.82374187334457,35.87767878641945,5211.41343607031
243.8048672074675,227.2474719413268,172.57473052561397,379.4866096232915,374.0415601733526,312.8125347260807,5224.9138793199245,6791.421269029893,0,0,0,546.4290015656991,0,43.839576056846916,35.890641936649395,5351.318800433577
214.8888888888889,196.22222222222223,179.66666666666669,396,411.5555555555556,348.22222222222223,5360.666666666667,6790.666666666667,0,0,0,590.0277008310248,0,43.839576056846916,35.890641936649395,432.1329639889196
181.79797755306146,227.2474719413268,179.6866318479831,433.60373374819426,343.8159795532837,369.26325147238583,5184.687187465274,6781.864651627959,0,0,0,324.7019149704925,0,0,35.890641936649395,508.7317836926411
210.66666666666669,198.33333333333334,196.22222222222223,353.22222222222223,384.22222222222223,381.33333333333337,5087.222222222223,6900.555555555556,0,0,0,281.10321570516675,0,0,35.890641936649395,590.9912079971093
181.7777777777778,181.7777777777778,196.22222222222223,412.5555555555556,384.22222222222223,310.6666666666667,5218.222222222223,6900.555555555556,0,0,0,316.79113466634544,0,0,35.89496506865815,591.0623946037099
189.11111111111111,196.22222222222223,196.22222222222223,396,396,364.7777777777778,1194.6666666666667,1856.888888888889,0,0,0,268.8184993375888,0,0,0,524.6296519330361
218.00000000000003,181.7777777777778,196.22222222222223,322,403.33333333333337,364.7777777777778,1194.6666666666667,1856.888888888889,0,0,0,200.9131525755936,0,0,0,555.2116151820168
205.4672741415713,243.8048672074675,157.9064340482276,428.15868429825537,344.81609067674185,348.2609178797644,1259.139904433826,1762.6402933659297,0,0,0,247.02015599599852,0,0,0,543.6323699512318
229.30785468281306,196.2004221753139,196.2004221753139,376.84701699811137,412.5097211420954,348.1835351627597,1230.1966448172427,1428.2857460282194,0,0,0,295.6541069245304,0,0,0,560.9647660331221
181.7777777777778,167.33333333333334,210.66666666666669,457.22222222222223,426.22222222222223,400.22222222222223,1230.3333333333335,1456.888888888889,0,0,0,295.5555555555556,40.44444444444445,0,0,433.44444444444446
196.2440271141238,220.13557061895767,196.2440271141238,351.1501277919769,388.70985665073897,327.25858428714304,1199.2443604844982,1827.7586398488722,0,0,0,302.8888888888889,40.44444444444445,0,0,541.4444444444445
219.86445950449954,189.0901010998778,196.2004221753139,364.7372514165093,433.5073880679925,379.4022886345962,1353.7384735029443,1617.8202421953117,0,0,0,288.19020108876794,40.43995111654261,0,0,470.7254749472281
190.97878013554052,227.19697811354297,172.31418731252086,418.84235084990564,364.7372514165093,310.8543495167204,1196.0893234085104,1587.2680813242976,0,0,0,288.22222222222223,40.44444444444445,0,0,423.22222222222223
229.33333333333334,196.22222222222223,203.33333333333334,381.33333333333337,364.7777777777778,383.8888888888889,1172.2222222222224,1659.2222222222224,0,0,0,295.5227196978114,40.43995111654261,0,0,423.1752027552495
196.22222222222223,181.7777777777778,165.22222222222223,343.7777777777778,381.33333333333337,346.33333333333337,1204,1427.1111111111113,0,0,0,252.00000000000003,45.111111111111114,0,0,467.8888888888889
196.2004221753139,243.75069436729254,186.97922453060772,416.73147428063555,390.51216531496505,346.29485612709703,1203.8662370847685,1684.9238973447398,0,0,0,280.8888888888889,45.111111111111114,0,0,366.22222222222223
220.06220839813372,181.73739169073536,210.6198622528327,364.69673405909793,390.4687847145078,379.3601421906243,1141.301932903799,1810.1532992668294,0,0,0,295.33333333333337,45.111111111111114,0,0,366.22222222222223
181.7777777777778,196.22222222222223,157.88888888888889,417.00000000000006,364.7777777777778,346.33333333333337,1156.111111111111,1827.1111111111113,0,0,0,273.5555555555556,45.111111111111114,40.44444444444445,40.44444444444445,434.7777777777778
263.8142334981725,249.83874435605247,217.80262309180824,448.7207052246829,426.57493012255435,407.7617716620082,1491.5072027520964,2064.0722425284885,0,0,0,273.52516387068107,4.666148205754917,40.43995111654261,40.43995111654261,542.7174758360183
249.86560584883347,226.7498118481884,194.9252768519514,448.7689495753145,426.6207934630685,407.80561229975274,1284.5930545102678,1705.623051284808,0,0,0,240.44444444444446,4.666666666666667,40.44444444444445,40.44444444444445,434.7777777777778
240.96774193548384,226.77419354838707,231.8279569892473,476.9892473118279,469.8924731182795,407.6344086021505,1350.9677419354837,2050.537634408602,0,0,0,233.35926214023777,4.667185242804756,40.44893877097455,40.44893877097455,503.61151239026555
254.91882593269543,242.76959466724009,217.82604021073004,485.8617352972799,455.86496075690786,443.930760133319,1350.8224922051393,1937.748629179658,0,0,0,247.72272828260384,4.665629860031103,40.43545878693623,40.43545878693623,482.4483448122639
217.80262309180824,242.7434960223608,224.89787142549991,435.49774242098476,506.1277144700065,373.253063857235,1444.6355622446788,1868.092883250914,0,0,0,269.58550950105564,4.667185242804756,45.116124013779306,45.116124013779306,482.6091787976441
263.8142334981725,242.7434960223608,238.8733605676199,490.10965383788437,433.4551709309826,394.3238013330467,1405.396688884111,2239.7333906686736,0,0,0,269.5555555555556,0,45.111111111111114,45.111111111111114,456.7777777777778
249.89247311827955,219.6774193548387,203.87096774193546,455.9139784946236,423.87096774193543,443.9784946236559,1405.6989247311826,1990.537634408602,0,0,0,255.11111111111114,0,45.111111111111114,45.111111111111114,489.8888888888889
217.872889558017,256.8018066458759,203.89289170878587,403.59178406280245,497.36530809764486,407.67824497257766,1404.0219378427787,1904.6133992902462,0,0,0,193.11111111111111,0,45.111111111111114,45.111111111111114,579.4444444444445
256.7741935483871,242.79569892473114,217.84946236559136,403.3333333333333,456.66666666666663,387.3118279569892,1421.8279569892472,2166.2365591397847,0,0,0,200.22222222222223,0,4.666666666666667,4.666666666666667,464.11111111111114
242.76959466724009,205.6768089452747,233.84582302978174,468.87431458982905,506.18213095366093,481.23857649715086,1421.67508870014,2166.0036555209117,0,306.8118679853317,0,262.2513612623625,0,4574.174908323146,4.667185242804756,443.3825980664518
188.8888888888889,205.44444444444446,188.8888888888889,416.7777777777778,416.7777777777778,370.22222222222223,1297.7777777777778,1775.7777777777778,314.11111111111114,347,303.8888888888889,247.7777777777778,4558.777777777778,4573.666666666667,4.666666666666667,516.3333333333334
174.42506388179092,205.42161982002003,186.97922453060772,336.40706588156877,327.18586823686263,332.62970781024336,1074.4361737584713,16086.545939340076,314.11111111111114,387.22222222222223,365.8888888888889,214.66666666666669,4657.777777777778,4700.333333333334,4567.666666666667,447.5555555555556
222.00000000000003,196.22222222222223,172.55555555555557,324.33333333333337,364.7777777777778,362.8888888888889,9334.333333333334,15889.222222222223,401.9782173816404,387.3082907312736,365.9702156034674,247.83285174483217,4736.830406757057,4701.378084018671,4655.923538564125,464.2142698377417
236.44444444444446,181.7777777777778,172.33333333333334,392.8888888888889,312.77777777777777,414.8888888888889,9154.222222222223,16336.000000000002,388.7822875,374.5939375,353.9563375,179.7191,4581.332225,4542.5292375,4498.56685,448.9752875
188.9098788754306,210.6900766751861,157.90643404822757,336.48183131459047,385.8206467385265,393.15479497721964,9007.77864207134,41236.58184242693,412.6265890971773,442.68476621417796,400.88343029519496,194.13919413919413,8834.62615815557,4671.945701357466,8713.316095669035,4168.7136393018745
174.44444444444446,210.8888888888889,188.8888888888889,357.44444444444446,381.33333333333337,341.8888888888889,14816.77777777778,41232,7718.702865761688,442.68476621417796,7744.343891402715,180.13359189829777,8834.62615815557,4671.945701357466,8713.316095669035,4116.246498599439
188.8888888888889,172.55555555555557,7495.222222222223,357.44444444444446,305.44444444444446,4604.333333333334,14719.000000000002,46782,7757.703081232492,511.7431588019823,7744.343891402715,7533.397974574445,9495.690583925878,4847.446670976083,9430.295195001077,5104.503339797457
148.66666666666669,7484.333333333334,7490.000000000001,4669.777777777778,4632,4630.111111111111,14531.000000000002,46494.88888888889,7756.867392006894,7848.648066357858,7803.6195195518685,7500.700204675212,9494.667672088764,9615.426047613917,9513.842507809975,5103.953463320047
7484.0537837537495,7485.1650183353695,7445.382820313367,4602.511390154461,4581.286809645516,4533.503722635848,15607.178575397265,48180.13112568063,7824.929971988795,7552.036199095022,7850.57099762982,7487.502693385046,9600.624865330747,5186.274509803921,9514.86748545572,5088.450764921353
7483.222222222223,7438.88888888889,7444.555555555556,4559.222222222223,4528.777777777778,5018.88888888889,15646.000000000002,47916.77777777778,7558.547883227405,7572.3365291392865,7592.265431433803,7500.700204675212,5278.358289346116,5254.228159000323,9600.667887536356,5087.902617688247
7655.29503278142,7643.404822758083,7606.956328480942,5173.019224358261,5168.685409489943,5164.351594621624,18345.038337593065,36096.677408600954,7589.42038353803,7534.152122387416,7555.914673561731,7487.502693385046,5182.934712346477,5131.9758672699845,5266.2141779788835,5156.970480499892
7607.734192688075,7636.07067451939,7628.736526280697,5206.134014890543,5168.685409489943,5096.566285142793,10084.342704744971,36096.677408600954,7541.478129713423,14725.921137685842,7602.025425554837,7501.508295625942,5180.133591898298,9058.392587804352,5181.64188752424,5088.450764921353
7654.444444444445,7649.666666666667,7589.777777777778,8856.888888888889,5168.111111111111,5095.222222222223,10508.111111111111,64370.55555555556,7954.845662499999,15518.8281875,7994.399324999999,7922.0172625,991.8052375,9458.226799999999,5486.9023,5788.855187499999
7639.151205421621,7619.931118764583,7617.820242195313,8855.904899455618,9404.17731363182,9353.071880902124,10769.914453949563,44327.29696700367,15149.000000000002,15127.222222222223,15208.111111111111,15075.555555555557,5336.666666666667,9670.666666666668,5348.444444444445,5642.777777777778
14934.785023886237,14912.5652705255,7586.823686257084,9383.40184423953,9366.625930452174,9353.071880902124,4960.559937784691,44754.02733029664,7614.000000000001,15143.77777777778,7634.555555555556,15092.111111111111,5353.222222222223,9694.555555555557,5381.555555555556,5675.88888888889
14907.555555555557,14914.222222222223,7576.222222222223,9417.555555555557,9367.666666666668,5056.222222222223,5068.111111111111,38968.88888888889,7573.777777777778,15072.555555555557,7634.555555555556,7508.444444444445,4671.444444444444,9513.555555555557,4642.111111111111,4614.88888888889
14932.370905052747,7600.33314825097,7562.798445308161,5050.416435313714,5071.40477512493,5044.197667962242,5065.297057190449,38947.25152692948,7574.619402155794,7505.722858095343,7573.397044116012,7494.832759195466,4671.9635515057225,4595.621735748416,4555.395043893765,4615.401711301255
7591.666666666667,7604.555555555556,7583.555555555556,5069.777777777778,5074.222222222223,5063.555555555556,4343,37542.66666666667,7504.444444444445,7504.88888888889,7525.000000000001,7446.444444444445,4563.222222222223,4595.111111111111,4554.88888888889,4544.222222222223
7591.666666666667,7604.555555555556,7583.555555555556,5053.222222222223,5074.222222222223,4577.666666666667,4197.444444444444,37668.66666666667,7465.051672408044,7443.715968440937,7487.498610956773,7432.82586954106,4462.05133903767,4524.947216357373,4465.829536615179,4488.276475163907
7406.000000000001,7400.88888888889,7385.777777777778,4440,4434.88888888889,4413.88888888889,1500.4444444444446,34824,7423.324456280515,7432.978251220595,7453.0625832223695,7422.103861517976,4455.614735907679,4518.419884598313,4367.842876165113,4411.229471815357
7391.555555555556,7362.777777777778,7380.555555555556,4355.666666666667,4359.777777777778,4413.88888888889,1842.0000000000002,35000.77777777778,7394.88888888889,25.77777777777778,7415.444444444445,7370.000000000001,4386.444444444444,475.00000000000006,4373.666666666667,4421.777777777778
7976.541717049576,7996.9770253929855,8032.043530834339,691.8984280532043,4744.619105199516,4773.760580411124,1771.8258766626357,7152.116082224908,7394.88888888889,16.555555555555557,7415.444444444445,7370.000000000001,4386.444444444444,475.00000000000006,33.111111111111114,102.11111111111111
7974.613152804643,7995.0435203094785,7998.670212765958,691.7311411992264,54.03771760154739,108.07543520309478,1485.2514506769826,1447.2920696324952,0,16.555555555555557,0,16.555555555555557,16.555555555555557,23.88888888888889,33.111111111111114,102.11111111111111
36.033857315598546,18.016928657799273,8000.604594921401,54.050785973397815,36.033857315598546,108.10157194679563,1770.6166868198304,1044.8609431680773,0,0,0,0,47.77777777777778,0,0,69
36.02514506769826,18.01257253384913,36.02514506769826,18.01257253384913,36.02514506769826,90.06286266924565,1757.4951644100581,988.9990328820116,0,0,0,0,47.77777777777778,0,0,21.222222222222225
0,0,36.04693359138745,18.023466795693725,0,72.0938671827749,1758.5581226563447,1182.0491109229467,0,0,0,0,47.77777777777778,0,0,21.222222222222225
0,0,18.01257253384913,36.02514506769826,0,54.03771760154739,1648.0899419729208,1104.4487427466152,0,0,0,0,47.77246972558605,0,0,21.219864459504503
0,0,18.014750332487,36.029500664974,0,54.044250997461,1760.4884536331758,967.4767259098052,0,0,0,0,47.77777777777778,0,0,4.666666666666667
0,0,18.014750332487,36.029500664974,0,36.029500664974,1760.4884536331758,1207.834602829162,0,0,0,0,47.84156653315532,0,0,4.672897196261682
0,0,0,36.029500664974,0,36.029500664974,1669.5683714182078,1033.490509007375,0,0,0,0,47.77777777777778,0,0,0
0,0,0,33.111111111111114,33.111111111111114,9.222222222222223,1337.6666666666667,653.8888888888889,0,0,0,0,47.77777777777778,0,0,0
0,0,0,33.1184707712825,33.1184707712825,0,1337.9639919982217,967.2149366525894,0,0,0,0,47.77777777777778,0,47.77777777777778,0
0,0,0,33.111111111111114,33.111111111111114,0,1285.6666666666667,910.3333333333334,0,0,0,0,0,0,47.77246972558605,0
0,0,0,33.11479053228136,33.11479053228136,0,1312.2569174352705,932.548060895655,0,0,0,0,0,0,47.77777777777778,40.44444444444445
0,0,0,33.11479053228136,33.11479053228136,0,1312.2569174352705,1027.7808645405044,0,0,0,0,0,40.44444444444445,47.77777777777778,40.44444444444445
0,0,0,0,33.11479053228136,0,1402.155795088343,844.7605289476608,0,0,0,0,0,40.44444444444445,47.77777777777778,40.44444444444445
0,0,0,0,37.773580713254084,0,1189.7566937007,944.2284190645485,0,0,0,0,0,40.44444444444445,47.77777777777778,40.44444444444445
0,0,0,0,37.77777777777778,0,1398.4444444444446,1026.5555555555557,0,0,0,0,0,40.40855,47.735375,40.40855
0,0,0,0,37.77777777777778,0,1378.4444444444446,1032.6666666666667,0,0,0,0,0,39.18613413715148,46.29131230487674,39.18613413715148
0,0,0,0,4.666148205754917,33.10743250749917,1232.974113987335,1032.551938673481,0,0,0,0,0,39.18613413715148,46.29131230487674,39.18613413715148
0,0,0,0,4.666666666666667,33.111111111111114,1476.888888888889,984.1111111111112,0,0,0,0,0,39.18613413715148,0,39.18613413715148
0,0,0,0,4.666666666666667,33.111111111111114,1488.3333333333335,984.1111111111112,0,0,0,0,0,39.19035314384151,0,39.19035314384151
0,0,0,0,4.666148205754917,33.10743250749917,1388.512387512499,961.893122986335,0,0,0,0,0,39.18613413715148,0,0
0,0,0,0,4.666148205754917,33.10743250749917,1605.4882790801023,910.7876902566383,0,0,0,0,0,0,0,0
0,0,0,0,4.666148205754917,33.10743250749917,1266.8592378624598,915.4538384623932,0,0,0,0,0,0,0,0
0,0,0,0,0,37.77777777777778,1574.2222222222224,832.4444444444445,0,0,0,0,0,0,0,0
0,0,0,33.10743250749917,0,37.773580713254084,1517.9424508387958,825.1305410509945,0,0,0,0,0,0,0,0
0,0,0,33.111111111111114,0,37.77777777777778,1418.4444444444446,802.5555555555557,0,0,0,0,33.11479053228136,0,0,0
0,0,0,33.10007775186049,0,4.665111629456848,1417.9717871820505,824.3918693768744,0,0,0,0,33.111111111111114,0,0,0
0,0,0,33.10743250749917,0,4.666148205754917,1387.068103544051,826.019331185424,0,0,0,0,33.111111111111114,0,0,0
0,0,0,33.10743250749917,0,4.666148205754917,1394.4006221530942,956.3381846461506,0,0,0,0,33.11479053228136,0,0,0
0,0,0,36.46503646503647,31.960531960531966,4.504504504504506,1548.4770484770488,1152.4024024024025,0,0,0,0,33.111111111111114,0,0,0
0,0,0,36.46503646503647,31.960531960531966,4.504504504504506,1561.5615615615618,939.1891891891893,0,0,0,0,33.11479053228136,0,40.44893877097455,0
0,0,0,36.46894776359541,31.963960098680683,4.504987664914728,1821.1948943473133,1122.814544674461,0,0,0,0,37.773580713254084,40.43995111654261,40.43995111654261,0
0,0,0,36.46503646503647,36.46503646503647,0,1524.4530244530247,1203.0244530244531,0,0,0,0,37.77777777777778,40.44444444444445,40.44444444444445,0
0,0,0,4.504504504504506,36.46503646503647,0,1614.1141141141143,917.4174174174176,0,0,0,0,37.78197577508612,40.44893877097455,40.44893877097455,40.44893877097455
0,0,0,4.50402144772118,36.46112600536193,0,1480.4289544235926,1314.1018766756033,0,0,0,0,4.666148205754917,40.43995111654261,40.43995111654261,40.43995111654261
0,0,0,4.505954296749277,36.476772878446525,31.970818581697248,1792.5115330973074,1385.2590923720634,0,0,0,0,4.667185242804756,40.44893877097455,45.116124013779306,40.44893877097455
0,0,0,4.504987664914728,36.46894776359541,31.963960098680683,1586.9355357717475,1128.177625227931,0,0,0,0,4.667185242804756,45.116124013779306,45.116124013779306,40.44893877097455
0,0,0,4.504504504504506,36.46503646503647,31.960531960531966,1667.846417846418,1193.3719433719436,0,0,0,0,4.666148205754917,45.10609932229753,45.10609932229753,40.43995111654261
0,0,0,0,4.504504504504506,31.960531960531966,1810.2745602745606,1193.3719433719436,0,0,0,0,4.666666666666667,45.111111111111114,45.111111111111114,40.44444444444445
0,0,0,0,4.666666666666667,33.111111111111114,1296.888888888889,1039,0,0,0,0,4.666148205754917,45.10609932229753,4.666148205754917,40.43995111654261
0,0,0,0,4.666148205754917,33.10743250749917,1381.290967670259,1115.987112543051,0,0,0,0,0,4.667185242804756,4.667185242804756,40.44893877097455
0,0,0,33.11479053228136,0,33.11479053228136,1381.5979553283696,1016.4462718079785,0,0,0,0,0,4.666666666666667,4.666666666666667,40.44444444444445
0,0,0,33.111111111111114,0,33.111111111111114,1350.1111111111113,1016.3333333333334,0,0,0,0,0,4.666148205754917,4.666148205754917,0
0,0,0,33.111111111111114,0,33.111111111111114,1599.888888888889,811.4444444444445,0,0,0,0,0,4.667185242804756,4.667185242804756,0
0,0,0,33.11479053228136,0,0,1277.4752750305588,716.3018113123679,0,0,0,0,0,4.666148205754917,0,0
0,0,0,33.111111111111114,0,0,1491.3333333333335,732.7777777777778,0,0,0,0,0,0,0,0
0,0,0,33.11479053228136,0,0,1393.2659184353815,742.0824536059562,0,0,0,0,33.111111111111114,0,0,0
0,0,0,33.092726263187124,33.092726263187124,0,1244.8639644641867,741.5880066629651,0,0,0,0,33.111111111111114,0,0,0
0,0,0,33.10743250749917,33.10743250749917,0,1368.9590045550497,837.2403066325965,0,0,0,0,34.15825,0,0,0
0,0,0,33.11479053228136,33.11479053228136,0,1372.7080786754082,565.5072785865095,0,0,0,0,32.09823352003447,0,0,0
0,0,0,0,33.111111111111114,0,1372.5555555555557,846.1111111111112,0,0,0,0,32.10169126360013,0,0,0
0,0,0,0,33.11479053228136,0,1273.030336704078,846.205133903767,0,0,0,0,32.105149752208575,39.2156862745098,0,39.2156862745098
0,0,0,0,33.11479053228136,0,1348.7054117124123,816.7574174908323,0,0,0,0,32.10169126360013,39.21146181191425,0,39.21146181191425
0,0,0,0,33.10743250749917,0,1348.4057326963673,911.6764803910678,0,0,0,0,32.10169126360013,39.21146181191425,0,39.21146181191425
0,0,0,0,33.10743250749917,0,1388.9567825797135,1028.7745806021555,0,0,0,0,32.10169126360013,39.21146181191425,39.21146181191425,39.21146181191425
0,0,0,0,33.111111111111114,0,1409.6666666666667,1102.7777777777778,0,0,0,0,0,39.21146181191425,39.21146181191425,39.21146181191425
0,0,0,0,0,0,1524.8471372984989,1103.3907726514728,0,0,0,0,0,39.2156862745098,39.2156862745098,43.74057315233785
0,0,0,0,0,33.1184707712825,1639.8088464103132,1064.1253611913758,0,0,0,0,0,38.88885,38.88885,43.376025
0,0,0,33.111111111111114,0,33.111111111111114,1282.6666666666667,1357.7777777777778,0,0,0,0,0,40.44444444444445,40.44444444444445,45.111111111111114
0,0,0,32.00515519278273,0,36.51594887767157,1559.123617226936,1223.6064869509182,0,0,0,0,0,40.44893877097455,40.44893877097455,45.116124013779306
0,0,0,32.00171821305842,0,36.51202749140893,1749.2482817869416,1239.475945017182,0,0,0,0,0,0,40.43995111654261,4.666148205754917
0,0,0,32.00515519278273,0,36.51594887767157,1584.5773815916657,1068.7359037697347,0,0,0,0,0,0,40.43995111654261,4.666148205754917
0,0,0,32.00515519278273,0,36.51594887767157,1584.5773815916657,1199.2267210825905,0,0,0,0,0,0,40.44444444444445,4.666666666666667
0,0,0,32.00859291084855,0,36.51987110633727,1660.3651987110634,1092.4812030075188,0,0,0,0,0,0,0,4.666666666666667
0,0,0,32.00171821305842,0,36.51202749140893,1550.4725085910652,820.5541237113401,0,0,0,0,0,0,0,4.666666666666667
0,0,0,32.00515519278273,32.00515519278273,36.51594887767157,1440.1245838255827,1083.4496831704434,0,0,0,0,0,0,0,0
0,0,0,32.00171821305842,32.00171821305842,4.510309278350515,1517.8264604810995,1011.3831615120274,0,0,0,0,0,0,0,0
0,0,0,0,32.00515519278273,4.510793684888841,1644.6138975405433,727.4191816131457,0,0,0,0,33.111111111111114,0,0,0
0,0,0,0,32.00515519278273,4.510793684888841,1428.7401997637203,912.4691225432284,0,0,0,0,33.10743250749917,0,0,0
0,0,0,0,33.111111111111114,0,1278.7777777777778,738.6666666666667,0,0,0,0,33.111111111111114,40.44444444444445,0,0
0,0,0,0,33.111111111111114,0,1123.888888888889,866.7777777777778,0,0,0,0,33.111111111111114,40.44444444444445,0,0
0,0,0,0,33.111111111111114,0,1499.6666666666667,835.5555555555557,0,0,0,0,33.111111111111114,40.44444444444445,0,0
0,0,0,0,33.10743250749917,0,1382.735251638707,907.5658260193313,0,0,0,0,33.111111111111114,40.44444444444445,0,40.44444444444445
0,0,0,0,33.111111111111114,33.111111111111114,1261.2222222222224,907.6666666666667,0,0,0,0,33.11479053228136,40.44893877097455,0,40.44893877097455
0,0,0,0,0,33.10743250749917,1583.490723252972,909.1212087545829,0,0,0,0,33.111111111111114,40.44444444444445,0,40.44444444444445
0,0,0,33.111111111111114,0,33.111111111111114,1371.1111111111113,1077.2222222222224,0,0,0,0,33.10743250749917,40.43995111654261,0,40.43995111654261
0,0,0,33.10743250749917,0,33.10743250749917,1239.9733362959673,1077.1025441617599,0,0,0,0,0,40.44893877097455,40.44893877097455,40.44893877097455
0,0,0,33.111111111111114,0,33.111111111111114,1604.6666666666667,1108.5555555555557,0,0,0,0,0,40.44893877097455,40.44893877097455,40.44893877097455
0,0,0,33.111111111111114,0,33.111111111111114,1385.7777777777778,1220.111111111111,0,0,0,0,0,0,40.44893877097455,40.44893877097455
0,0,0,33.10743250749917,0,33.10743250749917,1516.4981668703479,1091.8786801466506,0,0,0,0,0,0,40.44893877097455,40.44893877097455
0,0,0,33.111111111111114,0,33.111111111111114,1494.2222222222224,1069.888888888889,0,0,0,0,0,0,40.44893877097455,40.44893877097455
0,0,0,33.111111111111114,0,33.111111111111114,1278.2222222222224,974.6666666666667,0,0,0,0,0,0,45.50568821102638,0
0,0,0,33.111111111111114,0,0,1530.888888888889,1019.8888888888889,0,0,0,0,0,0,43.9504,0
0,0,0,33.111111111111114,0,0,1441.5555555555557,942.5555555555557,0,0,0,0,0,0,43.92421865572583,0
0,0,0,0,0,0,1334.5555555555557,752.4444444444445,0,0,0,0,0,0,43.92421865572583,0
0,0,0,0,0,0,1548.7276364040447,752.5280586731858,0,0,0,0,0,0,0,0
0,0,0,0,0,0,1184,763.1111111111112,0,0,0,0,0,0,0,0
0,0,0,0,33.111111111111114,0,1453.6666666666667,746.6666666666667,0,0,0,0,0,0,0,0
0,0,0,0,33.10007775186049,0,1543.5965789181384,746.4178607130957,0,0,0,0,0,0,0,0
0,0,0,0,33.111111111111114,0,1190.7777777777778,746.6666666666667,0,0,0,0,0,0,0,0
0,0,0,0,33.111111111111114,0,1423.888888888889,746.6666666666667,0,0,0,0,0,0,0,0
0,0,0,0,40.914560770156434,0,1534.1756919374245,996.0288808664259,0,0,0,0,42.137982872859105,42.137982872859105,0,0
0,0,0,0,40.914560770156434,35.8604091456077,1526.2334536702765,1084.8375451263537,0,0,0,0,40.44893877097455,40.44893877097455,0,40.44893877097455
0,0,0,0,40.909637829382746,35.856094332811935,1775.7189267236192,1084.707014799663,0,0,0,0,40.44893877097455,40.44893877097455,0,40.44893877097455
0,0,0,0,40.904716073147256,35.851780558229066,1543.7921077959577,1430.7025986525505,0,0,0,0,40.44444444444445,40.44444444444445,0,40.44444444444445
0,0,0,0,40.914560770156434,35.8604091456077,1928.8808664259925,1297.1119133574005,0,0,0,0,40.44893877097455,40.44893877097455,0,40.44893877097455
0,0,0,35.856094332811935,5.05354349657081,35.856094332811935,1794.3689086752495,1193.9598122969558,0,0,0,0,45.10609932229753,40.43995111654261,40.43995111654261,40.43995111654261
0,0,0,35.86904188733751,5.055368319691864,35.86904188733751,1769.6196437168994,1393.837265286471,0,0,0,0,45.10609932229753,40.43995111654261,40.43995111654261,40.43995111654261
0,0,0,35.8604091456077,5.0541516245487355,40.914560770156434,1769.1937424789407,1207.0998796630563,0,0,0,0,45.111111111111114,45.111111111111114,40.44444444444445,40.44444444444445
0,0,0,35.8604091456077,5.0541516245487355,40.914560770156434,1772.3225030084234,1335.2587244283993,0,0,0,0,45.111111111111114,45.111111111111114,40.44444444444445,40.44444444444445
0,0,0,33.111111111111114,0,37.77777777777778,1639.4444444444446,1232.888888888889,0,0,0,0,4.666666666666667,4.666666666666667,40.44444444444445,40.44444444444445
0,0,0,37.77777777777778,0,4.666666666666667,1413.6666666666667,954.7777777777778,0,0,0,0,4.663039857888308,4.663039857888308,45.076051959586984,0
0,0,0,37.78197577508612,0,4.667185242804756,1404.6005111679074,971.4412712523613,0,0,0,0,4.666666666666667,4.666666666666667,45.111111111111114,0
0,0,0,37.77777777777778,0,4.666666666666667,1663.3333333333335,839.1111111111112,0,0,0,0,4.666148205754917,4.666148205754917,45.10609932229753,0
0,0,0,37.77777777777778,0,4.666666666666667,1308.1111111111113,729.3333333333334,0,0,0,0,4.666666666666667,4.666666666666667,45.111111111111114,0
0,0,0,4.667185242804756,0,4.667185242804756,1400.6000666740747,729.4143793754861,0,0,0,0,0,4.666666666666667,4.666666666666667,0
0,0,0,4.666666666666667,33.111111111111114,4.666666666666667,1426.888888888889,854.0000000000001,0,0,0,0,0,4.667185242804756,4.667185242804756,0
0,0,0,4.666666666666667,33.111111111111114,0,1426.888888888889,849.3333333333334,0,0,0,0,0,0,4.666666666666667,0
0,0,0,4.666148205754917,33.10743250749917,0,1305.0772136429287,730.9187868014666,0,0,0,0,0,0,4.666666666666667,0
0,0,0,4.666666666666667,33.111111111111114,0,1373.5555555555557,512.7777777777778,0,0,0,0,0,0,4.666666666666667,0
0,0,0,0,33.111111111111114,0,1373.5555555555557,689.5555555555557,0,0,0,0,0,0,0,0
0,0,0,0,33.10743250749917,0,1423.1752027552495,783.0241084323965,0,0,0,0,0,0,0,0
0,0,0,0,33.11479053228136,33.11479053228136,1164.5738415379485,595.7328592065785,0,0,0,0,0,0,0,40.44893877097455
0,0,0,0,33.10743250749917,33.10743250749917,1501.49983335185,836.2404177313633,0,0,0,0,40.44444444444445,40.44444444444445,0,40.44444444444445
0,0,0,0,33.111111111111114,33.111111111111114,1370.6666666666667,836.3333333333334,0,0,0,0,40.44444444444445,40.44444444444445,0,40.44444444444445
0,0,0,0,0,33.11479053228136,1146.4607178575395,697.0774530503388,0,0,0,0,39.76231408573929,39.76231408573929,0,39.76231408573929
0,0,0,33.10743250749917,0,33.10743250749917,1485.3905121653152,1099.6555938229087,0,0,0,0,39.16505272218636,39.16505272218636,0,39.16505272218636
0,0,0,33.111111111111114,0,33.111111111111114,1371.2222222222224,1321.6666666666667,0,0,0,0,39.16926719035833,39.16926719035833,0,39.16926719035833
0,0,0,33.111111111111114,0,33.111111111111114,1399.1111111111113,1321.6666666666667,0,0,0,0,39.16505272218636,39.16505272218636,39.16505272218636,39.16505272218636
0,0,0,33.111111111111114,0,33.111111111111114,1399.1111111111113,1144.888888888889,0,0,0,0,39.16505272218636,39.16505272218636,39.16505272218636,48.203141811921675
0,0,0,33.11479053228136,0,33.11479053228136,1251.6946327369706,1034.8927658628736,0,0,0,0,39.16505272218636,39.16505272218636,39.16505272218636,48.203141811921675
0,0,0,31.994846467683058,0,0,1888.876959415933,1315.975950182521,0,0,0,0,39.16083916083917,39.16083916083917,39.16083916083917,9.037116729424422
0,0,0,31.998281971437777,0,0,1563.1912380543326,1083.5391388381831,0,0,0,0,0,0,39.16505272218636,9.038089089735314
0,0,0,31.99141170155663,0,0,1666.2372517444983,1254.1062801932367,0,0,0,0,0,0,39.16926719035833,9.039061659313463
0,0,0,31.994846467683058,0,0,1792.999785269487,1111.8745973802877,0,0,0,0,0,0,40.79985,9.41535
0,0,0,0,0,0,1680.7688177815955,914.850209384731,0,0,0,0,0,0,40.44444444444445,9.333333333333334
0,0,0,0,0,0,1680.5883616061842,700.3435688211295,0,0,0,0,0,0,40.4399511165426,9.33229641150983
0,0,0,0,31.99141170155663,0,1570.2630166398283,801.2882447665057,0,0,0,0,0,0,0,9.333333333333334
0,0,0,0,31.99141170155663,0,1820.504562533548,1101.556629092861,0,0,0,0,0,0,0,0
0,0,0,0,31.994846467683058,31.994846467683058,1811.7887051750054,1101.6748980030063,0,0,0,0,0,0,0,0
0,0,0,0,31.994846467683058,31.994846467683058,1562.9160403693365,877.4962422160189,0,0,0,0,0,0,0,0
0,0,0,0,33.10743250749917,33.10743250749917,1482.3908454616155,812.9096767025887,0,0,0,0,0,0,0,0
0,0,0,33.10007775186049,37.76518938131734,33.10007775186049,1375.0971898256137,919.8045096079085,0,0,0,0,0,0,0,0
0,0,0,33.10743250749917,37.773580713254084,33.10743250749917,1244.4172869681147,897.9002333074104,0,0,0,0,0,0,0,0
0,0,0,33.111111111111114,37.77777777777778,33.111111111111114,1372.5555555555557,898.1111111111112,0,0,0,0,0,0,0,0
0,0,0,33.11479053228136,37.78197577508612,33.11479053228136,1372.7080786754082,898.2109123235914,0,0,0,0,33.11479053228137,40.44893877097456,0,40.44893877097456
0,0,0,33.111111111111114,4.666666666666667,33.111111111111114,1394.5555555555557,928.3333333333334,0,0,0,0,33.111111111111114,40.44444444444445,0,40.44444444444445
0,0,0,33.111111111111114,4.666666666666667,33.111111111111114,1363.2222222222224,1008.4444444444446,0,0,0,0,33.11479053228137,40.44893877097456,40.44893877097456,40.44893877097456
0,0,0,33.10743250749917,4.666148205754917,0,1248.7501388734586,1008.3324075102768,0,0,0,0,33.111111111111114,40.44444444444445,40.44444444444445,40.44444444444445
0,0,0,33.111111111111114,4.666666666666667,0,1501.5555555555557,1030.5555555555557,0,0,0,0,33.111111111111114,40.44444444444445,40.44444444444445,40.44444444444445
0,0,0,33.09640159928921,4.664593513993781,0,1190.2487783207464,1030.0977343402933,0,0,0,0,33.111111111111114,45.111111111111114,40.44444444444445,40.44444444444445
0,0,0,0,0,0,1309.9922196287653,1038.2349672112928,0,0,0,0,33.111111111111114,45.111111111111114,40.44444444444445,45.111111111111114
0,0,0,0,0,0,1530.888888888889,1037.888888888889,0,0,0,0,33.111111111111114,45.111111111111114,40.44444444444445,45.111111111111114
0,0,0,0,0,0,1180,839.0000000000001,0,0,0,0,33.111111111111114,45.111111111111114,40.44444444444445,45.111111111111114
0,0,0,0,0,0,1535.1627596933677,1059.7711365403845,0,0,0,0,0,4.666666666666667,40.44444444444445,4.666666666666667
0,0,0,0,0,0,1528.4444444444446,1136.4444444444446,0,0,0,0,0,4.666666666666667,40.44444444444445,4.666666666666667
0,0,0,0,0,33.11479053228136,1300.9223247027446,745.6384042671407,0,0,0,0,0,4.666666666666667,0,4.666666666666667
0,0,0,0,0,33.11479053228136,1514.9461051227913,848.0942326925214,0,0,0,0,0,4.666666666666667,0,4.666666666666667
0,0,0,0,33.111111111111114,33.111111111111114,1262.111111111111,943.2222222222223,0,0,0,0,0,4.666666666666667,0,4.666666666666667
0,0,0,33.129516397998884,33.129516397998884,33.129516397998884,1613.8966092273483,1215.675375208449,0,0,0,0,0,0,0,4.742325
0,0,0,33.11479053228136,33.11479053228136,33.11479053228136,1501.722413601511,923.8804311590176,0,0,0,0,0,0,0,0
0,0,0,32.02235117128734,32.02235117128734,32.02235117128734,1547.1738663228023,1064.3670750053727,0,0,0,0,0,0,0,0
0,0,0,32.01891049747502,32.01891049747502,32.01891049747502,1682.6044912431505,1101.643923928226,0,0,0,0,0,0,0,0
0,0,0,32.02235117128734,32.02235117128734,32.02235117128734,1676.9825918762087,888.1366860090263,0,0,0,0,0,0,0,0
0,0,0,32.01891049747502,32.01891049747502,32.01891049747502,1439.2392822606641,907.1666487589987,0,0,0,0,0,0,0,0
0,0,0,32.01891049747502,32.01891049747502,0,1653.2717309551952,907.1666487589987,0,0,0,0,0,0,0,0
0,0,0,32.01891049747502,32.01891049747502,0,1446.3307188137962,986.1394649188783,0,0,0,0,0,39.11454975284762,32.02235117128734,39.11454975284762
0,0,0,32.01891049747502,0,0,1797.0344901686904,894.0582357365424,0,0,0,0,32.02235117128734,39.11454975284762,32.02235117128734,39.11454975284762
0,0,0,0,0,0,1457.250268528464,631.0418904403866,0,0,0,0,32.262225,39.40755,32.262225,39.40755
0,0,0,0,0,0,1626.410228859998,1178.7901579456325,0,0,0,0,33.10007775186049,40.43096745529268,33.10007775186049,40.43096745529268
0,0,0,0,0,0,1745.890190179435,1194.7996131943698,0,0,0,0,33.111111111111114,40.44444444444445,33.111111111111114,40.44444444444445
0,0,0,0,0,0,1345.5171647594714,1019.9977780246641,0,0,0,0,37.773580713254084,40.43995111654261,33.10743250749917,40.43995111654261
0,0,0,0,0,33.10743250749917,1330.963226308188,1328.852349738918,0,0,0,0,37.77777777777778,40.44444444444445,37.77777777777778,40.44444444444445
0,0,0,0,0,33.11479053228136,1331.2590287809755,1114.5682853650405,0,0,0,0,37.77777777777778,40.44444444444445,37.77777777777778,40.44444444444445
0,0,0,0,33.10743250749917,33.10743250749917,1340.1844239528943,1114.3206310409955,0,0,0,0,37.77777777777778,40.44444444444445,37.77777777777778,40.44444444444445
0,0,0,0,33.111111111111114,33.111111111111114,1551.4444444444446,1217,0,0,0,0,37.77777777777778,0,4.666666666666667,0
0,0,0,0,33.10743250749917,33.10743250749917,1188.6457060326632,1194.7561382068661,0,0,0,0,4.666666666666667,0,4.666666666666667,0
0,0,0,33.122151828387246,33.122151828387246,33.122151828387246,1427.2535289540958,1496.7211292653108,0,0,0,0,4.666148205754917,0,4.666148205754917,0
0,0,0,33.111111111111114,33.111111111111114,33.111111111111114,1362.3333333333335,930.0000000000001,0,0,0,0,4.668222740913638,0,4.668222740913638,0
0,0,0,33.11479053228136,33.11479053228136,33.11479053228136,1238.9154350483386,920.8800977886431,0,0,0,0,4.666666666666667,0,4.666666666666667,0
0,0,0,33.111111111111114,33.111111111111114,33.111111111111114,1469.3333333333335,920.7777777777778,0,0,0,0,0,0,4.667185242804756,0
0,0,0,33.111111111111114,33.111111111111114,0,1134.5555555555557,797.8888888888889,0,0,0,0,0,0,0,0
0,0,0,33.111111111111114,33.111111111111114,0,1513.7777777777778,843.1111111111112,0,0,0,0,0,0,0,0
0,0,0,33.111111111111114,0,0,1283.2222222222224,843.1111111111112,0,0,0,0,0,0,0,0
0,0,0,33.10743250749917,0,0,1310.9654482835242,740.4732807465838,0,0,0,0,0,0,0,0
0,0,0,33.11479053228136,0,0,1532.614734970552,740.63784864985,0,0,0,0,33.111111111111114,0,0,0
0,0,0,0,0,0,1294.4444444444446,461.33333333333337,0,0,0,0,33.111111111111114,0,0,40.44444444444445
0,0,0,0,0,0,1318.2979668925677,461.2820797689146,0,0,0,0,33.111111111111114,0,0,40.44444444444445
0,0,0,0,0,0,1532.4444444444446,733.2222222222223,0,0,0,0,33.111111111111114,40.44444444444445,0,40.44444444444445
0,0,0,0,0,0,1301.888888888889,733.2222222222223,0,0,0,0,33.111111111111114,40.44444444444445,40.44444444444445,40.44444444444445
0,0,0,0,0,0,1670.3333333333335,811.6666666666667,0,0,0,0,33.111111111111114,40.44444444444445,40.44444444444445,40.44444444444445
0,0,0,0,0,0,1291.1111111111113,988.2222222222223,0,0,0,0,33.10743250749917,40.43995111654261,40.43995111654261,40.43995111654261
0,0,0,0,0,0,1538.3333333333335,988.2222222222223,0,0,0,0,34.7915,42.497,42.497,42.497
0,0,0,0,35.96861798430899,35.96861798430899,1620.1569100784552,1184.9124924562464,0,0,0,0,35.499804109616996,43.36217683188116,43.36217683188116,43.36217683188116
0,0,0,0,35.964277093893315,35.964277093893315,1495.7760077238715,1288.3176442191648,0,0,0,0,0,43.91362046085173,43.91362046085173,48.98057666787309
0,0,0,0,35.95993725111621,35.95993725111621,1846.3859056353324,1264.1486665862194,0,0,0,0,0,43.91891891891892,43.91891891891892,5.0675675675675675
0,0,0,0,35.96861798430899,35.96861798430899,1577.0669885334944,1477.6101388050695,0,0,0,0,0,43.91891891891892,43.91891891891892,5.0675675675675675
0,0,0,0,35.95993725111621,35.95993725111621,1594.666344877519,1193.5561723180886,0,0,0,0,0,0,43.91891891891892,5.0675675675675675
0,0,0,0,35.964277093893315,35.964277093893315,1846.4880521361333,1193.7002172338885,0,0,0,0,0,0,0,5.0675675675675675
0,0,0,35.964277093893315,35.964277093893315,35.964277093893315,1446.2949553463675,1201.906830798938,0,0,0,0,0,0,0,5.0675675675675675
0,0,0,35.964277093893315,35.964277093893315,35.964277093893315,1722.7854211923727,961.018585566015,0,0,0,0,0,0,0,5.068179075660673
0,0,0,35.964277093893315,35.964277093893315,35.964277093893315,1697.924209510017,961.018585566015,0,0,0,0,0,0,0,0
0,0,0,33.111111111111114,0,0,1371.1111111111113,804.3333333333334,0,0,0,0,0,0,0,0
0,0,0,33.111111111111114,0,0,1470.7777777777778,709,0,0,0,0,0,0,0,0
0,0,0,37.78197577508612,0,0,1147.9053228136459,913.6570730081119,0,0,0,0,0,0,0,0
0,0,0,37.773580713254084,0,0,1373.4029552271973,739.3622930785469,0,0,0,0,0,0,0,0
0,0,0,37.78197577508612,0,0,1397.7108567618623,721.5246138459828,0,0,0,0,40.44444444444445,0,0,0
0,0,0,37.77777777777778,0,0,1165.888888888889,908.8888888888889,0,0,0,0,40.43995111654261,0,0,0
0,0,0,4.667185242804756,0,0,1512.056895210579,732.0813423713745,0,0,0,0,40.435458786936245,0,0,0
0,0,0,4.666148205754917,0,33.10743250749917,1257.193645150539,715.3649594489502,0,0,0,0,40.43995111654261,33.10743250749917,0,0
0,0,0,4.667185242804756,0,33.11479053228136,1397.7108567618623,1018.779864429381,0,0,0,0,45.111111111111114,33.111111111111114,0,40.44444444444445
0,0,0,4.666666666666667,0,33.111111111111114,1397.5555555555557,834.5555555555557,0,0,0,0,45.10609932229753,33.10743250749917,33.10743250749917,40.43995111654261
0,0,0,4.666666666666667,0,33.111111111111114,1297.888888888889,1121.5555555555557,0,0,0,0,45.10609932229753,33.10743250749917,33.10743250749917,40.43995111654261
0,0,0,0,33.10743250749917,33.10743250749917,1623.152983001889,1197.5336073769583,0,0,0,0,45.111111111111114,33.111111111111114,33.111111111111114,40.44444444444445
0,0,0,0,33.111111111111114,33.111111111111114,1504.5555555555557,1175.5555555555557,0,0,0,0,45.111111111111114,37.77777777777778,33.111111111111114,40.44444444444445
0,0,0,0,33.111111111111114,33.111111111111114,1250,1215.6666666666667,0,0,0,0,4.666666666666667,37.77777777777778,33.111111111111114,40.44444444444445
0,0,0,0,33.11479053228136,33.11479053228136,1630.847871985776,1028.3364818313146,0,0,0,0,4.666666666666667,37.77777777777778,33.111111111111114,40.44444444444445
0,0,0,0,33.10743250749917,33.10743250749917,1284.5239417842463,1102.433062993001,0,0,0,0,4.667703934207601,37.786174705490104,33.1184707712825,40.45343409646588
0,0,0,0,33.111111111111114,0,1506,1102.5555555555557,0,0,0,0,4.666666666666667,4.666666666666667,33.111111111111114,40.44444444444445
0,0,0,0,33.111111111111114,0,1367.2222222222224,799.3333333333334,0,0,0,0,0,4.667185242804756,33.11479053228136,0
0,0,0,0,33.111111111111114,0,1483.4444444444446,1058.3333333333335,0,0,0,0,0,4.667185242804756,0,0
0,0,0,33.111111111111114,33.111111111111114,0,1507.4444444444446,793.4444444444445,0,0,0,0,0,4.667185242804756,0,0
0,0,0,33.111111111111114,0,0,1182,512.7777777777778,0,0,0,0,0,4.666148205754917,0,0
0,0,0,31.95367788977053,0,0,1456.1441132318248,736.542998069912,0,0,0,0,0,0,0,0
0,0,0,31.95367788977053,0,0,1735.7924083208234,849.882050182286,0,0,0,0,0,0,0,0
0,0,0,31.95367788977053,0,0,1582.028736864679,934.5914647222817,0,0,0,0,0,0,0,0
0,0,0,31.95367788977053,0,31.95367788977053,1798.5202659232252,771.0701265279862,0,0,0,0,0,0,0,0
0,0,0,31.95367788977053,0,31.95367788977053,1697.0834226892557,1054.685824576453,0,0,0,0,39.274924471299094,0,0,0
0,0,0,31.950251956684895,0,31.950251956684895,1479.0393481290876,1091.8837782781172,0,0,0,0,39.27068723702664,39.27068723702664,0,0
0,0,0,31.95367788977053,31.95367788977053,31.95367788977053,1704.2676388591033,820.7162770748444,0,0,0,0,39.27068723702664,39.27068723702664,0,0
0,0,0,0,31.950251956684895,31.950251956684895,1680.9263428755228,1160.6089846681677,0,0,0,0,39.2749244712991,39.2749244712991,0,0
0,0,0,0,31.95710455764075,31.95710455764075,1784.5576407506703,1160.857908847185,0,0,0,0,43.81137369159383,39.27916262004964,0,0
0,0,0,0,31.95367788977053,31.95367788977053,1697.0834226892557,983.0581170920008,0,0,0,0,43.80664652567977,39.2749244712991,0,39.2749244712991
0,0,0,0,33.111111111111114,33.111111111111114,1361.7777777777778,1068.5555555555557,0,0,0,0,43.80192037976049,39.27068723702664,32.150178012730606,39.27068723702664
0,0,0,0,33.10743250749916,33.10743250749916,1385.6238195756025,1097.989112320853,0,0,0,0,43.80664652567976,39.274924471299094,32.153646957272336,39.274924471299094
0,0,0,0,33.111111111111114,0,1161.4444444444446,1274.888888888889,0,0,0,0,4.779599999999999,41.423199999999994,33.9124,41.423199999999994
0,0,0,0,33.11479053228136,0,1366.3740415601733,981.1090121124569,0,0,0,0,4.667185242804756,40.44893877097456,33.11479053228137,40.44893877097456
0,0,0,0,33.11479053228136,0,1366.3740415601733,958.9954439382152,0,0,0,0,4.666666666666667,0,33.111111111111114,40.44444444444445
0,0,0,0,0,0,1244.4444444444446,958.8888888888889,0,0,0,0,4.667185242804756,0,37.781975775086124,40.44893877097456
0,0,0,0,0,0,1375.5972885876206,798.0886765196132,0,0,0,0,4.666666666666667,0,37.77777777777778,40.44444444444445
0,0,0,0,0,0,1268.4444444444446,798,0,0,0,0,0,0,37.77777777777778,40.44444444444445
0,0,0,33.11479053228136,0,0,1364.929436604067,1084.5649516612955,0,0,0,0,0,0,37.77358071325408,0
0,0,0,33.111111111111114,0,0,1495.6666666666667,827.2222222222223,0,0,0,0,0,0,4.666666666666667,0
0,0,0,33.11479053228136,0,0,1250.4722746971884,709.9677741971329,0,0,0,0,0,0,4.667185242804756,0
0,0,0,33.11479053228136,0,33.11479053228136,1629.2921435715077,762.5291699077675,0,0,0,0,0,0,4.666666666666667,0
0,0,0,33.111111111111114,0,33.111111111111114,1308.1111111111113,864.8888888888889,0,0,0,0,0,0,4.666148205754915,0
0,0,0,37.77777777777778,0,33.111111111111114,1529.4444444444446,853.0000000000001,0,0,0,0,40.44893877097456,0,4.667185242804756,0
0,0,0,37.77777777777778,0,33.111111111111114,1535.3333333333335,853.0000000000001,0,0,0,0,40.4399511165426,0,0,0
0,0,0,37.77777777777778,0,33.111111111111114,1297.3333333333335,869.5555555555557,0,0,0,0,40.44444444444445,33.111111111111114,0,0
0,0,0,37.77358071325408,0,33.10743250749916,1406.1770914342849,869.4589490056659,0,0,0,0,40.4399511165426,33.10743250749916,0,0
0,0,0,4.666666666666667,0,33.111111111111114,1073.5555555555557,847.7777777777778,0,0,0,0,40.44444444444445,33.111111111111114,0,0
0,0,0,4.666148205754915,0,33.10743250749916,1256.1937562493056,831.1298744583934,0,0,0,0,40.44444444444445,33.111111111111114,0,0
0,0,0,4.666148205754915,33.10743250749916,33.10743250749916,1486.723697366959,1039.551160982113,0,0,0,0,40.44444444444445,33.111111111111114,0,0
0,0,0,4.510793684888841,32.00515519278273,0,1408.8712275802814,980.0236279669208,0,0,0,0,40.44893877097456,33.11479053228137,0,40.44893877097456
0,0,0,4.511278195488722,36.51987110633727,0,1729.3233082706768,1063.5875402792697,0,0,0,0,40.435458786936245,33.103754721173075,0,40.435458786936245
0,0,0,0,36.51594887767157,0,1515.1970787240898,1058.9625174524756,0,0,0,0,0,33.10743250749916,0,40.4399511165426
0,0,0,0,36.51987110633727,0,1401.9334049409238,1167.0247046186896,0,0,0,0,0,33.11479053228137,40.44893877097456,40.44893877097456
0,0,0,0,36.51987110633727,0,1734.0494092373792,944.5757250268529,0,0,0,0,0,0,40.4399511165426,40.4399511165426
0,0,0,32.01203136749382,36.523794177677516,0,1628.8537974003652,1236.008164142228,0,0,0,0,0,0,40.44893877097456,40.44893877097456
0,0,0,32.00859291084855,36.51987110633727,0,1732.1160042964555,1071.9656283566057,0,0,0,0,0,0,40.47702525315664,40.47702525315664
0,0,0,32.01203136749382,36.523794177677516,0,1772.4782468578794,1072.080782038887,0,0,0,0,0,0,39.19879388326513,43.721731639026494
0,0,0,32.01203136749382,4.511762810183693,0,1660.1138682994952,1057.471264367816,0,0,0,0,0,0,39.19457305911489,43.71702379670507
0,0,0,32.00859291084855,4.511278195488722,0,1659.9355531686358,907.8410311493018,0,0,0,0,0,0,39.19457305911489,4.522450737590179
0,0,0,33.10743250749917,0,0,1387.068103544051,723.4751694256195,0,0,0,0,0,0,39.203015616585894,4.523424878836834
0,0,0,33.11479053228137,0,33.11479053228137,1387.3763751527947,923.5470607845316,0,0,0,0,0,0,39.19879388326513,4.522937755761361
0,0,0,33.111111111111114,0,33.111111111111114,1400,923.6666666666667,0,0,0,0,39.19457305911489,0,0,4.522450737590179
0,0,0,33.111111111111114,0,33.111111111111114,1387.2222222222224,1091.6666666666667,0,0,0,0,39.19879388326513,0,0,4.522937755761361
0,0,0,0,0,33.111111111111114,1387.2222222222224,790.3333333333334,0,0,0,0,39.19457305911489,0,0,4.522450737590179
0,0,0,0,0,33.111111111111114,1494.2222222222224,812.4444444444445,0,0,0,0,40.11716972878391,0,0,0
0,0,0,0,0,37.77777777777778,1139,996.5555555555557,0,0,0,0,40.44444444444445,0,0,0
0,0,0,0,0,37.77777777777778,1265.5555555555557,817.1111111111112,0,0,0,0,40.44444444444445,40.44444444444445,0,0
0,0,0,0,33.111111111111114,37.77777777777778,1486.888888888889,795,0,0,0,0,40.43995111654261,40.43995111654261,0,0
0,0,0,0,33.111111111111114,37.77777777777778,1136,1206.3333333333335,0,0,0,0,40.44444444444445,40.44444444444445,0,0
0,0,0,0,33.111111111111114,4.666666666666667,1511.888888888889,1006.4444444444446,0,0,0,0,40.44444444444445,40.44444444444445,0,40.44444444444445
0,0,0,0,33.111111111111114,4.666666666666667,1382.888888888889,989.6666666666667,0,0,0,0,0,40.44444444444445,0,40.44444444444445
0,0,0,0,33.111111111111114,4.666666666666667,1159.111111111111,821.6666666666667,0,0,0,0,0,45.111111111111114,40.44444444444445,40.44444444444445
0,0,0,0,33.09272626318711,4.664075513603553,1478.2898389783452,1007.1071626873958,0,0,0,0,0,45.111111111111114,40.44444444444445,40.44444444444445
0,0,0,0,33.111111111111114,4.666666666666667,1396.1111111111113,890.4444444444445,0,0,0,0,0,45.116124013779306,40.44893877097455,40.44893877097455
0,0,0,0,33.111111111111114,0,1608.6666666666667,728.4444444444445,0,0,0,0,0,45.111111111111114,40.44444444444445,40.44444444444445
0,0,0,33.111111111111114,33.111111111111114,0,1367.7777777777778,1097.888888888889,0,0,0,0,0,4.666666666666667,40.44444444444445,40.44444444444445
0,0,0,33.111111111111114,0,0,1384.3333333333335,1097.888888888889,0,0,0,0,0,4.666666666666667,40.44444444444445,40.44444444444445
0,0,0,33.11479053228137,0,0,1641.626847427492,885.5428380931215,0,0,0,0,0,4.666666666666667,40.44444444444445,40.44444444444445
0,0,0,33.10743250749917,0,0,1372.403066325964,885.3460726585936,0,0,0,0,0,4.666666666666667,40.44444444444445,0
0,0,0,33.111111111111114,0,0,1372.5555555555557,790.3333333333334,0,0,0,0,0,4.666666666666667,40.44444444444445,0
0,0,0,40.87521038711229,0,0,1871.0026448665546,1092.3298869920654,0,0,0,0,0,0,0,0
0,0,0,40.8997955010225,0,35.84746782148443,1525.6826657043189,1012.6308191988454,0,0,0,0,40.43995111654261,0,0,0
0,0,0,40.87521038711229,0,35.82591969223371,1769.0550613128157,1012.0221207020919,0,0,0,0,40.44444444444445,0,0,0
0,0,0,40.87521038711229,0,35.82591969223371,1654.8449146429432,1314.13801394566,0,0,0,0,40.44444444444445,0,0,0
0,0,0,5.048683736025963,35.821613174660406,35.821613174660406,1654.6459911046998,1020.1947349441036,0,0,0,0,40.44444444444445,40.44444444444445,0,0
0,0,0,5.049290694878577,35.82591969223371,35.82591969223371,1780.2356335657612,1203.654724693436,0,0,0,0,45.116124013779306,40.44893877097455,0,0
0,0,0,5.049290694878577,35.82591969223371,35.82591969223371,1643.7845635970186,1115.292137533061,0,0,0,0,45.116124013779306,40.44893877097455,0,0
0,0,0,5.049897799687387,35.830227245400984,35.830227245400984,1528.1952627149212,1115.4262354214259,0,0,0,0,45.096079084749526,40.43096745529268,0,0
0,0,0,5.049290694878577,35.82591969223371,35.82591969223371,1881.7023322914163,1314.4986775667228,0,0,0,0,45.111111111111114,40.44444444444445,0,0
0,0,0,0,33.111111111111114,33.111111111111114,1382.4444444444446,995.6666666666667,0,0,0,0,46.59865,41.7781,0,0
0,0,0,0,33.111111111111114,0,1382.4444444444446,883.8888888888889,0,0,0,0,4.55531453362256,39.479392624728845,0,0
0,0,0,33.111111111111114,33.111111111111114,0,1391.6666666666667,1201.7777777777778,0,0,0,0,4.553339115351257,39.46227233304423,39.46227233304423,32.30702515177797
0,0,0,33.111111111111114,33.111111111111114,0,1284.6666666666667,900.4444444444445,0,0,0,0,4.55531453362256,39.47939262472885,39.47939262472885,32.321041214750544
0,0,0,33.11479053228137,0,0,1391.8213134792754,788.7543060340038,0,0,0,0,4.55531453362256,0,39.47939262472885,32.321041214750544
0,0,0,33.111111111111114,0,0,1385.7777777777778,993.4444444444445,0,0,0,0,0,0,39.47511115931027,32.31753605899577
0,0,0,33.111111111111114,0,0,1254.7777777777778,876.2222222222223,0,0,0,0,0,0,39.47939262472885,32.321041214750544
0,0,0,33.10743250749916,0,0,1507.2769692256413,892.6785912676368,0,0,0,0,0,0,44.04426122803211,32.32805380776741
0,0,0,33.10743250749916,0,0,1180.42439728919,914.7872458615708,0,0,0,0,0,0,44.029931677692225,32.31753605899577
0,0,0,33.10743250749916,0,0,1290.4121764248416,914.7872458615708,0,0,0,0,0,0,43.63491217652208,32.02759563695463
0,0,0,33.10743250749916,0,0,1482.390845461615,919.4533940673257,0,0,0,0,0,0,45.11612401377931,33.11479053228137
0,0,0,0,0,0,1116.5555555555557,785.7777777777778,0,0,0,0,0,0,4.668222740913638,0
0,0,0,0,0,0,1449.7777777777778,785.7777777777778,0,0,0,0,40.4399511165426,0,4.666148205754915,0
0,0,0,0,0,9.221197644706143,1488.2790801022106,847.4613931785356,0,0,0,0,40.4399511165426,0,4.666148205754915,0
0,0,0,0,33.10743250749916,33.10743250749916,1140.428841239862,847.9057882457504,0,0,0,0,40.44893877097456,40.44893877097456,4.667185242804756,0
0,0,0,0,33.111111111111114,33.111111111111114,1468.888888888889,959.6666666666667,0,0,0,0,40.44444444444445,40.44444444444445,4.666666666666667,0
0,298.2553617068563,0,0,33.11479053228137,33.11479053228137,1216.3573730414491,943.2159128792089,0,0,0,0,40.435458786936245,40.435458786936245,0,0
0,298.2553617068563,0,0,4256.250694521614,33.11479053228137,1578.9532170241139,5658.295366151795,0,0,0,0,40.44444444444445,40.44444444444445,0,0
0,327.147460828981,0,0,4575.619513279254,33.11479053228137,1361.9291032336926,5658.295366151795,0,0,0,0,40.4399511165426,40.4399511165426,0,0
0,327.11111111111114,0,0,4575.111111111111,37.77777777777778,1300.7777777777778,5696.333333333334,0,0,0,0,40.44444444444445,40.44444444444445,0,0
0,355.96044883901783,0,0,4664.148427952449,37.77358071325408,5599.933340739917,6096.544828352405,0,0,0,0,40.44893877097456,40.44893877097456,0,0
0,417.95532646048105,0,0,4615.22766323024,36.51202749140893,5546.606529209622,6167.203608247422,0,0,0,0,0,40.44444444444445,0,0
324.88454516163677,418.0002147996993,299.4307807969069,4324.669745462356,4656.320481151326,4418.21501449898,5406.4010310385565,6108.151648587692,0,0,0,0,0,40.44444444444445,0,0
324.8496563573883,445.8762886597938,299.39862542955325,4344.501718213058,4623.818728522337,4414.948453608247,5612.650343642611,14651.8470790378,0,0,0,0,0,0,0,0
352.770618556701,491.8384879725086,327.319587628866,4344.501718213058,4722.079037800687,4469.501718213058,5295.317869415807,15284.79381443299,0,0,0,0,0,0,40.4399511165426,0
366.6917212498658,203.58638462364436,355.2024052399871,4398.582626436165,4721.571996134436,4489.316009878664,13323.311500053689,15283.152582411683,0,0,0,0,0,0,40.45793042125153,40.45793042125153
366.73109965635734,231.52920962199312,355.24054982817864,4399.054982817869,681.4862542955326,4489.798109965635,13100.94501718213,10839.884020618556,0,0,0,0,0,0,40.44444444444445,40.44444444444445
419.5661512027491,217.56872852233676,369.201030927835,4471.649484536082,407.1091065292096,4526.095360824742,13100.94501718213,11104.703608247422,0,0,0,0,0,0,40.44444444444445,40.44444444444445
433.5731929975298,217.59209537106648,369.2406830630437,4492.428310600365,407.152829986038,4522.070669101063,13244.119858232198,11275.265814627859,0,0,0,0,0,0,40.4399511165426,40.4399511165426
433.52663230240546,249.57044673539517,429.12371134020617,4558.204467353951,393.14862542955325,4624.14089347079,9204.574742268042,10715.743127147765,0,0,0,0,0,0,40.4399511165426,40.4399511165426
461.4475945017182,263.53092783505156,443.08419243986253,4558.204467353951,421.2843642611684,4644.437285223367,9275.773195876289,10715.743127147765,0,0,0,0,0,0,40.44893877097456,45.11612401377931
181.55555555555557,196.22222222222223,163.11111111111111,284.11111111111114,337.44444444444446,298.5555555555556,9254.555555555557,11259.88888888889,0,0,0,0,40.44893877097456,40.44893877097456,40.44893877097456,45.11612401377931
181.5757306367374,196.24402711412378,163.1292365818424,331.7035226136237,379.48660962329143,277.58639848872093,9255.58395377264,2044.893877097455,0,0,0,0,40.44444444444445,40.44444444444445,40.44444444444445,45.111111111111114
181.55555555555557,163.11111111111111,172.33333333333334,331.6666666666667,329.7777777777778,277.77777777777777,9440.333333333334,1465.3333333333335,0,0,0,0,45.50568821102638,45.50568821102638,0,50.75634454306789
167.12968107567505,210.6900766751861,181.79797755306143,317.25747305256135,329.8144238248694,346.3718190910101,1132.6814090454493,1815.0905656184018,0,0,0,0,43.690400000000004,43.690400000000004,0,5.041200000000001
195.9782246417065,181.75758249083438,196.2004221753139,385.73491834240644,346.29485612709703,346.29485612709703,1215.4205088323522,1492.9452283079659,0,0,0,0,44.1962117532783,44.1962117532783,0,5.099562894609035
181.535384957227,196.2004221753139,196.2004221753139,378.402399733363,379.4022886345962,362.84857238084663,1415.95378291301,1588.490167759138,0,0,0,0,44.19084618186233,44.19084618186233,0,5.098943790214884
167.11111111111111,210.66666666666669,225.11111111111111,357.44444444444446,379.44444444444446,398.33333333333337,1245.4444444444446,1370.1111111111113,0,0,0,0,44.19084618186233,44.19084618186233,0,5.098943790214884
203.35592843649292,148.68318702078008,177.57528614290476,331.7035226136237,346.3718190910101,292.2546949661073,1123.90265585065,1499.2776975219467,0,0,0,0,44.1962117532783,44.1962117532783,0,5.099562894609035
188.8888888888889,196.22222222222223,163.11111111111111,331.6666666666667,263.11111111111114,313.22222222222223,1203.4444444444446,1685.2222222222224,0,0,0,0,44.19084618186233,49.28978997207721,0,0
148.66666666666669,210.66666666666669,196.22222222222223,346.11111111111114,345.33333333333337,367.33333333333337,1203.4444444444446,1420.4444444444446,0,0,0,0,0,5.098324836125272,0,0
203.33333333333334,181.7777777777778,196.22222222222223,378.44444444444446,324.33333333333337,367.33333333333337,1236.6666666666667,1420.4444444444446,0,0,0,0,0,5.098943790214884,0,0
174.44444444444446,196.22222222222223,187,378.44444444444446,272.33333333333337,348.22222222222223,1050.888888888889,1485.6666666666667,0,0,0,0,0,5.0166,0,0
210.66666666666669,148.66666666666669,163.11111111111111,393.8888888888889,378.44444444444446,331.6666666666667,1340.3333333333335,1136.111111111111,0,0,0,0,0,4.913943569553806,0,0
196.24402711412378,210.6900766751861,148.68318702078008,325.36948549838866,319.9244360484498,331.7035226136237,1250.0277808645403,1375.1527947549725,0,0,0,0,0,4.666666666666667,40.44444444444445,0
156,196.22222222222223,163.11111111111111,299.5555555555556,309.8888888888889,298.5555555555556,1248.4444444444446,1005.4444444444446,0,0,0,0,0,4.666666666666667,40.44444444444445,40.44444444444445
210.61986225283272,196.17862697178407,181.73739169073542,368.0293268162631,309.8200399911131,331.59297933792493,1141.1908464785604,1335.3699177960455,0,0,0,0,0,4.667185242804756,40.44893877097456,40.44893877097456
174.44444444444446,196.22222222222223,167.33333333333334,379.44444444444446,324.33333333333337,373.6666666666667,1355.4444444444446,1199.3333333333335,0,0,0,0,0,4.666666666666667,40.44444444444445,40.44444444444445
196.22222222222223,163.11111111111111,196.22222222222223,379.44444444444446,409.44444444444446,331.6666666666667,1248.4444444444446,1252.888888888889,0,0,0,0,0,0,40.4399511165426,40.4399511165426
210.64326185979337,196.2004221753139,163.09298966781472,364.9594489501167,327.18586823686263,294.07843572936343,1248.305743806244,1423.6195978224644,0,0,0,0,0,0,40.44444444444445,40.44444444444445
156,210.66666666666669,177.55555555555557,299.5555555555556,364.7777777777778,331.6666666666667,1239.111111111111,1456.888888888889,0,0,0,0,0,0,40.44444444444445,45.111111111111114
184.8888888888889,196.22222222222223,201.44444444444446,353.6666666666667,364.7777777777778,294.11111111111114,1430.888888888889,1204.4444444444446,0,0,0,0,40.4399511165426,0,40.4399511165426,45.10609932229752
218.0604886449252,234.0975137229577,218.0604886449252,394.03724034011407,355.8282208588957,355.8282208588957,1314.820794317081,1699.3865030674847,0,0,0,0,40.44893877097456,0,40.44893877097456,45.11612401377931
218.0604886449252,218.0604886449252,232.05252394790656,428.3715423528145,458.61586481541275,355.8282208588957,1482.6175869120655,1825.7453449574857,0,0,0,0,40.4399511165426,0,0,45.10609932229752
218.08396124865448,218.08396124865448,204.09041980624326,387.7287405812702,422.28202368137784,390.2045209903122,1289.881593110872,1929.3864370290635,0,0,0,0,40.44893877097456,40.44893877097456,0,4.667185242804756
225.21261707395843,204.11239100010764,186.02648293680696,387.01690171170196,422.3274841210033,360.21100226073844,1586.6078156959843,1609.64581763376,0,0,0,0,40.44444444444445,40.44444444444445,0,4.666666666666667
225.16413733720805,232.05252394790656,223.1191475621569,361.96319018404904,422.23657302766117,401.8943063179421,1482.6175869120655,1963.9436013346249,0,0,0,0,40.44444444444445,40.44444444444445,0,4.666666666666667
218.03702109341367,241.17520447696944,218.03702109341367,412.290142057684,376.1300043047783,422.1911321566939,1312.8497632371932,1813.7107188979767,0,0,0,0,45.111111111111114,40.44444444444445,0,4.666666666666667
218.08396124865448,218.08396124865448,232.07750269106566,371.68998923573736,376.210979547901,371.9052744886975,1618.622174381055,1717.2228202368137,0,0,0,0,45.11612401377931,40.44893877097456,0,4.667185242804756
218.0604886449252,204.0684533419438,218.0604886449252,440.1033257991605,422.23657302766117,390.16252287159614,1388.0099020557527,1684.9639436013347,0,0,0,0,45.10609932229752,40.4399511165426,0,0
250.10761945759793,218.03702109341367,180.90830822212655,422.1911321566939,442.5312096427034,410.46061127851914,1395.1786482996126,1832.9746018080068,0,0,0,0,4.666666666666667,40.44444444444445,0,0
264.12657410397156,218.0604886449252,180.92777957162846,387.9022710149607,424.06630072112796,344.0964374125498,1395.3288128296201,1745.5602195673232,0,0,0,0,4.666148205754915,40.4399511165426,0,0
196.22222222222223,165.22222222222223,187,346.33333333333337,294.11111111111114,298.5555555555556,1226.4444444444446,1245.3333333333335,0,0,0,0,4.667185242804756,40.44893877097456,40.44893877097456,0
210.64326185979337,196.2004221753139,210.64326185979337,346.29485612709703,331.62981890901017,364.7372514165093,1333.2963004110657,1308.187979113432,0,0,0,0,4.666148205754915,0,40.4399511165426,33.10743250749916
148.66666666666669,196.22222222222223,196.22222222222223,337.11111111111114,367.11111111111114,362.6666666666667,1027.3333333333335,1308.3333333333335,0,0,0,0,4.666666666666667,0,40.44444444444445,33.111111111111114
203.33333333333334,181.7777777777778,172.33333333333334,308.77777777777777,364.7777777777778,298.5555555555556,1227.888888888889,1447.5555555555557,0,0,0,0,4.666666666666667,0,40.44444444444445,33.111111111111114
196.24402711412378,172.3524836092899,148.68318702078008,362.9292143571508,327.258584287143,277.58639848872093,1228.0253361484608,1475.9417713079229,0,0,0,0,0,0,40.44893877097456,33.11479053228137
181.7777777777778,179.66666666666669,148.66666666666669,383.8888888888889,385.7777777777778,319.5555555555556,1194.6666666666667,1399.4444444444446,0,0,0,0,0,0,39.307449999999996,32.180274999999995
210.64326185979337,179.6467059215643,148.6501499833352,313.18742361959784,279.6355960448839,263.0818797911343,1301.5220531052107,1399.2889678924566,0,0,0,0,0,0,43.6700010756158,32.053350543185985
163.11111111111111,188.8888888888889,196.22222222222223,298.5555555555556,331.6666666666667,348.22222222222223,1102.3333333333335,1438.3333333333335,0,0,0,0,0,0,43.6700010756158,32.053350543185985
188.86790356627043,203.31074325074994,210.64326185979337,298.52238640151097,300.63326297078106,327.18586823686263,1242.4175091656484,1385.4016220419956,0,0,0,0,0,0,43.6700010756158,32.053350543185985
174.44444444444446,172.33333333333334,172.33333333333334,364.7777777777778,374.6666666666667,400.22222222222223,1242.5555555555557,1641.2222222222224,0,0,0,0,0,0,4.5171004517100455,32.04990320499032
196.24402711412378,155.79508834314922,148.68318702078008,364.81831314590505,316.14623847094117,298.58873208134236,1135.681742415824,1557.5063895988442,0,0,0,0,0,0,4.517586318167152,0
196.22222222222223,194.11111111111111,163.11111111111111,348.22222222222223,327.44444444444446,263.11111111111114,1349.5555555555557,1557.3333333333335,0,0,0,0,0,0,4.5171004517100455,0
170.44444444444446,179.66666666666669,179.66666666666669,383.6666666666667,346.33333333333337,313.22222222222223,1255.7777777777778,1381.888888888889,0,0,0,0,39.14820391482039,0,4.5171004517100455,0
172.33333333333334,188.8888888888889,179.66666666666669,277.5555555555556,367.33333333333337,367.33333333333337,1255.7777777777778,1268.888888888889,0,0,0,0,39.14399397784708,0,4.516614689751586,0
172.33333333333334,172.33333333333334,196.22222222222223,331.6666666666667,308.77777777777777,325.33333333333337,1251.3333333333335,1082.6666666666667,0,0,0,0,41.236650000000004,41.236650000000004,0,0
196.24402711412378,172.3524836092899,210.6900766751861,296.25513945994,365.26280697855316,405.71174574952767,1144.4604956106232,1458.050894543838,0,0,0,0,40.4399511165426,40.4399511165426,0,0
196.22222222222223,187,163.11111111111111,364.7777777777778,362.8888888888889,329.7777777777778,1358.3333333333335,1526.888888888889,0,0,0,0,40.44444444444445,40.44444444444445,0,0
156.01733525947327,187.02078008667627,148.68318702078008,400.48894321591285,341.92688076452936,329.8144238248694,1218.2464718302033,1307.7008556506278,0,0,0,0,40.44444444444445,40.44444444444445,0,0
184.8888888888889,187,163.11111111111111,277.77777777777777,340.8888888888889,313.22222222222223,1220.111111111111,1383.1111111111113,0,0,0,0,40.44444444444445,40.44444444444445,0,0
172.33333333333334,181.7777777777778,163.11111111111111,334.22222222222223,361.8888888888889,329.7777777777778,1343.6666666666667,1365.5555555555557,0,0,0,0,40.44444444444445,40.44444444444445,0,0
217.6154672395274,217.6154672395274,203.6519871106337,385.06981740064447,411.4930182599355,425.67132116004296,1506.9817400644467,1687.1106337271751,0,0,0,0,40.44444444444445,40.44444444444445,0,0
217.6154672395274,240.49409237379163,201.6111707841031,407.4113856068743,340.9237379162191,356.9280343716434,1300.3222341568205,1580.0214822771213,0,0,0,0,0,40.44444444444445,0,40.44444444444445
194.71592739770165,203.6301149178391,215.55149822790247,407.36762968531843,386.8542584040382,375.1476747932553,1579.9591880571368,1851.036408549028,0,0,0,0,0,40.44893877097456,0,40.44893877097456
247.58324382384532,217.6154672395274,201.6111707841031,421.37486573576797,427.49731471535983,375.187969924812,1311.7078410311492,1851.235230934479,0,0,0,0,0,0,0,40.4399511165426
196.54172484158522,231.55407582429385,187.62753732144773,441.62818172054557,407.152829986038,354.09730426377405,1584.255182042745,1609.279347008914,0,0,0,0,0,0,33.111111111111114,40.44444444444445
217.6388441293372,180.57793533139971,217.6388441293372,355.14018691588785,338.91932538403694,375.22827371361046,1377.6990009668064,1686.1102159200773,0,0,0,0,0,0,33.111111111111114,40.44444444444445
231.57894736842104,217.6154672395274,231.57894736842104,391.1922663802363,395.4887218045113,395.4887218045113,1513.1041890440385,1685.9291084854995,0,0,0,0,0,0,33.111111111111114,40.44444444444445
203.6301149178391,240.4682633444313,203.6301149178391,427.4514015680378,324.88454516163677,391.3650520889271,1480.8291268392225,1678.1226506282892,0,0,0,0,0,0,33.111111111111114,45.111111111111114
226.53061224489795,217.6154672395274,231.57894736842104,372.9323308270677,398.28141783029,396.45542427497315,1480.9881847475833,1780.6659505907626,0,0,0,0,0,0,33.111111111111114,45.111111111111114
189.4736842105263,217.6154672395274,180.55853920515574,407.1965628356606,393.23308270676694,441.6756176154672,1614.7153598281418,1598.9258861439312,0,0,0,0,0,0,33.111111111111114,45.111111111111114
196.22222222222223,179.66666666666669,187,331.6666666666667,331.6666666666667,346.33333333333337,1241.111111111111,1351.4444444444446,0,0,0,0,0,0,33.111111111111114,4.666666666666667
196.22222222222223,179.66666666666669,187,367.11111111111114,350.7777777777778,346.33333333333337,1226.4444444444446,1393.5555555555557,0,0,0,0,0,0,33.111111111111114,4.666666666666667
170.44444444444446,187,179.66666666666669,277.5555555555556,329.7777777777778,346.33333333333337,1226.4444444444446,1393.5555555555557,0,0,0,0,0,0,33.11479053228137,4.667185242804756
184.90943438159795,196.2440271141238,194.13268140904546,315.14612734748306,362.9292143571508,329.81442382486944,1220.6911879097677,1480.608956550728,0,0,0,0,33.11479053228137,0,0,4.667185242804756
172.33333333333334,196.22222222222223,148.66666666666669,400.22222222222223,362.8888888888889,313.22222222222223,1220.5555555555557,1140.4444444444446,0,0,0,0,33.111111111111114,0,0,4.666666666666667
196.22222222222223,172.33333333333334,163.11111111111111,327.22222222222223,325.33333333333337,329.7777777777778,1327.5555555555557,1348.6666666666667,0,0,0,0,33.111111111111114,40.44444444444445,0,4.666666666666667
196.2440271141238,179.6866318479831,163.12923658184243,310.70118902100234,414.9349927769752,277.586398488721,1222.135792865874,1324.7027447494165,0,0,0,0,33.10743250749916,40.4399511165426,0,0
177.7777777777778,179.66666666666669,187,352.6666666666667,318,324.33333333333337,1098.4444444444446,1150.3333333333335,0,0,0,0,33.111111111111114,40.44444444444445,0,0
192.22222222222223,172.55555555555557,210.66666666666669,313.22222222222223,329.7777777777778,277.5555555555556,1083.6666666666667,1484.4444444444446,0,0,0,0,33.290324999999996,40.663349999999994,0,0
172.33333333333334,179.66666666666669,157.88888888888889,292.22222222222223,329.7777777777778,336.11111111111114,1380.4444444444446,1376.2222222222224,0,0,0,0,36.51202749140893,39.0893470790378,0,0
172.35248360928992,179.6866318479831,172.35248360928992,370.263362595844,324.36937437493054,298.58873208134236,1236.8040893432603,1418.2686965218359,0,0,0,0,36.51594887767157,39.093545269036625,0,0
174.4250638817909,157.87134762804132,163.09298966781466,400.39995556049325,331.62981890901005,298.5223864015109,1358.1824241750915,1457.6158204643928,0,0,0,0,36.51594887767157,43.60433895392546,0,0
196.22222222222223,187,163.11111111111111,341.8888888888889,263.11111111111114,315.11111111111114,1257.2222222222224,1448.5555555555557,0,0,0,0,4.510309278350515,43.59965635738831,0,39.0893470790378
172.55555555555557,187,194.11111111111111,298.77777777777777,331.6666666666667,279.6666666666667,1257.2222222222224,1696.5555555555557,0,0,0,0,4.510309278350515,43.59965635738831,0,39.0893470790378
163.11111111111111,172.55555555555557,187,334.22222222222223,352.6666666666667,322.44444444444446,1117,1488.3333333333335,0,0,0,0,4.510309278350515,4.510309278350515,0,39.0893470790378
163.11111111111111,179.66666666666669,187,350.7777777777778,315.11111111111114,369.22222222222223,1086.111111111111,1227.7777777777778,0,0,0,0,4.510793684888841,4.510793684888841,0,39.093545269036625
188.8888888888889,179.66666666666669,172.33333333333334,308.77777777777777,336.11111111111114,329.7777777777778,1086.111111111111,1636.4444444444446,0,0,0,0,4.510309278350515,4.510309278350515,0,39.0893470790378
174.4250638817909,172.3141873125208,148.65014998333515,348.18353516275965,294.0784357293634,350.73880679924446,1246.417064770581,1302.1886457060325,0,0,0,0,0,4.594275,39.81705,39.81705
179.64670592156423,186.9792245306077,177.53582935229417,348.18353516275965,369.1812020886568,292.18975669370064,1262.9707810243306,1351.8497944672813,0,0,0,0,0,4.667185242804756,40.44893877097456,40.44893877097456
194.06798489224613,201.3996889580093,148.6336369695623,293.2681626305265,286.93623639191287,313.1526327482781,1262.8304821150855,1507.7760497667184,0,0,0,0,0,4.666148205754915,40.4399511165426,40.4399511165426
177.55555555555557,201.44444444444446,187,298.5555555555556,325.33333333333337,313.22222222222223,1141.4444444444446,1492.3333333333335,0,0,0,0,0,0,40.4399511165426,40.4399511165426
178.65736284889314,202.23772858517802,202.4783445620789,363.93166506256006,454.0423484119345,431.3041385948026,1475.5774783445618,1671.5591915303173,0,0,0,0,0,0,45.111111111111114,0
235.86040914560766,202.28640192539106,210.22864019253907,397.5932611311672,420.5776173285198,431.4079422382671,1475.9326113116724,1513.116726835138,0,0,0,0,0,0,45.11612401377931,0
220.21660649819492,243.80264741275568,202.28640192539106,399.8796630565583,375.09025270758116,389.89169675090244,1483.8748495788204,1513.116726835138,0,0,0,0,0,0,45.111111111111114,0
220.21660649819492,202.52707581227435,202.28640192539106,359.20577617328513,405.77617328519847,339.2298435619735,1673.5258724428397,1898.3152827918168,0,0,0,0,40.44444444444445,0,45.111111111111114,0
192.2752977980989,233.78654794850198,192.2752977980989,415.473468896643,415.71411382505113,346.04740705089637,1799.1818072434123,1455.5408494765973,0,0,0,0,40.44444444444445,0,45.111111111111114,0
207.9672644120833,243.8319894090745,233.84282103742933,364.0630641473102,415.8141773980022,323.384282103743,1491.9966301600675,1778.4330244313396,0,0,0,0,40.44444444444445,0,4.666666666666667,0
176.6546329723225,186.64259927797835,218.17087845968715,438.26714801444047,413.47773766546334,402.40673886883275,1475.9326113116729,1908.1829121540313,0,0,0,0,40.4399511165426,40.4399511165426,4.666148205754915,0
228.21376986037555,202.33509870004815,218.22339913336543,374.9398170438132,436.3264323543573,399.9759268175253,1334.3765045739046,1344.607607125662,0,0,0,0,40.44444444444445,40.44444444444445,4.666666666666667,0
212.5406186063305,186.6650619809845,202.3107473823565,397.8818148995066,364.0630641473102,399.9277891443014,1599.9518594295344,1545.1919605247324,0,0,0,0,40.44893877097456,40.44893877097456,4.667185242804756,0
201.48921982662813,172.59390975772394,172.37163814180929,329.85107801733716,331.7403867526117,298.62191598132915,1270.7268281840409,1546.677039342076,0,0,0,0,40.44444444444445,40.44444444444445,0,0
163.11111111111111,201.44444444444446,163.11111111111111,337.11111111111114,315.11111111111114,319.5555555555556,1377.4444444444446,1445,0,0,0,0,40.44444444444445,40.44444444444445,0,0
172.33333333333334,148.66666666666669,179.66666666666669,299.5555555555556,315.11111111111114,329.5555555555556,1263.111111111111,1661.5555555555557,0,0,0,0,40.44444444444445,40.44444444444445,0,0
172.33333333333334,172.33333333333334,179.66666666666669,376.5555555555556,324.33333333333337,329.5555555555556,1240.5555555555557,1267.2222222222224,0,0,0,0,0,40.44444444444445,0,33.111111111111114
196.24402711412378,157.90643404822757,187.02078008667627,367.37415268363145,315.146127347483,315.146127347483,1257.3619291032335,1426.0473385931768,0,0,0,0,0,40.44444444444445,0,33.111111111111114
181.7777777777778,187,172.33333333333334,346.33333333333337,315.11111111111114,352.6666666666667,1257.2222222222224,1506.2222222222224,0,0,0,0,0,40.44893877097456,0,33.11479053228137
210.6900766751861,201.46682964773862,157.90643404822757,277.80864540504496,329.8144238248694,353.70596732970324,1234.914990554506,1336.7040782309143,0,0,0,0,0,0,0,37.77777777777778
148.66666666666669,172.55555555555557,186.7777777777778,350.7777777777778,308.77777777777777,320.5555555555556,1234.7777777777778,1577,0,0,0,0,0,0,0,37.781975775086124
163.09298966781472,201.42206421508723,163.09298966781472,315.07610265526057,346.29485612709703,320.5199422286413,1304.0773247416955,1572.0475502721922,0,0,0,0,0,0,40.4399511165426,37.77358071325408
188.8888888888889,186.7777777777778,194.11111111111111,315.11111111111114,346.33333333333337,313.22222222222223,1245.4444444444446,1389.888888888889,0,0,0,0,0,0,40.44444444444445,37.77777777777778
174.44444444444446,188.8888888888889,165.22222222222223,340.8888888888889,346.33333333333337,322.44444444444446,1138.4444444444446,1389.888888888889,0,0,0,0,0,0,40.4399511165426,37.77358071325408
187,188.8888888888889,170.44444444444446,361.8888888888889,398.33333333333337,298.77777777777777,1420.5555555555557,1454.5555555555557,0,0,0,0,0,0,40.44444444444445,37.77777777777778
201.44444444444446,201.44444444444446,170.44444444444446,320.33333333333337,329.7777777777778,350.7777777777778,1244,1591.2222222222224,0,0,0,0,0,0,42.082950000000004,4.8557250000000005
148.66666666666669,187,157.88888888888889,277.5555555555556,308.77777777777777,308.77777777777777,1111.111111111111,1432.5555555555557,0,0,0,0,0,0,42.89479999999999,4.949399999999999
163.09298966781472,163.09298966781472,163.09298966781472,315.07610265526057,367.29252305299417,329.74113987334744,1417.0647705810468,1304.8550161093212,0,0,0,0,0,0,43.645083932853716,5.0359712230215825
134.2073102988557,172.31418731252086,177.5358293522942,315.07610265526057,338.9623375180536,298.52238640151097,1257.0825463837352,1465.170536607044,0,0,0,0,0,0,43.65031778390695,0
188.86790356627043,172.31418731252086,148.6501499833352,348.1835351627597,338.9623375180536,277.52471947561384,1257.0825463837352,1224.752805243862,0,0,0,0,43.639851336770164,0,43.639851336770164,0
210.6900766751861,196.24402711412378,187.02078008667627,362.9292143571508,369.2632514723858,345.3717079675519,1241.249027669741,1086.787420824536,0,362.7098321342926,0,0,43.645083932853716,0,0,0
156,187,170.44444444444446,398.33333333333337,315.11111111111114,279.6666666666667,1110.111111111111,1389.7777777777778,0,362.7533277371388,0,0,43.65031778390695,4883.319342846865,0,0
184.8888888888889,156,184.8888888888889,292.22222222222223,294.11111111111114,305.8888888888889,1333.4444444444446,1389.7777777777778,0,414.0287769784173,0,0,43.645083932853716,4921.223021582734,0,0
163.11111111111111,184.8888888888889,148.66666666666669,313.22222222222223,263.11111111111114,277.5555555555556,1051.3333333333335,6253.777777777778,0,414.0287769784173,0,0,48.6810551558753,4979.616306954436,0,0
217.45196951808524,180.42288290222174,208.3288612214232,391.1130192121928,376.9453686809059,360.9530964902866,5149.404314693571,6178.383599871204,0,446.1365692656151,0,0,48.78304527924582,4990.048941987879,0,0
231.40495867768595,231.40495867768595,222.49651175271012,441.3437801867554,376.9453686809059,360.9530964902866,5419.770312332296,6546.957175056349,0,517.5603049618796,0,0,50.74365704286963,5328.583927009123,0,0
217.47531129240016,203.5208243881494,194.61142121082008,384.8218119364534,384.8218119364534,374.9463288965221,5124.624302275654,6470.588235294118,0,500.33333333333337,0,0,45.111111111111114,4795.88888888889,0,0
245.38428510090168,194.61142121082008,208.56590811507084,425.3971661657364,382.03091455560326,368.0764276513525,5259.982825246887,6315.693430656935,0,500.27774691700915,0,0,4532.718586823686,4795.356071547605,0,0
206.52640618291113,222.5203950193216,231.42979819665092,322.8853585229712,382.03091455560326,368.0764276513525,5379.347359381709,19849.61356805496,336.11111111111114,529.2222222222223,324.22222222222223,342,4492.777777777778,4902,4546.777777777778,4507.666666666667
171.53284671532847,171.53284671532847,180.4422498926578,374.9463288965221,389.1155002146844,373.1215113782739,5090.811507084586,19910.58394160584,336.11111111111114,193.11111111111111,324.22222222222223,356.44444444444446,4567.88888888889,4902,4567.777777777778,4507.666666666667
210.3681442524418,194.3758720618225,180.42288290222174,340.667596865944,354.8352473972309,373.08146399055494,18524.73972308683,19430.503380916605,390.73436284857235,255.0827685812687,371.7364737251416,418.39795578269076,4567.381402066437,4403.288523497388,8872.125319408953,4528.163537384735
217.45196951808524,7278.415799076956,7242.782011377053,376.9453686809059,4161.854674251369,4132.66072770205,18309.005044542235,45186.326070623596,414.49049894432716,7757.084120457829,7923.3248138682075,418.49094343815983,8523.835981775754,5260.47338593177,8874.097121902434,8845.205022780308
203.5208243881494,7251.288106483469,7259.553456419064,4495.16960068699,4142.01373980249,4512.988407041648,18510.626878488623,43763.8471446973,7763.19591065674,7771.530170018891,7923.3248138682075,7757.973108123125,8519.168796532947,5427.8253139237695,9239.359928880987,8845.205022780308
7266.9600686990125,7251.288106483469,7404.894804637183,4428.939458995277,4421.210820094461,4925.075139544869,14390.51094890511,44945.47015886647,7762.333333333334,7741.777777777778,8120.222222222223,7757.111111111111,9526.333333333334,5427.222222222223,9894.555555555557,9490.333333333334
7611.845760640071,7415.823980442271,7598.510945660628,4474.386042893654,4518.390932325813,5002.4447160795635,15094.7883098122,45868.20757861984,7990.554506056229,7735.303922658073,8152.128014223803,7991.221246805201,9595.177241915768,5389.487720857873,9895.655072785865,9528.947660851205
7611.000000000001,7415.000000000001,7612.111111111111,5100.777777777778,4451.222222222223,5143,15309.111111111111,49542.222222222226,7988.779024552827,7755.360515498277,8150.31663148539,7989.4456171536485,9593.045217198089,5414.620597711365,9985.112765248305,9568.825686034883
7623.180353372596,7604.844982775863,7622.180242249138,5117.901989109901,5033.225913990443,5107.900877875319,15054.450494499388,49547.727525280585,11754.666666666668,7756.222222222223,8213.222222222223,8019.222222222223,9498.888888888889,5415.222222222223,9986.222222222223,9569.888888888889
7623.180353372596,7628.736526280697,7598.510945660628,5117.901989109901,5087.343038115346,9046.227358595399,18587.731970218912,63384.820535615065,15160.555555555557,7756.222222222223,15271.77777777778,7677.222222222223,9498.888888888889,5367.666666666667,9713.222222222223,9348.111111111111
7622.333333333334,7627.88888888889,14899.666666666668,8972.77777777778,5011.666666666667,9382,18816.222222222223,63248.444444444445,15160.555555555557,7756.222222222223,15271.77777777778,15019.555555555557,9541.888888888889,5367.666666666667,9725.333333333334,9364.666666666668
14903.333333333334,14891.77777777778,14885.222222222223,8972.77777777778,9324.333333333334,9382,5134.333333333334,65409.333333333336,15107.567507500833,15074.674963884876,15242.471385709523,14968.440937881987,9542.94921657962,5697.6330703411495,5420.6022891432385,9361.26236248472
14868.763195910655,7559.062118013112,7577.064118235358,9335.815090565617,5393.043671519057,5434.159351039004,5265.918435381708,39792.19913323702,15082.222222222223,7524.333333333334,7690.111111111111,14966.77777777778,5634.666666666667,4838.333333333334,5453.111111111111,5061.222222222223
14867.111111111111,7558.222222222223,7559.666666666667,5030,5392.444444444445,5040.333333333334,5187.666666666667,36262.11111111112,7733.474058437951,7542.161982001999,7689.256749250082,7643.817353627373,5634.040662148649,4664.148427952449,5087.323630707699,5060.6599266748135
7564.88888888889,7558.222222222223,7371.111111111111,5030,5013.88888888889,4578.333333333334,5187.666666666667,35039,7735.192799199911,7543.838204244917,7493.165907323036,7645.516168463163,4627.069674408268,4665.18502055784,4432.159128792088,4415.601733525948
7400.844350627709,7583.157426952562,7370.292189756695,5062.548605710477,5029.885568270192,4577.824686145985,4809.687812465282,35283.52405288302,7506.165981557604,7501.944228419064,7460.5043884012875,7410.621042106432,4574.8250194422835,4579.824463948449,4431.174313965114,4377.069214531718
7402.489165462828,7584.8427603067,7374.041560173352,4436.7151905767305,5064.118235359484,4381.264584953883,4832.759195466162,31441.049005445046,7507.834203800422,7441.604622735859,7462.162462495833,7412.268029781087,4575.841760195577,4512.279142126903,4340.482275808423,4336.037337481943
7361.444444444445,7380.555555555556,7335.111111111111,4394.222222222223,4425.666666666667,4380.777777777778,4832.222222222223,31598.222222222223,3742.4158239804424,7441.604622735859,7400.155572841427,7383.375930658963,182.46471830203356,4512.279142126903,4340.482275808423,4336.037337481943
7347.000000000001,7327.777777777778,7335.111111111111,4394.222222222223,4371.555555555556,442.8888888888889,1514.888888888889,3954.2222222222226,0,7411.88888888889,16.555555555555557,7382.555555555556,182.44444444444446,4453.222222222223,66.22222222222223,49.66666666666667
7347.000000000001,7327.777777777778,33.111111111111114,449.22222222222223,4371.555555555556,33.111111111111114,1284.3333333333335,3972.2222222222226,0,7412.712523613735,16.557395266140684,25.780642293588176,64.34048227580843,4453.71707967552,33.11479053228137,33.11479053228137
25.780642293588173,25.780642293588173,33.11479053228136,449.27214134903875,90.12112456939659,57.00633403711523,1400.7111901322369,2169.6855206134014,0,33.111111111111114,0,16.555555555555557,64.33333333333334,97.44444444444446,33.111111111111114,57.00000000000001
25.77777777777778,25.77777777777778,16.555555555555557,49.66666666666667,80.8888888888889,57.00000000000001,1400.5555555555557,1128,0,31.990299999999998,0,15.995149999999999,15.995149999999999,62.155649999999994,0,39.075399999999995
25.77777777777778,25.77777777777778,16.555555555555557,49.66666666666667,80.8888888888889,57.00000000000001,1271.5555555555557,1024.5555555555557,0,0,0,0,15.997423233841529,15.997423233841529,0,39.08095340347864
16.555555555555557,25.77777777777778,16.555555555555557,49.66666666666667,80.8888888888889,49.66666666666667,1378.5555555555557,1321.6666666666667,0,0,0,0,15.995705850778313,15.995705850778313,0,39.07675791733762
0,0,16.55739526614068,16.55739526614068,80.8978775419491,49.67218579842204,1482.720302255806,1073.3414823869318,0,0,0,0,0,15.997423233841529,0,39.08095340347864
0,0,0,16.553716253749585,47.77246972558605,33.10743250749917,1244.4172869681147,1073.102988556827,0,0,0,0,0,0,0,39.07675791733762
0,0,0,0,47.77777777777778,33.111111111111114,1458.5555555555557,1089.3333333333335,0,0,0,0,0,0,0,39.07675791733762
0,0,0,0,46.22661793162761,32.03612126424425,1324.768866910342,1095.8933562674695,0,0,0,0,0,0,0,43.59029418080309
0,0,0,0,46.22661793162761,32.03612126424425,1663.1907116749087,1078.4777467211354,0,0,0,0,0,0,31.991411701556626,43.58561460010735
0,0,0,0,16.018060632122125,8.922812298430445,1560.6321221242745,869.0604171145991,0,0,0,0,0,0,31.987977672820954,4.508372692142551
0,0,0,0,16.018060632122125,8.922812298430445,1672.7585465491293,869.0604171145991,0,0,0,0,0,0,33.886325,4.775925
0,0,0,0,16.018060632122125,8.922812298430445,1672.7585465491293,1115.8890561169642,0,0,0,0,0,0,33.111111111111114,4.666666666666667
0,0,0,39.13136959793593,16.018060632122125,0,1672.7585465491293,828.4239948398194,0,0,0,0,47.77777777777778,0,33.111111111111114,4.666666666666667
0,0,0,39.13136959793593,0,0,1682.7563964738767,999.7849924747367,0,0,0,0,47.77777777777778,40.44444444444445,33.111111111111114,4.666666666666667
0,0,0,39.13557681969681,0,0,1682.937318567896,999.8924846790668,0,0,0,0,47.77777777777778,40.44444444444445,33.111111111111114,4.666666666666667
0,0,0,39.13136959793593,0,0,1705.9772092023222,1049.5592345732102,0,0,0,0,47.77777777777778,40.44444444444445,33.111111111111114,4.666666666666667
0,0,0,39.13136959793593,0,0,1705.9772092023222,1199.2044721565255,0,0,0,0,47.77777777777778,40.44444444444445,33.111111111111114,0
0,0,0,40.44444444444445,0,33.111111111111114,1496.888888888889,1136.6666666666667,0,0,0,0,52.44444444444445,45.111111111111114,0,0
0,0,0,40.43995111654261,0,33.10743250749917,1260.748805688257,1011.44317298078,0,0,0,0,52.44444444444445,45.111111111111114,0,40.44444444444445
0,0,0,40.44444444444445,0,33.111111111111114,1251.888888888889,1011.5555555555557,0,0,0,0,52.44444444444445,45.111111111111114,0,40.44444444444445
0,0,0,40.43995111654261,40.43995111654261,33.10743250749917,1513.276302633041,1099.6555938229087,0,0,0,0,52.44444444444445,45.111111111111114,0,40.44444444444445
0,0,0,0,40.44444444444445,33.111111111111114,1406.4444444444446,1099.7777777777778,0,0,0,0,4.665629860031105,45.10108864696735,0,40.435458786936245
0,0,0,0,40.44444444444445,37.77777777777778,1402,922.6666666666667,0,0,0,0,4.666666666666667,4.666666666666667,0,40.44444444444445
0,0,0,0,40.44444444444445,37.77777777777778,1402,1111.4444444444446,0,0,0,0,4.666666666666667,4.666666666666667,0,40.44444444444445
0,0,0,0,45.111111111111114,37.77777777777778,1271,883.2222222222223,0,0,0,0,4.666666666666667,4.666666666666667,0,40.44444444444445
0,0,0,0,45.111111111111114,37.77777777777778,1626.3333333333335,725.8888888888889,0,0,0,0,4.666666666666667,4.666666666666667,0,40.44444444444445
0,0,0,0,45.10609932229753,4.666148205754917,1292.9674480613266,798.1335407176981,0,0,0,0,0,0,0,40.44444444444445
0,0,0,0,45.116124013779306,4.667185242804756,1523.8359817757528,798.3109234359373,0,0,0,0,0,0,0,0
0,0,0,0,45.111111111111114,4.666666666666667,1285.7777777777778,798.2222222222223,0,0,0,0,0,0,40.44444444444445,0
0,0,0,0,4.667185242804756,4.667185242804756,1420.7134126014,641.5157239693299,0,0,0,0,0,0,40.44444444444445,0
0,0,0,0,4.666666666666667,4.666666666666667,1420.5555555555557,758.7777777777778,0,0,0,0,40.45343409646588,0,40.45343409646588,0
0,0,0,0,4.666666666666667,0,1220.2222222222224,758.7777777777778,0,0,0,0,40.44444444444445,0,40.44444444444445,0
0,0,0,33.111111111111114,4.666666666666667,0,1556,871.2222222222223,0,0,0,0,40.43995111654261,0,40.43995111654261,0
0,0,0,33.111111111111114,0,0,1449,966.2222222222223,0,0,0,0,40.44444444444445,0,45.111111111111114,0
0,0,0,33.10743250749917,0,0,1438.0624375069438,939.3400733251862,0,0,0,0,40.50865,0,45.182725000000005,0
0,0,0,33.11479053228136,0,0,1438.382042449161,961.6624069341037,0,0,0,0,39.0516039051604,39.0516039051604,43.55755820190967,0
0,0,0,33.111111111111114,0,0,1338.6666666666667,954.3333333333334,0,0,0,0,39.05579399141631,39.05579399141631,43.56223175965665,0
0,0,0,37.77777777777778,0,0,1673.3333333333335,1345.3333333333335,0,0,0,0,39.0516039051604,39.0516039051604,4.505954296749277,0
0,0,0,41.07768515162498,0,36.00338286818896,1530.868672224236,1235.9550561797753,0,0,0,0,39.0516039051604,39.0516039051604,4.505954296749277,0
0,0,0,41.07768515162498,0,36.00338286818896,1797.6319922677299,1332.6084330071283,0,0,0,0,0,39.0474147178717,4.505470928985196,39.0474147178717
0,0,0,41.07768515162498,0,36.00338286818896,1899.1180379364505,1332.6084330071283,0,0,0,0,0,39.0516039051604,4.505954296749277,39.0516039051604
0,0,0,5.074302283436028,36.00338286818896,36.00338286818896,1534.0099069711248,1211.791711972937,0,0,0,0,0,39.05579399141631,4.5064377682403425,39.05579399141631
0,0,0,5.074915418076365,36.00773320444659,36.00773320444659,1742.9917834702753,1108.6273562107299,0,0,0,0,0,39.0516039051604,0,39.0516039051604
0,0,0,5.074915418076365,36.00773320444659,36.00773320444659,1636.7810536491058,1300.8699855002417,0,0,0,0,0,0,0,39.9308
0,0,0,5.074302283436028,36.00338286818896,36.00338286818896,1636.5833031291531,1100.519511900447,0,0,0,0,0,0,0,45.111111111111114
0,0,0,5.074302283436028,36.00338286818896,36.00338286818896,1626.434698562281,1339.6158028271113,0,0,0,0,0,0,0,45.111111111111114
0,0,0,0,36.00773320444659,36.00773320444659,1637.868535524408,914.5722571290478,0,0,0,0,0,0,0,45.111111111111114
0,0,0,0,33.111111111111114,0,1375.2222222222224,857.5555555555557,0,0,0,0,0,0,0,45.111111111111114
0,0,0,0,33.11479053228136,0,1367.9297699744416,651.4057117457495,0,0,0,0,0,0,40.44893877097455,4.667185242804756
0,0,0,0,33.11479053228136,0,1406.6007334148237,842.9825536170684,0,0,0,0,0,0,40.44444444444445,4.666666666666667
0,0,0,0,0,0,1406.4444444444446,747.8888888888889,0,0,0,0,0,0,40.44444444444445,4.666666666666667
0,0,0,0,0,0,1328.6301522053107,747.8057993556272,0,0,0,0,0,0,40.44444444444445,4.666666666666667
0,0,0,33.111111111111114,0,0,1081.888888888889,850.2222222222223,0,0,0,0,40.44444444444445,0,40.44444444444445,4.666666666666667
0,0,0,33.111111111111114,0,0,1407.3333333333335,828.1111111111112,0,0,0,0,40.44444444444445,0,40.44444444444445,0
0,0,0,33.111111111111114,0,33.111111111111114,1643.888888888889,811.3333333333334,0,0,0,0,40.44444444444445,0,40.44444444444445,0
0,0,0,33.111111111111114,0,33.111111111111114,1298.888888888889,995.4444444444445,0,0,0,0,40.44444444444445,0,40.44444444444445,0
0,0,0,33.111111111111114,0,33.111111111111114,1536.7777777777778,962.3333333333334,0,0,0,0,45.111111111111114,33.111111111111114,40.44444444444445,0
0,0,0,33.10743250749917,0,33.10743250749917,1546.9392289745585,1172.0919897789136,0,0,0,0,45.111111111111114,33.111111111111114,0,0
0,0,0,33.10743250749917,0,33.10743250749917,1283.968447950228,1007.3325186090435,0,0,0,0,45.111111111111114,33.111111111111114,0,0
0,0,0,33.111111111111114,33.111111111111114,37.77777777777778,1529.4444444444446,912.3333333333334,0,0,0,0,45.111111111111114,33.111111111111114,0,40.44444444444445
0,0,0,33.11479053228136,33.11479053228136,37.78197577508612,1522.2802533614845,1104.2338037559728,0,0,0,0,45.111111111111114,33.111111111111114,0,40.44444444444445
0,0,0,0,33.111111111111114,37.77777777777778,1734.6666666666667,825.0000000000001,0,0,0,0,4.666666666666667,37.77777777777778,0,40.44444444444445
0,0,0,0,33.11479053228136,37.78197577508612,1409.3788198688742,1001.8890987887542,0,0,0,0,4.666666666666667,37.77777777777778,0,40.44444444444445
0,0,0,0,33.111111111111114,4.666666666666667,1265,789.3333333333334,0,0,0,0,4.666666666666667,37.77777777777778,0,40.44444444444445
0,0,0,0,33.111111111111114,4.666666666666667,1508.888888888889,891.7777777777778,0,0,0,0,4.666666666666667,37.77777777777778,0,40.44444444444445
0,0,0,0,37.78197577508612,4.667185242804756,1271.1412379153237,924.3249249916656,0,0,0,0,0,4.666666666666667,0,40.44444444444445
0,0,0,0,37.77777777777778,4.666666666666667,1379.4444444444446,714.3333333333334,0,0,0,0,0,4.666666666666667,40.44444444444445,40.44444444444445
0,0,0,0,37.77777777777778,4.666666666666667,1379.4444444444446,904.7777777777778,0,0,0,0,0,4.8426,41.9692,41.9692
0,0,0,0,4.5141874462596725,0,1524.8280309544282,1166.7024935511606,0,0,0,0,0,4.934399999999999,42.764799999999994,0
0,0,0,32.0292347377472,4.5141874462596725,0,1635.42562338779,981.1908856405846,0,0,0,0,0,5.051112447384246,43.77630787733013,0
0,0,0,32.0292347377472,4.5141874462596725,0,1429.81513327601,1158.6414445399828,0,0,0,0,0,0,43.781573249939854,0
0,0,0,32.0292347377472,4.5141874462596725,32.0292347377472,1772.1410146173687,1258.4909716251075,0,0,0,0,35.84315612220351,0,43.781573249939854,0
0,0,0,32.0292347377472,4.5141874462596725,32.0292347377472,1565.133276010318,1258.4909716251075,0,0,0,0,35.84315612220351,0,43.781573249939854,0
0,0,0,36.53949489521762,4.513702310585706,32.025792584631915,1432.5631380977968,1007.0929607737775,0,0,0,0,35.84315612220351,0,43.781573249939854,0
0,0,0,36.53949489521762,0,32.025792584631915,1739.2799570123586,1183.987103707684,0,0,0,0,35.84315612220351,0,43.781573249939854,0
0,0,0,36.54342218400688,0,32.0292347377472,1394.4539982803094,1184.1143594153052,0,0,0,0,35.84315612220351,0,5.051719990377675,0
0,0,0,36.54342218400688,0,32.0292347377472,1617.4763542562337,990.0042992261392,0,0,0,0,36.02452799379503,44.00311473067581,5.077282468924132,0
0,0,0,36.53949489521762,0,32.025792584631915,1658.570660934981,1274.368619022031,0,0,0,0,37.25465683210402,45.50568821102638,5.250656332041506,0
0,0,0,4.666148205754917,0,33.10743250749917,1259.63781802022,1016.109321186535,0,0,0,0,33.111111111111114,40.44444444444445,4.666666666666667,0
0,0,0,4.667185242804756,33.11479053228136,33.11479053228136,1481.2756972997,928.1031225691743,0,0,0,0,33.111111111111114,40.44444444444445,4.666666666666667,40.44444444444445
0,0,0,4.666148205754917,33.10743250749917,0,1127.0969892234198,908.7879124541719,0,0,0,0,0,40.44444444444445,4.666666666666667,40.44444444444445
0,0,0,4.666666666666667,33.111111111111114,0,1342.7777777777778,908.8888888888889,0,0,0,0,0,40.44444444444445,4.666666666666667,40.44444444444445
0,0,0,0,33.111111111111114,0,1589.6666666666667,937.3333333333334,0,0,0,0,0,40.43096745529268,4.665111629456848,40.43096745529268
0,0,0,0,33.111111111111114,0,1272.5555555555557,722,0,0,0,0,0,40.44444444444445,4.666666666666667,40.44444444444445
0,0,0,0,33.111111111111114,0,1495.7777777777778,920.7777777777778,0,0,0,0,0,40.44444444444445,0,45.111111111111114
0,0,0,0,33.111111111111114,0,1265.2222222222224,937.3333333333334,0,0,0,0,0,0,0,45.10609932229753
0,0,0,0,33.111111111111114,0,1389.7777777777778,850.4444444444445,0,0,0,0,0,0,0,45.111111111111114
0,0,0,0,33.111111111111114,0,1520.7777777777778,850.4444444444445,0,0,0,0,0,0,0,45.116124013779306
0,0,0,0,0,0,1299.3000777691368,777.2469725586047,0,0,0,0,0,0,0,4.666666666666667
0,0,0,0,0,0,1610.2222222222224,707.8888888888889,0,0,0,0,0,0,40.44444444444445,4.666666666666667
0,0,0,0,0,0,1394.6666666666667,707.8888888888889,0,0,0,0,0,0,40.44444444444445,4.666666666666667
0,0,0,33.111111111111114,0,0,1210.7777777777778,1034.4444444444446,0,0,0,0,0,0,40.45793042125153,4.668222740913638
0,0,0,33.111111111111114,0,33.111111111111114,1495.7777777777778,1136.888888888889,0,0,0,0,0,0,40.44444444444445,4.666666666666667
0,0,0,33.111111111111114,0,33.111111111111114,1272.5555555555557,938.1111111111112,0,0,0,0,40.44444444444445,0,40.44444444444445,0
0,0,0,33.111111111111114,0,33.111111111111114,1598,905.0000000000001,0,0,0,0,40.44893877097455,0,40.44893877097455,0
0,0,0,33.111111111111114,0,33.111111111111114,1222.2222222222224,697.7777777777778,0,0,0,0,40.44444444444445,40.44444444444445,40.44444444444445,0
0,0,0,37.77777777777778,0,37.77777777777778,1224,1019.4444444444446,0,0,0,0,40.43995111654261,40.43995111654261,40.43995111654261,0
0,0,0,37.77777777777778,0,37.77777777777778,1469.3333333333335,997.3333333333334,0,0,0,0,40.44444444444445,40.44444444444445,40.44444444444445,0
0,0,0,36.54342218400688,32.0292347377472,36.54342218400688,1644.02407566638,1089.7463456577816,0,0,0,0,45.111111111111114,40.44444444444445,0,0
0,0,0,36.53949489521762,32.025792584631915,36.53949489521762,1770.5534658785598,1395.4862976894142,0,0,0,0,45.111111111111114,40.44444444444445,0,40.44444444444445
0,0,0,4.513702310585706,32.025792584631915,36.53949489521762,1606.1257388500803,1026.2224610424503,0,0,0,0,45.10609932229753,40.43995111654261,0,40.43995111654261
0,0,0,4.513702310585706,32.025792584631915,4.513702310585706,1433.9602364320256,1019.1295002686726,0,0,0,0,45.111111111111114,45.111111111111114,0,40.44444444444445
0,0,0,4.513702310585706,32.025792584631915,4.513702310585706,1721.762493283181,1197.205803331542,0,0,0,0,4.48245,43.33035,0,38.8479
0,0,0,4.513702310585706,32.025792584631915,4.513702310585706,1406.9854916711445,1197.205803331542,0,0,0,0,4.5141874462596725,43.637145313843504,0,39.122957867583835
0,0,0,4.513702310585706,36.53949489521762,4.513702310585706,1638.9038151531433,1233.7452982267596,0,0,0,0,4.514672686230249,4.514672686230249,0,39.12716328066216
0,0,0,0,36.53949489521762,0,1773.3476625470175,1130.2525523911875,0,0,0,0,4.515158030531069,4.515158030531069,0,39.13136959793593
0,0,0,0,36.53949489521762,0,1536.055883933369,1130.2525523911875,0,0,0,0,4.5141874462596725,4.5141874462596725,0,39.122957867583835
0,0,0,0,36.53556845046207,0,1540.0816677412424,1090.0494304749625,0,0,0,0,0,4.514672686230249,0,39.12716328066216
0,0,0,33.11479053228136,4.667185242804756,0,1356.0395599511055,715.8573174797199,0,0,0,0,0,4.514672686230249,0,0
0,0,0,33.11479053228136,4.667185242804756,0,1356.0395599511055,811.0901211245694,0,0,0,0,0,4.515158030531069,0,0
0,0,0,33.111111111111114,4.666666666666667,33.111111111111114,1599.7777777777778,1017.3333333333334,0,0,0,0,0,0,0,0
0,0,0,33.111111111111114,4.666666666666667,33.111111111111114,1302.2222222222224,833.2222222222223,0,0,0,0,0,0,41.6689,0
0,0,0,33.111111111111114,4.666666666666667,33.111111111111114,1516.2222222222224,833.2222222222223,0,0,0,0,40.44893877097456,0,40.44893877097456,0
0,0,0,33.111111111111114,0,33.111111111111114,1541.2222222222224,795.4444444444445,0,0,0,0,40.44444444444445,0,40.44444444444445,0
0,0,0,33.111111111111114,0,33.111111111111114,1376.4444444444446,885.6666666666667,0,0,0,0,40.44444444444445,0,40.44444444444445,0
0,0,0,33.11479053228136,0,33.11479053228136,1376.5973997110789,1003.1114568285363,0,0,0,0,40.44444444444445,0,40.44444444444445,0
0,0,0,33.11479053228136,0,33.11479053228136,1393.2659184353815,818.9798866540726,0,0,0,0,40.4399511165426,0,40.4399511165426,0
0,0,0,0,0,33.10743250749917,1392.9563381846463,1002.888567936896,0,0,0,0,40.4399511165426,40.4399511165426,45.10609932229752,0
0,0,0,0,33.10743250749917,33.10743250749917,1499.9444506165983,907.676924786135,0,0,0,0,40.44444444444445,40.44444444444445,45.111111111111114,0
0,0,0,0,33.111111111111114,0,1149.2222222222224,701.5555555555557,0,0,0,0,40.44444444444445,40.44444444444445,45.111111111111114,0
0,0,0,0,33.11479053228136,0,1507.6119568840982,995.6661851316812,0,0,0,0,40.44444444444445,40.44444444444445,4.666666666666667,40.44444444444445
0,0,0,0,33.111111111111114,0,1293.4444444444446,995.5555555555557,0,0,0,0,0,40.4399511165426,4.666148205754915,40.4399511165426
0,0,0,0,33.111111111111114,0,1143,995.5555555555557,0,0,0,0,0,40.4399511165426,4.666148205754915,40.4399511165426
0,0,0,0,33.111111111111114,0,1397.1111111111113,1049.6666666666667,0,0,0,0,0,40.44444444444445,4.666666666666667,40.44444444444445
0,0,0,0,33.10743250749917,0,1527.8302410843241,932.2297522497502,0,0,0,0,0,40.44444444444445,4.666666666666667,40.44444444444445
0,0,0,0,33.10743250749917,0,1289.8566825908233,959.0045550494391,0,0,0,0,0,40.44444444444445,4.666666666666667,40.44444444444445
0,0,0,0,33.111111111111114,0,1429.7777777777778,775,0,0,0,0,0,0,0,45.111111111111114
0,0,0,0,0,0,1429.7777777777778,959.1111111111112,0,0,0,0,0,0,0,45.10609932229752
0,0,0,0,0,0,1648.2222222222224,863.8888888888889,0,0,0,0,0,0,0,45.111111111111114
0,0,0,0,0,0,1290,776.1111111111112,0,0,0,0,0,0,0,4.666666666666667
0,0,0,35.68862275449102,0,35.68862275449102,1842.8742514970063,1231.9760479041918,0,0,0,0,0,0,0,4.667185242804756
0,0,0,35.68434917973895,0,35.68434917973895,1719.434798227757,1231.828523530116,0,0,0,0,0,0,0,4.666666666666667
0,0,0,35.68434917973895,0,35.68434917973895,1445.5753801939886,852.8319961681235,0,0,0,0,0,0,0,4.666666666666667
0,0,0,35.68434917973895,0,35.68434917973895,1710.4538378637287,888.5163453478624,0,0,0,0,0,0,40.44444444444445,4.666666666666667
0,0,0,40.718562874251504,0,40.718562874251504,1710.6586826347307,1079.1616766467066,0,0,0,0,0,0,40.44893877097456,4.667185242804756
0,0,0,40.718562874251504,0,40.718562874251504,1555.2095808383235,1079.1616766467066,0,0,0,0,0,0,40.231294536817096,0
0,0,0,40.718562874251504,0,40.718562874251504,1675.3293413173656,988.2634730538923,0,0,0,0,39.16083916083917,0,39.16083916083917,0
0,0,0,40.713686983594776,35.68434917973895,40.713686983594776,1439.7078194228234,988.1451323194825,0,0,0,0,39.156626506024104,0,39.156626506024104,0
0,0,0,40.70881226053639,35.68007662835249,40.70881226053639,1670.1388888888887,1161.39846743295,0,0,0,0,39.16083916083917,39.16083916083917,39.16083916083917,0
0,0,0,4.666666666666667,33.111111111111114,4.666666666666667,1130.111111111111,835.4444444444445,0,0,0,0,39.1566265060241,39.1566265060241,39.1566265060241,0
0,0,0,4.666666666666667,33.111111111111114,4.666666666666667,1495.6666666666667,1019.5555555555557,0,0,0,0,39.16083916083917,39.16083916083917,39.16083916083917,0
0,0,0,4.667185242804756,33.11479053228137,4.667185242804756,1510.5011667963108,1012.334703855984,0,0,0,0,43.670001075615794,39.15241475744864,39.15241475744864,0
0,0,0,4.667185242804756,33.11479053228137,4.667185242804756,1133.7926436270698,1020.3355928436494,0,0,0,0,43.67939752555138,39.16083916083917,0,39.16083916083917
0,0,0,0,37.77358071325408,0,1505.277191423175,1007.2214198422396,0,0,0,0,43.670001075615794,43.670001075615794,0,39.15241475744864
0,0,0,0,37.77777777777778,0,1422.4444444444446,1124.4444444444446,0,0,0,0,4.653075,44.979725,0,40.32665
0,0,0,0,37.77358071325408,0,1203.8662370847683,1024.5528274636151,0,0,0,0,4.666666666666667,45.111111111111114,0,40.44444444444445
0,0,0,0,4.667185242804756,0,1541.3934881653518,1230.9145460606735,0,0,0,0,4.667185242804756,45.116124013779306,0,40.44893877097455
0,0,0,0,4.666666666666667,0,1327.2222222222224,863.6666666666667,0,0,0,0,4.666666666666667,4.666666666666667,0,40.44444444444445
0,0,0,0,4.666666666666667,0,1548.5555555555557,739.1111111111112,0,0,0,0,4.666148205754917,4.666148205754917,0,40.43995111654261
0,0,0,0,4.667185242804756,0,1416.8240915657295,783.3092565840649,0,0,0,0,4.666148205754917,4.666148205754917,0,40.43995111654261
0,0,0,0,4.666666666666667,0,1295,783.2222222222223,0,0,0,0,0,4.667185242804756,0,40.44893877097455
0,0,0,33.111111111111114,4.666666666666667,0,1516.3333333333335,841.7777777777778,0,0,0,0,0,4.666666666666667,0,0
0,0,0,33.11479053228137,0,33.11479053228137,1376.819646627403,651.1834648294255,0,0,0,0,0,0,40.44893877097455,0
0,0,0,33.111111111111114,0,33.111111111111114,1245.6666666666667,868.3333333333334,0,0,0,0,0,0,40.44444444444445,0
0,0,0,33.11479053228137,0,33.11479053228137,1507.7230803422603,890.5433937104123,0,0,0,0,0,0,40.44444444444445,0
0,0,0,33.111111111111114,0,33.111111111111114,1170.3333333333335,978.1111111111112,0,0,0,0,0,0,40.44444444444445,0
0,0,0,33.111111111111114,0,33.111111111111114,1500.2222222222224,978.1111111111112,0,0,0,0,0,0,40.44444444444445,0
0,0,0,33.10743250749916,0,33.10743250749916,1497.1669814465058,1257.1936451505387,0,0,0,0,40.44893877097455,40.44893877097455,45.116124013779306,0
0,0,0,33.111111111111114,33.111111111111114,33.111111111111114,1394.6666666666667,1051.2222222222224,0,0,0,0,40.44444444444445,40.44444444444445,45.111111111111114,0
0,0,0,33.10743250749916,33.10743250749916,33.10743250749916,1501.4998333518497,1051.1054327296965,0,0,0,0,40.44444444444445,40.44444444444445,45.111111111111114,0
0,0,0,0,32.174476354998916,32.174476354998916,1583.1353919239903,1335.8885769812134,0,0,0,0,40.44444444444445,40.44444444444445,45.111111111111114,33.111111111111114
0,0,0,0,32.174476354998916,0,1604.8369682573957,1543.4031526668105,0,0,0,0,40.44444444444445,40.44444444444445,4.666666666666667,33.111111111111114
0,0,0,0,32.174476354998916,0,1840.423234722522,1218.5273159144892,0,0,0,0,40.43995111654261,40.43995111654261,4.666148205754917,33.10743250749917
0,0,0,0,32.174476354998916,0,1689.9157849276612,1197.0416756640034,0,0,0,0,40.44444444444445,40.44444444444445,4.666666666666667,33.111111111111114
0,0,0,0,32.17100291482242,0,1903.3790348699126,1168.519917953147,0,0,0,0,40.43995111654261,40.43995111654261,4.666148205754917,33.10743250749917
0,0,0,0,32.177950545297485,0,1583.1983587085629,1168.7722708130873,0,0,0,0,40.44444444444445,40.44444444444445,4.666666666666667,33.111111111111114
0,0,0,0,32.177950545297485,0,1578.8791707159055,897.4192851743873,0,0,0,0,0,0,0,37.77777777777778
0,0,0,32.174476354998916,0,0,1451.4143813431224,1154.3942992874108,0,0,0,0,0,0,0,37.78197577508612
0,0,0,32.177950545297485,0,32.177950545297485,1691.5019976244466,1154.518950437318,0,0,0,0,0,0,0,38.83225
0,0,0,32.174476354998916,0,32.174476354998916,1691.3193694666377,1247.0308788598572,0,0,0,0,0,0,0,4.521963824289405
0,0,0,33.111111111111114,0,33.111111111111114,1244.2222222222224,646.5555555555557,0,0,0,0,0,0,0,4.521963824289405
0,0,0,33.111111111111114,0,33.111111111111114,1358.888888888889,849.1111111111112,0,0,0,0,0,0,0,4.522450737590179
0,0,0,33.111111111111114,0,33.111111111111114,1251.888888888889,849.1111111111112,0,0,0,0,0,0,0,4.522450737590181
0,0,0,33.111111111111114,0,33.111111111111114,1270,606.6666666666667,0,0,0,0,0,0,0,4.522937755761361
0,0,0,33.10743250749917,0,33.10743250749917,1269.8589045661595,783.3574047328076,0,0,0,0,0,0,39.1945730591149,4.522450737590181
0,0,0,33.111111111111114,33.111111111111114,33.111111111111114,1258.3333333333335,878.6666666666667,0,0,0,0,0,0,39.19035314384151,0
0,0,0,0,33.111111111111114,33.111111111111114,1591.1111111111113,871.4444444444445,0,0,0,0,0,0,39.1945730591149,0
0,0,0,0,33.111111111111114,0,1237.2222222222224,871.4444444444445,0,0,0,0,0,0,39.020843230403806,0
0,0,0,0,33.111111111111114,0,1467.888888888889,806.5555555555557,0,0,0,0,0,0,40.44893877097456,0
0,0,0,0,33.111111111111114,0,1360.888888888889,806.5555555555557,0,0,0,0,0,40.44893877097456,40.44893877097456,0
0,0,0,0,33.111111111111114,0,1222.2222222222224,804.6666666666667,0,0,0,0,0,40.44444444444445,40.44444444444445,0
0,0,0,0,33.111111111111114,0,1476.6666666666667,804.6666666666667,0,0,0,0,40.44444444444445,40.44444444444445,40.44444444444445,40.44444444444445
0,0,0,0,33.11479053228137,0,1369.818868763196,921.1023447049672,0,0,0,0,40.43096745529268,40.43096745529268,40.43096745529268,40.43096745529268
0,0,0,0,33.11479053228137,0,1595.6217357484165,744.3049227691967,0,0,0,0,40.44444444444445,40.44444444444445,0,40.44444444444445
0,0,0,0,0,0,1393.1111111111113,1016.0000000000001,0,0,0,0,40.44444444444445,45.111111111111114,0,40.44444444444445
0,0,0,0,0,0,1385.623819575603,736.473725141651,0,0,0,0,40.44444444444445,45.111111111111114,0,40.44444444444445
0,0,0,0,0,0,1385.7777777777778,906.0000000000001,0,0,0,0,45.111111111111114,45.111111111111114,0,40.44444444444445
0,0,0,0,0,33.111111111111114,1349.1111111111113,992.7777777777778,0,0,0,0,45.111111111111114,45.111111111111114,0,40.44444444444445
0,0,0,33.111111111111114,0,33.111111111111114,1613,1264.7777777777778,0,0,0,0,45.10609932229752,4.666148205754915,0,40.4399511165426
0,0,0,33.111111111111114,0,33.111111111111114,1501.5555555555557,1064.111111111111,0,0,0,0,45.111111111111114,4.666666666666667,0,40.44444444444445
0,0,0,32.015470562956594,0,32.015470562956594,1444.7786850021487,1239.0416845724108,0,0,0,0,4.666148205754915,4.666148205754915,0,0
0,0,0,32.015470562956594,0,32.015470562956594,1651.6974645466264,1105.1783412118607,0,0,0,0,4.668222740913638,4.668222740913638,0,0
0,0,0,32.015470562956594,0,32.015470562956594,1536.850021486893,1105.1783412118607,0,0,0,0,4.666666666666667,4.666666666666667,0,0
0,0,0,32.015470562956594,0,32.015470562956594,1743.7688010313707,921.2505371723248,0,0,0,0,4.666666666666667,0,33.111111111111114,0
0,0,0,32.015470562956594,0,32.015470562956594,1555.758487322733,921.2505371723247,0,0,0,0,4.666148205754915,0,33.10743250749916,0
0,0,0,32.01203136749382,32.01203136749382,32.01203136749382,1555.591363196906,1140.8314534321623,0,0,0,0,0,0,33.111111111111114,0
0,0,0,32.015470562956594,32.015470562956594,0,1697.0348087666523,1027.6106574989255,0,0,0,0,0,0,33.111111111111114,0
0,0,0,0,32.01203136749382,0,1441.7230637017938,786.8729186808464,0,0,0,0,0,0,37.781975775086124,0
0,0,0,0,32.01203136749382,0,1561.1773552476095,786.8729186808464,0,0,0,0,40.44893877097456,0,37.781975775086124,0
0,0,0,0,32.015470562956594,0,1795.6596476149548,975.2900730554361,0,0,0,0,40.44893877097456,0,37.781975775086124,0
0,0,0,0,33.111111111111114,0,1396,800.5555555555557,0,0,0,0,40.44444444444445,40.44444444444445,37.77777777777778,0
0,0,0,0,33.10743250749916,0,1288.85679368959,822.5752694145094,0,0,0,0,45.5,45.5,42.5,0
0,0,0,0,33.111111111111114,0,1299.3333333333335,925.0000000000001,0,0,0,0,43.81068724103443,43.81068724103443,5.055079297042434,0
0,0,0,0,33.111111111111114,0,1389.6666666666667,1020.2222222222223,0,0,0,0,44.0784693630419,44.0784693630419,5.085977234197142,0
0,0,0,0,0,0,1389.6666666666667,623.5555555555555,0,0,0,0,44.07313234047705,44.07313234047705,5.085361423901198,44.07313234047705
0,0,0,33.111111111111114,0,33.111111111111114,1397.5555555555557,1107.888888888889,0,0,0,0,44.07313234047705,44.07313234047705,5.085361423901198,44.07313234047705
0,0,0,33.11479053228137,0,33.11479053228137,1397.7108567618625,1084.8983220357818,0,0,0,0,44.07846936304189,44.07846936304189,0,44.07846936304189
0,0,0,33.11479053228137,0,33.11479053228137,1381.1534614957218,1089.5655072785864,0,0,0,0,0,44.07313234047705,0,44.07313234047705
0,0,0,33.10743250749916,0,33.10743250749916,1138.5401622041993,885.3460726585934,0,0,0,0,0,44.07313234047705,0,44.07313234047705
0,0,0,33.111111111111114,0,33.111111111111114,1248.5555555555557,1078.7777777777778,0,0,0,0,0,0,0,49.152542372881356
0,0,0,33.09640159928921,0,33.09640159928921,1395.4908929364728,1271.545979564638,0,0,0,0,0,0,0,48.238600000000005
0,0,0,33.111111111111114,0,33.111111111111114,1171.7777777777778,993.0000000000001,0,0,0,0,0,0,0,47.283775
0,0,0,33.11479053228137,0,33.11479053228137,1284.8094232692522,897.8775419491054,0,0,0,0,0,0,33.111111111111114,45.111111111111114
0,0,0,33.11479053228137,0,33.11479053228137,1284.8094232692522,897.8775419491054,0,0,0,0,0,0,33.11479053228136,4.667185242804756
0,0,0,0,0,0,1270.7476947005887,413.3985112765248,0,0,0,0,0,0,33.111111111111114,4.666666666666667
0,0,0,0,0,0,1416.3981779802243,723.1418731252082,0,0,0,0,0,0,33.10743250749917,4.666148205754917
0,0,0,0,0,0,1423.7306965892676,718.4757249194533,0,0,0,0,0,0,33.11479053228136,4.667185242804756
0,0,0,0,0,0,1424.0471163462607,895.432825869541,0,0,0,0,0,0,33.111111111111114,4.666666666666667
0,0,0,0,33.10743250749916,0,1520.3866237084767,797.022553049661,0,0,0,0,0,0,33.1184707712825,0
0,0,0,0,33.12951639799889,0,1373.763201778766,581.9899944413563,0,0,0,0,0,0,33.111111111111114,0
0,0,0,0,32.06024744486283,0,2015.9225389994624,787.8429263044649,0,0,0,0,0,0,33.111111111111114,0
0,0,0,32.056798623063685,32.056798623063685,0,1692.1256454388986,1058.197074010327,0,0,0,0,0,0,0,0
0,0,0,32.06024744486283,32.06024744486283,0,1899.5158687466383,1058.3109198493814,0,0,0,0,40.43995111654261,0,0,0
0,0,0,32.0636970088229,32.0636970088229,0,1702.9266193242954,1171.9388853023456,0,0,0,0,40.44893877097455,0,0,0
0,0,0,32.0636970088229,32.0636970088229,0,1781.902302560792,1050.2474714869809,0,0,0,0,40.44444444444445,0,0,0
0,0,0,32.0636970088229,32.0636970088229,32.0636970088229,1567.5704755756403,1050.2474714869809,0,0,0,0,40.43995111654261,40.43995111654261,0,0
0,0,0,32.06024744486283,32.06024744486283,32.06024744486283,1790.6401291016678,1079.397525551372,0,0,0,0,45.116124013779306,40.44893877097455,0,40.44893877097455
0,0,0,32.04990320499032,0,32.04990320499032,1720.6926220692621,1250.0537750053775,0,0,0,0,45.10609932229753,40.43995111654261,0,40.43995111654261
0,0,0,32.056798623063685,0,32.056798623063685,1721.0628227194493,1287.7581755593803,0,0,0,0,45.116124013779306,40.44893877097455,0,40.44893877097455
0,0,0,32.056798623063685,0,32.056798623063685,1568.6316695352841,1063.145438898451,0,0,0,0,45.111111111111114,45.111111111111114,0,40.44444444444445
0,0,0,0,0,33.11479053228137,1284.6982998110902,1003.0003333703745,0,0,0,0,45.111111111111114,45.111111111111114,0,40.44444444444445
0,0,0,0,0,33.111111111111114,1412.1111111111113,1002.8888888888889,0,0,0,0,4.666666666666667,45.111111111111114,0,40.44444444444445
0,0,0,0,0,33.111111111111114,1388.1111111111113,908.7777777777778,0,0,0,0,4.666666666666667,45.111111111111114,0,40.44444444444445
0,0,0,0,0,33.111111111111114,1401.888888888889,724.6666666666667,0,0,0,0,4.666666666666667,45.111111111111114,0,40.44444444444445
0,0,0,0,33.10743250749916,0,1401.7331407621373,1045.217198089101,0,0,0,0,4.666666666666667,4.666666666666667,0,40.44444444444445
0,0,0,0,33.111111111111114,0,1363.3333333333335,838.3333333333334,0,0,0,0,0,4.666148205754917,40.43995111654261,0
0,0,0,0,33.122151828387246,0,1097.8103812381905,860.8425030565745,0,0,0,0,0,4.558574999999999,39.50765,0
0,0,0,0,33.11479053228137,0,1338.482053561507,838.5376152905878,0,0,0,0,0,4.53808752025932,39.33009184224744,0
0,0,0,0,33.11479053228137,0,1122.5691743527059,1171.2412490276697,0,0,0,0,0,0,39.334341906202724,0
0,0,0,33.111111111111114,33.111111111111114,0,1479.6666666666667,987.0000000000001,0,0,0,0,0,0,39.33009184224744,0
0,0,0,33.111111111111114,33.111111111111114,0,1359.4444444444446,987.0000000000001,0,0,0,0,0,0,39.334341906202724,0
0,0,0,33.111111111111114,33.111111111111114,0,1252.4444444444446,963.8888888888889,0,0,0,0,0,0,39.33009184224744,0
0,0,0,33.111111111111114,33.111111111111114,0,1328.1111111111113,1162.6666666666667,0,0,0,0,0,0,39.334341906202724,0
0,0,0,33.11479053228137,0,0,1328.2586954106011,864.207134126014,0,0,0,0,0,0,39.334341906202724,0
0,0,0,33.111111111111114,0,0,1374.1111111111113,1070.2222222222224,0,0,0,0,0,0,0,0
0,0,0,33.111111111111114,0,0,1595.5555555555557,776.2222222222223,0,0,0,0,41.236650000000004,0,0,0
0,0,0,33.111111111111114,0,0,1463.5555555555557,759.6666666666667,0,0,0,0,40.44444444444445,40.44444444444445,0,40.44444444444445
0,0,0,33.111111111111114,0,0,1725.1111111111113,427.00000000000006,0,0,0,0,40.44444444444445,40.44444444444445,0,40.44444444444445
0,0,0,0,0,33.111111111111114,1367.888888888889,1022.8888888888889,0,0,0,0,40.44444444444445,40.44444444444445,0,40.44444444444445
0,0,0,0,0,33.111111111111114,1369.7777777777778,1039.4444444444446,0,0,0,0,40.44893877097455,40.44893877097455,0,40.44893877097455
0,0,0,0,0,33.111111111111114,1369.7777777777778,1039.4444444444446,0,0,0,0,40.44444444444445,40.44444444444445,0,45.111111111111114
0,0,0,0,0,33.111111111111114,1383,1039.4444444444446,0,0,0,0,40.44444444444445,40.44444444444445,0,45.111111111111114
0,0,0,0,0,35.856094332811935,1639.5138972446155,1125.6166526290458,0,0,0,0,40.44444444444445,40.44444444444445,0,45.111111111111114
0,0,0,0,0,35.8604091456077,1756.6787003610104,1134.8977135980745,0,0,0,0,40.44444444444445,40.44444444444445,40.44444444444445,45.111111111111114
0,0,0,0,35.860409145607704,35.860409145607704,1516.8471720818293,1134.8977135980747,0,0,0,0,0,40.44444444444445,40.44444444444445,45.111111111111114
0,0,0,0,35.8604091456077,35.8604091456077,1630.685920577617,1340.9145607701562,0,0,0,0,0,0,40.44444444444445,4.666666666666667
0,0,0,0,35.8604091456077,35.8604091456077,1624.1877256317687,1340.9145607701562,0,0,0,0,0,0,40.44444444444445,4.666666666666667
0,0,0,0,35.856094332811935,0,1775.8392491878233,928.7691011911924,0,0,0,0,0,0,40.44444444444445,4.666666666666667
0,0,0,35.856094332811935,35.856094332811935,0,1534.1114186018528,1031.7651305498737,0,0,0,0,0,0,45.10609932229753,4.666148205754917
0,0,0,35.8604091456077,35.8604091456077,0,1883.6341756919371,1031.8892900120336,0,0,0,0,0,0,45.111111111111114,0
0,0,0,35.856094332811935,35.856094332811935,0,1526.1701359643844,1015.8825652749367,0,0,0,0,0,0,45.111111111111114,0
0,0,0,33.11479053228136,33.11479053228136,0,1499.8333148127567,920.7689743304811,0,0,0,0,0,0,45.111111111111114,0
0,0,0,33.111111111111114,33.111111111111114,0,1399.1111111111113,912.3333333333334,0,0,0,0,0,0,4.666666666666667,0
0,0,0,33.111111111111114,0,0,1513.4444444444446,912.3333333333334,0,0,0,0,0,0,4.666666666666667,0
0,0,0,33.10743250749917,0,0,1299.3000777691368,722.0308854571715,0,0,0,0,33.10743250749916,40.4399511165426,4.666148205754915,0
0,0,0,33.111111111111114,0,0,1366.4444444444446,722.1111111111112,0,0,0,0,33.111111111111114,40.44444444444445,4.666666666666667,0
0,0,0,33.111111111111114,0,0,1226.2222222222224,692.6666666666667,0,0,0,0,33.111111111111114,40.44444444444445,4.666666666666667,0
0,0,0,0,0,33.11479053228136,1488.276475163907,1089.3432603622623,0,0,0,0,33.111111111111114,40.44444444444445,0,40.44444444444445
0,0,0,0,0,33.111111111111114,1165.5555555555557,1089.2222222222224,0,0,0,0,33.111111111111114,40.44444444444445,0,40.44444444444445
0,0,0,0,0,33.11479053228136,1397.8219802200242,905.2116901877986,0,0,0,0,33.290324999999996,40.663349999999994,0,40.663349999999994
0,0,0,0,0,33.111111111111114,1397.6666666666667,1172.3333333333335,0,0,0,0,32.22318339100345,39.35986159169549,0,39.35986159169549
0,0,0,0,0,33.111111111111114,1405,966.1111111111112,0,0,0,0,36.764705882352935,39.35986159169549,0,39.35986159169549
0,0,0,0,0,33.111111111111114,1290.6666666666667,1018.6666666666667,0,0,0,0,36.764705882352935,39.35986159169549,0,39.35986159169549
0,0,0,0,0,33.11479053228136,1623.6248472052448,1195.5772863651516,0,0,0,0,4.542013626040878,0,0,39.364118092354275
0,0,0,0,0,4233.333333333334,1300.888888888889,1195.4444444444446,0,0,0,0,4.542013626040878,0,0,39.364118092354275
0,0,311.22222222222223,0,0,4233.333333333334,1415.2222222222224,5674.88888888889,0,0,0,0,4.54152249134948,0,39.35986159169549,39.35986159169549
0,0,311.22222222222223,0,0,4559.555555555556,1391.2222222222224,5874.222222222223,0,0,0,0,4.54152249134948,0,39.35986159169549,0
0,0,340.11111111111114,0,33.111111111111114,4628.111111111111,1391.2222222222224,5874.222222222223,0,0,0,0,4.54152249134948,0,39.35986159169549,0
0,0,340.11111111111114,33.111111111111114,33.111111111111114,4628.111111111111,5491.88888888889,6076.222222222223,0,0,0,0,4.628420740092512,0,40.11297974746844,0
0,0,369,33.111111111111114,33.111111111111114,4670.111111111111,5465.777777777778,5804.333333333334,0,0,0,0,4.667185242804756,0,40.44893877097456,0
0,0,383.44444444444446,33.111111111111114,33.111111111111114,4670.111111111111,5213,5973.666666666667,0,0,0,0,0,0,40.44444444444445,0
0,0,383.4870541171241,33.11479053228136,33.11479053228136,4727.080786754083,5427.603067007445,5990.110012223579,0,0,0,0,0,0,40.44444444444445,0
0,0,444.9102440073094,32.03267763087176,32.03267763087176,4645.27571751048,5355.906696764484,5860.475115554122,0,0,0,0,0,0,40.44444444444445,0
0,0,472.80739466895955,32.0292347377472,32.0292347377472,636.3929492691315,5595.657781599311,6085.554600171969,0,0,0,0,0,40.44444444444445,40.44444444444445,0
0,0,185.7465333763302,32.03267763087176,32.03267763087176,702.9990325701386,5485.649790390196,1572.7184779103513,0,0,0,0,0,40.44444444444445,0,0
0,0,185.72656921754083,32.0292347377472,32.0292347377472,389.61736887360274,5485.167669819432,1100.9243336199484,0,0,0,0,0,40.44444444444445,0,0
0,0,185.7465333763302,32.03267763087176,0,343.6525851875739,5605.288616575298,1266.6881651080296,0,0,0,0,0,40.44444444444445,0,0
0,0,208.64237342792646,0,0,379.98495109104584,1413.6300118241427,1071.267333118349,0,0,0,0,0,40.4399511165426,0,40.4399511165426
0,0,180.67497850386928,0,0,389.61736887360274,1506.9862424763542,1137.2527944969904,0,0,0,0,40.4399511165426,40.4399511165426,0,40.4399511165426
0,0,217.75580395528803,0,0,409.9312123817713,1506.9862424763542,973.4522785898538,0,0,0,0,40.44444444444445,45.111111111111114,0,40.44444444444445
0,0,231.72828890799656,0,0,409.9312123817713,1536.1134995700772,1284.6087704213242,0,0,0,0,40.44444444444445,45.111111111111114,0,40.44444444444445
322.3344797936371,0,215.71367153912294,0,4064.380911435941,373.6027515047291,1743.121238177128,1113.6070507308684,0,0,0,0,40.44444444444445,45.111111111111114,0,40.44444444444445
347.6666666666667,0,163.11111111111111,4460.88888888889,4201.666666666667,313.22222222222223,9276.666666666668,5613.88888888889,0,0,0,0,40.4399511165426,4.666148205754915,0,40.4399511165426
347.6666666666667,318.33333333333337,163.11111111111111,4460.88888888889,4557.444444444444,244.44444444444446,9276.666666666668,10869,0,0,0,0,40.44444444444445,4.666666666666667,0,40.44444444444445
362.11111111111114,332.7777777777778,163.11111111111111,4502.88888888889,4557.444444444444,298.5555555555556,9269.222222222223,10835.333333333334,0,0,0,0,40.44444444444445,4.666666666666667,0,40.44444444444445
376.5137206977003,361.626485946006,179.6467059215643,4523.386290412177,4613.376291523165,277.52471947561384,9346.62815242751,10863.681813131876,0,0,0,0,40.44444444444445,4.666666666666667,40.44444444444445,40.44444444444445
391,376.11111111111114,194.11111111111111,4559.333333333334,4634.88888888889,315.11111111111114,9347.666666666668,10864.88888888889,0,0,0,0,40.44444444444445,4.666666666666667,40.44444444444445,0
391,376.11111111111114,194.11111111111111,4616,4634.88888888889,298.5555555555556,9279,11045.77777777778,0,0,0,0,0,4.666666666666667,40.44444444444445,0
419.8888888888889,423.6666666666667,155.7777777777778,4616,4707.88888888889,319.5555555555556,9386,11292.77777777778,0,0,0,0,0,0,40.44893877097456,0
419.8888888888889,423.6666666666667,170.22222222222223,4684.555555555556,4766.444444444444,263.11111111111114,9141.888888888889,10978.333333333334,0,0,0,0,0,0,40.44444444444445,0
148.66666666666669,452.5555555555556,141.33333333333334,4705.555555555556,564.7777777777778,298.5555555555556,9228.111111111111,10978.333333333334,0,0,0,0,0,0,40.44893877097456,0
148.66666666666669,481.44444444444446,155.7777777777778,244.66666666666669,633.3333333333334,277.5555555555556,1238.111111111111,6549.222222222223,0,0,0,0,0,0,45.111111111111114,0
163.1292365818424,163.1292365818424,141.3490387820869,334.2593621513501,319.5910656739637,319.5910656739637,1238.2486942993664,1294.2549172130236,0,0,0,0,0,0,46.61387500000001,0
148.66666666666669,163.11111111111111,194.11111111111111,292.22222222222223,319.5555555555556,352.6666666666667,1245.4444444444446,1294.1111111111113,0,0,0,0,0,0,43.977469670710576,0
163.1292365818424,134.23713745971773,172.3524836092899,327.70307811979103,298.58873208134236,352.70585620624513,1233.3592621402377,1093.454828314257,0,0,0,0,0,39.432347524645216,4.549886252843678,0
196.2004221753139,165.20386623708478,134.2073102988557,292.18975669370076,277.52471947561384,313.18742361959784,1233.0852127541386,1355.8493500722143,0,0,0,0,0,39.432347524645216,4.549886252843678,0
196.22222222222223,196.22222222222223,163.11111111111111,310.6666666666667,352.6666666666667,313.22222222222223,1257.2222222222224,1106.7777777777778,0,0,0,0,0,39.42807625649914,4.549393414211439,0
196.22222222222223,148.66666666666669,163.11111111111111,346.11111111111114,315.11111111111114,271.22222222222223,1150.2222222222224,1176.4444444444446,0,0,0,0,0,39.42380591357088,4.548900682335102,32.275533412758584
210.66666666666669,177.55555555555557,134.22222222222223,277.5555555555556,256.5555555555556,313.22222222222223,1388.3333333333335,1218.6666666666667,0,0,0,0,32.27902946273831,39.42807625649914,4.549393414211439,32.27902946273831
148.66666666666669,148.66666666666669,163.11111111111111,298.5555555555556,315.11111111111114,277.77777777777777,1239.111111111111,1303.6666666666667,0,0,0,0,32.275533412758584,39.42380591357088,4.548900682335102,32.275533412758584
163.11111111111111,148.66666666666669,148.66666666666669,298.5555555555556,246.55555555555557,350.7777777777778,1264.5555555555557,968.4444444444445,0,0,0,0,32.27902946273831,39.42807625649914,0,32.27902946273831
163.09298966781472,163.09298966781472,201.42206421508723,298.52238640151097,292.18975669370076,329.74113987334744,1371.4031774247308,1503.3885123875127,0,0,0,0,31.97543911738967,39.05724778097262,0,31.97543911738967
231.33047210300427,217.381974248927,194.31330472103002,395.0643776824034,388.94849785407723,322.7467811158798,1301.3948497854076,1684.3347639484978,0,0,0,0,37.77777777777778,40.44444444444445,0,33.111111111111114
217.35865250509605,217.35865250509605,171.44083252869868,360.79819761828134,354.6829739298359,356.93595107821056,1423.8815577727714,1771.5910310052573,0,0,0,0,37.773580713254084,0,0,37.773580713254084
171.45922746781113,201.3948497854077,199.35622317596565,360.8369098712446,409.22746781115876,322.5321888412017,1424.0343347639484,1666.2017167381973,0,0,0,0,37.77777777777778,0,0,37.77777777777778
199.37761562399402,185.42762098937655,185.42762098937655,357.0125549951712,357.0125549951712,328.89795042386527,1357.76370855242,1666.3805129305722,0,0,0,0,37.78197577508612,0,40.44893877097455,37.78197577508612
185.42762098937655,185.42762098937655,171.4776263547591,343.06256036055373,322.7814143148407,328.89795042386527,1564.4382444468292,1623.350144865329,0,0,0,0,37.77777777777778,0,40.44444444444445,4.666666666666667
171.45922746781113,208.47639484978538,222.42489270386264,343.0257510729613,425.21459227467807,358.79828326180257,1504.8283261802574,1759.2274678111587,0,0,0,0,4.667185242804756,0,40.44893877097455,4.667185242804756
231.35529563257862,231.35529563257862,194.54877132739566,420.9679150123404,425.26022105376114,409.05676574739783,1359.1587080158818,1894.4092713810496,0,0,0,0,4.666666666666667,0,40.44444444444445,4.666666666666667
217.40530099796118,217.40530099796118,231.35529563257862,441.2490610580535,459.4913617340917,338.55563901706194,1299.066423435991,1960.4034767678936,0,0,0,0,4.666666666666667,0,40.44444444444445,4.666666666666667
203.43347639484978,203.43347639484978,194.31330472103002,388.94849785407723,374.7854077253219,358.79828326180257,1402.25321888412,1443.4549356223174,0,0,0,0,4.666148205754917,0,40.43995111654261,4.666148205754917
185.4077253218884,185.4077253218884,171.45922746781113,336.69527896995703,342.8111587982832,400.32188841201713,1402.25321888412,1574.9999999999998,0,0,0,0,0,0,40.44893877097455,4.667185242804756
163.12923658184243,177.57528614290476,177.57528614290476,313.25702855872873,298.58873208134236,313.25702855872873,1215.690632292477,1333.481497944216,0,0,0,0,0,0,40.44444444444445,0
163.11111111111111,148.66666666666669,163.11111111111111,365.22222222222223,298.5555555555556,350.7777777777778,1353.888888888889,1180,0,0,0,0,0,40.44444444444445,40.44444444444445,0
203.53294078435727,186.9792245306077,186.9792245306077,294.0784357293634,315.0761026552605,308.74347294745024,1175.3138540162204,1448.950116653705,0,0,0,0,0,40.43995111654261,0,0
203.53294078435727,225.08610154427282,210.64326185979334,324.29730029996665,315.0761026552605,365.18164648372397,1248.1946450394398,1373.4029552271968,0,0,0,0,0,40.44444444444445,0,0
203.57817535281697,172.35248360928992,157.9064340482276,392.93254806089567,315.14612734748306,329.81442382486944,1071.8968774308257,1115.0127791976886,0,0,0,0,0,40.43995111654261,0,40.43995111654261
170.4255082768581,163.09298966781466,186.7570269970003,270.1922008665704,277.5247194756138,277.74691700922114,1246.7503610709919,1186.5348294633927,0,0,0,0,0,40.44893877097455,0,40.44893877097455
155.98266859237862,163.09298966781466,163.09298966781466,291.18986779246745,263.08187979113427,334.1850905454949,1346.4059548939006,1208.7545828241305,0,0,0,0,0,40.44893877097455,0,40.44893877097455
184.8888888888889,163.11111111111111,163.11111111111111,255.7777777777778,263.11111111111114,313.22222222222223,1132.5555555555557,1456.4444444444446,0,0,0,0,40.44893877097455,40.44893877097455,0,40.44893877097455
170.44444444444446,163.11111111111111,163.11111111111111,312.22222222222223,315.11111111111114,209.00000000000003,1414.6666666666667,1182.5555555555557,0,0,0,0,40.44444444444445,40.44444444444445,0,40.44444444444445
203.53294078435727,186.9792245306077,163.09298966781466,324.29730029996665,315.0761026552605,298.5223864015109,1227.3080768803466,1396.0671036551491,0,0,0,0,40.44444444444445,40.44444444444445,0,40.44444444444445
203.57817535281697,210.69007667518613,187.0207800866763,307.8119791087899,346.37181909101014,261.0290032225803,1089.2321369041006,1644.7383042560284,0,0,0,0,40.43995111654261,0,0,40.43995111654261
163.12923658184243,172.35248360928992,148.68318702078008,328.81431270141127,346.37181909101014,319.5910656739638,1426.602955883987,1375.5972885876208,0,0,0,0,40.44893877097455,0,0,40.44893877097455
148.68318702078008,134.23713745971776,163.12923658184243,277.586398488721,410.15668407600845,307.8119791087899,1139.6821869096566,1389.265473941549,0,0,0,0,40.44444444444445,0,0,40.44444444444445
177.53582935229417,163.09298966781466,163.09298966781466,289.3011887568048,334.1850905454949,298.5223864015109,1255.638262415287,1388.9567825797133,0,0,0,0,45.5,0,0,0
148.68318702078008,163.12923658184243,163.12923658184243,334.25936215135016,334.25936215135016,319.5910656739638,1362.9292143571508,1413.268140904545,0,0,0,0,43.762519640051416,0,0,0
177.57528614290476,201.46682964773865,163.12923658184243,329.81442382486944,313.25702855872873,298.58873208134236,1231.9146571841316,1460.3844871652407,0,0,0,0,44.96602841260037,0,44.96602841260037,0
196.2440271141238,201.46682964773865,148.68318702078008,329.81442382486944,365.26280697855316,277.586398488721,1231.9146571841316,1212.8014223802645,0,0,0,0,0,0,44.96602841260037,0
181.79797755306146,187.0207800866763,177.57528614290476,346.37181909101014,350.81675741749086,336.1484609401045,1251.4723858206469,1577.0641182353595,0,0,0,0,0,0,44.96602841260037,0
163.11111111111111,172.33333333333334,187,292.22222222222223,386.22222222222223,282,1251.3333333333335,1281,0,0,0,0,0,0,44.97158388930072,0
177.55555555555557,163.11111111111111,148.66666666666669,277.77777777777777,298.5555555555556,336.11111111111114,1358.3333333333335,1270.5555555555557,0,0,0,0,0,0,44.97158388930072,0
163.09298966781466,148.65014998333515,186.7570269970003,313.1874236195978,298.5223864015109,329.7411398733474,1020.8865681590933,1490.7232529718917,0,0,0,0,0,0,44.96602841260037,0
208.14261623705127,192.48373885810642,192.48373885810642,380.2698145025294,333.6545410744398,370.2722235605877,1464.5868465430012,1670.5613105275834,0,0,0,0,0,0,44.97158388930072,0
176.8674698795181,218.43373493975906,192.53012048192772,357.5903614457832,300.9638554216868,362.4096385542169,1646.8674698795182,1670.963855421687,0,0,0,0,0,0,0,0
244.0375813057094,228.3787039267646,176.8248614791616,382.3175138520837,341.60443266682717,339.55673331727286,1456.636954950614,1544.6880269814499,0,0,0,0,0,0,0,0
228.3787039267646,186.8224524211033,210.4312213924355,341.60443266682717,341.60443266682717,380.2698145025294,1456.636954950614,1543.6039508552153,0,0,0,0,0,0,0,0
176.8248614791616,186.8224524211033,234.0399903637677,402.79450734762696,364.37003131775464,380.2698145025294,1456.636954950614,1753.5533606359909,0,0,0,0,0,33.111111111111114,0,0
208.14261623705127,202.48132980004812,218.3811129848229,346.4225487834256,362.0814261623704,377.9812093471452,1469.4049626595997,1358.7087448807513,0,0,0,0,0,33.111111111111114,0,0
192.53012048192772,208.19277108433738,202.53012048192772,346.5060240963856,346.5060240963856,339.63855421686753,1353.7349397590363,1654.9397590361448,0,0,0,0,0,33.11479053228136,0,40.44893877097455
192.48373885810642,192.48373885810642,202.48132980004812,384.8470248132979,346.4225487834256,357.50421585160194,1559.1423753312451,1729.101421344254,0,0,0,0,0,33.111111111111114,0,40.44444444444445
220.4553668232743,226.11733526081193,192.50692687627995,323.69594024816286,380.3156246235393,362.12504517528004,1685.3391157691842,1490.4228406216116,0,0,0,0,0,33.111111111111114,0,40.44444444444445
174.44444444444446,201.44444444444446,163.11111111111111,315.11111111111114,277.77777777777777,298.5555555555556,1224.4444444444446,1401,0,0,0,0,0,37.77777777777778,0,40.44444444444445
203.31074325074988,148.65014998333515,163.09298966781466,345.29496722586373,367.29252305299406,312.9652260859904,1253.7495833796243,1400.8443506277079,0,0,0,0,0,37.77777777777778,0,40.44444444444445
141.33333333333334,163.11111111111111,194.11111111111111,277.5555555555556,329.7777777777778,313,1255.7777777777778,1420.4444444444446,0,0,0,0,33.111111111111114,37.77777777777778,0,40.44444444444445
155.7777777777778,148.66666666666669,170.44444444444446,334,329.7777777777778,298.5555555555556,1148.7777777777778,1538,0,0,0,0,33.111111111111114,37.77777777777778,0,40.44444444444445
170.22222222222223,177.55555555555557,148.66666666666669,313.22222222222223,313.22222222222223,298.5555555555556,1323.888888888889,1344.3333333333335,0,0,0,0,33.111111111111114,4.666666666666667,0,45.111111111111114
155.79508834314925,163.12923658184243,163.12923658184243,292.25469496610737,277.808645405045,298.58873208134236,1248.5831759084342,1600.7334148238695,0,0,0,0,33.111111111111114,4.666666666666667,40.44444444444445,45.111111111111114
141.31763137429172,134.20731029885567,163.09298966781466,348.6279302299744,329.7411398733474,336.0737695811576,1248.3057438062435,1327.5191645372734,0,0,0,0,33.10743250749917,4.666148205754917,40.43995111654261,4.666148205754917
188.8888888888889,187,163.11111111111111,346.33333333333337,329.7777777777778,265.44444444444446,1227.888888888889,1379.7777777777778,0,0,0,0,37.76938458120417,4.665629860031103,40.43545878693623,4.665629860031103
148.66666666666669,179.66666666666669,148.66666666666669,346.33333333333337,336.8888888888889,298.5555555555556,1111.6666666666667,1379.7777777777778,0,0,0,0,37.77777777777778,4.666666666666667,40.44444444444445,4.666666666666667
177.57528614290476,157.9064340482276,163.12923658184243,365.26280697855316,336.9263251472386,298.58873208134236,1327.7030781197911,1272.2524724969442,0,0,0,0,37.77777777777778,0,45.111111111111114,4.666666666666667
163.11111111111111,186.7777777777778,163.11111111111111,296.6666666666667,298.5555555555556,315.33333333333337,1014.1111111111112,1568,0,0,0,0,37.77777777777778,0,45.111111111111114,4.666666666666667
163.11111111111111,163.11111111111111,170.44444444444446,296.6666666666667,277.5555555555556,315.33333333333337,1226,1344.1111111111113,0,0,0,0,4.666666666666667,0,45.111111111111114,4.666666666666667
163.11111111111111,163.11111111111111,163.11111111111111,313.22222222222223,334,313.22222222222223,1342.2222222222224,1259.888888888889,0,0,0,0,4.666148205754917,0,45.10609932229753,4.666148205754917
163.11111111111111,163.11111111111111,163.11111111111111,277.5555555555556,277.5555555555556,313.22222222222223,1342.2222222222224,1445.888888888889,0,0,0,0,4.666666666666667,0,45.111111111111114,0
148.65014998333515,186.9792245306077,172.3141873125208,336.0737695811576,315.0761026552605,329.7411398733474,1104.0995444950559,1189.5344961670924,0,0,0,0,4.667185242804756,40.44893877097455,4.667185242804756,0
210.69007667518613,187.0207800866763,148.68318702078008,331.70352261362376,277.586398488721,313.25702855872873,1342.3713745971775,1416.9352150238915,0,0,0,0,4.666666666666667,40.44444444444445,4.666666666666667,0
163.12923658184243,172.35248360928992,177.57528614290476,277.586398488721,315.14612734748306,313.25702855872873,1236.8040893432603,1058.1175686187355,0,0,0,0,0,40.453434096465884,4.667703934207601,33.11847077128251
163.12923658184243,163.12923658184243,163.12923658184243,319.5910656739638,239.24880542282477,280.1422380264474,1358.4842760306701,1371.5968440937881,0,0,0,0,0,40.44444444444445,4.666666666666667,33.111111111111114
163.11111111111111,163.11111111111111,163.11111111111111,246.55555555555557,319.5555555555556,329.7777777777778,1142.4444444444446,1378.6666666666667,0,0,0,0,0,38.725049999999996,0,31.703474999999997
163.12923658184243,163.12923658184243,201.46682964773865,298.58873208134236,298.58873208134236,277.586398488721,1334.2593621513502,1082.8980997888655,0,0,0,0,0,40.345821325648416,0,33.030370206162715
163.11111111111111,148.66666666666669,163.11111111111111,319.5555555555556,334.22222222222223,334,1258.6666666666667,1488.6666666666667,0,0,0,0,0,40.345821325648416,0,33.030370206162715
163.11111111111111,194.11111111111111,148.66666666666669,315.11111111111114,343.44444444444446,298.5555555555556,1142.4444444444446,1575,0,0,0,0,0,40.345821325648416,0,33.030370206162715
204.0904198062433,195.15608180839615,208.93433799784717,410.5489773950485,410.5489773950485,380.3013993541443,1415.2852529601723,1495.0484391819161,0,0,0,0,0,40.345821325648416,0,33.030370206162715
232.0775026910657,194.94079655543598,186.00645855758884,374.1657696447794,374.1657696447794,309.5801937567277,1415.2852529601723,1755.8665231431648,0,0,0,0,0,0,0,33.02670952011526
185.9864384888602,208.91185017759122,185.9864384888602,323.75417070283066,417.6084382735981,323.5389086212464,1475.4063071789903,1535.6796900226025,0,0,0,0,0,0,0,33.030370206162715
185.9864384888602,171.9944031858788,209.12711225917553,378.43073942525024,381.2291464858465,380.26046711871703,1413.73372080508,1842.2128941986869,0,0,0,0,40.345821325648416,0,0,0
185.9864384888602,185.9864384888602,209.12711225917553,337.74620600581204,426.5418146593477,392.2075126466473,1465.5042514261113,1767.9474760520934,0,0,0,0,40.345821325648416,0,40.345821325648416,0
209.12711225917553,223.1191475621569,209.12711225917553,410.5047895813152,348.72457216661286,323.75417070283066,1465.5042514261113,1587.5578516844257,0,0,0,0,45.49431321084864,0,45.49431321084864,0
218.0604886449252,195.13507695619415,185.9864384888602,406.19954794962865,374.1254977935636,378.43073942525024,1533.5270692067593,1858.680443439888,0,0,0,0,40.44444444444445,0,40.44444444444445,0
218.0839612486545,232.0775026910657,172.01291711517763,385.8988159311088,339.61248654467175,360.17222820236816,1461.3562970936493,1661.7868675995696,0,0,0,0,40.4399511165426,0,40.4399511165426,0
204.0904198062433,188.05166846071046,208.93433799784717,360.17222820236816,332.7233584499462,339.8277717976319,1461.3562970936493,1484.0688912809474,0,0,0,0,40.4399511165426,0,40.4399511165426,0
186.00645855758884,216.03875134553286,194.94079655543598,360.17222820236816,332.7233584499462,394.51022604951567,1406.7814854682456,1632.5080731969863,0,0,0,0,40.44444444444445,0,40.44444444444445,0
148.66666666666669,163.11111111111111,163.11111111111111,298.5555555555556,298.5555555555556,334.22222222222223,1238.111111111111,1261.6666666666667,0,0,0,0,40.44444444444445,0,40.44444444444445,0
148.6501499833352,163.09298966781472,163.09298966781472,298.52238640151097,218.1979780024442,350.73880679924457,1116.320408843462,1502.0553271858685,0,0,0,0,40.44444444444445,0,40.44444444444445,0
163.11111111111111,163.11111111111111,163.11111111111111,284.11111111111114,298.5555555555556,292.22222222222223,1238.111111111111,1322.1111111111113,0,0,0,0,0,0,40.4399511165426,0
210.66666666666669,187,177.55555555555557,284.11111111111114,289.33333333333337,265.44444444444446,1241,1085.3333333333335,0,0,0,0,0,0,0,0
157.87134762804135,163.09298966781472,148.6501499833352,294.07843572936343,319.5200533274081,265.41495389401183,1240.8621264303968,1322.8530163315188,0,0,0,0,0,0,0,0
163.11111111111111,163.11111111111111,163.11111111111111,289.33333333333337,263.11111111111114,277.5555555555556,1195,1043.111111111111,0,0,0,0,0,40.4399511165426,0,0
163.11111111111111,163.11111111111111,186.7777777777778,289.33333333333337,336.11111111111114,298.5555555555556,1238.111111111111,1119.111111111111,0,0,0,0,0,40.44893877097456,0,0
177.55555555555557,163.11111111111111,148.66666666666669,298.5555555555556,313.22222222222223,334,1238.111111111111,1046.2222222222224,0,0,0,0,0,40.44893877097456,0,40.44893877097456
163.1292365818424,163.1292365818424,163.1292365818424,298.58873208134236,313.25702855872873,298.58873208134236,1238.2486942993664,1211.245693965996,0,0,0,0,0,40.44444444444445,0,40.44444444444445
163.1292365818424,163.1292365818424,179.68663184798308,277.58639848872093,313.25702855872873,315.146127347483,1238.2486942993664,1501.6112901433492,0,0,0,0,0,40.44444444444445,0,40.44444444444445
201.46682964773862,148.68318702078008,201.46682964773862,350.8167574174908,367.37415268363145,263.1403489276586,1341.8157573063672,1422.6025113901544,0,0,0,0,0,45.10609932229752,0,40.4399511165426
196.22222222222223,201.44444444444446,148.66666666666669,360.7777777777778,287,319.5555555555556,1113,1286.1111111111113,0,0,0,0,0,45.111111111111114,0,40.44444444444445
163.11111111111111,163.11111111111111,163.11111111111111,360.7777777777778,313.22222222222223,298.5555555555556,1134.111111111111,1562.6666666666667,0,0,0,0,0,45.111111111111114,40.44444444444445,40.44444444444445
163.1292365818424,148.68318702078008,177.57528614290476,313.25702855872873,283.0314479386598,298.58873208134236,1348.2609178797643,1443.2714746082897,0,0,0,0,40.44444444444445,45.111111111111114,40.44444444444445,45.111111111111114
163.11111111111111,186.7777777777778,148.66666666666669,313.22222222222223,365.22222222222223,319.5555555555556,1132.2222222222224,1443.1111111111113,0,0,0,0,40.44893877097456,4.667185242804756,40.44893877097456,45.11612401377931
163.11111111111111,163.11111111111111,163.11111111111111,313.22222222222223,313.22222222222223,298.5555555555556,1217.111111111111,1635.1111111111113,0,0,0,0,40.44444444444445,4.666666666666667,40.44444444444445,45.111111111111114
163.11111111111111,163.11111111111111,177.55555555555557,283,277.5555555555556,313.22222222222223,1217.111111111111,1635.1111111111113,0,0,0,0,40.4399511165426,4.666148205754915,40.4399511165426,4.666148205754915
179.6467059215643,163.09298966781472,148.6501499833352,348.6279302299745,333.9628930118876,292.18975669370076,1132.0964337295857,1637.2625263859572,0,0,0,0,45.096079084749526,4.665111629456848,40.43096745529268,4.665111629456848
179.6467059215643,148.6501499833352,148.6501499833352,313.18742361959784,315.07610265526057,292.18975669370076,1424.841684257305,1457.3936229307856,0,0,0,0,45.111111111111114,4.666666666666667,40.44444444444445,4.666666666666667
172.33333333333334,201.44444444444446,163.11111111111111,277.5555555555556,261,348.6666666666667,1142.888888888889,1296,0,0,0,0,40.93567251461989,0,36.700947771728174,4.2347247428917125
185.60687432867883,180.55853920515574,199.5703544575725,308.91514500537056,379.484425349087,357.3576799140709,1593.4479054779806,1684.2105263157894,0,0,0,0,40.93567251461989,0,36.700947771728174,4.2347247428917125
171.62495972505639,194.50112769842121,171.62495972505639,386.5320588551176,368.0592847170014,337.02072817098053,1518.419074213296,1618.945333476533,0,0,0,0,40.93154551870148,0,0,4.234297812279464
199.54892063151112,194.50112769842121,194.50112769842121,350.23090967672647,388.3578562990012,405.3270325421544,1311.5669638062507,1504.7792933089893,0,0,0,0,4.234297812279464,0,0,0
185.60687432867883,185.60687432867883,194.52201933404942,329.2158968850698,308.91514500537056,318.796992481203,1601.825993555317,1709.7744360902254,0,0,0,0,4.234297812279464,0,0,0
222.66380236305048,208.70032223415683,171.64339419978518,388.3995703544576,359.18367346938777,337.05692803437165,1432.6530612244899,1690.4403866809882,0,0,0,0,4.233870967741935,36.69354838709677,0,0
194.73684210526315,208.70032223415683,208.70032223415683,368.09881847475833,393.6627282491944,345.22019334049406,1432.6530612244899,1690.4403866809882,0,0,0,0,4.234297812279464,36.697247706422026,0,0
187.64769065520946,208.70032223415683,208.70032223415683,340.9237379162191,339.09774436090225,345.22019334049406,1565.9505907626208,1446.7239527389904,0,0,0,0,0,36.70835014118596,0,0
215.5746509129968,208.70032223415683,206.6595059076262,381.5252416756176,373.36197636949515,363.4801288936627,1282.9215896885069,1487.96992481203,0,0,0,0,0,36.69724770642202,0,30.043351144268577
171.64339419978518,194.52201933404942,171.64339419978518,345.22019334049406,409.66702470461865,308.91514500537056,1461.1170784103115,1617.830290010741,0,0,0,0,0,40.44444444444445,0,33.111111111111114
199.5703544575725,180.55853920515574,185.60687432867883,308.91514500537056,339.09774436090225,363.4801288936627,1505.5853920515574,1387.8625134264232,0,0,0,0,0,40.44444444444445,0,33.111111111111114
177.57528614290476,163.1292365818424,177.57528614290476,289.3654850538949,304.03378153128125,336.1484609401044,1222.1357928658738,1415.8239804422712,0,0,0,0,0,40.44444444444445,0,33.111111111111114
148.68318702078008,194.13268140904543,139.45993999333257,289.3654850538949,283.0314479386598,286.4762751416824,1222.1357928658738,1575.952883653739,0,0,0,0,0,40.43995111654261,40.43995111654261,33.10743250749917
186.97922453060772,165.20386623708478,163.09298966781472,301.4109543384069,350.73880679924457,286.4126208199089,1197.978002444173,1363.7373625152763,0,0,0,0,40.43995111654261,40.43995111654261,40.43995111654261,33.10743250749917
148.6501499833352,163.09298966781472,201.42206421508723,320.5199422286413,277.74691700922125,350.73880679924457,1074.3250749916676,1301.2998555716033,0,0,0,0,40.44893877097455,0,40.44893877097455,33.11479053228136
186.75702699700037,177.5358293522942,148.6501499833352,350.73880679924457,298.52238640151097,313.18742361959784,1405.7326963670705,1443.0618820131099,0,0,0,0,40.44893877097455,0,40.44893877097455,33.11479053228136
177.5358293522942,172.31418731252086,177.5358293522942,313.18742361959784,298.52238640151097,313.18742361959784,1129.5411620931009,1374.7361404288415,0,0,0,0,40.44444444444445,0,45.111111111111114,33.111111111111114
163.11111111111111,186.7777777777778,163.11111111111111,313.22222222222223,298.5555555555556,292.22222222222223,1329,1453.4444444444446,0,0,0,0,40.44444444444445,0,45.111111111111114,0
163.11111111111111,148.66666666666669,177.55555555555557,348.6666666666667,282,334.22222222222223,1329,1521.6666666666667,0,0,0,0,40.44444444444445,0,45.111111111111114,0
148.66666666666669,177.55555555555557,163.11111111111111,313.22222222222223,319.5555555555556,313.22222222222223,1190.6666666666667,1606.6666666666667,0,0,0,0,40.44444444444445,0,45.111111111111114,0
179.66666666666669,148.66666666666669,172.33333333333334,263.11111111111114,255.7777777777778,313.22222222222223,1098.3333333333335,1209.111111111111,0,0,0,0,40.44444444444445,0,45.111111111111114,0
201.44444444444446,170.44444444444446,172.33333333333334,263.11111111111114,328.7777777777778,313.22222222222223,1413.2222222222224,1357.888888888889,0,0,0,0,40.44444444444445,0,4.666666666666667,0
148.68318702078008,170.4633848205356,177.57528614290476,298.58873208134236,298.58873208134236,381.8202022446938,1137.12634737193,1442.9381042338036,0,0,0,0,0,0,4.667185242804756,0
186.79853317035224,163.1292365818424,124.7916435159462,298.58873208134236,334.0371152350261,261.0290032225803,1244.1382375819535,1224.6916324036004,0,0,0,0,0,0,4.666666666666667,0
148.68318702078008,172.3524836092899,177.57528614290476,289.3654850538949,298.58873208134236,298.58873208134236,1198.133125902878,1082.8980997888652,0,0,0,0,0,40.44444444444445,4.666666666666667,0
163.1292365818424,148.68318702078008,163.1292365818424,289.3654850538949,298.58873208134236,334.0371152350261,1336.4818313145904,1300.4778308700966,0,0,0,0,0,40.44444444444445,0,0
148.66666666666669,163.11111111111111,148.66666666666669,313,313.22222222222223,298.5555555555556,1244,1386.5555555555557,0,0,0,0,0,40.43995111654261,0,0
163.11111111111111,177.55555555555557,163.11111111111111,277.5555555555556,292.22222222222223,298.5555555555556,1059.6666666666667,1184,0,0,0,0,0,40.44444444444445,0,0
177.55555555555557,148.66666666666669,177.55555555555557,319.5555555555556,305.8888888888889,298.5555555555556,1239.5555555555557,1287,0,0,0,0,0,40.44444444444445,0,0
132.11111111111111,201.44444444444446,139.44444444444446,298.5555555555556,372.5555555555556,261,1239.5555555555557,1287,0,0,0,0,0,40.44444444444445,33.111111111111114,40.44444444444445
148.66666666666669,163.11111111111111,163.11111111111111,350.5555555555556,320.5555555555556,277.5555555555556,1085.111111111111,1271.2222222222224,0,0,0,0,0,40.44444444444445,33.111111111111114,40.44444444444445
186.75702699700037,163.09298966781472,134.2073102988557,358.07132540828803,282.96855904899456,208.97678035773805,1322.9641150983225,1271.1920897678037,0,0,0,0,0,40.44444444444445,33.111111111111114,40.44444444444445
192.36788250872755,202.35945588058263,233.89912122306487,362.10424942819304,380.0409293367039,386.9026122547249,1433.489827856025,1555.1944143493438,0,0,0,0,0,45.5,37.25,45.5
192.36788250872755,176.718430239557,176.718430239557,362.10424942819304,380.0409293367039,361.86348862405197,1441.4349343926808,1897.5562778379679,0,0,0,0,0,0,33.47938433883834,40.89428154139984
192.39104261979293,192.39104261979293,192.39104261979293,410.54659282446426,380.08668432458467,323.50108355405735,1441.6084758006261,2030.0987238141104,0,0,0,0,40.88968771062683,0,33.47562345540329,40.88968771062683
192.39104261979293,210.32988201300267,192.39104261979293,339.39320972790756,364.19455815073445,384.9024801348423,1512.1598844209007,1685.6489284854324,0,0,0,0,40.898876404494374,0,33.483146067415724,45.61797752808988
210.30456241723846,194.65511014806788,176.718430239557,402.79282532803654,364.15071626339227,339.3523534368604,1511.9778500060188,1805.1041290477908,0,0,0,0,40.89428154139984,0,33.47938433883834,45.61285248848444
228.24124232574934,233.89912122306487,192.36788250872755,357.2890333453713,395.6903816058745,362.10424942819304,1442.9998796195978,1864.2109064644274,0,0,0,0,40.88968771062683,0,33.47562345540329,45.607728600314545
228.24124232574934,192.36788250872755,218.00890814975318,413.6270615143854,346.2140363548814,402.79282532803654,1442.9998796195978,1991.8141326592029,0,0,0,0,40.89428154139984,0,0,4.718570947084597
218.00890814975318,192.36788250872755,192.36788250872755,402.79282532803654,346.2140363548814,418.4422775972071,1594.4384254243407,1674.2506319971108,0,0,0,0,40.898876404494374,0,0,4.719101123595505
176.73970623645556,192.3910426197929,249.57861786660243,297.61618107392246,346.2557187575247,418.4926559113893,1452.6848061642186,1772.2128581748134,351.7582294124256,330.974047859791,294.12425570160656,0,4635.546567801371,4260.307830580834,0,4403.437815975733
163.11111111111111,163.11111111111111,163.11111111111111,298.5555555555556,298.5555555555556,259.11111111111114,1417.5555555555557,1527.3333333333335,352.4733375,332.47715,282.973075,329.5587875,4459.7983375,4392.135562500001,4376.462875,4462.28435
163.12923658184243,163.12923658184243,177.57528614290476,298.58873208134236,298.58873208134236,313.25702855872873,1124.9027669741083,1211.4679408823204,402.5555555555556,341.7777777777778,319.7777777777778,353.22222222222223,4620,4550.666666666667,4553,4587.111111111111
163.09298966781466,177.53582935229417,148.65014998333515,253.86068214642813,298.5223864015109,313.1874236195978,1192.9785579380068,14921.675369403398,402.6002889209912,372.81920213357034,381.8202022446938,393.48816535170573,8517.946438493165,8526.725191687965,4553.505945105011,4646.182909212134
177.53582935229417,170.4255082768581,163.09298966781466,326.85257193645145,298.5223864015109,277.5247194756138,18728.919008998997,14921.675369403398,7855.222222222223,7925.111111111111,381.7777777777778,393.44444444444446,8517,8525.77777777778,8851.555555555557,9533
184.90943438159795,184.90943438159795,7663.629292143572,268.3631514612735,298.58873208134236,5225.247249694411,18733.081453494833,48759.639959995555,7855.222222222223,7925.111111111111,7964.111111111111,7911.666666666667,9554.888888888889,9505.222222222223,8851.555555555557,9533
139.44444444444446,148.66666666666669,7633.88888888889,315.11111111111114,5158.333333333334,5168.222222222223,18614.777777777777,52945.444444444445,8003.0003333703735,7973.552616957439,7964.996110678963,7926.991887987553,9555.950661184575,9590.843427047448,9519.724413823757,9592.621402378041
163.11111111111111,7631.000000000001,7633.88888888889,5036.555555555556,5165.666666666667,5168.222222222223,19524.88888888889,52827.66666666667,8002.111111111111,7987.111111111111,7993.000000000001,7926.111111111111,9618.111111111111,9589.77777777778,9556.222222222223,9591.555555555557
7643.738193132571,7617.401933548173,7649.18324258251,4995.110567840871,5145.238359817758,5189.7988665407265,19333.814868318703,56131.459051005666,8064.111111111111,7987.111111111111,8040.555555555557,7988.111111111111,9686.666666666668,9662.77777777778,9556.222222222223,9697.666666666668
7642.88888888889,7654.666666666667,7595.555555555556,5202.333333333334,5203.222222222223,5189.222222222223,19224.666666666668,57876.88888888889,8119.105475,8059.713925,8154.2961375,8405.1903625,5411.0612375,5733.85665,10055.176475,5626.530975
7628.444444444445,7631.000000000001,7633.88888888889,5159.555555555556,5121,5189.222222222223,19171.777777777777,57651.222222222226,8271.379257142857,8210.760342857142,8322.809871428572,8215.05617142857,5522.884271428571,5528.492714285714,5431.359257142857,5493.529442857142
7642.039773358515,7630.15220531052,7633.040773247416,5137.984668370181,5151.427619153426,5164.759471169869,21709.810021108762,59262.63748472391,-,-,-,-,-,-,-,-
