dockerfiles-laptop-clientapp-0-1,dockerfiles-laptop-supernode-0-1,dockerfiles-serverapp-1,dockerfiles-superlink-1,dockerfiles-desktop-clientapp-0-1,dockerfiles-desktop-clientapp-1-1,dockerfiles-desktop-supernode-0-1,dockerfiles-desktop-supernode-1-1
0,0,0,399.24499999999995,178.2514,89.1257,241.7614,304.0012
65.99175,179.322,554.11125,293.1225,131.2257,65.61285,177.98069999999998,269.93219999999997
174.08349999999996,239.27866666666662,494.68383333333327,257.7483333333333,173.3257,173.3257,237.9626,435.16690000000006
216.18349999999998,222.85899999999998,460.737875,240.06124999999997,161.569275,215.4257,368.040225,405.65017500000005
206.62679999999997,353.25329999999997,866.0165999999999,621.2301,257.52570000000003,257.52570000000003,351.97218000000004,424.15278
300.3835,342.36108333333334,839.3138333333334,609.9235833333333,249.6880833333333,349.56331666666665,411.4812166666666,546.7042166666666
293.55728571428574,403.37978571428573,837.6725714285715,596.0630714285714,341.7257,341.7257,402.2553285714286,534.4464714285715
336.5105625,526.861125,823.0635,12621.9436875,422.345025,383.82570000000004,559.1000250000001,592.7189625000001
327.44444444444446,600.4444444444445,1657.1111111111113,12419.111111111111,411.7777777777778,428.33333333333337,679.3333333333334,712.2222222222223
413.6666666666667,742.2222222222223,1669.1111111111113,12244.222222222223,372.33333333333337,435.6666666666667,552.4444444444445,552.6666666666667
475.11111111111114,615.1111111111112,1276.3333333333335,12244.222222222223,426.44444444444446,510.7777777777778,621.7777777777778,598.3333333333334
381.5555555555556,618.6666666666667,1276.3333333333335,12324.666666666668,379.6666666666667,417.22222222222223,706.7777777777778,438.44444444444446
388.8888888888889,760.4444444444445,1276.3333333333335,12324.666666666668,471.33333333333337,424.5555555555556,579.7777777777778,618.4444444444445
388.8888888888889,681,1233.888888888889,12094.555555555557,445.5555555555556,377.7777777777778,753.3333333333334,647.5555555555557
370.44444444444446,681,319254.64766666666,14449.000000000002,445.5555555555556,375.8888888888889,687.5555555555557,520.6666666666667
445.5555555555556,750.6666666666667,319253.5893333333,14449.000000000002,2698.2222222222226,2780.1111111111113,335300.32489999995,334778.7720888889
398.7777777777778,6391.111111111111,319584.391,340315.4352222222,2613.888888888889,2733.3333333333335,335315.26395555557,334799.5040888888
2789.777777777778,6303.333333333334,319530.02088888886,993563.7897222221,2647,2695.777777777778,335306.9824444444,334791.21572222223
2736.666666666667,333280.1781111111,319755.03905555554,993561.7012777778,2592.888888888889,2641.666666666667,335306.9824444444,334791.21572222223
2628.444444444445,333280.1781111111,319920.4398888889,993561.7012777778,2538.777777777778,2566.5555555555557,335302.70457777777,334786.3688444445
3546.3333333333335,333275.77544444444,319920.0588888889,993556.5930555556,2538.777777777778,2722.666666666667,335293.4015888889,334786.3688444445
7389.777777777778,333266.77255555557,320304.38833333337,993588.2814999999,2447.1111111111113,2668.5555555555557,335293.4015888889,334775.26284444437
7389.777777777778,333263.7527777777,320282.6078333333,993580.3651666668,4028.666666666667,6895.111111111111,335282.69321111107,334771.43744444445
8347.333333333334,333263.7527777777,1492.2222222222224,993430.3922777778,13268.666666666668,17298.777777777777,335282.69321111107,334771.43744444445
8276.888888888889,333255.1520555556,1734.0000000000002,993462.0807222222,10915.208324999998,14884.687912499998,25.760699999999996,25.760699999999996
8276.888888888889,332888.9193333333,1783.2222222222224,678070,11070.209514285714,15096.057614285713,0,0
5885.88888888889,332888.9193333333,1783.2222222222224,98.8888888888889,11065.146212035677,15118.211584057806,0,0
5852.777777777778,0,1797.888888888889,139.11111111111111,17284.069097888674,15374.39313537315,0,0
5852.777777777778,0,1962.2222222222224,139.11111111111111,17288.811109856608,15374.39313537315,0,0
4934.88888888889,0,1962.2222222222224,139.11111111111111,17288.811109856608,15220.503556508975,0,0
1037.3333333333335,0,1790.4444444444446,146.44444444444446,17290.763324299907,15222.22222222222,0,0
1037.3333333333335,0,1790.4444444444446,146.44444444444446,15612.848594332165,10925.708479169018,0,0
4.666666666666667,0,1845.3333333333335,179.33333333333334,6223.664897820932,260.9235632832787,0,0
0,0,1603.5555555555557,146.44444444444446,6504.513999999999,272.698,0,0
0,0,1561.888888888889,179.55555555555557,6380.487249999999,267.49825,0,0
0,95.16935036091061,1802.6651860077736,146.36313159355916,6124.777777777778,256.77777777777777,0,0
0,95.22222222222223,1726.4444444444446,139.11111111111111,4.666666666666667,4.666666666666667,0,0
0,95.22222222222223,1390.4444444444446,139.11111111111111,0,4.666666666666667,0,93.66666666666667
0,95.22222222222223,1733.7777777777778,260.22222222222223,0,0,0,93.66666666666667
0,95.22222222222223,1506.6666666666667,220.00000000000003,0,0,86.32374180646596,93.6562604155094
0,95.22222222222223,1906.2222222222224,220.00000000000003,0,0,86.34292699188798,93.67707523058117
0,95.22222222222223,1741.7777777777778,187.11111111111111,0,0,86.33333333333334,93.66666666666667
0,95.22222222222223,2085.777777777778,220.00000000000003,0,0,86.33333333333334,93.66666666666667
0,95.22222222222223,1734.888888888889,186.8888888888889,0,0,86.33333333333334,93.66666666666667
0,0,1728.960533629794,186.99277376320174,0,0,86.33333333333334,93.66666666666667
0,0,1556.2222222222224,227.33333333333334,0,0,86.33333333333334,93.66666666666667
0,0,1950.2222222222224,227.33333333333334,0,0,86.33333333333334,0
0,0,1606.888888888889,146.44444444444446,0,0,86.34292699188798,0
0,0,2013.3333333333335,146.44444444444446,0,0,0,0
0,0,1957.6666666666667,146.44444444444446,0,0,0,0
0,0,1723.2222222222224,179.33333333333334,0,0,0,0
0,0,1792.7777777777778,146.44444444444446,0,0,0,0
0,0,1792.7777777777778,146.44444444444446,0,0,0,0
0,0,1792.7777777777778,146.44444444444446,0,0,0,0
0,0,1792.7777777777778,73.11111111111111,0,0,0,0
0,95.11111111111111,1742.6666666666667,139.11111111111111,0,0,0,0
0,95.11111111111111,2156.1111111111113,98.8888888888889,0,0,0,0
0,95.11111111111111,1749.6666666666667,131.7777777777778,0,0,0,93.77777777777779
0,95.11111111111111,1749.1111111111113,164.8888888888889,0,0,0,92.207
0,95.11111111111111,1749.1111111111113,132,0,0,0,93.30981696492337
0,95.11111111111111,1577.3333333333335,164.8888888888889,0,0,93.26252904082311,93.37316074787034
0,95.11111111111111,1921.2222222222224,164.8888888888889,0,0,93.25221238938055,93.36283185840709
0,95.11111111111111,1686.3333333333335,205.33333333333334,0,0,93.25221238938055,98.00884955752214
0,95.11111111111111,2100.5555555555557,242.8888888888889,0,0,93.25221238938055,98.00884955752214
0,0,1756.6666666666667,210.00000000000003,0,0,93.26252904082311,98.01969244385442
0,0,1608.2222222222224,224.44444444444446,0,0,97.8982300884956,98.00884955752214
0,0,1797.0000000000002,191.55555555555557,0,0,97.8982300884956,4.6460176991150455
0,0,1453.6666666666667,184.22222222222223,0,0,4.9319382945293535,4.9319382945293535
0,0,1813.7777777777778,184.22222222222223,0,0,4.840452755905512,4.840452755905512
0,0,1572,151.33333333333334,0,0,4.666666666666667,4.666666666666667
0,0,1648.7777777777778,198.8888888888889,0,0,4.666666666666667,4.666666666666667
0,0,1820.888888888889,158.44444444444446,0,0,4.666666666666667,0
0,0,1641.4444444444446,161.11111111111111,0,0,4.667185242804756,0
0,0,1641.4444444444446,161.11111111111111,0,0,4.666666666666667,0
0,95.11111111111111,1720.888888888889,146.66666666666669,0,0,0,0
0,95.11111111111111,1773.888888888889,179.55555555555557,0,0,0,0
0,95.11111111111111,2117.3333333333335,153.7777777777778,0,0,0,0
0,95.11111111111111,1991.5555555555557,153.7777777777778,0,0,0,0
0,95.11111111111111,1991.5555555555557,186.66666666666669,0,0,0,0
0,95.11111111111111,1907.3333333333335,139.11111111111111,0,0,0,0
0,95.11111111111111,1735.2222222222224,139.11111111111111,0,0,93.66666666666667,0
0,95.11111111111111,1906.6666666666667,131.7777777777778,0,0,93.6562604155094,93.76735918231309
0,95.11111111111111,1906.6666666666667,172.22222222222223,0,0,93.6562604155094,93.76735918231309
0,0,1726.6666666666667,205.11111111111111,0,0,93.66666666666667,93.77777777777779
0,0,1898.4444444444446,172.22222222222223,0,0,93.66666666666667,93.77777777777779
0,0,1555,172.22222222222223,0,0,93.66666666666667,93.77777777777779
0,0,1492.4444444444446,172.22222222222223,0,0,93.66666666666667,93.77777777777779
0,0,1492.4444444444446,186.8888888888889,0,0,93.6562604155094,93.76735918231309
0,0,1592.5555555555557,186.8888888888889,0,0,93.66666666666667,93.77777777777779
0,0,1999.888888888889,186.8888888888889,0,0,0,93.77777777777779
0,0,1593.6666666666667,201.55555555555557,0,0,0,0
0,0,1781.888888888889,153.7777777777778,0,0,0,0
0,0,1617.4444444444446,120.8888888888889,0,0,0,0
0,95.33333333333334,1608.2222222222224,175.7777777777778,0,0,0,0
0,95.33333333333334,1985.2222222222224,201.55555555555557,0,0,0,0
0,95.33333333333334,1813.4444444444446,201.55555555555557,0,0,0,0
0,95.33333333333334,2188.777777777778,175.7777777777778,0,0,0,0
0,95.33333333333334,1752.2222222222224,201.55555555555557,0,0,0,0
0,95.33333333333334,1533.1111111111113,201.55555555555557,0,0,0,0
0,95.33333333333334,1953.7777777777778,175.7777777777778,0,0,0,0
0,95.33333333333334,1765.5555555555557,150,0,0,0,0
0,95.33333333333334,1937.3333333333335,175.7777777777778,0,0,99.0552857142857,0
0,0,1952.803997779012,168.3509161576902,0,0,97.198375,0
0,0,1748.6666666666667,142.66666666666669,0,0,93.55555555555556,93.77777777777779
0,0,1748.6666666666667,183.11111111111111,0,0,93.55555555555556,93.77777777777779
0,0,1605.888888888889,232.7777777777778,0,0,93.56595177241915,93.7881986887432
0,0,1965.888888888889,223.55555555555557,0,0,93.54516164870569,93.76735918231306
0,0,1777.6666666666667,223.55555555555557,0,0,93.55555555555556,93.77777777777779
0,0,1776.7777777777778,252.11111111111114,0,0,93.55555555555556,93.77777777777779
0,0,1776.7777777777778,252.11111111111114,0,0,93.55555555555556,93.77777777777779
0,0,1832.0000000000002,242.8888888888889,0,0,0,93.77777777777779
0,0,1411.89549749861,226.45914396887156,0,0,0,93.77777777777779
0,96.55555555555556,1587,276,0,0,0,0
0,96.55555555555556,1758.7777777777778,235.55555555555557,0,0,0,0
0,96.55555555555556,1923.2222222222224,185.8888888888889,0,0,0,0
0,96.55555555555556,1563.2222222222224,195.11111111111111,0,0,0,0
0,96.55555555555556,1967.7777777777778,216.8888888888889,0,0,0,0
0,96.55555555555556,1548,166.55555555555557,0,0,0,0
0,96.55555555555556,1736.2222222222224,175.7777777777778,0,0,0,0
0,96.55555555555556,1906.888888888889,159.22222222222223,0,0,0,0
0,96.55555555555556,1906.888888888889,166.55555555555557,0,0,0,0
0,0,1747.4444444444446,126.11111111111111,0,0,93.7881986887432,0
0,0,1950.6666666666667,126.11111111111111,0,0,93.76735918231306,93.87845794911675
0,0,1553.6666666666667,142.66666666666669,0,0,93.7881986887432,93.89932214690522
0,0,1734.6666666666667,116.8888888888889,0,0,93.77777777777779,93.8888888888889
0,0,1330.1111111111113,201.7777777777778,0,0,93.75694290157742,93.86802932681626
0,0,1734.4444444444446,201.7777777777778,0,0,92.47040057492814,92.57996266091739
0,0,1717.888888888889,214.33333333333334,0,0,93.62325790193238,93.73418593262187
0,0,1320.2222222222224,238.22222222222223,0,0,98.18262411347519,93.63918439716312
0,0,1756.7777777777778,199.8888888888889,0,0,98.18262411347519,98.29343971631207
0,0,1740.3333333333335,221.66666666666669,0,0,4.654255319148937,98.29343971631207
0,0,1769.6666666666667,252.66666666666669,0,0,4.654771140418929,4.654771140418929
0,0,1769.6666666666667,230.8888888888889,0,0,4.654255319148937,4.654255319148937
0,0,1777.3333333333335,230.8888888888889,0,0,4.654771140418929,4.654771140418929
0,95.22222222222223,2165.1111111111113,157.33333333333334,0,0,4.655287076036356,4.655287076036356
0,95.22222222222223,1760.7777777777778,188.33333333333334,0,0,0,4.927199999999999
0,95.22222222222223,1794.0000000000002,166.55555555555557,0,0,0,4.8363000000000005
0,95.22222222222223,1794.0000000000002,181,0,0,0,4.666666666666667
0,95.22222222222223,1731.2222222222224,181,0,0,0,0
0,95.22222222222223,1912.0000000000002,159.22222222222223,0,0,0,0
0,95.22222222222223,1507.6666666666667,166.55555555555557,0,0,0,0
0,95.22222222222223,1740.2222222222224,150,0,0,0,93.77777777777779
0,95.22222222222223,1723.3333333333335,150,0,0,93.66666666666667,93.77777777777779
0,0,1756.4444444444446,166.55555555555557,0,0,93.66666666666667,93.77777777777779
0,0,1756.4444444444446,199.66666666666669,0,0,93.66666666666667,93.77777777777779
0,0,1716.3333333333335,199.66666666666669,0,0,93.66666666666667,93.77777777777779
0,0,2121,161.33333333333334,0,0,93.66666666666667,93.77777777777779
0,0,1935.888888888889,192.33333333333334,0,0,93.66666666666667,93.77777777777779
0,0,1583.3333333333335,221.66666666666669,0,0,93.66666666666667,93.77777777777779
0,0,1778.2222222222224,197.7777777777778,0,0,93.66666666666667,93.77777777777779
0,0,1942.5555555555557,197.7777777777778,0,0,93.66666666666667,0
0,0,1770.7777777777778,207.00000000000003,0,0,0,0
0,0,1538.2222222222224,195.66666666666669,0,0,0,0
0,0,1926.0000000000002,131.55555555555557,0,0,0,0
0,88,1949.5555555555557,164.66666666666669,0,0,0,0
0,95.33333333333334,1544.888888888889,164.66666666666669,0,0,0,0
0,95.33333333333334,1588.7777777777778,173.8888888888889,0,0,0,0
0,95.33333333333334,1924.888888888889,135.33333333333334,0,0,0,0
0,95.33333333333334,1730.0000000000002,120.8888888888889,0,0,0,0
0,95.33333333333334,1729.888888888889,151.88888888888889,0,0,0,0
0,95.33333333333334,1910.888888888889,159.22222222222223,0,0,0,0
0,95.33333333333334,1722.5555555555557,120.8888888888889,0,0,0,0
0,95.33333333333334,1550.7777777777778,142.66666666666669,0,0,0,0
0,7.333333333333334,1550.7777777777778,109.55555555555556,0,0,0,0
0,0,1948.2222222222224,118.77777777777779,0,0,0,0
0,0,1715.6666666666667,150,0,0,0,94.75218658892129
0,0,1551.7777777777778,190.44444444444446,0,0,0,94.76281260513625
0,0,1957.2222222222224,190.44444444444446,0,0,94.30365552814533,94.75218658892129
0,0,1560.4444444444446,197.7777777777778,0,0,94.30365552814533,94.75218658892129
0,0,1739.7777777777778,202.44444444444446,0,0,94.30365552814533,94.75218658892129
0,0,1739.7777777777778,202.44444444444446,0,0,99.63447142857142,100.10835714285713
0,0,1739.7777777777778,202.44444444444446,0,0,97.70421849606201,98.1689234591824
0,0,1739.7777777777778,211.66666666666669,0,0,93.44444444444446,93.8888888888889
0,0,1342.3333333333335,202.44444444444446,0,0,93.44444444444446,93.8888888888889
0,0,1746.6666666666667,202.44444444444446,0,0,93.434062881902,0
0,95.22222222222223,1574.4444444444446,162,0,0,93.44444444444446,0
0,95.22222222222223,1512.5555555555557,185.66666666666669,0,0,0,0
0,95.22222222222223,1933.4444444444446,147.33333333333334,0,0,0,0
0,95.22222222222223,1573.1111111111113,142.66666666666669,0,0,0,0
0,95.22222222222223,1745.3333333333335,142.66666666666669,0,0,0,0
0,95.22222222222223,1910.2222222222224,142.66666666666669,0,0,0,0
0,95.22222222222223,1721.888888888889,142.66666666666669,0,0,0,0
0,95.22222222222223,2143.5555555555557,181,0,0,0,0
0,95.22222222222223,1739.2222222222224,109.55555555555556,0,0,0,93.7881986887432
0,0,2082.777777777778,150,0,0,0,93.77777777777779
0,0,1971.7777777777778,140.7777777777778,0,0,93.76735918231306,93.76735918231306
0,0,1550.888888888889,140.7777777777778,0,0,93.77777777777779,93.77777777777779
0,0,1739.2222222222224,190.44444444444446,0,0,93.77777777777779,93.77777777777779
0,0,1977.0127706829542,226.76290949472516,0,0,93.77777777777779,98.44444444444446
0,0,1768.888888888889,205.11111111111111,0,0,98.44444444444446,98.44444444444446
0,0,1768.888888888889,195.8888888888889,0,0,98.45538393154796,98.45538393154796
0,0,1751.7777777777778,181.22222222222223,0,0,98.44444444444446,98.44444444444446
0,0,1751.7777777777778,181.22222222222223,0,0,98.43350738806798,4.666148205754915
0,95.33333333333334,1768.3333333333335,190.44444444444446,0,0,98.44444444444446,4.666666666666667
0,95.33333333333334,1535.7777777777778,197.7777777777778,0,0,4.666666666666667,4.666666666666667
0,95.33333333333334,1751.7777777777778,207.00000000000003,0,0,4.571175,4.571175
0,95.29098178587296,1932.252332296757,140.71523767214572,0,0,4.623582345379232,4.623582345379232
0,95.38632573652028,1739.2996108949412,120.95608671484156,0,0,4.702720859926101,0
0,95.33333333333334,1566.6666666666667,142.66666666666669,0,0,0,0
0,95.33333333333334,1910.888888888889,142.66666666666669,0,0,0,0
0,95.33333333333334,1506.3333333333335,119.00000000000001,0,0,0,0
0,95.33333333333334,1739.3333333333335,159.22222222222223,0,0,0,0
0,0,1379.2222222222224,109.55555555555556,0,0,0,0
0,0,1739.1111111111113,109.55555555555556,0,0,0,0
0,0,1739.1111111111113,100.33333333333334,0,0,0,0
0,0,1541.9075144508672,100.3779457536683,0,0,0,98.66374937492186
0,0,1538,83.77777777777779,0,0,60.562284698299806,93.67707523058117
0,0,1917.5555555555557,142.66666666666669,0,0,93.66666666666667,93.66666666666667
0,0,1573.3333333333335,197.7777777777778,0,0,93.6562604155094,93.6562604155094
0,0,1768.3333333333335,212.22222222222223,0,0,93.66666666666667,93.66666666666667
0,0,1916.1111111111113,172,0,0,93.66666666666667,93.66666666666667
0,0,1916.1111111111113,172,0,0,93.66666666666667,93.66666666666667
0,0,1969.888888888889,176,0,0,93.66666666666667,93.66666666666667
0,0,1925.6666666666667,202.44444444444446,0,0,93.66666666666667,93.66666666666667
0,0,1925.6666666666667,202.44444444444446,0,0,93.6562604155094,0
0,95.22222222222223,1712.5555555555557,235.55555555555557,0,0,33.111111111111114,0
0,95.22222222222223,1549.3333333333335,178.55555555555557,0,0,0,0
0,95.22222222222223,1926.3333333333335,123.44444444444446,0,0,0,0
0,95.22222222222223,1947.6666666666667,147.33333333333334,0,0,0,0
0,95.22222222222223,1566.888888888889,147.33333333333334,0,0,0,0
0,95.22222222222223,1738.6666666666667,147.33333333333334,0,0,0,0
0,95.22222222222223,1714.2222222222224,121.55555555555556,0,0,0,0
0,95.22222222222223,1542.4444444444446,135.33333333333334,0,0,0,0
0,95.22222222222223,1558.888888888889,135.33333333333334,0,0,0,0
0,0,1947.0000000000002,102.22222222222223,0,0,0,0
0,0,1730.6666666666667,100.33333333333334,0,0,0,93.8993221469052
0,0,1525.7777777777778,140.7777777777778,0,0,0,93.8888888888889
0,0,1309.4444444444446,150,0,0,93.77777777777779,93.8888888888889
0,0,1746.5555555555557,150,0,0,93.78819868874318,93.8993221469052
0,0,1918.3333333333335,164.66666666666669,0,0,91.12035,91.2283125
0,0,1529.1111111111113,205.11111111111111,0,0,85.7200893763965,85.82165346333535
0,0,1745.0000000000002,164.8888888888889,0,0,85.72879634332149,85.83037074657187
0,0,1728.888888888889,179.33333333333334,0,0,85.72879634332148,85.83037074657186
0,0,1545.5555555555557,226.8888888888889,0,0,85.72879634332148,85.83037074657186
0,0,1918.6666666666667,205.11111111111111,0,0,85.7200893763965,0
0,87.77777777777779,1746.5555555555557,164.66666666666669,0,0,85.7200893763965,0
0,95.11111111111111,1918.3333333333335,150.22222222222223,0,0,0,0
0,95.11111111111111,1481.2222222222224,164.66666666666669,0,0,0,0
0,95.11111111111111,1558.5555555555557,150,0,0,0,0
6560225.935388888,95.11111111111111,1946.3333333333335,135.33333333333334,0,0,0,0
6560225.935388888,95.11111111111111,1902.5555555555557,135.33333333333334,0,0,0,0
6560305.370611111,3239976.666666667,1730.4444444444446,1146.888888888889,0,0,0,0
6560361.788888888,3240024.2222222225,2053.777777777778,3238932.4444444445,0,0,0,0
6560361.788888888,3240165.888888889,2575.444444444445,3238996.3333333335,0,0,0,0
6560397.973666667,3240078.1111111115,2575.444444444445,3239020.2222222225,0,0,0,0
6560397.973666667,3240132.777777778,2592.5555555555557,3238987.1111111115,0,0,0,0
6560470.343222222,3240233.888888889,2592.5555555555557,3239034.666666667,0,0,0,93.7881986887432
6560515.413611112,3240281.4444444445,2552.5555555555557,3239034.666666667,0,0,0,93.76735918231306
300.44444444444446,3240281.4444444445,2336.777777777778,3239008.888888889,0,0,93.54516164870569,93.76735918231306
375.5555555555556,3240437.555555556,2602.3333333333335,3239137.1111111115,0,0,93.56595177241915,93.7881986887432
293.11111111111114,556,2774.3333333333335,3238111.1111111115,0,0,93.54516164870569,93.76735918231306
309.6666666666667,561.2222222222223,2246.222222222222,318.44444444444446,0,0,93.56595177241915,98.45538393154796
347.22222222222223,546.5555555555555,1560.3333333333335,254.55555555555557,0,0,93.56595177241915,98.45538393154796
368.22222222222223,546.5555555555555,1732.6666666666667,278,0,0,93.55555555555556,98.44444444444446
368.22222222222223,537.3333333333334,1715.6666666666667,334.7777777777778,0,0,98.22222222222223,98.44444444444446
347.22222222222223,436.22222222222223,1715.6666666666667,272.77777777777777,0,0,98.22222222222223,4.666666666666667
321.44444444444446,614.3333333333334,1748.5555555555557,308.44444444444446,0,0,98.23313701522392,4.667185242804756
321.44444444444446,678.4444444444445,1957.7777777777778,334.22222222222223,0,0,4.666666666666667,4.666666666666667
314.11111111111114,621.7777777777778,1520.1111111111113,206.00000000000003,0,0,4.666148205754915,4.666148205754915
351.6666666666667,621.7777777777778,1520.4444444444446,249.55555555555557,0,0,4.667185242804756,4.667185242804756
276.5555555555556,654.8888888888889,1881.6666666666667,258.5555555555556,0,0,4.666148205754915,0
312.22222222222223,620,1898.2222222222224,315.33333333333337,14.665037218086876,14.665037218086876,4.666148205754915,0
307.22222222222223,715.1111111111112,1725.888888888889,268,16.497937757780274,16.497937757780274,5.249343832020997,0
307.22222222222223,662.3333333333334,1726.0000000000002,211.22222222222223,15.99436407043892,15.99436407043892,0,0
328.22222222222223,794.7777777777778,1934.7777777777778,211.22222222222223,14.854827819041187,31.060094530722484,0,0
375.11111111111114,569.1111111111112,1864.6666666666667,244.8888888888889,14.8564997186269,31.063590320765336,0,0
375.11111111111114,550.4444444444445,1483.4444444444446,219.11111111111111,38.4961728950923,31.06708689779379,0,0
344.8888888888889,576.2222222222223,1920.4444444444446,301.44444444444446,38.4961728950923,31.06708689779379,0,95.11481314723099
307.33333333333337,576.2222222222223,1748.1111111111113,311.11111111111114,47.94597636465954,31.063590320765336,0,95.10410804727069
365.8888888888889,535.7777777777778,1558.7777777777778,261.6666666666667,47.95137325529041,40.5222872579919,94.88968932913103,95.11481314723099
330.22222222222223,443.6666666666667,1714.0000000000002,292.6666666666667,33.093201260693384,25.66411526339487,94.88968932913103,95.11481314723099
314.22222222222223,504.6666666666667,1885.888888888889,292.6666666666667,32.05867981140163,9.159622803257609,91.92335741840671,92.14144367562713
314.22222222222223,605.1111111111112,1713.888888888889,292.6666666666667,31.726336104513063,9.064667458432304,90.97041270783848,91.18623812351544
297.6666666666667,472.6666666666667,1747.0000000000002,395.11111111111114,32.67029669963329,9.334370485609512,93.67707523058117,93.8993221469052
267.33333333333337,621,1403.3333333333335,325.7777777777778,32.66666666666667,9.333333333333334,93.66666666666667,93.8888888888889
304.8888888888889,575.5555555555555,1747.1111111111113,373.33333333333337,9.333333333333334,9.333333333333334,93.66666666666667,93.8888888888889
267.33333333333337,604.4444444444445,1691.3333333333335,291,9.333333333333334,9.333333333333334,93.66666666666667,0
325.8888888888889,604.4444444444445,1863.3333333333335,259.5555555555556,0,9.333333333333334,93.66666666666667,0
304.8888888888889,606.3333333333334,1933.4444444444446,325.5555555555556,0,0,0,0
267.33333333333337,736.8888888888889,1552.7777777777778,237.7777777777778,0,0,0,0
288.33333333333337,604.4444444444445,1552.888888888889,259.5555555555556,0,0,0,0
325.8888888888889,504.00000000000006,1897.4444444444446,307.11111111111114,0,0,0,0
267.33333333333337,658.1111111111112,1655.5555555555557,204.66666666666669,0,0,0,0
288.33333333333337,509.7777777777778,1864.3333333333335,226.44444444444446,0,0,0,93.77777777777779
288.33333333333337,564.4444444444445,1692.4444444444446,206.55555555555557,0,0,0,93.77777777777779
288.33333333333337,410.33333333333337,1725.4444444444446,206.55555555555557,0,0,0,93.77777777777779
288.33333333333337,548,1748.6666666666667,307.33333333333337,0,0,0,93.77777777777779
250.7777777777778,574,1506.6666666666667,250.55555555555557,0,0,93.66666666666667,93.77777777777779
302,533.5555555555555,1887.7777777777778,250.55555555555557,0,0,93.66666666666667,93.77777777777779
288.33333333333337,509.8888888888889,1715.7777777777778,281.5555555555556,0,0,93.66666666666667,93.77777777777779
250.7777777777778,617.4444444444445,1543.2222222222224,298.33333333333337,0,0,93.65626041550938,93.76735918231306
309.33333333333337,604.5555555555555,1950.3333333333335,298.33333333333337,0,0,93.66666666666667,93.77777777777779
271.77777777777777,619,1741.5555555555557,355.11111111111114,0,0,93.66666666666667,0
234.22222222222223,564.3333333333334,1741.4444444444446,327.44444444444446,0,0,93.66666666666667,0
309.33333333333337,711.2222222222223,1707.888888888889,372.8888888888889,0,0,93.66666666666667,0
271.77777777777777,604.5555555555555,1512.6666666666667,266.8888888888889,0,0,93.67707523058117,0
271.77777777777777,531.2222222222223,1684.6666666666667,257.6666666666667,0,0,0,0
295.6666666666667,580.7777777777778,1512.4444444444446,345.44444444444446,0,0,0,0
250.7777777777778,580.7777777777778,1889.5555555555557,292.6666666666667,0,0,0,0
292.77777777777777,526,1717.5555555555557,228.33333333333334,0,0,0,0
288.33333333333337,476.6666666666667,1519.3333333333335,281.11111111111114,0,0,0,0
267.33333333333337,462.22222222222223,1863.3333333333335,219.11111111111111,0,0,0,0
309.33333333333337,548.1111111111112,1691.5555555555557,219.11111111111111,0,0,0,0
271.77777777777777,415.6666666666667,1536.3333333333335,209.8888888888889,0,0,0,0
250.7777777777778,526.3333333333334,1536.3333333333335,228.33333333333334,0,0,0,0
309.33333333333337,526.3333333333334,1709.7777777777778,228.33333333333334,0,0,0,0
255.22222222222223,491.33333333333337,1732.888888888889,178.8888888888889,0,0,0,0
309.33333333333337,491.33333333333337,1699.888888888889,215.33333333333334,0,0,92.03059999999999,0
267.33333333333337,603.1111111111112,1699.888888888889,263.11111111111114,0,0,93.55555555555556,93.8888888888889
255.22222222222223,594,1871.7777777777778,320.11111111111114,0,0,93.55555555555556,93.8888888888889
255.22222222222223,617.6666666666667,1527.7777777777778,336.6666666666667,0,0,93.55555555555556,93.8888888888889
288.33333333333337,531.7777777777778,1897.4444444444446,336.6666666666667,0,0,93.55555555555556,93.8888888888889
271.77777777777777,581.4444444444445,1880.7777777777778,362.44444444444446,0,0,93.55555555555556,98.55555555555556
271.77777777777777,544.4444444444445,1880.7777777777778,327.44444444444446,0,0,98.22222222222223,98.55555555555556
234.22222222222223,544.4444444444445,1879.0000000000002,327.44444444444446,0,0,98.21130985446062,98.54460615487169
288.33333333333337,595.8888888888889,1855.7777777777778,331.8888888888889,0,0,98.22222222222223,98.55555555555556
255.22222222222223,595.8888888888889,1511.6666666666667,345.11111111111114,0,0,4.666666666666667,98.55555555555556
276.22222222222223,467.5555555555556,1717.1111111111113,311.77777777777777,0,0,4.666666666666667,4.666666666666667
271.77777777777777,502.44444444444446,1717.0000000000002,202,0,0,4.666666666666667,4.666666666666667
271.77777777777777,478.7777777777778,1888.888888888889,199.8888888888889,0,0,4.666666666666667,4.666666666666667
255.22222222222223,538.8888888888889,1519.2222222222224,230.8888888888889,0,0,4.666666666666667,4.666666666666667
234.22222222222223,557.5555555555555,1519.2222222222224,168.8888888888889,0,0,4.666666666666667,0
292.77777777777777,509.6666666666667,1889.3333333333335,190.66666666666669,0,0,0,0
309.33333333333337,509.6666666666667,1545.6666666666667,264,0,0,0,0
255.22222222222223,467.22222222222223,1748.1111111111113,221.22222222222223,0,0,0,0
234.22222222222223,489.00000000000006,1748.1111111111113,208.00000000000003,0,0,0,0
234.22222222222223,579,1886.7777777777778,193.55555555555557,0,0,93.66666666666667,0
271.77777777777777,569.5555555555555,1506.1111111111113,270.22222222222223,0,0,93.66666666666667,93.8888888888889
292.77777777777777,569.5555555555555,1543.1111111111113,239.22222222222223,0,0,93.66666666666667,93.8888888888889
234.22222222222223,538.3333333333334,1920.1111111111113,257.8888888888889,0,0,93.67707523058117,93.8993221469052
268.8888888888889,455.5555555555556,1905.4444444444446,257.8888888888889,0,0,93.6562604155094,93.87845794911678
271.77777777777777,562.2222222222223,1535.3333333333335,347.7777777777778,0,0,97.53410433070867,97.76550196850394
255.22222222222223,562.2222222222223,1879.7777777777778,288.8888888888889,0,0,99.42452812863468,99.66041075764686
234.22222222222223,545.7777777777778,1468.5555555555557,288.8888888888889,0,0,94.82564679415073,95.05061867266592
255.22222222222223,597.3333333333334,1677.3333333333335,274.22222222222223,0,0,94.82564679415073,95.05061867266592
288.33333333333337,471.11111111111114,1677.1111111111113,274.22222222222223,0,0,0,95.05061867266592
255.22222222222223,467.44444444444446,1677.1111111111113,276.11111111111114,0,0,0,0
255.22222222222223,467.44444444444446,1882.2222222222224,292.6666666666667,0,0,0,0
292.77777777777777,467.44444444444446,1677.5555555555557,257.44444444444446,0,0,0,0
258.11111111111114,616.4444444444445,1483.4444444444446,297.6666666666667,0,0,0,0
255.22222222222223,453.00000000000006,1865.0000000000002,186,0,0,0,0
234.22222222222223,481.8888888888889,1692.888888888889,171.55555555555557,0,0,0,0
255.22222222222223,384.6666666666667,1918.5555555555557,171.55555555555557,0,0,0,0
302,474.7777777777778,1709.7777777777778,195.22222222222223,0,0,0,0
247.8888888888889,489.22222222222223,1554.3333333333335,244.8888888888889,0,0,0,0
247.8888888888889,384.6666666666667,1554.3333333333335,195.22222222222223,0,0,0,0
247.8888888888889,482.00000000000006,1537.1111111111113,178.66666666666669,0,0,0,0
264.44444444444446,491.44444444444446,1708.7777777777778,212.00000000000003,0,0,0,93.76735918231306
264.44444444444446,467.6666666666667,1708.7777777777778,171.7777777777778,0,0,93.77777777777779,93.77777777777779
247.8888888888889,467.6666666666667,1708.4444444444446,257.6666666666667,0,0,93.7881986887432,93.7881986887432
247.8888888888889,537.1111111111112,1536.1111111111113,257.6666666666667,0,0,93.77777777777779,93.77777777777779
247.8888888888889,653,1552.3333333333335,350.8888888888889,0,0,93.73611728120835,93.73611728120835
255.22222222222223,489.5555555555556,1896.1111111111113,305.44444444444446,0,0,93.77777777777779,93.77777777777779
255.22222222222223,537.1111111111112,1707.6666666666667,288.8888888888889,0,0,93.77777777777779,93.77777777777779
255.22222222222223,537.1111111111112,1916.4444444444446,288.8888888888889,0,0,93.77777777777779,93.77777777777779
234.22222222222223,522.5555555555555,1519.6666666666667,288.8888888888889,0,0,93.77777777777779,93.77777777777779
238.66666666666669,579.3333333333334,1520,241.11111111111111,0,0,93.77777777777779,0
276.22222222222223,454.11111111111114,1762.3333333333335,321.7777777777778,0,0,0,0
255.22222222222223,551.3333333333334,1553,250.33333333333334,0,0,0,0
255.22222222222223,453.00000000000006,1897.0000000000002,250.33333333333334,0,0,0,0
285.44444444444446,351.5555555555556,1655.1111111111113,186,0,0,0,0
255.22222222222223,351.5555555555556,1692.0000000000002,219.11111111111111,0,0,0,0
276.22222222222223,452.8888888888889,1692.0000000000002,200.44444444444446,0,0,0,0
234.22222222222223,550.1111111111112,1692.0000000000002,171.55555555555557,0,0,0,0
255.22222222222223,498.33333333333337,1897.0000000000002,219.11111111111111,0,0,0,0
255.22222222222223,403.22222222222223,1724.888888888889,219.11111111111111,0,0,0,0
255.22222222222223,467.33333333333337,1482.5555555555557,200.44444444444446,0,0,0,0
234.22222222222223,467.22222222222223,1691.6666666666667,186,0,0,0,0
255.22222222222223,481.6666666666667,1714.6666666666667,200.66666666666669,0,0,95.09306260575295,0
225.00000000000003,467.22222222222223,1923.5555555555557,241.11111111111111,0,0,95.07161384910344,0
238.66666666666669,654,1731.7777777777778,255.7777777777778,0,0,95.05017476603902,0
255.22222222222223,552.6666666666667,1731.7777777777778,241.33333333333334,0,0,95.06089309878215,95.06089309878215
255.22222222222223,455.44444444444446,1748.3333333333335,343.7777777777778,0,0,95.07161384910344,95.07161384910344
276.22222222222223,507.2222222222223,1543.3333333333335,296.22222222222223,0,0,99.79702300405955,95.06089309878215
255.22222222222223,538.2222222222223,1715.0000000000002,331.8888888888889,0,0,100.96585714285713,96.17425714285713
217.66666666666669,620.8888888888889,2095.888888888889,269.8888888888889,0,0,99.39589191976002,94.67879874390701
255.22222222222223,523.7777777777778,1714.888888888889,300.8888888888889,0,0,98.34426047338592,98.34426047338592
276.22222222222223,538.2222222222223,1691.6666666666667,286.22222222222223,0,0,4.666666666666667,98.33333333333334
292.77777777777777,637.5555555555557,1482.7777777777778,262.33333333333337,0,0,4.666148205754917,2372611.1543161874
234.22222222222223,450.7777777777778,1536.2222222222224,240.33333333333334,3089997.1004000003,6467285.4348,12345.77777777778,2372874.777777778
238.66666666666669,467.33333333333337,1880.0000000000002,240.33333333333334,6469066.503199999,6467285.4348,3248223.4444444445,3239707.777777778
276.22222222222223,467.33333333333337,2959.1111111111113,3242121.4444444445,6469029.786434841,6467335.673347406,3247862.570825464,3239347.850238863
234.22222222222223,481.6666666666667,2959.1111111111113,3246891.1111111115,6469153.458200001,6467392.310400001,3248299.4444444445,3239869.666666667
255.22222222222223,450.6666666666667,2787.1111111111113,3246855.4444444445,6469870.283998223,6468109.122646961,3248789.1987998663,3240229.6921880203
255.22222222222223,424.8888888888889,3580.1111111111113,6484577.444444445,6469261.434426048,6467500.285931772,3248789.1987998667,3240286.476275142
276.22222222222223,424.8888888888889,3580.1111111111113,6484634.444444445,6469187.990934341,6467426.843828465,3248140.651038774,3239723.808465726
255.22222222222223,452.7777777777778,3879.888888888889,6484805.222222223,9904767.125819353,6467478.173336295,6787665.197166983,3239723.808465726
217.66666666666669,450.6666666666667,3879.888888888889,6484759.777777778,9905922.008123124,6468302.974786088,6788421.268085343,867449.1610178908
238.66666666666669,450.6666666666667,3809.2222222222226,6484796,7184931.65907323,317.0352261362373,6844379.686776308,867580.1755750638
255.22222222222223,424.8888888888889,3861.666666666667,6485002.222222223,3622408.7120791194,338.03755972885875,3634985.8873208133,557.1730192243582
217.66666666666669,542.7777777777778,2557.2222222222226,3243496.4444444445,3622408.7120791194,321.48016446271805,3635114.5682853647,619.1799088787642
276.22222222222223,445.6666666666667,2900.5555555555557,3238814.777777778,3621989.666666667,300.44444444444446,3634630.0000000005,457.22222222222223
238.66666666666669,543.8888888888889,2728.666666666667,3297726.3333333335,3621989.666666667,375.5555555555556,3634548.777777778,680
238.66666666666669,3692701.2222222225,60685.77777777778,60004.333333333336,3622392.1546838535,300.4778308700966,3635076.2306922986,623.2914768307589
3622107.777777778,3692701.2222222225,61045.88888888889,118900.66666666667,3622450.7167463046,1358.928769863318,3635002.8892099117,1352.0391154572728
3622145.3333333335,3692701.2222222225,60402.333333333336,177591.8888888889,1251.5835092788086,1304.8116457384153,60118.01311256806,1352.0391154572728
3622145.3333333335,3692701.1111111115,119697.33333333334,177591.8888888889,1251.3054105099434,3621752.1386512616,3693741.2509721145,3693034.77391401
3622145.3333333335,3692701.1111111115,119697.33333333334,236484.11111111112,3563577.3333333335,3622196.555555556,3634574.3333333335,3693361.666666667
3622086.777777778,3692662.777777778,119301.11111111112,236277.8888888889,3563202.4219531165,3621773.136318187,3634047.772469726,3693114.765026109
3622145.3333333335,3692997.3333333335,236964.77777777778,354165.1111111111,3613329.3702544994,3672647.895106862,3685040.907269404,3745006.448256468
3623694.666666667,3692997.3333333335,236810.22222222225,412878.88888888893,3671752.513228571,3732108.809371428,3744702.4669142854,3805638.8621714283
3623673.666666667,7325476.444444445,237283.33333333334,353967.3333333334,3432331.870719178,3488732.341609589,3500620.719178082,3557273.4375
7186027.666666667,3633631.3333333335,178152.33333333334,354260.55555555556,3431957.5173889776,3488379.2402354195,3500164.0449438198,3556906.6880684854
3564121.0000000005,3633631.3333333335,177964.33333333334,295276.22222222225,3431928.4109149273,3487359.97859818,3500164.0449438198,3556460.567148207
3564062.4444444445,3633988.777777778,178973.55555555556,237007.11111111112,3431055.7517388975,6975578.491171748,3500534.4034242905,3556460.567148207
3565029.2222222225,7267063.888888889,119850.77777777778,237242.44444444447,3431422.945205479,3488756.74229452,3443476.776541095,3500250.749143835
3565008.2222222225,7267104.111111112,119874.55555555556,178288.22222222225,3488432.1489726026,3488716.288527397,3443438.0351027395,3500296.553938356
7185938.000000001,7267089.666666667,120363.55555555556,179173.22222222225,3488432.148972602,3488756.74229452,3500299.2294520545,3500139.1267123283
7185900.444444445,7266651.666666667,2699.888888888889,178691.77777777778,3558532.6154732993,3558810.5651927274,3570493.8421266344,3570612.0744699733
7184292.555555556,7266651.666666667,2871.888888888889,119890.00000000001,3521202.458811398,3521514.0022715908,7065203.114952818,3533155.8326131105
7184351.111111112,3634212.0000000005,2398.777777777778,178948.11111111112,3623137.6513720695,3622458.5046105986,7266252.860793244,3633696.478169092
3622055.666666667,3633819.0000000005,178893.33333333334,178654.8888888889,3623472.4444444445,3622840.0000000005,7267021.888888889,7267253.888888889
3623175.555555556,7266539.888888889,178893.22222222225,355082.4444444445,3623943.104789421,3623575.0638959887,7267855.206134015,7267657.850872319
3623175.555555556,7266125.666666667,177884,354489.55555555556,3623486.3333333335,1238.888888888889,7266687.000000001,7266850.333333334
3622637.555555556,3632970.0000000005,178116.77777777778,354316.4444444445,3623764.777777778,1470.4444444444446,3692274.1111111115,3633465.1111111115
3622637.555555556,3632929.777777778,178102.6666666667,354382.6666666667,2205.532718586823,1470.281079880013,3691863.904010665,3633061.5487168087
2102.444444444445,3632947.777777778,177613.6666666667,353497.6666666667,2665.888888888889,31809.666666666668,3633239.555555556,3633465.2222222225
7106.333333333334,3632933.3333333335,178010.33333333334,235661.6666666667,32638.88888888889,31809.666666666668,3633239.555555556,3633325.555555556
7957.333333333334,3632966.4444444445,177821.77777777778,235702.11111111112,32604.956106234025,31738.082009112124,120.90232248027559,3633690.9656628515
7898.777777777778,3632828.777777778,177821.77777777778,176644,30866.444444444445,32193.666666666668,120.8888888888889,3633287.2222222225
7840.222222222223,3632788.555555556,1544,176658.44444444447,3594467.777777778,32193.666666666668,120.8888888888889,887.6666666666667
6699.333333333334,67.66666666666667,1544.5555555555557,230.8888888888889,3594392.4444444445,3594629.1111111115,1121.888888888889,863.7777777777778
183302.77777777778,67.66666666666667,1949.6666666666667,230.8888888888889,3594392.4444444445,3594683.2222222225,1065.5555555555557,892.6666666666667
3745480.3333333335,51.111111111111114,1544.6666666666667,403.44444444444446,3594189.1111111115,3594397.555555556,1065.5555555555557,1034.2222222222224
3745480.3333333335,753.7777777777778,1552,424.00000000000006,3594609.5121680186,3594838.9821091234,1200.3555950661184,939.1043449272141
3745106.666666667,764.6666666666667,1724.0000000000002,424.00000000000006,3593691.4444444445,3564112.4444444445,1217.888888888889,972.5555555555557
3740102.777777778,764.6666666666667,1840.6666666666667,877.2222222222223,3564532.888888889,3564154.4444444445,1217.888888888889,972.5555555555557
3739272.777777778,828.6666666666667,1668.4444444444446,975.2222222222223,7184651.705366069,3563758.4712809683,3634564.1595378285,1128.5412731918675
3739272.777777778,843.1111111111112,2271.3333333333335,975.2222222222223,7185450.000000001,3562981.1111111115,3635022.666666667,1128.6666666666667
3739347.888888889,843.1111111111112,2421.888888888889,1795.6666666666667,3622326.258473164,3563431.1590176686,3635549.838870986,414.8238693188132
3739347.888888889,992.1111111111112,2249.3333333333335,60701.333333333336,3621500.3888456835,288.3012998555716,3633715.3649594486,530.7188090212198
3562786.4444444445,1090.5555555555557,60969.77777777778,60701.333333333336,3621961.3333333335,309.33333333333337,3634173.3333333335,549.4444444444445
201.11111111111111,1090.5555555555557,61158.444444444445,60567.11111111112,3621923.777777778,309.33333333333337,3634305.1111111115,521.7777777777778
1518.2222222222224,800.2222222222223,61343.333333333336,60480.333333333336,3621902.777777778,288.33333333333337,3634208.777777778,521.7777777777778
1497.2222222222224,3692390.555555556,61171.333333333336,119210.22222222223,3813092.4028589507,246.58612639079882,3826029.4012689083,513.9940414426803
3622369.2222222225,3692390.555555556,61002.444444444445,118709.44444444445,3891278.596549507,206.56502969812013,3905359.0480680913,524.651295082971
3622348.2222222225,3692372.0000000005,61002.444444444445,118832.33333333334,231.91656386677133,269.8216889088258,445.1048558932376,366.4909723001009
3622390.2222222225,3692357.555555556,119726.22222222223,177674.44444444447,231.94257514580534,248.65410497981162,430.57424854194716,1339.6141767608797
3622336.1111111115,3692454.666666667,119358.88888888889,176839.55555555556,194.0114388247168,3655814.399461702,428.3952001794325,1284.2884378154088
3622336.1111111115,3692320.1111111115,119547.33333333334,176879.11111111112,253.11203319502073,3655814.399461702,428.3952001794325,3727381.7427385887
3622352.666666667,3692221.666666667,60795.55555555556,177411.77777777778,194.0114388247168,3655793.203992374,391.8358192217113,3727398.452394303
3622369.2222222225,3692385.0000000005,60606.88888888889,177311.22222222225,215.20690815296624,3655793.203992374,381.06986654704497,3727283.5034204326
3621052.1111111115,3691987.1111111115,60405.66666666667,236272.22222222225,215.20690815296624,3655814.399461702,382.9763373331838,3727398.3402489624
3621094.1111111115,367.8888888888889,60405.66666666667,236251.00000000003,207.36107142857142,3597492.992142857,1261.2717857142857,3667932.8528571427
3563967.666666667,3633385.777777778,177904.55555555556,236251.00000000003,3498375.6564750285,3555708.388984561,1246.6222113701715,3625393.032637674
3563967.666666667,3633307.2222222225,178376.6666666667,294884.6666666667,3564064.5627291924,3622494.8327591955,3634733.6370707857,3693466.940771197
3563963.2222222225,3633728.3333333335,119050.00000000001,236373.11111111112,3563338.5179424505,3621731.918675702,3633942.561937562,3691796.1337629147
3564000.777777778,3633631.2222222225,119410.33333333334,236373.11111111112,3563734.444444445,281.00000000000006,3634225.222222223,3692284.8888888895
3564000.777777778,3633730.4444444445,119221.88888888889,177460.77777777778,3564071.896877431,3207.4674963884877,3640447.2719191024,3907410.156684076
3563963.2222222225,3633730.4444444445,447744.6666666667,179191,3566767.9742193576,3153.350372263585,7541651.850205579,3907346.0384487165
3563967.666666667,3633596.0000000005,448088.00000000006,832406.7777777779,3566346.2222222225,3169.5555555555557,7540692.777777778,3906961.555555556
3563967.666666667,7212795.111111112,447915.6666666667,1100031.888888889,3565950.0055549378,3143.7618042439726,7539847.905788245,3906430.28552383
3567325.3333333335,7539325.444444445,448140.22222222225,1041323.2222222222,3566688.409823314,3097.6775197244137,7540717.524169352,3907298.4776086234
3558.777777777778,3906307.555555556,330296.88888888893,1041404.1111111112,2832.0186645928225,3096.9892234196195,7539058.549050105,3906366.1815353846
3558.777777777778,3906377.0000000005,330170.22222222225,982547.4444444445,2832.333333333334,3076.333333333334,3906836.333333334,3906800.222222223
3521.2222222222226,3905955.888888889,330403.22222222225,982257.3333333334,2766.751861317924,3034.6705189465497,3907230.247805312,3907120.568952106
3462.666666666667,3905955.888888889,330215.1111111111,982257.3333333334,2728.8888888888896,2980.2222222222226,3906796.111111112,3906607.8888888895
3462.666666666667,3905842.2222222225,330215.1111111111,982233.6666666667,2727.373681288173,33.09272626318711,3898812.5485841194,66.18545252637422
3441.666666666667,3905893.3333333335,1706.3333333333335,980025.6666666667,33.111111111111114,33.111111111111114,150.66666666666669,66.22222222222223
3416.2222222222226,3905864.4444444445,1363,326809.88888888893,0,16.555555555555557,150.66666666666669,102.8888888888889
3416.2222222222226,326650.88888888893,1691.888888888889,238.22222222222223,0,0,117.56861873541504,86.34292699188799
16.555555555555557,120.55555555555556,1871.6666666666667,238.22222222222223,0,0,33.111111111111114,86.33333333333336
16.555555555555557,120.55555555555556,1871.6666666666667,173.8888888888889,0,0,16.557395266140684,86.34292699188799
16.555555555555557,51.111111111111114,1714.5555555555557,199.8888888888889,0,0,16.55371625374958,86.32374180646593
16.555555555555557,51.111111111111114,1697.4444444444446,173.8888888888889,0,0,0,86.33333333333336
16.555555555555557,51.111111111111114,1853.888888888889,173.8888888888889,0,0,0,86.33333333333336
16.555555555555557,51.111111111111114,1853.888888888889,164.66666666666669,0,0,0,86.37172076478436
16.555555555555557,0,1853.7777777777778,124.22222222222223,0,0,0,86.32374180646593
0,0,2026.0000000000002,124.22222222222223,0,0,0,0
0,0,1697.1111111111113,148.11111111111111,0,0,0,0
0,0,1525.7777777777778,148.11111111111111,0,0,0,0
5851877.666666667,3514407.666666667,1525.7777777777778,921.8888888888889,130.64425770308125,5901174.56582633,664.0896358543417,5247953.053221289
5851898.666666667,5852902.333333334,1721.4444444444446,2070.3333333333335,130.65889735544602,5901857.014791574,664.1640519946213,5248541.125056029
5851898.666666667,5853000.777777778,3448.777777777778,658360,5900548.397938606,5900555.792068116,5247059.153036075,5247394.241541564
5851940.666666667,5853000.777777778,3120.1111111111113,11714639.111111112,5901230.700280112,5901271.4845938375,5247744.537815127,5248039.43977591
5851982.666666667,5853083.555555556,4999.444444444444,11714639.111111112,5901285.266106443,5901271.4845938375,5247744.537815127,5248039.43977591
5851982.666666667,5853083.555555556,4611.777777777778,11714654.444444446,5901285.266106443,5901313.837535014,5247893.333333334,5248164.8179271715
5852036.777777778,5853178.666666667,7175.444444444445,17566495.222222224,5868870.317142857,5868877.671428571,5219029.92,5219610.017142857
5852078.777777778,5853261.555555556,7175.444444444445,17566471.333333336,5793649.180000001,5793635.65,5152152.500000001,5152691.94
5852078.777777778,5853261.555555556,7531.000000000001,17566471.333333336,5852170.888888889,5852497.111111112,5204194.444444445,5227239.333333334
222.11111111111111,2338882.777777778,15616320.000000002,22770445.666666668,5851673.369625598,498.944561715365,5231000.777691368,23016.664815020555
1336.1111111111113,5291738.222222223,15615936.000000002,28827440.88888889,5851766.0259971125,1192.5341628707922,5242597.489167871,5240888.567936896
1336.1111111111113,5291639.777777778,15614336.666666668,32533887.333333336,529.6144016001778,1171.7968663184797,5243278.475386154,5242066.785198355
1565.5555555555557,5291706,15614552.88888889,21477608.222222224,508.4990556604822,1728.4746139317856,5242016.775913788,5240845.2394178435
1920.6666666666667,5291623.222222223,15613018.444444446,21477657.666666668,1939.215468385376,1728.8587620846758,5243198.355372819,5242096.12179131
1920.6666666666667,5291623.222222223,15613207.000000002,21477627.88888889,1939.0000000000002,1686.6666666666667,5242477.444444445,5241389.333333334
1866.5555555555557,5291528.111111112,15610471.111111112,15625873.222222224,1930.1111111111113,1759.7777777777778,5242477.444444445,5241080.111111112
1978.4444444444446,5291445.222222223,15610687.777777778,15625858.777777778,1909.323258139793,1759.973330370041,5243043.004778308,5241680.520057783
1978.4444444444446,5291445.222222223,15610459.777777778,15625858.777777778,19370.378594426555,1888.9752414788493,5238386.144110136,5214542.355945375
1997.6666666666667,5291416.333333334,1670.7777777777778,10421119.88888889,5229485.555555556,14087.88888888889,7820795.888888889,5218598.111111111
3216108.1111111115,66.22222222222223,1887.3333333333335,4362941,5229430.444444445,5223422.888888889,7809245.444444445,2610433.666666667
3216108.1111111115,154.11111111111111,1739.0000000000002,190.44444444444446,5228832.907454728,5222842.57304744,2606220.197755805,2610115.76491501
5221543.444444445,87.8888888888889,1971.888888888889,5079.777777777778,5230016.001777975,5223413.157017446,2606965.996221802,2610695.8550950103
5221146.333333334,87.8888888888889,4777.666666666667,5030.333333333334,5227428.063548495,5222327.630263304,2606370.18109099,2610143.428507944
5221146.333333334,87.8888888888889,4589.111111111111,5215864,5228008.888888889,5222907.888888889,2606708.777777778,2610433.4444444445
7826562.555555556,87.8888888888889,4934,5215916.888888889,5228013.333333334,5222834.777777778,2606747.1111111115,2610528.555555556
7826408.666666667,794.8888888888889,5011,5215916.888888889,5227432.507499168,5222275.5249416735,5236387.512498612,5232694.700588824
7826447.777777778,842.4444444444445,4650.444444444444,5216269.666666667,5215781.472419929,5227031.472419929,5255489.991103203,5237932.0507117435
7829619.111111112,842.4444444444445,5215134.888888889,5216243.888888889,1558.3333333333335,5210875.444444445,2644436.888888889,5246510.222222223
4614373.666666667,7827826.333333334,5214918.333333334,13840968.333333334,1637,1660.1111111111113,7854300.888888889,2636223
4614373.666666667,7827738.444444445,5214895.444444445,19214420.77777778,1637,1691.1111111111113,7854262.555555556,7845860.888888889
2608700,7827771.555555556,5214446.333333334,19209531.444444444,1615.6409686736279,1669.740057764941,7852376.805154409,7844203.732503887
2608700,7827771.555555556,5211701.444444445,20853048.444444444,1611.9396708223971,1650.8093011811022,8128938.735651793,8120360.047233158
2608700,7827771.555555556,5211701.444444445,15642224.000000002,1641.971407145918,1681.5652100720306,8280326.039320914,8271648.905125799
3283.777777777778,7827804.666666667,5211745.777777778,15642085.000000002,1566.0504201680674,1620.6162464985996,7920025.43417367,7911668.571428572
3283.777777777778,7827097.666666667,5211641,15642188.111111112,1566.0504201680674,1599.4397759103642,5267700.50420168,5266907.114845939
3244.666666666667,7827050.111111112,5211641,15641835.333333334,952.7170868347339,1599.4397759103642,5253735.014005602,5266907.114845939
2605216.888888889,7827720.666666667,1545.888888888889,15641944.111111112,150.6051098162259,906.0959211116091,5254323.733751681,5254150.493052443
2605216.888888889,736.7777777777778,1545.888888888889,7017190.555555556,33.39309726580009,64.65710443747199,42.69385925593904,5254150.493052443
2605237.888888889,751.2222222222223,1717.888888888889,1643738.1111111112,33.38935574229692,33.38935574229692,42.689075630252105,130.8683473389356
2605246.777777778,765.6666666666667,2002.7777777777778,1643893.3333333335,33.36318853560233,33.36318853560233,16.681594267801167,44.111061352440665
2605246.777777778,765.6666666666667,1824.5555555555557,436.6666666666667,0,0,16.7625,507.2625
2605267.777777778,863.0000000000001,2139.222222222222,427.44444444444446,0,0,650095.303125,500.21718749999997
2605342.888888889,913.8888888888889,1975.7777777777778,427.44444444444446,3254478.6087343036,2605509.723302589,651316.257361929,809.312145793977
2605342.888888889,1044.3333333333335,1959.2222222222224,3703.3333333333335,3254499.6110678962,2605530.7256361814,651299.6999666629,765.529503278142
2605384.888888889,1044.3333333333335,1959.2222222222224,3873.3333333333335,3254138,2605241.2222222225,651326.5555555556,779.8888888888889
222.11111111111111,504.00000000000006,2300,3764.5555555555557,3253851.5720475507,2605010.332185313,651332.7408065771,935.8960115542718
222.11111111111111,504.00000000000006,658063.5555555556,655839,3253893.5673814025,2605047.8835684927,651347.1836462616,935.8960115542718
222.11111111111111,504.00000000000006,657718.888888889,655888.6666666667,3254616.735192799,2605626.8474274916,651491.9435492832,11083.453717079674
222.11111111111111,8567.666666666668,657794.888888889,655733.4444444445,3260862.6404181956,2611764.0974307638,3934480.7029251466,3283495.0506061614
222.11111111111111,3277725.777777778,657567.3333333334,1308411.777777778,3257601.777777778,2609152.3333333335,3930588.555555556,3279754.3333333335
4099,3277628.4444444445,657650.3333333334,2613686.3333333335,3257996.8885431713,2609475.386154017,3279856.872985887,3280161.1290143346
4023.888888888889,3277544.4444444445,657589.7777777779,2613686.3333333335,3517.888888888889,3965.2222222222226,3279361.2222222225,3279488.4444444445
4023.888888888889,3277447.1111111115,657417.4444444445,2610349.666666667,3496.500388845684,3943.7840239973343,3278996.88923453,3279128.763470726
3979.677956690728,3275627.31815658,657268.7395891172,2608761.3548028874,3496.500388845684,3943.7840239973343,3278902.34418398,3279192.8674591715
3960.888888888889,3277316.888888889,656903.7777777779,2610210.666666667,3422.158017557506,3886.098455383931,3279552.505833981,3279783.5315035
3960.888888888889,3277316.888888889,1528.7777777777778,1958185.1111111112,3380.153350372263,3848.5387265251693,3279538.0597844203,3279783.5315035
3973.0000000000005,3277335.555555556,1882.2222222222224,1958168.5555555557,3379.777777777778,3848.1111111111113,3279173.666666667,3269272.888888889
3931.0000000000005,3269224.3333333335,1521.3333333333335,1958168.5555555557,33.111111111111114,33.111111111111114,47,143.55555555555557
3931.0000000000005,66.22222222222223,1737.6666666666667,1305466.3333333335,33.11479053228136,33.11479053228136,4.667185242804756,143.57150794532726
33.111111111111114,66.22222222222223,1724.2222222222224,201,0,0,4.666666666666667,101.22222222222223
33.111111111111114,154.11111111111111,1559,241.44444444444446,0,0,93.98955671592046,101.21097655816021
33.111111111111114,121.00000000000001,1947.6666666666667,199.11111111111111,0,0,94,96.55555555555556
33.129516397998884,121.06725958866035,1732.1845469705388,182.65703168426901,0,0,89.34326036226247,18.002000222246913
33.111111111111114,121.00000000000001,1903.4444444444446,221.55555555555557,0,0,89.33333333333334,0
33.111111111111114,121.00000000000001,1896.2222222222224,172.66666666666669,0,0,89.33333333333334,0
0,87.8888888888889,1542.7777777777778,170.55555555555557,0,0,91.6962,0
0,87.8888888888889,1731.5555555555557,170.55555555555557,0,0,93.30994285714283,0
0,87.8888888888889,1903.7777777777778,134.11111111111111,0,0,90.06385123781786,0
0,87.8888888888889,1519.5555555555557,155.88888888888889,0,0,90.06385123781786,0
0,0,1708.3333333333335,115.44444444444446,0,0,0,0
0,0,1708.3333333333335,129.88888888888889,0,0,0,0
0,0,1708.3333333333335,115.44444444444446,0,0,0,0
0,0,1865.888888888889,76.44444444444444,0,0,0,0
2605230.1111111115,0,1484.5555555555557,76.44444444444444,0,0,0,0
2605230.1111111115,833.0000000000001,1717.888888888889,202.44444444444446,0,0,0,0
2605251.1111111115,861.8888888888889,1873.7777777777778,202.44444444444446,0,0,0,90.03868657042871
2605293.1111111115,861.8888888888889,1485.2222222222224,202.44444444444446,0,0,0,89.44444444444446
2605293.1111111115,944.5555555555557,1839.4444444444446,429.00000000000006,0,0,0,89.44444444444446
2605335.1111111115,959.0000000000001,1994.888888888889,429.00000000000006,0,0,0,89.43450727696924
2605335.1111111115,1125.5555555555557,1606.2222222222224,458.11111111111114,0,0,0,89.43450727696924
2605389.2222222225,1125.5555555555557,1815.6666666666667,458.11111111111114,0,0,0,89.44444444444446
2605431.2222222225,1206.2222222222224,1830.3333333333335,483.8888888888889,0,0,0,89.45438382042448
201.11111111111111,1303.4444444444446,1830.3333333333335,536.6666666666667,0,0,95.11111111111111,89.44444444444446
243.11111111111111,470.44444444444446,1994.888888888889,379.6666666666667,0,0,95.11111111111111,89.44444444444446
243.11111111111111,470.44444444444446,1650.2222222222224,418.6666666666667,0,0,95.1322516114692,0
222.11111111111111,553.2222222222223,2024.2222222222224,418.6666666666667,0,0,95.11111111111111,0
222.11111111111111,470.5555555555556,1859.2222222222224,206.55555555555557,2605259.4444444445,2605223.5555555555,910.4444444444445,0
234.22222222222223,536.7777777777778,1515,232.33333333333334,2605590.954550505,2605534.0593399266,910.5456161795754,847.4274919435492
276.22222222222223,384.6666666666667,1687.1111111111113,188.7777777777778,2605301.4444444445,2605265.5555555555,972.4444444444445,889.8888888888889
222.11111111111111,384.6666666666667,1686.6666666666667,483.00000000000006,2605322.4444444445,2605265.5555555555,11544.77777777778,11217.222222222223
222.11111111111111,401.33333333333337,1686.6666666666667,457.22222222222223,2608672.888888889,2605286.5555555555,11544.77777777778,3280250.888888889
222.11111111111111,401.33333333333337,1686.6666666666667,430.22222222222223,2608672.888888889,2608973.2222222225,3280719.888888889,3280250.888888889
222.11111111111111,401.33333333333337,657358.1111111111,1309112.5555555557,2608962.7736415155,2609263.1403489276,3281101.011223469,3280615.401711301
201.11111111111111,386.8888888888889,657358.1111111111,1309108.5555555557,2608383.0685479394,2608683.36851461,3280371.958671259,3279886.457060327
234.22222222222223,8516.222222222223,657333.6666666667,1961932.888888889,2608962.7736415155,2609263.1403489276,3281101.011223469,3280615.401711301
3975.888888888889,8516.222222222223,657554.888888889,1961887.4444444445,3413.444444444445,3749.666666666667,3279921.1111111115,3280250.888888889
3921.777777777778,3277554.666666667,657729.6666666667,1961861.6666666667,3371.444444444445,3728.666666666667,3279921.1111111115,3279490.1111111115
3879.777777777778,3277540.2222222225,657557.5555555556,1961890.777777778,3371.819091010112,3708.0786754083783,3280223.5803978215,3279811.9791087895
3879.777777777778,3277540.2222222225,657765.3333333334,1961596.5555555557,3350.444444444445,3707.666666666667,3269286.777777778,3269120.2222222225
3837.777777777778,3277442.888888889,657595.888888889,1961650.2222222222,0,3686.257082546384,3268923.5640484393,86.54593934007333
3837.777777777778,3277345.666666667,657831.6666666667,1961624.4444444445,0,0,16.8574875,88.1341125
3828.888888888889,3277463.2222222225,1762.3333333333335,652991.5555555556,0,0,0,89.58412573713959
3828.888888888889,3277465.3333333335,2111.888888888889,652956.5555555556,0,0,0,87.29269385925595
3774.777777777778,3269253.2222222225,1762.3333333333335,139.55555555555557,0,0,0,87.28291316526611
33.111111111111114,3269253.2222222225,1587.4444444444446,139.55555555555557,0,0,88.5253249663828,91.99910354101301
33.092726263187124,134.0366463076069,1746.5852304275404,221.43253747917825,0,0,88.51540616246498,4.705882352941177
33.111111111111114,134.11111111111111,1966.888888888889,192.44444444444446,0,0,88.51540616246498,4.705882352941177
33.111111111111114,134.11111111111111,1550.1111111111113,206.8888888888889,0,0,88.53524599349994,4.706937128768351
33.111111111111114,134.11111111111111,1542.5555555555557,153.22222222222223,0,0,88.5253249663828,4.70640968175706
33.111111111111114,134.11111111111111,1695.0000000000002,184.22222222222223,0,0,95.38285714285715,4.815
0,16.555555555555557,1695.0000000000002,134.7777777777778,0,0,93.86000000000001,4.738125
0,0,1665.6666666666667,134.7777777777778,0,0,92.44444444444446,4.666666666666667
0,0,1855.3333333333335,149.22222222222223,0,0,92.45471719079897,4.667185242804756
0,0,1619.7777777777778,158.44444444444446,0,0,4.666666666666667,0
0,0,1477.04280155642,76.48693718732628,0,0,4.666666666666667,0
0,0,1431.6666666666667,105.55555555555556,0,0,4.667185242804756,0
0,0,1673.7777777777778,91.11111111111111,0,0,4.666148205754917,0
0,0,1848.4444444444446,91.11111111111111,0,0,4.666666666666667,0
0,0,1695.7777777777778,91.11111111111111,0,0,0,0
0,86.55555555555556,1695.7777777777778,91.11111111111111,0,0,0,93.8888888888889
0,86.55555555555556,1550.2222222222224,131.55555555555557,0,0,0,93.8888888888889
0,86.55555555555556,1535.6666666666667,170.55555555555557,0,0,0,93.87845794911678
0,86.55555555555556,1535.6666666666667,161.33333333333334,0,0,0,93.8993221469052
0,86.55555555555556,1754.6666666666667,170.55555555555557,0,0,0,93.8888888888889
0,86.55555555555556,1973.6666666666667,160.55555555555557,0,0,0,93.87845794911678
0,91.22222222222223,1731.5555555555557,160.55555555555557,0,0,0,93.8888888888889
0,91.22222222222223,1739.2222222222224,160.55555555555557,0,0,95.11111111111111,93.8888888888889
0,91.22222222222223,1503.6666666666667,129.55555555555557,0,0,95.1216801866874,93.8993221469052
0,4.666666666666667,1739.2222222222224,129.55555555555557,0,0,95.11111111111111,0
0,4.666666666666667,1906.3333333333335,159.11111111111111,0,0,95.11111111111111,0
0,4.666666666666667,1731.2222222222224,120.11111111111111,0,0,95.11111111111111,0
0,4.666666666666667,1942.7777777777778,129.33333333333334,0,0,95.10054438395736,0
0,4.666666666666667,1532.4444444444446,120.11111111111111,0,0,95.11111111111111,0
0,4.666666666666667,1504.5555555555557,115.44444444444446,0,0,95.11111111111111,0
0,0,1898.1111111111113,115.44444444444446,0,0,96.0325,0
0,0,1548.3333333333335,115.44444444444446,0,0,0,0
0,0,1723.3333333333335,144.55555555555557,0,0,0,0
0,0,1922.4444444444446,144.55555555555557,0,0,0,0
0,0,1580.6666666666667,91.11111111111111,0,0,0,0
0,0,1755.3333333333335,124.22222222222223,0,0,0,0
0,93.8888888888889,1543.7777777777778,115.00000000000001,0,0,0,0
0,93.8888888888889,1937.5555555555557,124.22222222222223,0,0,0,0
0,93.8888888888889,1763.0000000000002,124.22222222222223,0,0,0,0
0,93.8888888888889,1369.4444444444446,124.22222222222223,0,0,0,97.8147857142857
0,93.8888888888889,1763.5555555555557,163.22222222222223,0,0,0,96.1504375
0,93.8888888888889,1588.5555555555557,134.11111111111111,0,0,0,93.8993221469052
0,93.8888888888889,1533.6666666666667,165.11111111111111,0,0,0,93.8888888888889
0,93.8888888888889,1724.888888888889,148.55555555555557,0,0,95.22222222222223,93.8888888888889
0,93.8888888888889,1550.2222222222224,93.66666666666667,0,0,95.23280364484941,93.8993221469052
0,0,1943.7777777777778,154.44444444444446,0,0,95.23280364484941,93.8993221469052
0,0,1916.1111111111113,145.22222222222223,0,0,95.22222222222223,93.8888888888889
0,0,1944.1111111111113,140,0,0,95.22222222222223,93.8888888888889
0,0,1944.1111111111113,140,0,0,95.23280364484941,0
0,0,1724.7777777777778,115.44444444444446,0,0,95.21164315076103,0
0,0,1899.5555555555557,134.55555555555557,0,0,95.21164315076103,0
0,0,1738.7777777777778,120.11111111111111,0,0,95.22222222222223,0
0,0,1913.5555555555557,120.11111111111111,0,0,0,0
0,0,1913.5555555555557,120.11111111111111,0,0,0,0
0,0,1762.5555555555557,59.333333333333336,0,0,0,0
0,0,1738.3333333333335,95.77777777777779,0,0,0,0
0,93.66666666666667,1747.2222222222224,119.66666666666667,0,0,0,0
0,93.66666666666667,1747.2222222222224,143.33333333333334,0,0,0,0
0,93.66666666666667,1747.2222222222224,128.88888888888889,0,0,0,93.79862191598131
0,93.66666666666667,1732.5555555555557,109.77777777777779,0,0,0,93.77777777777779
0,93.66666666666667,1907.6666666666667,146.66666666666669,0,0,0,93.77777777777779
0,98.33333333333334,1732.888888888889,146.66666666666669,0,0,0,93.77777777777779
0,98.33333333333334,1732.888888888889,167.8888888888889,0,0,0,98.43350738806801
0,98.33333333333334,1876.7777777777778,189.66666666666669,0,0,0,98.44444444444446
0,98.27873403664631,1534.036646307607,153.13714602998337,0,0,0,98.53427500000001
0,4.666666666666667,1481.4444444444446,134.55555555555557,0,0,0,99.95345714285715
0,4.666666666666667,1732.888888888889,151.7777777777778,0,0,97.42152466367712,99.32735426008968
0,4.666666666666667,1884.7777777777778,151.7777777777778,0,0,97.41060419235512,4.707992377536151
0,4.666666666666667,1724.6666666666667,166.22222222222223,0,0,97.42152466367712,4.708520179372197
0,4.666666666666667,1724.3333333333335,112.77777777777779,0,0,97.42152466367712,4.708520179372197
0,0,1533.1111111111113,112.77777777777779,0,0,102.13004484304932,4.708520179372197
0,0,1724.4444444444446,108.11111111111111,0,0,102.13004484304932,0
0,0,1755.0000000000002,122.77777777777779,0,0,102.11859656989127,0
0,0,1755.9755419677595,122.84602556976095,0,0,4.909800000000001,0
0,0,1754.4151949350216,108.29723425524826,0,0,4.8205052493438325,0
0,0,1884.2222222222224,81.8888888888889,0,0,4.666666666666667,0
0,0,1557.5555555555557,124.22222222222223,0,0,4.666666666666667,0
0,93.8888888888889,1724.888888888889,109.77777777777779,0,0,4.666148205754917,0
0,93.8888888888889,1550,124.22222222222223,0,0,4.666148205754917,0
0,93.8888888888889,1899.6666666666667,124.22222222222223,0,0,0,0
0,93.8888888888889,1708.3333333333335,138.66666666666669,0,0,0,0
0,93.8888888888889,1527.1111111111113,102.22222222222223,0,0,0,0
0,93.8888888888889,1527.1111111111113,102.22222222222223,0,0,0,93.87845794911678
0,93.92019562076248,1702.2340780260088,163.0543514504835,0,0,0,93.8888888888889
0,93.8888888888889,1321,148.55555555555557,0,0,0,93.87845794911678
0,93.8888888888889,1714.7777777777778,115.44444444444446,0,0,0,93.8888888888889
0,0,1739.1111111111113,129.88888888888889,0,0,0,93.8993221469052
0,0,1520.2222222222224,115.44444444444446,0,0,96.66666666666667,93.8888888888889
0,0,1564.2222222222224,120.11111111111111,0,0,96.67740860095566,93.8993221469052
0,0,1958.0000000000002,135.22222222222223,0,0,96.67740860095566,93.8993221469052
0,0,1722.2222222222224,135.22222222222223,0,0,96.66666666666667,93.8888888888889
0,0,1938.2222222222224,166.44444444444446,0,0,96.67740860095566,0
0,0,1763.6666666666667,127.44444444444446,0,0,96.66666666666667,0
0,0,1763.6666666666667,127.44444444444446,0,0,96.67740860095566,0
0,0,1763.6666666666667,118.22222222222223,0,0,96.66666666666667,0
0,93.66666666666667,1763.3333333333335,146.11111111111111,0,0,96.65592711920898,0
0,93.66666666666667,1763.3333333333335,146.11111111111111,0,0,0,0
0,93.66666666666667,1755.888888888889,155.88888888888889,0,0,0,0
0,93.66666666666667,1696.7777777777778,124.22222222222223,0,0,0,0
0,93.66666666666667,1915.7777777777778,124.22222222222223,0,0,0,0
0,98.33333333333334,1891.1111111111113,114.22222222222223,0,0,0,0
0,98.33333333333334,1716.3333333333335,92.44444444444446,0,0,0,94.58702230191639
0,98.33333333333334,2102.666666666667,145.88888888888889,0,0,0,94.56582633053222
0,98.33333333333334,1708.888888888889,145.88888888888889,0,0,0,94.57642312864188
0,4.666666666666667,1692.2222222222224,103.55555555555556,0,0,0,94.58702230191639
0,4.666666666666667,2095.1111111111113,127.22222222222223,0,0,0,94.57642312864188
0,4.666666666666667,1708.888888888889,112.77777777777779,0,0,0,94.57642312864188
0,4.666666666666667,1541.5555555555557,98.33333333333334,0,0,0,99.57994285714287
0,4.666666666666667,1541.4444444444446,112.77777777777779,0,0,0,97.68245
0,0,1722.888888888889,106.22222222222223,0,0,0,93.76735918231309
0,0,1722.888888888889,106.22222222222223,0,0,95.22222222222223,0
0,0,1573.5555555555557,91.11111111111111,0,0,95.23280364484941,0
0,0,1908.4444444444446,130.11111111111111,0,0,95.22222222222223,0
0,0,1733.7777777777778,130.11111111111111,0,0,95.22222222222223,0
0,0,1549.7777777777778,120.8888888888889,0,0,95.22222222222223,0
0,0,1549.7777777777778,130.11111111111111,0,0,95.22222222222223,0
0,93.66666666666667,1748.4444444444446,130.11111111111111,0,0,95.22222222222223,0
0,93.66666666666667,1529.5555555555557,167.8888888888889,0,0,95.22222222222223,0
0,93.66666666666667,1535.7777777777778,153.22222222222223,0,0,95.23280364484941,0
0,93.66666666666667,1710.5555555555557,153.22222222222223,0,0,0,0
0,93.66666666666667,1709.1111111111113,145.88888888888889,0,0,0,0
0,93.66666666666667,1723.7777777777778,106.8888888888889,0,0,0,0
0,93.66666666666667,1935.4444444444446,106.8888888888889,0,0,0,93.77777777777779
0,93.66666666666667,1716.5555555555557,114.22222222222223,0,0,0,93.76735918231309
0,93.66666666666667,1883.888888888889,105.00000000000001,0,0,0,93.76735918231309
0,0,1869.3333333333335,144,0,0,0,93.77777777777779
0,0,1869.3333333333335,115.44444444444446,0,0,0,93.77777777777779
0,0,1701.888888888889,115.44444444444446,0,0,0,93.77777777777779
0,0,1694.3333333333335,115.44444444444446,0,0,0,98.44444444444446
0,0,1837.5555555555557,98.8888888888889,0,0,95,98.44444444444446
0,0,1702.7777777777778,137.44444444444446,0,0,95,98.44444444444446
0,0,1491.1111111111113,137.44444444444446,0,0,95,4.666666666666667
0,0,1884.6666666666667,161.7777777777778,0,0,95.01055672852539,4.667185242804756
0,0,1717.3333333333335,161.7777777777778,0,0,93.43044833729216,4.589565883235404
0,0,1540.5555555555557,122.77777777777779,0,0,94.55078571428571,4.6446000000000005
0,0,1540.5555555555557,122.77777777777779,0,0,95.89502018842529,4.710632570659488
0,0,1731.7777777777778,122.77777777777779,0,0,95.89502018842529,4.710632570659488
0,0,1732.2222222222224,122.77777777777779,0,0,100.60565275908479,0
0,93.77777777777779,1747.1111111111113,155.88888888888889,0,0,4.710632570659488,0
0,93.77777777777779,1532.3333333333335,117.33333333333334,0,0,4.710632570659488,0
0,93.77777777777779,1707.1111111111113,117.33333333333334,0,0,4.710632570659488,0
0,93.77777777777779,1313.5555555555557,109.55555555555556,0,0,4.710632570659488,0
0,93.77777777777779,1724.2222222222224,109.55555555555556,0,0,5.005800000000001,0
0,98.44444444444446,1724.3333333333335,109.55555555555556,0,0,4.905075,0
0,98.44444444444446,2110.5555555555557,105.00000000000001,0,0,4.666666666666667,0
0,98.44444444444446,1707.7777777777778,114.22222222222223,0,0,4.666666666666667,0
0,98.44444444444446,1731.4444444444446,114.22222222222223,0,0,0,0
0,4.666666666666667,1731.3333333333335,81.11111111111111,0,0,0,93.8888888888889
0,4.666666666666667,1929.2222222222224,81.11111111111111,0,0,0,93.8888888888889
0,4.666666666666667,1754.4444444444446,127.44444444444446,0,0,0,93.8888888888889
0,4.666666666666667,1973.4444444444446,103.55555555555556,0,0,0,93.8888888888889
0,4.666666666666667,1906.888888888889,120.11111111111111,0,0,0,93.8888888888889
0,0,1732.1111111111113,120.11111111111111,0,0,95,93.8888888888889
0,0,1557.5555555555557,166.44444444444446,0,0,95,93.8888888888889
0,0,1747.7777777777778,157.22222222222223,0,0,95,93.8888888888889
0,0,1951.3333333333335,157.22222222222223,0,0,95,93.8888888888889
0,93.77777777777779,1557.7777777777778,199.55555555555557,0,0,94.98944561715366,0
0,93.77777777777779,1709.1111111111113,199.55555555555557,0,0,94.98944561715366,0
0,93.77777777777779,1709.1111111111113,153.22222222222223,0,0,95,0
0,93.77777777777779,1708.888888888889,138.7777777777778,0,0,94.98944561715366,0
0,93.77777777777779,1364.7777777777778,136.66666666666669,0,0,95,0
0,93.77777777777779,1723.5555555555557,153.22222222222223,0,0,0,0
0,93.77777777777779,1869.3333333333335,87.77777777777779,0,0,0,0
0,93.77777777777779,1679.1111111111113,109.55555555555556,0,0,0,0
0,93.77777777777779,1459,109.55555555555556,0,0,0,0
0,0,1869.2222222222224,67.22222222222223,0,0,0,0
0,0,1694.7777777777778,76.44444444444444,0,0,0,0
0,0,1694.7777777777778,76.44444444444444,0,0,0,0
0,0,1877.888888888889,105.55555555555556,0,0,0,0
0,0,2052.5555555555557,91.11111111111111,0,0,0,94.73094170403587
0,0,1693.7777777777778,113.55555555555556,0,0,0,94.73094170403587
0,0,1566,151.88888888888889,0,0,0,94.73094170403587
0,0,1733.4444444444446,130.11111111111111,0,0,0,94.74156295548828
0,0,1907.3847862298726,130.03886729594672,0,0,97.43244758380985,94.74156295548828
0,93.77777777777779,1498.2222222222224,194.8888888888889,0,0,97.42152466367712,99.43946188340806
0,93.77777777777779,1542.6666666666667,185.66666666666669,0,0,97.42152466367712,99.43946188340806
0,93.77777777777779,1542.6666666666667,194.8888888888889,0,0,104.57958177698855,5.054479211315902
0,93.77777777777779,1551.1111111111113,180.22222222222223,0,0,113.875,5.25
0,98.44444444444446,1725.7777777777778,180.22222222222223,0,0,101.22222222222223,4.666666666666667
0,98.44444444444446,1725.7777777777778,150.55555555555557,0,0,101.2334703855984,4.667185242804756
0,98.44444444444446,1890.0000000000002,126.66666666666667,0,0,101.2334703855984,4.667185242804756
0,98.44444444444446,1914.1111111111113,126.66666666666667,0,0,101.21097655816021,4.666148205754917
0,98.49916620344634,1565.202890494719,143.30183435241798,0,0,4.667185242804756,4.667185242804756
0,4.666666666666667,1783.5555555555557,85.77777777777779,0,0,4.666666666666667,0
0,4.666666666666667,1564.3333333333335,85.77777777777779,0,0,4.666666666666667,0
0,4.666666666666667,1913.6666666666667,91,0,0,4.666148205754917,0
0,4.666666666666667,1913.6666666666667,76.55555555555556,0,0,0,0
0,0,1739.1111111111113,85.77777777777779,0,0,0,0
0,0,1981.2222222222224,76.44444444444444,0,0,0,0
0,0,1586.4519711271519,91.06052193225986,0,0,0,0
0,0,1570.4444444444446,91.11111111111111,0,0,95.11111111111111,93.8888888888889
0,0,1570.4444444444446,91.11111111111111,0,0,95.10054438395736,93.87845794911678
0,0,1763.0000000000002,69.33333333333334,0,0,95.1216801866874,93.8993221469052
0,93.66666666666667,1763.0000000000002,202.22222222222223,0,0,95.11111111111111,93.8888888888889
0,93.66666666666667,1763.2222222222224,187.7777777777778,0,0,95.11111111111111,93.8888888888889
0,93.66666666666667,1571.888888888889,202.22222222222223,0,0,95.1216801866874,93.8993221469052
0,93.66666666666667,1763.2222222222224,193,0,0,95.11111111111111,93.8888888888889
0,93.66666666666667,1740.1111111111113,202.22222222222223,0,0,95.11111111111111,93.8888888888889
0,93.71873262923845,1741.0783768760418,187.65981100611447,0,0,95.11111111111111,93.8888888888889
0,93.66666666666667,1740.1111111111113,187.55555555555557,0,0,0,0
0,93.66666666666667,2082.444444444445,202,0,0,0,0
0,93.66666666666667,1906.4444444444446,202,0,0,0,0
0,0,1906.4444444444446,69.11111111111111,0,0,0,0
9404486.111111112,3238917.4444444445,1906.4444444444446,69.11111111111111,0,0,0,0
9404535.444444446,3238931.888888889,1687.4444444444446,3238112,0,0,0,0
9404556.444444446,3238931.888888889,2584,3238112,0,0,0,0
9404556.444444446,3239027.777777778,2365,3238140.888888889,0,0,0,0
9404598.444444446,3239027.777777778,2752.3333333333335,3238126.4444444445,0,0,0,0
9404619.444444446,3239056.666666667,2950.3333333333335,3238141.1111111115,0,0,0,0
9404619.444444446,3239163.888888889,2608,3238110.1111111115,0,0,0,0
9404694.555555556,3239163.888888889,2758.666666666667,3238139,0,0,0,0
9404715.555555556,3239294,2758.666666666667,3238196,0,0,96.44444444444446,0
229.44444444444446,376.5555555555556,2600.444444444445,3238196,0,0,96.44444444444446,0
201.11111111111111,443.33333333333337,2600.444444444445,213.8888888888889,0,0,96.44444444444446,0
222.11111111111111,472.22222222222223,1724.1111111111113,213.8888888888889,0,0,96.44444444444446,93.66666666666667
222.11111111111111,376.33333333333337,1898.7777777777778,175.7777777777778,0,0,96.44444444444446,93.66666666666667
222.11111111111111,457.7777777777778,1739.5555555555557,252.8888888888889,0,0,96.44444444444446,93.66666666666667
201.11111111111111,483.5555555555556,1716.4444444444446,238.22222222222223,0,0,96.43372958560158,93.65626041550938
276.22222222222223,376.33333333333337,1928.3333333333335,238.22222222222223,0,0,96.44444444444446,93.66666666666667
222.11111111111111,505.33333333333337,1541.888888888889,252.11111111111114,0,0,96.45516168463162,98.34426047338592
201.11111111111111,389.6666666666667,1891.2222222222224,211.66666666666669,0,0,0,98.32240862126429
243.11111111111111,389.6666666666667,1699.888888888889,211.66666666666669,0,0,0,98.33333333333334
243.11111111111111,404.33333333333337,1928.0000000000002,196.55555555555557,0,0,0,98.33333333333334
222.11111111111111,389.8888888888889,1891.3333333333335,196.55555555555557,0,0,0,4.665629860031103
222.11111111111111,504.33333333333337,1716.6666666666667,211.00000000000003,0,0,0,4.666666666666667
234.22222222222223,437.33333333333337,1700.1111111111113,133.88888888888889,0,0,0,4.666666666666667
255.22222222222223,382.6666666666667,1534.4444444444446,157.55555555555557,0,0,0,4.666666666666667
222.11111111111111,397.11111111111114,1657.2222222222224,226.8888888888889,0,0,0,4.666148205754915
222.11111111111111,382.6666666666667,1657.2222222222224,184.11111111111111,0,0,0,0
222.11111111111111,397.11111111111114,1542.6666666666667,167.55555555555557,0,0,0,0
201.11111111111111,397.11111111111114,1717.3333333333335,189.33333333333334,0,0,0,0
255.22222222222223,430.11111111111114,1892.0000000000002,160.22222222222223,0,0,0,0
255.22222222222223,415.6666666666667,1542.3333333333335,160.22222222222223,0,0,95.02111580351188,0
255.22222222222223,465.00000000000006,1717.0000000000002,174.8888888888889,0,0,95,0
222.11111111111111,465.00000000000006,1891.4444444444446,196.66666666666669,0,0,106.875,0
243.11111111111111,512.5555555555555,1707.5555555555557,173,0,0,103.72371428571431,0
222.11111111111111,498.11111111111114,1739.0000000000002,177.66666666666669,0,0,95.90577678070669,94.78407178911947
201.11111111111111,464.8888888888889,1950.7777777777778,252.8888888888889,0,0,95.89502018842532,94.77344100493497
243.11111111111111,464.8888888888889,1716.0000000000002,252.8888888888889,0,0,95.90577678070669,94.78407178911947
222.11111111111111,579.3333333333334,1716.2222222222224,231.11111111111111,0,0,100.6056527590848,94.77344100493497
201.11111111111111,464.8888888888889,1699.6666666666667,233.66666666666669,0,0,100.61693774537298,94.78407178911947
201.11111111111111,479.33333333333337,1699.6666666666667,250.22222222222223,0,0,4.711160964666293,94.78407178911947
243.11111111111111,315.5555555555556,1891.2222222222224,257.33333333333337,0,0,4.711160964666293,94.78407178911947
222.11111111111111,382.5555555555556,1505.2222222222224,235.55555555555557,0,0,4.5558000000000005,0
201.11111111111111,397,1717.1111111111113,261.33333333333337,0,0,4.510793963254594,0
180.11111111111111,487.44444444444446,1351,187.33333333333334,0,0,4.666148205754917,0
238.66666666666669,406.11111111111114,1542,157.55555555555557,0,0,4.667185242804756,0
255.22222222222223,430.00000000000006,1739.7777777777778,157.55555555555557,0,0,4.666666666666667,0
255.22222222222223,396.8888888888889,1899.888888888889,186.66666666666669,0,0,0,0
243.11111111111111,382.44444444444446,1513.6666666666667,167.55555555555557,0,0,0,0
243.11111111111111,396.8888888888889,1710.5555555555557,151,0,0,0,0
201.11111111111111,396.8888888888889,1535.5555555555557,145.7777777777778,0,0,0,0
243.11111111111111,413.33333333333337,1535.5555555555557,193.33333333333334,0,0,95.11111111111111,0
259.6666666666667,497.7777777777778,1709.888888888889,189.55555555555557,0,0,95.11111111111111,0
259.6666666666667,407.33333333333337,1884.5555555555557,189.55555555555557,0,0,95.11111111111111,0
238.66666666666669,503.2222222222223,1868.0000000000002,212.00000000000003,0,0,95.11111111111111,0
222.11111111111111,450.44444444444446,1670.2222222222224,221.22222222222223,0,0,95.10054438395736,0
222.11111111111111,383.5555555555556,1526.3333333333335,206.55555555555557,0,0,95.1216801866874,0
222.11111111111111,383.5555555555556,1526.3333333333335,192.11111111111111,0,0,95.11111111111111,93.8888888888889
222.11111111111111,450.33333333333337,1715.6666666666667,206.55555555555557,0,0,95.10054438395736,93.87845794911678
259.6666666666667,464.7777777777778,1873.7777777777778,242.8888888888889,0,0,95.11111111111111,93.8888888888889
217.66666666666669,528.8888888888889,1873.7777777777778,242.8888888888889,0,0,0,93.87845794911678
217.66666666666669,382.44444444444446,1715.6666666666667,220.8888888888889,0,0,0,93.8888888888889
259.6666666666667,478.11111111111114,1890.6666666666667,242.66666666666669,0,0,0,93.8993221469052
243.11111111111111,396.6666666666667,1504.4444444444446,196.55555555555557,0,0,0,98.54460615487169
201.11111111111111,396.6666666666667,1890.6666666666667,187.33333333333334,0,0,0,98.55555555555556
222.11111111111111,463.6666666666667,1928.0000000000002,215.66666666666669,0,0,0,98.54460615487169
222.11111111111111,492.5555555555556,1928.0000000000002,215.66666666666669,0,0,0,4.666148205754917
201.11111111111111,396.8888888888889,1891.6666666666667,215.8888888888889,0,0,0,4.666666666666667
217.66666666666669,463.11111111111114,1542.3333333333335,196.11111111111111,0,0,0,5.25
238.66666666666669,397,1928.888888888889,148.55555555555557,0,0,0,5.0448
243.11111111111111,397,1892.0000000000002,163,0,0,0,4.670299121538974
201.11111111111111,315.77777777777777,1542.3333333333335,194,0,0,0,4.669779853235491
201.11111111111111,301.33333333333337,1921.2222222222224,186.8888888888889,0,0,0,0
243.11111111111111,465.00000000000006,1710.0000000000002,186.8888888888889,0,0,0,0
243.11111111111111,479.33333333333337,1481.5555555555557,144.11111111111111,0,0,0,0
201.11111111111111,498.00000000000006,1884.3333333333335,173,0,0,0,0
276.22222222222223,498.00000000000006,1709.1111111111113,176.7777777777778,0,0,96.63071277660403,0
222.11111111111111,464.8888888888889,1709.1111111111113,129.22222222222223,0,0,94.33615714285715,91.51367142857144
243.11111111111111,450.44444444444446,1709.1111111111113,213.66666666666669,0,0,93.4066375,90.6119625
201.11111111111111,479.33333333333337,1692.888888888889,199.22222222222223,0,0,96.55555555555556,93.66666666666667
243.11111111111111,546.2222222222223,1884.1111111111113,178.11111111111111,0,0,96.55555555555556,93.66666666666667
243.11111111111111,546.2222222222223,1505.2222222222224,216.22222222222223,0,0,96.55555555555556,93.66666666666667
201.11111111111111,411.44444444444446,1716.4444444444446,216.22222222222223,0,0,101.22222222222223,93.66666666666667
217.66666666666669,420.8888888888889,1716.4444444444446,216.22222222222223,0,0,101.22222222222223,93.66666666666667
255.22222222222223,373.33333333333337,1525.2222222222224,216.22222222222223,0,0,101.22222222222223,93.66666666666667
222.11111111111111,413.5555555555556,1350.5555555555557,247.44444444444446,0,0,4.666666666666667,93.66666666666667
222.11111111111111,366,1739.5555555555557,247.44444444444446,0,0,4.666666666666667,0
222.11111111111111,396.8888888888889,1353,199.22222222222223,0,0,4.666666666666667,0
222.11111111111111,396.8888888888889,1549.5555555555557,199.22222222222223,0,0,4.666666666666667,0
222.11111111111111,397,1707.6666666666667,182,0,0,4.666666666666667,0
201.11111111111111,397,1707.6666666666667,160.22222222222223,0,0,4.666666666666667,0
238.66666666666669,399.11111111111114,1549.888888888889,160.22222222222223,0,0,0,0
259.6666666666667,406.33333333333337,1936.1111111111113,174.66666666666669,0,0,0,0
222.11111111111111,406.33333333333337,1724.5555555555557,167.55555555555557,0,0,0,0
222.11111111111111,496.00000000000006,2073.888888888889,158.33333333333334,0,0,95.1216801866874,0
243.11111111111111,496.00000000000006,1912.888888888889,189.33333333333334,0,0,95.11111111111111,0
201.11111111111111,464.8888888888889,1912.888888888889,206.55555555555557,0,0,95.11111111111111,0
222.11111111111111,464.8888888888889,1715.888888888889,206.55555555555557,0,0,95.11111111111111,93.8888888888889
238.66666666666669,383.44444444444446,1708.5555555555557,206.55555555555557,0,0,95.11111111111111,93.8888888888889
238.66666666666669,481.33333333333337,1920.1111111111113,229.00000000000003,0,0,95.11111111111111,93.8888888888889
238.66666666666669,495.7777777777778,1691.6666666666667,229.00000000000003,0,0,95.11111111111111,93.8888888888889
222.11111111111111,383.33333333333337,1496.6666666666667,250.22222222222223,0,0,95.11111111111111,93.8888888888889
243.11111111111111,464.6666666666667,1883.2222222222224,276,0,0,107,105.625
201.11111111111111,334.7777777777778,1708.888888888889,235.55555555555557,0,0,0,101.39844818087212
201.11111111111111,396.7777777777778,1480.888888888889,204.55555555555557,0,0,0,96.01181683899556
243.11111111111111,411.22222222222223,1692.6666666666667,196.55555555555557,0,0,0,96.02272727272725
222.11111111111111,382.33333333333337,1518.1111111111113,196.55555555555557,0,0,0,0
201.11111111111111,420.6666666666667,1541.888888888889,196.55555555555557,0,0,0,0
259.6666666666667,413.33333333333337,1565.1111111111113,143.11111111111111,0,0,0,0
243.11111111111111,396.7777777777778,1914.4444444444446,172.22222222222223,0,0,0,0
222.11111111111111,396.7777777777778,1723.2222222222224,151,0,0,0,0
222.11111111111111,427.6666666666667,1566.5555555555557,103.44444444444446,0,0,0,0
222.11111111111111,427.6666666666667,1566.2222222222224,167.55555555555557,0,0,0,0
243.11111111111111,396.6666666666667,1952.4444444444446,189.33333333333334,0,0,0,0
201.11111111111111,382.33333333333337,1740.6666666666667,143.88888888888889,0,0,0,0
238.66666666666669,420.6666666666667,1915.6666666666667,173,0,0,0,0
259.6666666666667,555.3333333333334,1741.0000000000002,182.22222222222223,0,0,0,0
222.11111111111111,464.7777777777778,1892.4444444444446,182.22222222222223,0,0,95,93.77777777777779
201.11111111111111,464.7777777777778,1543.1111111111113,167.55555555555557,0,0,95,93.77777777777779
222.11111111111111,546.2222222222223,1703.1111111111113,245.55555555555557,0,0,95,93.77777777777779
201.11111111111111,434.00000000000006,1859.3333333333335,302.33333333333337,0,0,95,93.77777777777779
222.11111111111111,481.5555555555556,1684.6666666666667,238.22222222222223,0,0,95,93.77777777777779
238.66666666666669,570.2222222222223,1489.6666666666667,216.44444444444446,0,0,99.67774197133014,93.78819868874318
276.22222222222223,488.8888888888889,1701.2222222222224,260,0,0,99.66666666666667,98.44444444444446
238.66666666666669,474.22222222222223,1875.5555555555557,230.8888888888889,0,0,99.66666666666667,98.44444444444446
222.11111111111111,315.6666666666667,1684.4444444444446,221.66666666666669,0,0,99.66666666666667,98.44444444444446
222.11111111111111,315.6666666666667,1701.0000000000002,245.33333333333334,0,0,4.666666666666667,4.666666666666667
222.11111111111111,382.5555555555556,1875.5555555555557,230.8888888888889,0,0,4.666666666666667,4.666666666666667
201.11111111111111,396.8888888888889,1715.5555555555557,138.44444444444446,0,0,4.667185242804756,4.667185242804756
201.11111111111111,396.8888888888889,1738.888888888889,125.22222222222223,0,0,4.666666666666667,4.666666666666667
222.11111111111111,396.8888888888889,1738.888888888889,125.22222222222223,0,0,4.666666666666667,4.666666666666667
201.11111111111111,396.8888888888889,1738.888888888889,167.55555555555557,0,0,0,4.666666666666667
222.11111111111111,420.5555555555556,1913.5555555555557,167.55555555555557,0,0,0,0
243.11111111111111,396.8888888888889,1564.2222222222224,167.55555555555557,0,0,0,0
201.11111111111111,396.8888888888889,1913.3333333333335,153.11111111111111,0,0,0,0
201.11111111111111,492.6666666666667,1722.1111111111113,158.33333333333334,0,0,0,0
201.11111111111111,396.8888888888889,1547.5555555555557,158.33333333333334,0,0,0,0
222.11111111111111,315.5555555555556,1913.7777777777778,167.55555555555557,0,0,0,0
280.6666666666667,464.8888888888889,1504.3333333333335,193.33333333333334,0,0,0,0
238.66666666666669,417.33333333333337,1715.888888888889,193.33333333333334,0,0,0,0
238.66666666666669,383.5555555555556,1692.0000000000002,165.44444444444446,0,0,95.79230080572962,94.44941808415398
222.11111111111111,464.7777777777778,1305.7777777777778,238.22222222222223,0,0,95.79230080572962,94.44941808415398
201.11111111111111,464.7777777777778,1708.888888888889,238.22222222222223,0,0,95.79230080572962,94.44941808415398
222.11111111111111,464.7777777777778,1534.4444444444446,252.66666666666669,0,0,95.80302182428653,94.45998880805821
243.11111111111111,464.6666666666667,1709.1111111111113,223.7777777777778,0,0,95.81374524289234,94.4705618983658
243.11111111111111,464.6666666666667,1709.1111111111113,238.22222222222223,0,0,96.15325714285713,94.80531428571427
222.11111111111111,546,1534,257.33333333333337,9378316.927823009,9378296.540518347,1458351.9899971872,3232738.780434273
163.55555555555557,396.6666666666667,1943.3333333333335,188,9405646.738526503,9405647.294143794,1462601.8446494055,3242159.4621624625
222.11111111111111,468.11111111111114,1731.7777777777778,4964,9403598.82235307,9403578.380179979,3242962.5597155867,3241472.391956449
243.11111111111111,487.33333333333337,1913.7777777777778,11357.88888888889,9405709.74552728,9405668.296477387,3243619.1799088786,3242099.0110012223
201.11111111111111,382.44444444444446,1913.7777777777778,6486386.222222223,9405709.74552728,9405710.301144572,3243619.1799088786,3242208.3564840537
222.11111111111111,411.33333333333337,3319.5555555555557,6486386.222222223,15631365.000000002,9404719.333333334,3243726,3241886.888888889
201.11111111111111,396.8888888888889,3730.5555555555557,6486722.777777778,15629628.37462504,9403674.480613263,9480895.789356736,3241556.271525386
201.11111111111111,396.8888888888889,3344.3333333333335,6486722.777777778,15629649.372291965,9403695.47828019,9480895.789356736,3241556.271525386
201.11111111111111,396.8888888888889,3518.777777777778,6487089.111111112,15633123.013668185,9405827.425269475,9483048.338704301,3242386.265140571
222.11111111111111,315.5555555555556,62395.77777777778,6604680.333333334,6226842.888888889,201.11111111111111,8019768.111111112,359.33333333333337
6228844.777777778,6297255,62397.00000000001,6604680.333333334,6226209.643372958,247.86134873902895,8018913.3429618925,455.7271414287301
6228823.777777778,6297183.555555556,62397.00000000001,6600086.888888889,6227551.3945994,226.91410156684077,6239696.744082676,452.05022780308923
6228786.222222223,6297135.222222223,121144.22222222223,6593678.555555556,6226880.444444445,247.8888888888889,6238972.444444445,452.00000000000006
6228786.222222223,6297301.888888889,121144.22222222223,177427.55555555556,6226918,1323.3333333333335,6239112.888888889,6179554
6228807.222222223,6297273,119724.44444444445,177482.22222222225,255.25058339815536,6351042.33803756,6239338.926547394,6180201.91132348
6228807.222222223,6297287.444444445,119534.33333333334,236052.44444444447,276.22222222222223,6350336.666666667,545.5555555555555,6298135
6228799.888888889,6297206.222222223,119709.00000000001,236052.44444444447,255.22222222222223,6350357.666666667,574.4444444444445,6298154.111111112
6228799.888888889,6297312.555555556,119534.55555555556,236159.55555555556,297.18920119986666,6349631.1520942105,528.9412287523608,6297344.850572158
6228802.777777778,6297327.222222223,60640.88888888889,177493.22222222225,238.66666666666669,6350357.666666667,1420.5555555555557,6298136.111111112
222.11111111111111,387.7777777777778,178056,177493.22222222225,6169023.224802756,6350995.555061674,6239949.327703078,6298794.199355484
184.55555555555557,809.2222222222223,178247.6666666667,294785.44444444444,6167711.032107543,6349659.482279746,6238480.168870125,6297365.070547716
2486939.777777778,6238605.333333334,119151.11111111112,294785.44444444444,6167669.036773691,6349659.482279746,6238525.608265747,6297447.728030218
6169714.222222223,6238453.111111112,119469.00000000001,236130.33333333334,6168337.777777778,6349247.555555556,6239078.333333334,118936.11111111112
6169672.222222223,6238453.111111112,119079.88888888889,236075.6666666667,6228265,222.11111111111111,6239453.555555556,119359.55555555556
6169693.222222223,6238521.444444445,119019.55555555556,177290.8888888889,6402145.659066757,228.31277737842228,6413541.653214464,730.052662832854
6169700.555555556,6238535.888888889,119875.66666666667,177893.6666666667,6515972.778752065,188.43177902965726,6527541.164801093,723.0386585838792
6169700.555555556,6238429.555555556,119875.66666666667,177405.77777777778,12485357.918298826,160.26860660324567,12568327.028539453,6284407.498601008
12398842.88888889,12417406.555555556,120054.88888888889,177943.44444444447,12485386.45775042,6272583.995523224,12567380.302182429,6284276.2171236705
12398853.111111112,12417406.555555556,2586.1111111111113,178563.22222222225,6271654.9910474485,6271924.350940018,6283426.3652641,6283563.675022381
12398853.111111112,12476439.88888889,2569.2222222222226,61088.444444444445,6272319.082260773,6272550.643536654,6284227.420257416,6284656.183547846
9912118.88888889,6238634.555555556,2569.2222222222226,61152.55555555556,6272319.082260773,6273752.993844433,6284181.645215445,12567357.806379408
6229344.444444445,6239040.222222223,178898.11111111112,295973.6666666667,6270953.228152623,6272348.998545373,6282832.494125545,12564545.373167729
6229443.777777778,6239040.222222223,178898.11111111112,295982.88888888893,6214013.093106535,6273335.049239033,6283157.676812892,12565584.265890779
6232821,12475907.555555556,178737.6666666667,295846.44444444444,2895.532114285714,6349028.034514286,6358268.798057144,6358380.582857143
6232779,12475948.222222224,178100.77777777778,354062.6666666667,2853.502314351794,6257149.07075572,6266078.905679617,6266086.160535692
6233306.444444445,12475948.222222224,178100.77777777778,354112.3333333334,3343.9271030114455,6229695.299477719,6238595.177241915,6238593.177019668
4119.222222222223,6296958.666666667,177975.33333333334,294621.44444444444,3314.8539051216535,1863.6818131318744,6237139.651149873,6237285.634929453
6889.333333333334,6296958.666666667,177618.44444444447,294042.7777777778,33231.13679297699,32275.141682409154,6238558.950994554,6238626.402933659
6889.333333333334,6237520.444444445,177785.8888888889,294081.7777777778,33211.11111111112,32271.55555555556,6237768.666666667,6237564.777777778
9708.77777777778,6237472.888888889,178179.6666666667,294017.6666666667,33170.56930418377,31714.460104316942,6231152.369326378,155.3656641882144
9708.77777777778,6237087.333333334,1532.888888888889,59022.11111111112,6202098.344260474,31756.75075008334,6239404.711634627,1194.5771752416936
9609.444444444445,6237087.333333334,1724.2222222222224,59038.66666666667,6198714,6198939.111111112,6238773.444444445,1135.5555555555557
182584.77777777778,137.22222222222223,2025.8888888888891,59375.11111111112,6198714,6198939.111111112,1206.3333333333335,1164.4444444444446
182863,886.8888888888889,1830.1111111111113,556.1111111111112,6198083.879568937,6198013.998444618,1224.752805243862,1164.3150761026554
6349471.555555556,886.8888888888889,2005.0000000000002,580.2222222222223,6197623.041884236,6198013.998444618,1246.528163537385,1263.6373736251528
6349471.555555556,884.7777777777778,1776.7777777777778,921.5555555555557,6198311.666666667,6198740,1246.6666666666667,1185.111111111111
6346686.777777778,884.7777777777778,2396.444444444445,880.4444444444445,12393897.789134542,6167605.043884014,6239253.194089547,1263.5262748583493
6346707.777777778,974.6666666666667,2054.222222222222,894.6666666666667,12395270.222222224,6168365.444444445,6239992.111111112,1328.4444444444446
6343883.888888889,1005.6666666666667,2087.1111111111113,1692.2222222222224,12410476.13750139,6175237.623762377,6246658.360218044,1330.0700856602514
6343904.888888889,1026,2262.222222222222,1628.1111111111113,6227785.087231914,6168417.490832314,6239799.533281475,335.03722635848425
6343946.888888889,1123.2222222222224,2262.5555555555557,60507.00000000001,6227055.555555556,222.11111111111111,6239058.666666667,335
6167573.333333334,1123.2222222222224,1786.1111111111113,60170.55555555556,6227768.529836648,297.25525058339815,6239751.972441382,445.7161906878542
6170212.555555556,335,60876.66666666667,60217.88888888889,6227093.111111112,255.22222222222223,6239060.444444445,467.44444444444446
3076.5555555555557,335,60876.88888888889,118868.66666666667,6227743.082564728,297.25525058339815,6239777.641960218,368.1520168907656
6228631.888888889,6297102.222222223,60876.88888888889,118527.33333333334,6227072.111111112,255.22222222222223,6239084.333333334,481.8888888888889
6228652.888888889,6297102.222222223,60636.333333333336,118740.88888888889,238.66666666666669,276.22222222222223,448.6666666666667,417.7777777777778
6228631.888888889,6297103.333333334,60636.333333333336,177586.55555555556,238.66666666666669,255.22222222222223,434.00000000000006,335
6228631.888888889,6297179,119531.11111111112,176789,259.6666666666667,6227574.555555556,500.6666666666667,6238320.666666667
6228652.888888889,6297169.555555556,119530.77777777778,176827.33333333334,255.19386734807247,6226840.684368405,417.9535607154761,6297280.635484947
6228610.888888889,6297072.333333334,119681.66666666667,117922.66666666667,260.47979999999995,6355819.726199999,411.86879999999996,6427718.728199999
6228631.888888889,6297171.777777778,119681.66666666667,177295.33333333334,243.04994388556733,6462167.287380373,418.7653682127043,6535203.334322647
6225773,6297193.555555556,60622.77777777778,177248,160.07154035323046,6265087.078023696,420.9702660406885,6335848.535658394
6225773,6297193.555555556,60447.66666666667,118578.33333333334,181.15780062583815,6263664.170764416,365.6683057666517,6334432.387125614
238.66666666666669,831.4444444444445,178280.8888888889,236162.44444444447,202.325061479991,6265117.482673819,396.9371786273194,6335841.046277665
6169814.111111112,6238566.111111112,178076.6666666667,235948.8888888889,6205848.200312988,6265096.355913256,1298.6809747373125,6335826.514643415
6169814.111111112,6238458.555555556,178555.22222222225,235869.22222222225,6205848.200312988,6265081.265369996,6276768.164542811,6335898.390342051
6169814.111111112,6238382.888888889,119408.66666666667,235869.22222222225,6205154.576953168,171.0070414664133,6275968.369285794,60252.151559181846
6169793.111111112,6238427.555555556,119233.88888888889,236112.22222222225,6205810.418063938,171.02615694164987,6276739.660183321,291.303375810418
6169835.111111112,6238473,119066.22222222223,239289.77777777778,6331332.767741343,174.44035545942415,12752946.400364233,282.29694125329036
6169835.111111112,6238404.555555556,775235.1111111111,179917.11111111112,6237786.912524999,4810.197824999999,13217177.370599998,11358.412649999998
6175114.444444445,12645161.88888889,775005.3333333334,2138489.3333333335,6173123.444444445,4760.333333333334,13080162.666666668,6842374.444444445
6175114.444444445,12645161.88888889,775415.2222222222,2138443.666666667,6173788.420935659,4748.638737637515,13081632.736970773,6843134.79275475
6175093.444444445,13077394,657756.5555555556,2020899.777777778,6173077,4695.444444444444,13080164.777777778,6842284.666666667
5476,6839668.555555556,657581.6666666667,2020899.777777778,4622.486390401067,4694.922786357072,13077718.14242862,6841524.497278081
5476,6839737.888888889,657496.3333333334,1962099.888888889,4623,4656.333333333334,6841323.555555556,6842222.444444445
5455,6839723.444444445,657321.4444444445,1962114.3333333335,4564.444444444444,4669.88888888889,6841340.111111112,6842239.000000001
5434,6839633.333333334,657687.3333333334,1961833.0000000002,4563.937340295523,4669.370069992224,6840510.721030997,6841381.513165205
5392,6839587.888888889,657512.4444444445,1958688.5555555557,2968.1358943044297,4627.178860885977,651383.8125902076,6836824.136782502
5371,6839574.888888889,1736.888888888889,1958743.4444444445,16.555555555555557,40.44444444444445,49.66666666666667,6831265.444444445
33.111111111111114,432781.3333333334,1736.888888888889,171.22222222222223,16.553716253749585,40.43995111654261,49.661148761248754,131.65203866237087
33.111111111111114,432781.3333333334,1524.7777777777778,224.8888888888889,16.531676467324974,33.06335293464995,33.06335293464995,131.47675579718185
33.111111111111114,129.66666666666669,1585.5555555555557,184.66666666666669,0,33.111111111111114,16.555555555555557,115.11111111111111
16.555555555555557,120.44444444444446,1585.5555555555557,199.11111111111111,0,33.111111111111114,110.11111111111111,115.11111111111111
16.555555555555557,51.111111111111114,1534.1111111111113,242.00000000000003,0,33.111111111111114,110.11111111111111,105.8888888888889
0,34.55555555555556,1752.888888888889,227.55555555555557,0,0,93.55555555555556,89.33333333333334
0,34.55555555555556,1745.6666666666667,227.55555555555557,0,0,93.56595177241915,89.34326036226247
0,34.55555555555556,1745.6666666666667,232.7777777777778,0,0,93.62837762704325,89.4028688980318
0,16.555555555555557,1745.6666666666667,177.8888888888889,0,0,93.55555555555556,0
0,0,1920.2222222222224,177.8888888888889,0,0,93.55555555555556,0
0,0,1722.4444444444446,115.00000000000001,0,0,1191.8326471570044,0
8456617.444444446,5852810.666666667,1863.888888888889,1014.6666666666667,8456747.444444446,0,51933,716364.7777777779
8456617.444444446,5852810.666666667,4861.88888888889,5852585,8457708.189798865,8457671.07456384,51845.205022780305,5860051.894654961
8456656.555555556,5852839.555555556,4869.222222222223,5852522.777777778,8456768.444444446,8456731.333333334,3582124.3333333335,5859400.777777778
8456656.555555556,5852922.444444445,4825.333333333334,5857495.888888889,8580616.121462056,8580578.466866171,3634583.825441461,5945210.526479091
8456712.222222222,5852922.444444445,4466.666666666667,6517132.777777778,8717961.7784,8717923.521085715,3692760.8020285713,6040372.556085714
8456731.777777778,5852975.222222223,4995.111111111111,6517094.444444445,8525010.528673837,8524973.11827957,5906643.25716846,5906751.904121865
8456731.777777778,5853141.888888889,4968.88888888889,6520043.333333334,8524055.773322882,8524060.70108635,5906012.991376415,5906205.062157017
8456770.88888889,5853141.888888889,4794.333333333334,6520043.333333334,8524131.481688878,8524060.701086348,5906012.991376414,5906205.062157016
8456807,5853156.333333334,10172.111111111111,17574270.88888889,8524173.81565685,8524115.242468363,5905022.84690335,5906269.683055215
189.55555555555557,487.44444444444446,5212897.888888889,17573981.333333336,202.68756998880178,8523160.694288913,5853256.886898096,5183642.665173572
245.22222222222223,487.44444444444446,5209899.888888889,11722396.555555556,181.54328592227577,181.54328592227577,5853912.420203831,12517.415164072127
225.66666666666669,494.7777777777778,15615231.666666668,12880857.111111112,786.6741321388578,790.0335946248599,4942519.260918253,2661531.2430011197
225.66666666666669,1218.4444444444446,15615406.222222224,12875884,1479.5980257922336,768.0382506580692,8120210.072566163,8119881.209100739
1627.6666666666667,1218.4444444444446,15615623.555555556,26264964.555555556,1489.3316625000002,2201.3501125000003,7988599.8621000005,7988233.215600001
1608.1111111111113,7820312.444444445,15615095.111111112,26675824.444444448,1462.3333333333335,2161.444444444445,7843784.000000001,7843440.555555556
2004.8888888888891,7820153.111111112,15615093.666666668,26672901.333333336,2080.1111111111113,2119.444444444445,7843824.444444445,7843326.777777778
2370.3333333333335,7820153.111111112,15615093.666666668,26672901.333333336,2005.2228025336149,2213.5792865873987,7844696.077341927,7844232.9147683075
2334.222222222222,7820138.666666667,15610107.777777778,15618728.666666668,1962.781913120764,2158.982335296078,7842838.795689367,7842425.841573157
2391,7820013.444444445,10407005.222222222,15618118.555555556,2036.1111111111113,2159.222222222222,7843693.000000001,7843282.777777778
2340,7820013.444444445,10407222.555555556,15618151.666666668,2036.1111111111113,13605.555555555557,7843693.000000001,7831153.555555556
2360.666666666667,7820010.333333334,1907.3333333333335,14459736.000000002,1468.7777777777778,13001.77777777778,5217069.555555556,5202741.777777778
2360.666666666667,7819203.777777778,1557.888888888889,14459736.000000002,6758.609197956011,5227234.836702956,139.5245500999778,2605629.193512553
2248825.1111111115,7819203.777777778,1732.7777777777778,411033,5223558.555555556,5226976.888888889,97.22222222222223,2606208.2222222225
5220796.555555556,57.00000000000001,1907.6666666666667,173.11111111111111,5223558.555555556,5227026.222222223,578346.4444444445,2606220.5555555555
5220399.777777778,49.66666666666667,1542,2747.444444444445,5222982.777777778,5227068.222222223,2609426,2606303.2222222225
5220088.444444445,49.66666666666667,2005.2222222222224,2747.444444444445,5223036.888888889,5226995.333333334,2609426,2606283.1111111115
5220088.444444445,49.66666666666667,4204.222222222223,9810.111111111111,5223617.2908100905,5227576.17513057,2609768.752083565,2606572.730303367
5220256.888888889,650.7777777777778,4204.222222222223,9810.111111111111,5223565.173908212,5227651.294588287,2609750.30558951,2606719.7466385155
7825459.111111112,650.7777777777778,4161.444444444444,5219714,5223005.777777778,5215603.111111111,2609574,2606430.1111111115
7825418.888888889,734.1111111111112,3970.3333333333335,5219868.333333334,5223553.061451272,5216182.686965219,2609871.096788532,2606765.196132904
7825439.888888889,734.1111111111112,5214582,5219868.333333334,5218772.25741914,250.52795376236526,2610451.2615316217,318.55062798710685
5578889.222222223,1126.3333333333335,5214189.777777778,5220765.777777778,938.7845794911675,250.4166203755138,5244629.818909009,2628277.191423175
2606917.777777778,3668291.555555556,5214408.111111111,11782326.777777778,1933.3333333333335,858.2222222222223,4666963.333333334,7851073.222222223
2608759.4444444445,3668291.555555556,5214408.111111111,11779726.666666668,1891.123208532385,816.1315409398954,7850946.450394399,7850118.320186645
2607796.956570032,7825668.999222482,5212600.466511163,20856139.620126624,1837.2222222222224,1710.0000000000002,7851818.777777778,7850992.666666667
2608086.647411686,7826538.324816707,5210589.202399466,20851340.479893353,1837.2222222222224,1710.0000000000002,7851766.000000001,7850992.666666667
2608441,7827659.888888889,5211938.111111111,20856012.88888889,1795.2222222222224,1634.888888888889,7851770.666666667,7850866.888888889
3250.666666666667,7827669.111111112,5212156.666666667,15646123.444444446,1785.8211999999999,1624.4396875,7902987.207637499,7902191.931174999
3267.2222222222226,7827569.222222223,5211982.111111111,15645924.222222224,1812.8242285714284,1649.0024999999998,8022471.8643,8021632.888157142
3246.2222222222226,7827569.222222223,1545,15645924.222222224,1782.3648193852364,1587.054072245905,7927393.201705181,7926564.168723355
1874.7777777777778,7827210.111111112,1763.7777777777778,15645069.111111112,1037.4691496522325,1587.0540722459054,5266359.8833295945,5272956.697330043
1874.7777777777778,4160044.888888889,1736.2222222222224,9083508.111111112,33.430558671752294,923.6033206192504,5266376.598608929,38.14224814897913
2605164.1111111115,4160637.3333333335,1736.2222222222224,9083611.666666668,33.434309435655784,923.7069449119264,47.45876809155167,38.1465275440368
2606084.0280093364,704.3458930754697,1645.4373680115596,246.74891630543516,33.42680874929893,0,47.44812114413909,21.424565339315755
2605794.3987552784,704.2676150255611,1645.254501000222,390.86463658590793,33.430558671752294,0,451923.71550370194,21.42696881310298
2605243.666666667,786.8888888888889,1826.4444444444446,352,3285200.448681996,0,451868.3118339876,0
2605264.666666667,777.6666666666667,1790.7777777777778,3301.5555555555557,3405272.024228571,2726214.092828571,681295.9238571428,766.461257142857
2605269.1111111115,799.2222222222223,1790.7777777777778,652337.3333333334,3345747.0029749996,2678546.1971124997,669378.0583749999,753.0536
2605269.1111111115,898.5555555555557,2316.888888888889,652337.3333333334,3254182.4444444445,2605283.2222222225,651174.5555555556,846.1111111111112
2605327.666666667,865.4444444444445,2447.3333333333335,652312,3254565.0627847537,2605572.7303033667,651250.0277808645,860.6511834648294
2605348.666666667,1004.2222222222223,2081.666666666667,652527.3333333334,3254203.4444444445,2605320.777777778,651161.1111111111,931.7777777777778
238.66666666666669,411.7777777777778,2424.1111111111113,652423.7777777779,3253900.455504944,2605031.3298522388,661695.0338851239,931.6742584157317
208.44444444444446,456.22222222222223,658055.5555555556,655378.5555555556,3257647.2222222225,2608887.2222222225,3930863.4444444445,2628048.4444444445
208.44444444444446,456.22222222222223,658230.3333333334,1960427.2222222222,3257647.2222222225,2608887.2222222225,3483305.1111111115,3280706.555555556
1277.2222222222224,2625897.777777778,657857.7777777779,1960427.2222222222,3507.16746305145,2609177.13079231,3483692.188020891,3281140.6822980326
1239.6666666666667,3277606.888888889,657719.1111111111,2610220.888888889,3506.777777777778,3667.0000000000005,3279863.4444444445,3280043.666666667
4241,3277568.777777778,658084.6666666667,1961185.1111111112,3464.777777777778,3646.0000000000005,3279863.4444444445,3280060.2222222225
4241,3277469.4444444445,657595.4444444445,1961257.888888889,3480.946561493168,3636.707032551939,3279461.94867237,3279582.1575380517
4182.444444444444,3277469.4444444445,657246.2222222222,1961226.4444444445,3459.9488945672706,3636.707032551939,3279433.062993001,3279593.4896122655
4161.444444444444,3277330.666666667,657420.7777777779,1961050.1111111112,3476.5026108210204,3599.1556493722924,3279458.8379068994,3279540.2733029667
4157,3277380.3333333335,657464.3333333334,1961116.1111111112,3418.7131903544837,3599.955550616735,3269579.064340482,3280269.141015668
4136,3277283.1111111115,1531.1111111111113,1958161.3333333335,33.11479053228136,33.11479053228136,120.90232248027557,652860.5400600065
4136,3277283.1111111115,1547.4444444444446,652975.888888889,33.111111111111114,33.111111111111114,120.8888888888889,129.88888888888889
3038.888888888889,651758.7777777779,1940.7777777777778,652975.888888889,33.10743250749917,33.10743250749917,138.87345850461062,60.32663037440285
3038.888888888889,49.66666666666667,1722.0000000000002,214.22222222222223,33.111111111111114,33.111111111111114,122.33333333333334,65
16.546363131593562,49.63908939478068,1553.3592448639647,230.6496390893948,33.111111111111114,33.111111111111114,122.33333333333334,48.44444444444445
16.555555555555557,49.66666666666667,1754.1111111111113,196.33333333333334,16.55739526614068,0,43.782642515835086,48.44982775863984
16.555555555555557,49.66666666666667,1754.1111111111113,196.33333333333334,16.55739526614068,0,48.44982775863984,22.66918546505167
16.555555555555557,49.66666666666667,1921.888888888889,157.33333333333334,0,0,22.666666666666668,4.666666666666667
0,69.33333333333334,1535.888888888889,120.44444444444446,0,0,22.666666666666668,4.666666666666667
0,103.8888888888889,1754.6666666666667,153.55555555555557,0,0,22.666666666666668,4.666666666666667
0,103.8888888888889,1563.5555555555557,146.22222222222223,0,0,22.595550000000003,4.652025000000001
0,103.8888888888889,1528.888888888889,169.8888888888889,0,0,4.717231033004715,4.717231033004715
0,103.8888888888889,1914.7777777777778,140.7777777777778,0,0,4.704828049736753,0
0,103.94663702056697,1717.954419121734,124.2912729294052,0,0,4.705355142280977,0
0,103.8888888888889,1699.1111111111113,100.33333333333334,0,0,4.705355142280977,0
0,103.8888888888889,1882.7777777777778,100.33333333333334,0,0,0,88.49557522123894
0,103.8888888888889,1540.4444444444446,163.22222222222223,0,0,0,88.50548958099934
0,34.55555555555556,1759.1111111111113,134.11111111111111,0,0,0,88.49557522123894
0,0,1714.888888888889,122.77777777777779,0,0,0,88.49557522123894
0,0,2080.5555555555557,161.7777777777778,0,0,94.20337142857142,92.6782857142857
2605225.1111111115,772.6666666666667,1721.888888888889,138.11111111111111,0,0,92.47638220402548,90.97925521940242
2605225.1111111115,787.1111111111112,1660.4444444444446,447.6666666666667,0,0,89.22222222222223,87.77777777777779
2605246.1111111115,787.1111111111112,2010.2222222222224,447.6666666666667,0,0,89.21230974336186,87.76802577491391
2605288.1111111115,884.3333333333334,1616.7777777777778,462.11111111111114,0,0,89.21230974336186,87.76802577491391
2605288.1111111115,898.7777777777778,1644.4444444444446,462.11111111111114,0,0,89.22222222222223,0
2605330.1111111115,898.7777777777778,2034.7777777777778,430.44444444444446,0,0,89.23213690410044,0
2605367.666666667,998.1111111111112,1816.1111111111113,466.6666666666667,0,0,89.22222222222223,0
2605367.666666667,1034.3333333333335,1852.888888888889,444.8888888888889,0,0,89.23213690410044,0
2605409.666666667,1034.3333333333335,1836.5555555555557,405.8888888888889,0,0,0,0
184.55555555555557,344.33333333333337,2048,449.44444444444446,0,0,0,0
243.11111111111111,472.00000000000006,1723.5555555555557,139.88888888888889,2605230.1111111115,0,853.8888888888889,0
222.11111111111111,495.6666666666667,1739.4444444444446,174.8888888888889,2605251.1111111115,0,853.8888888888889,403.33333333333337
217.66666666666669,495.8888888888889,2056.444444444445,146,2605251.1111111115,2605281.2222222225,899.3333333333334,953.3333333333334
259.6666666666667,481.44444444444446,1845.1111111111113,469.33333333333337,2605293.1111111115,2605302.2222222225,899.3333333333334,953.3333333333334
217.66666666666669,510.33333333333337,1804.1111111111113,569,2605024.6639262307,2605033.7740251087,1012.7763581824242,2488.279080102211
222.11111111111111,411.00000000000006,1804.1111111111113,3796.0000000000005,2605314.1111111115,2605323.2222222225,1046.4444444444446,2488.5555555555557
222.11111111111111,457.5555555555556,657522.1111111111,3796.0000000000005,2605099.76669259,2608414.1762026446,1046.3281857571383,3281985.557160316
201.11111111111111,457.5555555555556,657349,656580.3333333334,2605389.2222222225,2608737.1111111115,2629741,3282354.888888889
3141.1111111111113,2795.444444444445,657490.5555555556,1309267.3333333335,2608860.777777778,2608737.1111111115,3282458.555555556,3282397.2222222225
4502.555555555556,3277564.3333333335,657703.888888889,1962052.6666666667,3630.666666666667,2608737.1111111115,3281604.666666667,3282397.2222222225
4502.555555555556,3277540.666666667,657338.2222222222,1962017.6666666667,3609.666666666667,2608737.1111111115,3281674.1111111115,3282010.4444444445
4465,3277476.3333333335,657214.2222222222,1962111.5555555557,3609.666666666667,3455.888888888889,3281628.666666667,3281460.4444444445
4423,3277476.3333333335,657214.2222222222,1961815.888888889,3567.666666666667,3434.888888888889,3281645.2222222225,3281460.4444444445
4439.555555555556,3277456.666666667,657262,1961685.0000000002,3579.777777777778,3413.888888888889,3281531.666666667,3279925.2222222225
4397.555555555556,3277464,657438.4444444445,1958445.4444444445,3579.777777777778,3413.888888888889,3281523.888888889,3279925.2222222225
4397.555555555556,3277381.2222222225,1509.1111111111113,1958445.4444444445,3464.8887,32.7353,3244278.5927500003,62.8342
4376.555555555556,3277381.2222222225,1771.5555555555557,1305692.3333333335,3509.2728,0,653687.3376,58.96628571428572
1436.5555555555557,3274960.666666667,1814.7777777777778,652983.5555555556,33.40807174887892,0,130.94170403587444,16.70403587443946
16.555555555555557,49.66666666666667,1778.2222222222224,198.22222222222223,33.40807174887892,0,130.94170403587444,16.70403587443946
16.555555555555557,49.66666666666667,1778.2222222222224,214.7777777777778,33.40807174887892,0,60.874439461883405,0
16.555555555555557,16.555555555555557,1754.6666666666667,120.8888888888889,33.40807174887892,0,60.874439461883405,0
16.555555555555557,16.555555555555557,2168.3333333333335,157.33333333333334,33.40807174887892,0,44.17040358744394,0
0,95.22222222222223,1947.6666666666667,157.33333333333334,0,0,44.165452303553415,0
0,87.8888888888889,1771.2222222222224,133.66666666666669,0,0,18.161434977578473,90.13452914798205
0,87.8888888888889,1984.888888888889,187.11111111111111,0,0,0,95.22675944252862
0,87.8888888888889,1908.3333333333335,155.88888888888889,0,0,0,93.37355643044621
0,87.8888888888889,1512.1111111111113,150.66666666666669,0,0,0,89.33333333333334
0,87.8888888888889,1555.888888888889,172.44444444444446,0,0,0,89.32340851016555
0,87.8888888888889,1908.5555555555557,155.88888888888889,0,0,0,89.33333333333334
0,87.8888888888889,1739.1111111111113,155.88888888888889,0,0,0,89.32340851016555
0,87.8888888888889,1539,115.44444444444446,0,0,0,89.32340851016555
0,0,1725.2222222222224,115.44444444444446,0,0,0,89.34326036226247
0,0,1725.2222222222224,115.44444444444446,0,0,0,0
0,0,1732.2222222222224,76.44444444444444,0,0,89.33333333333334,0
0,0,1693.6666666666667,76.44444444444444,0,0,89.34326036226247,0
0,0,1946.7777777777778,59.88888888888889,0,0,89.32340851016555,0
0,0,1726.2222222222224,130.11111111111111,0,0,89.32340851016555,0
0,0,1549.888888888889,130.11111111111111,0,0,89.33333333333334,0
0,0,1726.2222222222224,144.55555555555557,0,0,94,0
0,95.16935036091061,1908.6063298167687,153.9144919489173,0,0,94,0
0,95.22222222222223,1547,154,0,0,94,0
0,95.22222222222223,1916.4444444444446,163.22222222222223,0,0,94.01044560506722,0
0,95.22222222222223,1695.7777777777778,163.22222222222223,0,0,4.667185242804756,0
0,95.22222222222223,1592.888888888889,163.22222222222223,0,0,4.666666666666667,95.22222222222223
0,95.22222222222223,1729.5555555555557,163.22222222222223,0,0,4.667185242804756,95.23280364484941
0,99.8888888888889,1922.888888888889,129.33333333333334,0,0,4.667185242804756,95.23280364484943
0,99.8888888888889,1746.5555555555557,129.33333333333334,0,0,4.666666666666667,95.22222222222223
0,99.8888888888889,1746.6666666666667,131.44444444444446,0,0,0,95.23280364484941
0,4.6692607003891045,1732.8515842134516,98.38799332962755,0,0,0,95.23280364484941
0,4.666666666666667,1731.888888888889,120.11111111111111,0,0,0,93.28445
0,4.666666666666667,1768.6666666666667,115.55555555555556,0,0,0,94.36794285714286
0,4.666666666666667,1937.7777777777778,124.77777777777779,0,0,0,100.64935064935065
0,4.666666666666667,1717.1111111111113,124.77777777777779,0,0,0,4.702720859926101
0,4.666666666666667,1747.6666666666667,124.77777777777779,0,0,0,4.702194357366771
0,0,1554.3333333333335,95.77777777777779,0,0,0,4.703247480403135
0,0,1730.7777777777778,151.33333333333334,0,0,95.8459299070653,4.702720859926101
0,0,1970.1111111111113,134.7777777777778,0,0,95.8459299070653,4.702720859926101
0,0,1587.888888888889,156.55555555555557,0,0,95.83519928347515,4.702194357366771
0,0,1764.6666666666667,167.8888888888889,0,0,102.24459004347561,0
0,95.22222222222223,1358.4444444444446,177.66666666666669,0,0,100.16385173146644,0
0,95.22222222222223,1578.888888888889,154,0,0,95.12168018668741,0
0,95.22222222222223,1764.5555555555557,163.22222222222223,0,0,95.10054438395733,0
0,95.22222222222223,1734.0000000000002,163.22222222222223,0,0,95.12168018668741,0
0,95.16935036091061,1909.3836757357026,134.0366463076069,0,0,95.10054438395733,0
0,95.22222222222223,1734.0000000000002,93,0,0,0,95.22222222222223
0,95.22222222222223,1715.3333333333335,146.44444444444446,0,0,0,95.21164315076102
0,95.22222222222223,1715.3333333333335,124.66666666666667,0,0,0,95.23280364484943
0,95.22222222222223,1893.6666666666667,108.11111111111111,0,0,0,95.22222222222223
0,0,1893.6666666666667,93.66666666666667,0,0,0,95.22222222222223
0,0,1717.7777777777778,93.66666666666667,0,0,0,95.22222222222223
0,0,1901.7777777777778,106.22222222222223,0,0,0,95.22222222222223
0,0,1512,106.22222222222223,0,0,0,95.21164315076102
0,0,1557.0872707059475,129.9610894941634,0,0,0,95.22222222222223
0,0,1925.0000000000002,130.11111111111111,0,0,95.22222222222223,0
0,0,1527.888888888889,91.11111111111111,0,0,95.23280364484943,0
0,0,1748.7777777777778,91.11111111111111,0,0,95.22222222222223,0
0,0,1741.4444444444446,122.77777777777779,0,0,95.21164315076102,0
0,0,1741.4444444444446,122.77777777777779,0,0,95.21164315076102,0
0,0,1748.4444444444446,144.55555555555557,0,0,95.22222222222223,0
0,95.22222222222223,1731.4444444444446,155.88888888888889,0,0,99.8888888888889,0
0,95.22222222222223,1731.4444444444446,155.88888888888889,0,0,99.89998888765419,0
0,95.22222222222223,1747.888888888889,155.88888888888889,0,0,99.89998888765419,0
0,95.22222222222223,1732.6666666666667,141.22222222222223,0,0,4.666666666666667,0
0,95.17992003553977,1731.896934695691,126.72145713016438,0,0,4.535474999999999,0
0,99.8888888888889,1909.2222222222224,145.88888888888889,0,0,4.5834,0
0,99.8888888888889,1737.888888888889,97.66666666666667,0,0,4.638321369409166,0
0,99.8888888888889,1737.888888888889,114.22222222222223,0,0,4.638321369409166,0
0,99.8888888888889,1754.7777777777778,153.22222222222223,0,0,4.637809187279151,94.63339222614839
0,4.666666666666667,1755.0000000000002,120.11111111111111,0,0,0,94.64384318056322
0,4.666666666666667,1976.0000000000002,120.11111111111111,0,0,0,94.63339222614839
0,4.666666666666667,1932.1111111111113,110.8888888888889,0,0,0,94.63339222614839
0,4.666666666666667,1578.5555555555557,120.11111111111111,0,0,0,94.63339222614839
0,4.668741662961317,1755.7803468208094,139.28412627834592,0,0,0,106.65992857142857
0,0,1357.5555555555557,120.11111111111111,0,0,0,104.57730731966498
0,0,1601.4444444444446,134.7777777777778,0,0,95.11111111111111,99.8888888888889
0,0,1998.888888888889,118.22222222222223,0,0,95.10054438395736,99.87779135651596
0,0,1761.3333333333335,127.44444444444446,0,0,95.11111111111111,4.666666666666667
0,0,1601.7777777777778,127.44444444444446,0,0,95.11111111111111,4.666666666666667
0,0,1380.7777777777778,149.22222222222223,0,0,95.11111111111111,4.666666666666667
0,0,1584.888888888889,134.7777777777778,0,0,95.11111111111111,4.666666666666667
0,95.11111111111111,1954.1111111111113,158.66666666666669,0,0,95.11111111111111,4.666666666666667
0,95.11111111111111,1777.6666666666667,139.55555555555557,0,0,95.11111111111111,0
0,95.11111111111111,1998.3333333333335,163.22222222222223,0,0,95.10054438395736,0
0,95.11111111111111,1754.4444444444446,148.55555555555557,0,0,0,0
0,95.11111111111111,1746.7777777777778,148.55555555555557,0,0,0,0
0,99.77777777777779,1746.7777777777778,97.66666666666667,0,0,0,0
0,99.77777777777779,1746.4444444444446,97.66666666666667,0,0,0,95.33333333333334
0,99.77777777777779,2136.222222222222,131.44444444444446,0,0,0,95.33333333333334
0,99.77777777777779,1738.888888888889,153.22222222222223,0,0,0,95.33333333333334
0,4.666666666666667,1539.1111111111113,120.11111111111111,0,0,0,95.33333333333334
0,4.666666666666667,1715.4444444444446,120.11111111111111,0,0,0,95.33333333333334
0,4.666666666666667,1494.7777777777778,134.7777777777778,0,0,0,95.33333333333334
0,4.666666666666667,1747.6666666666667,134.7777777777778,0,0,0,95.33333333333334
0,4.666666666666667,1755.3333333333335,134.7777777777778,0,0,0,95.33333333333334
0,0,1755.3333333333335,130.11111111111111,0,0,0,95.33333333333334
0,0,1738.7777777777778,130.11111111111111,0,0,95,0
0,0,1349,74.55555555555556,0,0,95,0
0,0,1755.3333333333335,130.11111111111111,0,0,92.9278125,0
0,0,1939.1111111111113,130.11111111111111,0,0,93.98892857142859,0
0,0,1983.888888888889,130.11111111111111,0,0,94.20449537241075,0
0,0,1983.888888888889,91.77777777777779,0,0,94.20449537241075,0
0,0,1915.0471960022212,115.38034425319269,0,0,94.19411699900849,0
0,95.22222222222223,1518.6666666666667,115.44444444444446,0,0,98.83208461877477,0
0,95.22222222222223,1732.3333333333335,148.55555555555557,0,0,98.83208461877477,0
0,95.16935036091061,1723.931149361466,148.4730705163798,0,0,4.627079431530242,0
0,95.22222222222223,2121.777777777778,148.55555555555557,0,0,4.627589246364036,0
0,95.22222222222223,1715.4444444444446,102.22222222222223,0,0,4.937399999999999,0
0,95.22222222222223,1547.7777777777778,102.22222222222223,0,0,4.845225,0
0,95.22222222222223,1679.3333333333335,102.22222222222223,0,0,4.666666666666667,95.11111111111111
0,95.22222222222223,1915.7777777777778,155.66666666666669,0,0,4.666666666666667,95.11111111111111
0,95.27515286270149,1555.0861589772094,146.7481934408004,0,0,4.667185242804756,95.1216801866874
0,0,1967.6666666666667,146.66666666666669,0,0,0,95.11111111111111
0,0,1930.6666666666667,122.77777777777779,0,0,0,95.10054438395736
0,0,1762.6459143968868,122.84602556976095,0,0,0,99.78886542949216
0,0,1761.888888888889,141.88888888888889,0,0,0,99.77777777777779
0,0,1760.9106052193229,110.8273181565797,0,0,0,99.77777777777779
0,0,1753.1111111111113,127.44444444444446,0,0,0,99.76669258971226
0,0,1769.888888888889,127.44444444444446,0,0,0,4.666666666666667
0,0,1533.4444444444446,95.77777777777779,0,0,95.10054438395736,4.666148205754917
0,0,1754.1111111111113,81.11111111111111,0,0,95.11111111111111,4.666666666666667
0,0,1340.6666666666667,120.11111111111111,0,0,95.10054438395736,4.666148205754917
0,0,1577.4444444444446,120.11111111111111,0,0,95.1216801866874,4.667185242804756
0,0,1901.0000000000002,120.11111111111111,0,0,95.10054438395736,0
0,95.11111111111111,1503.888888888889,101,0,0,95.11111111111111,0
0,95.1639799888827,1887.3818788215672,148.63813229571983,0,0,95.11111111111111,0
0,95.11111111111111,1709.5555555555557,132,0,0,95.1216801866874,0
0,95.11111111111111,1533.1111111111113,132,0,0,95.10054438395736,0
0,95.11111111111111,1930.888888888889,148.55555555555557,0,0,0,0
0,95.11111111111111,1879.3333333333335,148.55555555555557,0,0,0,0
0,95.11111111111111,2099.888888888889,114.22222222222223,0,0,0,95.23280364484941
0,99.77777777777779,1686.4444444444446,90.55555555555556,0,0,0,95.22222222222223
0,99.77777777777779,1556.2222222222224,114.22222222222223,0,0,0,95.23280364484941
0,4.666666666666667,1556.2222222222224,114.22222222222223,0,0,0,93.95933750000002
0,4.666666666666667,1587.1111111111113,134.7777777777778,0,0,0,95.13924285714285
0,4.666666666666667,1756.5555555555557,134.7777777777778,0,0,0,94.49773955232111
0,4.666666666666667,1916.7777777777778,149.22222222222223,0,0,0,94.50816056462286
0,4.664075513603554,1755.2470849528042,110.8273181565797,0,0,0,94.49773955232111
0,4.666666666666667,1587.1111111111113,127.44444444444446,0,0,0,94.50816056462286
0,4.666666666666667,1763.6666666666667,122.77777777777779,0,0,0,0
0,0,1940.0000000000002,144.55555555555557,0,0,0,0
0,0,1746.6666666666667,120.8888888888889,0,0,0,0
0,0,2116.3333333333335,130.11111111111111,0,0,0,0
0,0,1703.0000000000002,115.44444444444446,0,0,97.90907066508314,0
0,0,1746.888888888889,115.44444444444446,0,0,95,0
0,87.8888888888889,1746.5555555555557,101,0,0,95.01055672852539,0
0,95.27515286270149,1510.1723179544188,148.63813229571983,0,0,95,0
0,95.22222222222223,1730.0000000000002,148.55555555555557,0,0,99.65559382290857,0
0,95.22222222222223,1332.888888888889,148.55555555555557,0,0,99.66666666666667,0
0,95.22222222222223,1570.2222222222224,148.55555555555557,0,0,99.66666666666667,0
0,95.22222222222223,1916.0000000000002,148.55555555555557,0,0,99.65559382290857,0
0,95.22222222222223,1546.3333333333335,139.33333333333334,0,0,99.67774197133014,0
0,95.22222222222223,1783.4444444444446,85.8888888888889,0,0,4.666148205754917,0
0,95.22222222222223,1570.1111111111113,109.55555555555556,0,0,4.666666666666667,0
0,7.333333333333334,1563.1111111111113,109.55555555555556,0,0,4.666148205754917,0
0,0,1983.4444444444446,91.11111111111111,0,0,4.667185242804756,95.1216801866874
0,0,1939.4444444444446,74.55555555555556,0,0,0,95.1216801866874
0,0,1939.4444444444446,113.55555555555556,0,0,0,95.10054438395736
0,0,1764.4444444444446,130.11111111111111,0,0,0,95.1216801866874
0,0,1418.6666666666667,130.11111111111111,0,0,0,99.78886542949216
0,0,1771.5555555555557,130.11111111111111,0,0,0,99.76669258971226
0,0,1931.3333333333335,149.22222222222223,0,0,0,99.78886542949216
0,0,1931.3333333333335,134.7777777777778,0,0,96.67740860095566,99.78886542949216
0,0,1763.7777777777778,134.7777777777778,0,0,96.66666666666667,99.77777777777779
0,95.22222222222223,1564.1111111111113,120.11111111111111,0,0,96.66666666666667,4.666666666666667
0,95.22222222222223,1387.4444444444446,184.8888888888889,0,0,96.65592711920898,4.666148205754917
0,95.22222222222223,1740.6666666666667,145.88888888888889,0,0,96.67740860095566,4.667185242804756
0,95.22222222222223,1502,122.00000000000001,0,0,96.124125,4.640475
0,95.22222222222223,1915.6666666666667,138.55555555555557,0,0,97.42757142857143,0
0,95.22222222222223,1739.5555555555557,138.55555555555557,0,0,95.72010122125646,0
0,95.22222222222223,1739.6666666666667,141.22222222222223,0,0,95.69904300956992,0
0,95.22222222222223,1739.6666666666667,132,0,0,0,0
0,95.22222222222223,1737.6666666666667,132,0,0,0,0
0,0,1517,155.88888888888889,0,0,0,0
0,0,1953.888888888889,91.11111111111111,0,0,0,0
0,0,1954.2222222222224,137.22222222222223,0,0,0,94.26905730942691
0,0,1954.2222222222224,122.77777777777779,0,0,0,98.79886036688636
0,0,1761.2222222222224,106.22222222222223,0,0,0,97.17308750000001
0,0,1954.1111111111113,106.22222222222223,0,0,0,95.21164315076103
0,0,1557.1111111111113,122.77777777777779,0,0,0,95.23280364484941
0,0,1777.7777777777778,122.77777777777779,0,0,0,95.22222222222223
0,0,1777.7777777777778,137.22222222222223,0,0,0,95.22222222222223
0,0,2177,98.8888888888889,0,0,0,95.22222222222223
0,0,1740.1111111111113,108.11111111111111,0,0,0,95.22222222222223
0,0,1541,62.00000000000001,0,0,95,0
0,0,1541,76.44444444444444,0,0,95,0
0,0,1717.4444444444446,148.55555555555557,0,0,95,0
0,95.11111111111111,1524.2222222222224,148.55555555555557,0,0,95,0
0,95.11111111111111,1524.2222222222224,141.22222222222223,0,0,95,0
0,95.11111111111111,1717.5555555555557,141.22222222222223,0,0,94.98944561715366,0
0,95.11111111111111,1718.0000000000002,126.77777777777779,0,0,99.66666666666667,0
0,95.11111111111111,1539.3333333333335,148.55555555555557,0,0,99.66666666666667,0
0,95.11111111111111,1901.6666666666667,148.55555555555557,0,0,99.65559382290857,95.21164315076103
0,95.11111111111111,1939.888888888889,148.55555555555557,0,0,4.666666666666667,95.22222222222223
0,95.11111111111111,2160.5555555555557,163.22222222222223,0,0,4.667185242804756,95.23280364484941
0,95.11111111111111,1939.888888888889,122.77777777777779,0,0,4.666148205754917,95.21164315076103
0,0,1763.4444444444446,122.77777777777779,0,0,4.666666666666667,95.22222222222223
0,0,2153.222222222222,106.22222222222223,0,0,4.666148205754917,95.21164315076103
0,0,1932.2222222222224,106.22222222222223,0,0,4.666666666666667,99.8888888888889
0,0,1755.4444444444446,122.77777777777779,0,0,0,99.8888888888889
0,0,1924.5555555555557,122.77777777777779,0,0,0,99.89998888765417
0,0,1562.2222222222224,113.55555555555556,0,0,0,4.688278222277786
0,0,1739.4444444444446,113.55555555555556,0,0,0,4.7580368624089155
0,0,1518.7777777777778,108.11111111111111,0,0,0,4.674457429048414
0,95.33333333333334,1563.2222222222224,76.44444444444444,0,0,95.28049866429207,4.674977738201246
0,95.33333333333334,1717.888888888889,109.55555555555556,0,0,95.26989426822483,4.674457429048414
0,95.33333333333334,1328.1111111111113,148.55555555555557,0,0,95.29110542135143,4.67549816319715
0,95.33333333333334,1532.3333333333335,148.55555555555557,0,0,95.28049866429207,0
0,95.33333333333334,1725.5555555555557,148.55555555555557,0,0,95.29110542135143,0
0,95.33333333333334,1335.888888888889,148.55555555555557,0,0,95.26989426822483,0
9404448.666666668,3238792.4444444445,1732.7777777777778,148.55555555555557,0,0,98.8934827424326,0
9404448.666666668,3238792.4444444445,1716.2222222222224,634.5555555555555,0,0,97.2202,0
9404487.777777778,3238821.3333333335,3729.5555555555557,3238181.666666667,0,0,95.11111111111111,0
9404507.333333334,3238808.777777778,3508.666666666667,3238205.3333333335,0,0,0,0
9404507.333333334,3238856.3333333335,3553.666666666667,3238186.888888889,0,0,0,0
9404546.444444446,3238856.3333333335,3943.444444444445,3238173.666666667,0,0,0,0
9404582.555555556,3238977.4444444445,3722.666666666667,3238173.666666667,0,0,0,96.56628514279363
9404582.555555556,3238977.4444444445,3529.444444444445,3238210.555555556,0,0,0,96.5448283524053
9404621.666666668,3239006.3333333335,3936.0000000000005,3238188.777777778,0,0,0,96.52338109519049
192.55555555555557,401.11111111111114,3539.1111111111113,3238234.2222222225,0,0,0,96.5448283524053
228.66666666666669,401.11111111111114,3362.2222222222226,3237770,0,0,0,96.55555555555556
189.55555555555557,401.11111111111114,1739.3333333333335,199.22222222222223,0,0,0,96.55555555555556
225.66666666666669,424.8888888888889,1932.3333333333335,175.55555555555557,0,0,0,96.55555555555556
225.66666666666669,461.22222222222223,1732.6666666666667,199.22222222222223,0,0,0,96.5448283524053
225.66666666666669,492.22222222222223,1556.2222222222224,159,0,0,0,96.55555555555556
209.11111111111111,371.11111111111114,1379.7777777777778,221.00000000000003,0,0,95,0
248.22222222222223,486.44444444444446,1733.0000000000002,167.55555555555557,0,0,95,0
209.11111111111111,472.00000000000006,1326.4444444444446,221.00000000000003,0,0,95.04224099599823,0
225.66666666666669,479.5555555555556,1733.1111111111113,206.55555555555557,0,0,95,0
189.55555555555557,479.5555555555556,1909.5555555555557,184.7777777777778,0,0,95,0
245.22222222222223,496.11111111111114,1732.7777777777778,206.55555555555557,0,0,95,0
189.55555555555557,472.22222222222223,1539.7777777777778,206.55555555555557,0,0,95,0
228.66666666666669,402.7777777777778,1892.4444444444446,182.66666666666669,0,0,95.01055672852539,0
189.55555555555557,371.7777777777778,1909.3333333333335,206.33333333333334,0,0,95,0
209.11111111111111,469.00000000000006,1909.3333333333335,199.22222222222223,0,0,0,0
170,425.11111111111114,1932.2222222222224,199.22222222222223,0,0,0,0
225.66666666666669,425.11111111111114,1932.2222222222224,160.22222222222223,0,0,0,0
209.11111111111111,325.6666666666667,1739.2222222222224,151,0,0,0,0
209.11111111111111,423.00000000000006,1755.6666666666667,151,0,0,0,0
192.55555555555557,401.22222222222223,1542,167.55555555555557,0,0,0,96.16247755834829
245.22222222222223,318.5555555555556,1755.2222222222224,167.55555555555557,0,0,0,96.15168854482218
206.11111111111111,425.22222222222223,1756.0000000000002,206.55555555555557,0,0,0,96.14090195198564
245.22222222222223,425.22222222222223,1525.7777777777778,212.00000000000003,0,0,0,96.15168854482218
206.11111111111111,494.7777777777778,1755.5555555555557,180.7777777777778,0,0,0,96.14090195198564
245.22222222222223,437.7777777777778,1732.3333333333335,180.7777777777778,0,0,99.94411428571428,100.06087142857142
209.11111111111111,423.33333333333337,1732.3333333333335,245.55555555555557,0,0,98.16270158769846,98.27737764095512
189.55555555555557,553.7777777777778,1732.0000000000002,245.55555555555557,0,0,95.11111111111111,95.22222222222223
245.22222222222223,487.44444444444446,1362.6666666666667,245.55555555555557,0,0,95.11111111111111,95.22222222222223
206.11111111111111,463.7777777777778,1752.7777777777778,238.22222222222223,0,0,95.05830094392006,0
209.11111111111111,568.3333333333334,1732.4444444444446,238.22222222222223,0,0,95.11111111111111,0
209.11111111111111,470.8888888888889,1731.888888888889,199.22222222222223,0,0,99.75560986447455,0
209.11111111111111,485.33333333333337,1731.888888888889,170.11111111111111,0,0,99.77777777777779,0
209.11111111111111,318.5555555555556,1708.1111111111113,182.66666666666669,0,0,99.77777777777779,0
209.11111111111111,401.22222222222223,1548.2222222222224,182.66666666666669,0,0,4.666666666666667,0
225.66666666666669,401.22222222222223,1761.5555555555557,127.11111111111111,0,0,4.666148205754917,0
225.66666666666669,417.7777777777778,1548.2222222222224,160.22222222222223,0,0,4.666666666666667,0
209.11111111111111,401.22222222222223,1925.0000000000002,160.22222222222223,0,0,4.666666666666667,0
209.11111111111111,401.22222222222223,1924.6666666666667,143.66666666666669,0,0,4.668741662961317,0
192.55555555555557,393.8888888888889,1917.4444444444446,143.66666666666669,0,0,4.666666666666667,0
228.66666666666669,384.6666666666667,1564.5555555555557,167.55555555555557,0,0,0,95.24338741942654
189.55555555555557,479.8888888888889,1954.6666666666667,167.55555555555557,0,0,0,95.22222222222223
245.22222222222223,479.8888888888889,1748.6666666666667,190.22222222222223,0,0,0,95.22222222222223
206.11111111111111,472.8888888888889,1732.1111111111113,221.22222222222223,0,0,0,95.23280364484941
209.11111111111111,501.7777777777778,1518.7777777777778,221.22222222222223,0,0,0,95.22222222222223
228.66666666666669,354.7777777777778,1910.2222222222224,180.7777777777778,0,0,96.66666666666667,99.8888888888889
189.55555555555557,470.7777777777778,1878.6666666666667,206.55555555555557,0,0,96.66666666666667,99.8888888888889
228.66666666666669,470.7777777777778,1488.888888888889,192.11111111111111,0,0,96.66666666666667,99.8888888888889
225.66666666666669,487.44444444444446,1693.4444444444446,264.6666666666667,0,0,96.66666666666667,99.8888888888889
189.55555555555557,473.00000000000006,1693.4444444444446,226.33333333333334,0,0,96.67740860095566,4.667185242804756
228.66666666666669,399.5555555555556,1533.1111111111113,264.6666666666667,0,0,96.66666666666667,4.666666666666667
173,399.5555555555556,1709.7777777777778,220.22222222222223,0,0,95.99362500000001,4.634175
228.66666666666669,415.7777777777778,1533.3333333333335,189.22222222222223,0,0,97.26542126634969,4.695572061134123
209.11111111111111,401.33333333333337,1922.888888888889,180,0,0,96.89274974941532,4.677581022385567
189.55555555555557,401.33333333333337,1724.3333333333335,189.22222222222223,0,0,0,0
209.11111111111111,368.11111111111114,1732.5555555555557,163.44444444444446,0,0,0,0
225.66666666666669,439.5555555555556,1945.888888888889,187.11111111111111,0,0,0,0
189.55555555555557,408.44444444444446,1555.6666666666667,114.55555555555556,0,0,0,0
228.66666666666669,408.44444444444446,1755.3333333333335,167.55555555555557,0,0,0,0
209.11111111111111,401.11111111111114,1525.5555555555557,160.22222222222223,0,0,0,0
228.66666666666669,483.7777777777778,1740.5555555555557,145.7777777777778,0,0,0,0
173,377.44444444444446,1917.0000000000002,174.8888888888889,0,0,0,0
209.11111111111111,470.6666666666667,1741.1111111111113,182.22222222222223,0,0,0,0
245.22222222222223,470.6666666666667,1548.2222222222224,173,0,0,0,0
245.22222222222223,494.5555555555556,1564.4444444444446,173,0,0,0,95.22222222222223
209.11111111111111,437.5555555555556,1351.1111111111113,173,0,0,0,95.21164315076103
209.11111111111111,354.7777777777778,1740.7777777777778,173,0,0,0,95.21164315076103
209.11111111111111,485.00000000000006,1894.3333333333335,199.22222222222223,0,0,0,95.21164315076103
209.11111111111111,470.5555555555556,1894.3333333333335,182.66666666666669,0,0,95,95.22222222222223
189.55555555555557,487.22222222222223,1909.3333333333335,204.44444444444446,0,0,95,95.22222222222223
245.22222222222223,487.22222222222223,1732.888888888889,230.8888888888889,0,0,95,95.22222222222223
189.55555555555557,401.33333333333337,1732.4444444444446,209.11111111111111,0,0,95.03167722574192,95.25397354673781
189.55555555555557,507.7777777777778,2078,230.8888888888889,0,0,95,95.22222222222223
209.11111111111111,401.11111111111114,1708.3333333333335,230.8888888888889,0,0,95.01055672852539,0
189.55555555555557,386.6666666666667,1938.1111111111113,230.8888888888889,0,0,95.01055672852539,0
228.66666666666669,484.00000000000006,1886.5555555555557,245.33333333333334,0,0,95.01055672852539,0
225.66666666666669,401.33333333333337,1709.7777777777778,184.55555555555557,0,0,95.01055672852539,0
206.11111111111111,425.22222222222223,1709.7777777777778,191.8888888888889,0,0,0,0
245.22222222222223,325.8888888888889,1509.1111111111113,170.11111111111111,0,0,0,0
209.11111111111111,423.00000000000006,1709.1111111111113,151,0,0,0,0
228.66666666666669,415.6666666666667,1495.888888888889,151,0,0,0,0
192.55555555555557,401.33333333333337,1558,167.55555555555557,0,0,0,0
209.11111111111111,470.7777777777778,1734.4444444444446,167.55555555555557,0,0,0,0
209.11111111111111,470.7777777777778,1504.6666666666667,143.88888888888889,0,0,0,0
225.66666666666669,494.5555555555556,1572.5555555555557,158.55555555555557,0,0,0,0
209.11111111111111,461.44444444444446,1749.0000000000002,163.7777777777778,0,0,0,0
209.11111111111111,454.11111111111114,1962.3333333333335,142,0,0,0,0
189.55555555555557,454.11111111111114,1756.3333333333335,204,0,0,0,94.9163805515561
209.11111111111111,470.7777777777778,1732.7777777777778,206.55555555555557,0,0,0,94.89536042520207
189.55555555555557,456.33333333333337,1732.7777777777778,206.55555555555557,0,0,0,94.90586932447397
209.11111111111111,447.00000000000006,1731.4444444444446,199.22222222222223,0,0,0,94.89536042520207
209.11111111111111,425.11111111111114,1937.3333333333335,199.22222222222223,0,0,0,94.89536042520207
209.11111111111111,425.11111111111114,2121.3333333333335,221.00000000000003,0,0,0,94.90586932447397
209.11111111111111,401.11111111111114,1715.3333333333335,211.00000000000003,0,0,96.12403100775192,94.90586932447395
209.11111111111111,401.11111111111114,1731.888888888889,228.22222222222223,0,0,101.23242393943723,0
209.11111111111111,370.11111111111114,1518.5555555555557,228.22222222222223,0,0,99.44024999999999,0
209.11111111111111,467.33333333333337,1731.888888888889,195.11111111111111,0,0,96.43372958560161,0
209.11111111111111,417.6666666666667,1908.3333333333335,156.11111111111111,0,0,96.44444444444446,0
245.22222222222223,417.6666666666667,2121.5555555555557,196.33333333333334,0,0,101.06619280319859,0
225.66666666666669,439.44444444444446,1715.2222222222224,172.66666666666669,0,0,101.11111111111111,0
189.55555555555557,377.44444444444446,1727.0000000000002,203.8888888888889,0,0,101.12234692743637,0
228.66666666666669,406.33333333333337,1756.2222222222224,182.11111111111111,0,0,101.09987779135653,0
209.11111111111111,309.22222222222223,1756.2222222222224,199.22222222222223,0,0,4.667185242804756,0
189.55555555555557,401.22222222222223,1739.6666666666667,158.33333333333334,0,0,4.667185242804756,0
228.66666666666669,485.22222222222223,1969.5555555555557,196.66666666666669,0,0,4.666148205754917,0
209.11111111111111,388,1756.2222222222224,167.7777777777778,0,0,4.666666666666667,0
225.66666666666669,445.00000000000006,1580.1111111111113,182.22222222222223,0,0,4.666666666666667,0
209.11111111111111,445.00000000000006,1580.2222222222224,142,0,0,0,96.69889963321107
209.11111111111111,388,1756.6666666666667,182.22222222222223,0,0,0,96.66666666666667
228.66666666666669,470.7777777777778,1362.5555555555557,182.66666666666669,0,0,0,96.65592711920898
189.55555555555557,441.8888888888889,1555.7777777777778,182.66666666666669,0,0,0,96.66666666666667
192.55555555555557,470.7777777777778,1908.5555555555557,191.8888888888889,0,0,0,96.65592711920898
245.22222222222223,487.33333333333337,1555.6666666666667,191.8888888888889,0,0,0,101.3220753249639
225.66666666666669,403.33333333333337,1715.5555555555557,153.55555555555557,0,0,0,101.33333333333334
225.66666666666669,507.7777777777778,1715.5555555555557,168,0,0,0,101.33333333333334
209.11111111111111,386.6666666666667,1731.7777777777778,177.22222222222223,0,0,0,101.33333333333334
209.11111111111111,415.5555555555556,1908.5555555555557,177.22222222222223,0,0,95.1216801866874,4.667185242804756
209.11111111111111,484.00000000000006,1901.5555555555557,169.8888888888889,0,0,95.11111111111111,4.666666666666667
209.11111111111111,401.22222222222223,1901.5555555555557,138.22222222222223,0,0,95.11111111111111,4.666666666666667
209.11111111111111,430.11111111111114,1885.1111111111113,191.66666666666669,0,0,94.54520000000001,4.6389000000000005
218.33333333333334,401.22222222222223,1532.3333333333335,206.55555555555557,0,0,95.82308571428572,4.7016
192.55555555555557,399.33333333333337,1924.888888888889,221.00000000000003,0,0,95.82447106235307,0
173,423.00000000000006,1535.1111111111113,221.00000000000003,0,0,95.81374524289234,0
228.66666666666669,401.33333333333337,1748.4444444444446,221.00000000000003,0,0,95.81374524289234,0
209.11111111111111,415.7777777777778,1924.888888888889,197.33333333333334,0,0,95.81374524289234,0
209.11111111111111,386.8888888888889,1534.7777777777778,235.66666666666669,0,0,0,0
209.11111111111111,437.5555555555556,1755.2222222222224,181,0,0,0,0
201.7777777777778,501.6666666666667,1755.2222222222224,204.66666666666669,0,0,0,0
237.8888888888889,494.5555555555556,1578.4444444444446,182.22222222222223,0,0,0,0
216.44444444444446,494.5555555555556,1578.4444444444446,121.8888888888889,0,0,0,0
209.11111111111111,470.7777777777778,1555.6666666666667,145.7777777777778,0,0,0,95.11111111111111
209.11111111111111,447.11111111111114,1938.0000000000002,206.55555555555557,0,0,0,95.11111111111111
173,470.7777777777778,1724.6666666666667,206.55555555555557,0,0,0,95.11111111111111
209.11111111111111,470.7777777777778,1531.6666666666667,206.55555555555557,0,0,0,95.10054438395733
209.11111111111111,470.7777777777778,1745.0000000000002,168.22222222222223,0,0,0,95.11111111111111
245.22222222222223,425.11111111111114,1709.888888888889,206.33333333333334,0,0,0,95.11111111111111
213.44444444444446,361,1709.888888888889,182.66666666666669,9403585.157204757,9403513.831796467,1401122.8752360852,3240219.4200644377
216.44444444444446,353.6666666666667,1886.3333333333335,151.66666666666669,9404651,9404558.666666668,3242306.888888889,3240579.4444444445
189.55555555555557,469.6666666666667,2062.777777777778,5836.333333333334,9403627.152538609,9403555.82713032,3241946.6725919344,3240272.1919786693
209.11111111111111,401.22222222222223,1693.0000000000002,7594.111111111111,9404693,9404621.666666668,3242335.777777778,3240620
209.11111111111111,415.6666666666667,4156.333333333334,7533.333333333334,9405738.08200911,9405687.743082564,3242696.0773419267,3240980.1089009885
209.11111111111111,309.22222222222223,4156.333333333334,6482693.666666667,9404735,9404642.666666668,3242449.4444444445,3240665.4444444445
225.66666666666669,377.5555555555556,4413.88888888889,6482874.666666667,9405780.086676298,9405762.862540282,3242849.9833314815,3241134.0148905437
225.66666666666669,439.5555555555556,4200.555555555556,6482874.666666667,15629581.379846686,9403672.925230531,3242129.430063327,3240413.842906344
189.55555555555557,318.5555555555556,4198.88888888889,6482860.222222223,15631339.000000002,9404738.777777778,9481162.444444446,3240810.1111111115
228.66666666666669,415.7777777777778,4589,6483326.333333334,6226709,222.11111111111111,8079883.888888889,425.22222222222223
209.11111111111111,401.33333333333337,4199.333333333334,6483326.333333334,6226709,222.11111111111111,6238938.222222223,425.22222222222223
228.66666666666669,468.44444444444446,4199.222222222223,6477687.333333334,6226730,222.11111111111111,6238983.666666667,417.8888888888889
189.55555555555557,470.5555555555556,63475.00000000001,6534805.111111112,6226709,238.66666666666669,6238954.777777778,335
228.66666666666669,470.5555555555556,60629.333333333336,6534805.111111112,6226763.111111112,217.66666666666669,6238969.222222223,443.44444444444446
62455.222222222226,470.5555555555556,60822.333333333336,118389.44444444445,6227413.045893988,276.2529169907767,6239695.521724636,450.827869763307
62383.00000000001,6297166.222222223,119697.77777777778,118208.44444444445,6226763.111111112,222.11111111111111,6238976.444444445,1313.2222222222224
6229285.777777778,6297104.222222223,119697.77777777778,177225.77777777778,201.13345927325256,222.13579286587395,6239669.741082341,6298821.7579731075
6229323.333333334,6297142.333333334,119521.00000000001,177220.55555555556,177.7028089448681,198.42201368921116,299.60627812851607,6213872.68690852
6229305.222222223,6297045.111111112,119513.66666666667,176754.44444444447,179.93189333170045,158.95278917396365,303.3645061539404,6291719.473332926
6229285.666666667,6297142.222222223,119513.66666666667,242958.6666666667,200.91020091020093,6220447.21944722,303.4743034743035,6291694.527694528
6229308.111111112,6296959.111111112,119530.00000000001,242913.00000000003,158.95215895215895,6220447.21944722,320.01332001332,6291663.558663559
6229308.111111112,6297025.444444445,178082.8888888889,243182.55555555556,179.91120976692562,6219773.362930077,6231169.47835738,6290965.260821309
6229327.555555556,6297011,178082.8888888889,301995.44444444444,6161725.6381798,6219773.362930077,6231155.049944506,6291020.310765815
6167081.444444445,6297082.444444445,178242.55555555556,243236.33333333334,6161725.6381798,6219735.849056603,6232020.532741398,6290982.0199778015
6167102.444444445,723.4444444444445,119238.22222222223,302125.22222222225,6162388.611388612,6220426.2404262405,6232728.826728827,6290812.187812189
2729,6237642.333333334,119437.66666666667,243231.77777777778,6161725.6381798,6219735.849056603,6232037.069922308,294.00665926748053
2691.444444444445,6238380.111111112,119261.33333333334,243213.33333333334,6520048.088142857,190.37487142857142,6594581.670671429,343.8726857142857
6169782.888888889,6238380.111111112,119888.66666666667,243633.33333333334,6399023.4867375,208.625125,6472151.5493375,337.4886
6169803.888888889,6238321.111111112,119888.66666666667,177452.77777777778,12395526.222222224,255.22222222222223,12418007.666666668,741.3333333333334
6169761.888888889,6238321.111111112,120065.00000000001,177452.77777777778,12395526.222222224,213.22222222222223,12417945.666666668,6238926
12397593.111111112,12476523.666666668,2236.3333333333335,236615.00000000003,12395559.333333334,6226974.111111112,6240052.777777778,6238926
12397534.555555556,12476569.111111112,2902.3333333333335,177802.11111111112,6227113.333333334,6226974.111111112,6240149.777777778,6238824.444444445
12397555.555555556,12476497.666666668,2549.666666666667,178138.33333333334,6227155.333333334,6226995.111111112,6239136.666666667,6238810
12397576.555555556,12476246.88888889,2421.1111111111113,178340.6666666667,6227134.333333334,6228121.888888889,6239136.666666667,12417902
12395027.666666668,6239342.444444445,178736.22222222225,178216.77777777778,6227134.333333334,6228121.888888889,6239151.111111112,12476526
12395054.666666668,6238566.555555556,178905,237229.00000000003,6227155.333333334,6228366.444444445,6238984.666666667,12476520.777777778
6227942.222222223,6239000.777777778,177894.8888888889,354255.7777777778,6228988.222222223,6228345.444444445,12476543.111111112,12476520.777777778
6230771.333333334,6238962.666666667,178291.33333333334,354253.88888888893,2013.0000000000002,6228346.333333334,6297597.222222223,12476190.666666668
6231227.111111112,12475952.222222224,177922.33333333334,354253.88888888893,2013.0000000000002,6228622.333333334,6297597.222222223,6237991.555555556
3395.888888888889,6237652.333333334,178335.22222222225,235949.11111111112,2052.888888888889,1807.3333333333335,6237717.444444445,6238009.555555556
3756.1111111111113,6237606.888888889,177845.22222222225,235996.6666666667,2052.888888888889,2313.1111111111113,6237620.444444445,6237947.555555556
3780.0000000000005,6237606.888888889,177845.22222222225,235660.44444444447,2015.5555555555557,2271.1111111111113,6237620.444444445,6237947.555555556
3738.0000000000005,6237471.333333334,178057.6666666667,176609.44444444447,2015.5555555555557,31062.55555555556,6237589.444444445,58753.66666666667
6607.222222222223,6237456.888888889,1543.1111111111113,176628.77777777778,32487.88888888889,31062.55555555556,6237653.666666667,129.66666666666669
6580.222222222223,6237456.888888889,1573.6666666666667,117616.55555555556,32466.88888888889,30862.88888888889,6237653.666666667,103.8888888888889
9476.666666666668,6237022.666666667,1988.1111111111113,239.33333333333334,30613.000000000004,30862.88888888889,95.22222222222223,103.8888888888889
6626.555555555556,6237022.666666667,1591.6666666666667,217.55555555555557,31759.608975783154,30801.044212397243,78.64918906909574,17.9960008886914
6218.333333333334,33.111111111111114,1944.5555555555557,217.55555555555557,6198950.666666667,31610.666666666668,1081.6666666666667,18
6218.333333333334,33.111111111111114,1531.6666666666667,191.11111111111111,6198877.666666667,6198815.333333334,1112.6666666666667,1020.7777777777778
94032.33333333334,33.111111111111114,1592.5555555555557,143.55555555555557,6198877.666666667,6198309.555555556,1209.7777777777778,1020.7777777777778
182128.77777777778,33.111111111111114,1592.5555555555557,360.7777777777778,6198915,6198351.555555556,1209.7777777777778,1049.6666666666667
6349471.555555556,0,1555.7777777777778,796,6199603.844871651,6169097.788643182,1224.3582620291143,1132.4591621291254
6346602.333333334,787.6666666666667,2073.444444444445,776.6666666666667,6092168.017785037,6092179.540268316,1131.39812007751,1118.339305694462
6346623.333333334,802.1111111111112,2493,950.5555555555557,6169401.601194048,6169326.36676566,1145.7414426550731,1132.5170748882495
6343768.888888889,802.1111111111112,2078.5555555555557,881.0000000000001,6336717.726286954,6336640.452003197,1593.7678347220638,1192.9003538408858
6343768.888888889,968.8888888888889,2271.5555555555557,1111.3333333333335,6336979.221372303,6338108.916542984,1594.1317501997944,1193.1727366137686
6343742.333333334,968.8888888888889,1918.6666666666667,1111.3333333333335,6396854.354525739,6335630.978198837,6347656.203629723,1329.0720237415821
6343784.333333334,983.3333333333334,2300.444444444445,1407.6666666666667,6397621.232876712,185.04566210045664,6409644.063926941,310.1598173515982
6255647.666666667,1080.6666666666667,2239.666666666667,1407.6666666666667,6396890.994178748,206.59742038580072,6408812.692614999,310.12441502111636
6167506.333333334,1080.6666666666667,61539.88888888889,1190.4444444444446,6396890.994178748,163.45166076931858,6408844.538294716,382.3764410455428
2455.777777777778,1119,61187.66666666667,118369.55555555556,6395431.016775077,206.55026817300012,6407452.014150405,297.38673970101564
2455.777777777778,6297102.888888889,61022.222222222226,118537.66666666667,6773193.594,281.1137142857143,6785521.747714286,408.4971428571429
6228025.666666667,6297088.444444445,119557.55555555556,236081.00000000003,7005371.625,290.75,7018231.5,7085043.5
6228004.666666667,6297150.444444445,119557.55555555556,236081.00000000003,6227072.111111112,6226901.333333334,6238428,6297864
6228004.666666667,6296983.666666667,119533.44444444445,236366.00000000003,6227093.111111112,6226927.111111112,6238484.777777778,6297864
6228025.666666667,6297080.888888889,119533.44444444445,236366.00000000003,215.7777777777778,6226852,59942.55555555556,6297745.888888889
6227983.666666667,6297080.888888889,236989.8888888889,294985.44444444444,201.08876791467617,6226202.199755584,938.673480724364,6297131.2076435955
6228004.666666667,6296983.555555556,236813.77777777778,412350,6168517.222222223,6226915,6238909.444444445,6297861.888888889
6230006,12534383.777777778,177865.77777777778,412592.3333333334,6168475.222222223,6226915,6238878.444444445,6297762.666666667
6227713.777777778,12535099.444444446,178354,294937.7777777778,6169202.689187687,6227606.9563284805,6239517.835315035,6298559.7288587615
12394727.555555556,6238327.888888889,178170.55555555556,294906.1111111111,6168550.333333334,6226815.666666667,6238810.111111112,6297797.222222223
6169174.222222223,6238366,119016.33333333334,177188.8888888889,6168550.333333334,6226869.777777778,6238836,356.33333333333337
6175040.666666667,13077867.555555556,775048.5555555556,833219.6666666667,6168517.222222223,4656,6238867,6839580.888888889
6175040.666666667,13077867.555555556,775232.5555555556,1486271.777777778,6168496.222222223,4702.222222222223,6238810.222222223,6841336.777777778
6174998.666666667,13077770.333333334,775232.5555555556,1486271.777777778,6172865.777777778,4702.222222222223,13079054.666666668,6841322.333333334
6174998.666666667,13077772.444444446,657631.5555555556,2080209.1111111112,6172823.777777778,4660.222222222223,13079386,6841208.444444445
6174956.666666667,13077834.555555556,657631.5555555556,1962844.5555555557,4507.666666666667,4618.222222222223,6841415.333333334,6841194.000000001
6172955.333333334,6840434.333333334,657632,1962624.2222222222,4540.777777777778,4651.333333333334,6841465.000000001,6841194.000000001
6172955.333333334,6839687.666666667,657379.6666666667,1962671.777777778,4498.777777777778,4609.333333333334,6841436.111111112,6841215.888888889
5941.555555555556,6839687.666666667,657564.1111111111,1962595.5555555557,4444.666666666667,4609.333333333334,6841452.666666667,6841163.666666667
5904,6839649.555555556,657784.4444444445,1962610.0000000002,4444.666666666667,4555.222222222223,6841329.777777778,6841163.666666667
16.555555555555557,86,1752.2222222222224,1306579.2222222222,4402.666666666667,126.11111111111111,6841298.777777778,1891.5555555555557
16.555555555555557,86,1575.5555555555557,653021,4402.666666666667,33.111111111111114,6841298.777777778,135.66666666666669
33.111111111111114,137.11111111111111,1775.0000000000002,653066.6666666667,33.111111111111114,33.111111111111114,1054.3333333333335,152.22222222222223
33.10375472117307,120.52877138413685,1950.455454343479,199.06687402799375,33.111111111111114,33.111111111111114,66.22222222222223,152.22222222222223
16.555555555555557,58.44444444444445,1950.888888888889,224.8888888888889,33.111111111111114,33.111111111111114,66.22222222222223,135.66666666666669
16.555555555555557,58.44444444444445,1950.4444444444446,224.66666666666669,0,0,15.905749999999998,130.34175
16.555555555555557,51.111111111111114,1714.5555555555557,177.11111111111111,0,0,109.23945935041354,31.36978010893685
16.555555555555557,51.111111111111114,1757.7777777777778,173.8888888888889,0,0,94.21020778696791,31.36978010893685
16.555555555555557,51.111111111111114,1537.4444444444446,183.11111111111111,0,0,94.21020778696791,31.36978010893685
16.555555555555557,248.66666666666669,1774.3333333333335,183.11111111111111,0,0,94.18170817787636,31.360290410406368
8456627.111111112,248.66666666666669,1598.1111111111113,173.8888888888889,0,0,94.21020778696791,31.36978010893685
8456655.444444446,5852789.222222223,1751.1111111111113,899.6666666666667,0,0,94.21020778696791,16.34052854549122
8458577.128250722,5854090.131140253,3767.503889753278,5853879.862191597,0,0,94.21020778696791,16.34052854549122
8456697.444444446,5852895.666666667,3766.666666666667,5852584.222222223,0,7673201.935679,94.16271801592903,16.33229156164936
8456739.444444446,5852986.888888889,3783.3333333333335,5852562.444444445,0,8130530.334624999,0,5627704.762724999
8456739.444444446,5852986.888888889,3996.444444444445,5853435.888888889,0,8456791.444444446,882.7777777777778,5853549.111111112
8456760.444444446,5853084.111111112,3600.0000000000005,5858234.666666667,8456755.777777778,8456791.444444446,882.7777777777778,5853549.111111112
8456760.444444446,5853084.111111112,3776.2222222222226,5858211,8457737.526391821,8457773.197021892,5204673.852650295,5854296.699633293
8456802.444444446,5852939.333333334,6726.222222222223,6512235.111111112,8459638.657330222,8459674.335889742,5205859.731021452,5855598.08825164
229.44444444444446,5852939.333333334,9497.77777777778,17566346.333333336,8456818.777777778,8456854.444444446,5204124.444444445,5853691.666666667
205.55555555555557,430.44444444444446,9145.333333333334,17565574.88888889,8457250.555555556,8457480,7848961.666666667,8476293.444444446
222.11111111111111,430.44444444444446,473723.88888888893,11714155.444444446,8457374.111111112,8457480,7848961.666666667,8476293.444444446
222.11111111111111,395.22222222222223,15615547.555555556,11714124.444444446,8463016.121859018,852.4571936846788,7854229.263953748,8493610.40693796
201.11111111111111,1189.6666666666667,15615178.666666668,23314220.555555556,8458180,823.5555555555557,13051861.777777778,7837177.111111112
3069.1111111111113,1189.6666666666667,15615158.555555556,27333472.111111112,8458750.666666668,1569.5555555555557,13050979,7837131.666666667
3286.444444444445,7820228.000000001,15615554.222222224,27328664.333333336,1994.888888888889,2147.3333333333335,13051001.666666668,7837164.777777778
3452.2222222222226,7820244.555555556,15615378.000000002,27328680.88888889,2419.508943450727,2105.099433396289,7846933.562937451,7836196.978113542
3410.2222222222226,7820191.777777778,15612367.444444446,26674656.77777778,4247,2084.3333333333335,7847776.555555556,7837093.444444445
3778.666666666667,7820191.777777778,15609595.88888889,15620618.88888889,17313.88888888889,10678.222222222223,7847776.555555556,7837048.000000001
3757.666666666667,7820109.000000001,15610008.000000002,15620618.88888889,16882.111111111113,17703.333333333336,5203479.888888889,5214446.222222223
6108.88888888889,7820109.000000001,15143346.333333334,15620359.000000002,5227131.888888889,5227739.222222223,5203479.888888889,7004348.333333334
4294199.444444445,7820070.888888889,1741.888888888889,15620373.444444446,5227152.888888889,5227646.222222223,7810718.111111112,7811702.666666667
7837731.444444445,7819185.222222223,1741.888888888889,4020277.3333333335,5226368,5227667.222222223,2607863.888888889,2608969.888888889
7834863.444444445,7819786.444444445,1901.7777777777778,3284.1111111111113,5225797.333333334,5226921.222222223,2607863.888888889,2609000.888888889
7834667.111111112,665.3333333333334,1506.1111111111113,2617270.1111111115,5225839.333333334,5226343.444444445,2611760.1111111115,2613046.888888889
7834501.333333334,679.7777777777778,3232.5555555555557,2617253.555555556,5226591.843538171,5227634.626069563,2612033.7815312813,2613337.2596955216
7834559.888888889,839.3333333333334,3056.2222222222226,5222318,5224162.888888889,5227177.777777778,5246818.444444445,5245603.888888889
7834174.888888889,853.7777777777778,5213541.111111111,5222244.666666667,5211219.555555556,5218583.888888889,5246818.444444445,10458700.88888889
7834174.888888889,853.7777777777778,5213129,10155091.333333334,5862622,5862299.875,5902062.625,11766038.5
7832749.444444445,2618284,5213152.444444445,20866161.444444444,919.7952,975.3500571428572,5702404.277914286,9422488.911514286
3547473.4444444445,7827776.666666667,5212933.222222223,20866147,2479.3444095195327,2749.1019308486752,7929854.625056129,7930860.911540188
3920.444444444445,7827776.666666667,5213329.888888889,20866156.222222224,2458.4035028629164,2728.1913102054564,7930730.324463904,7931821.376445492
3937.0000000000005,7827217.777777778,5213389.444444445,20863064.88888889,2458.4035028629164,2685.7527787133713,7930730.324463904,7931790.052767485
3895.0000000000005,7827212.555555556,5213389.444444445,18249058.555555556,2415.964971370832,2685.7527787133713,7926770.51757045,7927668.350735376
3895.0000000000005,7827181.555555556,5212031.888888889,18249058.555555556,1770.4310731926357,2001.2348450830711,7925880.669061517,7926822.631342613
3853.0000000000005,7827029.333333334,5212031.888888889,15644032.444444446,1770.6298416975412,1876.1648141910855,5264182.216234422,5267642.416077242
3832.0000000000005,7827014.888888889,1767.3333333333335,15644032.444444446,1645.7842146626247,1876.1648141910855,5264287.302121926,131.02054563826204
3832.0000000000005,7827014.888888889,1767.3333333333335,10711241.333333334,16.260157142857143,32.520314285714285,134.66465714285715,127.35304285714287
2847.666666666667,5209584.666666667,1750.5555555555557,211.44444444444446,16.090137499999997,32.180274999999995,133.25657499999997,126.02141249999998
2605178.777777778,673.1111111111112,1987.4444444444446,211.44444444444446,33.111111111111114,33.111111111111114,137.11111111111111,129.66666666666669
2605178.777777778,673.1111111111112,1943.2222222222224,296.5555555555556,3254132.666666667,33.111111111111114,650967.2222222222,60.333333333333336
2605183.2222222225,685.4444444444445,1833.888888888889,394.7777777777778,3254132.666666667,2605213.888888889,651065.7777777779,800
2605258.3333333335,676.2222222222223,1833.888888888889,367.11111111111114,3254174.666666667,2605213.888888889,651065.7777777779,800
2605258.3333333335,792.2222222222223,1817.4444444444446,3742.1111111111113,3254174.666666667,2605255.888888889,651094.6666666667,11855.77777777778
2605283.777777778,821.1111111111112,2388.444444444445,652919.4444444445,3253855.1272080885,2604987.4458393515,651104.8772358628,11854.460615487169
2605283.777777778,821.1111111111112,657950.7777777779,652919.4444444445,3254270.777777778,2608687,651073.2222222222,3282475.4444444445
2605304.777777778,918.3333333333334,657950.7777777779,1308923,3254254.2222222225,2608687,651135.2222222222,3282475.4444444445
2605304.777777778,932.7777777777778,657944.4444444445,1308882.777777778,3254715.1905767308,2608976.8863207023,3932766.196244027,3282840.204467163
201.11111111111111,318.5555555555556,657707.5555555556,1779912.3333333335,3257728.4444444445,2608687,3932329.2222222225,3282475.4444444445
4364.666666666667,3277660.3333333335,657592.4444444445,2614415.777777778,3628.485723808466,2608430.285523831,3281134.5406065998,3282153.094100656
4343.666666666667,3277605.666666667,657627.6666666667,2614277.1111111115,3628.888888888889,3539.3333333333335,3281400.555555556,3281778.1111111115
4285.111111111111,3277605.666666667,657627.6666666667,2614293.666666667,3586.888888888889,3539.3333333333335,3281417.1111111115,3281778.1111111115
4301.666666666667,3277555.888888889,657519.3333333334,2610957,3586.888888888889,3464.2222222222226,3281388.2222222225,3270748
4259.666666666667,3277519.666666667,657301.6666666667,1961767.1111111112,3545.282809201022,3443.6048449827754,3281686.8540948993,3271111.456828536
4259.666666666667,3277519.666666667,1519,1961796.888888889,3523.888888888889,33.111111111111114,3281338.777777778,146.33333333333334
4238.666666666667,3277422.4444444445,1934.4444444444446,1305737.777777778,3523.888888888889,33.111111111111114,3281243.666666667,146.33333333333334
4238.666666666667,3277408,1588.5555555555557,1305776.1111111112,3424.175091656482,33.10743250749916,143.31740917675813,146.3170758804577
4196.666666666667,3277408,1757.7777777777778,834763.1111111111,33.111111111111114,33.111111111111114,143.33333333333334,146.33333333333334
33.111111111111114,66.22222222222223,1520.4444444444446,165.33333333333334,33.11479053228136,0,143.3492610290032,104.01155683964883
33.111111111111114,66.22222222222223,1596.888888888889,235.33333333333334,33.111111111111114,0,143.33333333333334,104.00000000000001
16.555555555555557,66.22222222222223,1986.2222222222224,218.7777777777778,33.111111111111114,0,126.77777777777779,104.00000000000001
0,0,1742.1111111111113,194.8888888888889,33.111111111111114,0,126.77777777777779,34.55555555555556
0,0,1735.2222222222224,169.11111111111111,34.869725,0,116.0764,36.390887500000005
0,0,1735.2222222222224,153.7777777777778,0,0,100.69032857142858,0
0,0,1557.2222222222224,153.7777777777778,0,0,99.30430879712746,0
0,0,1910.5555555555557,136.66666666666669,0,0,4.712746858168761,0
0,0,1741.3333333333335,120.11111111111111,0,0,4.712746858168761,0
0,0,2138.777777777778,141.88888888888889,0,0,21.43177737881508,0
0,0,1724.0000000000002,128.88888888888889,0,0,21.43177737881508,0
0,88,1690.1111111111113,128.88888888888889,0,0,21.43177737881508,0
0,88,1690.1111111111113,138.11111111111111,0,0,21.43177737881508,0
0,88,1587.6666666666667,152.7777777777778,0,0,16.445274144509966,0
2605225.1111111115,387.33333333333337,1756.888888888889,138.33333333333334,0,0,16.2540375,0
2605225.1111111115,387.33333333333337,2022.4444444444446,420.22222222222223,0,0,16.553716253749585,95.21164315076103
2605246.1111111115,849.3333333333334,1669.1111111111113,399,0,0,16.555555555555557,95.22222222222223
2605288.1111111115,849.3333333333334,1862.5555555555557,415.5555555555556,0,0,16.555555555555557,95.22222222222223
2605288.1111111115,946.5555555555557,1465.1111111111113,393.7777777777778,0,0,0,95.22222222222223
2605309.1111111115,975.4444444444445,1855.3333333333335,412.00000000000006,0,0,0,95.22222222222223
2605330.1111111115,887.4444444444445,1869.5555555555557,483.22222222222223,0,0,86.33333333333334,95.22222222222223
2605351.1111111115,1003.3333333333334,2083,459.5555555555556,0,0,86.33333333333334,99.8888888888889
2605351.1111111115,1017.7777777777778,1839.0000000000002,444.8888888888889,0,2605535.0594510497,86.34292699188798,958.5509501055672
184.55555555555557,839.5555555555557,1846.3333333333335,491.22222222222223,0,2605266.5555555555,86.33333333333334,958.4444444444445
205.55555555555557,839.5555555555557,1343.3333333333335,343.33333333333337,2605541.6157350815,2605577.064118235,86.34292699188798,892.2102455828425
184.55555555555557,401.22222222222223,1733.4444444444446,343.33333333333337,2605252.1111111115,2605329.5555555555,939.5555555555557,991.4444444444445
201.11111111111111,415.6666666666667,1910.2222222222224,343.33333333333337,2605273.1111111115,2605329.5555555555,939.5555555555557,1005.8888888888889
222.11111111111111,318.44444444444446,1910.2222222222224,343.33333333333337,2605315.1111111115,2605350.5555555555,954.0000000000001,1020.3333333333334
222.11111111111111,386.8888888888889,1993.5555555555557,597,2605315.1111111115,2605392.5555555555,1035.111111111111,1119.5555555555557
243.11111111111111,401.33333333333337,1800.7777777777778,751.1111111111112,2605336.1111111115,2605392.5555555555,948.7777777777778,1119.5555555555557
222.11111111111111,485.00000000000006,1587.3333333333335,751.1111111111112,2605357.1111111115,2605446.666666667,994.2222222222223,1176.888888888889
264.11111111111114,470.5555555555556,2451.444444444445,948.0000000000001,2605357.1111111115,243.11111111111111,1106.4444444444446,318.33333333333337
205.55555555555557,470.5555555555556,2274.888888888889,927.4444444444445,2605399.1111111115,222.11111111111111,1106.4444444444446,415.5555555555556
222.11111111111111,485.00000000000006,2646,943.0000000000001,193.7777777777778,243.11111111111111,1154,401.11111111111114
280.6666666666667,461.33333333333337,2988.1111111111113,952.2222222222223,202.1514,209.801625,313.7751375,314.81835
222.11111111111111,470.5555555555556,2617.888888888889,935.6666666666667,-,-,-,-
