dockerfiles-laptop-clientapp-0-1,dockerfiles-laptop-clientapp-1-1,dockerfiles-laptop-clientapp-2-1,dockerfiles-laptop-supernode-0-1,dockerfiles-laptop-supernode-1-1,dockerfiles-laptop-supernode-2-1,dockerfiles-serverapp-1,dockerfiles-superlink-1,dockerfiles-desktop-clientapp-0-1,dockerfiles-desktop-clientapp-1-1,dockerfiles-desktop-clientapp-2-1,dockerfiles-desktop-clientapp-3-1,dockerfiles-desktop-supernode-0-1,dockerfiles-desktop-supernode-1-1,dockerfiles-desktop-supernode-2-1,dockerfiles-desktop-supernode-3-1
39301120,39301120,39288832,46231552,46235648,46227456,40841216,47210496,47976448,45899776,47988736,47988736,48574464,46465024,46456832,46481408
39305216,39301120,39288832,46231552,46235648,46227456,40841216,47210496,47976448,45899776,47988736,47988736,48574464,46465024,46456832,46481408
39305216,39305216,39288832,46231552,46235648,46227456,40841216,47210496,47976448,45899776,47988736,47992832,48578560,46465024,46456832,46481408
39305216,39305216,39292928,46231552,46235648,46235648,172900352,47353856,47976448,45903872,47988736,47992832,48578560,46469120,46456832,46485504
39305216,39305216,39292928,46231552,46235648,46235648,330645504,47415296,47980544,45903872,47992832,47992832,48578560,46469120,46460928,46485504
39305216,39305216,39292928,46235648,46235648,46235648,330645504,47415296,47980544,45903872,47992832,47992832,48578560,46469120,46460928,46485504
39305216,39309312,39292928,46235648,46239744,46235648,471105536,47419392,47980544,45903872,47992832,47992832,48578560,46469120,46460928,46485504
39309312,39309312,39292928,46235648,46239744,46235648,471257088,47427584,47980544,45907968,47992832,47992832,48578560,46469120,46460928,46485504
39309312,39309312,39292928,46235648,46239744,46235648,471691264,47427584,47984640,45907968,47992832,47996928,48578560,46469120,46460928,46489600
39309312,39309312,39292928,46653440,46641152,46571520,471691264,47960064,66064384,45907968,47996928,47996928,48893952,46477312,46460928,46497792
269832192,272044032,313016320,46653440,46641152,46632960,471793664,47960064,66064384,45907968,317423616,47996928,48893952,46477312,46882816,46497792
269832192,391356416,390623232,46653440,46641152,46632960,471793664,48025600,379789312,45907968,317423616,48001024,48988160,46477312,46882816,46821376
396623872,391356416,390623232,46653440,46641152,46632960,471793664,48025600,448659456,279633920,430862336,249446400,48988160,46850048,46882816,46821376
469241856,469241856,469065728,46653440,46641152,46632960,471793664,48046080,448659456,380329984,501534720,368082944,48988160,46858240,46882816,46858240
469757952,469757952,469065728,46653440,46641152,46632960,471793664,48046080,501551104,380329984,501534720,368082944,48988160,46858240,46882816,46858240
469757952,469757952,472608768,46653440,46641152,46632960,471793664,48050176,501551104,490610688,502509568,501497856,48988160,46858240,46882816,46858240
473268224,473247744,472608768,46653440,46641152,46632960,471793664,48050176,511655936,499417088,507478016,501497856,48988160,46858240,46882816,46858240
478134272,475164672,483667968,46653440,46641152,46632960,471793664,48050176,511655936,502226944,509575168,501542912,48988160,46858240,46882816,46858240
484032512,475164672,487194624,46653440,46641152,46632960,471793664,48050176,527413248,502226944,509575168,508510208,48988160,46858240,46882816,46858240
484032512,477933568,487206912,46653440,46641152,46632960,471793664,48050176,534560768,508518400,511782912,508510208,48988160,46858240,46882816,46858240
488177664,480669696,487206912,46653440,46641152,46632960,471793664,48050176,534560768,509898752,511782912,511983616,48988160,46858240,46882816,46858240
488177664,480669696,487206912,46653440,46641152,46632960,471793664,48050176,534560768,509898752,512008192,536420352,48988160,46858240,46882816,46858240
488177664,488337408,487206912,46653440,46641152,46632960,471793664,48050176,534560768,532213760,532471808,536420352,48988160,46858240,46882816,46858240
488177664,488337408,487206912,46653440,46641152,46632960,471793664,48050176,534560768,532213760,532471808,536420352,48988160,46858240,46882816,46858240
488177664,488337408,487206912,46653440,46641152,46632960,471793664,48050176,534560768,532213760,532471808,536420352,48988160,46858240,46882816,46858240
488177664,488337408,487206912,46653440,46641152,46632960,471793664,48050176,534560768,532213760,532471808,536420352,48988160,46858240,46882816,46858240
488177664,488337408,487206912,46653440,46641152,46632960,471801856,48050176,534560768,532213760,532471808,536420352,48988160,46858240,46882816,46858240
488177664,488337408,487206912,46653440,46641152,46632960,471801856,48050176,534560768,532213760,532471808,536420352,48988160,46858240,46882816,46858240
488177664,488337408,487206912,46653440,46641152,46632960,471801856,48050176,534560768,532213760,532471808,536420352,48988160,46858240,46882816,46858240
488177664,488337408,487206912,46653440,46641152,46632960,471801856,48050176,534560768,532213760,532471808,536420352,48988160,46858240,46882816,46858240
488177664,488337408,487206912,46653440,46641152,46632960,471801856,48050176,534560768,532213760,532471808,536420352,48988160,46858240,46882816,46858240
488177664,488337408,487206912,46653440,46641152,46632960,471801856,48050176,534560768,532213760,532471808,536420352,48988160,46858240,46882816,46858240
488177664,488337408,487206912,46653440,46641152,46632960,471801856,48050176,534560768,532213760,532471808,536420352,48988160,46858240,46882816,46858240
488177664,488337408,487206912,46653440,46641152,46632960,471801856,48050176,534560768,532213760,532471808,536420352,48988160,46858240,46882816,46858240
488177664,488337408,487206912,46653440,46641152,46632960,471801856,48050176,534560768,532213760,532471808,536420352,48988160,46858240,46882816,46858240
488177664,488337408,487206912,46653440,46641152,46632960,471801856,48050176,534560768,532213760,532471808,536420352,48988160,46858240,46882816,46858240
488177664,488337408,487206912,46653440,46641152,46632960,471801856,48050176,534560768,532213760,532471808,536420352,48988160,46858240,46882816,46858240
488177664,488337408,487206912,46653440,46641152,46632960,471801856,48054272,534560768,532213760,532471808,536420352,48988160,46858240,46882816,46858240
488177664,488337408,487206912,46653440,46641152,46632960,471801856,48054272,534560768,532213760,532471808,536420352,48988160,46858240,46882816,46858240
488177664,488337408,487206912,46653440,46641152,46632960,471801856,48054272,534560768,532213760,532471808,536420352,48988160,46858240,46882816,46858240
488177664,488337408,487206912,46653440,46641152,46632960,471801856,48054272,534560768,532213760,532471808,536420352,48988160,46858240,46882816,46858240
488177664,488337408,487206912,46653440,46641152,46632960,471801856,48054272,534560768,532213760,532471808,536420352,48988160,46858240,46882816,46858240
488177664,488337408,487206912,46653440,46641152,46632960,471801856,48054272,534560768,532213760,532471808,536420352,48988160,46858240,46882816,46858240
488177664,488337408,487206912,46653440,46641152,46632960,471801856,48054272,534560768,532213760,532471808,536420352,48988160,46858240,46882816,46858240
488177664,488337408,487206912,46653440,46641152,46632960,471801856,48054272,534560768,532213760,532471808,536420352,48988160,46858240,46882816,46858240
488177664,488337408,487206912,46653440,46641152,46632960,471801856,48054272,534560768,532213760,532471808,536420352,48988160,46858240,46882816,46858240
488177664,488337408,487206912,46653440,46641152,46632960,471801856,48054272,534560768,532213760,532471808,536420352,48988160,46858240,46882816,46858240
488177664,488337408,487206912,46653440,46641152,46632960,471801856,48054272,534560768,532213760,532471808,536420352,48988160,46858240,46882816,46858240
488177664,488337408,487206912,46653440,46641152,46632960,471801856,48054272,534560768,532213760,532471808,536420352,48988160,46858240,46882816,46858240
488177664,488337408,487206912,46653440,46641152,46632960,471801856,48054272,534560768,532213760,532471808,536420352,48988160,46858240,46882816,46858240
488177664,488337408,487206912,46653440,46641152,46632960,471801856,48054272,534560768,532213760,532471808,536420352,48988160,46858240,46882816,46858240
488177664,488337408,487206912,46653440,46641152,46632960,471801856,48054272,534560768,532213760,532471808,536420352,48988160,46858240,46882816,46858240
488177664,488337408,487206912,46653440,46641152,46632960,471801856,48054272,534560768,532213760,532471808,536420352,48988160,46858240,46882816,46858240
488177664,488337408,487206912,46653440,46641152,46632960,471801856,48054272,534560768,532213760,532471808,536420352,48988160,46858240,46882816,46858240
488177664,488337408,487206912,46653440,46641152,46632960,471801856,48054272,534560768,532213760,532471808,536420352,48988160,46858240,46882816,46858240
488177664,488337408,487206912,46653440,46641152,46632960,471801856,48054272,534560768,532213760,532471808,536420352,48988160,46858240,46882816,46858240
488177664,488337408,487206912,46653440,46641152,46632960,471801856,48054272,534560768,532213760,532471808,536420352,48988160,46858240,46882816,46858240
488177664,488337408,487206912,46653440,46641152,46632960,471801856,48054272,534560768,532213760,532471808,536420352,48988160,46858240,46882816,46858240
488177664,488337408,487206912,46653440,46641152,46632960,471801856,48054272,534560768,532213760,532471808,536420352,48988160,46858240,46882816,46858240
488177664,488337408,487206912,46653440,46641152,46632960,471801856,48054272,534560768,532213760,532471808,536420352,48988160,46858240,46882816,46858240
488177664,488337408,487206912,46653440,46641152,46632960,471801856,48058368,534560768,532213760,532471808,536420352,48988160,46858240,46882816,46858240
488177664,488337408,487206912,46653440,46641152,46632960,471801856,48058368,534560768,532213760,532471808,536420352,48988160,46858240,46882816,46858240
488177664,488337408,487206912,46653440,46641152,46632960,471801856,48058368,534560768,532213760,532471808,536420352,48988160,46858240,46882816,46858240
488177664,488337408,487206912,46653440,46641152,46632960,471801856,48058368,534560768,532213760,532471808,536420352,48988160,46858240,46882816,46858240
488177664,488337408,487206912,46653440,46641152,46632960,471801856,48058368,534560768,532213760,532471808,536424448,48988160,46858240,46882816,46858240
488177664,488337408,487206912,46653440,46641152,46632960,471801856,48058368,534560768,532213760,532471808,536424448,48988160,46858240,46882816,46858240
488177664,488337408,487206912,46653440,46641152,46632960,471801856,48058368,534560768,532213760,532471808,536424448,48988160,46858240,46882816,46858240
488181760,488337408,487206912,46653440,46641152,46632960,471801856,48058368,534560768,532213760,532471808,536424448,48988160,46858240,46882816,46858240
488181760,488337408,487206912,46653440,46641152,46632960,471801856,48058368,534560768,532213760,532471808,536424448,48988160,46858240,46882816,46858240
488181760,488337408,487206912,46653440,46641152,46632960,471801856,48058368,534560768,532213760,532471808,536424448,48988160,46858240,46882816,46858240
488181760,488337408,487206912,46653440,46641152,46632960,471801856,48058368,534560768,532213760,532471808,536424448,48988160,46858240,46882816,46858240
488181760,488337408,487206912,46653440,46641152,46632960,471801856,48058368,534560768,532213760,532471808,536424448,48988160,46858240,46882816,46858240
488181760,488337408,487206912,46653440,46641152,46632960,471801856,48058368,534560768,532213760,532471808,536424448,48988160,46858240,46882816,46858240
488181760,488337408,487206912,46653440,46641152,46632960,471801856,48058368,534560768,532213760,532471808,536424448,48988160,46858240,46882816,46858240
488181760,488341504,487206912,46653440,46641152,46632960,471801856,48058368,534560768,532213760,532471808,536424448,48988160,46858240,46882816,46858240
488181760,488341504,487206912,46653440,46641152,46632960,471801856,48058368,534560768,532213760,532471808,536424448,48988160,46858240,46882816,46858240
488181760,488341504,487206912,46653440,46641152,46632960,471801856,48058368,534560768,532213760,532471808,536424448,48988160,46858240,46882816,46858240
488181760,488341504,487206912,46653440,46641152,46632960,471801856,48058368,534560768,532213760,532471808,536424448,48988160,46858240,46882816,46858240
488181760,488341504,487206912,46653440,46641152,46632960,471801856,48058368,534560768,532213760,532471808,536424448,48988160,46858240,46882816,46858240
488181760,488341504,487206912,46653440,46641152,46632960,471801856,48058368,534560768,532213760,532471808,536424448,48988160,46858240,46882816,46858240
488181760,488341504,487206912,46653440,46641152,46632960,471801856,48062464,534560768,532213760,532471808,536424448,48988160,46858240,46882816,46858240
488181760,488341504,487206912,46653440,46641152,46632960,471801856,48062464,534560768,532213760,532471808,536424448,48988160,46858240,46882816,46858240
488181760,488341504,487206912,46653440,46641152,46632960,471801856,48062464,534560768,532213760,532471808,536424448,48988160,46858240,46882816,46858240
488181760,488341504,487206912,46653440,46641152,46632960,471801856,48062464,534560768,532213760,532471808,536424448,48988160,46858240,46882816,46858240
488181760,488341504,487206912,46653440,46641152,46632960,471801856,48062464,534560768,532213760,532471808,536424448,48988160,46858240,46882816,46858240
488181760,488341504,487206912,46653440,46641152,46632960,471801856,48062464,534560768,532213760,532471808,536424448,48988160,46858240,46882816,46858240
488181760,488341504,487206912,46653440,46641152,46632960,471801856,48062464,534560768,532213760,532471808,536424448,48988160,46858240,46882816,46858240
488181760,488341504,487206912,46653440,46641152,46632960,471801856,48062464,534560768,532213760,532471808,536424448,48988160,46858240,46882816,46858240
488181760,488341504,487206912,46653440,46641152,46632960,471801856,48062464,534560768,532213760,532471808,536424448,48988160,46858240,46882816,46858240
488181760,488341504,487206912,46653440,46641152,46632960,471801856,48062464,534560768,532213760,532471808,536424448,48988160,46858240,46882816,46858240
488181760,488341504,487206912,46653440,46641152,46632960,471801856,48062464,534560768,532213760,532471808,536424448,48988160,46858240,46882816,46858240
488181760,488341504,487206912,46653440,46641152,46632960,471801856,48062464,534560768,532213760,532471808,536424448,48988160,46858240,46882816,46858240
488181760,488341504,487206912,46653440,46641152,46632960,471801856,48062464,534560768,532213760,532471808,536424448,48988160,46858240,46882816,46858240
488181760,488341504,487206912,46653440,46641152,46632960,471801856,48062464,534560768,532213760,532471808,536424448,48988160,46858240,46882816,46858240
488181760,488341504,487206912,46653440,46641152,46632960,471801856,48062464,534560768,532213760,532471808,536424448,48988160,46858240,46882816,46858240
488181760,488341504,487206912,46653440,46641152,46632960,471801856,48062464,534560768,532213760,532471808,536424448,48988160,46858240,46882816,46858240
488181760,488341504,487206912,46653440,46641152,46632960,471801856,48062464,534560768,532213760,532471808,536424448,48988160,46858240,46882816,46858240
488181760,488341504,487206912,46653440,46641152,46632960,471801856,48062464,534560768,532213760,532471808,536424448,48988160,46858240,46882816,46858240
488181760,488341504,487206912,46653440,46641152,46632960,471801856,48062464,534560768,532213760,532471808,536424448,48988160,46858240,46882816,46858240
488181760,488341504,487206912,46653440,46641152,46632960,471801856,48062464,534560768,532213760,532471808,536424448,48988160,46858240,46882816,46858240
488181760,488341504,487206912,46653440,46641152,46632960,471801856,48066560,534560768,532213760,532471808,536424448,48988160,46858240,46882816,46858240
488181760,488341504,487206912,46653440,46641152,46632960,471801856,48066560,534560768,532213760,532471808,536424448,48988160,46858240,46882816,46858240
488181760,488341504,487206912,46653440,46641152,46632960,471801856,48066560,534560768,532213760,532471808,536424448,48988160,46858240,46882816,46858240
488181760,488341504,487206912,46653440,46641152,46632960,471801856,48066560,534560768,532213760,532471808,536424448,48988160,46858240,46882816,46858240
488181760,488341504,487206912,46653440,46641152,46632960,471801856,48066560,534560768,532213760,532471808,536424448,48988160,46858240,46882816,46858240
488181760,488341504,487206912,46653440,46641152,46632960,471801856,48066560,534560768,532213760,532471808,536424448,48988160,46858240,46882816,46858240
488181760,488341504,487206912,46653440,46641152,46632960,471801856,48066560,534560768,532213760,532471808,536424448,48988160,46858240,46882816,46858240
488181760,488341504,487211008,46653440,46641152,46632960,471801856,48066560,534560768,532213760,532471808,536424448,48988160,46858240,46882816,46858240
488181760,488341504,487211008,46653440,46641152,46632960,471801856,48066560,534560768,532213760,532471808,536424448,48988160,46858240,46882816,46858240
488181760,488341504,487211008,46653440,46641152,46632960,471801856,48066560,534560768,532213760,532471808,536424448,48988160,46858240,46882816,46858240
488181760,488341504,487211008,46653440,46641152,46632960,471805952,48066560,534560768,532213760,532471808,536424448,48988160,46858240,46882816,46858240
488181760,488341504,487211008,46653440,46641152,46632960,471805952,48066560,534560768,532213760,532471808,536424448,48988160,46858240,46882816,46858240
488181760,488341504,487211008,46653440,46641152,46632960,471805952,48066560,534560768,532213760,532471808,536424448,48988160,46858240,46882816,46858240
488181760,488341504,487211008,46653440,46641152,46632960,471810048,48066560,534560768,532213760,532471808,536424448,48988160,46858240,46882816,46858240
488181760,488341504,487211008,46653440,46641152,46632960,471810048,48066560,534560768,532213760,532471808,536424448,48988160,46858240,46882816,46858240
488181760,488341504,487211008,46653440,46641152,46632960,471810048,48066560,534560768,532213760,532471808,536424448,48988160,46858240,46882816,46858240
488181760,488341504,487211008,46653440,46641152,46632960,471810048,48066560,534560768,532213760,532471808,536424448,48988160,46858240,46882816,46858240
488181760,488341504,487211008,46653440,46641152,46632960,471810048,48066560,534560768,532213760,532471808,536424448,48988160,46858240,46882816,46858240
488181760,488341504,487211008,46653440,46641152,46632960,471810048,48066560,534560768,532213760,532471808,536424448,48988160,46858240,46882816,46858240
488181760,488341504,487211008,46653440,46641152,46632960,471810048,48066560,534560768,532213760,532471808,536424448,48988160,46858240,46882816,46858240
488181760,488341504,487211008,46653440,46641152,46632960,471810048,48066560,534560768,532213760,532471808,536424448,48988160,46858240,46882816,46858240
488181760,488341504,487211008,46653440,46641152,46632960,471810048,48070656,534560768,532213760,532471808,536424448,48988160,46858240,46882816,46858240
488181760,488341504,487211008,46653440,46641152,46632960,471810048,48070656,534560768,532213760,532475904,536424448,48988160,46858240,46882816,46858240
488181760,488341504,487211008,46653440,46641152,46632960,471810048,48070656,534560768,532213760,532475904,536424448,48988160,46858240,46882816,46858240
488181760,488341504,487211008,46653440,46641152,46632960,471818240,48070656,534560768,532213760,532475904,536424448,48988160,46858240,46882816,46858240
488181760,488341504,487211008,46653440,46641152,46632960,471818240,48070656,534560768,532213760,532475904,536424448,48988160,46858240,46882816,46858240
488181760,488341504,487211008,46653440,46641152,46632960,471818240,48070656,534560768,532213760,532475904,536424448,48988160,46858240,46882816,46858240
488181760,488341504,487211008,46653440,46641152,46632960,471818240,48070656,534560768,532213760,532475904,536424448,48988160,46858240,46882816,46858240
488181760,488341504,487211008,46653440,46641152,46632960,471818240,48070656,534560768,532213760,532475904,536424448,48988160,46858240,46882816,46858240
488181760,488341504,487211008,46653440,46641152,46632960,471818240,48070656,534560768,532213760,532475904,536424448,48988160,46858240,46882816,46858240
488181760,488341504,487211008,46653440,46641152,46632960,471818240,48070656,534560768,532213760,532475904,536424448,48988160,46858240,46882816,46858240
488181760,488341504,487211008,46653440,46641152,46632960,471818240,48070656,534560768,532213760,532475904,536424448,48988160,46858240,46882816,46858240
488181760,488341504,487211008,46653440,46641152,46632960,471818240,48070656,534560768,532213760,532475904,536424448,48988160,46858240,46882816,46858240
488181760,488341504,487211008,46653440,46641152,46632960,471818240,48070656,534560768,532213760,532475904,536424448,48988160,46858240,46882816,46858240
488181760,488341504,487211008,46653440,46641152,46632960,471818240,48070656,534560768,532213760,532475904,536424448,48988160,46858240,46882816,46858240
488181760,488341504,487211008,46653440,46641152,46632960,471818240,48070656,534560768,532213760,532475904,536424448,48988160,46858240,46882816,46858240
488181760,488341504,487211008,46653440,46641152,46632960,471818240,48070656,534560768,532213760,532475904,536424448,48988160,46858240,46882816,46858240
488181760,488341504,487211008,46653440,46641152,46632960,471818240,48070656,534560768,532213760,532475904,536424448,48988160,46858240,46882816,46858240
488181760,488341504,487211008,46653440,46641152,46632960,471818240,48070656,534560768,532213760,532475904,536424448,48988160,46858240,46882816,46858240
488181760,488341504,487211008,46653440,46641152,46632960,471818240,48070656,534560768,532213760,532475904,536424448,48988160,46858240,46882816,46858240
488181760,488341504,487211008,46653440,46641152,46632960,471818240,48070656,534560768,532213760,532475904,536424448,48988160,46858240,46882816,46858240
488181760,488341504,487211008,46653440,46641152,46632960,471818240,48070656,534560768,532213760,532475904,536424448,48988160,46858240,46882816,46858240
488181760,488341504,487211008,46653440,46641152,46632960,471818240,48074752,534560768,532213760,532475904,536424448,48988160,46858240,46882816,46858240
488181760,488341504,487211008,46653440,46641152,46632960,471818240,48074752,534560768,532213760,532475904,536424448,48988160,46858240,46882816,46858240
488181760,488341504,487211008,46653440,46641152,46632960,471818240,48074752,534560768,532213760,532475904,536424448,48988160,46858240,46882816,46858240
488181760,488341504,487211008,46653440,46641152,46632960,471818240,48074752,534560768,532213760,532475904,536424448,48988160,46858240,46882816,46858240
488181760,488341504,487211008,46653440,46641152,46632960,471818240,48074752,534560768,532213760,532475904,536424448,48988160,46858240,46882816,46858240
488181760,488341504,487211008,46653440,46641152,46632960,471818240,48074752,534560768,532213760,532475904,536424448,48988160,46858240,46882816,46858240
488181760,488341504,487211008,46653440,46641152,46632960,471818240,48074752,534560768,532213760,532475904,536424448,48988160,46858240,46882816,46858240
488181760,488341504,487211008,46653440,46641152,46632960,471818240,48074752,534560768,532213760,532475904,536424448,48988160,46858240,46882816,46858240
488181760,488341504,487211008,46653440,46641152,46632960,471818240,48074752,534560768,532213760,532475904,536424448,48988160,46858240,46882816,46858240
488181760,488341504,487211008,46653440,46641152,46632960,471818240,48074752,534560768,532213760,532475904,536424448,48988160,46858240,46882816,46858240
488181760,488341504,487211008,46653440,46641152,46632960,471818240,48074752,534560768,532213760,532475904,536424448,48988160,46858240,46882816,46858240
488181760,488341504,487211008,46653440,46641152,46632960,471818240,48074752,534560768,532213760,532475904,536424448,48988160,46858240,46882816,46858240
488181760,488341504,487211008,46653440,46641152,46632960,471818240,48074752,534560768,532217856,532475904,536424448,48988160,46858240,46882816,46858240
488181760,488341504,487211008,46653440,46641152,46632960,471818240,48074752,534560768,532217856,532475904,536424448,48988160,46858240,46882816,46858240
488181760,488341504,487211008,46653440,46641152,46632960,471818240,48074752,534560768,532217856,532475904,536424448,48988160,46858240,46882816,46858240
488181760,488341504,487211008,46653440,46641152,46632960,471818240,48074752,534560768,532217856,532475904,536424448,48988160,46858240,46882816,46858240
488181760,488341504,487211008,46653440,46641152,46632960,471818240,48074752,534560768,532217856,532475904,536424448,48988160,46858240,46882816,46858240
488181760,488341504,487211008,46653440,46641152,46632960,471818240,48074752,534560768,532217856,532475904,536424448,48988160,46858240,46882816,46858240
488181760,488341504,487211008,46653440,46641152,46632960,471818240,48074752,534560768,532217856,532475904,536424448,48988160,46858240,46882816,46858240
488181760,488341504,487211008,46653440,46641152,46632960,471818240,48074752,534560768,532217856,532475904,536424448,48988160,46858240,46882816,46858240
488181760,488341504,487211008,46653440,46641152,46632960,471818240,48078848,534560768,532217856,532475904,536424448,48988160,46858240,46882816,46858240
488181760,488341504,487211008,46653440,46641152,46632960,471818240,48078848,534560768,532217856,532475904,536424448,48988160,46858240,46882816,46858240
488181760,488341504,487211008,46653440,46641152,46632960,471818240,48078848,534560768,532217856,532475904,536424448,48988160,46858240,46882816,46858240
488181760,488341504,487211008,46653440,46641152,46632960,471818240,48078848,534560768,532217856,532475904,536424448,48988160,46858240,46882816,46858240
488181760,488341504,487211008,46653440,46641152,46632960,471818240,48078848,534560768,532217856,532475904,536424448,48988160,46858240,46882816,46858240
488181760,488341504,487211008,46653440,46641152,46632960,471818240,48078848,534560768,532217856,532475904,536424448,48988160,46858240,46882816,46858240
488181760,488341504,487211008,46653440,46641152,46632960,471818240,48078848,534560768,532217856,532475904,536424448,48988160,46858240,46882816,46858240
488181760,488341504,487211008,46653440,46641152,46632960,471818240,48078848,534560768,532217856,532475904,536424448,48988160,46858240,46882816,46858240
488181760,488341504,487211008,46653440,46641152,46632960,471818240,48078848,534560768,532217856,532475904,536424448,48988160,46858240,46882816,46858240
488181760,488341504,487211008,46653440,46641152,46632960,471818240,48078848,534560768,532217856,532475904,536424448,48988160,46858240,46882816,46858240
488181760,488341504,487211008,46653440,46641152,46632960,471818240,48078848,534560768,532217856,532475904,536424448,48988160,46858240,46882816,46858240
488181760,488341504,487211008,46653440,46641152,46632960,471818240,48078848,534560768,532217856,532475904,536424448,48988160,46858240,46882816,46858240
488181760,488341504,487211008,46653440,46641152,46632960,471818240,48078848,534560768,532217856,532475904,536424448,48988160,46858240,46882816,46858240
488181760,488341504,487211008,46653440,46641152,46632960,471818240,48078848,534560768,532217856,532475904,536424448,48988160,46858240,46882816,46858240
488181760,488341504,487211008,46653440,46641152,46632960,471818240,48078848,534560768,532217856,532475904,536424448,48988160,46858240,46882816,46858240
488181760,488341504,487211008,46653440,46641152,46632960,471818240,48078848,534560768,532217856,532475904,536424448,48988160,46858240,46882816,46858240
488181760,488341504,487211008,46653440,46641152,46632960,471818240,48078848,534560768,532217856,532475904,536424448,48988160,46858240,46882816,46858240
488181760,488341504,487211008,46653440,46641152,46632960,471818240,48078848,534560768,532217856,532475904,536424448,48988160,46858240,46882816,46858240
488181760,488341504,487211008,46653440,46641152,46632960,471818240,48078848,534560768,532217856,532475904,536424448,48988160,46858240,46882816,46858240
488181760,488341504,487211008,46653440,46641152,46632960,471818240,48078848,534560768,532217856,532475904,536424448,48988160,46858240,46882816,46858240
488181760,488341504,487211008,46653440,46641152,46632960,471818240,48078848,534560768,532217856,532475904,536424448,48988160,46858240,46882816,46858240
488181760,488341504,487211008,46653440,46641152,46632960,471818240,48078848,534560768,532217856,532475904,536424448,48988160,46858240,46882816,46858240
488181760,488341504,487211008,46653440,46641152,46632960,471818240,48082944,534560768,532217856,532475904,536424448,48988160,46858240,46882816,46858240
488181760,488341504,487211008,46653440,46641152,46632960,471818240,48082944,534560768,532217856,532475904,536424448,48988160,46858240,46882816,46858240
488181760,488341504,487211008,46653440,46641152,46632960,471818240,48082944,534560768,532217856,532475904,536424448,48988160,46858240,46882816,46858240
488181760,488341504,487211008,46653440,46641152,46632960,471818240,48082944,534560768,532217856,532475904,536424448,48988160,46858240,46882816,46858240
488181760,488341504,487211008,46653440,46641152,46632960,471818240,48082944,534560768,532217856,532475904,536424448,48988160,46858240,46882816,46858240
488181760,488341504,487211008,46653440,46641152,46632960,471818240,48082944,534560768,532217856,532475904,536424448,48988160,46858240,46882816,46858240
488181760,488341504,487211008,46653440,46641152,46632960,471818240,48082944,534560768,532217856,532475904,536424448,48988160,46858240,46882816,46858240
488181760,488341504,487211008,46653440,46641152,46632960,471818240,48082944,534560768,532217856,532475904,536424448,48988160,46858240,46882816,46858240
488181760,488341504,487211008,46653440,46641152,46632960,471818240,48082944,534560768,532217856,532475904,536424448,48988160,46858240,46882816,46858240
488181760,488341504,487211008,46653440,46641152,46632960,471818240,48082944,534560768,532217856,532475904,536424448,48988160,46858240,46882816,46858240
488181760,488341504,487211008,46653440,46641152,46632960,471818240,48082944,534560768,532217856,532475904,536424448,48988160,46858240,46882816,46858240
488181760,488341504,487211008,46653440,46641152,46632960,471818240,48082944,534560768,532217856,532475904,536424448,48988160,46858240,46882816,46858240
488181760,488341504,487211008,46653440,46641152,46632960,471818240,48082944,534560768,532217856,532475904,536424448,48988160,46858240,46882816,46858240
488181760,488341504,487211008,46653440,46641152,46632960,471818240,48082944,534560768,532217856,532475904,536424448,48988160,46858240,46882816,46858240
488181760,488341504,487211008,46653440,46641152,46632960,471818240,48082944,534560768,532217856,532475904,536424448,48988160,46858240,46882816,46858240
488181760,488341504,487211008,46653440,46641152,46632960,471818240,48082944,534560768,532217856,532475904,536424448,48988160,46858240,46882816,46858240
488181760,488341504,487211008,46653440,46641152,46632960,471818240,48082944,534560768,532217856,532475904,536424448,48988160,46858240,46882816,46858240
488181760,488341504,487211008,46653440,46641152,46632960,471818240,48082944,534560768,532217856,532475904,536424448,48988160,46858240,46882816,46858240
488181760,488341504,487211008,46653440,46641152,46632960,471818240,48082944,534560768,532217856,532475904,536424448,48988160,46858240,46882816,46858240
488181760,488341504,487211008,46653440,46641152,46632960,471818240,48082944,534560768,532217856,532475904,536424448,48988160,46858240,46882816,46858240
488181760,488341504,487211008,46653440,46641152,46632960,471818240,48082944,534560768,532217856,532475904,536424448,48988160,46858240,46882816,46858240
488181760,488341504,487211008,46653440,46641152,46632960,471818240,48087040,534560768,532217856,532475904,536424448,48988160,46858240,46882816,46858240
488181760,488341504,487211008,46653440,46641152,46632960,471818240,48087040,534560768,532217856,532475904,536424448,48988160,46858240,46882816,46858240
488181760,488341504,487211008,46653440,46641152,46632960,471818240,48087040,534560768,532217856,532475904,536424448,48988160,46858240,46882816,46858240
488181760,488341504,487211008,46653440,46641152,46632960,471818240,48087040,534560768,532217856,532475904,536424448,48988160,46858240,46882816,46858240
488181760,488341504,487211008,46653440,46641152,46632960,471818240,48087040,534560768,532217856,532475904,536424448,48988160,46858240,46882816,46858240
488181760,488341504,487211008,46653440,46641152,46632960,471818240,48087040,534560768,532217856,532475904,536424448,48988160,46862336,46882816,46858240
488181760,488341504,487211008,46653440,46641152,46632960,471818240,48087040,534560768,532217856,532475904,536424448,48988160,46862336,46882816,46858240
488181760,488341504,487211008,46653440,46641152,46632960,471818240,48087040,534560768,532217856,532475904,536424448,48988160,46862336,46882816,46858240
488181760,488341504,487211008,46653440,46641152,46632960,471818240,48087040,534560768,532217856,532475904,536424448,48988160,46862336,46882816,46858240
488181760,488341504,487211008,46653440,46641152,46632960,471818240,48087040,534560768,532217856,532475904,536424448,48988160,46862336,46882816,46858240
488181760,488341504,487211008,46653440,46641152,46632960,471818240,48087040,534560768,532217856,532475904,536424448,48988160,46862336,46882816,46858240
488181760,488341504,487211008,46653440,46641152,46632960,471818240,48087040,534560768,532217856,532475904,536424448,48988160,46862336,46882816,46858240
488181760,488341504,487211008,46653440,46641152,46632960,471818240,48087040,534560768,532217856,532475904,536424448,48988160,46862336,46882816,46858240
488181760,488341504,487211008,46653440,46641152,46632960,471818240,48091136,534560768,532217856,532475904,536424448,48988160,46862336,46882816,46858240
488181760,488341504,487211008,46653440,46641152,46632960,471818240,48091136,534560768,532217856,532475904,536424448,48988160,46862336,46882816,46858240
488181760,488341504,487211008,46653440,46641152,46632960,471818240,48091136,534560768,532217856,532475904,536424448,48988160,46862336,46882816,46858240
488181760,488341504,487211008,46653440,46641152,46632960,471818240,48091136,534560768,532217856,532475904,536424448,48988160,46862336,46882816,46858240
488181760,488341504,487211008,46653440,46641152,46632960,471818240,48091136,534560768,532217856,532475904,536424448,48988160,46862336,46882816,46858240
488181760,488341504,487211008,46653440,46641152,46632960,471818240,48091136,534560768,532217856,532475904,536424448,48988160,46862336,46882816,46858240
488181760,488341504,487211008,46653440,46641152,46632960,471818240,48091136,534560768,532217856,532475904,536424448,48988160,46862336,46882816,46858240
488181760,488341504,487211008,46653440,46641152,46632960,471818240,48091136,534560768,532217856,532475904,536424448,48988160,46862336,46882816,46858240
488181760,488341504,487211008,46653440,46641152,46632960,471818240,48095232,534560768,532217856,532475904,536424448,48988160,46862336,46882816,46858240
488181760,488341504,487211008,46653440,46641152,46632960,471818240,48095232,534560768,532217856,532475904,536424448,48988160,46862336,46882816,46858240
488181760,488341504,487211008,46653440,46641152,46632960,471818240,48095232,534560768,532217856,532475904,536424448,48988160,46862336,46882816,46858240
488181760,488341504,487211008,46653440,46641152,46632960,471818240,48095232,534560768,532217856,532475904,536424448,48988160,46862336,46882816,46858240
488181760,488341504,487211008,46653440,46641152,46632960,471818240,48095232,534560768,532217856,532475904,536424448,48988160,46862336,46882816,46858240
488181760,488341504,487211008,46653440,46641152,46632960,471818240,48095232,534560768,532217856,532475904,536424448,48988160,46862336,46882816,46858240
488181760,488341504,487211008,46653440,46641152,46632960,471822336,48095232,534560768,532217856,532475904,536424448,48988160,46862336,46882816,46858240
488181760,488341504,487211008,46653440,46641152,46632960,471822336,48095232,534560768,532217856,532475904,536424448,48988160,46862336,46882816,46862336
488181760,488341504,487211008,46653440,46641152,46632960,471822336,48095232,534560768,532217856,532475904,536424448,48988160,46862336,46882816,46862336
488181760,488341504,487211008,46653440,46641152,46632960,471822336,48095232,534560768,532217856,532475904,536424448,48988160,46862336,46882816,46862336
488181760,488341504,487211008,46653440,46641152,46632960,471822336,48095232,534560768,532217856,532475904,536424448,48988160,46862336,46882816,46862336
488181760,488341504,487211008,46653440,46641152,46632960,471822336,48095232,534560768,532217856,532475904,536424448,48988160,46862336,46882816,46862336
488181760,488341504,487211008,46653440,46641152,46632960,471822336,48095232,534560768,532217856,532475904,536424448,48988160,46862336,46882816,46862336
488181760,488341504,487211008,46653440,46641152,46632960,471822336,48095232,534560768,532217856,532475904,536424448,48988160,46862336,46882816,46862336
488181760,488341504,487211008,46653440,46641152,46632960,471822336,48095232,534560768,532217856,532475904,536424448,48988160,46862336,46882816,46862336
488181760,488341504,487211008,46653440,46641152,46632960,471822336,48095232,534560768,532217856,532475904,536424448,48988160,46862336,46882816,46862336
488181760,488341504,487211008,46653440,46641152,46632960,471822336,48095232,534560768,532217856,532475904,536424448,48988160,46862336,46882816,46862336
488181760,488341504,487211008,46653440,46641152,46632960,471822336,48095232,534560768,532217856,532475904,536424448,48988160,46862336,46882816,46862336
488181760,488341504,487211008,46653440,46641152,46632960,471822336,48095232,534560768,532217856,532475904,536424448,48988160,46862336,46882816,46862336
488181760,488341504,487211008,46653440,46645248,46632960,471822336,48095232,534560768,532217856,532475904,536424448,48988160,46862336,46882816,46862336
488181760,488341504,487211008,46653440,46645248,46632960,471822336,48095232,534560768,532217856,532475904,536424448,48988160,46862336,46882816,46862336
488181760,488341504,487211008,46653440,46645248,46632960,471822336,48099328,534560768,532217856,532475904,536424448,48988160,46862336,46882816,46862336
488181760,488341504,487211008,46653440,46645248,46632960,471822336,48099328,534560768,532217856,532475904,536424448,48988160,46862336,46886912,46862336
488181760,488341504,487211008,46653440,46645248,46632960,471822336,48099328,534560768,532217856,532475904,536424448,48988160,46862336,46886912,46862336
488181760,488341504,487211008,46653440,46645248,46632960,471822336,48099328,534560768,532217856,532475904,536424448,48988160,46862336,46886912,46862336
488181760,488341504,487211008,46653440,46645248,46632960,471822336,48099328,534560768,532217856,532475904,536424448,48988160,46862336,46886912,46862336
488181760,488341504,487211008,46653440,46645248,46632960,471822336,48099328,534560768,532217856,532475904,536424448,48988160,46862336,46886912,46862336
488181760,488341504,487211008,46653440,46645248,46632960,471822336,48099328,534560768,532217856,532475904,536424448,48988160,46862336,46886912,46862336
488181760,488341504,487211008,46653440,46645248,46632960,471822336,48099328,534560768,532217856,532475904,536424448,48988160,46862336,46886912,46862336
488181760,488341504,487211008,46653440,46645248,46632960,471822336,48099328,534560768,532217856,532475904,536424448,48988160,46862336,46886912,46862336
488181760,488341504,487211008,46653440,46645248,46632960,471822336,48099328,534560768,532217856,532475904,536424448,48992256,46862336,46886912,46862336
488181760,488341504,487211008,46653440,46645248,46632960,471822336,48099328,534560768,532217856,532475904,536424448,48992256,46862336,46886912,46862336
488181760,488341504,487211008,46653440,46645248,46632960,471822336,48099328,534560768,532217856,532475904,536424448,48992256,46862336,46886912,46862336
488181760,488341504,487211008,46653440,46645248,46632960,471822336,48099328,534560768,532217856,532475904,536424448,48992256,46862336,46886912,46862336
488181760,488341504,487211008,46653440,46645248,46632960,471822336,48099328,534560768,532217856,532475904,536424448,48992256,46862336,46886912,46862336
488181760,488341504,487211008,46653440,46645248,46632960,471822336,48099328,534560768,532217856,532475904,536424448,48992256,46862336,46886912,46862336
488181760,488341504,487211008,46653440,46645248,46632960,471822336,48099328,534560768,532217856,532475904,536424448,48992256,46862336,46886912,46862336
488181760,488341504,487211008,46657536,46645248,46632960,471822336,48099328,534560768,532217856,532475904,536424448,48992256,46862336,46886912,46862336
488181760,488341504,487211008,46657536,46645248,46632960,471822336,48099328,534560768,532217856,532475904,536424448,48992256,46862336,46886912,46862336
488181760,488341504,487211008,46657536,46645248,46632960,471822336,48099328,534560768,532217856,532475904,536424448,48992256,46862336,46886912,46862336
488181760,488341504,487211008,46657536,46645248,46632960,471822336,48099328,534560768,532217856,532475904,536424448,48992256,46862336,46886912,46862336
488181760,488341504,487211008,46657536,46645248,46632960,471822336,48099328,534560768,532217856,532475904,536424448,48992256,46862336,46886912,46862336
488181760,488341504,487211008,46657536,46645248,46632960,471822336,48099328,534560768,532217856,532475904,536424448,48992256,46862336,46886912,46862336
488181760,488341504,487211008,46657536,46645248,46632960,471822336,48099328,534560768,532217856,532475904,536424448,48992256,46862336,46886912,46862336
488181760,488341504,487211008,46657536,46645248,46632960,471822336,48103424,534560768,532217856,532475904,536424448,48992256,46862336,46886912,46862336
488181760,488341504,487211008,46657536,46645248,46632960,471822336,48103424,534560768,532217856,532475904,536424448,48992256,46862336,46886912,46862336
488181760,488341504,487211008,46657536,46645248,46632960,471822336,48103424,534560768,532217856,532475904,536424448,48992256,46862336,46886912,46862336
488181760,488341504,487211008,46657536,46645248,46632960,471822336,48103424,534560768,532217856,532475904,536424448,48992256,46862336,46886912,46862336
488181760,488341504,487211008,46657536,46645248,46632960,471822336,48103424,534560768,532217856,532475904,536424448,48992256,46862336,46886912,46862336
488181760,488341504,487211008,46657536,46645248,46637056,471826432,48103424,534560768,532217856,532475904,536424448,48992256,46862336,46886912,46862336
488181760,488341504,487211008,46657536,46645248,46637056,471826432,48103424,534560768,532217856,532475904,536424448,48992256,46862336,46886912,46862336
488181760,488341504,487211008,46657536,46645248,46637056,471822336,48103424,534560768,532217856,532475904,536424448,48992256,46862336,46886912,46862336
488181760,488341504,487211008,46657536,46645248,46637056,471822336,48103424,534560768,532217856,532475904,536424448,48992256,46862336,46886912,46862336
488181760,488341504,487211008,46657536,46645248,46637056,471822336,48103424,534560768,532217856,532475904,536424448,48992256,46862336,46886912,46862336
488181760,488341504,487211008,46657536,46645248,46637056,471822336,48103424,534560768,532217856,532475904,536424448,48992256,46862336,46886912,46862336
488181760,488341504,488300544,46657536,46645248,47054848,471822336,48103424,534560768,532217856,532475904,536424448,48992256,46862336,46886912,46862336
488181760,488341504,488300544,46657536,46645248,47054848,471822336,48394240,534560768,532217856,532475904,536424448,48992256,46862336,46886912,46862336
488181760,488341504,488300544,46657536,46645248,47075328,471822336,48394240,534560768,532217856,532475904,536424448,48992256,46862336,46886912,46862336
488181760,488341504,488300544,46657536,46645248,47083520,472502272,48480256,534560768,532217856,532475904,536424448,48992256,46862336,46886912,46862336
488181760,488341504,488300544,46657536,46645248,47083520,472502272,48480256,535666688,532217856,532475904,536424448,49397760,46862336,46886912,46862336
488181760,488341504,488304640,46657536,46645248,47083520,472502272,48480256,535666688,532217856,532475904,536424448,49397760,46862336,46886912,46862336
488181760,488341504,488304640,46657536,46645248,47083520,473169920,48308224,535666688,532217856,532475904,536424448,49397760,46862336,46886912,46862336
488181760,488341504,488304640,46657536,46645248,47083520,473169920,48308224,535666688,532217856,532475904,536424448,49405952,46862336,46886912,46862336
488181760,488341504,488304640,46657536,46645248,47083520,473169920,48308224,535666688,532217856,532475904,536424448,49405952,46862336,46886912,46862336
488181760,488341504,488304640,46657536,46645248,47083520,473169920,48295936,535666688,532217856,532475904,536424448,49414144,46862336,46886912,46862336
488181760,488341504,488304640,46657536,46645248,47087616,473169920,48295936,535666688,532217856,532475904,536424448,49414144,46862336,46886912,46862336
488181760,488341504,488304640,46657536,46645248,47087616,473169920,48295936,535666688,532217856,532475904,536424448,49414144,46862336,46886912,46862336
488181760,488341504,488304640,46657536,46645248,47087616,473169920,48304128,535666688,532217856,532475904,536424448,49418240,46862336,46886912,46862336
488181760,488341504,488304640,46657536,46645248,47104000,473169920,48304128,535666688,532217856,532475904,536424448,49422336,46862336,46886912,46862336
488181760,488341504,488304640,46657536,46645248,47104000,473169920,48308224,535666688,532217856,532475904,536424448,49422336,46862336,46886912,46862336
488181760,488341504,488304640,46657536,46645248,47104000,473169920,48308224,535670784,532217856,532475904,536424448,49430528,46862336,46886912,46862336
488181760,488341504,488304640,46657536,46645248,47104000,473169920,48308224,535670784,532217856,532475904,536424448,49438720,46862336,46886912,46862336
488181760,488341504,488304640,46657536,46645248,47104000,473169920,48308224,535670784,532217856,532475904,536424448,49438720,46862336,46886912,46862336
488181760,488341504,488304640,46657536,46645248,47104000,473169920,48308224,535670784,532217856,532475904,536424448,49438720,46862336,46886912,46862336
488181760,488341504,488304640,46657536,46645248,47104000,473169920,48308224,535670784,532217856,532475904,536424448,49438720,46862336,46886912,46862336
488181760,488341504,488304640,46657536,46645248,47104000,473169920,48308224,535670784,532217856,532475904,536424448,49438720,46862336,46886912,46862336
488181760,488341504,488304640,46657536,46645248,47104000,473169920,48308224,535670784,532217856,532475904,536424448,49438720,46862336,46886912,46862336
488181760,488341504,488304640,46657536,46645248,47104000,473169920,48308224,535670784,532217856,532475904,536424448,49438720,46862336,46886912,46862336
488181760,488341504,488304640,46657536,46645248,47104000,473169920,48308224,535670784,532217856,532475904,536424448,49438720,46862336,46886912,46862336
488181760,488341504,488308736,46657536,46649344,47104000,473169920,48308224,535670784,532217856,532475904,536424448,49438720,46862336,46886912,46862336
488181760,488341504,488308736,46657536,46649344,47104000,473169920,48308224,535670784,532217856,532475904,536424448,49442816,46862336,46886912,46862336
488181760,488341504,488308736,46657536,46649344,47104000,473169920,48308224,535670784,532217856,532475904,536424448,49442816,46862336,46886912,46862336
488181760,488341504,488308736,46657536,46649344,47104000,473169920,48308224,535670784,532217856,532475904,536424448,49442816,46862336,46886912,46862336
488181760,488341504,488308736,46657536,46649344,47104000,473169920,48308224,535670784,532217856,532475904,536424448,49442816,46862336,46886912,46862336
488181760,488341504,488308736,46657536,46649344,47104000,473169920,48308224,535670784,532217856,532475904,536424448,49442816,46862336,46886912,46862336
488181760,488341504,488308736,46657536,46649344,47104000,473169920,48308224,535670784,532217856,532475904,536424448,49442816,46862336,46886912,46862336
488181760,488341504,488308736,46657536,46649344,47104000,473169920,48308224,535670784,532217856,532475904,536424448,49442816,46862336,46886912,46862336
488181760,488341504,488308736,46657536,46649344,47104000,473169920,48308224,535670784,532217856,532475904,536424448,49442816,46862336,46886912,46862336
489156608,488341504,488308736,47079424,46649344,47104000,473677824,48558080,535670784,532217856,532475904,536424448,49442816,46862336,46886912,46862336
489156608,489168896,488308736,47079424,47087616,47104000,473677824,48558080,535670784,532217856,532475904,536424448,49442816,46862336,46886912,46862336
489156608,489168896,488308736,47087616,47095808,47104000,473677824,48562176,535670784,532217856,532475904,536424448,49459200,46862336,46886912,46862336
489156608,489168896,488308736,47087616,47095808,47104000,473677824,48562176,535670784,532217856,532475904,536424448,49459200,46862336,46886912,46862336
489156608,489168896,488308736,47087616,47099904,47104000,474136576,48328704,535670784,532217856,532475904,536424448,49459200,46862336,46886912,46862336
489156608,489168896,488308736,47087616,47099904,47104000,474136576,48328704,535670784,532217856,532475904,536424448,49459200,46862336,46886912,46862336
489156608,489168896,488308736,47104000,47099904,47104000,474136576,48328704,535670784,532217856,532475904,536424448,49459200,46862336,46886912,46862336
489156608,489168896,488308736,47104000,47099904,47104000,474136576,48328704,535670784,532217856,532475904,536424448,49459200,46862336,46886912,46862336
489156608,489168896,488308736,47104000,47099904,47104000,474136576,48328704,535670784,532217856,532475904,536424448,49467392,46862336,46886912,46862336
489156608,489168896,488308736,47104000,47099904,47104000,474136576,48328704,535670784,532217856,532475904,536424448,49467392,46862336,46886912,46862336
489156608,489168896,488308736,47104000,47104000,47104000,474136576,48328704,535670784,532217856,532475904,536424448,49467392,46862336,46886912,46862336
489156608,489168896,488308736,47104000,47104000,47104000,474136576,48328704,535670784,532217856,532475904,536424448,49467392,46862336,46886912,46862336
489156608,489168896,488308736,47104000,47120384,47104000,474136576,48328704,535670784,532217856,532475904,536424448,49467392,46862336,46886912,46862336
489156608,489168896,488308736,47104000,47120384,47104000,474136576,48328704,535670784,532217856,532475904,536424448,49467392,46862336,46886912,46862336
489156608,489168896,488308736,47104000,47120384,47108096,474136576,48328704,535670784,532217856,532475904,536424448,49467392,46862336,46886912,46862336
489156608,489168896,488308736,47104000,47120384,47108096,474136576,48328704,535670784,532217856,532475904,536424448,49467392,46862336,46886912,46862336
489156608,489168896,488308736,47104000,47120384,47108096,474136576,48332800,535670784,532217856,532475904,536424448,49467392,46862336,46886912,46862336
489156608,489168896,488308736,47104000,47120384,47108096,474136576,48332800,535670784,532217856,532475904,536424448,49467392,46862336,46886912,46862336
489156608,489168896,488308736,47104000,47120384,47108096,474136576,48336896,535670784,532217856,532475904,536424448,49467392,46862336,46886912,46862336
489156608,489168896,488308736,47071232,47120384,47108096,474136576,48336896,535670784,532217856,532475904,536424448,49467392,46862336,46886912,46862336
489156608,489168896,488308736,47071232,47120384,47108096,474136576,48336896,535670784,532217856,532475904,536424448,49467392,46862336,46886912,46862336
489156608,489168896,488308736,47071232,47120384,47108096,474136576,48336896,535670784,532217856,532475904,536424448,49467392,46862336,46886912,46862336
489156608,489168896,488308736,47075328,47120384,47108096,474136576,48336896,535670784,532217856,533663744,537251840,49467392,46862336,46886912,46862336
489156608,489168896,488308736,47075328,47120384,47108096,474136576,48336896,535670784,533274624,533663744,537251840,49467392,47267840,47329280,47271936
489156608,489168896,488308736,47075328,47120384,47108096,475078656,48701440,535670784,533274624,533667840,537251840,49467392,47267840,47337472,47271936
489156608,489168896,488308736,47075328,47120384,47108096,475078656,48701440,535670784,533274624,533667840,537251840,49467392,47276032,47337472,47284224
489156608,489168896,488308736,47075328,47120384,47108096,475078656,48701440,535670784,533274624,533667840,537251840,49467392,47284224,47341568,47284224
489156608,489168896,488308736,47075328,47120384,47108096,475078656,48517120,535670784,533274624,533667840,537251840,49467392,47284224,47349760,47284224
489156608,489168896,488308736,47075328,47120384,47108096,475308032,48517120,535670784,533274624,533667840,537251840,49467392,47824896,47349760,47284224
489156608,489168896,488308736,47075328,47120384,47108096,475308032,48488448,535670784,535179264,533667840,537251840,49467392,47824896,47349760,47292416
489156608,489168896,488308736,47075328,47120384,47108096,475308032,48893952,535670784,535179264,533667840,537251840,49467392,47443968,47349760,47292416
489156608,489168896,488308736,47075328,47120384,47108096,479055872,49037312,535670784,535179264,533667840,537251840,49467392,47443968,47349760,47292416
489156608,489168896,488308736,47075328,47120384,47497216,479055872,49037312,535670784,535179264,533667840,537251840,49467392,47443968,47345664,47292416
489156608,489168896,492634112,47075328,47120384,47497216,479055872,48640000,535670784,535179264,533667840,537251840,49467392,47443968,47345664,47296512
489156608,489168896,492634112,47075328,47120384,47169536,480321536,48582656,535670784,535179264,533667840,537251840,49868800,47456256,47345664,47296512
489156608,489168896,492634112,47075328,47120384,47169536,480321536,48992256,538722304,535179264,533667840,537251840,49868800,47456256,47345664,47296512
489156608,489168896,492634112,47075328,47120384,47169536,480321536,48992256,538722304,535179264,533667840,537251840,49573888,47456256,47345664,47296512
489156608,489168896,492634112,47075328,47120384,47169536,480321536,48951296,538722304,535179264,533667840,537251840,49573888,47456256,47353856,47296512
489156608,489168896,492634112,47464448,47120384,47169536,481497088,48951296,538722304,535183360,533667840,537251840,49573888,47456256,47353856,47300608
494071808,489168896,492634112,47464448,47120384,47169536,481497088,48570368,538722304,535183360,533667840,537251840,49577984,47456256,47353856,47300608
494071808,489168896,492634112,47144960,47120384,47169536,481497088,48984064,538722304,535183360,533667840,537251840,49577984,47456256,47357952,47300608
494071808,489168896,492634112,47144960,47120384,47169536,482078720,48984064,538722304,535183360,533667840,537251840,49577984,47456256,47775744,47308800
494075904,489168896,492634112,47144960,47120384,47169536,482078720,48590848,538722304,535183360,536698880,537251840,49577984,47456256,47456256,47308800
494075904,489168896,492634112,47144960,47120384,47169536,482078720,49020928,538722304,535183360,536698880,537251840,49577984,47456256,47456256,47702016
494075904,489168896,492634112,47144960,47120384,47169536,482684928,49020928,538722304,535183360,536698880,537251840,49577984,47460352,47456256,47702016
494075904,489168896,492634112,47144960,47120384,47169536,482684928,48623616,538722304,535183360,536698880,540393472,49577984,47460352,47456256,47411200
494075904,489168896,492634112,47144960,47120384,47169536,482684928,48979968,538722304,535183360,536698880,540393472,49577984,47460352,47456256,47411200
494075904,489168896,492634112,47144960,47153152,47169536,483540992,48996352,538722304,535183360,536698880,540393472,49577984,47460352,47456256,47411200
494075904,494223360,492634112,47144960,47153152,47169536,483540992,48996352,538722304,535183360,536698880,540393472,49577984,47460352,47456256,47411200
494075904,494223360,492634112,47144960,47202304,47169536,483540992,51105792,538722304,535183360,536698880,540393472,49577984,47460352,47456256,47411200
494075904,494223360,492634112,47144960,47202304,47169536,491495424,51105792,538722304,536326144,536698880,540393472,49983488,47460352,47456256,47411200
494075904,494223360,492634112,47579136,47202304,47611904,491495424,49147904,538726400,536326144,536698880,540393472,49561600,47415296,47456256,47419392
494075904,494223360,493907968,47579136,47202304,47611904,491495424,49147904,539955200,536326144,536698880,541597696,49561600,47415296,47476736,47419392
495353856,494223360,493907968,47198208,47202304,47181824,491495424,48726016,539955200,536326144,537001984,541597696,49561600,47415296,47476736,47349760
495353856,494223360,493907968,47198208,47202304,47181824,491495424,48730112,539955200,536326144,537001984,541597696,49561600,47415296,47476736,47349760
495353856,494223360,493907968,47198208,47202304,47181824,491495424,48730112,539955200,536326144,537001984,541597696,49631232,47415296,47468544,47419392
495435776,494223360,493907968,47333376,47202304,47218688,484265984,49119232,540012544,536326144,537001984,541597696,49631232,47415296,47468544,47456256
495435776,494571520,493998080,47333376,47267840,47218688,484265984,49168384,540012544,536326144,537001984,541663232,49631232,47415296,47489024,47456256
496230400,494571520,493998080,47333376,47271936,47218688,484265984,49102848,540012544,536326144,537174016,541663232,49631232,47501312,47489024,47456256
496230400,494571520,493998080,47333376,47271936,47218688,484265984,49102848,542785536,536461312,537174016,541663232,49631232,47501312,47489024,47456256
502087680,497418240,497856512,47333376,47271936,47218688,484265984,49102848,542785536,536461312,541339648,545701888,49631232,47501312,47489024,47456256
504459264,497418240,500953088,47333376,47271936,47218688,484265984,49102848,548315136,536461312,541339648,545701888,49631232,47501312,47489024,47456256
506449920,501108736,502927360,47333376,47271936,47218688,484265984,49102848,552259584,540807168,544894976,551624704,49631232,47501312,47489024,47456256
509591552,504242176,506097664,47333376,47271936,47218688,484265984,49102848,563580928,546459648,544894976,555188224,94638080,47501312,47489024,47456256
519450624,507400192,506097664,47333376,47271936,47218688,484265984,64925696,563580928,548704256,550486016,563892224,94638080,47501312,47489024,87564288
561635328,507400192,509706240,48390144,47271936,47218688,484265984,102785024,563580928,548704256,561106944,563892224,51568640,47501312,87404544,87564288
561635328,555732992,519008256,48394240,47271936,47218688,665509888,102785024,563580928,560955392,561106944,563892224,51568640,63520768,48537600,48705536
561635328,520785920,519008256,48394240,47271936,48001024,654376960,82812928,563580928,560955392,561106944,563892224,51568640,49229824,48533504,48705536
561635328,520785920,519008256,48394240,48517120,48001024,654376960,82812928,563580928,560955392,561106944,563892224,51568640,49229824,48533504,48705536
561635328,520785920,519008256,48394240,48517120,48001024,654376960,82812928,563580928,560955392,561106944,563892224,51568640,49229824,48533504,48705536
561635328,520785920,519008256,48394240,48517120,48001024,701751296,56283136,563580928,560955392,561106944,563892224,51568640,49229824,48533504,48705536
561635328,520785920,519008256,48394240,48517120,48001024,905707520,56287232,563580928,560955392,561106944,563892224,51568640,49233920,48533504,48705536
561635328,520785920,519008256,48394240,48517120,48001024,905707520,56287232,563580928,560955392,561106944,563892224,51568640,49233920,48533504,48705536
561635328,520785920,519008256,48394240,61538304,62296064,725835776,107151360,563580928,560955392,561106944,563892224,51568640,50593792,48533504,48705536
561647616,571748352,606380032,61460480,61538304,50073600,725835776,58261504,563580928,658444288,561106944,563892224,51568640,50593792,49774592,62140416
579231744,613629952,606416896,61460480,49303552,50073600,725835776,58261504,563580928,658489344,616890368,563900416,52899840,50593792,49774592,62140416
622432256,613662720,606416896,49221632,49303552,50073600,725835776,58265600,663089152,658518016,661938176,563900416,52899840,50593792,49774592,49901568
622432256,613662720,606445568,49221632,49303552,50073600,725835776,58265600,663109632,658518016,662052864,669814784,52899840,50610176,49774592,49901568
662818816,613695488,606445568,49221632,49303552,50073600,725835776,58265600,663175168,658587648,662052864,669818880,52899840,50610176,49774592,49901568
671719424,613695488,606445568,49221632,49303552,50073600,725835776,58265600,663179264,658604032,662052864,669818880,52899840,50610176,49774592,49901568
671719424,613695488,606543872,49221632,49303552,50073600,725835776,58265600,663179264,658608128,662052864,669818880,52899840,50610176,49774592,49901568
671760384,613789696,606543872,49221632,49303552,50073600,725835776,58265600,663195648,658608128,662069248,669818880,52899840,50610176,49774592,49901568
671772672,613793792,606543872,49221632,49303552,50073600,725835776,58265600,663195648,658608128,662073344,669839360,52899840,50610176,49774592,49901568
671801344,613793792,606543872,49221632,49303552,50073600,725835776,58265600,663199744,658608128,662073344,669843456,52899840,50610176,49774592,49901568
671801344,613793792,606543872,49221632,49303552,50073600,725835776,58265600,663203840,658608128,662073344,669843456,52899840,50610176,49774592,49901568
729919488,613793792,606543872,49221632,49303552,50073600,725835776,58265600,663203840,658608128,662077440,669843456,52899840,50610176,49774592,49901568
729919488,613793792,680796160,49221632,49303552,50073600,725835776,58265600,683974656,662265856,662077440,580022272,52899840,50610176,49774592,55865344
808226816,646045696,680796160,49221632,49303552,65081344,725835776,85368832,595677184,590983168,593481728,580022272,52899840,55959552,55623680,55865344
562061312,646045696,547905536,56504320,54403072,58949632,739442688,85368832,595677184,590983168,593481728,580022272,57729024,55959552,55619584,55865344
562061312,548921344,547905536,56504320,54403072,58949632,739520512,95305728,595677184,590983168,593481728,580022272,57729024,55959552,55619584,55865344
562061312,548921344,547905536,56504320,54403072,58945536,739532800,95305728,595681280,590983168,593481728,580022272,57729024,55959552,55623680,55865344
562061312,548921344,547905536,56504320,54403072,58945536,739532800,95305728,595681280,590983168,593481728,580022272,57729024,55959552,55623680,55865344
562061312,548921344,547905536,56504320,54403072,58945536,905170944,64638976,595681280,590983168,593481728,580022272,57729024,55959552,55623680,55865344
562061312,548921344,547905536,97570816,92897280,59224064,757944320,392056832,595681280,590983168,593481728,580022272,57729024,55959552,55623680,68091904
650518528,671244288,681332736,97570816,92897280,59224064,757944320,318435328,595681280,590983168,593481728,556392448,60874752,69087232,70385664,92397568
661729280,671244288,681332736,60829696,56123392,59224064,757944320,318435328,612319232,609853440,611872768,556392448,83603456,69087232,70385664,92397568
661729280,682639360,687104000,60829696,56123392,59224064,757944320,60891136,612319232,686178304,611872768,556392448,94597120,93163520,92434432,55615488
661725184,682639360,687095808,60829696,56123392,59224064,757944320,60891136,720400384,686178304,720084992,664064000,57815040,56385536,55652352,55615488
661725184,682635264,687091712,60829696,56123392,59224064,757944320,60891136,726618112,694484992,725909504,669958144,57815040,56385536,55652352,55615488
661725184,682631168,687091712,60829696,56123392,59224064,757944320,60891136,726618112,694484992,731357184,669958144,57815040,56385536,55652352,55615488
596770816,609345536,645656576,57896960,57671680,58138624,757944320,60903424,732254208,694484992,731357184,669954048,57815040,56385536,55652352,55619584
596770816,609345536,645656576,57896960,57671680,58138624,757944320,60903424,732254208,694484992,731357184,669954048,57815040,56385536,55652352,55619584
596770816,609345536,645656576,57896960,57671680,58138624,757944320,60903424,732278784,694484992,731357184,605794304,57815040,56385536,55652352,55619584
596770816,609345536,645656576,57896960,57671680,58138624,757944320,61018112,732278784,694484992,663945216,605794304,57815040,56483840,55390208,55169024
596770816,609345536,645656576,57896960,57671680,58138624,757944320,61018112,691347456,652734464,663945216,605794304,57569280,56483840,55390208,55169024
596770816,609345536,645656576,57896960,57671680,58277888,757944320,61206528,691347456,652734464,663945216,605794304,57569280,56483840,55390208,55169024
596770816,609345536,645656576,57896960,57810944,58277888,757944320,61284352,691347456,668454912,663945216,605794304,57716736,56483840,55459840,55169024
602906624,619606016,666025984,57999360,57745408,57196544,757944320,61296640,691347456,668454912,703959040,645238784,57716736,56270848,57004032,56287232
602906624,619606016,666025984,57999360,57745408,57196544,758034432,61296640,707575808,668454912,703959040,645238784,59133952,56270848,57004032,56287232
602906624,605716480,666025984,57999360,57745408,57196544,758034432,61300736,707575808,668454912,703959040,645238784,59117568,56270848,57004032,56287232
630173696,605716480,666025984,57765888,57745408,57196544,758034432,61546496,707575808,668454912,703959040,645238784,59117568,56270848,57004032,56287232
630173696,605716480,666025984,57765888,56578048,57196544,758239232,61546496,707575808,668454912,703959040,645238784,59199488,56270848,57004032,56287232
630173696,605716480,666025984,57765888,56578048,57196544,758239232,61607936,707915776,668454912,704253952,645238784,59199488,56270848,56991744,56287232
630214656,622432256,666025984,57839616,56696832,57196544,758239232,61681664,707915776,668712960,704253952,645238784,59150336,56270848,56999936,56287232
630214656,622432256,666025984,57839616,56696832,57253888,758239232,61681664,707915776,668712960,704253952,645238784,59150336,56295424,56999936,56287232
630231040,622432256,667004928,57839616,56696832,57253888,758239232,61616128,707915776,668712960,704253952,645566464,59150336,56295424,56999936,56287232
630231040,622432256,667004928,57839616,56696832,57253888,758239232,61616128,707915776,668712960,704253952,645566464,59150336,56295424,56999936,56287232
630231040,622432256,667004928,57839616,56696832,57253888,758239232,61616128,707915776,668712960,704253952,645566464,59150336,56295424,56999936,56287232
630231040,622432256,667004928,57839616,56696832,57253888,758239232,61616128,707915776,668712960,704253952,645566464,59150336,56295424,56999936,56287232
630231040,622432256,667004928,57839616,56696832,57253888,758239232,61616128,707915776,668712960,704253952,645566464,59150336,56295424,56999936,56287232
630231040,622432256,667004928,57839616,56696832,57253888,758239232,61616128,707915776,668712960,704253952,645566464,59150336,56295424,56999936,56287232
630231040,622432256,667004928,57839616,56696832,57253888,758239232,61616128,707915776,668712960,704253952,645566464,59150336,56295424,56999936,56287232
630231040,622432256,667004928,57839616,56696832,57253888,758239232,61616128,707915776,668712960,704253952,645566464,59150336,56295424,56999936,56287232
630231040,622432256,667004928,57839616,56696832,57253888,758239232,61616128,707915776,668712960,704253952,645566464,59150336,56295424,56999936,56287232
630231040,622432256,667004928,57839616,56696832,57253888,758239232,61616128,707915776,668712960,704253952,645566464,59150336,56295424,56999936,56287232
630231040,622432256,667004928,57839616,56696832,57253888,758239232,61616128,707915776,668712960,704253952,645566464,59150336,56295424,56999936,56287232
630231040,622432256,667004928,57839616,56696832,57253888,758239232,61616128,707915776,668712960,704253952,645566464,59150336,56295424,56999936,56287232
630231040,622432256,667004928,57839616,56696832,57253888,758239232,61616128,707915776,668712960,704253952,645566464,59150336,56295424,56999936,56287232
630231040,622432256,667004928,57839616,56696832,57253888,758239232,61620224,707915776,668712960,704253952,645566464,59150336,56295424,56999936,56287232
630231040,622432256,667004928,57839616,56696832,57253888,758239232,61620224,707915776,668712960,704253952,645566464,59150336,56295424,56999936,56287232
630231040,622432256,667004928,57839616,56696832,57253888,758239232,61620224,707915776,668712960,704253952,645566464,59150336,56295424,56999936,56287232
630231040,622432256,667004928,57839616,56696832,57253888,758239232,61624320,707915776,668712960,704253952,645566464,59150336,56295424,56999936,56287232
630231040,622432256,667004928,57839616,56696832,57253888,758239232,61624320,707915776,668712960,704253952,645566464,59150336,56295424,56999936,56287232
630231040,622432256,667004928,57839616,56696832,57253888,758239232,61628416,707915776,668712960,704253952,645566464,59150336,56295424,56999936,56287232
630231040,622432256,667004928,57839616,56696832,57257984,758243328,61628416,707915776,668712960,704253952,645566464,59150336,56295424,56999936,56287232
630231040,622432256,667004928,57839616,56696832,57257984,758243328,61628416,707915776,668712960,704253952,645566464,59150336,56295424,56999936,56287232
630231040,622432256,667004928,57839616,56696832,57257984,758239232,61628416,707915776,668712960,704253952,645566464,59150336,56295424,56999936,56287232
630231040,622432256,667004928,57839616,56696832,57257984,758239232,61628416,707915776,668712960,704253952,645566464,59150336,56295424,56999936,56287232
630231040,622432256,667004928,57839616,56696832,57257984,758239232,61628416,707915776,668712960,704253952,645566464,59150336,56295424,56999936,56287232
630231040,622432256,667004928,57839616,56696832,57257984,758239232,61628416,707915776,668712960,704253952,645566464,59150336,56295424,56999936,56287232
630231040,622432256,667004928,57839616,56696832,57257984,758239232,61628416,707915776,668712960,704253952,645566464,59150336,56295424,56999936,56287232
630231040,622432256,667004928,57839616,56696832,57257984,758239232,61628416,707915776,668712960,704253952,645566464,59150336,56295424,56999936,56287232
630231040,622432256,667004928,57839616,56696832,57257984,758239232,61628416,707915776,668712960,704253952,645566464,59150336,56295424,56999936,56287232
630231040,622432256,667004928,57839616,56696832,57257984,758239232,61628416,707915776,668712960,704253952,645566464,59150336,56295424,56999936,56287232
630231040,622432256,667004928,57839616,56696832,57257984,758239232,61628416,707915776,668712960,704253952,645566464,59150336,56295424,56999936,56287232
630231040,622432256,667004928,57839616,56696832,57257984,758239232,61628416,707915776,668712960,704253952,645566464,59150336,56295424,56999936,56287232
630231040,622432256,667004928,57839616,56696832,57257984,758239232,61628416,707915776,668712960,704253952,645566464,59150336,56295424,56999936,56287232
630231040,622432256,667004928,57839616,56696832,57257984,758239232,61628416,707915776,668712960,704253952,645566464,59150336,56295424,56999936,56287232
630231040,622432256,667004928,57839616,56696832,57257984,758239232,61628416,707915776,668712960,704253952,645566464,59150336,56295424,56999936,56287232
630231040,622432256,667004928,57839616,56696832,57257984,758239232,61632512,707915776,668712960,704253952,645566464,59150336,56295424,56999936,56287232
630231040,622432256,667004928,57839616,56696832,57257984,758239232,61632512,707915776,668712960,704253952,645566464,59150336,56295424,56999936,56287232
630231040,622432256,667004928,57839616,56696832,57257984,758239232,61632512,707915776,668712960,704253952,645566464,59150336,56295424,56999936,56287232
630231040,622432256,667004928,57839616,56696832,57257984,758239232,61632512,707915776,668712960,704253952,645566464,59150336,56295424,56999936,56287232
630231040,622432256,667004928,57839616,56696832,57257984,758239232,61632512,707915776,668712960,704253952,645566464,59150336,56295424,56999936,56287232
630231040,622432256,667004928,57839616,56696832,57257984,758239232,61632512,707915776,668712960,704253952,645566464,59150336,56295424,56999936,56287232
630231040,622432256,667004928,57839616,56696832,57257984,758239232,61632512,707915776,668712960,704253952,645566464,59150336,56295424,56999936,56287232
630231040,622432256,667004928,57839616,56696832,57257984,758239232,61632512,707915776,668712960,704253952,645566464,59150336,56295424,56999936,56287232
630231040,622432256,667004928,57839616,56696832,57257984,758239232,61632512,707915776,668712960,704253952,645566464,59150336,56295424,56999936,56287232
630231040,622432256,667004928,57839616,56696832,57257984,758239232,61632512,707915776,668712960,704253952,645566464,59150336,56295424,56999936,56287232
630231040,622432256,667004928,57839616,56696832,57257984,758239232,61632512,707915776,668712960,704253952,645566464,59150336,56295424,56999936,56287232
630231040,622432256,667004928,57839616,56696832,57257984,758239232,61632512,707915776,668712960,704253952,645566464,59150336,56295424,56999936,56287232
630231040,622432256,667004928,57839616,56696832,57257984,758239232,61632512,707915776,668712960,704253952,645566464,59150336,56295424,56999936,56287232
630231040,622432256,667004928,57839616,56696832,57257984,758239232,61632512,707915776,668712960,704253952,645566464,59150336,56295424,56999936,56287232
630231040,622432256,667004928,57839616,56696832,57257984,758239232,61632512,707915776,668712960,704253952,645566464,59150336,56295424,56999936,56287232
630231040,622432256,667004928,57839616,56696832,57257984,758239232,61632512,707915776,668712960,704253952,645566464,59150336,56295424,56999936,56287232
630231040,622432256,667004928,57839616,56696832,57257984,758239232,61632512,707915776,668712960,704253952,645566464,59150336,56295424,56999936,56287232
630231040,622432256,667004928,57839616,56696832,57257984,758239232,61632512,707915776,668712960,704253952,645566464,59150336,56295424,56999936,56287232
630231040,622432256,667004928,57839616,56696832,57257984,758239232,61632512,707915776,668712960,704253952,645566464,59150336,56295424,56999936,56287232
630231040,622432256,667004928,57839616,56696832,57257984,758239232,61632512,707915776,668712960,704253952,645566464,59150336,56295424,56999936,56287232
630231040,622432256,667004928,57839616,56696832,57257984,758239232,61632512,707915776,668712960,704253952,645566464,59150336,56295424,56999936,56287232
630231040,622432256,667004928,57839616,56696832,57257984,758239232,61632512,707915776,668712960,704253952,645566464,59150336,56295424,56999936,56287232
630231040,622432256,667004928,57839616,56696832,57257984,758239232,61632512,707915776,668712960,704253952,645566464,59150336,56295424,56999936,56287232
630231040,622432256,667004928,57839616,56696832,57257984,758239232,61632512,707915776,668712960,704253952,645566464,59150336,56295424,56999936,56287232
630231040,622432256,667004928,57839616,56696832,57257984,758239232,61632512,707915776,668712960,704253952,645566464,59150336,56295424,56999936,56287232
630231040,622432256,667004928,57839616,56696832,57257984,758239232,61632512,707915776,668712960,704253952,645566464,59150336,56295424,56999936,56287232
630231040,622432256,667004928,57839616,56696832,57257984,758239232,61632512,707915776,668712960,704253952,645566464,59150336,56295424,56999936,56287232
630231040,622432256,667004928,57839616,56696832,57257984,758239232,61632512,707915776,668712960,704253952,645566464,59150336,56295424,56999936,56287232
630231040,622432256,667004928,57839616,56696832,57257984,758239232,61632512,707915776,668712960,704253952,645566464,59150336,56295424,56999936,56287232
630231040,622432256,667004928,57839616,56696832,57257984,758239232,61632512,707915776,668712960,704253952,645566464,59150336,56295424,56999936,56287232
630231040,622432256,667004928,57839616,56696832,57257984,758239232,61632512,707915776,668712960,704253952,645566464,59150336,56295424,56999936,56287232
630231040,622432256,667004928,57839616,56696832,57257984,758239232,61632512,707915776,668712960,704253952,645566464,59150336,56295424,56999936,56287232
630231040,622432256,667004928,57839616,56696832,57257984,758239232,61632512,707915776,668712960,704253952,645566464,59150336,56295424,56999936,56287232
630231040,622432256,667004928,57839616,56696832,57257984,758239232,61632512,707915776,668712960,704253952,645566464,59150336,56295424,56999936,56287232
630231040,622432256,667004928,57839616,56696832,57257984,758239232,61632512,707915776,668712960,704253952,645566464,59150336,56295424,56999936,56287232
630231040,622432256,667004928,57839616,56696832,57257984,758239232,61632512,707915776,668712960,704253952,645566464,59150336,56295424,56999936,56287232
630231040,622432256,667004928,57839616,56696832,57257984,758239232,61632512,707915776,668712960,704253952,645566464,59150336,56295424,56999936,56287232
630231040,622432256,667004928,57839616,56696832,57257984,758239232,61636608,707915776,668712960,704253952,645566464,59150336,56295424,56999936,56287232
630231040,622432256,667004928,57839616,56696832,57257984,758239232,61636608,707915776,668712960,704253952,645566464,59150336,56295424,56999936,56287232
630231040,622432256,667004928,57839616,56696832,57257984,758239232,61640704,707915776,668712960,704253952,645566464,59150336,56295424,56999936,56287232
630231040,622432256,667004928,57839616,56696832,57257984,758239232,61640704,707915776,668712960,704253952,645566464,59150336,56295424,56999936,56287232
630231040,622432256,667004928,57839616,56696832,57257984,758239232,61640704,707915776,668712960,704253952,645566464,59150336,56295424,56999936,56287232
630231040,622432256,667004928,57839616,56696832,57257984,758239232,61640704,707915776,668712960,704253952,645566464,59150336,56295424,56999936,56287232
630231040,622432256,667004928,57839616,56696832,57257984,758239232,61640704,707915776,668712960,704253952,645566464,59150336,56295424,56999936,56287232
630231040,622432256,667004928,57839616,56696832,57257984,758239232,61640704,707915776,668712960,704253952,645566464,59150336,56295424,56999936,56287232
630231040,622432256,667004928,57839616,56696832,57257984,758239232,61640704,707915776,668712960,704253952,645566464,59150336,56295424,56999936,56287232
630231040,622432256,667004928,57839616,56696832,57257984,758239232,61640704,707915776,668712960,704253952,645566464,59150336,56295424,56999936,56287232
630231040,622432256,667004928,57839616,56696832,57257984,758239232,61640704,707915776,668712960,704253952,645566464,59150336,56295424,56999936,56287232
630231040,622432256,667004928,57839616,56696832,57257984,758239232,61640704,707915776,668712960,704253952,645566464,59150336,56295424,56999936,56287232
630231040,622432256,667004928,57839616,56696832,57257984,758239232,61644800,707915776,668712960,704253952,645566464,59150336,56295424,56999936,56287232
630231040,622432256,667004928,57839616,56696832,57257984,758239232,61644800,707915776,668712960,704253952,645566464,59150336,56295424,56999936,56287232
630231040,622432256,667004928,57839616,56696832,57257984,758239232,61644800,707915776,668712960,704253952,645566464,59150336,56295424,56999936,56287232
630231040,622432256,667004928,57839616,56696832,57257984,758239232,61644800,707915776,668712960,704253952,645566464,59150336,56295424,56999936,56287232
630231040,622432256,667004928,57839616,56696832,57257984,758239232,61644800,707915776,668712960,704253952,645566464,59150336,56295424,56999936,56287232
630231040,622432256,667004928,57839616,56696832,57257984,758239232,61644800,707915776,668712960,704253952,645566464,59150336,56295424,56999936,56287232
630231040,622432256,667004928,57839616,56696832,57257984,758239232,61644800,707915776,668712960,704253952,645566464,59150336,56295424,56999936,56287232
630231040,622432256,667004928,57839616,56696832,57257984,758239232,61644800,707915776,668712960,704253952,645566464,59150336,56295424,56999936,56287232
630231040,622432256,667004928,57839616,56696832,57257984,758239232,61644800,707915776,668712960,704253952,645566464,59150336,56295424,56999936,56287232
630231040,622432256,667004928,57839616,56696832,57257984,758239232,61644800,707915776,668712960,704253952,645566464,59150336,56295424,56999936,56287232
630231040,622432256,667004928,57839616,56696832,57257984,758239232,61644800,707915776,668712960,704253952,645566464,59150336,56295424,56999936,56287232
630231040,622432256,667004928,57839616,56696832,57257984,758239232,61644800,707915776,668712960,704253952,645566464,59150336,56295424,56999936,56287232
630231040,622432256,667004928,57839616,56696832,57257984,758239232,61644800,707915776,668712960,704253952,645566464,59150336,56295424,56999936,56287232
630231040,622432256,667004928,57839616,56696832,57257984,758239232,61644800,707915776,668712960,704253952,645566464,59150336,56295424,56999936,56287232
630231040,622432256,667004928,57839616,56696832,57257984,758239232,61644800,707915776,668712960,704253952,645566464,59150336,56295424,56999936,56287232
630231040,622432256,667004928,57839616,56696832,57257984,758239232,61644800,707915776,668712960,704253952,645566464,59150336,56295424,56999936,56287232
630231040,622432256,667004928,57839616,56696832,57257984,758239232,61644800,707915776,668712960,704253952,645566464,59150336,56295424,56999936,56287232
630231040,622432256,667004928,57839616,56696832,57257984,758239232,61644800,707915776,668712960,704253952,645566464,59150336,56295424,56999936,56287232
630231040,622432256,667004928,57839616,56696832,57257984,758239232,61644800,707915776,668712960,704253952,645566464,59150336,56295424,56999936,56287232
630231040,622432256,667004928,57839616,56696832,57257984,758239232,61644800,707915776,668712960,704253952,645566464,59150336,56295424,56999936,56287232
630231040,622432256,667004928,57839616,56696832,57257984,758239232,61644800,707915776,668712960,704253952,645566464,59150336,56295424,56999936,56287232
630231040,622432256,667004928,57839616,56696832,57257984,758239232,61644800,707915776,668712960,704253952,645566464,59150336,56295424,56999936,56287232
630231040,622432256,667004928,57839616,56696832,57257984,758239232,61644800,707915776,668712960,704253952,645566464,59150336,56295424,56999936,56287232
630231040,622432256,667004928,57839616,56696832,57257984,758239232,61644800,707915776,668712960,704253952,645566464,59150336,56295424,56999936,56287232
630231040,622432256,667004928,57839616,56696832,57257984,758239232,61648896,707915776,668712960,704253952,645566464,59150336,56295424,56999936,56287232
630231040,622432256,667004928,57839616,56696832,57257984,758239232,61648896,707915776,668712960,704253952,645566464,59150336,56295424,56999936,56287232
630231040,622432256,667004928,57839616,56696832,57257984,758239232,61648896,707915776,668712960,704253952,645566464,59150336,56295424,56999936,56287232
630231040,622432256,667004928,57839616,56696832,57257984,758239232,61648896,707915776,668712960,704253952,645566464,59150336,56295424,56999936,56287232
630231040,622432256,667004928,57839616,56696832,57257984,758239232,61648896,707915776,668712960,704253952,645566464,59150336,56295424,56999936,56287232
630231040,622432256,667004928,57839616,56696832,57257984,758239232,61648896,707915776,668712960,704253952,645566464,59150336,56295424,56999936,56287232
630231040,622432256,667004928,57839616,56696832,57257984,758239232,61652992,707915776,668712960,704253952,645566464,59150336,56295424,56999936,56287232
630231040,622432256,667004928,57839616,56696832,57257984,758239232,61652992,707915776,668712960,704253952,645566464,59150336,56295424,56999936,56287232
630231040,622432256,667004928,57839616,56696832,57257984,758239232,61652992,707915776,668712960,704253952,645566464,59150336,56295424,56999936,56287232
630231040,622432256,667004928,57839616,56696832,57257984,758239232,61652992,707915776,668712960,704253952,645566464,59150336,56295424,56999936,56287232
630231040,622432256,667004928,57839616,56696832,57257984,758239232,61652992,707915776,668712960,704253952,645566464,59150336,56295424,56999936,56287232
630231040,622432256,667004928,57839616,56696832,57257984,758239232,61652992,707915776,668712960,704253952,645566464,59150336,56295424,56999936,56287232
630231040,622432256,667004928,57839616,56696832,57257984,758239232,61652992,707915776,668712960,704253952,645566464,59150336,56295424,56999936,56287232
630231040,622432256,667004928,57839616,56696832,57257984,758239232,61652992,707915776,668712960,704253952,645566464,59150336,56295424,56999936,56287232
630231040,622432256,667004928,57839616,56696832,57257984,758239232,61652992,707915776,668712960,704253952,645566464,59150336,56295424,56999936,56287232
630231040,622432256,667004928,57839616,56696832,57257984,758239232,61652992,707915776,668712960,704253952,645566464,59150336,56295424,56999936,56287232
630231040,622432256,667004928,57839616,56696832,57257984,758239232,61652992,707915776,668712960,704253952,645566464,59150336,56295424,56999936,56287232
630231040,622432256,667004928,57839616,56696832,57257984,758239232,61652992,707915776,668712960,704253952,645566464,59150336,56295424,56999936,56287232
630231040,622432256,667004928,57839616,56696832,57257984,758239232,61652992,707915776,668712960,704253952,645566464,59150336,56295424,56999936,56287232
630231040,622432256,667004928,57843712,56696832,57257984,758239232,61652992,707915776,668712960,704253952,645566464,59150336,56295424,56999936,56287232
630231040,622432256,667004928,57843712,56696832,57257984,758239232,61652992,707915776,668712960,704253952,645566464,59150336,56295424,56999936,56287232
630231040,622432256,667004928,57843712,56696832,57257984,758239232,61652992,707915776,668712960,704253952,645566464,59150336,56295424,56999936,56287232
630231040,622432256,667004928,57843712,56696832,57257984,758239232,61652992,707915776,668712960,704253952,645566464,59150336,56295424,56999936,56287232
630231040,622432256,667004928,57843712,56696832,57257984,758239232,61652992,707915776,668712960,704253952,645566464,59150336,56295424,56999936,56287232
630231040,622432256,667004928,57843712,56696832,57257984,758239232,61652992,707915776,668712960,704253952,645566464,59150336,56295424,56999936,56287232
630231040,622432256,667004928,57843712,56696832,57257984,758239232,61652992,707915776,668712960,704253952,645566464,59150336,56295424,56999936,56287232
630231040,622432256,667004928,57843712,56696832,57257984,758239232,61652992,707915776,668712960,704253952,645566464,59150336,56295424,56999936,56287232
630231040,622432256,667004928,57843712,56696832,57257984,758239232,61652992,707915776,668712960,704253952,645566464,59150336,56295424,56999936,56287232
630231040,622432256,667004928,57843712,56696832,57257984,758239232,61652992,707915776,668712960,704253952,645566464,59150336,56295424,56999936,56287232
630231040,622432256,667004928,57843712,56696832,57257984,758239232,61652992,707915776,668712960,704253952,645566464,59150336,56295424,56999936,56287232
630231040,622432256,667004928,57843712,56696832,57257984,758239232,61652992,707915776,668712960,704253952,645566464,59150336,56295424,56999936,56287232
630231040,622432256,667004928,57843712,56696832,57257984,758239232,61652992,707915776,668712960,704253952,645566464,59150336,56295424,56999936,56287232
630231040,622432256,667004928,57843712,56696832,57257984,758239232,61652992,707915776,668712960,704253952,645566464,59150336,56295424,56999936,56287232
630231040,622432256,667004928,57843712,56696832,57257984,758239232,61652992,707915776,668712960,704253952,645566464,59150336,56295424,56999936,56287232
630231040,622432256,667004928,57843712,56696832,57257984,758239232,61652992,707915776,668712960,704253952,645566464,59150336,56295424,56999936,56287232
630231040,622432256,667004928,57843712,56696832,57257984,758239232,61652992,707915776,668712960,704253952,645566464,59150336,56295424,56999936,56287232
630231040,622432256,667004928,57843712,56696832,57257984,758239232,61657088,707915776,668712960,704253952,645566464,59150336,56295424,56999936,56287232
630231040,622432256,667004928,57843712,56696832,57257984,758239232,61657088,707915776,668712960,704253952,645566464,59150336,56295424,56999936,56287232
630231040,622432256,667004928,57843712,56696832,57257984,758239232,61657088,707915776,668712960,704253952,645566464,59150336,56295424,56999936,56287232
630231040,622432256,667004928,57843712,56696832,57257984,758239232,61657088,707915776,668712960,704253952,645566464,59150336,56295424,56999936,56287232
630231040,622432256,667004928,57843712,56696832,57257984,758239232,61657088,707915776,668712960,704253952,645566464,59150336,56295424,56999936,56287232
630231040,622432256,667004928,57843712,56696832,57257984,758239232,61657088,707915776,668712960,704253952,645566464,59150336,56295424,56999936,56287232
630231040,622432256,667004928,57843712,56696832,57257984,758239232,61657088,707915776,668712960,704253952,645566464,59150336,56295424,56999936,56287232
630231040,622432256,667004928,57843712,56696832,57257984,758239232,61657088,707915776,668712960,704253952,645566464,59150336,56295424,56999936,56287232
630231040,622432256,667004928,57843712,56696832,57257984,758239232,61661184,707915776,668712960,704253952,645566464,59150336,56295424,56999936,56287232
630231040,622432256,667004928,57843712,56696832,57257984,758239232,61661184,707915776,668712960,704253952,645566464,59150336,56295424,56999936,56287232
630231040,622432256,667004928,57843712,56696832,57257984,758239232,61661184,707915776,668712960,704253952,645566464,59150336,56295424,56999936,56287232
630231040,622432256,667004928,57843712,56696832,57257984,758239232,61661184,707915776,668712960,704253952,645566464,59150336,56295424,56999936,56287232
630231040,622432256,667004928,57843712,56696832,57257984,758239232,61661184,707915776,668712960,704253952,645566464,59150336,56295424,56999936,56287232
630231040,622432256,667004928,57843712,56696832,57257984,758239232,61661184,707915776,668712960,704253952,645566464,59150336,56295424,56999936,56287232
630231040,622432256,667004928,57843712,56696832,57257984,758239232,61661184,707915776,668712960,704253952,645566464,59150336,56295424,56999936,56287232
630231040,622432256,667004928,57843712,56696832,57257984,758239232,61661184,707915776,668712960,704253952,645566464,59150336,56295424,56999936,56287232
630231040,622432256,667004928,57843712,56696832,57257984,758239232,61661184,707915776,668712960,704253952,645566464,59150336,56295424,56999936,56287232
630231040,622432256,667004928,57843712,56696832,57257984,758239232,61661184,707915776,668712960,704253952,645566464,59150336,56295424,56999936,56287232
630231040,622432256,667004928,57843712,56696832,57257984,758239232,61665280,707915776,668712960,704253952,645566464,59150336,56295424,56999936,56287232
630231040,622432256,667004928,57843712,56696832,57257984,758239232,61665280,707915776,668712960,704253952,645566464,59150336,56295424,56999936,56287232
630231040,622432256,667004928,57843712,56696832,57257984,758239232,61665280,707915776,668712960,704253952,645566464,59150336,56295424,56999936,56287232
630231040,622432256,667004928,57843712,56696832,57257984,758239232,61665280,707915776,668712960,704253952,645566464,59150336,56295424,56999936,56287232
630231040,622432256,667004928,57843712,56696832,57257984,758239232,61665280,707915776,668712960,704253952,645566464,59150336,56295424,56999936,56287232
630231040,622432256,667004928,57843712,56696832,57257984,758239232,61665280,707915776,668712960,704253952,645566464,59150336,56295424,56999936,56287232
630231040,622432256,667004928,57843712,56696832,57257984,758239232,61665280,707915776,668712960,704253952,645566464,59150336,56295424,56999936,56287232
630231040,622432256,667004928,57843712,56696832,57257984,758239232,61665280,707915776,668712960,704253952,645566464,59150336,56295424,56999936,56287232
630231040,622432256,667004928,57843712,56696832,57257984,758239232,61665280,707915776,668712960,704253952,645566464,59150336,56295424,56999936,56287232
630231040,622432256,667004928,57843712,56696832,57257984,758239232,61665280,707915776,668712960,704253952,645566464,59150336,56295424,56999936,56287232
630231040,622432256,667004928,57843712,56696832,57257984,758239232,61665280,707915776,668712960,704253952,645566464,59150336,56295424,56999936,56287232
630231040,622432256,667004928,57843712,56696832,57257984,758239232,61665280,707915776,668712960,704253952,645566464,59150336,56295424,56999936,56287232
630231040,622432256,667004928,57843712,56696832,57262080,758239232,61665280,707915776,668712960,704253952,645566464,59150336,56295424,56999936,56287232
630231040,622432256,667004928,57843712,56696832,57262080,758239232,61665280,707915776,668712960,704253952,645566464,59150336,56295424,56999936,56287232
630231040,622432256,667004928,57843712,56696832,57262080,758239232,61665280,707915776,668712960,704253952,645566464,59150336,56295424,56999936,56287232
630231040,622432256,667004928,57843712,56696832,57262080,758239232,61665280,707915776,668712960,704253952,645566464,59150336,56295424,56999936,56287232
630231040,622432256,667004928,57843712,56696832,57262080,758239232,61665280,707915776,668712960,704253952,645566464,59150336,56295424,56999936,56287232
630231040,622432256,667004928,57843712,56696832,57262080,758239232,61665280,707915776,668712960,704253952,645566464,59150336,56295424,56999936,56287232
630231040,622432256,667004928,57843712,56696832,57262080,758239232,61665280,707915776,668712960,704253952,645566464,59150336,56295424,56999936,56287232
630231040,622432256,667004928,57843712,56696832,57262080,758239232,61665280,707915776,668712960,704253952,645566464,59150336,56295424,56999936,56287232
630231040,622432256,667004928,57843712,56696832,57262080,758239232,61665280,707915776,668712960,704253952,645566464,59150336,56295424,56999936,56287232
630231040,622432256,667004928,57843712,56696832,57262080,758239232,61665280,707915776,668712960,704253952,645566464,59150336,56295424,56999936,56287232
630231040,622432256,667004928,57843712,56696832,57262080,758239232,61665280,707915776,668712960,704253952,645566464,59150336,56295424,56999936,56287232
630231040,622432256,667004928,57843712,56696832,57262080,758239232,61665280,707915776,668712960,704253952,645566464,59150336,56295424,56999936,56287232
630231040,622432256,667004928,57843712,56696832,57262080,758239232,61665280,707915776,668712960,704253952,645566464,59150336,56295424,56999936,56287232
630231040,622432256,667004928,57843712,56696832,57262080,758239232,61665280,707915776,668712960,704253952,645566464,59150336,56295424,56999936,56287232
630231040,622432256,667004928,57843712,56696832,57262080,758239232,61665280,707915776,668712960,704253952,645566464,59150336,56295424,56999936,56287232
630231040,622432256,667004928,57843712,56696832,57262080,758239232,61665280,707915776,668712960,704253952,645566464,59150336,56295424,56999936,56287232
630231040,622432256,667004928,57843712,56696832,57262080,758239232,61665280,707915776,668712960,704253952,645566464,59150336,56295424,56999936,56287232
630231040,622432256,667004928,57843712,56696832,57262080,758239232,61665280,707915776,668712960,704253952,645566464,59150336,56295424,56999936,56287232
630231040,622432256,667004928,57843712,56696832,57262080,758239232,61665280,707915776,668712960,704253952,645566464,59150336,56295424,56999936,56287232
630231040,622432256,667004928,57843712,56696832,57262080,758239232,61665280,707915776,668712960,704253952,645566464,59150336,56295424,56999936,56287232
630231040,622432256,667004928,57843712,56696832,57262080,758239232,61665280,707915776,668712960,704253952,645566464,59150336,56295424,56999936,56287232
630231040,622432256,667004928,57843712,56696832,57262080,758239232,61669376,707915776,668712960,704253952,645566464,59150336,56295424,56999936,56287232
630231040,622432256,667004928,57843712,56696832,57262080,758239232,61673472,707915776,668712960,704253952,645566464,59150336,56295424,56999936,56287232
630231040,622432256,667004928,57843712,56696832,57262080,758239232,61673472,707915776,668712960,704253952,645566464,59150336,56295424,56999936,56287232
630231040,622432256,667004928,57843712,56696832,57262080,758239232,61673472,707915776,668712960,704253952,645566464,59150336,56295424,56999936,56287232
630231040,622432256,667004928,57843712,56696832,57262080,758239232,61673472,707915776,668712960,704253952,645566464,59150336,56295424,56999936,56287232
630231040,622432256,667004928,57843712,56696832,57262080,758239232,61673472,707915776,668712960,704253952,645566464,59150336,56295424,56999936,56287232
630231040,622432256,667004928,57843712,56696832,57262080,758239232,61673472,707915776,668712960,704253952,645566464,59150336,56295424,56999936,56287232
630231040,622432256,667004928,57843712,56696832,57262080,758239232,61673472,707915776,668712960,704253952,645566464,59150336,56295424,56999936,56287232
630231040,622432256,667004928,57843712,56696832,57262080,758239232,61673472,707915776,668712960,704253952,645566464,59154432,56295424,56999936,56287232
630231040,622432256,667004928,57843712,56696832,57262080,758239232,61673472,707915776,668712960,704253952,645566464,59154432,56295424,56999936,56287232
630231040,622432256,667004928,57843712,56696832,57262080,758239232,61673472,707915776,668712960,704253952,645566464,59154432,56295424,56999936,56287232
630231040,622432256,667004928,57843712,56696832,57262080,758239232,61673472,707915776,668712960,704253952,645566464,59154432,56295424,56999936,56287232
630231040,622432256,667004928,57843712,56696832,57262080,758239232,61673472,707915776,668712960,704253952,645566464,59154432,56295424,56999936,56287232
630231040,622432256,667004928,57843712,56696832,57262080,758239232,61673472,707915776,668712960,704253952,645566464,59154432,56295424,56999936,56287232
630231040,622432256,667004928,57843712,56696832,57262080,758239232,61673472,707915776,668712960,704253952,645566464,59154432,56295424,56999936,56287232
630231040,622432256,667004928,57843712,56696832,57262080,758239232,61673472,707915776,668712960,704253952,645566464,59154432,56295424,56999936,56287232
630231040,622432256,667004928,57843712,56696832,57262080,758239232,61673472,707915776,668712960,704253952,645566464,59154432,56295424,56999936,56287232
630231040,622432256,667004928,57843712,56696832,57262080,758239232,61673472,707915776,668712960,704253952,645566464,59154432,56295424,56999936,56287232
630231040,622432256,667004928,57843712,56696832,57262080,758239232,61673472,707915776,668712960,704253952,645566464,59154432,56295424,56999936,56287232
630231040,622432256,667004928,57843712,56696832,57262080,758239232,61673472,707915776,668712960,704253952,645566464,59154432,56295424,56999936,56287232
630231040,622432256,667004928,57843712,56696832,57262080,758239232,61673472,707915776,668712960,704253952,645566464,59154432,56295424,56999936,56287232
630231040,622432256,667004928,57843712,56696832,57262080,758239232,61673472,707915776,668712960,704253952,645566464,59154432,56295424,56999936,56287232
630231040,622432256,667004928,57843712,56696832,57262080,758239232,61673472,707915776,668712960,704253952,645566464,59154432,56295424,56999936,56287232
630231040,622432256,667004928,57843712,56696832,57262080,758239232,61673472,707915776,668712960,704253952,645566464,59154432,56295424,56999936,56287232
630231040,622432256,667004928,57843712,56696832,57262080,758239232,61677568,707915776,668712960,704253952,645566464,59154432,56295424,56999936,56287232
630231040,622432256,667004928,57843712,56696832,57262080,758239232,61677568,707915776,668712960,704253952,645566464,59154432,56295424,56999936,56287232
630231040,622432256,667004928,57843712,56696832,57262080,758239232,61677568,707915776,668712960,704253952,645566464,59154432,56295424,56999936,56287232
630231040,622432256,667004928,57843712,56696832,57262080,758239232,61677568,707915776,668712960,704253952,645566464,59154432,56295424,56999936,56287232
630231040,622432256,667004928,57843712,56696832,57262080,758239232,61677568,707915776,668712960,704253952,645566464,59154432,56295424,56999936,56287232
630231040,622432256,667004928,57843712,56696832,57262080,758239232,61677568,707915776,668712960,704253952,645566464,59154432,56295424,56999936,56287232
630231040,622432256,667004928,57843712,56696832,57262080,758239232,61677568,707915776,668712960,704253952,645566464,59154432,56295424,56999936,56287232
630231040,622432256,667004928,57843712,56696832,57262080,758239232,61681664,707915776,668712960,704253952,645566464,59154432,56295424,56999936,56287232
630231040,622432256,667004928,57843712,56696832,57262080,758239232,61681664,707915776,668712960,704253952,645566464,59154432,56295424,56999936,56287232
630231040,622432256,667004928,57843712,56696832,57262080,758239232,61681664,707915776,668712960,704253952,645566464,59154432,56295424,56999936,56287232
630231040,622432256,667004928,57843712,56696832,57262080,758239232,61685760,707915776,668712960,704253952,645566464,59154432,56295424,56999936,56287232
630231040,622432256,667004928,57843712,56696832,57262080,758239232,61685760,707915776,668712960,704253952,645566464,59154432,56295424,56999936,56287232
630231040,622432256,667004928,57843712,56696832,57262080,758239232,61685760,707915776,668712960,704253952,645566464,59154432,56295424,56999936,56287232
630231040,622432256,667004928,57843712,56696832,57262080,758239232,61685760,707915776,668712960,704253952,645566464,59154432,56295424,56999936,56287232
630231040,622432256,667004928,57843712,56696832,57262080,758239232,61685760,707915776,668712960,704253952,645566464,59154432,56295424,56999936,56287232
630231040,622432256,667004928,57843712,56696832,57262080,758239232,61685760,707915776,668712960,704253952,645566464,59154432,56295424,56999936,56287232
630231040,622432256,667004928,57843712,56696832,57262080,758239232,61685760,707915776,668712960,704253952,645566464,59154432,56295424,56999936,56287232
630231040,622432256,667004928,57843712,56696832,57262080,758239232,61685760,707915776,668712960,704253952,645566464,59154432,56295424,56999936,56287232
630231040,622432256,667004928,57843712,56696832,57262080,758239232,61689856,707915776,668712960,704253952,645566464,59154432,56295424,56999936,56287232
630231040,622432256,667004928,57843712,56696832,57262080,758239232,61689856,707915776,668712960,704253952,645566464,59154432,56295424,56999936,56287232
630231040,622432256,667004928,57843712,56696832,57262080,758239232,61689856,707915776,668712960,704253952,645566464,59154432,56295424,56999936,56287232
630231040,622432256,667004928,57843712,56696832,57262080,758239232,61693952,707915776,668712960,704253952,645566464,59154432,56295424,56999936,56287232
630231040,622432256,667004928,57843712,56696832,57262080,758239232,61693952,707915776,668712960,704253952,645566464,59154432,56295424,56999936,56287232
630231040,622432256,667004928,57843712,56696832,57262080,758239232,61693952,707915776,668712960,704253952,645566464,59154432,56295424,56999936,56287232
630231040,622432256,667004928,57843712,56696832,57262080,758239232,61693952,707915776,668712960,704253952,645566464,59154432,56295424,56999936,56287232
630231040,622432256,667004928,57843712,56696832,57262080,758239232,61693952,707915776,668712960,704253952,645566464,59154432,56295424,56999936,56287232
630231040,622432256,667004928,57843712,56696832,57262080,758239232,61698048,707915776,668712960,704253952,645566464,59154432,56295424,56999936,56287232
630231040,622432256,667004928,57843712,56696832,57262080,758239232,61698048,707915776,668712960,704253952,645566464,59154432,56295424,56999936,56287232
630231040,622432256,667004928,57843712,56696832,57262080,758239232,61698048,707915776,668712960,704253952,645566464,59154432,56295424,56999936,56287232
630231040,622432256,667004928,57843712,56696832,57262080,758239232,61698048,707915776,668712960,704253952,645566464,59154432,56295424,56999936,56287232
630231040,622432256,667004928,57843712,56696832,57262080,758239232,61698048,707915776,668712960,704253952,645566464,59154432,56295424,56999936,56287232
630231040,622432256,667004928,57843712,56696832,57262080,758239232,61702144,707915776,668712960,704253952,645566464,59154432,56295424,56999936,56287232
630231040,622432256,667004928,57843712,56696832,57262080,758239232,61702144,707915776,668712960,704253952,645566464,59154432,56295424,56999936,56287232
630231040,622432256,667004928,57843712,56696832,57262080,758239232,61702144,707915776,668712960,704253952,645566464,59154432,56295424,56999936,56287232
630231040,622432256,667004928,57843712,56696832,57262080,758239232,61702144,707915776,668712960,704253952,645566464,59154432,56295424,56999936,56287232
630231040,622432256,667004928,57843712,56696832,57262080,758239232,61702144,707915776,668712960,704253952,645566464,59154432,56295424,56999936,56287232
630231040,622432256,667004928,57843712,56696832,57262080,758239232,61702144,707915776,668712960,704253952,645566464,59154432,56295424,56999936,56287232
630231040,622432256,667004928,57843712,56696832,57262080,758239232,61702144,707915776,668712960,704253952,645566464,59154432,56295424,56999936,56287232
630231040,622432256,667004928,57843712,56696832,57262080,758239232,61702144,707915776,668712960,704253952,645566464,59154432,56295424,56999936,56287232
630231040,622432256,667004928,57843712,56696832,57262080,758239232,61702144,707915776,668712960,704253952,645566464,59154432,56295424,56999936,56287232
630231040,622432256,667004928,57843712,56696832,57262080,758239232,61702144,707915776,668712960,704253952,645566464,59154432,56295424,56999936,56287232
630231040,622432256,667004928,57843712,56696832,57262080,758239232,61702144,707915776,668712960,704253952,645566464,59154432,56295424,56999936,56287232
630231040,622432256,667004928,57843712,56696832,57262080,758239232,61702144,707915776,668712960,704253952,645566464,59154432,56295424,56999936,56287232
630231040,622432256,667004928,57843712,56696832,57262080,758239232,61702144,707915776,668712960,704253952,645566464,59154432,56295424,56999936,56287232
630231040,622432256,667004928,57843712,56696832,57262080,758239232,61706240,707915776,668712960,704253952,645566464,59154432,56295424,56999936,56287232
630231040,622432256,667004928,57843712,56696832,57262080,758239232,61706240,707915776,668712960,704253952,645566464,59154432,56295424,56999936,56287232
630231040,622432256,667004928,57843712,56696832,57262080,758239232,61706240,707915776,668712960,704253952,645566464,59154432,56295424,56999936,56287232
630231040,622432256,667004928,57843712,56696832,57262080,758239232,61706240,707915776,668712960,704253952,645566464,59154432,56295424,56999936,56287232
630231040,622432256,667004928,57843712,56696832,57262080,758239232,61706240,707915776,668712960,704253952,645566464,59154432,56295424,56999936,56287232
630231040,622432256,667004928,57843712,56696832,57262080,758239232,61706240,707915776,668712960,704253952,645566464,59154432,56295424,56999936,56287232
630231040,622432256,667004928,57843712,56696832,57262080,758239232,61706240,707915776,668712960,704253952,645566464,59154432,56295424,56999936,56287232
630231040,622432256,667004928,57843712,56696832,57262080,758239232,61706240,707915776,668712960,704253952,645566464,59154432,56295424,56999936,56287232
630231040,622432256,667004928,57843712,56696832,57262080,758239232,61706240,707915776,668712960,704253952,645566464,59154432,56295424,56999936,56287232
630231040,622432256,667004928,57843712,56696832,57262080,758239232,61706240,707915776,668712960,704253952,645566464,59154432,56295424,56999936,56287232
630231040,622432256,667004928,57843712,56696832,57262080,758239232,61706240,707915776,668712960,704253952,645566464,59154432,56295424,56999936,56287232
630231040,622432256,667004928,57843712,56696832,57262080,758239232,61706240,707915776,668712960,704253952,645566464,59154432,56295424,56999936,56287232
630231040,622432256,667004928,57843712,56696832,57262080,758239232,61706240,707915776,668712960,704253952,645566464,59154432,56295424,56999936,56287232
630231040,622432256,667004928,57843712,56696832,57262080,758239232,61706240,707915776,668712960,704253952,645566464,59154432,56295424,56999936,56287232
630231040,622432256,667004928,57843712,56696832,57262080,758239232,61710336,707915776,668712960,704253952,645566464,59154432,56295424,56999936,56287232
630231040,622432256,667004928,57843712,56696832,57262080,758239232,61710336,707915776,668712960,704253952,645566464,59154432,56295424,56999936,56287232
630231040,622432256,667004928,57843712,56696832,57262080,758239232,61710336,707915776,668712960,704253952,645566464,59154432,56295424,56999936,56287232
630231040,622432256,667004928,57843712,56696832,57262080,758239232,61710336,707915776,668712960,704253952,645566464,59154432,56295424,56999936,56287232
630231040,658595840,667004928,57843712,57053184,57262080,758239232,61960192,707915776,668712960,704253952,645566464,59154432,56295424,56999936,56287232
630231040,658595840,667004928,57843712,57053184,57262080,758239232,61960192,707915776,668712960,704253952,645566464,59154432,56295424,56999936,56287232
630231040,658595840,667004928,57843712,57053184,57262080,758239232,61960192,707915776,668712960,704253952,645566464,59154432,56295424,56999936,56287232
630231040,658595840,667004928,57843712,57053184,57262080,758505472,61775872,707915776,668712960,704253952,645566464,59154432,56295424,56999936,56287232
630231040,658595840,667004928,57843712,57053184,57262080,758505472,61775872,707915776,668712960,704253952,645566464,59154432,56295424,56999936,56287232
630231040,658595840,667004928,57843712,57053184,57262080,758505472,61775872,707915776,668712960,704253952,645566464,59154432,56295424,56999936,56287232
630231040,658595840,667004928,57843712,57053184,57262080,758505472,61775872,707915776,668712960,704253952,645566464,59154432,56295424,56999936,56287232
630231040,658595840,667004928,57843712,57053184,57262080,758505472,61775872,707915776,668712960,704253952,645566464,59154432,56295424,56999936,56287232
630231040,658595840,667004928,57843712,57053184,57262080,758505472,61775872,707915776,668712960,704253952,645566464,59154432,56295424,56999936,56287232
630231040,658595840,667004928,57843712,57053184,57262080,758505472,61775872,707915776,668712960,704253952,645566464,59154432,56295424,56999936,56287232
630231040,658595840,667004928,57843712,57053184,57262080,758505472,61775872,707915776,668712960,704253952,645566464,59154432,56295424,56999936,56287232
630231040,658595840,667004928,57843712,57053184,57262080,758505472,61775872,707915776,668712960,704253952,645566464,59154432,56295424,56999936,56287232
630231040,658595840,667004928,57843712,57053184,57262080,758505472,61775872,707915776,668712960,704253952,645566464,59154432,56295424,56999936,56287232
630231040,658595840,667004928,57843712,57053184,57262080,758505472,61775872,707915776,668712960,704253952,645566464,59154432,56295424,56999936,56287232
630231040,658595840,667004928,57843712,57053184,57262080,758505472,61775872,707915776,668712960,704253952,645566464,59154432,56295424,56999936,56287232
630231040,658595840,667004928,57843712,57053184,57262080,758505472,61775872,707915776,668712960,704253952,645566464,59154432,56295424,56999936,56287232
630231040,658595840,667004928,57843712,57053184,57262080,758505472,61775872,707915776,668712960,704253952,645566464,59154432,56295424,56999936,56287232
630231040,658595840,667004928,57843712,57053184,57262080,758505472,61775872,707915776,668712960,704253952,645566464,59154432,56295424,56999936,56287232
630231040,658595840,667004928,57843712,57053184,57262080,758505472,61775872,707915776,668712960,704253952,645566464,59154432,56295424,56999936,56287232
630231040,658595840,667004928,57843712,57057280,57262080,758505472,61775872,707915776,668712960,704253952,645566464,59154432,56295424,56999936,56287232
630231040,658595840,667062272,57843712,57057280,57262080,758505472,61775872,707915776,668712960,704253952,645566464,59154432,56295424,56999936,56287232
640233472,658595840,667062272,58163200,57057280,57954304,758505472,62107648,707915776,668712960,704253952,645566464,59154432,56295424,56999936,56287232
640233472,658595840,667914240,58163200,57057280,57954304,758505472,62107648,707915776,668712960,704253952,645566464,59154432,56295424,56999936,56287232
640233472,658595840,667914240,58167296,57057280,57954304,758841344,62107648,707915776,668712960,704253952,645566464,59154432,56295424,56999936,56287232
640233472,658595840,667914240,58167296,57057280,57954304,758841344,61931520,707915776,668712960,704253952,645566464,59154432,56295424,56999936,56287232
640233472,658595840,667914240,58167296,57057280,57954304,758841344,61931520,707915776,668712960,704253952,645566464,59154432,56295424,56999936,56287232
640233472,658595840,667914240,58167296,57057280,57954304,758841344,61931520,707915776,668712960,704253952,645566464,59154432,56295424,56999936,56287232
640233472,658595840,667914240,58167296,57057280,57954304,758841344,61931520,707915776,668712960,704253952,645566464,59154432,56295424,56999936,56287232
640233472,658599936,667914240,58167296,57057280,57954304,758841344,61931520,707915776,668712960,704253952,645566464,59154432,56295424,56999936,56287232
640233472,658599936,667914240,58167296,57057280,57954304,758841344,61931520,707915776,668712960,704253952,645566464,59154432,56295424,56999936,56287232
640233472,658599936,667914240,58167296,57057280,57954304,758841344,61931520,707915776,668712960,704253952,645566464,59154432,56295424,56999936,56287232
640233472,658599936,667914240,58167296,57057280,57954304,758841344,61931520,707915776,668712960,704253952,645566464,59154432,56295424,56999936,56287232
640233472,658599936,667914240,58167296,57057280,57954304,758841344,61931520,707915776,668712960,704253952,645566464,59154432,56295424,56999936,56287232
640233472,658599936,667914240,58167296,57057280,57954304,758841344,61931520,707915776,668712960,704253952,645566464,59154432,56295424,56999936,56287232
640233472,658599936,667914240,58167296,57057280,57954304,758841344,61931520,707915776,668712960,704253952,645566464,59154432,56295424,56999936,56287232
640233472,658599936,667914240,58167296,57057280,57954304,758841344,61931520,707915776,668712960,704253952,645566464,59154432,56295424,56999936,56287232
640233472,658599936,667914240,58167296,57057280,57954304,758841344,61935616,707915776,668712960,704253952,645566464,59154432,56295424,56999936,56287232
640233472,658599936,667914240,58167296,57057280,57954304,758841344,61935616,707915776,668712960,704253952,645566464,59154432,56295424,56999936,56287232
640233472,658599936,667914240,58167296,57057280,57954304,758841344,61935616,707915776,668712960,704253952,645566464,59154432,56295424,56999936,56287232
640233472,658599936,667914240,58167296,57057280,57954304,758841344,61935616,707915776,668712960,704253952,645566464,59154432,56295424,56999936,56287232
640233472,658599936,667914240,58167296,57057280,57954304,758841344,61935616,707915776,668712960,704253952,645566464,59154432,56295424,56999936,56287232
640233472,658599936,667914240,58167296,57057280,57954304,758841344,61935616,707915776,668712960,704253952,645566464,59154432,56295424,56999936,56287232
640233472,658599936,667914240,58167296,57057280,57954304,758841344,61935616,707915776,668712960,704253952,645566464,59154432,56295424,56999936,56287232
640233472,658599936,667914240,58167296,57057280,57954304,758841344,61935616,707915776,668712960,704253952,645566464,59154432,56295424,56999936,56287232
640233472,658599936,667914240,58167296,57057280,57954304,758841344,61935616,707915776,668712960,704253952,645566464,59154432,56295424,56999936,56287232
640233472,658599936,667914240,58167296,57057280,57954304,758841344,61935616,707915776,668712960,704253952,645566464,59154432,56295424,56999936,56287232
640233472,658599936,667914240,58167296,57057280,57954304,758841344,61935616,707915776,668712960,704253952,645566464,59154432,56295424,56999936,56287232
640233472,658599936,667914240,58167296,57057280,57954304,758841344,61935616,707915776,668712960,704253952,645566464,59154432,56295424,56999936,56287232
640233472,658599936,667914240,58167296,57057280,57954304,758841344,61935616,707915776,668712960,704253952,645566464,59154432,56295424,56999936,56287232
640233472,658599936,667914240,58167296,57057280,57954304,758841344,61935616,707915776,668712960,704253952,645566464,59154432,56295424,56999936,56287232
640233472,658599936,667914240,58167296,57057280,57954304,758841344,61935616,707915776,668712960,704253952,645566464,59154432,56295424,56999936,56287232
640233472,658599936,667914240,58167296,57057280,57954304,758841344,61935616,707915776,668712960,704253952,645566464,59154432,56295424,56999936,56287232
640233472,658599936,667914240,58167296,57057280,57954304,758841344,61935616,707915776,668712960,704253952,645566464,59154432,56295424,56999936,56287232
640233472,658599936,667914240,58167296,57057280,57954304,758841344,61935616,707915776,668712960,704253952,645566464,59154432,56295424,56999936,56287232
640233472,658599936,667914240,58167296,57057280,57954304,758841344,61935616,707915776,668712960,704253952,645566464,59154432,56295424,56999936,56287232
640233472,658599936,667914240,58167296,57057280,57954304,758841344,61935616,707915776,668712960,704253952,645566464,59154432,56295424,56999936,56287232
640233472,658599936,667914240,58167296,57057280,57954304,758841344,61935616,707915776,668712960,704253952,645566464,59154432,56295424,56999936,56287232
640233472,658599936,667914240,58167296,57057280,57954304,758841344,61935616,707915776,668712960,704253952,645566464,59154432,56295424,56999936,56287232
640233472,658599936,667914240,58167296,57057280,57954304,758841344,61935616,707915776,668712960,704253952,645566464,59154432,56295424,56999936,56287232
640233472,658599936,667914240,58167296,57057280,57954304,758841344,61935616,707915776,668712960,704253952,645566464,59154432,56295424,56999936,56287232
640233472,658599936,667914240,58167296,57057280,57954304,758841344,61935616,707915776,668712960,704253952,645566464,59154432,56295424,56999936,56287232
640233472,658599936,667914240,58167296,57057280,57954304,758841344,61939712,707915776,668712960,704253952,645566464,59154432,56295424,56999936,56287232
640233472,658599936,667914240,58167296,57057280,57958400,758841344,61939712,707915776,668712960,704253952,645566464,59154432,56295424,56999936,56287232
640233472,658599936,667914240,58167296,57057280,57958400,758841344,61939712,707915776,668712960,704253952,645566464,59154432,56295424,56999936,56287232
640233472,658599936,667914240,58167296,57057280,57958400,758841344,61939712,707915776,668712960,704253952,645566464,59154432,56295424,56999936,56287232
640233472,658599936,667914240,58167296,57057280,57958400,758841344,61943808,707915776,668712960,704253952,645566464,59154432,56295424,56999936,56287232
640233472,658599936,667914240,58167296,57061376,57958400,758841344,61943808,707915776,668712960,704253952,645566464,59154432,56295424,56999936,56287232
640233472,658599936,667914240,58167296,57061376,57958400,758841344,61943808,707915776,668712960,704253952,645566464,59154432,56295424,56999936,56287232
640233472,658599936,667914240,58167296,57061376,57958400,758841344,61947904,707915776,668712960,704253952,645566464,59154432,56295424,56999936,56287232
640233472,658599936,667914240,58167296,57061376,57958400,758841344,61947904,707915776,668712960,704253952,645566464,59154432,56295424,56999936,56287232
640233472,658599936,667914240,58167296,57061376,57958400,758841344,61947904,707915776,668712960,704253952,645566464,59154432,56295424,56999936,56287232
640233472,658599936,667914240,58167296,57061376,57958400,758841344,61947904,707915776,668712960,704253952,645566464,59154432,56295424,56999936,56287232
640233472,658604032,667914240,58167296,57061376,57958400,758841344,61947904,707915776,668712960,704253952,645566464,59154432,56295424,56999936,56287232
640233472,658604032,667914240,58167296,57061376,57958400,758841344,61947904,707915776,668712960,704253952,645566464,59154432,56295424,56999936,56287232
640233472,658604032,667914240,58167296,57061376,57958400,758841344,61947904,707915776,668712960,704253952,645566464,59154432,56295424,56999936,56287232
640233472,658604032,667914240,58167296,57061376,57958400,758841344,61947904,707915776,668712960,704253952,645566464,59154432,56295424,56999936,56287232
640233472,658604032,667914240,58167296,57061376,57958400,758841344,61947904,707915776,668712960,704253952,645566464,59154432,56295424,56999936,56287232
640233472,658604032,667914240,58167296,57044992,57958400,758841344,61947904,707915776,668712960,704253952,645566464,59154432,56295424,56999936,56287232
640233472,658604032,667914240,58167296,57044992,57958400,758841344,61947904,707915776,668712960,704253952,645566464,59154432,56295424,56999936,56287232
640233472,658604032,667914240,58167296,57061376,57958400,758841344,61947904,707915776,668712960,704253952,645566464,59154432,56295424,56999936,56287232
640233472,658604032,667914240,58167296,57061376,57958400,758841344,61947904,707915776,668712960,704253952,645566464,59154432,56295424,56999936,56287232
640233472,658604032,667914240,58167296,57061376,57958400,758841344,61947904,707915776,668712960,704253952,645566464,59154432,56295424,56999936,56287232
640233472,658604032,667914240,58167296,57061376,57958400,758841344,61947904,707915776,668712960,704253952,645566464,59154432,56295424,56999936,56287232
640233472,658604032,667914240,58167296,57061376,57958400,758841344,61947904,707915776,668712960,704253952,645566464,59154432,56295424,56999936,56287232
640233472,658604032,667914240,58167296,57061376,57958400,758841344,61947904,707915776,668712960,704253952,645566464,59154432,56295424,56999936,56287232
640233472,658604032,667914240,58167296,57061376,57958400,758841344,61947904,707915776,668712960,704253952,645566464,59154432,56295424,56999936,56287232
640233472,658604032,667914240,58167296,57061376,57958400,758841344,61947904,707915776,668712960,704253952,645566464,59154432,56295424,56999936,56287232
640233472,658604032,667914240,58167296,57061376,57958400,758841344,61947904,707915776,668712960,704253952,645566464,59154432,56295424,56999936,56287232
640233472,658604032,667914240,58167296,57061376,57958400,758841344,61947904,707915776,668712960,704253952,645566464,59154432,56295424,56999936,56287232
640233472,658604032,667914240,58167296,57061376,57958400,758841344,61947904,707915776,668712960,704253952,645566464,59154432,56295424,56999936,56287232
640233472,658604032,667914240,58167296,57061376,57958400,758841344,61952000,707915776,668712960,704253952,645566464,59154432,56295424,56999936,56287232
640233472,658604032,667914240,58167296,57061376,57958400,758841344,61952000,707915776,668712960,704253952,645566464,59154432,56295424,56999936,56287232
640233472,658604032,667914240,58167296,57061376,57958400,758841344,61952000,707915776,668712960,704253952,645566464,59154432,56295424,56999936,56287232
640233472,658604032,667914240,58167296,57061376,57958400,758841344,61952000,707915776,668712960,704253952,645566464,59154432,56295424,56999936,56287232
640233472,658604032,667914240,58167296,57061376,57958400,758841344,61952000,707915776,668712960,704253952,645566464,59154432,56295424,56999936,56287232
640233472,658604032,667914240,58167296,57061376,57958400,758841344,61952000,707915776,668712960,704253952,645566464,59154432,56295424,56999936,56287232
640233472,658604032,667914240,58167296,57061376,57958400,758841344,61952000,707915776,668712960,704253952,645566464,59154432,56295424,56999936,56287232
640233472,658604032,667914240,58167296,57061376,57958400,758841344,61952000,707915776,668712960,704253952,645566464,59154432,56295424,56999936,56287232
640233472,658604032,667914240,58167296,57061376,57958400,758841344,61956096,707915776,668712960,704253952,645566464,59154432,56295424,56999936,56287232
640233472,658604032,667914240,58150912,57061376,57958400,758841344,61956096,707915776,668712960,704253952,645566464,59154432,56295424,56999936,56287232
640233472,658604032,667914240,58150912,57061376,57958400,758841344,61960192,707915776,668712960,704253952,645566464,59154432,56295424,56999936,56287232
640233472,658604032,667914240,58167296,57061376,57958400,758841344,61960192,707915776,668712960,704253952,645566464,59154432,56295424,56999936,56287232
640233472,658604032,667914240,58167296,57061376,57958400,758841344,61960192,707915776,668712960,704253952,645566464,59154432,56295424,56999936,56287232
640233472,658604032,667914240,58167296,57061376,57958400,758841344,61960192,707915776,668712960,704253952,645566464,59154432,56295424,56999936,56287232
640233472,658604032,667914240,58167296,57061376,57942016,758841344,61960192,707915776,668712960,704253952,645566464,59154432,56295424,56999936,56287232
640233472,658604032,667914240,58167296,57061376,57942016,758841344,61960192,707915776,668712960,704253952,645566464,59154432,56295424,56999936,56287232
640233472,658604032,667914240,58167296,57061376,57942016,758841344,61960192,707915776,668712960,704253952,645566464,59154432,56295424,56999936,56287232
640233472,658604032,667914240,58167296,57061376,57958400,758841344,61960192,707915776,668712960,704253952,645566464,59154432,56295424,56999936,56287232
640233472,658604032,667914240,58167296,57061376,57958400,758841344,61960192,707915776,668712960,704253952,645566464,59154432,56295424,56999936,56287232
640233472,658604032,667914240,58167296,57061376,57958400,758841344,61960192,707915776,668712960,704253952,645566464,59154432,56295424,56999936,56287232
640233472,658604032,667914240,58167296,57061376,57958400,758841344,61960192,707915776,668712960,704253952,645566464,59154432,56295424,56999936,56287232
640233472,658604032,667914240,58167296,57061376,57958400,758841344,61964288,707915776,668712960,704253952,645566464,59154432,56295424,56999936,56287232
640233472,658604032,667914240,58167296,57061376,57958400,758841344,61964288,707915776,668712960,704253952,645566464,59154432,56295424,56999936,56287232
640233472,658604032,667914240,58167296,57061376,57958400,758841344,61964288,707915776,668712960,704253952,645566464,59154432,56295424,56999936,56287232
640233472,658604032,667914240,58167296,57061376,57958400,758841344,61964288,707915776,668712960,704253952,645566464,59154432,56295424,56999936,56287232
640233472,658604032,667914240,58167296,57061376,57962496,758841344,61964288,707915776,668712960,704253952,645566464,59154432,56295424,56999936,56287232
640233472,658604032,667914240,58167296,57061376,57962496,758841344,61964288,707915776,668712960,704253952,645566464,59154432,56295424,56999936,56287232
640233472,658604032,667914240,58167296,57061376,57962496,758841344,61964288,707915776,668712960,704253952,645566464,59154432,56295424,56999936,56287232
640233472,658604032,667914240,58167296,57061376,57962496,758841344,61964288,707915776,668712960,704253952,645566464,59154432,56295424,56999936,56287232
640233472,658604032,667914240,58167296,57061376,57962496,758841344,61968384,707915776,668712960,704253952,645566464,59154432,56295424,56999936,56287232
640233472,658604032,667914240,58167296,57061376,57962496,758841344,61968384,707915776,668712960,704253952,645566464,59154432,56295424,56999936,56287232
640233472,658604032,667914240,58167296,57061376,57962496,758841344,61968384,707915776,668712960,704253952,645566464,59154432,56295424,56999936,56287232
640233472,658604032,667914240,58167296,57061376,57962496,758841344,61968384,707915776,668712960,704253952,645566464,59154432,56295424,56999936,56287232
640233472,658604032,667914240,58167296,57061376,57962496,758841344,61968384,707915776,668712960,704253952,645566464,59154432,56295424,56999936,56287232
640233472,658604032,667914240,58167296,57061376,57962496,758841344,61968384,707915776,668712960,704253952,645566464,59154432,56295424,56999936,56287232
640233472,658604032,667914240,58167296,57061376,57962496,758841344,61968384,707915776,668712960,704253952,645566464,59154432,56295424,56999936,56287232
640233472,658604032,667914240,58167296,57065472,57962496,758841344,61968384,707915776,668712960,704253952,645566464,59154432,56295424,56999936,56287232
640233472,658604032,667914240,58167296,57065472,57962496,758841344,61968384,707915776,668712960,704253952,645566464,59154432,56295424,56999936,56287232
640233472,658604032,667914240,58167296,57065472,57962496,758841344,61968384,707915776,668712960,704253952,645566464,59154432,56295424,56999936,56287232
640233472,658604032,667914240,58167296,57065472,57962496,758841344,61968384,707915776,668712960,704253952,645566464,59154432,56295424,56999936,56287232
640233472,658604032,667914240,58167296,57065472,57962496,758841344,61968384,708771840,668712960,704253952,645566464,58568704,56295424,56999936,56287232
640233472,658604032,667914240,58167296,57065472,57962496,758841344,62312448,708771840,668712960,704253952,645566464,58568704,56295424,56999936,56287232
640233472,658604032,667914240,58167296,57065472,57962496,758841344,62148608,708771840,668712960,704253952,645566464,58568704,56295424,56999936,56287232
640233472,658604032,667914240,58171392,57065472,57962496,758882304,62148608,708771840,668712960,704253952,645566464,58568704,56295424,56999936,56287232
640233472,658604032,667914240,58171392,57065472,57962496,758882304,62148608,708771840,668712960,704253952,645566464,58568704,56295424,56999936,56287232
640233472,658604032,667914240,58171392,57065472,57962496,758882304,62148608,708771840,668712960,704253952,645566464,58568704,56295424,56999936,56287232
640233472,658604032,667914240,58171392,57065472,57962496,758882304,62148608,708771840,668712960,704253952,645566464,58568704,56295424,56999936,56287232
640233472,658604032,667914240,58171392,57065472,57962496,758882304,62148608,708771840,668712960,704253952,645566464,58568704,56295424,56999936,56287232
640233472,658604032,667914240,58171392,57065472,57962496,758882304,62148608,708771840,668712960,704253952,645566464,58568704,56295424,56999936,56287232
640233472,658604032,667914240,58171392,57065472,57962496,758882304,62148608,708771840,668712960,704253952,645566464,58568704,56295424,56999936,56287232
640233472,658604032,667914240,58171392,57065472,57962496,758943744,61181952,708771840,669597696,704880640,646008832,58568704,56102912,56877056,56287232
640233472,658604032,667914240,58171392,57065472,57962496,758943744,61181952,708771840,669597696,704880640,646008832,58568704,56102912,56877056,56410112
640233472,658604032,667914240,58171392,57065472,57962496,758943744,61181952,708771840,669597696,704880640,646008832,58568704,56107008,56877056,56410112
640233472,658604032,667914240,58171392,57065472,57962496,758943744,61583360,708771840,669597696,704880640,646008832,58568704,56107008,56877056,56414208
640233472,658604032,667914240,58171392,57065472,57962496,758943744,61583360,708771840,669597696,704880640,646008832,58568704,55627776,56877056,56414208
640233472,658604032,667914240,58171392,57065472,57962496,759492608,61587456,708771840,670576640,704880640,646008832,58568704,55627776,56877056,56414208
640233472,658604032,667914240,58171392,57065472,57962496,759492608,60981248,708771840,670576640,704880640,646008832,58568704,55627776,56881152,56414208
640233472,658608128,667914240,58171392,57065472,57962496,759492608,60583936,708771840,670576640,704880640,646008832,58568704,55627776,56881152,56414208
640233472,658608128,672440320,58171392,57065472,58281984,759492608,60350464,708771840,670576640,704880640,646008832,58568704,55627776,56881152,56414208
640233472,658608128,672440320,58171392,57065472,56299520,759492608,60350464,708771840,670576640,704880640,646008832,58568704,55627776,56881152,56414208
640233472,658608128,672440320,58171392,57065472,56299520,759492608,60350464,708771840,670576640,704880640,646008832,58568704,55627776,56881152,56414208
640233472,658608128,672440320,58171392,57065472,56299520,759492608,60350464,708771840,670576640,704880640,646008832,58568704,55627776,56881152,56414208
640233472,658608128,672440320,58171392,57065472,56299520,759492608,59748352,708771840,670576640,704880640,646008832,58568704,55627776,56881152,56414208
640233472,658608128,672440320,58171392,57065472,56299520,759492608,59748352,708771840,670576640,704880640,646008832,58568704,55627776,56881152,56414208
640233472,658608128,672440320,58171392,57065472,56299520,759492608,59351040,708771840,670576640,704880640,646008832,57942016,55627776,56881152,56414208
640233472,658608128,672440320,58171392,57065472,56299520,759492608,59351040,708771840,670576640,704880640,646008832,57942016,55627776,56881152,56414208
640233472,658608128,672440320,58171392,57065472,56299520,759492608,59731968,659537920,670576640,704880640,646008832,57843712,55627776,56881152,56414208
640233472,658608128,672440320,58171392,57065472,56299520,759492608,59731968,659537920,670576640,704880640,646008832,57847808,55627776,56881152,56414208
640233472,658608128,672440320,58171392,57065472,56299520,759492608,60121088,659537920,670576640,704880640,646008832,57847808,55627776,56881152,56414208
640233472,658608128,672440320,58171392,57065472,56299520,759492608,60121088,659537920,670576640,704880640,646008832,57847808,55627776,56881152,56418304
640233472,658608128,672440320,57384960,57065472,56299520,759492608,60166144,659537920,670576640,704880640,646008832,57847808,55627776,56885248,56418304
640147456,658608128,672440320,57384960,57065472,56299520,759492608,60170240,659537920,670576640,705302528,646008832,57847808,55627776,56893440,56418304
640147456,658608128,672440320,57384960,57065472,56299520,759492608,60567552,659537920,670576640,705302528,646008832,57847808,55627776,56893440,56418304
640147456,658608128,672440320,57384960,57065472,56299520,759492608,60567552,659537920,670576640,706596864,646008832,57847808,55631872,57511936,56418304
640147456,658608128,672440320,57384960,57065472,56299520,759492608,59559936,659537920,670576640,706596864,646008832,57847808,55631872,57511936,55812096
640147456,658608128,672440320,57384960,57065472,56299520,759492608,59559936,659537920,670576640,706596864,600883200,57847808,55631872,57511936,55812096
640147456,658608128,672440320,57384960,57065472,56299520,759492608,59965440,659537920,670576640,706596864,600883200,57847808,55631872,57511936,55177216
640147456,664129536,672440320,57384960,56360960,56299520,759492608,59944960,659537920,670576640,706596864,600883200,57847808,55631872,57511936,55177216
640147456,664129536,672440320,57384960,56360960,56299520,759492608,59944960,659537920,670576640,706596864,600883200,57847808,55631872,57511936,55177216
640147456,664129536,672440320,57384960,56360960,56299520,759492608,60342272,659537920,670576640,706596864,600883200,57847808,55631872,57511936,55177216
640147456,664129536,672440320,57384960,56360960,56299520,760512512,60219392,659537920,670576640,706596864,600883200,58245120,55631872,57511936,55177216
640147456,664129536,672440320,57384960,56360960,55853056,760512512,60219392,709050368,670576640,706596864,600883200,57487360,56029184,57909248,55177216
640147456,664129536,673619968,58155008,56360960,55853056,760512512,58671104,709050368,670576640,706596864,600883200,57487360,55775232,57909248,55664640
640147456,664129536,673619968,58155008,56360960,55853056,760512512,58671104,709050368,675414016,706641920,647811072,57487360,55775232,55762944,55664640
640147456,664129536,673619968,57040896,56360960,55853056,760512512,58671104,709050368,675414016,706641920,647811072,57516032,55775232,55762944,55664640
640147456,664129536,673619968,57040896,56360960,55853056,760512512,58671104,709050368,675414016,706641920,647811072,57516032,55775232,55762944,55664640
640147456,664129536,673619968,57040896,56360960,55853056,760659968,59129856,711004160,675414016,706641920,647811072,57569280,55869440,55853056,55721984
640253952,664121344,673619968,57188352,56504320,55853056,760659968,59129856,711004160,675409920,706633728,647856128,57569280,55840768,55812096,55721984
640253952,664121344,673611776,57188352,56504320,56004608,760659968,59121664,711004160,675409920,706633728,647856128,57569280,55840768,55812096,55721984
640253952,664121344,673611776,57188352,56451072,56004608,760659968,59121664,711024640,675409920,706633728,647856128,57569280,55844864,55812096,55721984
640266240,664121344,673611776,57188352,56451072,56004608,760659968,59125760,711024640,675409920,706646016,647872512,57565184,55844864,55812096,55721984
640278528,664113152,673611776,57188352,56451072,56004608,760659968,59125760,711024640,675418112,706646016,647872512,57565184,55844864,55812096,55721984
640278528,664113152,673599488,57188352,56451072,56004608,760659968,59125760,711024640,675418112,706646016,647872512,57565184,55844864,55812096,55721984
640253952,664113152,673611776,57188352,56451072,56004608,760659968,59125760,711024640,675418112,706646016,647872512,57565184,55844864,55812096,55721984
640245760,664150016,673599488,57188352,56451072,56004608,760659968,59125760,667578368,675418112,706646016,647872512,57839616,55844864,55812096,55721984
640245760,664125440,673599488,57188352,56451072,56004608,760659968,60448768,667578368,736116736,708268032,647655424,59842560,55844864,95055872,95686656
640270336,664113152,673599488,57188352,56451072,56004608,760659968,112623616,667578368,736116736,708268032,647655424,59842560,57524224,56172544,56819712
640258048,664113152,673599488,57188352,56451072,56004608,760659968,61722624,667578368,736116736,708268032,647655424,59842560,57524224,56172544,56819712
631652352,664113152,673599488,57257984,56451072,56004608,830812160,61722624,667578368,736116736,708268032,647655424,59842560,57524224,56172544,56819712
631652352,655642624,727736320,57257984,59154432,56004608,830812160,102150144,667578368,736116736,708268032,647655424,59842560,57524224,56172544,56819712
631652352,655642624,727736320,57257984,59154432,58986496,830812160,102150144,667578368,736116736,708268032,647655424,59842560,57524224,56172544,56819712
631652352,655642624,727736320,57257984,59154432,58986496,884342784,63381504,667578368,736116736,708268032,647655424,59842560,57524224,56172544,56819712
631652352,655642624,727736320,57257984,59154432,58986496,1080881152,63381504,667578368,800051200,708268032,647655424,59842560,56791040,56172544,56926208
631652352,655642624,727736320,57257984,59154432,58986496,1080881152,137056256,667578368,800051200,708268032,696209408,59838464,56791040,56172544,68263936
643981312,655642624,727736320,57257984,59154432,58986496,1027108864,112578560,667578368,818094080,708268032,746680320,60231680,56791040,56172544,68263936
643981312,655642624,727736320,68050944,59158528,71733248,1027108864,112578560,772902912,818118656,750153728,746680320,60231680,56791040,56057856,56025088
698343424,700694528,727736320,55816192,58347520,71733248,1027108864,62820352,773013504,818118656,806318080,746713088,60231680,56791040,56057856,56025088
741634048,700694528,736763904,55816192,58347520,59494400,1027108864,62820352,773013504,818122752,806318080,746713088,60231680,56791040,56057856,56025088
741634048,748208128,736763904,55816192,58347520,59494400,1027108864,62820352,773013504,818167808,806318080,746713088,60231680,56791040,56057856,56025088
790843392,748208128,769613824,55816192,58347520,59494400,1027108864,62824448,773013504,818167808,806322176,746713088,60231680,56791040,56057856,56025088
790867968,748208128,769613824,55816192,58347520,59494400,1027108864,62824448,773013504,818167808,806322176,746713088,60231680,56791040,56057856,56025088
790867968,748216320,769622016,55816192,58347520,59494400,1027108864,62824448,773033984,818167808,806338560,746799104,60231680,56791040,56057856,56025088
790900736,748232704,769622016,55816192,58347520,59494400,1027108864,62824448,773033984,818167808,806342656,746803200,60231680,56791040,56057856,56025088
790900736,748232704,769638400,55816192,58347520,59494400,1027112960,62824448,773033984,818241536,806342656,746803200,60231680,56791040,56057856,56025088
790929408,748232704,769638400,55816192,58347520,59494400,1027112960,62824448,773033984,818241536,806342656,746803200,60231680,56791040,56057856,56025088
790929408,748232704,769638400,55816192,58347520,59494400,1027112960,62824448,773038080,818241536,806342656,746803200,60231680,56791040,56057856,56025088
849125376,748236800,769638400,55816192,58347520,59494400,1027112960,62824448,773038080,818241536,806342656,746807296,60231680,56791040,56057856,56025088
849125376,748236800,769642496,55816192,58347520,59494400,1027112960,62824448,773042176,818241536,806342656,746807296,60231680,56791040,56057856,56025088
908865536,748236800,769642496,55816192,58347520,59494400,1027112960,62824448,773042176,818241536,814444544,746807296,60231680,56791040,56057856,56025088
908865536,757719040,793858048,55816192,65531904,65556480,1027112960,69746688,713027584,833810432,741654528,686227456,58646528,69951488,61861888,56025088
900784128,757719040,699592704,55816192,59404288,65556480,1027129344,69746688,713027584,734154752,741654528,686227456,58646528,56659968,55730176,55869440
900784128,680972288,699592704,55816192,59404288,59424768,1027129344,86339584,713027584,734154752,741654528,686227456,58646528,56659968,55730176,55869440
900812800,680972288,699592704,55816192,59404288,59424768,1029648384,86339584,713027584,734154752,741654528,686227456,58646528,56659968,55713792,55869440
661340160,680972288,699592704,57032704,59404288,59424768,1029648384,86351872,713027584,734154752,741654528,686227456,58646528,56659968,55713792,55869440
661340160,680972288,699592704,57032704,59404288,59424768,1031204864,61853696,713027584,734154752,741654528,686227456,58646528,56659968,55730176,55869440
661340160,680972288,699592704,57032704,59404288,59424768,1143050240,99106816,713027584,734158848,741654528,686227456,58646528,56659968,55730176,55869440
661340160,680972288,699592704,57032704,59404288,95846400,1143050240,99106816,713027584,734158848,741654528,686227456,76718080,56659968,81715200,55926784
661340160,746827776,752009216,57032704,95105024,59068416,1032617984,393424896,713027584,737136640,741662720,686247936,77078528,74375168,92282880,55926784
661340160,764641280,752009216,57032704,95105024,59068416,1032617984,393424896,715812864,737136640,741662720,686247936,95907840,74375168,92282880,83693568
661340160,765038592,752209920,130011136,58322944,59068416,1032617984,62296064,715812864,737132544,741662720,686247936,95907840,94162944,55504896,83693568
769433600,765038592,752201728,130011136,58322944,59068416,1032617984,62296064,715812864,737132544,828428288,790323200,59129856,94162944,55504896,93458432
769818624,765022208,752201728,56410112,58322944,59068416,1032617984,62296064,815763456,824299520,828424192,790515712,59129856,57380864,55504896,56680448
769818624,765022208,752201728,56410112,58322944,59068416,1032617984,62296064,815763456,824483840,828424192,790515712,59129856,57380864,55504896,56680448
769814528,765022208,702492672,56410112,58322944,55975936,1032617984,62296064,815955968,824483840,828424192,790511616,59129856,57380864,55504896,56680448
769814528,684486656,702492672,56410112,58322944,55975936,1032617984,62283776,815955968,824496128,828424192,790511616,59129856,57380864,55504896,56680448
769814528,684486656,702492672,55574528,55173120,55975936,1032617984,62291968,815951872,824492032,752742400,790511616,59129856,57380864,56336384,56664064
695390208,684486656,702492672,55574528,55173120,55975936,1032617984,62291968,740720640,824492032,752742400,790511616,57958400,54968320,56336384,55816192
695390208,684486656,702492672,55574528,55173120,55975936,1032617984,62291968,740720640,774008832,752742400,790511616,57958400,54972416,56336384,55816192
695390208,684486656,702492672,55574528,55173120,55975936,1033195520,60526592,740720640,774008832,752742400,709570560,57958400,54972416,56385536,55816192
701886464,684486656,705441792,55660544,55173120,56057856,1033195520,60563456,740720640,774008832,792899584,709570560,57958400,54972416,56385536,55971840
701886464,684486656,716967936,55373824,55173120,56057856,1033195520,60563456,740364288,774008832,792899584,709570560,58036224,54972416,56766464,55971840
737873920,659509248,716967936,55373824,54620160,55078912,1033195520,60678144,740364288,798244864,792899584,712667136,58777600,55963648,56766464,56147968
737873920,625819648,716967936,55373824,54616064,55078912,1033195520,60682240,740364288,798244864,792899584,712667136,58777600,55963648,56766464,56147968
737873920,625819648,716967936,55373824,54616064,55078912,1033195520,60682240,740364288,798244864,792899584,712667136,58777600,55963648,56766464,56147968
737873920,638865408,716967936,55373824,54755328,55078912,1033293824,61079552,740364288,798244864,792899584,725995520,58781696,56029184,56766464,56147968
737873920,638865408,716967936,55373824,54726656,55209984,1033293824,61059072,740364288,798449664,744603648,725995520,58781696,56029184,55746560,56242176
740728832,638865408,716967936,55459840,54726656,55209984,1033293824,61059072,753459200,798449664,744603648,725995520,58781696,55963648,55746560,56242176
740728832,638865408,716996608,55459840,54726656,55152640,1033293824,61059072,753459200,798449664,744603648,725995520,58781696,55963648,55746560,56242176
740728832,638865408,716996608,55459840,54726656,55152640,1033293824,61059072,753459200,798449664,744603648,725995520,58781696,55963648,55746560,56242176
740728832,638865408,716996608,55459840,54726656,55152640,1033293824,61063168,753459200,798449664,744603648,725995520,58781696,55963648,55746560,56242176
740728832,638865408,716996608,55459840,54726656,55152640,1033293824,61063168,753459200,798449664,744603648,725995520,58781696,55963648,55746560,56242176
740728832,638865408,716996608,55459840,54726656,55152640,1033293824,61063168,753459200,798449664,744603648,725995520,58781696,55963648,55746560,56242176
740728832,638865408,716996608,55459840,54726656,55152640,1033293824,61063168,753459200,798449664,744603648,725995520,58781696,55963648,55746560,56242176
740728832,638865408,716996608,55459840,54726656,55152640,1033293824,61063168,753459200,798449664,744603648,725995520,58781696,55963648,55746560,56242176
740728832,638865408,716996608,55459840,54726656,55152640,1033293824,61063168,753459200,798449664,744603648,725995520,58781696,55963648,55746560,56242176
740728832,638865408,716996608,55459840,54726656,55152640,1033293824,61063168,753459200,798449664,744603648,725995520,58781696,55963648,55746560,56242176
740728832,638865408,716996608,55459840,54726656,55152640,1033293824,61063168,753459200,798449664,744603648,725995520,58781696,55963648,55746560,56242176
740728832,638865408,716996608,55459840,54726656,55152640,1033293824,61063168,753459200,798449664,744603648,725995520,58781696,55963648,55746560,56242176
740728832,638865408,716996608,55459840,54726656,55152640,1033293824,61063168,753459200,798449664,744603648,725995520,58781696,55963648,55746560,56242176
740728832,638865408,716996608,55459840,54726656,55152640,1033293824,61063168,753459200,798449664,744603648,725995520,58781696,55963648,55746560,56242176
740728832,638865408,716996608,55459840,54726656,55152640,1033293824,61063168,753459200,798449664,744603648,725995520,58781696,55963648,55746560,56242176
740728832,638865408,716996608,55459840,54726656,55152640,1033293824,61063168,753459200,798449664,744603648,725995520,58781696,55963648,55746560,56242176
740728832,638865408,716996608,55459840,54726656,55152640,1033293824,61063168,753459200,798449664,744603648,725995520,58781696,55963648,55746560,56242176
740728832,638865408,716996608,55459840,54726656,55152640,1033293824,61063168,753459200,798449664,744603648,725995520,58781696,55963648,55746560,56242176
740728832,638865408,716996608,55459840,54726656,55152640,1033293824,61063168,753459200,798449664,744603648,725995520,58781696,55963648,55746560,56242176
740728832,638865408,716996608,55459840,54726656,55152640,1033293824,61063168,753459200,798449664,744603648,725995520,58781696,55963648,55746560,56242176
740728832,638865408,716996608,55459840,54726656,55152640,1033293824,61063168,753459200,798449664,744603648,725995520,58781696,55963648,55746560,56242176
740728832,638865408,716996608,55459840,54726656,55152640,1033293824,61063168,753459200,798449664,744603648,725995520,58781696,55963648,55746560,56242176
740728832,638865408,716996608,55459840,54726656,55152640,1033293824,61063168,753459200,798449664,744603648,725995520,58781696,55963648,55746560,56242176
740728832,638865408,716996608,55459840,54726656,55152640,1033293824,61063168,753459200,798449664,744603648,725995520,58781696,55963648,55746560,56242176
740728832,638865408,716996608,55459840,54726656,55152640,1033293824,61063168,753459200,798449664,744603648,725995520,58781696,55963648,55746560,56242176
740728832,638865408,716996608,55459840,54726656,55152640,1033293824,61067264,753459200,798449664,744603648,725995520,58781696,55963648,55746560,56242176
740728832,638865408,716996608,55459840,54726656,55152640,1033293824,61067264,753459200,798449664,744603648,725995520,58781696,55963648,55746560,56242176
740728832,638865408,716996608,55459840,54726656,55152640,1033293824,61067264,753459200,798449664,744603648,725995520,58781696,55963648,55746560,56242176
740728832,638865408,716996608,55459840,54726656,55152640,1033293824,61067264,753459200,798449664,744603648,725995520,58781696,55963648,55746560,56242176
740728832,638865408,716996608,55459840,54726656,55152640,1033293824,61067264,753459200,798449664,744603648,725995520,58781696,55963648,55746560,56242176
740728832,638865408,716996608,55459840,54726656,55152640,1033293824,61071360,753459200,798449664,744603648,725995520,58781696,55963648,55746560,56242176
740728832,638865408,716996608,55459840,54726656,55152640,1033293824,61071360,753459200,798449664,744603648,725995520,58781696,55963648,55746560,56242176
740728832,638865408,716996608,55459840,54726656,55152640,1033293824,61071360,753459200,798449664,744603648,725995520,58781696,55963648,55746560,56242176
740728832,638865408,716996608,55459840,54726656,55152640,1033293824,61071360,753459200,798449664,744603648,725995520,58781696,55963648,55746560,56242176
740728832,638865408,716996608,55459840,54726656,55152640,1033293824,61071360,753459200,798449664,744603648,725995520,58781696,55963648,55746560,56242176
740728832,638865408,716996608,55459840,54726656,55152640,1033293824,61071360,753459200,798449664,744603648,725995520,58781696,55963648,55746560,56242176
740728832,638865408,716996608,55459840,54726656,55152640,1033293824,61071360,753459200,798449664,744603648,725995520,58781696,55963648,55746560,56242176
740728832,638865408,716996608,55459840,54726656,55152640,1033293824,61071360,753459200,798449664,744603648,725995520,58781696,55963648,55746560,56242176
740728832,638865408,716996608,55459840,54726656,55152640,1033293824,61071360,753459200,798449664,744603648,725995520,58781696,55963648,55746560,56242176
740728832,638865408,716996608,55459840,54726656,55152640,1033293824,61071360,753459200,798449664,744603648,725995520,58781696,55963648,55746560,56242176
740728832,638865408,716996608,55459840,54726656,55152640,1033293824,61071360,753459200,798449664,744603648,725995520,58781696,55963648,55746560,56242176
740728832,638865408,716996608,55459840,54726656,55152640,1033293824,61071360,753459200,798449664,744603648,725995520,58781696,55963648,55746560,56242176
740728832,638865408,716996608,55459840,54726656,55152640,1033293824,61071360,753459200,798449664,744603648,725995520,58781696,55963648,55746560,56242176
740728832,638865408,716996608,55459840,54726656,55152640,1033293824,61071360,753459200,798449664,744603648,725995520,58781696,55963648,55746560,56242176
740728832,638865408,716996608,55459840,54726656,55152640,1033293824,61071360,753459200,798449664,744603648,725995520,58781696,55963648,55746560,56242176
740728832,638865408,716996608,55459840,54726656,55152640,1033293824,61071360,753459200,798449664,744603648,725995520,58781696,55963648,55746560,56242176
740728832,638865408,716996608,55459840,54726656,55152640,1033293824,61071360,753459200,798449664,744603648,725995520,58781696,55963648,55746560,56242176
740728832,638865408,716996608,55459840,54726656,55152640,1033293824,61071360,753459200,798449664,744603648,725995520,58781696,55963648,55746560,56242176
740728832,638865408,716996608,55459840,54726656,55152640,1033293824,61071360,753459200,798449664,744603648,725995520,58781696,55963648,55746560,56242176
740728832,638865408,716996608,55459840,54726656,55152640,1033293824,61071360,753459200,798449664,744603648,725995520,58781696,55963648,55746560,56242176
740728832,638865408,716996608,55459840,54726656,55152640,1033293824,61071360,753459200,798449664,744603648,725995520,58781696,55963648,55746560,56242176
740728832,638865408,716996608,55459840,54726656,55152640,1033293824,61071360,753459200,798449664,744603648,725995520,58781696,55963648,55746560,56242176
740728832,638865408,716996608,55459840,54726656,55152640,1033293824,61075456,753459200,798449664,744603648,725995520,58781696,55963648,55746560,56242176
740728832,638865408,716996608,55459840,54726656,55152640,1033293824,61075456,753459200,798449664,744603648,725995520,58781696,55963648,55746560,56242176
740728832,638865408,716996608,55459840,54726656,55152640,1033293824,61075456,753459200,798449664,744603648,725995520,58781696,55963648,55746560,56242176
740728832,638865408,716996608,55459840,54726656,55152640,1033293824,61075456,753459200,798449664,744603648,725995520,58781696,55963648,55746560,56242176
740728832,638865408,716996608,55459840,54726656,55152640,1033293824,61075456,753459200,798449664,744603648,725995520,58781696,55963648,55746560,56242176
740728832,638865408,716996608,55459840,54726656,55152640,1033293824,61075456,753459200,798449664,744603648,725995520,58781696,55963648,55746560,56242176
740728832,638865408,716996608,55459840,54726656,55152640,1033293824,61075456,753459200,798449664,744603648,725995520,58781696,55963648,55746560,56242176
740728832,638865408,716996608,55459840,54726656,55152640,1033293824,61075456,753459200,798449664,744603648,725995520,58781696,55963648,55746560,56242176
740728832,638865408,716996608,55459840,54726656,55152640,1033293824,61075456,753459200,798449664,744603648,725995520,58781696,55963648,55746560,56242176
740728832,638865408,716996608,55459840,54726656,55152640,1033293824,61079552,753459200,798449664,744603648,725995520,58781696,55963648,55746560,56242176
740728832,638865408,716996608,55459840,54726656,55152640,1033293824,61083648,753459200,798449664,744603648,725995520,58781696,55963648,55746560,56242176
740728832,638865408,716996608,55459840,54726656,55152640,1033293824,61083648,753459200,798449664,744603648,725995520,58781696,55963648,55746560,56242176
740728832,638865408,716996608,55459840,54726656,55152640,1033293824,61083648,753459200,798449664,744603648,725995520,58781696,55963648,55746560,56242176
740728832,638865408,716996608,55459840,54726656,55152640,1033293824,61083648,753459200,798449664,744603648,725995520,58781696,55963648,55746560,56242176
740728832,638865408,716996608,55459840,54726656,55152640,1033293824,61083648,753459200,798449664,744603648,725995520,58781696,55963648,55746560,56242176
740728832,638865408,716996608,55459840,54726656,55152640,1033293824,61083648,753459200,798449664,744603648,725995520,58781696,55963648,55746560,56242176
740728832,638865408,716996608,55459840,54726656,55152640,1033293824,61083648,753459200,798449664,744603648,725995520,58781696,55963648,55746560,56242176
740728832,638865408,716996608,55459840,54726656,55152640,1033293824,61083648,753459200,798449664,744603648,725995520,58781696,55963648,55746560,56242176
740728832,638865408,716996608,55459840,54726656,55152640,1033293824,61083648,753459200,798449664,744603648,725995520,58781696,55963648,55746560,56242176
740728832,638865408,716996608,55459840,54726656,55152640,1033293824,61083648,753459200,798449664,744603648,725995520,58781696,55963648,55746560,56242176
740728832,638865408,716996608,55459840,54726656,55152640,1033293824,61083648,753459200,798449664,744603648,725995520,58781696,55963648,55746560,56242176
740728832,638865408,716996608,55459840,54726656,55152640,1033293824,61083648,753459200,798449664,744603648,725995520,58781696,55963648,55746560,56242176
740728832,638865408,716996608,55459840,54726656,55152640,1033293824,61083648,753459200,798449664,744603648,725995520,58781696,55963648,55746560,56242176
740728832,638865408,716996608,55459840,54726656,55152640,1033293824,61087744,753459200,798449664,744603648,725995520,58781696,55963648,55746560,56242176
740728832,638865408,716996608,55459840,54726656,55152640,1033293824,61087744,753459200,798449664,744603648,725995520,58781696,55963648,55746560,56242176
740728832,638865408,716996608,55459840,54726656,55152640,1033293824,61087744,753459200,798449664,744603648,725995520,58781696,55963648,55746560,56242176
740728832,638865408,716996608,55459840,54726656,55152640,1033293824,61087744,753459200,798449664,744603648,725995520,58781696,55963648,55746560,56242176
740728832,638865408,716996608,55459840,54726656,55152640,1033293824,61087744,753459200,798449664,744603648,725995520,58781696,55963648,55746560,56242176
740728832,638865408,716996608,55459840,54726656,55152640,1033293824,61087744,753459200,798449664,744603648,725995520,58781696,55963648,55746560,56242176
740728832,638865408,716996608,55459840,54726656,55152640,1033293824,61087744,753459200,798449664,744603648,725995520,58781696,55963648,55746560,56242176
740728832,638865408,716996608,55459840,54726656,55152640,1033293824,61087744,753459200,798449664,744603648,725995520,58781696,55963648,55746560,56242176
740728832,638865408,716996608,55459840,54726656,55152640,1033293824,61087744,753459200,798449664,744603648,725995520,58781696,55963648,55746560,56242176
740728832,638865408,716996608,55459840,54726656,55152640,1033293824,61087744,753459200,798449664,744603648,725995520,58781696,55963648,55746560,56242176
740728832,638865408,716996608,55459840,54726656,55152640,1033293824,61087744,753459200,798449664,744603648,725995520,58781696,55963648,55746560,56242176
740728832,638865408,716996608,55459840,54726656,55152640,1033293824,61087744,753459200,798449664,744603648,725995520,58781696,55963648,55746560,56242176
740728832,638865408,716996608,55459840,54726656,55152640,1033293824,61087744,753459200,798449664,744603648,725995520,58781696,55963648,55746560,56242176
740728832,638865408,716996608,55459840,54726656,55152640,1033293824,61087744,753459200,798449664,744603648,725995520,58781696,55963648,55746560,56242176
740728832,638865408,716996608,55459840,54726656,55152640,1033293824,61087744,753459200,798449664,744603648,725995520,58781696,55963648,55746560,56242176
740728832,638865408,716996608,55459840,54726656,55152640,1033293824,61087744,753459200,798449664,744603648,725995520,58781696,55963648,55746560,56242176
740728832,638865408,716996608,55459840,54726656,55152640,1033293824,61087744,753459200,798449664,744603648,725995520,58781696,55963648,55746560,56242176
740728832,638865408,716996608,55459840,54726656,55152640,1033293824,61087744,753459200,798449664,744603648,725995520,58781696,55963648,55746560,56242176
740728832,638865408,716996608,55459840,54726656,55152640,1033293824,61091840,753459200,798449664,744603648,725995520,58781696,55963648,55746560,56242176
740728832,638865408,716996608,55459840,54726656,55152640,1033293824,61091840,753459200,798449664,744603648,725995520,58781696,55963648,55746560,56242176
740728832,638865408,716996608,55459840,54726656,55152640,1033293824,61091840,753459200,798449664,744603648,725995520,58781696,55963648,55746560,56242176
740728832,638865408,716996608,55459840,54726656,55152640,1033293824,61091840,753459200,798449664,744603648,725995520,58781696,55963648,55746560,56242176
740728832,638865408,716996608,55459840,54726656,55152640,1033293824,61091840,753459200,798449664,744603648,725995520,58781696,55963648,55746560,56242176
740728832,638865408,716996608,55459840,54726656,55152640,1033293824,61095936,753459200,798449664,744603648,725995520,58781696,55963648,55746560,56242176
740728832,638865408,716996608,55459840,54726656,55152640,1033293824,61095936,753459200,798449664,744603648,725995520,58781696,55963648,55746560,56242176
740728832,638865408,716996608,55459840,54726656,55152640,1033293824,61095936,753459200,798449664,744603648,725995520,58781696,55963648,55746560,56242176
740728832,638865408,716996608,55459840,54726656,55152640,1033293824,61095936,753459200,798449664,744603648,725995520,58781696,55963648,55746560,56242176
740728832,638865408,716996608,55459840,54726656,55152640,1033293824,61095936,753459200,798449664,744603648,725995520,58781696,55963648,55746560,56242176
740728832,638865408,716996608,55459840,54726656,55152640,1033293824,61095936,753459200,798449664,744603648,725995520,58781696,55963648,55746560,56242176
740728832,638865408,716996608,55459840,54726656,55152640,1033293824,61095936,753459200,798449664,744603648,725995520,58781696,55963648,55746560,56242176
740728832,638865408,716996608,55459840,54726656,55152640,1033293824,61095936,753459200,798449664,744603648,725995520,58781696,55963648,55746560,56242176
740728832,638865408,716996608,55459840,54726656,55152640,1033293824,61095936,753459200,798449664,744603648,725995520,58781696,55963648,55746560,56242176
740728832,638865408,716996608,55459840,54726656,55152640,1033293824,61095936,753459200,798449664,744603648,725995520,58781696,55963648,55746560,56242176
740728832,638865408,716996608,55459840,54726656,55152640,1033293824,61095936,753459200,798449664,744603648,725995520,58781696,55963648,55746560,56242176
740728832,638865408,716996608,55459840,54726656,55152640,1033293824,61095936,753459200,798449664,744603648,725995520,58781696,55963648,55746560,56242176
740728832,638865408,716996608,55459840,54726656,55152640,1033293824,61095936,753459200,798449664,744603648,725995520,58781696,55963648,55746560,56242176
740728832,638865408,716996608,55459840,54726656,55152640,1033293824,61095936,753459200,798449664,744603648,725995520,58781696,55963648,55746560,56242176
740728832,638865408,716996608,55459840,54726656,55152640,1033293824,61095936,753459200,798449664,744603648,725995520,58781696,55963648,55746560,56242176
740728832,638865408,716996608,55459840,54726656,55152640,1033293824,61095936,753459200,798449664,744603648,725995520,58781696,55963648,55746560,56242176
740728832,638865408,716996608,55459840,54726656,55152640,1033293824,61095936,753459200,798449664,744603648,725995520,58781696,55963648,55746560,56242176
740728832,638865408,716996608,55459840,54726656,55152640,1033293824,61095936,753459200,798449664,744603648,725995520,58781696,55963648,55746560,56242176
740728832,638865408,716996608,55459840,54726656,55152640,1033293824,61100032,753459200,798449664,744603648,725995520,58781696,55963648,55746560,56242176
740728832,638865408,716996608,55459840,54726656,55152640,1033293824,61100032,753459200,798449664,744603648,725995520,58781696,55963648,55746560,56242176
740728832,638865408,716996608,55459840,54726656,55152640,1033293824,61100032,753459200,798449664,744603648,725995520,58781696,55963648,55746560,56242176
740728832,638865408,716996608,55459840,54726656,55152640,1033293824,61100032,753459200,798449664,744603648,725995520,58781696,55963648,55746560,56242176
740728832,638865408,716996608,55459840,54726656,55152640,1033293824,61100032,753459200,798449664,744603648,725995520,58781696,55963648,55746560,56242176
740728832,638865408,716996608,55459840,54726656,55152640,1033293824,61100032,753459200,798449664,744603648,725995520,58781696,55963648,55746560,56242176
740728832,638865408,716996608,55459840,54726656,55152640,1033293824,61100032,753459200,798449664,744603648,725995520,58781696,55963648,55746560,56242176
740728832,638865408,716996608,55459840,54726656,55152640,1033293824,61100032,753459200,798449664,744603648,725995520,58781696,55963648,55746560,56242176
740728832,638865408,716996608,55459840,54726656,55152640,1033293824,61100032,753459200,798449664,744603648,725995520,58781696,55963648,55746560,56242176
740728832,638865408,716996608,55459840,54726656,55152640,1033293824,61100032,753459200,798449664,744603648,725995520,58781696,55963648,55746560,56242176
740728832,638865408,716996608,55459840,54726656,55152640,1033293824,61100032,753459200,798449664,744603648,725995520,58781696,55963648,55746560,56242176
740728832,638865408,716996608,55459840,54726656,55152640,1033293824,61100032,753459200,798449664,744603648,725995520,58781696,55963648,55746560,56242176
740728832,638865408,716996608,55459840,54726656,55152640,1033293824,61100032,753459200,798449664,744603648,725995520,58781696,55963648,55746560,56242176
740728832,638865408,716996608,55459840,54726656,55152640,1033293824,61100032,753459200,798449664,744603648,725995520,58781696,55963648,55746560,56242176
740728832,638865408,716996608,55459840,54726656,55152640,1033293824,61104128,753459200,798449664,744603648,725995520,58781696,55963648,55746560,56242176
740728832,638865408,716996608,55459840,54726656,55152640,1033293824,61104128,753459200,798449664,744603648,725995520,58781696,55963648,55746560,56242176
740728832,638865408,716996608,55459840,54726656,55152640,1033293824,61104128,753459200,798449664,744603648,725995520,58781696,55963648,55746560,56242176
740728832,638865408,716996608,55459840,54726656,55152640,1033293824,61104128,753459200,798449664,744603648,725995520,58781696,55963648,55746560,56242176
740728832,638865408,716996608,55459840,54726656,55152640,1033293824,61104128,753459200,798449664,744603648,725995520,58781696,55963648,55746560,56242176
740728832,638865408,716996608,55459840,54726656,55152640,1033293824,61104128,753459200,798449664,744603648,725995520,58781696,55963648,55746560,56242176
740728832,638865408,716996608,55459840,54726656,55152640,1033293824,61104128,753459200,798449664,744603648,725995520,58781696,55963648,55746560,56242176
740728832,638865408,716996608,55459840,54726656,55152640,1033293824,61104128,753459200,798449664,744603648,725995520,58781696,55963648,55746560,56242176
740728832,638865408,716996608,55459840,54726656,55152640,1033293824,61104128,753459200,798449664,744603648,725995520,58781696,55963648,55746560,56242176
740728832,638865408,716996608,55459840,54726656,55152640,1033293824,61104128,753459200,798449664,744603648,725995520,58781696,55963648,55746560,56242176
740728832,638865408,716996608,55459840,54726656,55152640,1033293824,61104128,753459200,798449664,744603648,725995520,58781696,55963648,55746560,56242176
740728832,638865408,716996608,55459840,54726656,55152640,1033293824,61104128,753459200,798449664,744603648,725995520,58781696,55963648,55746560,56242176
740728832,638865408,716996608,55459840,54726656,55152640,1033293824,61104128,753459200,798449664,744603648,725995520,58781696,55963648,55746560,56242176
740728832,638865408,716996608,55459840,54726656,55152640,1033293824,61104128,753459200,798449664,744603648,725995520,58781696,55963648,55746560,56242176
740728832,638865408,716996608,55459840,54726656,55152640,1033293824,61104128,753459200,798449664,744603648,725995520,58781696,55963648,55746560,56242176
740728832,638865408,716996608,55459840,54726656,55152640,1033293824,61104128,753459200,798449664,744603648,725995520,58785792,55963648,55746560,56242176
740728832,638865408,716996608,55459840,54726656,55152640,1033293824,61104128,753459200,798449664,744603648,725995520,58785792,55963648,55746560,56242176
740728832,638865408,716996608,55459840,54726656,55152640,1033293824,61104128,753459200,798449664,744603648,725995520,58785792,55963648,55746560,56242176
740728832,638865408,716996608,55459840,54726656,55152640,1033293824,61104128,753459200,798449664,744603648,725995520,58785792,55963648,55746560,56242176
740728832,638865408,716996608,55459840,54726656,55152640,1033293824,61104128,753459200,798449664,744603648,725995520,58785792,55963648,55746560,56242176
740728832,638865408,716996608,55459840,54726656,55152640,1033293824,61104128,753459200,798449664,744603648,725995520,58785792,55963648,55746560,56242176
740728832,638865408,716996608,55459840,54726656,55152640,1033293824,61104128,753459200,798449664,744603648,725995520,58785792,55963648,55746560,56242176
740728832,638865408,716996608,55459840,54726656,55152640,1033293824,61104128,753459200,798449664,744603648,725995520,58785792,55963648,55746560,56242176
740728832,638865408,716996608,55459840,54726656,55152640,1033293824,61104128,753459200,798449664,744603648,725995520,58785792,55963648,55746560,56242176
740728832,638865408,716996608,55459840,54726656,55152640,1033293824,61104128,753459200,798449664,744603648,725995520,58785792,55963648,55746560,56242176
740728832,638865408,716996608,55459840,54726656,55152640,1033293824,61104128,753459200,798449664,744603648,725995520,58785792,55963648,55746560,56242176
740728832,638865408,716996608,55459840,54726656,55152640,1033293824,61104128,753459200,798449664,744603648,725995520,58785792,55963648,55746560,56242176
740728832,638865408,716996608,55459840,54726656,55152640,1033293824,61104128,753459200,798449664,744603648,725995520,58785792,55963648,55746560,56242176
740728832,638865408,716996608,55459840,54726656,55152640,1033293824,61104128,753459200,798449664,744603648,725995520,58785792,55963648,55746560,56242176
740728832,638865408,716996608,55459840,54726656,55152640,1033293824,61104128,753459200,798449664,744603648,725995520,58785792,55963648,55746560,56242176
740728832,638865408,716996608,55459840,54726656,55152640,1033293824,61104128,753459200,798449664,744603648,725995520,58785792,55963648,55746560,56242176
740728832,638865408,716996608,55459840,54726656,55152640,1033293824,61104128,753459200,798449664,744603648,725995520,58785792,55963648,55746560,56242176
740728832,638865408,716996608,55459840,54726656,55152640,1033293824,61112320,753459200,798449664,744603648,725995520,58785792,55963648,55746560,56242176
740728832,638865408,716996608,55459840,54726656,55152640,1033293824,61112320,753459200,798449664,744603648,725995520,58785792,55963648,55746560,56242176
740728832,638865408,716996608,55459840,54726656,55152640,1033293824,61112320,753459200,798449664,744603648,725995520,58785792,55963648,55746560,56242176
740728832,638865408,716996608,55459840,54726656,55152640,1033293824,61112320,753459200,798449664,744603648,725995520,58785792,55963648,55746560,56242176
740728832,638865408,716996608,55459840,54726656,55152640,1033293824,61112320,753459200,798449664,744603648,725995520,58785792,55963648,55746560,56242176
740728832,638865408,716996608,55459840,54726656,55152640,1033293824,61112320,753459200,798449664,744603648,725995520,58785792,55963648,55746560,56242176
740728832,638865408,716996608,55459840,54726656,55152640,1033293824,61112320,753459200,798449664,744603648,725995520,58785792,55963648,55746560,56242176
740728832,638865408,716996608,55459840,54726656,55152640,1033293824,61120512,753459200,798449664,744603648,725995520,58785792,55963648,55746560,56242176
740728832,638865408,716996608,55459840,54726656,55152640,1033293824,61120512,753459200,798449664,744603648,725995520,58785792,55963648,55746560,56242176
740728832,638865408,716996608,55459840,54726656,55152640,1033293824,61120512,753459200,798449664,744603648,725995520,58785792,55963648,55746560,56242176
740728832,638865408,716996608,55459840,54726656,55152640,1033293824,61120512,753459200,798449664,744603648,725995520,58785792,55963648,55746560,56242176
740728832,638865408,716996608,55459840,54726656,55152640,1033293824,61120512,753459200,798449664,744603648,725995520,58785792,55963648,55746560,56242176
740728832,638865408,716996608,55459840,54726656,55152640,1033293824,61120512,753459200,798449664,744603648,725995520,58785792,55963648,55746560,56242176
740728832,638865408,716996608,55459840,54726656,55152640,1033293824,61120512,753459200,798449664,744603648,725995520,58785792,55963648,55746560,56242176
740728832,638865408,716996608,55459840,54726656,55152640,1033293824,61120512,753459200,798449664,744603648,725995520,58785792,55963648,55746560,56242176
740728832,638865408,716996608,55459840,54726656,55152640,1033293824,61120512,753459200,798449664,744603648,725995520,58785792,55963648,55746560,56242176
740728832,638865408,716996608,55459840,54726656,55152640,1033293824,61120512,753459200,798449664,744603648,725995520,58785792,55963648,55746560,56242176
740728832,638865408,716996608,55459840,54726656,55152640,1033293824,61120512,753459200,798449664,744603648,725995520,58785792,55963648,55746560,56242176
740728832,638865408,716996608,55459840,54726656,55152640,1033293824,61120512,753459200,798449664,744603648,725995520,58785792,55963648,55746560,56242176
740728832,638865408,716996608,55459840,54726656,55152640,1033293824,61120512,753459200,798449664,744603648,725995520,58785792,55963648,55746560,56242176
740728832,638865408,716996608,55459840,54726656,55152640,1033293824,61120512,753459200,798449664,744603648,725995520,58785792,55963648,55746560,56242176
740728832,638865408,716996608,55459840,54726656,55152640,1033293824,61120512,753459200,798449664,744603648,725995520,58785792,55963648,55746560,56242176
740728832,638865408,716996608,55459840,54726656,55152640,1033293824,61120512,753459200,798449664,744603648,725995520,58785792,55963648,55746560,56242176
740728832,638865408,716996608,55459840,54726656,55152640,1033293824,61120512,753459200,798449664,744603648,725995520,58785792,55963648,55746560,56242176
740728832,638865408,716996608,55459840,54726656,55152640,1033293824,61120512,753459200,798449664,744603648,725995520,58785792,55963648,55746560,56242176
740728832,638865408,716996608,55459840,54726656,55152640,1033293824,61120512,753459200,798449664,744603648,725995520,58785792,55963648,55746560,56242176
740728832,638865408,716996608,55459840,54726656,55152640,1033293824,61120512,753459200,798449664,744603648,725995520,58785792,55963648,55746560,56242176
740728832,638865408,716996608,55459840,54726656,55152640,1033293824,61120512,753459200,798449664,744603648,725995520,58785792,55963648,55746560,56242176
740728832,638865408,716996608,55459840,54726656,55152640,1033293824,61120512,753459200,798449664,744603648,725995520,58785792,55963648,55746560,56242176
740728832,638865408,716996608,55459840,54726656,55152640,1033293824,61120512,753459200,798449664,744603648,725995520,58785792,55963648,55746560,56242176
740728832,638865408,716996608,55459840,54726656,55152640,1033293824,61124608,753459200,798449664,744603648,725995520,58785792,55963648,55746560,56242176
740728832,638865408,716996608,55459840,54726656,55152640,1033293824,61124608,753459200,798449664,744603648,725995520,58785792,55963648,55746560,56242176
740728832,638865408,716996608,55459840,54726656,55152640,1033293824,61124608,753459200,798449664,744603648,725995520,58785792,55963648,55746560,56242176
740728832,638865408,716996608,55459840,54726656,55152640,1033293824,61124608,753459200,798449664,744603648,725995520,58785792,55963648,55746560,56242176
740728832,638865408,716996608,55459840,54726656,55152640,1033293824,61124608,753459200,798449664,744603648,725995520,58785792,55963648,55746560,56242176
740728832,638865408,716996608,55459840,54726656,55152640,1033293824,61124608,753459200,798449664,744603648,725995520,58785792,55963648,55746560,56242176
740728832,638865408,716996608,55459840,54726656,55152640,1033293824,61124608,753459200,798449664,744603648,725995520,58785792,55963648,55746560,56242176
740728832,638865408,716996608,55459840,54726656,55152640,1033293824,61124608,753459200,798449664,744603648,725995520,58785792,55963648,55746560,56242176
740728832,638865408,716996608,55459840,54726656,55152640,1033293824,61128704,753459200,798449664,744603648,725995520,58785792,55963648,55746560,56242176
740728832,638865408,716996608,55459840,54726656,55152640,1033293824,61128704,753459200,798449664,744603648,725995520,58785792,55963648,55746560,56242176
740728832,638865408,716996608,55459840,54726656,55152640,1033293824,61128704,753459200,798449664,744603648,725995520,58785792,55963648,55746560,56242176
740728832,638865408,716996608,55459840,54726656,55152640,1033293824,61128704,753459200,798449664,744603648,725995520,58785792,55963648,55746560,56242176
740728832,638865408,716996608,55459840,54726656,55152640,1033293824,61128704,753459200,798449664,744603648,725995520,58785792,55963648,55746560,56242176
740728832,638865408,716996608,55459840,54726656,55152640,1033293824,61128704,753459200,798449664,744603648,725995520,58785792,55963648,55746560,56242176
740728832,638865408,716996608,55459840,54726656,55152640,1033293824,61128704,753459200,798449664,744603648,725995520,58785792,55963648,55746560,56242176
740728832,638865408,716996608,55459840,54726656,55152640,1033293824,61128704,753459200,798449664,744603648,725995520,58785792,55963648,55746560,56242176
740728832,638865408,716996608,55459840,54726656,55152640,1033293824,61128704,753459200,798449664,744603648,725995520,58785792,55963648,55746560,56242176
740728832,638865408,716996608,55459840,54726656,55152640,1033293824,61128704,753459200,798449664,744603648,725995520,58785792,55963648,55746560,56242176
740728832,638865408,716996608,55459840,54726656,55152640,1033293824,61128704,753459200,798449664,744603648,725995520,58785792,55963648,55746560,56242176
740728832,638865408,716996608,55459840,54726656,55152640,1033293824,61132800,753459200,798449664,744603648,725995520,58785792,55963648,55746560,56242176
740728832,638865408,716996608,55459840,54726656,55152640,1033293824,61132800,753459200,798449664,744603648,725995520,58785792,55963648,55746560,56242176
740728832,638865408,716996608,55459840,54726656,55152640,1033293824,61132800,753459200,798449664,744603648,725995520,58785792,55963648,55746560,56242176
740728832,638865408,716996608,55459840,54726656,55152640,1033293824,61132800,753459200,798449664,744603648,725995520,58785792,55963648,55746560,56242176
740728832,638865408,716996608,55459840,54726656,55152640,1033293824,61132800,753459200,798449664,744603648,725995520,58785792,55963648,55746560,56242176
740728832,638865408,716996608,55459840,54726656,55152640,1033293824,61132800,753459200,798449664,744603648,725995520,58785792,55963648,55746560,56242176
740728832,638865408,716996608,55459840,54726656,55152640,1033293824,61132800,753459200,798449664,744603648,725995520,58785792,55963648,55746560,56242176
740728832,638865408,716996608,55459840,54726656,55152640,1033293824,61132800,753459200,798449664,744603648,725995520,58785792,55963648,55746560,56242176
740728832,638865408,716996608,55459840,54726656,55152640,1033293824,61132800,753459200,798449664,744603648,725995520,58785792,55963648,55746560,56242176
740728832,638865408,716996608,55459840,54726656,55152640,1033293824,61132800,753459200,798449664,744603648,725995520,58785792,55963648,55746560,56242176
740728832,638865408,716996608,55459840,54726656,55152640,1033293824,61132800,753459200,798449664,744603648,725995520,58785792,55963648,55746560,56242176
740728832,638865408,716996608,55459840,54726656,55152640,1033293824,61132800,753459200,798449664,744603648,725995520,58785792,55963648,55746560,56242176
740728832,638865408,716996608,55459840,54726656,55152640,1033293824,61132800,753459200,798449664,744603648,725995520,58785792,55963648,55746560,56242176
740728832,638865408,716996608,55459840,54726656,55152640,1033293824,61132800,753459200,798449664,744603648,725995520,58785792,55963648,55746560,56242176
740728832,638865408,716996608,55459840,54726656,55152640,1033293824,61132800,753459200,798449664,744603648,725995520,58785792,55963648,55746560,56242176
740728832,638865408,716996608,55459840,54726656,55152640,1033293824,61132800,753459200,798449664,744603648,725995520,58785792,55963648,55746560,56242176
740728832,638865408,716996608,55459840,54726656,55152640,1033293824,61132800,753459200,798449664,744603648,725995520,58785792,55963648,55746560,56242176
740728832,638865408,716996608,55459840,54726656,55152640,1033293824,61132800,753459200,798449664,744603648,725995520,58785792,55963648,55746560,56242176
740728832,638865408,716996608,55459840,54726656,55152640,1033293824,61132800,753459200,798449664,744603648,725995520,58785792,55963648,55746560,56242176
740728832,638865408,716996608,55459840,54726656,55152640,1033293824,61132800,753459200,798449664,744603648,725995520,58785792,55963648,55746560,56242176
740728832,638865408,716996608,55459840,54726656,55152640,1033293824,61132800,753459200,798449664,744603648,725995520,58785792,55963648,55746560,56242176
740728832,638865408,716996608,55459840,54726656,55152640,1033293824,61132800,753459200,798449664,744603648,725995520,58785792,55963648,55746560,56242176
740728832,638865408,716996608,55459840,54726656,55152640,1033293824,61132800,753459200,798449664,744603648,725995520,58785792,55963648,55746560,56242176
740728832,638865408,716996608,55459840,54726656,55152640,1033293824,61136896,753459200,798449664,744603648,725995520,58785792,55963648,55746560,56242176
740728832,638865408,716996608,55459840,54726656,55152640,1033293824,61136896,753459200,798449664,744603648,725995520,58785792,55963648,55746560,56242176
740728832,638865408,716996608,55459840,54726656,55152640,1033293824,61136896,753459200,798449664,744603648,725995520,58785792,55963648,55746560,56242176
740728832,638865408,716996608,55459840,54726656,55152640,1033293824,61136896,753459200,798449664,744603648,725995520,58785792,55963648,55746560,56242176
740728832,638865408,716996608,55459840,54726656,55152640,1033293824,61136896,753459200,798449664,744603648,725995520,58785792,55963648,55746560,56242176
740728832,638865408,716996608,55459840,54726656,55152640,1033293824,61136896,753459200,798449664,744603648,725995520,58785792,55963648,55746560,56242176
740728832,638865408,716996608,55459840,54726656,55152640,1033293824,61136896,753459200,798449664,744603648,725995520,58785792,55963648,55746560,56242176
740728832,638865408,716996608,55459840,54726656,55152640,1033293824,61136896,753459200,798449664,744603648,725995520,58785792,55963648,55746560,56242176
740728832,638865408,716996608,55459840,54726656,55152640,1033293824,61136896,753459200,798449664,744603648,725995520,58785792,55963648,55746560,56242176
740728832,638865408,716996608,55459840,54726656,55152640,1033293824,61136896,753459200,798449664,744603648,725995520,58785792,55963648,55746560,56242176
740728832,638865408,716996608,55459840,54726656,55152640,1033293824,61136896,753459200,798449664,744603648,725995520,58785792,55963648,55746560,56242176
740728832,638865408,716996608,55459840,54726656,55152640,1033293824,61136896,753459200,798449664,744603648,725995520,58785792,55963648,55746560,56242176
740728832,638865408,716996608,55459840,54726656,55152640,1033293824,61136896,753459200,798449664,744603648,725995520,58785792,55963648,55746560,56242176
740728832,638865408,716996608,55459840,54726656,55152640,1033293824,61136896,753459200,798449664,744603648,725995520,58785792,55963648,55746560,56242176
740728832,638865408,716996608,55459840,54726656,55152640,1033293824,61136896,753459200,798449664,744603648,725995520,58785792,55963648,55746560,56242176
740728832,638865408,716996608,55459840,54726656,55152640,1033293824,61136896,753459200,798449664,744603648,725995520,58785792,55963648,55746560,56242176
740728832,638865408,716996608,55459840,54726656,55152640,1033293824,61136896,753459200,798449664,744603648,725995520,58785792,55963648,55746560,56242176
740728832,638865408,716996608,55459840,54726656,55152640,1033293824,61140992,753459200,798449664,744603648,725995520,58785792,55963648,55746560,56242176
740728832,638865408,716996608,55459840,54726656,55152640,1033293824,61140992,753459200,798449664,744603648,725995520,58785792,55963648,55746560,56242176
740728832,638865408,716996608,55459840,54726656,55152640,1033293824,61140992,753459200,798449664,744603648,725995520,58785792,55963648,55746560,56242176
740728832,638865408,716996608,55459840,54726656,55152640,1033293824,61140992,753459200,798449664,744603648,725995520,58785792,55963648,55746560,56242176
740728832,638865408,716996608,55459840,54726656,55152640,1033293824,61140992,753459200,798449664,744603648,725995520,58785792,55963648,55746560,56242176
740728832,638865408,716996608,55459840,54726656,55152640,1033293824,61140992,753459200,798449664,744603648,725995520,58785792,55963648,55746560,56242176
740728832,638865408,716996608,55459840,54726656,55152640,1033293824,61140992,753459200,798449664,744603648,725995520,58785792,55963648,55746560,56242176
740728832,638865408,716996608,55459840,54726656,55152640,1033293824,61140992,753459200,798449664,744603648,725995520,58785792,55963648,55746560,56242176
740728832,638865408,716996608,55459840,54726656,55152640,1033293824,61140992,753459200,798449664,744603648,725995520,58785792,55963648,55746560,56242176
740728832,638865408,716996608,55459840,54726656,55152640,1033293824,61140992,753459200,798449664,744603648,725995520,58785792,55963648,55746560,56242176
740728832,638865408,716996608,55459840,54726656,55152640,1033293824,61140992,753459200,798449664,744603648,725995520,58785792,55963648,55746560,56242176
740728832,638865408,716996608,55459840,54726656,55152640,1033293824,61140992,753459200,798449664,744603648,725995520,58785792,55963648,55746560,56242176
740728832,638865408,716996608,55459840,54726656,55152640,1033293824,61140992,753459200,798449664,744603648,725995520,58785792,55963648,55746560,56242176
740728832,638865408,716996608,55459840,54726656,55152640,1033293824,61140992,753459200,798449664,744603648,725995520,58785792,55963648,55746560,56242176
740728832,638865408,716996608,55459840,54726656,55152640,1033293824,61140992,753459200,798449664,744603648,725995520,58785792,55963648,55746560,56242176
740728832,638865408,716996608,55459840,54726656,55156736,1033293824,61140992,753459200,798449664,744603648,725995520,58785792,55963648,55746560,56242176
740728832,638865408,716996608,55459840,54726656,55156736,1033293824,61140992,753459200,798449664,744603648,725995520,58785792,55963648,55746560,56242176
740728832,638865408,716996608,55459840,56262656,55156736,1033293824,61517824,753459200,798449664,744603648,725995520,58785792,55963648,55746560,56242176
740728832,673357824,716996608,55459840,56262656,55156736,1033293824,61517824,753459200,798449664,744603648,725995520,58785792,55963648,55746560,56242176
740728832,673357824,716996608,55459840,56262656,55156736,1033732096,61517824,753459200,798449664,744603648,725995520,58785792,55963648,55746560,56242176
740728832,673357824,716996608,55459840,56262656,55156736,1033732096,61337600,753459200,798449664,744603648,725995520,58785792,55963648,55746560,56242176
740728832,673357824,716996608,55459840,56262656,55156736,1033732096,61337600,753459200,798449664,744603648,725995520,58785792,55963648,55746560,56242176
740728832,673357824,716996608,55459840,56262656,55156736,1033732096,61337600,753459200,798449664,744603648,725995520,58785792,55963648,55746560,56242176
740728832,673357824,716996608,55459840,56262656,55156736,1033732096,61337600,753459200,798449664,744603648,725995520,58785792,55963648,55746560,56242176
740728832,673357824,716996608,55459840,56262656,55156736,1033732096,61337600,753459200,798449664,744603648,725995520,58785792,55963648,55746560,56242176
740728832,673357824,716996608,55459840,56262656,55156736,1033732096,61337600,753459200,798449664,744603648,725995520,58785792,55963648,55746560,56242176
740728832,673357824,716996608,55459840,56262656,55156736,1033732096,61337600,753459200,798449664,744603648,725995520,58785792,55963648,55746560,56242176
740728832,673357824,716996608,55459840,56262656,55156736,1033732096,61337600,753459200,798449664,744603648,725995520,58785792,55963648,55746560,56242176
740728832,673357824,716996608,55459840,56262656,55156736,1033732096,61337600,753459200,798449664,744603648,725995520,58785792,55963648,55746560,56242176
740728832,673357824,716996608,55459840,56262656,55156736,1033732096,61341696,753459200,798449664,744603648,725995520,58785792,55963648,55746560,56242176
740728832,673357824,716996608,55459840,56262656,55156736,1033732096,61341696,753459200,798449664,744603648,725995520,58785792,55963648,55746560,56242176
740728832,673357824,716996608,55459840,56262656,55156736,1033732096,61341696,753459200,798449664,744603648,725995520,58785792,55963648,55746560,56242176
740728832,673357824,716996608,55459840,56262656,55156736,1033732096,61341696,753459200,798449664,744603648,725995520,58785792,55963648,55746560,56242176
740728832,673357824,716996608,55459840,56262656,55156736,1033732096,61341696,753459200,798449664,744603648,725995520,58785792,55963648,55746560,56242176
740728832,673357824,716996608,55459840,56262656,55156736,1033732096,61341696,753459200,798449664,744603648,725995520,58785792,55963648,55746560,56242176
740728832,673357824,716996608,55459840,56262656,55156736,1033732096,61341696,753459200,798449664,744603648,725995520,58785792,55963648,55746560,56242176
740728832,673357824,716996608,55459840,56262656,55156736,1033732096,61341696,753459200,798449664,744603648,725995520,58785792,55963648,55746560,56242176
740728832,673357824,716996608,55459840,56262656,55156736,1033732096,61341696,753459200,798449664,744603648,725995520,58785792,55963648,55746560,56242176
740728832,673357824,716996608,55459840,56262656,55156736,1033732096,61341696,753459200,798449664,744603648,725995520,58785792,55963648,55746560,56242176
740728832,673357824,716996608,55459840,56266752,55156736,1033732096,61341696,753459200,798449664,744603648,725995520,58785792,55963648,55746560,56242176
740728832,673357824,716996608,55459840,56270848,55156736,1033732096,61341696,753459200,798449664,744603648,725995520,58785792,55963648,55746560,56242176
740728832,673357824,716996608,55459840,56270848,55156736,1033732096,61341696,753459200,798449664,744603648,725995520,58785792,55980032,55746560,56242176
740728832,673357824,716996608,55459840,56270848,55156736,1033732096,61341696,753459200,798449664,744603648,725995520,58785792,55980032,55746560,56242176
740728832,673357824,716996608,55459840,56270848,55156736,1033732096,61341696,753459200,798449664,744603648,725995520,58785792,55963648,55746560,56242176
740728832,673357824,716996608,55459840,56270848,55156736,1033732096,61341696,753459200,798449664,744603648,725995520,58785792,55963648,55746560,56242176
740728832,673357824,716996608,55459840,56270848,55238656,1033732096,61575168,753459200,798449664,744603648,725995520,58785792,55963648,55746560,56242176
740728832,673357824,717221888,55459840,56270848,55238656,1033736192,61575168,753459200,798449664,744603648,725995520,58785792,55963648,55746560,56242176
740728832,673357824,717221888,56406016,56270848,55238656,1033736192,61579264,753459200,798449664,744603648,725995520,58785792,55963648,55746560,56242176
740728832,673357824,717221888,56406016,56270848,55238656,1033736192,61579264,753459200,798449664,744603648,725995520,58785792,55963648,55746560,56242176
740728832,673357824,717221888,56406016,56270848,55238656,1033736192,61583360,753459200,798449664,744603648,725995520,58785792,55963648,55746560,56242176
740728832,673357824,717221888,56406016,56270848,55238656,1033736192,61583360,753459200,798449664,744603648,725995520,58785792,55963648,55746560,56242176
740728832,673357824,717221888,56406016,56270848,55238656,1033736192,61583360,753459200,798449664,744603648,725995520,58785792,55963648,55746560,56242176
740728832,673357824,717221888,56410112,56270848,55238656,1033736192,61583360,753459200,798449664,744603648,725995520,58785792,55963648,55746560,56242176
740728832,673357824,717221888,56410112,56270848,55238656,1033736192,61583360,753459200,798449664,744603648,725995520,58785792,55963648,55746560,56242176
740728832,673357824,717221888,56410112,56270848,55238656,1033736192,61583360,753459200,798449664,744603648,725995520,58785792,55963648,55746560,56242176
740728832,673357824,717221888,56410112,56270848,55238656,1033736192,61583360,753459200,798449664,744603648,725995520,58785792,55963648,55746560,56242176
740728832,673357824,717221888,56410112,56270848,55238656,1033736192,61583360,753459200,798449664,744603648,725995520,58785792,55963648,55746560,56242176
740728832,673357824,717221888,56410112,56270848,55238656,1033736192,61583360,753459200,798449664,744603648,725995520,58785792,55963648,55746560,56242176
740728832,673357824,717221888,56410112,56270848,55238656,1033736192,61587456,753459200,798449664,744603648,725995520,58785792,55963648,55746560,56242176
740728832,673357824,717221888,56410112,56270848,55238656,1033736192,61587456,753459200,798449664,744603648,725995520,58785792,55963648,55746560,56242176
740728832,673357824,717221888,56410112,56270848,55238656,1033736192,61587456,753459200,798449664,744603648,725995520,58785792,55963648,55746560,56242176
740728832,673357824,717221888,56410112,56270848,55242752,1033736192,61587456,753459200,798449664,744603648,725995520,58785792,55963648,55746560,56242176
740728832,673357824,717221888,56410112,56270848,55242752,1033736192,61587456,753459200,798449664,744603648,725995520,58785792,55963648,55746560,56242176
740728832,673357824,717221888,56410112,56270848,55242752,1033736192,61587456,753459200,798449664,744603648,725995520,58785792,55963648,55746560,56242176
740728832,673357824,717221888,56410112,56270848,55242752,1033736192,61587456,753459200,798449664,744603648,725995520,58785792,55963648,55746560,56242176
740728832,673357824,717221888,56410112,56270848,55242752,1033736192,61587456,753459200,798449664,744603648,725995520,58785792,55963648,55746560,56242176
740728832,673357824,717221888,56410112,56270848,55242752,1033736192,61587456,753459200,798449664,744603648,725995520,58785792,55963648,55746560,56242176
740728832,673357824,717221888,56410112,56270848,55242752,1033736192,61587456,753459200,798449664,744603648,725995520,58785792,55963648,55746560,56242176
740728832,673357824,717221888,56410112,56270848,55242752,1033736192,61587456,753459200,798449664,744603648,725995520,58785792,55963648,55746560,56242176
740728832,673357824,717221888,56410112,56270848,55242752,1033736192,61587456,753459200,798449664,744603648,725995520,58785792,55963648,55746560,56242176
740728832,673357824,717221888,56410112,56270848,55242752,1033736192,61587456,753459200,798449664,744603648,725995520,58785792,55963648,55746560,56242176
740728832,673357824,717221888,56410112,56270848,55242752,1033736192,61591552,753459200,798449664,744603648,725995520,58785792,55963648,55746560,56242176
740728832,673357824,717221888,56410112,56270848,55242752,1033736192,61591552,753459200,798449664,744603648,725995520,58785792,55963648,55746560,56242176
740728832,673357824,717221888,56410112,56270848,55242752,1033736192,61591552,753459200,798449664,744603648,725995520,58785792,55963648,55746560,56242176
740728832,673357824,717221888,56410112,56270848,55242752,1033736192,61591552,753459200,798449664,744603648,725995520,58785792,55963648,55746560,56242176
740728832,673357824,717221888,56410112,56270848,55242752,1033736192,61591552,753459200,798449664,744603648,725995520,58785792,55963648,55746560,56242176
740728832,673357824,717221888,56410112,56270848,55242752,1033736192,61591552,753459200,798449664,744603648,725995520,58785792,55963648,55746560,56242176
740728832,673357824,717221888,56410112,56270848,55242752,1033736192,61591552,753459200,798449664,744603648,725995520,58785792,55963648,55746560,56242176
740728832,673357824,717221888,56410112,56270848,55242752,1033736192,61595648,753459200,798449664,744603648,725995520,58785792,55963648,55746560,56242176
740728832,673357824,717221888,56410112,56270848,55242752,1033736192,61595648,753459200,798449664,744603648,725995520,58785792,55963648,55746560,56242176
740728832,673357824,717221888,56410112,56270848,55242752,1033736192,61595648,753459200,798449664,744603648,725995520,58785792,55963648,55746560,56242176
740728832,673357824,717221888,56410112,56270848,55242752,1033736192,61595648,753459200,798449664,744603648,725995520,58785792,55963648,55746560,56242176
740728832,673357824,717221888,56410112,56270848,55242752,1033736192,61595648,753459200,798449664,744603648,725995520,58785792,55963648,55746560,56242176
740728832,673357824,717221888,56410112,56270848,55242752,1033736192,61595648,753459200,798449664,744603648,725995520,58785792,55963648,55746560,56242176
740728832,673357824,717221888,56410112,56270848,55242752,1033736192,61595648,753459200,798449664,744603648,725995520,58785792,55963648,55746560,56242176
740728832,673357824,717221888,56410112,56270848,55242752,1033736192,61595648,753459200,798449664,744603648,725995520,58785792,55963648,55746560,56242176
740728832,673357824,717221888,56410112,56270848,55242752,1033736192,61595648,753459200,798449664,744603648,725995520,58785792,55963648,55746560,56242176
740728832,673357824,717221888,56410112,56270848,55242752,1033736192,61595648,753459200,798449664,744603648,725995520,58785792,55963648,55746560,56242176
740728832,673357824,717221888,56410112,56270848,55242752,1033736192,61599744,753459200,798449664,744603648,725995520,58785792,55963648,55746560,56242176
740728832,673357824,717221888,56410112,56270848,55242752,1033736192,61599744,753459200,798449664,744603648,725995520,58785792,55963648,55746560,56242176
740728832,673357824,717221888,56410112,56270848,55242752,1033736192,61599744,753459200,798449664,744603648,725995520,58785792,55963648,55746560,56242176
740728832,673357824,717221888,56410112,56270848,55242752,1033736192,61599744,753459200,798449664,744603648,725995520,58785792,55963648,55746560,56242176
740728832,673357824,717221888,56410112,56270848,55242752,1033736192,61603840,753459200,798449664,744603648,725995520,58785792,55963648,55746560,56242176
740728832,673357824,717221888,56410112,56270848,55242752,1033736192,61603840,753459200,798449664,744603648,725995520,58785792,55963648,55746560,56242176
740728832,673357824,717221888,56410112,56270848,55242752,1033736192,61603840,753459200,798449664,744603648,725995520,58785792,55963648,55746560,56242176
740728832,673357824,717221888,56410112,56270848,55242752,1033736192,61603840,753459200,798449664,744603648,725995520,58785792,55963648,55746560,56242176
740728832,673357824,717221888,56410112,56270848,55242752,1033736192,61603840,753459200,798449664,744603648,725995520,58785792,55963648,55746560,56242176
740728832,673357824,717221888,56410112,56270848,55242752,1033736192,61603840,753459200,798449664,744603648,725995520,58785792,55963648,55746560,56242176
740728832,673357824,717221888,56414208,56270848,55242752,1033736192,61603840,753459200,798449664,744603648,725995520,58785792,55963648,55746560,56242176
740728832,673357824,717221888,56414208,56254464,55242752,1033736192,61607936,753459200,798449664,744603648,725995520,58785792,55963648,55746560,56242176
740728832,673357824,717221888,56414208,56254464,55242752,1033736192,61607936,753459200,798449664,744603648,725995520,58785792,55963648,55746560,56242176
740728832,673357824,717221888,56414208,56270848,55242752,1033736192,61612032,753459200,798449664,744603648,725995520,58785792,55963648,55746560,56242176
740728832,673357824,717221888,56414208,56270848,55242752,1033736192,61612032,753459200,798449664,744603648,725995520,58785792,55963648,55746560,56242176
740728832,673357824,717221888,56414208,56270848,55242752,1033736192,61612032,753459200,798449664,744603648,725995520,58785792,55963648,55746560,56242176
740728832,673357824,717221888,56414208,56270848,55242752,1033736192,61612032,753459200,798449664,744603648,725995520,58785792,55963648,55746560,56242176
740728832,673357824,717221888,56414208,56274944,55242752,1033736192,61612032,753459200,798449664,744603648,725995520,58785792,55963648,55746560,56242176
740728832,673357824,717221888,56414208,56274944,55242752,1033736192,61612032,753459200,798449664,744603648,725995520,58785792,55963648,55746560,56242176
740728832,673357824,717221888,56414208,56274944,55242752,1033736192,61612032,753459200,798449664,744603648,725995520,58785792,55963648,55746560,56242176
740728832,673357824,717221888,56414208,56274944,55242752,1033736192,61612032,753459200,798449664,744603648,725995520,58785792,55963648,55746560,56242176
740728832,673357824,717221888,56414208,56274944,55242752,1033736192,61616128,753459200,798449664,744603648,725995520,58785792,55963648,55746560,56242176
740728832,673357824,717221888,56414208,56274944,55242752,1033736192,61616128,753459200,798449664,744603648,725995520,58785792,55963648,55746560,56242176
740728832,673357824,717221888,56414208,56274944,55242752,1033736192,61616128,753459200,798449664,744603648,725995520,58785792,55963648,55746560,56242176
740728832,673357824,717221888,56414208,56274944,55242752,1033736192,61616128,753459200,798449664,744603648,725995520,58785792,55963648,55746560,56242176
740728832,673357824,717221888,56414208,56274944,55242752,1033736192,61616128,753459200,798449664,744603648,725995520,58785792,55963648,55746560,56242176
740728832,673357824,717221888,56414208,56274944,55242752,1033736192,61616128,753459200,798449664,744603648,725995520,58785792,55963648,55746560,56242176
740728832,673357824,717221888,56414208,56274944,55242752,1033736192,61616128,753459200,798449664,744603648,725995520,58785792,55963648,55746560,56242176
740728832,673357824,717221888,56414208,56274944,55242752,1033736192,61616128,753459200,798449664,744603648,725995520,58785792,55963648,55746560,56242176
740728832,673357824,717221888,56414208,56274944,55242752,1033736192,61616128,753459200,798449664,744603648,725995520,58785792,55963648,55746560,56242176
740728832,673357824,717221888,56414208,56274944,55242752,1033736192,61620224,753459200,798449664,744603648,725995520,58785792,55963648,55746560,56242176
740728832,673357824,717221888,56414208,56274944,55242752,1033736192,61620224,753459200,798449664,744603648,725995520,58785792,55963648,55746560,56242176
740728832,673357824,717221888,56414208,56274944,55242752,1033736192,61620224,753459200,798449664,744603648,725995520,58785792,55963648,55746560,56242176
740728832,673357824,717221888,56414208,56274944,55242752,1033736192,61620224,753459200,798449664,744603648,725995520,58785792,55963648,55746560,56242176
740728832,673357824,717221888,56414208,56274944,55242752,1033736192,61620224,753459200,798449664,744603648,725995520,58785792,55963648,55746560,56242176
740728832,673357824,717221888,56414208,56274944,55242752,1033736192,61620224,753459200,798449664,744603648,725995520,58785792,55963648,55746560,56242176
740728832,673357824,717221888,56414208,56274944,55242752,1033736192,61624320,753459200,798449664,744603648,725995520,58785792,55963648,55746560,56242176
740728832,673357824,717221888,56397824,56274944,55242752,1033736192,61628416,753459200,798449664,744603648,725995520,58785792,55963648,55746560,56242176
740728832,673357824,717221888,56397824,56274944,55242752,1033736192,61628416,753459200,798449664,744603648,725995520,58785792,55963648,55746560,56242176
740728832,673357824,717221888,56397824,56274944,55242752,1033736192,61628416,753459200,798449664,744603648,725995520,58785792,55963648,55746560,56242176
740728832,673357824,717221888,56397824,56274944,55226368,1033736192,61628416,753459200,798449664,744603648,725995520,58785792,55963648,55746560,56242176
740728832,673357824,717221888,56414208,56274944,55226368,1033736192,61628416,753459200,798449664,744603648,725995520,58785792,55963648,55746560,56242176
740728832,673357824,717221888,56414208,56274944,55242752,1033736192,61628416,753459200,798449664,744603648,725995520,58785792,55963648,55746560,56242176
740728832,673357824,717221888,56414208,56274944,55242752,1033736192,61628416,753459200,798449664,744603648,725995520,58785792,55963648,55746560,56242176
740728832,673357824,717221888,56414208,56274944,55242752,1033736192,61628416,753459200,798449664,744603648,725995520,58785792,55963648,55746560,56242176
740728832,673357824,717221888,56414208,56274944,55242752,1033736192,61628416,753459200,798449664,744603648,725995520,58785792,55963648,55746560,56242176
740728832,673357824,717221888,56414208,56274944,55242752,1033736192,61628416,753459200,798449664,744603648,725995520,58785792,55963648,55746560,56242176
740728832,673357824,717221888,56414208,56274944,55242752,1033736192,61628416,753459200,798449664,744603648,725995520,58785792,55963648,55746560,56242176
740728832,673357824,717221888,56414208,56274944,55242752,1033736192,61628416,753459200,798449664,744603648,725995520,58785792,55963648,55746560,56242176
740728832,673357824,717221888,56414208,56274944,55242752,1033736192,61628416,753459200,798449664,744603648,725995520,58785792,55963648,55746560,56242176
740728832,673357824,717221888,56414208,56274944,55242752,1033736192,61628416,753459200,798449664,744603648,725995520,58785792,55963648,55746560,56242176
740728832,673357824,717221888,56414208,56274944,55242752,1033736192,61632512,753459200,798449664,744603648,725995520,58785792,55963648,55746560,56242176
740728832,673357824,717221888,56414208,56274944,55242752,1033736192,61632512,753459200,798449664,744603648,725995520,58785792,55963648,55746560,56242176
740728832,673357824,717221888,56414208,56274944,55242752,1033736192,61632512,753459200,798449664,744603648,725995520,58785792,55963648,55746560,56242176
740728832,673357824,717221888,56414208,56274944,55242752,1033736192,61632512,753459200,798449664,744603648,725995520,58785792,55963648,55746560,56242176
740728832,673357824,717221888,56414208,56274944,55242752,1033736192,61632512,753459200,798449664,744603648,725995520,58785792,55963648,55746560,56242176
740728832,673357824,717221888,56414208,56274944,55246848,1033736192,61632512,753459200,798449664,744603648,725995520,58785792,55963648,55746560,56242176
740728832,673357824,717221888,56414208,56274944,55246848,1033740288,61632512,753459200,798449664,744603648,725995520,58785792,55963648,55746560,56242176
740728832,673357824,717221888,56414208,56274944,55246848,1033740288,61632512,753459200,798449664,744603648,725995520,58785792,55963648,55746560,56242176
740728832,673357824,717221888,56414208,56274944,55246848,1033740288,61632512,753459200,798449664,744603648,725995520,58785792,55963648,55746560,56242176
740728832,673357824,717221888,56414208,56274944,55246848,1033740288,61632512,753459200,798449664,744603648,725995520,58785792,55963648,55746560,56242176
740728832,673357824,717221888,56414208,56274944,55246848,1033740288,61632512,753459200,798449664,744603648,725995520,58785792,55963648,55746560,56242176
740728832,673357824,717221888,56414208,56274944,55246848,1033740288,61636608,753459200,798449664,744603648,725995520,58785792,55963648,55746560,56242176
740728832,673357824,717221888,56414208,56274944,55246848,1033740288,61636608,753459200,798449664,744603648,725995520,58785792,55963648,55746560,56242176
740728832,673357824,717221888,56414208,56274944,55246848,1033740288,61640704,753459200,798449664,744603648,725995520,58785792,55963648,55746560,56242176
740728832,673357824,717221888,56414208,56274944,55246848,1033740288,61640704,753459200,798449664,744603648,725995520,58785792,55963648,55746560,56242176
740728832,673357824,717221888,56414208,56274944,55246848,1033740288,61640704,753459200,798449664,744603648,725995520,58785792,55963648,55746560,56242176
740728832,673357824,717221888,56414208,56279040,55246848,1033740288,61640704,753459200,798449664,744603648,725995520,58785792,55963648,55746560,56242176
740728832,673357824,717221888,56414208,56279040,55246848,1033740288,61640704,753459200,798449664,744603648,725995520,58785792,55963648,55746560,56242176
740728832,673357824,717221888,56414208,56279040,55246848,1033740288,61644800,753459200,798449664,744603648,725995520,58785792,55963648,55746560,56242176
740728832,673357824,717221888,56414208,56279040,55246848,1033740288,61644800,753459200,798449664,744603648,725995520,58785792,55963648,55746560,56242176
740728832,673357824,717221888,56414208,56279040,55246848,1033740288,61644800,753459200,798449664,744603648,725995520,58785792,55963648,55746560,56242176
740728832,673357824,717221888,56414208,56279040,55246848,1033740288,61644800,753459200,798449664,744603648,725995520,58785792,55963648,55746560,56242176
740728832,673357824,717221888,56414208,56279040,55246848,1033740288,61644800,753459200,798449664,744603648,725995520,58785792,55963648,55746560,56242176
740728832,673357824,717221888,56414208,56279040,55246848,1033740288,61861888,753459200,798449664,744603648,725995520,58785792,55963648,55746560,56549376
740728832,673357824,717221888,56414208,56279040,55246848,1033740288,61861888,753459200,798449664,744603648,760680448,58785792,55963648,55746560,56549376
740728832,673357824,717221888,56414208,56279040,55246848,1033740288,61861888,753459200,798449664,744603648,760680448,58785792,55963648,55746560,56549376
740728832,673357824,717221888,56414208,56279040,55246848,1033740288,61861888,753459200,798449664,744603648,760680448,58785792,55963648,55746560,56549376
740728832,673357824,717221888,56414208,56279040,55246848,1033740288,61861888,753459200,798449664,744603648,760680448,58785792,55963648,55746560,56549376
740728832,673357824,717221888,56414208,56279040,55246848,1033740288,61861888,753459200,798449664,744603648,760680448,58785792,55963648,55746560,56549376
740728832,673357824,717221888,56418304,56279040,55246848,1033740288,61861888,753459200,798449664,744603648,760680448,58785792,55963648,55746560,56549376
740728832,673357824,717221888,56422400,56279040,55246848,1033740288,61861888,753459200,798449664,744603648,760680448,58785792,55963648,55746560,56549376
740728832,673357824,717221888,56422400,56279040,55246848,1033740288,61861888,753459200,798449664,744603648,760680448,58785792,55963648,55746560,56549376
740728832,673357824,717221888,56422400,56279040,55246848,1033740288,61861888,753459200,798449664,744603648,760680448,58785792,55640064,55746560,56549376
740728832,673357824,717221888,56422400,56279040,55246848,1033740288,62144512,739053568,798449664,753057792,760680448,57835520,55640064,56320000,56549376
740728832,673357824,717221888,56422400,56279040,55246848,1033740288,62144512,739053568,798449664,753057792,760680448,57835520,55640064,56320000,56549376
740728832,673357824,717221888,56422400,56283136,55246848,1033740288,62144512,739053568,798449664,753057792,760680448,57835520,55640064,56320000,56549376
740728832,673357824,717221888,56422400,56283136,55246848,1033850880,61988864,739053568,798449664,753057792,760680448,57835520,55640064,56320000,56549376
740728832,673357824,717221888,56422400,56283136,55246848,1033850880,61992960,739053568,798449664,753057792,760680448,57835520,55640064,56320000,56549376
740728832,673357824,717221888,56422400,56283136,55246848,1033850880,61992960,739053568,798449664,753057792,760680448,57835520,55640064,56320000,56549376
740728832,673357824,717221888,56422400,56283136,55246848,1033850880,61992960,739053568,798449664,753057792,760680448,57835520,55640064,56320000,56549376
740728832,673357824,717221888,56422400,56283136,55246848,1033850880,62365696,739053568,798322688,753057792,760680448,57835520,56700928,56320000,56549376
740728832,673357824,717221888,56422400,56283136,56197120,1034117120,62365696,739053568,798322688,753057792,760680448,57835520,56700928,56320000,56549376
740728832,673357824,717221888,56422400,56283136,57450496,1034117120,62357504,739053568,798322688,753057792,760680448,57835520,56700928,56320000,56549376
740728832,673357824,717221888,56422400,56283136,57450496,1034117120,62754816,739053568,798322688,753057792,760680448,57835520,56700928,56320000,56549376
740728832,673357824,717135872,56422400,56283136,57053184,1034117120,62754816,739053568,798322688,753057792,760680448,57835520,56700928,56320000,56549376
740728832,673357824,717135872,56422400,56283136,57053184,1034117120,63135744,739053568,798322688,753057792,760680448,59064320,56700928,56320000,56549376
740728832,673357824,717135872,56422400,56283136,57053184,1034117120,63135744,781692928,798322688,753057792,760680448,59064320,56700928,56320000,56549376
740728832,673357824,717135872,56422400,56283136,57053184,1034117120,62152704,781692928,798322688,753057792,760680448,59064320,56700928,56320000,56549376
742035456,673357824,717135872,56635392,56283136,57053184,1034117120,60854272,781692928,798322688,753057792,760680448,59064320,56700928,56320000,56549376
742035456,673357824,717135872,56635392,56283136,57053184,1034117120,60854272,781692928,798322688,753057792,760680448,59064320,56700928,56320000,56549376
742035456,673357824,717135872,56635392,56283136,57053184,1034117120,60207104,781692928,798322688,753057792,760680448,59064320,56700928,56320000,56549376
742035456,673357824,717135872,56635392,56283136,57053184,1034117120,60207104,781692928,798322688,754995200,760680448,59064320,56700928,56320000,56549376
742035456,673357824,717135872,56635392,56283136,57053184,1034117120,60207104,781692928,798322688,754995200,760680448,59064320,56700928,55664640,56549376
742035456,673357824,717135872,56635392,56283136,57053184,1034117120,60641280,781692928,798322688,754995200,760680448,59064320,56700928,55664640,56946688
742035456,673357824,717135872,56635392,56283136,57053184,1034117120,60624896,781692928,798322688,754995200,760934400,59064320,56700928,55664640,56946688
742035456,673357824,717135872,56635392,56283136,57053184,1034117120,60624896,781692928,798322688,754995200,760934400,59064320,56700928,55664640,56037376
742035456,673357824,717135872,56635392,56283136,57053184,1034117120,59600896,781692928,798322688,754995200,760934400,59064320,56700928,55664640,56037376
742035456,622940160,717135872,56635392,56025088,57053184,1034117120,59600896,781692928,798322688,754995200,760934400,59064320,56700928,55664640,56037376
742035456,622940160,717135872,56635392,56025088,57053184,1034240000,63660032,781692928,798322688,754995200,760934400,59064320,56700928,55664640,56037376
742035456,622940160,717135872,57024512,56025088,57053184,1034240000,63660032,781692928,798322688,754995200,760934400,59064320,56700928,55664640,56037376
743194624,622940160,717135872,55214080,56025088,57053184,1034240000,62476288,781692928,798322688,754995200,760934400,59465728,57098240,56049664,56434688
743194624,622940160,717135872,55214080,56025088,58269696,1034240000,62476288,781692928,798322688,754995200,760934400,59465728,55603200,56049664,56434688
743194624,622940160,717135872,55214080,56025088,58269696,1034240000,61304832,781692928,798322688,754995200,760934400,58507264,55603200,55873536,56098816
743194624,622940160,717135872,55214080,56025088,58269696,1034240000,61308928,781692928,798322688,754995200,764862464,58507264,55603200,55873536,56102912
743194624,622940160,717135872,55214080,56025088,58269696,1034244096,61308928,781692928,798322688,754987008,764862464,58527744,55603200,55910400,56102912
743194624,622940160,717127680,55390208,56025088,58355712,1034244096,61616128,781709312,798322688,754987008,764862464,58527744,55603200,55910400,56156160
743186432,636973056,717127680,55320576,56164352,58343424,1034244096,61714432,781709312,798314496,754987008,764862464,58527744,55664640,55910400,56156160
743186432,636973056,717127680,55320576,56164352,58343424,1034244096,61714432,781709312,798314496,754987008,764858368,58527744,55664640,55910400,56156160
743186432,636973056,717127680,55320576,56164352,58343424,1034244096,61714432,781721600,798314496,754999296,764858368,58527744,55664640,55910400,56156160
743186432,636973056,717119488,55320576,56164352,58343424,1034244096,61714432,781721600,798314496,754999296,764858368,58527744,55664640,55910400,56156160
743186432,636964864,717119488,55320576,56164352,58343424,1034244096,61714432,781721600,798314496,754999296,764866560,58527744,55664640,55910400,56156160
743174144,636997632,717115392,55320576,56164352,58343424,1034244096,61714432,781721600,798371840,754999296,764866560,58527744,55664640,55910400,56156160
743174144,636997632,717115392,55320576,56164352,58343424,1034244096,61714432,773111808,798322688,754999296,764866560,61177856,55664640,71245824,56156160
743174144,640155648,717115392,55320576,56164352,58343424,1034772480,61714432,773111808,798322688,716742656,764878848,61177856,55664640,71245824,56156160
743174144,642125824,717115392,55320576,56164352,58343424,1034772480,75644928,773111808,845737984,716742656,733626368,61173760,55664640,56975360,96210944
743174144,644505600,717139968,55320576,56164352,58343424,1034772480,100696064,773111808,845737984,716742656,733626368,61177856,57401344,56975360,57348096
743174144,663576576,769069056,55320576,56164352,59363328,1039847424,63610880,773111808,845737984,716742656,733626368,61177856,57405440,56975360,61816832
750964736,663576576,769069056,55324672,57544704,59363328,1039847424,63610880,773111808,845737984,716742656,733626368,61177856,57405440,56975360,61816832
750964736,663576576,769069056,57880576,57544704,59359232,1039847424,89993216,773111808,845737984,716742656,733626368,61177856,57405440,56975360,61820928
750964736,663576576,769069056,57880576,57544704,59363328,1041133568,63533056,773111808,845737984,716742656,733626368,61177856,57405440,56975360,61820928
750964736,663576576,769069056,57880576,57548800,59363328,1041866752,158158848,773111808,845737984,716742656,733626368,61177856,57405440,56975360,61820928
750964736,663576576,769069056,57880576,57548800,59363328,1099628544,158158848,773111808,845737984,716742656,733626368,67661824,57405440,56975360,61820928
750964736,663576576,773550080,57880576,82997248,56336384,1099628544,151826432,773111808,845737984,716742656,733626368,67661824,57409536,56975360,61820928
750964736,730447872,815419392,57880576,58204160,56336384,1099628544,91070464,871591936,845737984,716742656,733626368,62730240,57528320,57184256,61820928
799404032,730447872,815448064,58941440,58204160,56336384,1099628544,66605056,871620608,845737984,804737024,779706368,62730240,57528320,57184256,62459904
830930944,759992320,815484928,58941440,58204160,56336384,1099628544,66605056,871620608,886853632,804773888,830328832,62730240,56680448,57184256,62459904
830930944,759992320,815484928,58941440,58204160,56336384,1099628544,66605056,871665664,896258048,804847616,830328832,62730240,56680448,57184256,62459904
880181248,760074240,815484928,58941440,58204160,56336384,1099628544,66605056,871665664,896262144,804851712,830328832,62730240,56680448,57184256,62468096
880201728,760074240,815484928,58941440,58204160,56336384,1099628544,66605056,871665664,896262144,804851712,830332928,62730240,56680448,57184256,62468096
880201728,760078336,815570944,58941440,58204160,56336384,1099628544,66605056,871669760,896262144,804868096,830332928,62730240,56680448,57184256,62468096
880214016,760078336,815570944,58941440,58204160,56336384,1099628544,66605056,871669760,896282624,804868096,830349312,62730240,56680448,57184256,62468096
880246784,760078336,815587328,58941440,58204160,56336384,1099628544,66605056,871669760,896282624,804868096,830349312,62730240,56680448,57184256,62468096
880246784,760078336,815587328,58941440,58204160,56336384,1099628544,66605056,871669760,896282624,804868096,830357504,62730240,56680448,57184256,62468096
880271360,760078336,815587328,58941440,58204160,56336384,1099628544,66605056,871759872,896282624,804872192,830357504,62730240,56680448,57184256,62468096
880271360,760078336,815587328,58941440,58204160,56336384,1099628544,66605056,871759872,896290816,804872192,830357504,62730240,56680448,57184256,62468096
880287744,760078336,815587328,58941440,58204160,56336384,1099628544,66605056,871759872,896290816,804872192,830357504,62730240,56680448,57184256,62468096
880287744,760078336,815587328,58941440,58204160,56336384,1099628544,66605056,871759872,896290816,804872192,830357504,62730240,56680448,57184256,62468096
938434560,760078336,815587328,58941440,58204160,56336384,1099628544,66605056,871759872,904720384,804872192,833474560,62730240,56680448,57184256,62468096
983904256,760078336,815587328,58941440,58204160,56336384,1099628544,66609152,871759872,904720384,746954752,833474560,62730240,56680448,57184256,62468096
983941120,704315392,868667392,58941440,58118144,56336384,1099628544,66609152,888836096,877469696,746954752,771072000,62730240,56680448,57184256,56958976
983969792,704315392,868667392,58941440,58118144,62103552,1099628544,95039488,888836096,877469696,746954752,771072000,77004800,56389632,57778176,56958976
983969792,704315392,815521792,58941440,58114048,55971840,1099628544,70594560,793673728,877469696,746954752,771072000,58494976,56389632,57778176,56958976
983969792,704315392,815521792,58941440,58114048,55971840,1099628544,70594560,793673728,877469696,746954752,771072000,58494976,56389632,57778176,56958976
758308864,704315392,815521792,55697408,58114048,55971840,1099628544,70582272,793673728,877469696,746954752,771072000,58494976,56389632,57782272,56958976
758308864,704315392,815521792,55701504,58114048,55971840,1099628544,70582272,793673728,877469696,746954752,771072000,58494976,56389632,57782272,56958976
758308864,704315392,815521792,55701504,58114048,55971840,1156775936,70582272,793673728,877469696,746954752,771072000,58494976,56389632,57782272,56958976
758308864,704315392,815521792,55701504,58114048,56090624,1156775936,70590464,793673728,877469696,746954752,771072000,58494976,56389632,57782272,56958976
758333440,704315392,815521792,55824384,58114048,56090624,1057718272,252047360,793673728,877469696,746954752,771072000,94715904,56389632,57782272,56958976
758333440,704315392,817176576,56758272,58114048,96239616,1057718272,252047360,946593792,877469696,746954752,771072000,57933824,56389632,62607360,60645376
840486912,787640320,876888064,56758272,58179584,96239616,1057718272,325627904,946593792,877469696,746979328,771620864,57933824,130695168,93958144,60645376
840876032,787832832,876896256,56758272,58179584,59457536,1057718272,68136960,946593792,932925440,746971136,771620864,57933824,56504320,93958144,93077504
840867840,788025344,876883968,56758272,58179584,59457536,1057718272,68136960,946593792,932925440,746971136,771616768,57933824,56504320,94806016,56299520
840867840,788021248,876883968,56758272,58179584,59457536,1057718272,68136960,946593792,932925440,826511360,771616768,57933824,56504320,58023936,56299520
840867840,788021248,790990848,56758272,58179584,58191872,1057718272,68136960,835751936,932925440,826511360,871448576,57933824,56504320,58023936,56299520
766242816,707096576,790990848,56446976,58179584,58191872,1057718272,68136960,835751936,932921344,826896384,871448576,57872384,56504320,58023936,56299520
766242816,707096576,790990848,56446976,56786944,58191872,1057718272,68136960,835751936,932970496,826892288,871636992,57872384,56504320,58023936,56299520
766242816,707096576,790990848,56446976,56786944,58191872,1057718272,68288512,835751936,932970496,826892288,871661568,57872384,56152064,58023936,56299520
766242816,707096576,790990848,56446976,56786944,58191872,1057718272,68231168,835751936,844886016,826892288,871636992,57872384,56152064,58023936,56299520
766242816,707096576,790990848,56446976,56786944,58191872,1057718272,68231168,835751936,844886016,751804416,795561984,57872384,56152064,58023936,56274944
766242816,707096576,790990848,56446976,56786944,58191872,1057718272,68231168,835751936,844886016,751804416,795561984,57872384,56152064,56565760,56274944
766242816,707096576,790990848,56446976,56786944,58191872,1057718272,68231168,835751936,844886016,751804416,795561984,57872384,56152064,56565760,56274944
766242816,707096576,790990848,56446976,56786944,58191872,1057767424,68231168,835751936,844886016,751804416,795561984,57872384,56152064,56565760,56274944
766242816,707096576,790990848,56446976,56791040,58191872,1057767424,68456448,835751936,844886016,751804416,795561984,57872384,66359296,56565760,56274944
766242816,707096576,727695360,55570432,56905728,58265600,1057767424,68456448,785321984,859394048,751804416,795561984,57872384,66359296,56647680,56274944
715935744,654987264,727695360,55541760,56844288,58265600,1057767424,68513792,785321984,859394048,789975040,795566080,58654720,57327616,56647680,56381440
715935744,654987264,727719936,55541760,56844288,58265600,1057767424,68517888,819658752,859394048,789975040,832806912,58654720,57327616,56614912,57376768
715935744,654987264,727719936,55541760,56844288,58265600,1057767424,68517888,819658752,859394048,789975040,832806912,58654720,57327616,56614912,57376768
750030848,654987264,727719936,56741888,56844288,58265600,1057767424,68558848,819658752,859394048,789975040,832806912,58654720,57327616,56614912,57376768
750030848,689475584,742141952,56741888,56844288,58744832,1057767424,68558848,819658752,859394048,789975040,832806912,58658816,57327616,56614912,57376768
750030848,689475584,742141952,56741888,55623680,58744832,1057767424,68567040,819658752,859394048,789975040,832806912,58658816,57327616,56614912,57376768
750030848,689475584,742141952,56741888,55623680,58744832,1057542144,65826816,819658752,859394048,789975040,832806912,58658816,57327616,56614912,57376768
750030848,689475584,742141952,56741888,55623680,58744832,1057542144,65826816,819658752,859394048,789975040,832806912,58658816,57327616,56614912,57376768
750030848,689475584,742141952,56741888,55623680,58744832,1057898496,65826816,819658752,859394048,789975040,832806912,58658816,57327616,56614912,57376768
750030848,689475584,742141952,56741888,55623680,58744832,1057898496,65826816,819658752,859394048,789975040,832806912,58658816,57327616,56614912,57376768
